"","accident_index","date","year","month","day","time","time_hour","time_minute","day_of_week","accident_severity","number_of_casualties","casualty_severity","casualty_type","casualty_class","sex_of_casualty","age_of_casualty","first_road_class","road_type","speed_limit","second_road_class","pedestrian_location","pedestrian_movement","location_easting_osgr","location_northing_osgr","lsoa_of_accident_location","number_of_vehicles","junction_detail","light_conditions","weather_conditions","road_surface_conditions","cas_type"
"165","2014130062993",2014-02-04,2014,"Feb",4,"12:20",12,20,"Tuesday","Slight",1,"Slight","Car occupant","Driver or rider","Female",39,"A","Roundabout",40,"Motorway","Not a Pedestrian","Not a Pedestrian",428582,431546,"E01011366",2,"Roundabout","Daylight","Fine no high winds","Dry","Car occupant"
"166","2014130050974",2014-02-04,2014,"Feb",4,"12:35",12,35,"Tuesday","Slight",1,"Slight","Pedestrian","Pedestrian","Female",25,"Unclassified","Single carriageway",30,"Unclassified","In carriageway, crossing elsewhere","Crossing from driver's nearside",427984,435223,"E01011446",1,"T or staggered junction","Daylight","Fine no high winds","Dry","Pedestrian"
"167","2014130050468",2014-02-05,2014,"Feb",5,"14:25",14,25,"Wednesday","Slight",1,"Slight","Pedestrian","Pedestrian","Male",17,"A","Dual carriageway",30,"Unclassified","In carriageway, crossing elsewhere","Crossing from driver's nearside",430653,432612,"E01033018",1,"T or staggered junction","Daylight","Raining no high winds","Wet or damp","Pedestrian"
"168","2014130059087",2014-02-05,2014,"Feb",5,"16:30",16,30,"Wednesday","Slight",1,"Slight","Pedestrian","Pedestrian","Male",9,"Unclassified","Single carriageway",30,NA,"In carriageway, crossing elsewhere","Crossing from driver's nearside",426081,436902,"E01011485",1,"Not at junction or within 20 metres","Daylight","Fine no high winds","Wet or damp","Pedestrian"
"169","2014130050662",2014-02-05,2014,"Feb",5,"18:00",18,0,"Wednesday","Serious",1,"Serious","Cyclist","Driver or rider","Male",19,"Unclassified","Single carriageway",30,"Unclassified","Not a Pedestrian","Not a Pedestrian",428837,434631,"E01033006",2,"Crossroads","Darkness - lights lit","Raining no high winds","Wet or damp","Cyclist"
"170","2014130050515",2014-02-05,2014,"Feb",5,"18:20",18,20,"Wednesday","Slight",2,"Slight","Car occupant","Driver or rider","Male",38,"A","Single carriageway",30,"Unclassified","Not a Pedestrian","Not a Pedestrian",427320,437204,"E01011690",3,"Crossroads","Daylight","Fine no high winds","Dry","Car occupant"
"171","2014130050515",2014-02-05,2014,"Feb",5,"18:20",18,20,"Wednesday","Slight",2,"Slight","Car occupant","Driver or rider","Female",49,"A","Single carriageway",30,"Unclassified","Not a Pedestrian","Not a Pedestrian",427320,437204,"E01011690",3,"Crossroads","Daylight","Fine no high winds","Dry","Car occupant"
"172","2014130050866",2014-02-05,2014,"Feb",5,"21:35",21,35,"Wednesday","Slight",2,"Slight","Car occupant","Passenger","Female",13,"Unclassified","Single carriageway",30,"Unclassified","Not a Pedestrian","Not a Pedestrian",431766,434944,"E01011673",2,"Crossroads","Daylight","Fine no high winds","Dry","Car occupant"
"173","2014130050866",2014-02-05,2014,"Feb",5,"21:35",21,35,"Wednesday","Slight",2,"Slight","Car occupant","Passenger","Male",10,"Unclassified","Single carriageway",30,"Unclassified","Not a Pedestrian","Not a Pedestrian",431766,434944,"E01011673",2,"Crossroads","Daylight","Fine no high winds","Dry","Car occupant"
"174","2014130051388",2014-02-06,2014,"Feb",6,"08:40",8,40,"Thursday","Slight",1,"Slight","Cyclist","Driver or rider","Male",32,"A","Single carriageway",30,"Unclassified","Not a Pedestrian","Not a Pedestrian",424917,434481,"E01011336",2,"T or staggered junction","Daylight","Fine no high winds","Wet or damp","Cyclist"
"175","2014130051258",2014-02-06,2014,"Feb",6,"10:30",10,30,"Thursday","Slight",1,"Slight","Pedestrian","Pedestrian","Male",83,"Unclassified","Single carriageway",30,NA,"In carriageway, not crossing","In carriageway, stationary - not crossing  (standing or playing)",430111,437531,"E01011507",1,"Not at junction or within 20 metres","Daylight","Fine no high winds","Dry","Pedestrian"
"176","2014130015900",2014-02-06,2014,"Feb",6,"15:25",15,25,"Thursday","Slight",1,"Slight","Pedestrian","Pedestrian","Female",16,"Unclassified","Single carriageway",30,"Unclassified","In carriageway, crossing elsewhere","Crossing from nearside - masked by parked or stationary vehicle",422736,435529,"E01011328",1,"T or staggered junction","Daylight","Fine no high winds","Dry","Pedestrian"
"177","2014130058709",2014-02-06,2014,"Feb",6,"16:40",16,40,"Thursday","Slight",1,"Slight","Bus or coach occupant (17 or more pass seats)","Passenger","Male",27,"B","Single carriageway",30,NA,"Not a Pedestrian","Not a Pedestrian",428544,436894,"E01011693",1,"Not at junction or within 20 metres","Daylight","Fine no high winds","Dry","Bus and goods vehicle occupant"
"178","2014130052151",2014-02-06,2014,"Feb",6,"18:11",18,11,"Thursday","Slight",1,"Slight","Cyclist","Driver or rider","Male",30,"A","Roundabout",30,"A","Not a Pedestrian","Not a Pedestrian",426711,431721,"E01011734",2,"Roundabout","Darkness - lights lit","Raining no high winds","Wet or damp","Cyclist"
"179","2014130054877",2014-02-06,2014,"Feb",6,"19:00",19,0,"Thursday","Slight",1,"Slight","Pedestrian","Pedestrian","Male",32,"B","Single carriageway",30,NA,"In carriageway, crossing elsewhere","Crossing from driver's nearside",430153,438719,"E01011510",1,"Other junction","Darkness - lights lit","Raining no high winds","Wet or damp","Pedestrian"
"180","2014130052956",2014-02-06,2014,"Feb",6,"21:10",21,10,"Thursday","Slight",1,"Slight","Car occupant","Driver or rider","Female",26,"A","Single carriageway",30,"Unclassified","Not a Pedestrian","Not a Pedestrian",424274,428348,"E01011523",2,"T or staggered junction","Darkness - lights lit","Raining no high winds","Wet or damp","Car occupant"
"181","2014131270266",2014-02-07,2014,"Feb",7,"08:24",8,24,"Friday","Slight",2,"Slight","Car occupant","Driver or rider","Female",23,"Motorway","Dual carriageway",50,NA,"Not a Pedestrian","Not a Pedestrian",430391,430939,"E01011312",4,"Not at junction or within 20 metres","Daylight","Fine no high winds","Dry","Car occupant"
"182","2014131270266",2014-02-07,2014,"Feb",7,"08:24",8,24,"Friday","Slight",2,"Slight","Car occupant","Driver or rider","Male",53,"Motorway","Dual carriageway",50,NA,"Not a Pedestrian","Not a Pedestrian",430391,430939,"E01011312",4,"Not at junction or within 20 metres","Daylight","Fine no high winds","Dry","Car occupant"
"183","2014130052766",2014-02-07,2014,"Feb",7,"08:40",8,40,"Friday","Slight",2,"Slight","Car occupant","Passenger","Female",6,"Unclassified","Single carriageway",30,NA,"Not a Pedestrian","Not a Pedestrian",428068,434530,"E01011481",3,"Not at junction or within 20 metres","Daylight","Fine no high winds","Dry","Car occupant"
"184","2014130052766",2014-02-07,2014,"Feb",7,"08:40",8,40,"Friday","Slight",2,"Slight","Car occupant","Passenger","Female",5,"Unclassified","Single carriageway",30,NA,"Not a Pedestrian","Not a Pedestrian",428068,434530,"E01011481",3,"Not at junction or within 20 metres","Daylight","Fine no high winds","Dry","Car occupant"
"185","2014130053831",2014-02-07,2014,"Feb",7,"18:45",18,45,"Friday","Slight",3,"Slight","Car occupant","Driver or rider","Female",19,"A","Single carriageway",30,"Unclassified","Not a Pedestrian","Not a Pedestrian",427569,434537,"E01011482",2,"T or staggered junction","Darkness - lights lit","Fine no high winds","Dry","Car occupant"
"186","2014130053831",2014-02-07,2014,"Feb",7,"18:45",18,45,"Friday","Slight",3,"Slight","Car occupant","Passenger","Female",22,"A","Single carriageway",30,"Unclassified","Not a Pedestrian","Not a Pedestrian",427569,434537,"E01011482",2,"T or staggered junction","Darkness - lights lit","Fine no high winds","Dry","Car occupant"
"187","2014130053831",2014-02-07,2014,"Feb",7,"18:45",18,45,"Friday","Slight",3,"Slight","Car occupant","Passenger","Female",25,"A","Single carriageway",30,"Unclassified","Not a Pedestrian","Not a Pedestrian",427569,434537,"E01011482",2,"T or staggered junction","Darkness - lights lit","Fine no high winds","Dry","Car occupant"
"188","2014130054027",2014-02-07,2014,"Feb",7,"23:50",23,50,"Friday","Slight",1,"Slight","Pedestrian","Pedestrian","Male",40,"A","Single carriageway",30,NA,"In carriageway, crossing elsewhere","Crossing from driver's offside",429586,434744,"E01033006",1,"Not at junction or within 20 metres","Darkness - lights lit","Raining no high winds","Wet or damp","Pedestrian"
"189","2014130054501",2014-02-08,2014,"Feb",8,"10:30",10,30,"Saturday","Slight",1,"Slight","Car occupant","Driver or rider","Female",44,"B","Single carriageway",30,"Unclassified","Not a Pedestrian","Not a Pedestrian",426343,428159,"E01011533",2,"T or staggered junction","Daylight","Fine + high winds","Wet or damp","Car occupant"
"190","2014130055117",2014-02-08,2014,"Feb",8,"14:15",14,15,"Saturday","Slight",1,"Slight","Cyclist","Driver or rider","Male",19,"B","Single carriageway",30,NA,"Not a Pedestrian","Not a Pedestrian",428436,436840,"E01011693",2,"Not at junction or within 20 metres","Daylight","Fine no high winds","Dry","Cyclist"
"191","2014130054981",2014-02-08,2014,"Feb",8,"16:10",16,10,"Saturday","Slight",1,"Slight","Car occupant","Driver or rider","Male",36,"Unclassified","Single carriageway",30,"Unclassified","Not a Pedestrian","Not a Pedestrian",431882,435470,"E01011429",2,"T or staggered junction","Daylight","Raining no high winds","Wet or damp","Car occupant"
"192","2014130055061",2014-02-08,2014,"Feb",8,"16:39",16,39,"Saturday","Slight",2,"Slight","Car occupant","Passenger","Female",22,"Unclassified","Single carriageway",30,"Unclassified","Not a Pedestrian","Not a Pedestrian",431874,435944,"E01011422",2,"Crossroads","Daylight","Fine no high winds","Wet or damp","Car occupant"
"193","2014130055061",2014-02-08,2014,"Feb",8,"16:39",16,39,"Saturday","Slight",2,"Slight","Car occupant","Driver or rider","Male",31,"Unclassified","Single carriageway",30,"Unclassified","Not a Pedestrian","Not a Pedestrian",431874,435944,"E01011422",2,"Crossroads","Daylight","Fine no high winds","Wet or damp","Car occupant"
"194","2014130055896",2014-02-09,2014,"Feb",9,"00:10",0,10,"Sunday","Slight",1,"Slight","Car occupant","Driver or rider","Male",36,"Unclassified","Single carriageway",30,"B","Not a Pedestrian","Not a Pedestrian",428632,436978,"E01011691",2,"T or staggered junction","Darkness - lights lit","Fine no high winds","Wet or damp","Car occupant"
"195","2014130055810",2014-02-09,2014,"Feb",9,"11:55",11,55,"Sunday","Slight",1,"Slight","Car occupant","Driver or rider","Male",30,"Unclassified","Single carriageway",30,"Unclassified","Not a Pedestrian","Not a Pedestrian",433187,433966,"E01011617",3,"T or staggered junction","Daylight","Raining no high winds","Wet or damp","Car occupant"
"196","2014130056516",2014-02-10,2014,"Feb",10,"00:50",0,50,"Monday","Slight",1,"Slight","Car occupant","Driver or rider","Female",45,"A","Single carriageway",30,NA,"Not a Pedestrian","Not a Pedestrian",427009,440128,"E01011381",1,"Not at junction or within 20 metres","Darkness - lights lit","Fine no high winds","Dry","Car occupant"
"197","2014130056581",2014-02-10,2014,"Feb",10,"07:15",7,15,"Monday","Slight",1,"Slight","Car occupant","Driver or rider","Female",26,"A","Dual carriageway",70,NA,"Not a Pedestrian","Not a Pedestrian",427618,438574,"E01032876",1,"Not at junction or within 20 metres","Daylight","Fine no high winds","Frost or ice","Car occupant"
"198","2014130058665",2014-02-10,2014,"Feb",10,"13:20",13,20,"Monday","Slight",1,"Slight","Pedestrian","Pedestrian","Male",30,"A","Single carriageway",30,NA,"In carriageway, not crossing","In carriageway, stationary - not crossing  (standing or playing)",431917,435754,"E01011422",2,"Not at junction or within 20 metres","Daylight","Fine no high winds","Dry","Pedestrian"
"199","2014130058331",2014-02-10,2014,"Feb",10,"14:35",14,35,"Monday","Slight",1,"Slight","Bus or coach occupant (17 or more pass seats)","Passenger","Male",2,"Unclassified","Single carriageway",30,"B","Not a Pedestrian","Not a Pedestrian",429003,436841,"E01011450",1,"Crossroads","Daylight","Fine no high winds","Dry","Bus and goods vehicle occupant"
"200","2014130057661",2014-02-10,2014,"Feb",10,"15:50",15,50,"Monday","Serious",1,"Serious","Pedestrian","Pedestrian","Male",44,"A","Dual carriageway",40,"Unclassified","Crossing on pedestrian crossing facility","Crossing from nearside - masked by parked or stationary vehicle",433906,436531,"E01011421",1,"Crossroads","Daylight","Fine no high winds","Wet or damp","Pedestrian"
"201","2014130057808",2014-02-10,2014,"Feb",10,"17:45",17,45,"Monday","Slight",2,"Slight","Van / Goods vehicle (3.5 tonnes mgw or under) occupant","Driver or rider","Male",27,"A","Single carriageway",40,NA,"Not a Pedestrian","Not a Pedestrian",427857,430547,"E01011369",3,"Not at junction or within 20 metres","Darkness - lights lit","Fine no high winds","Dry","Bus and goods vehicle occupant"
"202","2014130057808",2014-02-10,2014,"Feb",10,"17:45",17,45,"Monday","Slight",2,"Slight","Car occupant","Driver or rider","Male",24,"A","Single carriageway",40,NA,"Not a Pedestrian","Not a Pedestrian",427857,430547,"E01011369",3,"Not at junction or within 20 metres","Darkness - lights lit","Fine no high winds","Dry","Car occupant"
"203","2014130057823",2014-02-10,2014,"Feb",10,"19:00",19,0,"Monday","Slight",1,"Slight","Motorcycle 125cc and under rider or passenger","Driver or rider","Male",20,"A","Single carriageway",40,"Unclassified","Not a Pedestrian","Not a Pedestrian",429819,430657,"E01011322",2,"Private drive or entrance","Daylight","Fine no high winds","Dry","Motorcyclist and pillion"
"204","2014130058392",2014-02-11,2014,"Feb",11,"06:10",6,10,"Tuesday","Slight",1,"Slight","Motorcycle 125cc and under rider or passenger","Driver or rider","Male",61,"A","Single carriageway",40,"Unclassified","Not a Pedestrian","Not a Pedestrian",428859,425987,"E01011538",2,"Crossroads","Darkness - lights lit","Raining no high winds","Wet or damp","Motorcyclist and pillion"
"205","2014130059289",2014-02-11,2014,"Feb",11,"19:00",19,0,"Tuesday","Slight",1,"Slight","Car occupant","Passenger","Male",18,"A","Single carriageway",40,NA,"Not a Pedestrian","Not a Pedestrian",428369,426113,"E01011550",3,"Not at junction or within 20 metres","Darkness - lights lit","Raining no high winds","Frost or ice","Car occupant"
"206","2014130059666",2014-02-11,2014,"Feb",11,"22:00",22,0,"Tuesday","Slight",1,"Slight","Car occupant","Driver or rider","Male",31,"A","Single carriageway",40,"A","Not a Pedestrian","Not a Pedestrian",430708,434997,"E01011671",2,"More than 4 arms (not roundabout)","Daylight","Fine no high winds","Dry","Car occupant"
"207","2014130060114",2014-02-12,2014,"Feb",12,"08:00",8,0,"Wednesday","Slight",1,"Slight","Pedestrian","Pedestrian","Male",12,"B","Single carriageway",30,"Unclassified","In carriageway, crossing elsewhere","Unknown or other",435551,433594,"E01011417",1,"T or staggered junction","Daylight","Fine no high winds","Wet or damp","Pedestrian"
"208","2014130059746",2014-02-12,2014,"Feb",12,"09:20",9,20,"Wednesday","Slight",1,"Slight","Car occupant","Driver or rider","Male",30,"Unclassified","Single carriageway",30,"Unclassified","Not a Pedestrian","Not a Pedestrian",430174,432871,"E01033016",2,"T or staggered junction","Daylight","Fine no high winds","Dry","Car occupant"
"209","2014130060718",2014-02-12,2014,"Feb",12,"17:57",17,57,"Wednesday","Serious",1,"Serious","Pedestrian","Pedestrian","Male",49,"Unclassified","Single carriageway",30,"Unclassified","In carriageway, crossing elsewhere","Unknown or other",432310,439240,"E01011651",1,"T or staggered junction","Daylight","Raining + high winds","Wet or damp","Pedestrian"
"210","2014130061009",2014-02-13,2014,"Feb",13,"03:18",3,18,"Thursday","Slight",1,"Slight","Car occupant","Driver or rider","Female",43,"A","Dual carriageway",40,NA,"Not a Pedestrian","Not a Pedestrian",426628,437979,"E01011687",1,"Not at junction or within 20 metres","Darkness - lights lit","Fine + high winds","Wet or damp","Car occupant"
"211","2014130061112",2014-02-13,2014,"Feb",13,"07:10",7,10,"Thursday","Slight",1,"Slight","Motorcycle 125cc and under rider or passenger","Driver or rider","Female",24,"A","Single carriageway",40,"Unclassified","Not a Pedestrian","Not a Pedestrian",424279,428347,"E01011523",2,"T or staggered junction","Daylight","Fine no high winds","Dry","Motorcyclist and pillion"
"212","2014130061243",2014-02-13,2014,"Feb",13,"08:22",8,22,"Thursday","Slight",1,"Slight","Pedestrian","Pedestrian","Male",17,"Unclassified","Single carriageway",30,NA,"In carriageway, crossing elsewhere","Crossing from driver's nearside",432042,435940,"E01011647",1,"Not at junction or within 20 metres","Daylight","Fine no high winds","Dry","Pedestrian"
"213","2014130061747",2014-02-13,2014,"Feb",13,"12:38",12,38,"Thursday","Serious",1,"Serious","Pedestrian","Pedestrian","Female",97,"Unclassified","Single carriageway",30,"Unclassified","In carriageway, crossing elsewhere","Crossing from driver's offside",424063,438418,"E01011459",1,"T or staggered junction","Daylight","Fine no high winds","Dry","Pedestrian"
"214","2014130062257",2014-02-13,2014,"Feb",13,"17:15",17,15,"Thursday","Slight",1,"Slight","Cyclist","Driver or rider","Female",32,"A","Single carriageway",30,NA,"Not a Pedestrian","Not a Pedestrian",429807,430658,"E01011316",2,"Not at junction or within 20 metres","Darkness - lights lit","Fine no high winds","Dry","Cyclist"
"215","2014130062314",2014-02-13,2014,"Feb",13,"19:00",19,0,"Thursday","Slight",1,"Slight","Pedestrian","Pedestrian","Female",14,"B","Single carriageway",30,NA,"In carriageway, crossing elsewhere","Crossing from driver's nearside",440453,448261,"E01011704",1,"Not at junction or within 20 metres","Darkness - lights lit","Fine no high winds","Dry","Pedestrian"
"216","2014130062310",2014-02-13,2014,"Feb",13,"20:00",20,0,"Thursday","Slight",1,"Slight","Bus or coach occupant (17 or more pass seats)","Passenger","Male",64,"B","Single carriageway",30,NA,"Not a Pedestrian","Not a Pedestrian",434921,433416,"E01011415",1,"Not at junction or within 20 metres","Darkness - lights lit","Raining + high winds","Wet or damp","Bus and goods vehicle occupant"
"217","2014130064421",2014-02-14,2014,"Feb",14,"09:50",9,50,"Friday","Slight",1,"Slight","Motorcycle over 125cc and up to 500cc rider or  passenger","Driver or rider","Female",23,"Unclassified","Single carriageway",30,"Unclassified","Not a Pedestrian","Not a Pedestrian",444991,446244,"E01011697",2,"T or staggered junction","Daylight","Fine no high winds","Dry","Motorcyclist and pillion"
"218","2014130062987",2014-02-14,2014,"Feb",14,"10:18",10,18,"Friday","Serious",1,"Serious","Pedestrian","Pedestrian","Male",19,"Unclassified","Single carriageway",30,"Unclassified","In carriageway, crossing elsewhere","Crossing from driver's nearside",428496,434318,"E01011681",1,"T or staggered junction","Daylight","Fine no high winds","Wet or damp","Pedestrian"
"219","2014130063594",2014-02-14,2014,"Feb",14,"13:50",13,50,"Friday","Slight",1,"Slight","Car occupant","Driver or rider","Male",34,"A","Dual carriageway",70,"Unclassified","Not a Pedestrian","Not a Pedestrian",427559,438584,"E01032876",2,"More than 4 arms (not roundabout)","Daylight","Raining + high winds","Wet or damp","Car occupant"
"220","2014130063557",2014-02-14,2014,"Feb",14,"15:58",15,58,"Friday","Slight",1,"Slight","Cyclist","Driver or rider","Female",22,"Unclassified","Single carriageway",30,"Unclassified","Not a Pedestrian","Not a Pedestrian",427978,435991,"E01011440",2,"T or staggered junction","Daylight","Fine no high winds","Dry","Cyclist"
"221","2014130064622",2014-02-14,2014,"Feb",14,"17:50",17,50,"Friday","Slight",1,"Slight","Pedestrian","Pedestrian","Male",32,"Unclassified","Single carriageway",30,"Unclassified","In carriageway, crossing elsewhere","Crossing from driver's nearside",428479,437167,"E01011689",1,"T or staggered junction","Darkness - lights lit","Raining + high winds","Wet or damp","Pedestrian"
"222","2014130064491",2014-02-15,2014,"Feb",15,"10:04",10,4,"Saturday","Slight",2,"Slight","Car occupant","Driver or rider","Male",93,"A","Dual carriageway",40,NA,"Not a Pedestrian","Not a Pedestrian",420640,434359,"E01011595",3,"Not at junction or within 20 metres","Daylight","Raining + high winds","Wet or damp","Car occupant"
"223","2014130064491",2014-02-15,2014,"Feb",15,"10:04",10,4,"Saturday","Slight",2,"Slight","Car occupant","Passenger","Female",88,"A","Dual carriageway",40,NA,"Not a Pedestrian","Not a Pedestrian",420640,434359,"E01011595",3,"Not at junction or within 20 metres","Daylight","Raining + high winds","Wet or damp","Car occupant"
"224","20141312H1186",2014-02-17,2014,"Feb",17,"17:28",17,28,"Monday","Slight",1,"Slight","Pedestrian","Pedestrian","Male",17,"Unclassified","Single carriageway",30,"Unclassified","Crossing elsewhere within 50m. of pedestrian crossing","Crossing from offside - masked by  parked or stationary vehicle",426045,427745,"E01011533",1,"Mini-roundabout","Darkness - lights lit","Raining no high winds","Wet or damp","Pedestrian"
"225","20141312H1210",2014-02-17,2014,"Feb",17,"17:35",17,35,"Monday","Slight",1,"Slight","Bus or coach occupant (17 or more pass seats)","Passenger","Male",3,"Unclassified","Single carriageway",30,"Motorway","Not a Pedestrian","Not a Pedestrian",429147,431787,"E01011366",2,"Slip road","Daylight","Fine no high winds","Dry","Bus and goods vehicle occupant"
"226","20141312H1381",2014-02-17,2014,"Feb",17,"19:05",19,5,"Monday","Slight",1,"Slight","Car occupant","Passenger","Female",56,"B","Roundabout",30,"Unclassified","Not a Pedestrian","Not a Pedestrian",425059,433376,"E01011727",2,"Roundabout","Darkness - lights lit","Raining no high winds","Wet or damp","Car occupant"
"227","20141312I0039",2014-02-18,2014,"Feb",18,"00:46",0,46,"Tuesday","Slight",1,"Slight","Car occupant","Driver or rider","Male",26,"A","Roundabout",40,"A","Not a Pedestrian","Not a Pedestrian",430708,439230,"E01011558",1,"Roundabout","Darkness - lights lit","Fine no high winds","Dry","Car occupant"
"228","20141312I0740",2014-02-18,2014,"Feb",18,"13:20",13,20,"Tuesday","Slight",1,"Slight","Cyclist","Driver or rider","Male",33,"Unclassified","Single carriageway",30,"B","Not a Pedestrian","Not a Pedestrian",432436,434843,"E01011433",2,"Crossroads","Daylight","Fine no high winds","Dry","Cyclist"
"229","20141312I0834",2014-02-18,2014,"Feb",18,"14:22",14,22,"Tuesday","Slight",1,"Slight","Car occupant","Driver or rider","Male",38,"Unclassified","Single carriageway",30,NA,"Not a Pedestrian","Not a Pedestrian",430306,434778,"E01033002",1,"Not at junction or within 20 metres","Daylight","Fine no high winds","Wet or damp","Car occupant"
"230","20141312I1006",2014-02-18,2014,"Feb",18,"15:45",15,45,"Tuesday","Slight",3,"Slight","Car occupant","Passenger","Male",19,"Unclassified","Single carriageway",30,"Unclassified","Not a Pedestrian","Not a Pedestrian",431896,434915,"E01011677",2,"T or staggered junction","Daylight","Fine no high winds","Dry","Car occupant"
"231","20141312I1006",2014-02-18,2014,"Feb",18,"15:45",15,45,"Tuesday","Slight",3,"Slight","Car occupant","Driver or rider","Male",56,"Unclassified","Single carriageway",30,"Unclassified","Not a Pedestrian","Not a Pedestrian",431896,434915,"E01011677",2,"T or staggered junction","Daylight","Fine no high winds","Dry","Car occupant"
"232","20141312I1006",2014-02-18,2014,"Feb",18,"15:45",15,45,"Tuesday","Slight",3,"Slight","Car occupant","Passenger","Male",41,"Unclassified","Single carriageway",30,"Unclassified","Not a Pedestrian","Not a Pedestrian",431896,434915,"E01011677",2,"T or staggered junction","Daylight","Fine no high winds","Dry","Car occupant"
"233","20141312I1203",2014-02-18,2014,"Feb",18,"17:20",17,20,"Tuesday","Slight",1,"Slight","Cyclist","Driver or rider","Male",42,"Unclassified","Single carriageway",30,"Unclassified","Not a Pedestrian","Not a Pedestrian",428282,433512,"E01011363",2,"T or staggered junction","Daylight","Fine no high winds","Dry","Cyclist"
"234","20141312I1281",2014-02-18,2014,"Feb",18,"18:02",18,2,"Tuesday","Slight",1,"Slight","Pedestrian","Pedestrian","Female",23,"Unclassified","Single carriageway",30,NA,"In carriageway, crossing elsewhere","Crossing from nearside - masked by parked or stationary vehicle",425763,435423,"E01011324",1,"Not at junction or within 20 metres","Darkness - lights lit","Fine no high winds","Dry","Pedestrian"
"235","20141312I1450",2014-02-18,2014,"Feb",18,"19:44",19,44,"Tuesday","Slight",1,"Slight","Cyclist","Driver or rider","Male",25,"A","Single carriageway",30,"Unclassified","Not a Pedestrian","Not a Pedestrian",429387,434948,"E01033005",2,"T or staggered junction","Darkness - lights lit","Fine no high winds","Dry","Cyclist"
"236","20141312I1578",2014-02-18,2014,"Feb",18,"20:52",20,52,"Tuesday","Slight",1,"Slight","Motorcycle 125cc and under rider or passenger","Driver or rider","Male",21,"A","Single carriageway",40,"Unclassified","Not a Pedestrian","Not a Pedestrian",424145,430427,"E01011728",2,"T or staggered junction","Darkness - lights lit","Fine no high winds","Dry","Motorcyclist and pillion"
"237","20141312I1769",2014-02-18,2014,"Feb",18,"23:18",23,18,"Tuesday","Slight",1,"Slight","Motorcycle over 125cc and up to 500cc rider or  passenger","Driver or rider","Male",16,"Unclassified","Single carriageway",30,NA,"Not a Pedestrian","Not a Pedestrian",428836,440130,"E01011554",2,"Not at junction or within 20 metres","Darkness - lights lit","Fine no high winds","Dry","Motorcyclist and pillion"
"238","20141312J0189",2014-02-19,2014,"Feb",19,"06:55",6,55,"Wednesday","Slight",1,"Slight","Cyclist","Driver or rider","Male",23,"A","Roundabout",40,"A","Not a Pedestrian","Not a Pedestrian",426677,431760,"E01011736",2,"Roundabout","Darkness - lights lit","Fine no high winds","Dry","Cyclist"
"239","20141312J0433",2014-02-19,2014,"Feb",19,"10:28",10,28,"Wednesday","Slight",1,"Slight","Motorcycle 125cc and under rider or passenger","Driver or rider","Male",38,"A","Dual carriageway",40,"Unclassified","Not a Pedestrian","Not a Pedestrian",429092,429970,"E01011320",2,"T or staggered junction","Daylight","Fine no high winds","Dry","Motorcyclist and pillion"
"240","20141312J1435",2014-02-19,2014,"Feb",19,"14:30",14,30,"Wednesday","Slight",1,"Slight","Car occupant","Driver or rider","Male",46,"Unclassified","Single carriageway",30,"Unclassified","Not a Pedestrian","Not a Pedestrian",430951,435935,"E01011356",2,"T or staggered junction","Daylight","Fine no high winds","Dry","Car occupant"
"241","20141312J0994",2014-02-19,2014,"Feb",19,"15:50",15,50,"Wednesday","Slight",1,"Slight","Pedestrian","Pedestrian","Female",11,"Unclassified","Single carriageway",30,NA,"Crossing in zig-zag exit lines","Crossing from driver's offside",429475,439388,"E01011559",2,"Not at junction or within 20 metres","Daylight","Fine no high winds","Dry","Pedestrian"
"242","20141312J1142",2014-02-19,2014,"Feb",19,"16:39",16,39,"Wednesday","Slight",1,"Slight","Pedestrian","Pedestrian","Female",68,"Unclassified","Single carriageway",30,"Unclassified","In carriageway, crossing elsewhere","Crossing from driver's offside",426308,437694,"E01011687",1,"Crossroads","Daylight","Fine no high winds","Dry","Pedestrian"
"243","20141312K0297",2014-02-19,2014,"Feb",19,"17:25",17,25,"Wednesday","Slight",1,"Slight","Car occupant","Passenger","Female",28,"A","Single carriageway",60,"Unclassified","Not a Pedestrian","Not a Pedestrian",422145,428046,"E01011527",2,"T or staggered junction","Darkness - lights lit","Fine no high winds","Wet or damp","Car occupant"
"244","20141312J1654",2014-02-19,2014,"Feb",19,"20:40",20,40,"Wednesday","Slight",4,"Slight","Car occupant","Driver or rider","Male",25,"Unclassified","Single carriageway",30,"Unclassified","Not a Pedestrian","Not a Pedestrian",431884,435515,"E01011428",2,"T or staggered junction","Darkness - lights lit","Fine no high winds","Dry","Car occupant"
"245","20141312J1654",2014-02-19,2014,"Feb",19,"20:40",20,40,"Wednesday","Slight",4,"Slight","Car occupant","Driver or rider","Female",23,"Unclassified","Single carriageway",30,"Unclassified","Not a Pedestrian","Not a Pedestrian",431884,435515,"E01011428",2,"T or staggered junction","Darkness - lights lit","Fine no high winds","Dry","Car occupant"