"","accident_index","date","year","month","day","time","time_hour","time_minute","day_of_week","accident_severity","number_of_casualties","casualty_severity","casualty_type","casualty_class","sex_of_casualty","age_of_casualty","first_road_class","road_type","speed_limit","second_road_class","pedestrian_location","pedestrian_movement","location_easting_osgr","location_northing_osgr","lsoa_of_accident_location","number_of_vehicles","junction_detail","light_conditions","weather_conditions","road_surface_conditions","cas_type"
"246","20141312J1654",2014-02-19,2014,"Feb",19,"20:40",20,40,"Wednesday","Slight",4,"Slight","Car occupant","Passenger","Male",23,"Unclassified","Single carriageway",30,"Unclassified","Not a Pedestrian","Not a Pedestrian",431884,435515,"E01011428",2,"T or staggered junction","Darkness - lights lit","Fine no high winds","Dry","Car occupant"
"247","20141312J1654",2014-02-19,2014,"Feb",19,"20:40",20,40,"Wednesday","Slight",4,"Slight","Car occupant","Passenger","Female",22,"Unclassified","Single carriageway",30,"Unclassified","Not a Pedestrian","Not a Pedestrian",431884,435515,"E01011428",2,"T or staggered junction","Darkness - lights lit","Fine no high winds","Dry","Car occupant"
"248","20141312K0444",2014-02-20,2014,"Feb",20,"10:53",10,53,"Thursday","Slight",1,"Slight","Car occupant","Driver or rider","Female",84,"A","Single carriageway",60,NA,"Not a Pedestrian","Not a Pedestrian",421474,445803,"E01011569",2,"Not at junction or within 20 metres","Daylight","Fine no high winds","Dry","Car occupant"
"249","20141312K0450",2014-02-20,2014,"Feb",20,"10:55",10,55,"Thursday","Slight",1,"Slight","Car occupant","Driver or rider","Male",55,"Unclassified","Single carriageway",40,"Unclassified","Not a Pedestrian","Not a Pedestrian",437041,438282,"E01011715",2,"T or staggered junction","Daylight","Fine no high winds","Dry","Car occupant"
"250","20141312K0781",2014-02-20,2014,"Feb",20,"13:55",13,55,"Thursday","Slight",2,"Slight","Taxi/Private hire car occupant","Driver or rider","Male",36,"A","Dual carriageway",40,"Unclassified","Not a Pedestrian","Not a Pedestrian",428776,433265,"E01033013",2,"Roundabout","Daylight","Fine no high winds","Dry","Car occupant"
"251","20141312K0781",2014-02-20,2014,"Feb",20,"13:55",13,55,"Thursday","Slight",2,"Slight","Taxi/Private hire car occupant","Passenger","Male",21,"A","Dual carriageway",40,"Unclassified","Not a Pedestrian","Not a Pedestrian",428776,433265,"E01033013",2,"Roundabout","Daylight","Fine no high winds","Dry","Car occupant"
"252","20141312K0913",2014-02-20,2014,"Feb",20,"15:00",15,0,"Thursday","Slight",1,"Slight","Car occupant","Passenger","Female",52,"Unclassified","Single carriageway",30,"Unclassified","Not a Pedestrian","Not a Pedestrian",430683,432507,"E01033016",2,"T or staggered junction","Daylight","Fine no high winds","Wet or damp","Car occupant"
"253","20141312K1147",2014-02-20,2014,"Feb",20,"16:45",16,45,"Thursday","Slight",1,"Slight","Car occupant","Driver or rider","Male",21,"Unclassified","Single carriageway",30,"Unclassified","Not a Pedestrian","Not a Pedestrian",431889,434978,"E01011677",2,"T or staggered junction","Daylight","Fine no high winds","Wet or damp","Car occupant"
"254","20141312K1171",2014-02-20,2014,"Feb",20,"16:55",16,55,"Thursday","Slight",4,"Slight","Car occupant","Driver or rider","Male",48,"Motorway","Dual carriageway",70,NA,"Not a Pedestrian","Not a Pedestrian",431384,430549,"E01011472",5,"Not at junction or within 20 metres","Daylight","Fine no high winds","Wet or damp","Car occupant"
"255","20141312K1171",2014-02-20,2014,"Feb",20,"16:55",16,55,"Thursday","Slight",4,"Slight","Car occupant","Passenger","Female",60,"Motorway","Dual carriageway",70,NA,"Not a Pedestrian","Not a Pedestrian",431384,430549,"E01011472",5,"Not at junction or within 20 metres","Daylight","Fine no high winds","Wet or damp","Car occupant"
"256","20141312K1171",2014-02-20,2014,"Feb",20,"16:55",16,55,"Thursday","Slight",4,"Slight","Car occupant","Driver or rider","Male",63,"Motorway","Dual carriageway",70,NA,"Not a Pedestrian","Not a Pedestrian",431384,430549,"E01011472",5,"Not at junction or within 20 metres","Daylight","Fine no high winds","Wet or damp","Car occupant"
"257","20141312K1171",2014-02-20,2014,"Feb",20,"16:55",16,55,"Thursday","Slight",4,"Slight","Car occupant","Driver or rider","Male",60,"Motorway","Dual carriageway",70,NA,"Not a Pedestrian","Not a Pedestrian",431384,430549,"E01011472",5,"Not at junction or within 20 metres","Daylight","Fine no high winds","Wet or damp","Car occupant"
"258","20141312K1446",2014-02-20,2014,"Feb",20,"18:27",18,27,"Thursday","Slight",2,"Slight","Car occupant","Driver or rider","Female",55,"A","Roundabout",30,"A","Not a Pedestrian","Not a Pedestrian",424933,434423,"E01032606",2,"Roundabout","Darkness - lights lit","Fine no high winds","Wet or damp","Car occupant"
"259","20141312K1446",2014-02-20,2014,"Feb",20,"18:27",18,27,"Thursday","Slight",2,"Slight","Car occupant","Passenger","Female",56,"A","Roundabout",30,"A","Not a Pedestrian","Not a Pedestrian",424933,434423,"E01032606",2,"Roundabout","Darkness - lights lit","Fine no high winds","Wet or damp","Car occupant"
"260","20141312K1752",2014-02-20,2014,"Feb",20,"22:20",22,20,"Thursday","Slight",2,"Slight","Car occupant","Driver or rider","Female",51,"Unclassified","Single carriageway",30,"Unclassified","Not a Pedestrian","Not a Pedestrian",428893,432890,"E01033013",2,"T or staggered junction","Darkness - lights lit","Fine no high winds","Dry","Car occupant"
"261","20141312K1752",2014-02-20,2014,"Feb",20,"22:20",22,20,"Thursday","Slight",2,"Slight","Car occupant","Driver or rider","Male",36,"Unclassified","Single carriageway",30,"Unclassified","Not a Pedestrian","Not a Pedestrian",428893,432890,"E01033013",2,"T or staggered junction","Darkness - lights lit","Fine no high winds","Dry","Car occupant"
"262","20141312L0239",2014-02-21,2014,"Feb",21,"08:07",8,7,"Friday","Serious",1,"Serious","Motorcycle over 125cc and up to 500cc rider or  passenger","Driver or rider","Male",45,"A","One way street",30,"A","Not a Pedestrian","Not a Pedestrian",430945,433122,"E01033033",2,"Slip road","Daylight","Fine no high winds","Dry","Motorcyclist and pillion"
"263","20141312M0800",2014-02-21,2014,"Feb",21,"09:20",9,20,"Friday","Slight",1,"Slight","Cyclist","Driver or rider","Male",40,"A","Single carriageway",40,NA,"Not a Pedestrian","Not a Pedestrian",427362,431156,"E01011318",2,"Not at junction or within 20 metres","Darkness - lights lit","Other","Wet or damp","Cyclist"
"264","20141312L0561",2014-02-21,2014,"Feb",21,"12:05",12,5,"Friday","Slight",2,"Slight","Car occupant","Driver or rider","Male",32,"Unclassified","Single carriageway",30,NA,"Not a Pedestrian","Not a Pedestrian",432382,435070,"E01011432",2,"Not at junction or within 20 metres","Daylight","Fine no high winds","Dry","Car occupant"
"265","20141312L0561",2014-02-21,2014,"Feb",21,"12:05",12,5,"Friday","Slight",2,"Slight","Car occupant","Passenger","Female",31,"Unclassified","Single carriageway",30,NA,"Not a Pedestrian","Not a Pedestrian",432382,435070,"E01011432",2,"Not at junction or within 20 metres","Daylight","Fine no high winds","Dry","Car occupant"
"266","20141312L0539",2014-02-21,2014,"Feb",21,"15:30",15,30,"Friday","Slight",1,"Slight","Cyclist","Driver or rider","Male",21,"A","Single carriageway",30,"Unclassified","Not a Pedestrian","Not a Pedestrian",439477,432443,"E01011402",2,"Other junction","Daylight","Fine no high winds","Dry","Cyclist"
"267","20141312L0945",2014-02-21,2014,"Feb",21,"15:35",15,35,"Friday","Slight",2,"Slight","Car occupant","Driver or rider","Male",25,"Unclassified","Single carriageway",30,"Unclassified","Not a Pedestrian","Not a Pedestrian",432858,435382,"E01011424",2,"Crossroads","Daylight","Fine no high winds","Dry","Car occupant"
"268","20141312L0945",2014-02-21,2014,"Feb",21,"15:35",15,35,"Friday","Slight",2,"Slight","Car occupant","Driver or rider","Female",23,"Unclassified","Single carriageway",30,"Unclassified","Not a Pedestrian","Not a Pedestrian",432858,435382,"E01011424",2,"Crossroads","Daylight","Fine no high winds","Dry","Car occupant"
"269","20141312L0965",2014-02-21,2014,"Feb",21,"15:45",15,45,"Friday","Slight",1,"Slight","Pedestrian","Pedestrian","Male",15,"A","Single carriageway",30,NA,"Crossing elsewhere within 50m. of pedestrian crossing","Crossing from driver's offside",430959,433432,"E01033011",1,"Not at junction or within 20 metres","Daylight","Fine no high winds","Dry","Pedestrian"
"270","20141312L1445",2014-02-21,2014,"Feb",21,"19:50",19,50,"Friday","Slight",1,"Slight","Car occupant","Driver or rider","Female",55,"A","Single carriageway",40,NA,"Not a Pedestrian","Not a Pedestrian",421620,445945,"E01011569",1,"Not at junction or within 20 metres","Darkness - lights lit","Raining + high winds","Wet or damp","Car occupant"
"271","20141312M0056",2014-02-22,2014,"Feb",22,"00:29",0,29,"Saturday","Slight",1,"Slight","Pedestrian","Pedestrian","Male",44,"Unclassified","Dual carriageway",30,"Unclassified","Crossing on pedestrian crossing facility","Crossing from driver's nearside",428974,435464,"E01033005",1,"Crossroads","Darkness - lights lit","Raining no high winds","Wet or damp","Pedestrian"
"272","20141312M0822",2014-02-22,2014,"Feb",22,"12:45",12,45,"Saturday","Serious",1,"Serious","Pedestrian","Pedestrian","Female",86,"Unclassified","Single carriageway",30,"Unclassified","In carriageway, crossing elsewhere","Crossing from nearside - masked by parked or stationary vehicle",430373,433481,"E01033011",1,"Other junction","Daylight","Fine no high winds","Dry","Pedestrian"
"273","20141312M1517",2014-02-22,2014,"Feb",22,"18:53",18,53,"Saturday","Slight",2,"Slight","Car occupant","Driver or rider","Male",59,"Unclassified","Single carriageway",30,NA,"Not a Pedestrian","Not a Pedestrian",426773,435723,"E01011489",2,"Not at junction or within 20 metres","Darkness - lights lit","Fine no high winds","Dry","Car occupant"
"274","20141312M1517",2014-02-22,2014,"Feb",22,"18:53",18,53,"Saturday","Slight",2,"Slight","Car occupant","Passenger","Female",47,"Unclassified","Single carriageway",30,NA,"Not a Pedestrian","Not a Pedestrian",426773,435723,"E01011489",2,"Not at junction or within 20 metres","Darkness - lights lit","Fine no high winds","Dry","Car occupant"
"275","20141312M1932",2014-02-22,2014,"Feb",22,"22:30",22,30,"Saturday","Slight",1,"Slight","Van / Goods vehicle (3.5 tonnes mgw or under) occupant","Driver or rider","Male",33,"Unclassified","Single carriageway",30,"Unclassified","Not a Pedestrian","Not a Pedestrian",427423,433046,"E01011292",2,"T or staggered junction","Darkness - lights lit","Fine no high winds","Dry","Bus and goods vehicle occupant"
"276","20141312N0893",2014-02-23,2014,"Feb",23,"13:00",13,0,"Sunday","Slight",1,"Slight","Car occupant","Driver or rider","Male",80,"Unclassified","Single carriageway",30,NA,"Not a Pedestrian","Not a Pedestrian",435901,428601,"E01032488",1,"Not at junction or within 20 metres","Daylight","Fine no high winds","Dry","Car occupant"
"277","20141312N0997",2014-02-23,2014,"Feb",23,"14:35",14,35,"Sunday","Slight",1,"Slight","Car occupant","Passenger","Female",4,"Motorway","Dual carriageway",70,NA,"Not a Pedestrian","Not a Pedestrian",431928,428128,"E01011502",1,"Not at junction or within 20 metres","Daylight","Fine no high winds","Dry","Car occupant"
"278","20141312N1293",2014-02-23,2014,"Feb",23,"15:45",15,45,"Sunday","Slight",2,"Slight","Bus or coach occupant (17 or more pass seats)","Passenger","Female",44,"Unclassified","Roundabout",30,"Unclassified","Not a Pedestrian","Not a Pedestrian",430091,435427,"E01011670",1,"Mini-roundabout","Daylight","Unknown","Wet or damp","Bus and goods vehicle occupant"
"279","20141312N1293",2014-02-23,2014,"Feb",23,"15:45",15,45,"Sunday","Slight",2,"Slight","Bus or coach occupant (17 or more pass seats)","Passenger","Female",53,"Unclassified","Roundabout",30,"Unclassified","Not a Pedestrian","Not a Pedestrian",430091,435427,"E01011670",1,"Mini-roundabout","Daylight","Unknown","Wet or damp","Bus and goods vehicle occupant"
"280","20141312N1424",2014-02-23,2014,"Feb",23,"18:40",18,40,"Sunday","Serious",2,"Serious","Car occupant","Driver or rider","Male",19,"Unclassified","Single carriageway",60,NA,"Not a Pedestrian","Not a Pedestrian",435232,427614,"E01011636",1,"Not at junction or within 20 metres","Darkness - no lighting","Fine no high winds","Dry","Car occupant"
"281","20141312N1424",2014-02-23,2014,"Feb",23,"18:40",18,40,"Sunday","Serious",2,"Serious","Car occupant","Passenger","Male",19,"Unclassified","Single carriageway",60,NA,"Not a Pedestrian","Not a Pedestrian",435232,427614,"E01011636",1,"Not at junction or within 20 metres","Darkness - no lighting","Fine no high winds","Dry","Car occupant"
"282","20141312N1843",2014-02-23,2014,"Feb",23,"23:03",23,3,"Sunday","Slight",1,"Slight","Pedestrian","Pedestrian","Male",25,"Unclassified","Single carriageway",30,NA,"Crossing on pedestrian crossing facility","Crossing from driver's offside",429804,433477,"E01033016",1,"Not at junction or within 20 metres","Darkness - lights lit","Fine no high winds","Dry","Pedestrian"
"283","20141312O0014",2014-02-24,2014,"Feb",24,"00:14",0,14,"Monday","Slight",1,"Slight","Car occupant","Passenger","Female",35,"Unclassified","Single carriageway",30,"Unclassified","Not a Pedestrian","Not a Pedestrian",426807,432112,"E01011736",4,"T or staggered junction","Darkness - lights lit","Fine no high winds","Dry","Car occupant"
"284","20141312O0439",2014-02-24,2014,"Feb",24,"10:36",10,36,"Monday","Slight",1,"Slight","Pedestrian","Pedestrian","Male",59,"Unclassified","Single carriageway",30,"Unclassified","Crossing on pedestrian crossing facility","Crossing from driver's nearside",430066,433771,"E01033010",1,"Crossroads","Daylight","Fine no high winds","Dry","Pedestrian"
"285","20141312O0947",2014-02-24,2014,"Feb",24,"15:10",15,10,"Monday","Slight",1,"Slight","Pedestrian","Pedestrian","Female",11,"Unclassified","Single carriageway",30,NA,"In carriageway, crossing elsewhere","Crossing from driver's nearside",422418,433289,"E01011612",1,"Not at junction or within 20 metres","Daylight","Fine no high winds","Dry","Pedestrian"
"286","20141312O1071",2014-02-24,2014,"Feb",24,"16:05",16,5,"Monday","Serious",1,"Serious","Cyclist","Driver or rider","Male",13,"Unclassified","Single carriageway",30,"Unclassified","Not a Pedestrian","Not a Pedestrian",441096,432393,"E01011401",2,"T or staggered junction","Daylight","Fine no high winds","Dry","Cyclist"
"287","20141312O1082",2014-02-24,2014,"Feb",24,"16:05",16,5,"Monday","Slight",5,"Slight","Goods vehicle (over 3.5t. and under 7.5t.) occupant","Driver or rider","Male",37,"A","Single carriageway",60,"Unclassified","Not a Pedestrian","Not a Pedestrian",435125,445093,"E01011708",3,"T or staggered junction","Daylight","Fine no high winds","Dry","Bus and goods vehicle occupant"
"288","20141312O1082",2014-02-24,2014,"Feb",24,"16:05",16,5,"Monday","Slight",5,"Slight","Car occupant","Driver or rider","Female",41,"A","Single carriageway",60,"Unclassified","Not a Pedestrian","Not a Pedestrian",435125,445093,"E01011708",3,"T or staggered junction","Daylight","Fine no high winds","Dry","Car occupant"
"289","20141312O1082",2014-02-24,2014,"Feb",24,"16:05",16,5,"Monday","Slight",5,"Slight","Car occupant","Passenger","Female",7,"A","Single carriageway",60,"Unclassified","Not a Pedestrian","Not a Pedestrian",435125,445093,"E01011708",3,"T or staggered junction","Daylight","Fine no high winds","Dry","Car occupant"
"290","20141312O1082",2014-02-24,2014,"Feb",24,"16:05",16,5,"Monday","Slight",5,"Slight","Car occupant","Driver or rider","Female",47,"A","Single carriageway",60,"Unclassified","Not a Pedestrian","Not a Pedestrian",435125,445093,"E01011708",3,"T or staggered junction","Daylight","Fine no high winds","Dry","Car occupant"
"291","20141312O1082",2014-02-24,2014,"Feb",24,"16:05",16,5,"Monday","Slight",5,"Slight","Car occupant","Passenger","Female",18,"A","Single carriageway",60,"Unclassified","Not a Pedestrian","Not a Pedestrian",435125,445093,"E01011708",3,"T or staggered junction","Daylight","Fine no high winds","Dry","Car occupant"
"292","20141312O1093",2014-02-24,2014,"Feb",24,"16:10",16,10,"Monday","Slight",1,"Slight","Cyclist","Driver or rider","Male",29,"Unclassified","Single carriageway",30,"Unclassified","Not a Pedestrian","Not a Pedestrian",429383,434947,"E01033005",2,"T or staggered junction","Daylight","Fine no high winds","Dry","Cyclist"
"293","20141312O1421",2014-02-24,2014,"Feb",24,"18:35",18,35,"Monday","Slight",1,"Slight","Taxi/Private hire car occupant","Passenger","Female",20,"Unclassified","Single carriageway",30,NA,"Not a Pedestrian","Not a Pedestrian",430634,433453,"E01033011",2,"Not at junction or within 20 metres","Darkness - lights lit","Fine no high winds","Dry","Car occupant"
"294","20141312O1573",2014-02-24,2014,"Feb",24,"19:50",19,50,"Monday","Slight",1,"Slight","Car occupant","Driver or rider","Male",27,"A","Single carriageway",60,"A","Not a Pedestrian","Not a Pedestrian",431251,445731,"E01011561",2,"T or staggered junction","Darkness - lights lit","Fine no high winds","Dry","Car occupant"
"295","20141312P0232",2014-02-25,2014,"Feb",25,"08:09",8,9,"Tuesday","Slight",2,"Slight","Car occupant","Driver or rider","Male",75,"Unclassified","Single carriageway",30,"Unclassified","Not a Pedestrian","Not a Pedestrian",429922,427806,"E01011494",2,"Roundabout","Daylight","Fine no high winds","Dry","Car occupant"
"296","20141312P0232",2014-02-25,2014,"Feb",25,"08:09",8,9,"Tuesday","Slight",2,"Slight","Van / Goods vehicle (3.5 tonnes mgw or under) occupant","Driver or rider","Male",24,"Unclassified","Single carriageway",30,"Unclassified","Not a Pedestrian","Not a Pedestrian",429922,427806,"E01011494",2,"Roundabout","Daylight","Fine no high winds","Dry","Bus and goods vehicle occupant"
"297","20141312P0236",2014-02-25,2014,"Feb",25,"08:10",8,10,"Tuesday","Serious",6,"Serious","Pedestrian","Pedestrian","Male",17,"A","Single carriageway",30,"Unclassified","On footway or verge","Unknown or other",418975,442004,"E01011265",1,"Crossroads","Daylight","Fine no high winds","Dry","Pedestrian"
"298","20141312P0236",2014-02-25,2014,"Feb",25,"08:10",8,10,"Tuesday","Serious",6,"Serious","Pedestrian","Pedestrian","Male",17,"A","Single carriageway",30,"Unclassified","On footway or verge","Unknown or other",418975,442004,"E01011265",1,"Crossroads","Daylight","Fine no high winds","Dry","Pedestrian"
"299","20141312P0236",2014-02-25,2014,"Feb",25,"08:10",8,10,"Tuesday","Serious",6,"Slight","Pedestrian","Pedestrian","Female",17,"A","Single carriageway",30,"Unclassified","On footway or verge","Unknown or other",418975,442004,"E01011265",1,"Crossroads","Daylight","Fine no high winds","Dry","Pedestrian"
"300","20141312P0236",2014-02-25,2014,"Feb",25,"08:10",8,10,"Tuesday","Serious",6,"Slight","Pedestrian","Pedestrian","Male",12,"A","Single carriageway",30,"Unclassified","On footway or verge","Unknown or other",418975,442004,"E01011265",1,"Crossroads","Daylight","Fine no high winds","Dry","Pedestrian"
"301","20141312P0236",2014-02-25,2014,"Feb",25,"08:10",8,10,"Tuesday","Serious",6,"Slight","Pedestrian","Pedestrian","Male",12,"A","Single carriageway",30,"Unclassified","On footway or verge","Unknown or other",418975,442004,"E01011265",1,"Crossroads","Daylight","Fine no high winds","Dry","Pedestrian"
"302","20141312P0236",2014-02-25,2014,"Feb",25,"08:10",8,10,"Tuesday","Serious",6,"Slight","Pedestrian","Pedestrian","Male",12,"A","Single carriageway",30,"Unclassified","On footway or verge","Unknown or other",418975,442004,"E01011265",1,"Crossroads","Daylight","Fine no high winds","Dry","Pedestrian"
"303","20141312P0254",2014-02-25,2014,"Feb",25,"08:35",8,35,"Tuesday","Slight",1,"Slight","Car occupant","Driver or rider","Male",65,"A","Single carriageway",50,"Unclassified","Not a Pedestrian","Not a Pedestrian",423328,443471,"E01032503",2,"T or staggered junction","Daylight","Fine no high winds","Dry","Car occupant"
"304","20141312P0269",2014-02-25,2014,"Feb",25,"08:46",8,46,"Tuesday","Slight",2,"Slight","Car occupant","Driver or rider","Female",43,"Motorway","Dual carriageway",70,NA,"Not a Pedestrian","Not a Pedestrian",435573,425902,"E01011636",2,"Not at junction or within 20 metres","Daylight","Fine no high winds","Dry","Car occupant"
"305","20141312P0269",2014-02-25,2014,"Feb",25,"08:46",8,46,"Tuesday","Slight",2,"Slight","Van / Goods vehicle (3.5 tonnes mgw or under) occupant","Driver or rider","Male",50,"Motorway","Dual carriageway",70,NA,"Not a Pedestrian","Not a Pedestrian",435573,425902,"E01011636",2,"Not at junction or within 20 metres","Daylight","Fine no high winds","Dry","Bus and goods vehicle occupant"
"306","20141312P0951",2014-02-25,2014,"Feb",25,"15:30",15,30,"Tuesday","Slight",2,"Slight","Car occupant","Driver or rider","Male",45,"Unclassified","Single carriageway",30,NA,"Not a Pedestrian","Not a Pedestrian",430454,437507,"E01011351",2,"Not at junction or within 20 metres","Daylight","Fine no high winds","Dry","Car occupant"
"307","20141312P0951",2014-02-25,2014,"Feb",25,"15:30",15,30,"Tuesday","Slight",2,"Slight","Car occupant","Passenger","Male",26,"Unclassified","Single carriageway",30,NA,"Not a Pedestrian","Not a Pedestrian",430454,437507,"E01011351",2,"Not at junction or within 20 metres","Daylight","Fine no high winds","Dry","Car occupant"
"308","20141312F1262",2014-02-25,2014,"Feb",25,"18:00",18,0,"Tuesday","Slight",1,"Slight","Cyclist","Driver or rider","Male",34,"Unclassified","Single carriageway",30,"Unclassified","Not a Pedestrian","Not a Pedestrian",433137,433635,"E01011617",2,"Private drive or entrance","Darkness - lights lit","Raining no high winds","Wet or damp","Cyclist"
"309","20141312P1279",2014-02-25,2014,"Feb",25,"18:24",18,24,"Tuesday","Slight",1,"Slight","Car occupant","Driver or rider","Female",57,"Unclassified","Single carriageway",30,"Unclassified","Not a Pedestrian","Not a Pedestrian",429051,435525,"E01011668",2,"Crossroads","Darkness - lights lit","Raining no high winds","Wet or damp","Car occupant"
"310","20141312Q0398",2014-02-26,2014,"Feb",26,"09:53",9,53,"Wednesday","Slight",1,"Slight","Car occupant","Driver or rider","Female",43,"A(M)","Single carriageway",30,NA,"Not a Pedestrian","Not a Pedestrian",431107,433740,"E01033031",2,"Not at junction or within 20 metres","Daylight","Fine no high winds","Dry","Car occupant"
"311","20141312Q0928",2014-02-26,2014,"Feb",26,"15:05",15,5,"Wednesday","Slight",1,"Slight","Cyclist","Driver or rider","Male",23,"Unclassified","Single carriageway",30,NA,"Not a Pedestrian","Not a Pedestrian",431517,434295,"E01033035",2,"Not at junction or within 20 metres","Daylight","Fine no high winds","Dry","Cyclist"
"312","20141312Q1027",2014-02-26,2014,"Feb",26,"15:45",15,45,"Wednesday","Slight",4,"Slight","Bus or coach occupant (17 or more pass seats)","Passenger","Male",28,"Unclassified","Single carriageway",30,NA,"Not a Pedestrian","Not a Pedestrian",430437,434391,"E01033002",2,"Not at junction or within 20 metres","Daylight","Fine no high winds","Dry","Bus and goods vehicle occupant"
"313","20141312Q1027",2014-02-26,2014,"Feb",26,"15:45",15,45,"Wednesday","Slight",4,"Slight","Bus or coach occupant (17 or more pass seats)","Passenger","Male",45,"Unclassified","Single carriageway",30,NA,"Not a Pedestrian","Not a Pedestrian",430437,434391,"E01033002",2,"Not at junction or within 20 metres","Daylight","Fine no high winds","Dry","Bus and goods vehicle occupant"
"314","20141312Q1027",2014-02-26,2014,"Feb",26,"15:45",15,45,"Wednesday","Slight",4,"Slight","Bus or coach occupant (17 or more pass seats)","Passenger","Male",8,"Unclassified","Single carriageway",30,NA,"Not a Pedestrian","Not a Pedestrian",430437,434391,"E01033002",2,"Not at junction or within 20 metres","Daylight","Fine no high winds","Dry","Bus and goods vehicle occupant"
"315","20141312Q1027",2014-02-26,2014,"Feb",26,"15:45",15,45,"Wednesday","Slight",4,"Slight","Bus or coach occupant (17 or more pass seats)","Passenger","Female",6,"Unclassified","Single carriageway",30,NA,"Not a Pedestrian","Not a Pedestrian",430437,434391,"E01033002",2,"Not at junction or within 20 metres","Daylight","Fine no high winds","Dry","Bus and goods vehicle occupant"
"316","20141312Q1511",2014-02-26,2014,"Feb",26,"17:25",17,25,"Wednesday","Slight",1,"Slight","Bus or coach occupant (17 or more pass seats)","Passenger","Female",76,"A","Single carriageway",40,"A","Not a Pedestrian","Not a Pedestrian",431959,430490,"E01011469",1,"Roundabout","Daylight","Fine no high winds","Wet or damp","Bus and goods vehicle occupant"
"317","20141312R0178",2014-02-27,2014,"Feb",27,"05:49",5,49,"Thursday","Slight",1,"Slight","Motorcycle over 500cc rider or passenger","Driver or rider","Male",60,"A","Roundabout",30,"A","Not a Pedestrian","Not a Pedestrian",423047,437663,"E01011452",2,"Roundabout","Darkness - lights lit","Raining no high winds","Wet or damp","Motorcyclist and pillion"
"318","20141312R0675",2014-02-27,2014,"Feb",27,"13:00",13,0,"Thursday","Slight",2,"Slight","Motorcycle over 125cc and up to 500cc rider or  passenger","Driver or rider","Male",18,"Unclassified","Single carriageway",30,"Unclassified","Not a Pedestrian","Not a Pedestrian",430717,434135,"E01033002",1,"T or staggered junction","Daylight","Fine no high winds","Dry","Motorcyclist and pillion"
"319","20141312R0675",2014-02-27,2014,"Feb",27,"13:00",13,0,"Thursday","Slight",2,"Slight","Pedestrian","Pedestrian","Male",19,"Unclassified","Single carriageway",30,"Unclassified","In carriageway, crossing elsewhere","Crossing from driver's nearside",430717,434135,"E01033002",1,"T or staggered junction","Daylight","Fine no high winds","Dry","Pedestrian"
"320","20141312R1124",2014-02-27,2014,"Feb",27,"16:54",16,54,"Thursday","Slight",1,"Slight","Car occupant","Driver or rider","Male",29,"A","Roundabout",40,"A","Not a Pedestrian","Not a Pedestrian",437735,433076,"E01011411",1,"Roundabout","Daylight","Fine no high winds","Dry","Car occupant"
"321","20141312R1413",2014-02-27,2014,"Feb",27,"19:16",19,16,"Thursday","Slight",2,"Slight","Car occupant","Passenger","Male",18,"Unclassified","Single carriageway",30,"Unclassified","Not a Pedestrian","Not a Pedestrian",429180,431912,"E01011368",2,"T or staggered junction","Darkness - lights lit","Fine no high winds","Dry","Car occupant"
"322","20141312R1413",2014-02-27,2014,"Feb",27,"19:16",19,16,"Thursday","Slight",2,"Slight","Car occupant","Passenger","Male",19,"Unclassified","Single carriageway",30,"Unclassified","Not a Pedestrian","Not a Pedestrian",429180,431912,"E01011368",2,"T or staggered junction","Darkness - lights lit","Fine no high winds","Dry","Car occupant"
"323","20141312S1059",2014-02-28,2014,"Feb",28,"16:05",16,5,"Friday","Slight",1,"Slight","Pedestrian","Pedestrian","Female",36,"A","Dual carriageway",40,"Unclassified","Crossing on pedestrian crossing facility","Crossing from offside - masked by  parked or stationary vehicle",437227,433425,"E01011418",1,"More than 4 arms (not roundabout)","Daylight","Fine no high winds","Dry","Pedestrian"
"324","20141312S1056",2014-02-28,2014,"Feb",28,"16:09",16,9,"Friday","Slight",1,"Slight","Car occupant","Driver or rider","Male",25,"A","Single carriageway",30,"Unclassified","Not a Pedestrian","Not a Pedestrian",428224,435786,"E01032946",2,"T or staggered junction","Daylight","Raining no high winds","Wet or damp","Car occupant"
"325","20141312S1268",2014-02-28,2014,"Feb",28,"17:30",17,30,"Friday","Slight",2,"Slight","Car occupant","Driver or rider","Male",35,"Motorway","Dual carriageway",50,NA,"Not a Pedestrian","Not a Pedestrian",430460,431125,"E01011312",3,"Not at junction or within 20 metres","Daylight","Fine no high winds","Dry","Car occupant"
"326","20141312S1268",2014-02-28,2014,"Feb",28,"17:30",17,30,"Friday","Slight",2,"Slight","Car occupant","Driver or rider","Female",45,"Motorway","Dual carriageway",50,NA,"Not a Pedestrian","Not a Pedestrian",430460,431125,"E01011312",3,"Not at junction or within 20 metres","Daylight","Fine no high winds","Dry","Car occupant"
"327","20141312S1494",2014-02-28,2014,"Feb",28,"19:15",19,15,"Friday","Slight",1,"Slight","Car occupant","Passenger","Female",68,"Unclassified","Single carriageway",30,"Unclassified","Not a Pedestrian","Not a Pedestrian",429429,433462,"E01033015",2,"Crossroads","Darkness - lights lit","Fine no high winds","Dry","Car occupant"