"","accident_index","date","year","month","day","time","time_hour","time_minute","day_of_week","accident_severity","number_of_casualties","casualty_severity","casualty_type","casualty_class","sex_of_casualty","age_of_casualty","first_road_class","road_type","speed_limit","second_road_class","pedestrian_location","pedestrian_movement","location_easting_osgr","location_northing_osgr","lsoa_of_accident_location","number_of_vehicles","junction_detail","light_conditions","weather_conditions","road_surface_conditions","cas_type"
"328","2014130027609",2014-03-01,2014,"Mar",1,"08:00",8,0,"Saturday","Slight",1,"Slight","Pedestrian","Pedestrian","Male",80,"Unclassified","Single carriageway",30,"Unclassified","In carriageway, crossing elsewhere","Crossing from offside - masked by  parked or stationary vehicle",433371,435578,"E01011431",1,"T or staggered junction","Daylight","Fine no high winds","Frost or ice","Pedestrian"
"329","2014131311240",2014-03-01,2014,"Mar",1,"16:27",16,27,"Saturday","Slight",2,"Slight","Pedestrian","Pedestrian","Male",21,"Unclassified","Single carriageway",30,"Unclassified","In carriageway, not crossing","Unknown or other",428431,435003,"E01011449",1,"Crossroads","Daylight","Fine no high winds","Dry","Pedestrian"
"330","2014131311240",2014-03-01,2014,"Mar",1,"16:27",16,27,"Saturday","Slight",2,"Slight","Taxi/Private hire car occupant","Driver or rider","Male",56,"Unclassified","Single carriageway",30,"Unclassified","Not a Pedestrian","Not a Pedestrian",428431,435003,"E01011449",1,"Crossroads","Daylight","Fine no high winds","Dry","Car occupant"
"331","2014131320442",2014-03-01,2014,"Mar",1,"18:35",18,35,"Saturday","Slight",1,"Slight","Car occupant","Driver or rider","Female",33,"A","Roundabout",40,NA,"Not a Pedestrian","Not a Pedestrian",430692,424510,"E01011537",2,"Not at junction or within 20 metres","Darkness - lights lit","Fine no high winds","Dry","Car occupant"
"332","2014131311578",2014-03-01,2014,"Mar",1,"19:15",19,15,"Saturday","Slight",1,"Slight","Pedestrian","Pedestrian","Male",19,"Unclassified","Single carriageway",30,"Unclassified","In carriageway, crossing elsewhere","Crossing from driver's nearside",432515,434885,"E01011433",1,"Other junction","Darkness - lights lit","Fine no high winds","Dry","Pedestrian"
"333","2014131330277",2014-03-03,2014,"Mar",3,"08:55",8,55,"Monday","Slight",1,"Slight","Car occupant","Driver or rider","Female",43,"Unclassified","Dual carriageway",30,"Unclassified","Not a Pedestrian","Not a Pedestrian",429137,435242,"E01033005",2,"T or staggered junction","Daylight","Fine no high winds","Dry","Car occupant"
"334","2014131331079",2014-03-03,2014,"Mar",3,"16:00",16,0,"Monday","Slight",1,"Slight","Pedestrian","Pedestrian","Female",17,"Unclassified","Single carriageway",30,NA,"In carriageway, crossing elsewhere","Crossing from nearside - masked by parked or stationary vehicle",432278,436992,"E01011641",1,"Not at junction or within 20 metres","Daylight","Fine no high winds","Dry","Pedestrian"
"335","2014131340155",2014-03-04,2014,"Mar",4,"06:42",6,42,"Tuesday","Slight",1,"Slight","Pedestrian","Pedestrian","Male",19,"A","Single carriageway",30,NA,"In carriageway, crossing elsewhere","Crossing from driver's nearside",427915,436171,"E01011451",1,"Not at junction or within 20 metres","Daylight","Fine no high winds","Dry","Pedestrian"
"336","2014131340208",2014-03-04,2014,"Mar",4,"07:36",7,36,"Tuesday","Slight",1,"Slight","Motorcycle over 500cc rider or passenger","Driver or rider","Male",49,"A","Single carriageway",30,"Unclassified","Not a Pedestrian","Not a Pedestrian",426996,437458,"E01011685",2,"T or staggered junction","Daylight","Fine no high winds","Dry","Motorcyclist and pillion"
"337","2014131340463",2014-03-04,2014,"Mar",4,"11:11",11,11,"Tuesday","Slight",1,"Slight","Car occupant","Passenger","Female",3,"A(M)","Dual carriageway",70,NA,"Not a Pedestrian","Not a Pedestrian",441635,444450,"E01011707",2,"Not at junction or within 20 metres","Daylight","Fine no high winds","Dry","Car occupant"
"338","2014131341172",2014-03-04,2014,"Mar",4,"17:37",17,37,"Tuesday","Slight",1,"Slight","Goods vehicle (7.5 tonnes mgw and over) occupant","Driver or rider","Male",42,"Motorway","Dual carriageway",50,"A","Not a Pedestrian","Not a Pedestrian",430325,424149,"E01011537",1,"Slip road","Daylight","Fine no high winds","Dry","Bus and goods vehicle occupant"
"339","2014131341363",2014-03-04,2014,"Mar",4,"18:59",18,59,"Tuesday","Slight",2,"Slight","Car occupant","Driver or rider","Male",29,"Unclassified","Single carriageway",30,NA,"Not a Pedestrian","Not a Pedestrian",429321,430673,"E01011314",2,"Not at junction or within 20 metres","Darkness - lights lit","Fine no high winds","Dry","Car occupant"
"340","2014131341363",2014-03-04,2014,"Mar",4,"18:59",18,59,"Tuesday","Slight",2,"Slight","Car occupant","Passenger","Female",23,"Unclassified","Single carriageway",30,NA,"Not a Pedestrian","Not a Pedestrian",429321,430673,"E01011314",2,"Not at junction or within 20 metres","Darkness - lights lit","Fine no high winds","Dry","Car occupant"
"341","2014131341397",2014-03-04,2014,"Mar",4,"19:15",19,15,"Tuesday","Slight",1,"Slight","Car occupant","Driver or rider","Male",44,"Unclassified","Single carriageway",30,"Unclassified","Not a Pedestrian","Not a Pedestrian",432120,432882,"E01011625",2,"T or staggered junction","Darkness - lights lit","Fine no high winds","Dry","Car occupant"
"342","2014131350602",2014-03-05,2014,"Mar",5,"12:00",12,0,"Wednesday","Slight",1,"Slight","Pedestrian","Pedestrian","Male",69,"Unclassified","Single carriageway",30,NA,"In carriageway, not crossing","In carriageway, stationary - not crossing  (standing or playing) - masked by parked or stationary vehicle",429689,427938,"E01011497",1,"Not at junction or within 20 metres","Daylight","Fine no high winds","Dry","Pedestrian"
"343","2014131360958",2014-03-05,2014,"Mar",5,"12:30",12,30,"Wednesday","Slight",1,"Slight","Cyclist","Driver or rider","Male",42,"A","Single carriageway",30,NA,"Not a Pedestrian","Not a Pedestrian",429050,433526,"E01033008",2,"Not at junction or within 20 metres","Daylight","Fine no high winds","Dry","Cyclist"
"344","2014131351484",2014-03-05,2014,"Mar",5,"19:00",19,0,"Wednesday","Slight",1,"Slight","Car occupant","Passenger","Male",13,"A","Single carriageway",30,"Unclassified","Not a Pedestrian","Not a Pedestrian",421715,440990,"E01032503",2,"T or staggered junction","Darkness - lights lit","Fine no high winds","Dry","Car occupant"
"345","2014131360255",2014-03-06,2014,"Mar",6,"08:47",8,47,"Thursday","Slight",1,"Slight","Cyclist","Driver or rider","Male",48,"A","Single carriageway",30,"Unclassified","Not a Pedestrian","Not a Pedestrian",427180,434761,"E01011482",2,"T or staggered junction","Daylight","Fine no high winds","Dry","Cyclist"
"346","2014131361391",2014-03-06,2014,"Mar",6,"19:35",19,35,"Thursday","Slight",1,"Slight","Cyclist","Driver or rider","Male",49,"A","Roundabout",30,"A","Not a Pedestrian","Not a Pedestrian",435951,428252,"E01011635",1,"Roundabout","Darkness - lights lit","Fine no high winds","Wet or damp","Cyclist"
"347","2014131370605",2014-03-07,2014,"Mar",7,"01:12",1,12,"Friday","Slight",1,"Slight","Car occupant","Driver or rider","Female",33,"Unclassified","Single carriageway",30,NA,"Not a Pedestrian","Not a Pedestrian",424253,433564,"E01011608",3,"Not at junction or within 20 metres","Daylight","Fine no high winds","Dry","Car occupant"
"348","2014131370105",2014-03-07,2014,"Mar",7,"02:35",2,35,"Friday","Slight",1,"Slight","Car occupant","Driver or rider","Male",23,"Unclassified","Single carriageway",60,NA,"Not a Pedestrian","Not a Pedestrian",422649,440068,"E01011580",1,"Not at junction or within 20 metres","Darkness - no lighting","Fine no high winds","Wet or damp","Car occupant"
"349","2014131371061",2014-03-07,2014,"Mar",7,"08:15",8,15,"Friday","Slight",1,"Slight","Pedestrian","Pedestrian","Male",13,"B","Single carriageway",30,NA,"Unknown or other","Unknown or other",422218,433361,"E01011612",1,"Not at junction or within 20 metres","Daylight","Fine no high winds","Dry","Pedestrian"
"350","2014131370281",2014-03-07,2014,"Mar",7,"08:45",8,45,"Friday","Serious",3,"Slight","Car occupant","Driver or rider","Male",57,"A","Dual carriageway",40,"Unclassified","Not a Pedestrian","Not a Pedestrian",433177,434019,"E01011617",3,"T or staggered junction","Daylight","Fine no high winds","Wet or damp","Car occupant"
"351","2014131370281",2014-03-07,2014,"Mar",7,"08:45",8,45,"Friday","Serious",3,"Serious","Car occupant","Passenger","Male",7,"A","Dual carriageway",40,"Unclassified","Not a Pedestrian","Not a Pedestrian",433177,434019,"E01011617",3,"T or staggered junction","Daylight","Fine no high winds","Wet or damp","Car occupant"
"352","2014131370281",2014-03-07,2014,"Mar",7,"08:45",8,45,"Friday","Serious",3,"Slight","Motorcycle over 500cc rider or passenger","Driver or rider","Male",38,"A","Dual carriageway",40,"Unclassified","Not a Pedestrian","Not a Pedestrian",433177,434019,"E01011617",3,"T or staggered junction","Daylight","Fine no high winds","Wet or damp","Motorcyclist and pillion"
"353","2014131370413",2014-03-07,2014,"Mar",7,"10:10",10,10,"Friday","Serious",1,"Serious","Pedestrian","Pedestrian","Female",43,"Unclassified","Single carriageway",30,NA,"In carriageway, not crossing","Unknown or other",426124,437014,"E01011485",2,"Not at junction or within 20 metres","Daylight","Fine no high winds","Wet or damp","Pedestrian"
"354","2014131371067",2014-03-07,2014,"Mar",7,"15:00",15,0,"Friday","Slight",1,"Slight","Pedestrian","Pedestrian","Female",12,"Unclassified","Single carriageway",30,"Unclassified","On footway or verge","Unknown or other",428097,434762,"E01011481",1,"Private drive or entrance","Daylight","Fine no high winds","Dry","Pedestrian"
"355","2014131371129",2014-03-07,2014,"Mar",7,"16:20",16,20,"Friday","Slight",1,"Slight","Pedestrian","Pedestrian","Male",14,"A","Dual carriageway",40,"A","Crossing elsewhere within 50m. of pedestrian crossing","Crossing from driver's nearside",433909,434031,"E01011346",1,"T or staggered junction","Daylight","Fine no high winds","Dry","Pedestrian"
"356","2014131370345",2014-03-07,2014,"Mar",7,"17:17",17,17,"Friday","Slight",1,"Slight","Cyclist","Driver or rider","Male",38,"B","Single carriageway",30,"Unclassified","Not a Pedestrian","Not a Pedestrian",420792,439584,"E01011278",2,"T or staggered junction","Daylight","Raining no high winds","Wet or damp","Cyclist"
"357","2014131371450",2014-03-07,2014,"Mar",7,"17:56",17,56,"Friday","Slight",1,"Slight","Bus or coach occupant (17 or more pass seats)","Passenger","Female",85,"Unclassified","Single carriageway",30,NA,"Not a Pedestrian","Not a Pedestrian",430393,433628,"E01033010",1,"Not at junction or within 20 metres","Daylight","Fine no high winds","Dry","Bus and goods vehicle occupant"
"358","2014131371538",2014-03-07,2014,"Mar",7,"19:31",19,31,"Friday","Slight",2,"Slight","Car occupant","Driver or rider","Female",28,"Unclassified","Single carriageway",30,"Unclassified","Not a Pedestrian","Not a Pedestrian",423475,434036,"E01011608",2,"Crossroads","Darkness - lights lit","Fine no high winds","Dry","Car occupant"
"359","2014131371538",2014-03-07,2014,"Mar",7,"19:31",19,31,"Friday","Slight",2,"Slight","Car occupant","Driver or rider","Male",33,"Unclassified","Single carriageway",30,"Unclassified","Not a Pedestrian","Not a Pedestrian",423475,434036,"E01011608",2,"Crossroads","Darkness - lights lit","Fine no high winds","Dry","Car occupant"
"360","2014131371569",2014-03-07,2014,"Mar",7,"19:40",19,40,"Friday","Slight",3,"Slight","Car occupant","Driver or rider","Male",32,"Unclassified","Single carriageway",30,"Unclassified","Not a Pedestrian","Not a Pedestrian",432914,437027,"E01011643",2,"T or staggered junction","Darkness - lights lit","Fine no high winds","Wet or damp","Car occupant"
"361","2014131371569",2014-03-07,2014,"Mar",7,"19:40",19,40,"Friday","Slight",3,"Slight","Car occupant","Passenger","Male",18,"Unclassified","Single carriageway",30,"Unclassified","Not a Pedestrian","Not a Pedestrian",432914,437027,"E01011643",2,"T or staggered junction","Darkness - lights lit","Fine no high winds","Wet or damp","Car occupant"
"362","2014131371569",2014-03-07,2014,"Mar",7,"19:40",19,40,"Friday","Slight",3,"Slight","Car occupant","Passenger","Male",31,"Unclassified","Single carriageway",30,"Unclassified","Not a Pedestrian","Not a Pedestrian",432914,437027,"E01011643",2,"T or staggered junction","Darkness - lights lit","Fine no high winds","Wet or damp","Car occupant"
"363","2014131371872",2014-03-07,2014,"Mar",7,"21:30",21,30,"Friday","Slight",1,"Slight","Cyclist","Driver or rider","Male",26,"Unclassified","Single carriageway",30,NA,"Not a Pedestrian","Not a Pedestrian",429440,431732,"E01011364",2,"Not at junction or within 20 metres","Darkness - lights lit","Fine no high winds","Dry","Cyclist"
"364","2014131380117",2014-03-08,2014,"Mar",8,"01:30",1,30,"Saturday","Serious",1,"Serious","Car occupant","Driver or rider","Male",21,"A","Single carriageway",50,NA,"Not a Pedestrian","Not a Pedestrian",435678,440221,"E01011311",1,"Not at junction or within 20 metres","Darkness - no lighting","Fine no high winds","Dry","Car occupant"
"365","2014131380112",2014-03-08,2014,"Mar",8,"01:48",1,48,"Saturday","Slight",2,"Slight","Car occupant","Passenger","Male",25,"Unclassified","Single carriageway",30,"Unclassified","Not a Pedestrian","Not a Pedestrian",435539,438368,"E01011714",3,"Roundabout","Darkness - lights lit","Fine no high winds","Dry","Car occupant"
"366","2014131380112",2014-03-08,2014,"Mar",8,"01:48",1,48,"Saturday","Slight",2,"Slight","Car occupant","Driver or rider","Female",38,"Unclassified","Single carriageway",30,"Unclassified","Not a Pedestrian","Not a Pedestrian",435539,438368,"E01011714",3,"Roundabout","Darkness - lights lit","Fine no high winds","Dry","Car occupant"
"367","2014131380791",2014-03-08,2014,"Mar",8,"12:45",12,45,"Saturday","Slight",2,"Slight","Car occupant","Driver or rider","Female",26,"Unclassified","Single carriageway",30,"Unclassified","Not a Pedestrian","Not a Pedestrian",428054,435266,"E01011446",2,"T or staggered junction","Daylight","Fine no high winds","Dry","Car occupant"
"368","2014131380791",2014-03-08,2014,"Mar",8,"12:45",12,45,"Saturday","Slight",2,"Slight","Car occupant","Passenger","Female",17,"Unclassified","Single carriageway",30,"Unclassified","Not a Pedestrian","Not a Pedestrian",428054,435266,"E01011446",2,"T or staggered junction","Daylight","Fine no high winds","Dry","Car occupant"
"369","2014131380828",2014-03-08,2014,"Mar",8,"13:00",13,0,"Saturday","Slight",1,"Slight","Car occupant","Driver or rider","Male",35,"A","Single carriageway",40,NA,"Not a Pedestrian","Not a Pedestrian",435745,436866,"E01011661",2,"Not at junction or within 20 metres","Daylight","Fine no high winds","Dry","Car occupant"
"370","2014131380848",2014-03-08,2014,"Mar",8,"13:15",13,15,"Saturday","Slight",1,"Slight","Pedestrian","Pedestrian","Male",21,"Unclassified","Single carriageway",20,"Unclassified","On footway or verge","Unknown or other",429586,431001,"E01011312",2,"Crossroads","Daylight","Fine no high winds","Wet or damp","Pedestrian"
"371","2014131380852",2014-03-08,2014,"Mar",8,"13:20",13,20,"Saturday","Slight",1,"Slight","Car occupant","Driver or rider","Female",63,"A","Dual carriageway",40,"A","Not a Pedestrian","Not a Pedestrian",428897,425984,"E01011538",3,"T or staggered junction","Daylight","Fine no high winds","Dry","Car occupant"
"372","2014131381183",2014-03-08,2014,"Mar",8,"16:05",16,5,"Saturday","Serious",2,"Slight","Car occupant","Driver or rider","Male",59,"A","Dual carriageway",40,"Unclassified","Not a Pedestrian","Not a Pedestrian",426767,438353,"E01011684",2,"T or staggered junction","Daylight","Fine no high winds","Dry","Car occupant"
"373","2014131381183",2014-03-08,2014,"Mar",8,"16:05",16,5,"Saturday","Serious",2,"Serious","Car occupant","Passenger","Female",49,"A","Dual carriageway",40,"Unclassified","Not a Pedestrian","Not a Pedestrian",426767,438353,"E01011684",2,"T or staggered junction","Daylight","Fine no high winds","Dry","Car occupant"
"374","2014131381501",2014-03-08,2014,"Mar",8,"18:25",18,25,"Saturday","Serious",1,"Serious","Pedestrian","Pedestrian","Female",42,"Unclassified","Single carriageway",30,"Unclassified","In carriageway, crossing elsewhere","Crossing from driver's offside",431013,428461,"E01011466",1,"T or staggered junction","Darkness - lights lit","Fine no high winds","Dry","Pedestrian"
"375","2014131381775",2014-03-08,2014,"Mar",8,"20:45",20,45,"Saturday","Slight",1,"Slight","Pedestrian","Pedestrian","Male",14,"C","Single carriageway",40,NA,"Unknown or other","Crossing from driver's nearside",432494,436620,"E01011645",1,"Not at junction or within 20 metres","Darkness - lights lit","Fine no high winds","Dry","Pedestrian"
"376","2014131390139",2014-03-09,2014,"Mar",9,"01:12",1,12,"Sunday","Slight",1,"Slight","Car occupant","Passenger","Male",43,"Unclassified","Single carriageway",30,"Unclassified","Not a Pedestrian","Not a Pedestrian",428065,435017,"E01011446",2,"T or staggered junction","Daylight","Fine no high winds","Dry","Car occupant"
"377","2014130096680",2014-03-09,2014,"Mar",9,"02:00",2,0,"Sunday","Slight",2,"Slight","Car occupant","Driver or rider","Male",22,"A(M)","Single carriageway",30,NA,"Not a Pedestrian","Not a Pedestrian",430278,434313,"E01033010",1,"Not at junction or within 20 metres","Daylight","Fine no high winds","Dry","Car occupant"
"378","2014130096680",2014-03-09,2014,"Mar",9,"02:00",2,0,"Sunday","Slight",2,"Slight","Car occupant","Passenger","Male",29,"A(M)","Single carriageway",30,NA,"Not a Pedestrian","Not a Pedestrian",430278,434313,"E01033010",1,"Not at junction or within 20 metres","Daylight","Fine no high winds","Dry","Car occupant"
"379","2014131390527",2014-03-09,2014,"Mar",9,"08:50",8,50,"Sunday","Serious",3,"Slight","Car occupant","Driver or rider","Female",27,"A","Single carriageway",30,NA,"Not a Pedestrian","Not a Pedestrian",427286,434701,"E01011482",2,"Not at junction or within 20 metres","Daylight","Fine no high winds","Dry","Car occupant"
"380","2014131390527",2014-03-09,2014,"Mar",9,"08:50",8,50,"Sunday","Serious",3,"Serious","Car occupant","Driver or rider","Female",58,"A","Single carriageway",30,NA,"Not a Pedestrian","Not a Pedestrian",427286,434701,"E01011482",2,"Not at junction or within 20 metres","Daylight","Fine no high winds","Dry","Car occupant"
"381","2014131390527",2014-03-09,2014,"Mar",9,"08:50",8,50,"Sunday","Serious",3,"Serious","Car occupant","Passenger","Male",28,"A","Single carriageway",30,NA,"Not a Pedestrian","Not a Pedestrian",427286,434701,"E01011482",2,"Not at junction or within 20 metres","Daylight","Fine no high winds","Dry","Car occupant"
"382","2014131390747",2014-03-09,2014,"Mar",9,"11:40",11,40,"Sunday","Slight",1,"Slight","Car occupant","Driver or rider","Female",25,"Unclassified","Single carriageway",30,"Unclassified","Not a Pedestrian","Not a Pedestrian",430442,437754,"E01011351",2,"T or staggered junction","Daylight","Fine no high winds","Dry","Car occupant"
"383","2014131391022",2014-03-09,2014,"Mar",9,"14:08",14,8,"Sunday","Serious",1,"Serious","Pedestrian","Pedestrian","Female",80,"Unclassified","Single carriageway",30,NA,"On footway or verge","Unknown or other",431502,439988,"E01011568",1,"Not at junction or within 20 metres","Daylight","Fine no high winds","Dry","Pedestrian"
"384","2014131391128",2014-03-09,2014,"Mar",9,"15:02",15,2,"Sunday","Slight",1,"Slight","Motorcycle over 125cc and up to 500cc rider or  passenger","Driver or rider","Male",21,"A","Single carriageway",30,"Unclassified","Not a Pedestrian","Not a Pedestrian",427265,429573,"E01011518",2,"T or staggered junction","Daylight","Fine no high winds","Dry","Motorcyclist and pillion"
"385","2014131391182",2014-03-09,2014,"Mar",9,"15:34",15,34,"Sunday","Serious",1,"Serious","Motorcycle over 500cc rider or passenger","Driver or rider","Male",44,"Unclassified","Single carriageway",50,NA,"Not a Pedestrian","Not a Pedestrian",444584,427870,"E01011299",1,"Not at junction or within 20 metres","Daylight","Fine no high winds","Dry","Motorcyclist and pillion"
"386","2014131391335",2014-03-09,2014,"Mar",9,"16:25",16,25,"Sunday","Slight",1,"Slight","Car occupant","Driver or rider","Female",53,"A(M)","Dual carriageway",70,NA,"Not a Pedestrian","Not a Pedestrian",443071,440722,"E01011712",1,"Not at junction or within 20 metres","Daylight","Fine no high winds","Dry","Car occupant"
"387","2014131391658",2014-03-09,2014,"Mar",9,"18:50",18,50,"Sunday","Slight",1,"Slight","Car occupant","Passenger","Male",32,"A","Single carriageway",30,NA,"Not a Pedestrian","Not a Pedestrian",426098,428269,"E01011525",2,"Not at junction or within 20 metres","Darkness - lights lit","Fine no high winds","Dry","Car occupant"
"388","20141313A0258",2014-03-10,2014,"Mar",10,"08:15",8,15,"Monday","Slight",1,"Slight","Car occupant","Driver or rider","Female",33,"Unclassified","Single carriageway",30,NA,"Not a Pedestrian","Not a Pedestrian",426948,431887,"E01011736",2,"Not at junction or within 20 metres","Daylight","Fine no high winds","Dry","Car occupant"
"389","20141313A0340",2014-03-10,2014,"Mar",10,"09:04",9,4,"Monday","Serious",1,"Serious","Pedestrian","Pedestrian","Male",35,"Unclassified","One way street",30,"Unclassified","Crossing on pedestrian crossing facility","Crossing from driver's nearside",430373,433501,"E01033010",1,"T or staggered junction","Daylight","Fine no high winds","Dry","Pedestrian"
"390","20141313A0504",2014-03-10,2014,"Mar",10,"10:33",10,33,"Monday","Serious",1,"Serious","Pedestrian","Pedestrian","Male",66,"Unclassified","Single carriageway",30,"Unclassified","On footway or verge","Unknown or other",430417,433473,"E01033010",1,"T or staggered junction","Daylight","Fine no high winds","Dry","Pedestrian"
"391","20141313A0547",2014-03-10,2014,"Mar",10,"11:00",11,0,"Monday","Slight",1,"Slight","Motorcycle 125cc and under rider or passenger","Driver or rider","Male",41,"A","Single carriageway",30,NA,"Not a Pedestrian","Not a Pedestrian",435887,428211,"E01011635",2,"Not at junction or within 20 metres","Daylight","Fine no high winds","Dry","Motorcyclist and pillion"
"392","20141313H1020",2014-03-10,2014,"Mar",10,"13:20",13,20,"Monday","Slight",1,"Slight","Cyclist","Driver or rider","Male",23,"Unclassified","One way street",30,"Unclassified","Not a Pedestrian","Not a Pedestrian",426529,427462,"E01011541",2,"T or staggered junction","Daylight","Fine no high winds","Dry","Cyclist"
"393","20141313A0930",2014-03-10,2014,"Mar",10,"14:20",14,20,"Monday","Slight",1,"Slight","Van / Goods vehicle (3.5 tonnes mgw or under) occupant","Driver or rider","Male",55,"Unclassified","Single carriageway",30,"Unclassified","Not a Pedestrian","Not a Pedestrian",430412,437824,"E01011350",2,"T or staggered junction","Daylight","Fine no high winds","Dry","Bus and goods vehicle occupant"
"394","20141313A1241",2014-03-10,2014,"Mar",10,"15:30",15,30,"Monday","Slight",1,"Slight","Pedestrian","Pedestrian","Male",2,"Unclassified","Single carriageway",30,NA,"On footway or verge","Unknown or other",432651,436884,"E01011645",1,"Not at junction or within 20 metres","Daylight","Fine no high winds","Dry","Pedestrian"
"395","20141313B1202",2014-03-10,2014,"Mar",10,"16:30",16,30,"Monday","Slight",1,"Slight","Van / Goods vehicle (3.5 tonnes mgw or under) occupant","Driver or rider","Male",38,"A","Dual carriageway",30,"A","Not a Pedestrian","Not a Pedestrian",430752,434606,"E01011671",2,"Other junction","Daylight","Fine no high winds","Dry","Bus and goods vehicle occupant"
"396","20141313A1269",2014-03-10,2014,"Mar",10,"16:46",16,46,"Monday","Slight",1,"Slight","Pedestrian","Pedestrian","Male",15,"Unclassified","Single carriageway",30,"Unclassified","In carriageway, crossing elsewhere","Crossing from driver's nearside",424189,434783,"E01011334",1,"Other junction","Daylight","Fine no high winds","Dry","Pedestrian"
"397","20141313A1346",2014-03-10,2014,"Mar",10,"17:05",17,5,"Monday","Slight",1,"Slight","Cyclist","Driver or rider","Male",27,"A","Dual carriageway",70,NA,"Not a Pedestrian","Not a Pedestrian",429071,438560,"E01011559",2,"Not at junction or within 20 metres","Daylight","Fine no high winds","Dry","Cyclist"
"398","20141313A1369",2014-03-10,2014,"Mar",10,"17:23",17,23,"Monday","Slight",1,"Slight","Cyclist","Driver or rider","Male",37,"A","Dual carriageway",40,NA,"Not a Pedestrian","Not a Pedestrian",433727,434053,"E01011346",3,"Not at junction or within 20 metres","Daylight","Fine no high winds","Dry","Cyclist"
"399","20141313A1484",2014-03-10,2014,"Mar",10,"18:11",18,11,"Monday","Slight",1,"Slight","Car occupant","Driver or rider","Female",46,"A","Dual carriageway",70,NA,"Not a Pedestrian","Not a Pedestrian",421063,434217,"E01011599",2,"Not at junction or within 20 metres","Daylight","Fine no high winds","Dry","Car occupant"
"400","20141313A1569",2014-03-10,2014,"Mar",10,"18:40",18,40,"Monday","Slight",3,"Slight","Van / Goods vehicle (3.5 tonnes mgw or under) occupant","Driver or rider","Female",38,"Unclassified","Single carriageway",30,"Unclassified","Not a Pedestrian","Not a Pedestrian",427179,434996,"E01011480",2,"Crossroads","Darkness - lights lit","Fine no high winds","Dry","Bus and goods vehicle occupant"
"401","20141313A1569",2014-03-10,2014,"Mar",10,"18:40",18,40,"Monday","Slight",3,"Slight","Motorcycle 125cc and under rider or passenger","Driver or rider","Male",19,"Unclassified","Single carriageway",30,"Unclassified","Not a Pedestrian","Not a Pedestrian",427179,434996,"E01011480",2,"Crossroads","Darkness - lights lit","Fine no high winds","Dry","Motorcyclist and pillion"
"402","20141313A1569",2014-03-10,2014,"Mar",10,"18:40",18,40,"Monday","Slight",3,"Slight","Motorcycle 125cc and under rider or passenger","Passenger","Female",18,"Unclassified","Single carriageway",30,"Unclassified","Not a Pedestrian","Not a Pedestrian",427179,434996,"E01011480",2,"Crossroads","Darkness - lights lit","Fine no high winds","Dry","Motorcyclist and pillion"
"403","20141313A1983",2014-03-10,2014,"Mar",10,"19:50",19,50,"Monday","Slight",1,"Slight","Bus or coach occupant (17 or more pass seats)","Passenger","Female",69,"Unclassified","One way street",30,"A","Not a Pedestrian","Not a Pedestrian",429081,433520,"E01033008",1,"Other junction","Darkness - lights lit","Fine no high winds","Dry","Bus and goods vehicle occupant"
"404","20141313A1716",2014-03-10,2014,"Mar",10,"19:55",19,55,"Monday","Slight",2,"Slight","Car occupant","Driver or rider","Male",24,"Unclassified","Single carriageway",20,"Unclassified","Not a Pedestrian","Not a Pedestrian",431763,434920,"E01011677",3,"Crossroads","Darkness - lights lit","Fine no high winds","Dry","Car occupant"
"405","20141313A1716",2014-03-10,2014,"Mar",10,"19:55",19,55,"Monday","Slight",2,"Slight","Car occupant","Driver or rider","Male",43,"Unclassified","Single carriageway",20,"Unclassified","Not a Pedestrian","Not a Pedestrian",431763,434920,"E01011677",3,"Crossroads","Darkness - lights lit","Fine no high winds","Dry","Car occupant"
"406","20141313B0933",2014-03-10,2014,"Mar",10,"20:10",20,10,"Monday","Slight",3,"Slight","Car occupant","Driver or rider","Female",34,"Unclassified","Single carriageway",30,"Unclassified","Not a Pedestrian","Not a Pedestrian",428001,435414,"E01011441",2,"T or staggered junction","Darkness - lights lit","Fine no high winds","Dry","Car occupant"
"407","20141313B0933",2014-03-10,2014,"Mar",10,"20:10",20,10,"Monday","Slight",3,"Slight","Car occupant","Passenger","Female",11,"Unclassified","Single carriageway",30,"Unclassified","Not a Pedestrian","Not a Pedestrian",428001,435414,"E01011441",2,"T or staggered junction","Darkness - lights lit","Fine no high winds","Dry","Car occupant"
"408","20141313B0933",2014-03-10,2014,"Mar",10,"20:10",20,10,"Monday","Slight",3,"Slight","Car occupant","Passenger","Female",6,"Unclassified","Single carriageway",30,"Unclassified","Not a Pedestrian","Not a Pedestrian",428001,435414,"E01011441",2,"T or staggered junction","Darkness - lights lit","Fine no high winds","Dry","Car occupant"
"409","20141313B0159",2014-03-11,2014,"Mar",11,"07:00",7,0,"Tuesday","Slight",1,"Slight","Pedestrian","Pedestrian","Female",26,"C","Single carriageway",40,NA,"Crossing on pedestrian crossing facility","Crossing from driver's nearside",424642,434453,"E01011336",1,"Not at junction or within 20 metres","Daylight","Fine no high winds","Dry","Pedestrian"
"410","20141313B0165",2014-03-11,2014,"Mar",11,"07:13",7,13,"Tuesday","Slight",2,"Slight","Van / Goods vehicle (3.5 tonnes mgw or under) occupant","Driver or rider","Male",59,"A","Single carriageway",60,NA,"Not a Pedestrian","Not a Pedestrian",424597,445107,"E01011570",2,"Not at junction or within 20 metres","Daylight","Fine no high winds","Frost or ice","Bus and goods vehicle occupant"