"","accident_index","date","year","month","day","time","time_hour","time_minute","day_of_week","accident_severity","number_of_casualties","casualty_severity","casualty_type","casualty_class","sex_of_casualty","age_of_casualty","first_road_class","road_type","speed_limit","second_road_class","pedestrian_location","pedestrian_movement","location_easting_osgr","location_northing_osgr","lsoa_of_accident_location","number_of_vehicles","junction_detail","light_conditions","weather_conditions","road_surface_conditions","cas_type"
"411","20141313B0165",2014-03-11,2014,"Mar",11,"07:13",7,13,"Tuesday","Slight",2,"Slight","Van / Goods vehicle (3.5 tonnes mgw or under) occupant","Passenger","Male",49,"A","Single carriageway",60,NA,"Not a Pedestrian","Not a Pedestrian",424597,445107,"E01011570",2,"Not at junction or within 20 metres","Daylight","Fine no high winds","Frost or ice","Bus and goods vehicle occupant"
"412","20141313B0844",2014-03-11,2014,"Mar",11,"14:27",14,27,"Tuesday","Slight",2,"Slight","Car occupant","Driver or rider","Male",19,"A","Dual carriageway",40,"Unclassified","Not a Pedestrian","Not a Pedestrian",430842,439685,"E01011557",2,"T or staggered junction","Daylight","Fine no high winds","Dry","Car occupant"
"413","20141313B0844",2014-03-11,2014,"Mar",11,"14:27",14,27,"Tuesday","Slight",2,"Slight","Car occupant","Passenger","Male",18,"A","Dual carriageway",40,"Unclassified","Not a Pedestrian","Not a Pedestrian",430842,439685,"E01011557",2,"T or staggered junction","Daylight","Fine no high winds","Dry","Car occupant"
"414","20141313B0966",2014-03-11,2014,"Mar",11,"15:30",15,30,"Tuesday","Slight",1,"Slight","Pedestrian","Pedestrian","Male",9,"Unclassified","Single carriageway",30,NA,"In carriageway, crossing elsewhere","Crossing from nearside - masked by parked or stationary vehicle",424944,435693,"E01011326",1,"Not at junction or within 20 metres","Daylight","Fine no high winds","Dry","Pedestrian"
"415","20141313B1000",2014-03-11,2014,"Mar",11,"15:43",15,43,"Tuesday","Slight",1,"Slight","Car occupant","Passenger","Female",57,"A","Dual carriageway",40,"Unclassified","Not a Pedestrian","Not a Pedestrian",433181,434012,"E01011617",2,"T or staggered junction","Daylight","Fine no high winds","Dry","Car occupant"
"416","20141313B1726",2014-03-11,2014,"Mar",11,"17:45",17,45,"Tuesday","Slight",1,"Slight","Cyclist","Driver or rider","Female",43,"Unclassified","Single carriageway",30,"Unclassified","Not a Pedestrian","Not a Pedestrian",430233,435116,"E01011671",2,"T or staggered junction","Daylight","Fine no high winds","Dry","Cyclist"
"417","20141313C0182",2014-03-12,2014,"Mar",12,"07:20",7,20,"Wednesday","Slight",1,"Slight","Cyclist","Driver or rider","Male",25,"Unclassified","One way street",30,"Unclassified","Not a Pedestrian","Not a Pedestrian",429557,431568,"E01011364",3,"Crossroads","Daylight","Fine no high winds","Dry","Cyclist"
"418","20141313C0533",2014-03-12,2014,"Mar",12,"11:50",11,50,"Wednesday","Slight",1,"Slight","Van / Goods vehicle (3.5 tonnes mgw or under) occupant","Driver or rider","Male",52,"Unclassified","Single carriageway",30,NA,"Not a Pedestrian","Not a Pedestrian",427083,433353,"E01011292",2,"Not at junction or within 20 metres","Daylight","Fine no high winds","Dry","Bus and goods vehicle occupant"
"419","20141313C0794",2014-03-12,2014,"Mar",12,"14:30",14,30,"Wednesday","Slight",1,"Slight","Van / Goods vehicle (3.5 tonnes mgw or under) occupant","Passenger","Female",33,"Unclassified","Single carriageway",30,NA,"Not a Pedestrian","Not a Pedestrian",437569,432828,"E01011411",1,"Not at junction or within 20 metres","Daylight","Fine no high winds","Dry","Bus and goods vehicle occupant"
"420","20141313C0932",2014-03-12,2014,"Mar",12,"15:43",15,43,"Wednesday","Slight",1,"Slight","Car occupant","Driver or rider","Female",30,"A","Single carriageway",30,"Unclassified","Not a Pedestrian","Not a Pedestrian",429757,434504,"E01033005",2,"T or staggered junction","Daylight","Fine no high winds","Dry","Car occupant"
"421","20141313C1139",2014-03-12,2014,"Mar",12,"17:05",17,5,"Wednesday","Slight",2,"Slight","Car occupant","Driver or rider","Male",60,"Unclassified","Single carriageway",30,"Unclassified","Not a Pedestrian","Not a Pedestrian",428128,432799,"E01011363",2,"T or staggered junction","Daylight","Fine no high winds","Dry","Car occupant"
"422","20141313C1139",2014-03-12,2014,"Mar",12,"17:05",17,5,"Wednesday","Slight",2,"Slight","Car occupant","Passenger","Male",24,"Unclassified","Single carriageway",30,"Unclassified","Not a Pedestrian","Not a Pedestrian",428128,432799,"E01011363",2,"T or staggered junction","Daylight","Fine no high winds","Dry","Car occupant"
"423","20141313C1243",2014-03-12,2014,"Mar",12,"17:45",17,45,"Wednesday","Slight",1,"Slight","Car occupant","Passenger","Female",12,"Unclassified","Single carriageway",30,"Unclassified","Not a Pedestrian","Not a Pedestrian",423341,433944,"E01011609",2,"T or staggered junction","Daylight","Fine no high winds","Dry","Car occupant"
"424","20141313D1047",2014-03-13,2014,"Mar",13,"16:00",16,0,"Thursday","Slight",1,"Slight","Car occupant","Driver or rider","Male",28,"Unclassified","Single carriageway",30,"Unclassified","Not a Pedestrian","Not a Pedestrian",428628,434846,"E01011448",2,"T or staggered junction","Daylight","Fine no high winds","Dry","Car occupant"
"425","20141313D1367",2014-03-13,2014,"Mar",13,"18:25",18,25,"Thursday","Slight",1,"Slight","Car occupant","Driver or rider","Male",33,"A","Single carriageway",30,NA,"Not a Pedestrian","Not a Pedestrian",426905,437500,"E01011685",2,"Not at junction or within 20 metres","Darkness - lights lit","Fine no high winds","Dry","Car occupant"
"426","20141313D1532",2014-03-13,2014,"Mar",13,"19:31",19,31,"Thursday","Serious",1,"Serious","Pedestrian","Pedestrian","Female",19,"Unclassified","One way street",30,NA,"Crossing on pedestrian crossing facility","Crossing from driver's offside",430122,433931,"E01033010",1,"Not at junction or within 20 metres","Darkness - lights lit","Fine no high winds","Dry","Pedestrian"
"427","20141313E0793",2014-03-14,2014,"Mar",14,"13:30",13,30,"Friday","Slight",1,"Slight","Pedestrian","Pedestrian","Female",32,"Unclassified","Single carriageway",30,"Unclassified","Unknown or other","Unknown or other",431001,430771,"E01011471",1,"T or staggered junction","Daylight","Fine no high winds","Dry","Pedestrian"
"428","20141313E0964",2014-03-14,2014,"Mar",14,"15:04",15,4,"Friday","Slight",2,"Slight","Car occupant","Driver or rider","Male",46,"A","Roundabout",40,"Motorway","Not a Pedestrian","Not a Pedestrian",431977,430314,"E01011469",2,"Roundabout","Daylight","Fine no high winds","Dry","Car occupant"
"429","20141313E0964",2014-03-14,2014,"Mar",14,"15:04",15,4,"Friday","Slight",2,"Slight","Car occupant","Passenger","Male",26,"A","Roundabout",40,"Motorway","Not a Pedestrian","Not a Pedestrian",431977,430314,"E01011469",2,"Roundabout","Daylight","Fine no high winds","Dry","Car occupant"
"430","20141313E1560",2014-03-14,2014,"Mar",14,"15:15",15,15,"Friday","Slight",1,"Slight","Car occupant","Driver or rider","Female",23,"B","Single carriageway",40,"Unclassified","Not a Pedestrian","Not a Pedestrian",423189,434669,"E01011335",2,"Other junction","Daylight","Fine no high winds","Dry","Car occupant"
"431","20141313E1326",2014-03-14,2014,"Mar",14,"17:45",17,45,"Friday","Slight",1,"Slight","Motorcycle over 500cc rider or passenger","Driver or rider","Male",26,"A","Single carriageway",60,NA,"Not a Pedestrian","Not a Pedestrian",422824,437426,"E01011452",2,"Not at junction or within 20 metres","Daylight","Fine no high winds","Dry","Motorcyclist and pillion"
"432","20141313E1456",2014-03-14,2014,"Mar",14,"18:50",18,50,"Friday","Serious",1,"Serious","Pedestrian","Pedestrian","Female",38,"Unclassified","One way street",30,NA,"Crossing on pedestrian crossing facility","Crossing from driver's offside",429763,433924,"E01033008",1,"Not at junction or within 20 metres","Darkness - lights lit","Fine no high winds","Dry","Pedestrian"
"433","20141313E1621",2014-03-14,2014,"Mar",14,"19:05",19,5,"Friday","Slight",1,"Slight","Bus or coach occupant (17 or more pass seats)","Passenger","Male",59,"Unclassified","Single carriageway",30,NA,"Not a Pedestrian","Not a Pedestrian",431705,434161,"E01011677",1,"Not at junction or within 20 metres","Daylight","Fine no high winds","Dry","Bus and goods vehicle occupant"
"434","20141313F0092",2014-03-15,2014,"Mar",15,"00:58",0,58,"Saturday","Slight",2,"Slight","Cyclist","Driver or rider","Male",26,"Unclassified","Single carriageway",30,"Unclassified","Not a Pedestrian","Not a Pedestrian",427996,435194,"E01011446",3,"T or staggered junction","Darkness - lights lit","Fine no high winds","Dry","Cyclist"
"435","20141313F0092",2014-03-15,2014,"Mar",15,"00:58",0,58,"Saturday","Slight",2,"Slight","Cyclist","Passenger","Female",27,"Unclassified","Single carriageway",30,"Unclassified","Not a Pedestrian","Not a Pedestrian",427996,435194,"E01011446",3,"T or staggered junction","Darkness - lights lit","Fine no high winds","Dry","Cyclist"
"436","20141313B0318",2014-03-15,2014,"Mar",15,"08:30",8,30,"Saturday","Slight",1,"Slight","Pedestrian","Pedestrian","Male",53,"Unclassified","Single carriageway",30,NA,"On footway or verge","Unknown or other",435806,433195,"E01011420",1,"Not at junction or within 20 metres","Daylight","Fine no high winds","Dry","Pedestrian"
"437","20141313F0439",2014-03-15,2014,"Mar",15,"08:55",8,55,"Saturday","Slight",1,"Slight","Car occupant","Driver or rider","Male",19,"A","Single carriageway",50,"Unclassified","Not a Pedestrian","Not a Pedestrian",423264,429759,"E01011520",2,"Private drive or entrance","Daylight","Fine no high winds","Dry","Car occupant"
"438","20141313F1387",2014-03-15,2014,"Mar",15,"18:18",18,18,"Saturday","Slight",2,"Slight","Car occupant","Passenger","Male",21,"A","Slip road",40,"Unclassified","Not a Pedestrian","Not a Pedestrian",430220,434373,"E01033002",2,"Slip road","Daylight","Fine no high winds","Dry","Car occupant"
"439","20141313F1387",2014-03-15,2014,"Mar",15,"18:18",18,18,"Saturday","Slight",2,"Slight","Car occupant","Passenger","Male",21,"A","Slip road",40,"Unclassified","Not a Pedestrian","Not a Pedestrian",430220,434373,"E01033002",2,"Slip road","Daylight","Fine no high winds","Dry","Car occupant"
"440","20141313G0153",2014-03-16,2014,"Mar",16,"01:40",1,40,"Sunday","Slight",1,"Slight","Car occupant","Driver or rider","Male",22,"Unclassified","Single carriageway",30,NA,"Not a Pedestrian","Not a Pedestrian",426280,436703,"E01011485",2,"Not at junction or within 20 metres","Darkness - lights lit","Fine no high winds","Dry","Car occupant"
"441","20141313G0847",2014-03-16,2014,"Mar",16,"14:00",14,0,"Sunday","Slight",1,"Slight","Car occupant","Driver or rider","Female",53,"B","Single carriageway",40,"Unclassified","Not a Pedestrian","Not a Pedestrian",423571,435451,"E01011330",2,"T or staggered junction","Daylight","Fine no high winds","Dry","Car occupant"
"442","20141313G1190",2014-03-16,2014,"Mar",16,"17:00",17,0,"Sunday","Serious",1,"Serious","Car occupant","Passenger","Male",56,"Unclassified","Roundabout",30,"Unclassified","Not a Pedestrian","Not a Pedestrian",425184,437759,"E01011464",2,"Roundabout","Daylight","Fine no high winds","Dry","Car occupant"
"443","20141313G1491",2014-03-16,2014,"Mar",16,"19:52",19,52,"Sunday","Slight",1,"Slight","Cyclist","Driver or rider","Female",23,"Unclassified","Single carriageway",30,"Unclassified","Not a Pedestrian","Not a Pedestrian",431412,438792,"E01011508",2,"T or staggered junction","Darkness - lights lit","Fine no high winds","Dry","Cyclist"
"444","20141313G1506",2014-03-16,2014,"Mar",16,"19:59",19,59,"Sunday","Serious",3,"Serious","Car occupant","Driver or rider","Female",39,"A","One way street",60,NA,"Not a Pedestrian","Not a Pedestrian",435855,426141,"E01011636",2,"Not at junction or within 20 metres","Darkness - lights lit","Fine no high winds","Dry","Car occupant"
"445","20141313G1506",2014-03-16,2014,"Mar",16,"19:59",19,59,"Sunday","Serious",3,"Serious","Motorcycle over 500cc rider or passenger","Driver or rider","Male",44,"A","One way street",60,NA,"Not a Pedestrian","Not a Pedestrian",435855,426141,"E01011636",2,"Not at junction or within 20 metres","Darkness - lights lit","Fine no high winds","Dry","Motorcyclist and pillion"
"446","20141313G1506",2014-03-16,2014,"Mar",16,"19:59",19,59,"Sunday","Serious",3,"Serious","Motorcycle over 500cc rider or passenger","Passenger","Female",46,"A","One way street",60,NA,"Not a Pedestrian","Not a Pedestrian",435855,426141,"E01011636",2,"Not at junction or within 20 metres","Darkness - lights lit","Fine no high winds","Dry","Motorcyclist and pillion"
"447","20141313H0001",2014-03-17,2014,"Mar",17,"00:01",0,1,"Monday","Serious",1,"Serious","Car occupant","Driver or rider","Male",32,"Unclassified","Single carriageway",30,"Unclassified","Not a Pedestrian","Not a Pedestrian",428093,436746,"E01011692",2,"T or staggered junction","Darkness - lights lit","Fine no high winds","Dry","Car occupant"
"448","20141313H1135",2014-03-17,2014,"Mar",17,"16:40",16,40,"Monday","Slight",1,"Slight","Cyclist","Driver or rider","Male",43,"A","Single carriageway",30,"Unclassified","Not a Pedestrian","Not a Pedestrian",417932,443178,"E01011266",2,"T or staggered junction","Daylight","Fine no high winds","Dry","Cyclist"
"449","20141313H1290",2014-03-17,2014,"Mar",17,"17:50",17,50,"Monday","Slight",2,"Slight","Cyclist","Driver or rider","Male",29,"A","Single carriageway",30,NA,"Not a Pedestrian","Not a Pedestrian",427944,436111,"E01011440",2,"Not at junction or within 20 metres","Daylight","Fine no high winds","Dry","Cyclist"
"450","20141313H1290",2014-03-17,2014,"Mar",17,"17:50",17,50,"Monday","Slight",2,"Slight","Pedestrian","Pedestrian","Female",31,"A","Single carriageway",30,NA,"In carriageway, crossing elsewhere","Crossing from driver's nearside",427944,436111,"E01011440",2,"Not at junction or within 20 metres","Daylight","Fine no high winds","Dry","Pedestrian"
"451","20141313I0589",2014-03-18,2014,"Mar",18,"07:55",7,55,"Tuesday","Slight",1,"Slight","Van / Goods vehicle (3.5 tonnes mgw or under) occupant","Driver or rider","Male",32,"Unclassified","Single carriageway",30,NA,"Not a Pedestrian","Not a Pedestrian",439961,429819,"E01011392",2,"Not at junction or within 20 metres","Daylight","Fine no high winds","Wet or damp","Bus and goods vehicle occupant"
"452","20141313I0372",2014-03-18,2014,"Mar",18,"09:45",9,45,"Tuesday","Slight",2,"Slight","Car occupant","Driver or rider","Female",40,"A","Dual carriageway",70,NA,"Not a Pedestrian","Not a Pedestrian",422219,433959,"E01011610",2,"Not at junction or within 20 metres","Daylight","Raining no high winds","Wet or damp","Car occupant"
"453","20141313I0372",2014-03-18,2014,"Mar",18,"09:45",9,45,"Tuesday","Slight",2,"Slight","Car occupant","Passenger","Female",53,"A","Dual carriageway",70,NA,"Not a Pedestrian","Not a Pedestrian",422219,433959,"E01011610",2,"Not at junction or within 20 metres","Daylight","Raining no high winds","Wet or damp","Car occupant"
"454","20141313I0530",2014-03-18,2014,"Mar",18,"11:30",11,30,"Tuesday","Slight",1,"Slight","Cyclist","Driver or rider","Male",17,"A","Single carriageway",30,"Unclassified","Not a Pedestrian","Not a Pedestrian",427995,436011,"E01011440",2,"T or staggered junction","Daylight","Fine no high winds","Wet or damp","Cyclist"
"455","20141313I0848",2014-03-18,2014,"Mar",18,"14:26",14,26,"Tuesday","Serious",1,"Serious","Car occupant","Passenger","Male",27,"Unclassified","Single carriageway",60,NA,"Not a Pedestrian","Not a Pedestrian",422422,440320,"E01032503",1,"Not at junction or within 20 metres","Daylight","Raining + high winds","Wet or damp","Car occupant"
"456","20141313R0938",2014-03-18,2014,"Mar",18,"15:00",15,0,"Tuesday","Slight",1,"Slight","Pedestrian","Pedestrian","Female",53,"A","Dual carriageway",40,NA,"Crossing on pedestrian crossing facility","Crossing from driver's nearside",428342,429522,"E01011531",1,"Not at junction or within 20 metres","Daylight","Fine no high winds","Dry","Pedestrian"
"457","20141313I1315",2014-03-18,2014,"Mar",18,"16:50",16,50,"Tuesday","Slight",1,"Slight","Car occupant","Driver or rider","Female",37,"Unclassified","Single carriageway",30,NA,"Not a Pedestrian","Not a Pedestrian",429076,432222,"E01033013",2,"Not at junction or within 20 metres","Daylight","Fine no high winds","Dry","Car occupant"
"458","20141313I1211",2014-03-18,2014,"Mar",18,"17:30",17,30,"Tuesday","Slight",2,"Slight","Car occupant","Driver or rider","Female",46,"A","Slip road",40,"A","Not a Pedestrian","Not a Pedestrian",428433,429155,"E01011531",3,"Slip road","Daylight","Fine no high winds","Dry","Car occupant"
"459","20141313I1211",2014-03-18,2014,"Mar",18,"17:30",17,30,"Tuesday","Slight",2,"Slight","Car occupant","Driver or rider","Male",50,"A","Slip road",40,"A","Not a Pedestrian","Not a Pedestrian",428433,429155,"E01011531",3,"Slip road","Daylight","Fine no high winds","Dry","Car occupant"
"460","20141313I1435",2014-03-18,2014,"Mar",18,"19:05",19,5,"Tuesday","Slight",2,"Slight","Car occupant","Driver or rider","Male",48,"Unclassified","Roundabout",30,"Unclassified","Not a Pedestrian","Not a Pedestrian",436072,435562,"E01011665",2,"Roundabout","Daylight","Fine no high winds","Dry","Car occupant"
"461","20141313I1435",2014-03-18,2014,"Mar",18,"19:05",19,5,"Tuesday","Slight",2,"Slight","Car occupant","Passenger","Female",45,"Unclassified","Roundabout",30,"Unclassified","Not a Pedestrian","Not a Pedestrian",436072,435562,"E01011665",2,"Roundabout","Daylight","Fine no high winds","Dry","Car occupant"
"462","20141313J0595",2014-03-19,2014,"Mar",19,"12:00",12,0,"Wednesday","Slight",2,"Slight","Taxi/Private hire car occupant","Passenger","Female",25,"Unclassified","Single carriageway",30,NA,"Not a Pedestrian","Not a Pedestrian",428969,432374,"E01033013",3,"Not at junction or within 20 metres","Daylight","Fine no high winds","Dry","Car occupant"
"463","20141313J0595",2014-03-19,2014,"Mar",19,"12:00",12,0,"Wednesday","Slight",2,"Slight","Van / Goods vehicle (3.5 tonnes mgw or under) occupant","Driver or rider","Male",26,"Unclassified","Single carriageway",30,NA,"Not a Pedestrian","Not a Pedestrian",428969,432374,"E01033013",3,"Not at junction or within 20 metres","Daylight","Fine no high winds","Dry","Bus and goods vehicle occupant"
"464","20141313J0641",2014-03-19,2014,"Mar",19,"12:20",12,20,"Wednesday","Serious",1,"Serious","Pedestrian","Pedestrian","Male",29,"Unclassified","Single carriageway",30,NA,"In carriageway, not crossing","Unknown or other",429725,433797,"E01033008",1,"Not at junction or within 20 metres","Daylight","Fine no high winds","Dry","Pedestrian"
"465","20141313J1191",2014-03-19,2014,"Mar",19,"16:50",16,50,"Wednesday","Serious",1,"Serious","Pedestrian","Pedestrian","Female",12,"B","Single carriageway",30,"Unclassified","In carriageway, crossing elsewhere","Crossing from driver's offside",433341,426310,"E01011500",1,"T or staggered junction","Daylight","Fine no high winds","Dry","Pedestrian"
"466","20141313J1522",2014-03-19,2014,"Mar",19,"19:20",19,20,"Wednesday","Slight",1,"Slight","Cyclist","Driver or rider","Male",70,"Unclassified","Single carriageway",30,"Unclassified","Not a Pedestrian","Not a Pedestrian",436025,428954,"E01032488",2,"T or staggered junction","Darkness - lights lit","Fine no high winds","Dry","Cyclist"
"467","20141313J1600",2014-03-19,2014,"Mar",19,"20:10",20,10,"Wednesday","Serious",1,"Serious","Pedestrian","Pedestrian","Male",58,"Unclassified","Dual carriageway",30,NA,"In carriageway, not crossing","Unknown or other",430894,433487,"E01033011",1,"Not at junction or within 20 metres","Darkness - lights lit","Fine no high winds","Dry","Pedestrian"
"468","20141313J1621",2014-03-19,2014,"Mar",19,"20:16",20,16,"Wednesday","Serious",1,"Serious","Cyclist","Driver or rider","Male",46,"A","Single carriageway",30,"Unclassified","Not a Pedestrian","Not a Pedestrian",420429,440371,"E01011277",2,"T or staggered junction","Darkness - lights lit","Fine no high winds","Dry","Cyclist"
"469","20141313J1631",2014-03-19,2014,"Mar",19,"20:23",20,23,"Wednesday","Slight",2,"Slight","Motorcycle over 500cc rider or passenger","Driver or rider","Male",19,"Unclassified","Single carriageway",30,NA,"Not a Pedestrian","Not a Pedestrian",426340,427880,"E01011541",1,"Not at junction or within 20 metres","Darkness - lights lit","Fine no high winds","Dry","Motorcyclist and pillion"
"470","20141313J1631",2014-03-19,2014,"Mar",19,"20:23",20,23,"Wednesday","Slight",2,"Slight","Motorcycle over 500cc rider or passenger","Passenger","Male",23,"Unclassified","Single carriageway",30,NA,"Not a Pedestrian","Not a Pedestrian",426340,427880,"E01011541",1,"Not at junction or within 20 metres","Darkness - lights lit","Fine no high winds","Dry","Motorcyclist and pillion"
"471","20141313J1709",2014-03-19,2014,"Mar",19,"20:30",20,30,"Wednesday","Slight",1,"Slight","Car occupant","Driver or rider","Male",20,"Unclassified","Single carriageway",30,NA,"Not a Pedestrian","Not a Pedestrian",425264,432374,"E01011726",2,"Not at junction or within 20 metres","Darkness - lights lit","Fine no high winds","Dry","Car occupant"
"472","20141313K0302",2014-03-20,2014,"Mar",20,"08:30",8,30,"Thursday","Slight",1,"Slight","Motorcycle 125cc and under rider or passenger","Driver or rider","Male",23,"Unclassified","Single carriageway",30,"Unclassified","Not a Pedestrian","Not a Pedestrian",435746,436957,"E01011720",2,"T or staggered junction","Daylight","Fine + high winds","Dry","Motorcyclist and pillion"
"473","20141313K0579",2014-03-20,2014,"Mar",20,"11:28",11,28,"Thursday","Slight",2,"Slight","Car occupant","Passenger","Male",43,"Unclassified","Single carriageway",30,"Unclassified","Not a Pedestrian","Not a Pedestrian",430349,432103,"E01033016",2,"T or staggered junction","Daylight","Fine no high winds","Dry","Car occupant"
"474","20141313K0579",2014-03-20,2014,"Mar",20,"11:28",11,28,"Thursday","Slight",2,"Slight","Car occupant","Passenger","Male",32,"Unclassified","Single carriageway",30,"Unclassified","Not a Pedestrian","Not a Pedestrian",430349,432103,"E01033016",2,"T or staggered junction","Daylight","Fine no high winds","Dry","Car occupant"
"475","20141313K1040",2014-03-20,2014,"Mar",20,"16:00",16,0,"Thursday","Slight",1,"Slight","Car occupant","Passenger","Male",37,"A","Dual carriageway",40,NA,"Not a Pedestrian","Not a Pedestrian",428533,431789,"E01011366",2,"Not at junction or within 20 metres","Daylight","Raining no high winds","Wet or damp","Car occupant"
"476","20141313K1360",2014-03-20,2014,"Mar",20,"18:30",18,30,"Thursday","Slight",2,"Slight","Bus or coach occupant (17 or more pass seats)","Passenger","Female",34,"Unclassified","Single carriageway",30,NA,"Not a Pedestrian","Not a Pedestrian",441964,430747,"E01011303",2,"Not at junction or within 20 metres","Darkness - lights lit","Raining + high winds","Wet or damp","Bus and goods vehicle occupant"
"477","20141313K1360",2014-03-20,2014,"Mar",20,"18:30",18,30,"Thursday","Slight",2,"Slight","Bus or coach occupant (17 or more pass seats)","Passenger","Female",26,"Unclassified","Single carriageway",30,NA,"Not a Pedestrian","Not a Pedestrian",441964,430747,"E01011303",2,"Not at junction or within 20 metres","Darkness - lights lit","Raining + high winds","Wet or damp","Bus and goods vehicle occupant"
"478","20141313L0228",2014-03-21,2014,"Mar",21,"08:00",8,0,"Friday","Slight",2,"Slight","Car occupant","Driver or rider","Male",37,"A","Roundabout",60,"A","Not a Pedestrian","Not a Pedestrian",442150,434453,"E01011297",2,"Roundabout","Daylight","Fine no high winds","Dry","Car occupant"
"479","20141313L0228",2014-03-21,2014,"Mar",21,"08:00",8,0,"Friday","Slight",2,"Slight","Car occupant","Driver or rider","Male",22,"A","Roundabout",60,"A","Not a Pedestrian","Not a Pedestrian",442150,434453,"E01011297",2,"Roundabout","Daylight","Fine no high winds","Dry","Car occupant"
"480","20141313L0235",2014-03-21,2014,"Mar",21,"08:00",8,0,"Friday","Slight",1,"Slight","Pedestrian","Pedestrian","Male",14,"B","Single carriageway",30,NA,"In carriageway, crossing elsewhere","Crossing from driver's nearside",440411,449270,"E01011700",1,"Not at junction or within 20 metres","Daylight","Fine no high winds","Dry","Pedestrian"
"481","20141313L0588",2014-03-21,2014,"Mar",21,"08:20",8,20,"Friday","Slight",2,"Slight","Car occupant","Driver or rider","Female",28,"A","Dual carriageway",40,NA,"Not a Pedestrian","Not a Pedestrian",432752,433899,"E01011348",2,"Not at junction or within 20 metres","Daylight","Fine no high winds","Dry","Car occupant"
"482","20141313L0588",2014-03-21,2014,"Mar",21,"08:20",8,20,"Friday","Slight",2,"Slight","Car occupant","Driver or rider","Female",26,"A","Dual carriageway",40,NA,"Not a Pedestrian","Not a Pedestrian",432752,433899,"E01011348",2,"Not at junction or within 20 metres","Daylight","Fine no high winds","Dry","Car occupant"
"483","20141313L0279",2014-03-21,2014,"Mar",21,"09:30",9,30,"Friday","Slight",1,"Slight","Car occupant","Driver or rider","Male",23,"A","Single carriageway",40,NA,"Not a Pedestrian","Not a Pedestrian",419287,444956,"E01011571",2,"Not at junction or within 20 metres","Daylight","Fine no high winds","Dry","Car occupant"
"484","20141313L0388",2014-03-21,2014,"Mar",21,"10:00",10,0,"Friday","Slight",2,"Slight","Car occupant","Driver or rider","Male",80,"A","Single carriageway",30,"Unclassified","Not a Pedestrian","Not a Pedestrian",441055,432040,"E01011302",2,"T or staggered junction","Daylight","Fine no high winds","Dry","Car occupant"
"485","20141313L0388",2014-03-21,2014,"Mar",21,"10:00",10,0,"Friday","Slight",2,"Slight","Car occupant","Driver or rider","Female",36,"A","Single carriageway",30,"Unclassified","Not a Pedestrian","Not a Pedestrian",441055,432040,"E01011302",2,"T or staggered junction","Daylight","Fine no high winds","Dry","Car occupant"
"486","20141313M0649",2014-03-21,2014,"Mar",21,"14:30",14,30,"Friday","Serious",1,"Serious","Pedestrian","Pedestrian","Male",43,"Unclassified","Single carriageway",20,NA,"On footway or verge","Unknown or other",431776,435617,"E01011422",1,"Not at junction or within 20 metres","Daylight","Raining no high winds","Wet or damp","Pedestrian"
"487","20141313L0870",2014-03-21,2014,"Mar",21,"14:43",14,43,"Friday","Slight",1,"Slight","Car occupant","Driver or rider","Female",55,"Unclassified","Single carriageway",30,NA,"Not a Pedestrian","Not a Pedestrian",432412,433608,"E01011618",3,"Not at junction or within 20 metres","Daylight","Raining no high winds","Wet or damp","Car occupant"
"488","20141313L0918",2014-03-21,2014,"Mar",21,"15:07",15,7,"Friday","Slight",1,"Slight","Motorcycle 50cc and under rider or passenger","Driver or rider","Male",24,"A","Dual carriageway",30,NA,"Not a Pedestrian","Not a Pedestrian",430411,432774,"E01033016",2,"Not at junction or within 20 metres","Daylight","Fine no high winds","Dry","Motorcyclist and pillion"
"489","20141313L0966",2014-03-21,2014,"Mar",21,"15:24",15,24,"Friday","Serious",1,"Serious","Pedestrian","Pedestrian","Male",14,"Unclassified","One way street",30,NA,"In carriageway, not crossing","Unknown or other",426934,433318,"E01011292",1,"Not at junction or within 20 metres","Daylight","Fine no high winds","Dry","Pedestrian"
"490","20141313L1105",2014-03-21,2014,"Mar",21,"16:10",16,10,"Friday","Slight",1,"Slight","Motorcycle over 500cc rider or passenger","Driver or rider","Male",31,"Unclassified","Single carriageway",30,NA,"Not a Pedestrian","Not a Pedestrian",428359,425453,"E01011553",2,"Not at junction or within 20 metres","Daylight","Fine no high winds","Dry","Motorcyclist and pillion"
"491","20141313L1513",2014-03-21,2014,"Mar",21,"16:30",16,30,"Friday","Slight",1,"Slight","Car occupant","Driver or rider","Female",48,"Unclassified","Single carriageway",30,"Unclassified","Not a Pedestrian","Not a Pedestrian",431983,433425,"E01011623",2,"Other junction","Daylight","Fine no high winds","Dry","Car occupant"
"492","20141313L1684",2014-03-21,2014,"Mar",21,"21:05",21,5,"Friday","Slight",2,"Slight","Car occupant","Driver or rider","Male",19,"Unclassified","Single carriageway",30,NA,"Not a Pedestrian","Not a Pedestrian",429695,440820,"E01011563",2,"Not at junction or within 20 metres","Darkness - lights lit","Fine no high winds","Wet or damp","Car occupant"
"493","20141313L1684",2014-03-21,2014,"Mar",21,"21:05",21,5,"Friday","Slight",2,"Slight","Car occupant","Driver or rider","Male",51,"Unclassified","Single carriageway",30,NA,"Not a Pedestrian","Not a Pedestrian",429695,440820,"E01011563",2,"Not at junction or within 20 metres","Darkness - lights lit","Fine no high winds","Wet or damp","Car occupant"