"","accident_index","date","year","month","day","time","time_hour","time_minute","day_of_week","accident_severity","number_of_casualties","casualty_severity","casualty_type","casualty_class","sex_of_casualty","age_of_casualty","first_road_class","road_type","speed_limit","second_road_class","pedestrian_location","pedestrian_movement","location_easting_osgr","location_northing_osgr","lsoa_of_accident_location","number_of_vehicles","junction_detail","light_conditions","weather_conditions","road_surface_conditions","cas_type"
"494","20141313M0191",2014-03-22,2014,"Mar",22,"02:10",2,10,"Saturday","Slight",1,"Slight","Pedestrian","Pedestrian","Female",24,"Unclassified","Single carriageway",30,NA,"In centre of carriageway - not on refuge, island or central reservation","Crossing from driver's offside",430017,434106,"E01033010",1,"Not at junction or within 20 metres","Darkness - lights lit","Fine no high winds","Dry","Pedestrian"
"495","20141313M0454",2014-03-22,2014,"Mar",22,"09:31",9,31,"Saturday","Slight",2,"Slight","Car occupant","Driver or rider","Female",45,"Unclassified","Roundabout",30,"Unclassified","Not a Pedestrian","Not a Pedestrian",430091,435427,"E01011670",2,"Mini-roundabout","Daylight","Fine no high winds","Dry","Car occupant"
"496","20141313M0454",2014-03-22,2014,"Mar",22,"09:31",9,31,"Saturday","Slight",2,"Slight","Car occupant","Driver or rider","Female",48,"Unclassified","Roundabout",30,"Unclassified","Not a Pedestrian","Not a Pedestrian",430091,435427,"E01011670",2,"Mini-roundabout","Daylight","Fine no high winds","Dry","Car occupant"
"497","20141313M0677",2014-03-22,2014,"Mar",22,"11:00",11,0,"Saturday","Slight",1,"Slight","Pedestrian","Pedestrian","Female",26,"Unclassified","Single carriageway",30,"Unclassified","In carriageway, crossing elsewhere","Crossing from driver's nearside",432633,434930,"E01011433",1,"T or staggered junction","Daylight","Fine no high winds","Wet or damp","Pedestrian"
"498","20141313M1660",2014-03-22,2014,"Mar",22,"21:25",21,25,"Saturday","Slight",1,"Slight","Car occupant","Driver or rider","Male",23,"Unclassified","Single carriageway",30,NA,"Not a Pedestrian","Not a Pedestrian",430608,428392,"E01032497",2,"Not at junction or within 20 metres","Darkness - lights lit","Fine no high winds","Dry","Car occupant"
"499","20141313N0595",2014-03-23,2014,"Mar",23,"11:20",11,20,"Sunday","Serious",1,"Serious","Cyclist","Driver or rider","Male",50,"Unclassified","Single carriageway",30,"Unclassified","Not a Pedestrian","Not a Pedestrian",436363,442994,"E01011713",2,"Private drive or entrance","Daylight","Fine no high winds","Dry","Cyclist"
"500","20141313N0837",2014-03-23,2014,"Mar",23,"13:40",13,40,"Sunday","Slight",1,"Slight","Cyclist","Driver or rider","Female",32,"Unclassified","Dual carriageway",30,"Unclassified","Not a Pedestrian","Not a Pedestrian",429283,433483,"E01033015",2,"T or staggered junction","Daylight","Fine no high winds","Dry","Cyclist"
"501","20141313N1021",2014-03-23,2014,"Mar",23,"15:37",15,37,"Sunday","Slight",1,"Slight","Cyclist","Driver or rider","Male",50,"C","Single carriageway",60,NA,"Not a Pedestrian","Not a Pedestrian",415878,441903,"E01011270",2,"Not at junction or within 20 metres","Daylight","Fine no high winds","Wet or damp","Cyclist"
"502","20141313Q0798",2014-03-23,2014,"Mar",23,"15:45",15,45,"Sunday","Slight",1,"Slight","Car occupant","Driver or rider","Female",27,"Unclassified","Single carriageway",30,"Unclassified","Not a Pedestrian","Not a Pedestrian",432441,433802,"E01011348",2,"Roundabout","Daylight","Fine no high winds","Dry","Car occupant"
"503","20141313N1371",2014-03-23,2014,"Mar",23,"18:40",18,40,"Sunday","Slight",3,"Slight","Car occupant","Driver or rider","Male",18,"A","One way street",30,"Unclassified","Not a Pedestrian","Not a Pedestrian",432524,427558,"E01011496",2,"Crossroads","Darkness - lights lit","Fine no high winds","Wet or damp","Car occupant"
"504","20141313N1371",2014-03-23,2014,"Mar",23,"18:40",18,40,"Sunday","Slight",3,"Slight","Car occupant","Passenger","Male",18,"A","One way street",30,"Unclassified","Not a Pedestrian","Not a Pedestrian",432524,427558,"E01011496",2,"Crossroads","Darkness - lights lit","Fine no high winds","Wet or damp","Car occupant"
"505","20141313N1371",2014-03-23,2014,"Mar",23,"18:40",18,40,"Sunday","Slight",3,"Slight","Car occupant","Driver or rider","Male",50,"A","One way street",30,"Unclassified","Not a Pedestrian","Not a Pedestrian",432524,427558,"E01011496",2,"Crossroads","Darkness - lights lit","Fine no high winds","Wet or damp","Car occupant"
"506","20141313O0187",2014-03-24,2014,"Mar",24,"07:00",7,0,"Monday","Serious",1,"Serious","Motorcycle 50cc and under rider or passenger","Driver or rider","Male",24,"Unclassified","Single carriageway",30,"Unclassified","Not a Pedestrian","Not a Pedestrian",431233,431502,"E01011467",1,"Crossroads","Daylight","Fine no high winds","Frost or ice","Motorcyclist and pillion"
"507","20141313P0833",2014-03-24,2014,"Mar",24,"07:58",7,58,"Monday","Slight",1,"Slight","Car occupant","Driver or rider","Male",37,"Unclassified","Single carriageway",30,"Unclassified","Not a Pedestrian","Not a Pedestrian",429643,432935,"E01033015",2,"Other junction","Daylight","Fine no high winds","Dry","Car occupant"
"508","20141313P1304",2014-03-24,2014,"Mar",24,"08:40",8,40,"Monday","Slight",1,"Slight","Cyclist","Driver or rider","Male",60,"A","Single carriageway",30,"Unclassified","Not a Pedestrian","Not a Pedestrian",426885,437514,"E01011685",2,"T or staggered junction","Daylight","Fine no high winds","Dry","Cyclist"
"509","20141313O0431",2014-03-24,2014,"Mar",24,"10:10",10,10,"Monday","Slight",2,"Slight","Car occupant","Passenger","Female",45,"Unclassified","Single carriageway",30,"Unclassified","Not a Pedestrian","Not a Pedestrian",429206,430689,"E01011314",2,"Crossroads","Daylight","Fine no high winds","Dry","Car occupant"
"510","20141313O0431",2014-03-24,2014,"Mar",24,"10:10",10,10,"Monday","Slight",2,"Slight","Car occupant","Passenger","Female",36,"Unclassified","Single carriageway",30,"Unclassified","Not a Pedestrian","Not a Pedestrian",429206,430689,"E01011314",2,"Crossroads","Daylight","Fine no high winds","Dry","Car occupant"
"511","20141313O0844",2014-03-24,2014,"Mar",24,"14:14",14,14,"Monday","Slight",1,"Slight","Van / Goods vehicle (3.5 tonnes mgw or under) occupant","Passenger","Male",17,"A","Single carriageway",40,NA,"Not a Pedestrian","Not a Pedestrian",425113,431080,"E01011738",2,"Not at junction or within 20 metres","Daylight","Fine no high winds","Dry","Bus and goods vehicle occupant"
"512","20141313O0950",2014-03-24,2014,"Mar",24,"15:03",15,3,"Monday","Slight",1,"Slight","Car occupant","Driver or rider","Female",50,"Unclassified","Single carriageway",30,"Unclassified","Not a Pedestrian","Not a Pedestrian",432069,438283,"E01011654",2,"Crossroads","Daylight","Fine no high winds","Dry","Car occupant"
"513","20141313O1210",2014-03-24,2014,"Mar",24,"15:15",15,15,"Monday","Slight",1,"Slight","Pedestrian","Pedestrian","Male",5,"Unclassified","Single carriageway",30,"Unclassified","In carriageway, crossing elsewhere","Crossing from driver's offside",429660,431505,"E01011373",1,"T or staggered junction","Daylight","Fine no high winds","Dry","Pedestrian"
"514","20141313O1326",2014-03-24,2014,"Mar",24,"16:53",16,53,"Monday","Slight",1,"Slight","Cyclist","Driver or rider","Male",24,"Unclassified","One way street",30,"A","Not a Pedestrian","Not a Pedestrian",430295,432105,"E01033016",2,"Slip road","Daylight","Fine no high winds","Dry","Cyclist"
"515","20141313P1129",2014-03-24,2014,"Mar",24,"17:00",17,0,"Monday","Slight",1,"Slight","Car occupant","Driver or rider","Female",46,"Unclassified","Slip road",30,"Unclassified","Not a Pedestrian","Not a Pedestrian",421434,434073,"E01011587",1,"Slip road","Daylight","Fine no high winds","Wet or damp","Car occupant"
"516","20141313O1289",2014-03-24,2014,"Mar",24,"17:15",17,15,"Monday","Slight",1,"Slight","Cyclist","Driver or rider","Male",48,"A","Dual carriageway",30,"Unclassified","Not a Pedestrian","Not a Pedestrian",429915,432727,"E01033032",2,"T or staggered junction","Daylight","Fine no high winds","Dry","Cyclist"
"517","20141313O1465",2014-03-24,2014,"Mar",24,"18:20",18,20,"Monday","Slight",1,"Slight","Pedestrian","Pedestrian","Male",10,"Unclassified","Single carriageway",30,NA,"In carriageway, crossing elsewhere","Crossing from nearside - masked by parked or stationary vehicle",418836,444983,"E01011573",1,"Not at junction or within 20 metres","Daylight","Fine no high winds","Dry","Pedestrian"
"518","20141313P1086",2014-03-24,2014,"Mar",24,"18:40",18,40,"Monday","Serious",1,"Serious","Pedestrian","Pedestrian","Male",77,"Unclassified","Single carriageway",30,"A","In carriageway, crossing elsewhere","Crossing from driver's nearside",443621,445279,"E01011711",1,"T or staggered junction","Daylight","Fine no high winds","Dry","Pedestrian"
"519","20141313O1815",2014-03-24,2014,"Mar",24,"21:30",21,30,"Monday","Slight",2,"Slight","Taxi/Private hire car occupant","Passenger","Female",42,"Unclassified","Single carriageway",30,"Unclassified","Not a Pedestrian","Not a Pedestrian",429601,432563,"E01033032",2,"Crossroads","Darkness - lights lit","Fine no high winds","Wet or damp","Car occupant"
"520","20141313O1815",2014-03-24,2014,"Mar",24,"21:30",21,30,"Monday","Slight",2,"Slight","Car occupant","Driver or rider","Male",23,"Unclassified","Single carriageway",30,"Unclassified","Not a Pedestrian","Not a Pedestrian",429601,432563,"E01033032",2,"Crossroads","Darkness - lights lit","Fine no high winds","Wet or damp","Car occupant"
"521","20141313Q0520",2014-03-25,2014,"Mar",25,"10:10",10,10,"Tuesday","Slight",1,"Slight","Bus or coach occupant (17 or more pass seats)","Passenger","Female",81,"Unclassified","Single carriageway",30,NA,"Not a Pedestrian","Not a Pedestrian",432305,436439,"E01011647",1,"Not at junction or within 20 metres","Daylight","Fine no high winds","Dry","Bus and goods vehicle occupant"
"522","20141313P1022",2014-03-25,2014,"Mar",25,"16:00",16,0,"Tuesday","Slight",1,"Slight","Cyclist","Driver or rider","Male",46,"A","Single carriageway",40,"B","Not a Pedestrian","Not a Pedestrian",433148,426330,"E01011500",2,"Crossroads","Daylight","Fine no high winds","Wet or damp","Cyclist"
"523","20141313P1326",2014-03-25,2014,"Mar",25,"16:41",16,41,"Tuesday","Slight",1,"Slight","Cyclist","Driver or rider","Male",43,"Unclassified","Roundabout",30,"Unclassified","Not a Pedestrian","Not a Pedestrian",430633,433696,"E01033010",2,"Roundabout","Daylight","Fine no high winds","Wet or damp","Cyclist"
"524","20141313Q0406",2014-03-26,2014,"Mar",26,"10:43",10,43,"Wednesday","Slight",1,"Slight","Pedestrian","Pedestrian","Male",86,"B","One way street",40,"Unclassified","On footway or verge","Unknown or other",429949,438539,"E01011510",1,"Roundabout","Daylight","Fine no high winds","Dry","Pedestrian"
"525","20141313Q1311",2014-03-26,2014,"Mar",26,"19:01",19,1,"Wednesday","Slight",1,"Slight","Car occupant","Driver or rider","Male",37,"Unclassified","Single carriageway",30,"Unclassified","Not a Pedestrian","Not a Pedestrian",425552,435157,"E01011281",2,"Crossroads","Darkness - lights lit","Raining no high winds","Wet or damp","Car occupant"
"526","20141313Q1501",2014-03-26,2014,"Mar",26,"20:41",20,41,"Wednesday","Slight",1,"Slight","Car occupant","Passenger","Female",22,"Unclassified","Single carriageway",30,"Unclassified","Not a Pedestrian","Not a Pedestrian",426207,437136,"E01011485",2,"T or staggered junction","Darkness - lights lit","Raining no high winds","Wet or damp","Car occupant"
"527","20141313Q1522",2014-03-26,2014,"Mar",26,"20:50",20,50,"Wednesday","Slight",1,"Slight","Pedestrian","Pedestrian","Male",25,"Unclassified","Single carriageway",30,"A","Crossing on pedestrian crossing facility","Crossing from driver's nearside",429309,435030,"E01033005",1,"T or staggered junction","Darkness - lights lit","Raining no high winds","Wet or damp","Pedestrian"
"528","20141313R0074",2014-03-27,2014,"Mar",27,"02:10",2,10,"Thursday","Slight",1,"Slight","Car occupant","Driver or rider","Male",20,"A","Dual carriageway",40,"Unclassified","Not a Pedestrian","Not a Pedestrian",436075,436613,"E01011720",5,"T or staggered junction","Darkness - lights lit","Fine no high winds","Wet or damp","Car occupant"
"529","20141313R0189",2014-03-27,2014,"Mar",27,"07:50",7,50,"Thursday","Slight",1,"Slight","Pedestrian","Pedestrian","Male",46,"Unclassified","Single carriageway",30,NA,"In carriageway, not crossing","In carriageway, stationary - not crossing  (standing or playing)",435059,427770,"E01011636",1,"Not at junction or within 20 metres","Daylight","Fine no high winds","Dry","Pedestrian"
"530","20141313R0193",2014-03-27,2014,"Mar",27,"07:54",7,54,"Thursday","Slight",2,"Slight","Car occupant","Passenger","Female",28,"Motorway","Dual carriageway",70,NA,"Not a Pedestrian","Not a Pedestrian",432973,425922,"E01011500",3,"Not at junction or within 20 metres","Daylight","Fine no high winds","Wet or damp","Car occupant"
"531","20141313R0193",2014-03-27,2014,"Mar",27,"07:54",7,54,"Thursday","Slight",2,"Slight","Car occupant","Driver or rider","Male",46,"Motorway","Dual carriageway",70,NA,"Not a Pedestrian","Not a Pedestrian",432973,425922,"E01011500",3,"Not at junction or within 20 metres","Daylight","Fine no high winds","Wet or damp","Car occupant"
"532","20141313R0628",2014-03-27,2014,"Mar",27,"13:21",13,21,"Thursday","Slight",1,"Slight","Pedestrian","Pedestrian","Female",65,"Unclassified","Single carriageway",30,NA,"On footway or verge","Unknown or other",429931,433518,"E01033010",1,"Not at junction or within 20 metres","Daylight","Fine no high winds","Dry","Pedestrian"
"533","20141313R0657",2014-03-27,2014,"Mar",27,"13:30",13,30,"Thursday","Slight",1,"Slight","Car occupant","Driver or rider","Male",18,"Unclassified","Single carriageway",20,NA,"Not a Pedestrian","Not a Pedestrian",431258,438531,"E01011511",2,"Not at junction or within 20 metres","Daylight","Fine no high winds","Dry","Car occupant"
"534","20141313R1369",2014-03-27,2014,"Mar",27,"14:40",14,40,"Thursday","Slight",2,"Slight","Car occupant","Driver or rider","Male",61,"A","Single carriageway",30,NA,"Not a Pedestrian","Not a Pedestrian",431959,435824,"E01011422",2,"Not at junction or within 20 metres","Daylight","Fine no high winds","Dry","Car occupant"
"535","20141313R1369",2014-03-27,2014,"Mar",27,"14:40",14,40,"Thursday","Slight",2,"Slight","Car occupant","Passenger","Female",56,"A","Single carriageway",30,NA,"Not a Pedestrian","Not a Pedestrian",431959,435824,"E01011422",2,"Not at junction or within 20 metres","Daylight","Fine no high winds","Dry","Car occupant"
"536","20141313R0778",2014-03-27,2014,"Mar",27,"14:56",14,56,"Thursday","Slight",1,"Slight","Pedestrian","Pedestrian","Female",3,"Unclassified","Single carriageway",30,NA,"In carriageway, crossing elsewhere","Crossing from driver's nearside",426120,439224,"E01011383",1,"Not at junction or within 20 metres","Daylight","Fine no high winds","Dry","Pedestrian"
"537","20141313R1317",2014-03-27,2014,"Mar",27,"18:50",18,50,"Thursday","Slight",3,"Slight","Car occupant","Passenger","Male",32,"A","Single carriageway",30,"A","Not a Pedestrian","Not a Pedestrian",432513,427318,"E01032496",2,"Crossroads","Darkness - lights lit","Raining no high winds","Wet or damp","Car occupant"
"538","20141313R1317",2014-03-27,2014,"Mar",27,"18:50",18,50,"Thursday","Slight",3,"Slight","Car occupant","Passenger","Female",9,"A","Single carriageway",30,"A","Not a Pedestrian","Not a Pedestrian",432513,427318,"E01032496",2,"Crossroads","Darkness - lights lit","Raining no high winds","Wet or damp","Car occupant"
"539","20141313R1317",2014-03-27,2014,"Mar",27,"18:50",18,50,"Thursday","Slight",3,"Slight","Car occupant","Passenger","Female",8,"A","Single carriageway",30,"A","Not a Pedestrian","Not a Pedestrian",432513,427318,"E01032496",2,"Crossroads","Darkness - lights lit","Raining no high winds","Wet or damp","Car occupant"
"540","20141313S0339",2014-03-28,2014,"Mar",28,"09:40",9,40,"Friday","Slight",1,"Slight","Other vehicle occupant","Driver or rider","Male",26,"Unclassified","Single carriageway",30,NA,"Not a Pedestrian","Not a Pedestrian",432820,432033,"E01011621",2,"Not at junction or within 20 metres","Daylight","Fine no high winds","Wet or damp","Others"
"541","20141313S0394",2014-03-28,2014,"Mar",28,"10:25",10,25,"Friday","Slight",4,"Slight","Car occupant","Driver or rider","Male",32,"A","Single carriageway",40,"Unclassified","Not a Pedestrian","Not a Pedestrian",429941,425135,"E01011537",2,"T or staggered junction","Daylight","Fine no high winds","Wet or damp","Car occupant"
"542","20141313S0394",2014-03-28,2014,"Mar",28,"10:25",10,25,"Friday","Slight",4,"Slight","Car occupant","Passenger","Male",60,"A","Single carriageway",40,"Unclassified","Not a Pedestrian","Not a Pedestrian",429941,425135,"E01011537",2,"T or staggered junction","Daylight","Fine no high winds","Wet or damp","Car occupant"
"543","20141313S0394",2014-03-28,2014,"Mar",28,"10:25",10,25,"Friday","Slight",4,"Slight","Car occupant","Driver or rider","Male",21,"A","Single carriageway",40,"Unclassified","Not a Pedestrian","Not a Pedestrian",429941,425135,"E01011537",2,"T or staggered junction","Daylight","Fine no high winds","Wet or damp","Car occupant"
"544","20141313S0394",2014-03-28,2014,"Mar",28,"10:25",10,25,"Friday","Slight",4,"Slight","Car occupant","Passenger","Female",56,"A","Single carriageway",40,"Unclassified","Not a Pedestrian","Not a Pedestrian",429941,425135,"E01011537",2,"T or staggered junction","Daylight","Fine no high winds","Wet or damp","Car occupant"
"545","20141313S0767",2014-03-28,2014,"Mar",28,"12:35",12,35,"Friday","Slight",4,"Slight","Bus or coach occupant (17 or more pass seats)","Passenger","Female",40,"A","Slip road",40,"Unclassified","Not a Pedestrian","Not a Pedestrian",431228,433668,"E01033021",2,"Slip road","Daylight","Fine no high winds","Dry","Bus and goods vehicle occupant"
"546","20141313S0767",2014-03-28,2014,"Mar",28,"12:35",12,35,"Friday","Slight",4,"Slight","Bus or coach occupant (17 or more pass seats)","Passenger","Female",60,"A","Slip road",40,"Unclassified","Not a Pedestrian","Not a Pedestrian",431228,433668,"E01033021",2,"Slip road","Daylight","Fine no high winds","Dry","Bus and goods vehicle occupant"
"547","20141313S0767",2014-03-28,2014,"Mar",28,"12:35",12,35,"Friday","Slight",4,"Slight","Bus or coach occupant (17 or more pass seats)","Passenger","Male",2,"A","Slip road",40,"Unclassified","Not a Pedestrian","Not a Pedestrian",431228,433668,"E01033021",2,"Slip road","Daylight","Fine no high winds","Dry","Bus and goods vehicle occupant"
"548","20141313S0767",2014-03-28,2014,"Mar",28,"12:35",12,35,"Friday","Slight",4,"Slight","Bus or coach occupant (17 or more pass seats)","Passenger","Female",25,"A","Slip road",40,"Unclassified","Not a Pedestrian","Not a Pedestrian",431228,433668,"E01033021",2,"Slip road","Daylight","Fine no high winds","Dry","Bus and goods vehicle occupant"
"549","20141313S0610",2014-03-28,2014,"Mar",28,"12:38",12,38,"Friday","Slight",1,"Slight","Bus or coach occupant (17 or more pass seats)","Passenger","Female",55,"Unclassified","Single carriageway",30,"Unclassified","Not a Pedestrian","Not a Pedestrian",430335,433394,"E01033010",1,"T or staggered junction","Daylight","Fine no high winds","Dry","Bus and goods vehicle occupant"
"550","20141313S0860",2014-03-28,2014,"Mar",28,"14:55",14,55,"Friday","Slight",1,"Slight","Car occupant","Driver or rider","Male",50,"B","Single carriageway",30,NA,"Not a Pedestrian","Not a Pedestrian",427865,432921,"E01011294",2,"Not at junction or within 20 metres","Daylight","Unknown","Dry","Car occupant"
"551","20141313S1092",2014-03-28,2014,"Mar",28,"16:28",16,28,"Friday","Serious",1,"Serious","Cyclist","Driver or rider","Male",39,"A","Single carriageway",30,"Unclassified","Not a Pedestrian","Not a Pedestrian",428718,435615,"E01032946",2,"T or staggered junction","Daylight","Fine no high winds","Dry","Cyclist"
"552","20141313S1215",2014-03-28,2014,"Mar",28,"17:16",17,16,"Friday","Slight",1,"Slight","Car occupant","Driver or rider","Female",57,"Unclassified","Single carriageway",30,"Unclassified","Not a Pedestrian","Not a Pedestrian",430662,433929,"E01033002",2,"T or staggered junction","Daylight","Fine no high winds","Dry","Car occupant"
"553","20141313S1444",2014-03-28,2014,"Mar",28,"19:24",19,24,"Friday","Slight",2,"Slight","Car occupant","Passenger","Female",61,"Unclassified","Roundabout",30,"A","Not a Pedestrian","Not a Pedestrian",430561,431184,"E01011468",2,"Roundabout","Darkness - lights lit","Fine no high winds","Dry","Car occupant"
"554","20141313S1444",2014-03-28,2014,"Mar",28,"19:24",19,24,"Friday","Slight",2,"Slight","Car occupant","Passenger","Female",23,"Unclassified","Roundabout",30,"A","Not a Pedestrian","Not a Pedestrian",430561,431184,"E01011468",2,"Roundabout","Darkness - lights lit","Fine no high winds","Dry","Car occupant"
"555","20141313T0920",2014-03-29,2014,"Mar",29,"13:15",13,15,"Saturday","Fatal",1,"Fatal","Motorcycle over 500cc rider or passenger","Driver or rider","Male",67,"A","Single carriageway",40,"Unclassified","Not a Pedestrian","Not a Pedestrian",439386,432651,"E01011402",2,"T or staggered junction","Daylight","Fine no high winds","Dry","Motorcyclist and pillion"
"556","20141313P0825",2014-03-29,2014,"Mar",29,"14:00",14,0,"Saturday","Slight",1,"Slight","Car occupant","Driver or rider","Female",25,"A","Single carriageway",30,NA,"Not a Pedestrian","Not a Pedestrian",431934,430637,"E01011468",3,"Not at junction or within 20 metres","Daylight","Fine no high winds","Dry","Car occupant"
"557","20141313T1076",2014-03-29,2014,"Mar",29,"15:15",15,15,"Saturday","Slight",1,"Slight","Car occupant","Driver or rider","Female",29,"Unclassified","Single carriageway",30,"A","Not a Pedestrian","Not a Pedestrian",430599,431160,"E01011468",2,"Roundabout","Daylight","Fine no high winds","Dry","Car occupant"
"558","20141313T1182",2014-03-29,2014,"Mar",29,"16:10",16,10,"Saturday","Slight",1,"Slight","Bus or coach occupant (17 or more pass seats)","Passenger","Female",37,"Unclassified","Single carriageway",30,"Unclassified","Not a Pedestrian","Not a Pedestrian",430302,439597,"E01011558",1,"T or staggered junction","Daylight","Fine no high winds","Dry","Bus and goods vehicle occupant"
"559","20141313T1224",2014-03-29,2014,"Mar",29,"16:30",16,30,"Saturday","Slight",2,"Slight","Car occupant","Passenger","Male",22,"A","Dual carriageway",30,"Unclassified","Not a Pedestrian","Not a Pedestrian",430546,435153,"E01011361",2,"T or staggered junction","Daylight","Fine no high winds","Dry","Car occupant"
"560","20141313T1224",2014-03-29,2014,"Mar",29,"16:30",16,30,"Saturday","Slight",2,"Slight","Car occupant","Driver or rider","Female",49,"A","Dual carriageway",30,"Unclassified","Not a Pedestrian","Not a Pedestrian",430546,435153,"E01011361",2,"T or staggered junction","Daylight","Fine no high winds","Dry","Car occupant"
"561","20141313T1499",2014-03-29,2014,"Mar",29,"18:50",18,50,"Saturday","Slight",2,"Slight","Car occupant","Driver or rider","Female",20,"Unclassified","Single carriageway",30,"Unclassified","Not a Pedestrian","Not a Pedestrian",437502,432911,"E01011411",2,"T or staggered junction","Darkness - lights lit","Fine no high winds","Dry","Car occupant"
"562","20141313T1499",2014-03-29,2014,"Mar",29,"18:50",18,50,"Saturday","Slight",2,"Slight","Car occupant","Passenger","Male",50,"Unclassified","Single carriageway",30,"Unclassified","Not a Pedestrian","Not a Pedestrian",437502,432911,"E01011411",2,"T or staggered junction","Darkness - lights lit","Fine no high winds","Dry","Car occupant"
"563","2014131411033",2014-03-29,2014,"Mar",29,"23:40",23,40,"Saturday","Serious",1,"Serious","Pedestrian","Pedestrian","Male",36,"Unclassified","Single carriageway",30,NA,"In carriageway, crossing elsewhere","Unknown or other",431322,431388,"E01011467",1,"Not at junction or within 20 metres","Darkness - lighting unknown","Unknown","Wet or damp","Pedestrian"
"564","20141313U1112",2014-03-30,2014,"Mar",30,"16:10",16,10,"Sunday","Serious",1,"Serious","Car occupant","Driver or rider","Male",77,"Unclassified","Unknown",30,NA,"Not a Pedestrian","Not a Pedestrian",426182,435462,"E01011477",2,"Not at junction or within 20 metres","Daylight","Fine no high winds","Dry","Car occupant"
"565","20141313V0944",2014-03-31,2014,"Mar",31,"14:55",14,55,"Monday","Serious",1,"Serious","Motorcycle 125cc and under rider or passenger","Driver or rider","Male",20,"A","Single carriageway",30,NA,"Not a Pedestrian","Not a Pedestrian",431194,431860,"E01011467",2,"Not at junction or within 20 metres","Daylight","Fine no high winds","Dry","Motorcyclist and pillion"
"566","20141313V1547",2014-03-31,2014,"Mar",31,"19:00",19,0,"Monday","Slight",1,"Slight","Car occupant","Driver or rider","Female",21,"A","Single carriageway",60,"Unclassified","Not a Pedestrian","Not a Pedestrian",438952,431558,"E01011402",2,"T or staggered junction","Daylight","Fine no high winds","Dry","Car occupant"
"567","20141313V1980",2014-03-31,2014,"Mar",31,"23:00",23,0,"Monday","Slight",1,"Slight","Pedestrian","Pedestrian","Male",19,"Motorway","Slip road",70,"A","In centre of carriageway - not on refuge, island or central reservation","Crossing from driver's nearside",430851,424428,"E01011537",1,"Slip road","Darkness - lights lit","Fine no high winds","Dry","Pedestrian"
"568","2014131420804",2014-04-01,2014,"Apr",1,"00:30",0,30,"Tuesday","Slight",1,"Slight","Cyclist","Driver or rider","Male",24,"A","Single carriageway",40,NA,"Not a Pedestrian","Not a Pedestrian",432379,435788,"E01011647",2,"Not at junction or within 20 metres","Darkness - lights lit","Raining no high winds","Dry","Cyclist"
"569","2014131410222",2014-04-01,2014,"Apr",1,"07:50",7,50,"Tuesday","Slight",1,"Slight","Car occupant","Driver or rider","Male",68,"Unclassified","Single carriageway",60,"Unclassified","Not a Pedestrian","Not a Pedestrian",421996,443915,"E01011569",2,"T or staggered junction","Daylight","Fine no high winds","Wet or damp","Car occupant"
"570","2014131410246",2014-04-01,2014,"Apr",1,"08:27",8,27,"Tuesday","Slight",1,"Slight","Pedestrian","Pedestrian","Male",15,"Unclassified","Single carriageway",30,NA,"In carriageway, crossing elsewhere","Crossing from driver's nearside",430512,437057,"E01011352",1,"Not at junction or within 20 metres","Daylight","Fine no high winds","Dry","Pedestrian"
"571","2014131410949",2014-04-01,2014,"Apr",1,"15:40",15,40,"Tuesday","Slight",1,"Slight","Pedestrian","Pedestrian","Male",10,"A","Single carriageway",40,"Unclassified","Crossing on pedestrian crossing facility","Crossing from driver's nearside",432957,427611,"E01011634",1,"T or staggered junction","Daylight","Fine no high winds","Dry","Pedestrian"
"572","2014131411139",2014-04-01,2014,"Apr",1,"17:00",17,0,"Tuesday","Serious",1,"Serious","Pedestrian","Pedestrian","Female",12,"Unclassified","Single carriageway",30,NA,"In carriageway, crossing elsewhere","Crossing from driver's nearside",435468,433844,"E01011415",1,"Not at junction or within 20 metres","Daylight","Fine no high winds","Dry","Pedestrian"
"573","2014131420276",2014-04-02,2014,"Apr",2,"08:18",8,18,"Wednesday","Serious",1,"Serious","Pedestrian","Pedestrian","Female",12,"Unclassified","Single carriageway",30,NA,"In centre of carriageway - not on refuge, island or central reservation","Crossing from driver's nearside",425823,433131,"E01011725",1,"Not at junction or within 20 metres","Daylight","Fog or mist","Wet or damp","Pedestrian"
"574","2014131420372",2014-04-02,2014,"Apr",2,"09:26",9,26,"Wednesday","Slight",1,"Slight","Cyclist","Driver or rider","Male",34,"A","Dual carriageway",40,"Unclassified","Not a Pedestrian","Not a Pedestrian",425293,434316,"E01011286",2,"T or staggered junction","Daylight","Fine no high winds","Dry","Cyclist"
"575","2014131430315",2014-04-02,2014,"Apr",2,"11:30",11,30,"Wednesday","Slight",1,"Slight","Bus or coach occupant (17 or more pass seats)","Passenger","Female",52,"Unclassified","Single carriageway",30,NA,"Not a Pedestrian","Not a Pedestrian",431253,433819,"E01033031",2,"Not at junction or within 20 metres","Daylight","Fine no high winds","Dry","Bus and goods vehicle occupant"
"576","2014131421333",2014-04-02,2014,"Apr",2,"16:00",16,0,"Wednesday","Slight",1,"Slight","Bus or coach occupant (17 or more pass seats)","Passenger","Male",2,"Unclassified","Single carriageway",30,NA,"Not a Pedestrian","Not a Pedestrian",430576,433446,"E01033011",1,"Not at junction or within 20 metres","Daylight","Fine no high winds","Dry","Bus and goods vehicle occupant"