"","accident_index","date","year","month","day","time","time_hour","time_minute","day_of_week","accident_severity","number_of_casualties","casualty_severity","casualty_type","casualty_class","sex_of_casualty","age_of_casualty","first_road_class","road_type","speed_limit","second_road_class","pedestrian_location","pedestrian_movement","location_easting_osgr","location_northing_osgr","lsoa_of_accident_location","number_of_vehicles","junction_detail","light_conditions","weather_conditions","road_surface_conditions","cas_type"
"577","2014131430163",2014-04-03,2014,"Apr",3,"06:23",6,23,"Thursday","Slight",1,"Slight","Car occupant","Driver or rider","Male",41,"A","Dual carriageway",60,NA,"Not a Pedestrian","Not a Pedestrian",422919,434104,"E01011610",2,"Not at junction or within 20 metres","Darkness - lights lit","Fog or mist","Wet or damp","Car occupant"
"578","2014131430549",2014-04-03,2014,"Apr",3,"07:40",7,40,"Thursday","Slight",1,"Slight","Cyclist","Driver or rider","Male",28,"A","Single carriageway",30,"Unclassified","Not a Pedestrian","Not a Pedestrian",432507,427345,"E01032496",2,"Private drive or entrance","Daylight","Fine no high winds","Wet or damp","Cyclist"
"579","2014131430210",2014-04-03,2014,"Apr",3,"07:50",7,50,"Thursday","Slight",1,"Slight","Pedestrian","Pedestrian","Male",11,"A","Dual carriageway",40,NA,"Crossing on pedestrian crossing facility","Crossing from driver's offside",420031,434154,"E01011597",1,"Not at junction or within 20 metres","Daylight","Unknown","Wet or damp","Pedestrian"
"580","2014131490632",2014-04-03,2014,"Apr",3,"12:35",12,35,"Thursday","Slight",1,"Slight","Taxi/Private hire car occupant","Passenger","Female",72,"Unclassified","Single carriageway",30,NA,"Not a Pedestrian","Not a Pedestrian",436431,435581,"E01011406",2,"Not at junction or within 20 metres","Daylight","Fine no high winds","Dry","Car occupant"
"581","2014131430662",2014-04-03,2014,"Apr",3,"12:50",12,50,"Thursday","Slight",1,"Slight","Pedestrian","Pedestrian","Female",48,"Unclassified","Single carriageway",30,NA,"On footway or verge","Unknown or other",429726,435808,"E01011669",1,"Not at junction or within 20 metres","Daylight","Fine no high winds","Dry","Pedestrian"
"582","2014131431717",2014-04-03,2014,"Apr",3,"21:10",21,10,"Thursday","Slight",1,"Slight","Pedestrian","Pedestrian","Male",29,"Unclassified","Dual carriageway",40,NA,"In centre of carriageway - not on refuge, island or central reservation","Crossing from driver's offside",436022,434826,"E01011666",1,"Not at junction or within 20 metres","Darkness - lights lit","Fine no high winds","Wet or damp","Pedestrian"
"583","2014131440266",2014-04-04,2014,"Apr",4,"08:40",8,40,"Friday","Slight",2,"Slight","Car occupant","Driver or rider","Female",22,"Unclassified","Single carriageway",30,"Unclassified","Not a Pedestrian","Not a Pedestrian",430716,435480,"E01011360",3,"Crossroads","Daylight","Fine no high winds","Dry","Car occupant"
"584","2014131440266",2014-04-04,2014,"Apr",4,"08:40",8,40,"Friday","Slight",2,"Slight","Car occupant","Driver or rider","Male",21,"Unclassified","Single carriageway",30,"Unclassified","Not a Pedestrian","Not a Pedestrian",430716,435480,"E01011360",3,"Crossroads","Daylight","Fine no high winds","Dry","Car occupant"
"585","2014131440516",2014-04-04,2014,"Apr",4,"11:05",11,5,"Friday","Serious",1,"Serious","Pedestrian","Pedestrian","Female",15,"A","Dual carriageway",40,NA,"Crossing elsewhere within 50m. of pedestrian crossing","Crossing from driver's nearside",432106,433592,"E01011349",1,"Not at junction or within 20 metres","Daylight","Fine no high winds","Dry","Pedestrian"
"586","2014131440934",2014-04-04,2014,"Apr",4,"15:13",15,13,"Friday","Slight",1,"Slight","Pedestrian","Pedestrian","Female",83,"A","Single carriageway",40,"Unclassified","Crossing on pedestrian crossing facility","Crossing from driver's offside",430419,438625,"E01011514",1,"T or staggered junction","Daylight","Fine no high winds","Dry","Pedestrian"
"587","2014131441064",2014-04-04,2014,"Apr",4,"23:00",23,0,"Friday","Slight",1,"Slight","Car occupant","Driver or rider","Female",28,"A","Roundabout",40,"Unclassified","Not a Pedestrian","Not a Pedestrian",428587,431555,"E01011366",2,"Roundabout","Darkness - lighting unknown","Unknown","Wet or damp","Car occupant"
"588","2014131450279",2014-04-05,2014,"Apr",5,"03:15",3,15,"Saturday","Slight",1,"Slight","Pedestrian","Pedestrian","Male",19,"Unclassified","Single carriageway",30,"A","Crossing elsewhere within 50m. of pedestrian crossing","Crossing from driver's offside",429887,434264,"E01033008",1,"Crossroads","Darkness - lights lit","Fine no high winds","Dry","Pedestrian"
"589","2014131470521",2014-04-05,2014,"Apr",5,"09:45",9,45,"Saturday","Slight",1,"Slight","Motorcycle 125cc and under rider or passenger","Driver or rider","Male",22,"A","Dual carriageway",30,NA,"Not a Pedestrian","Not a Pedestrian",430775,433453,"E01033011",2,"Not at junction or within 20 metres","Daylight","Fine no high winds","Dry","Motorcyclist and pillion"
"590","2014131450966",2014-04-05,2014,"Apr",5,"13:30",13,30,"Saturday","Slight",2,"Slight","Van / Goods vehicle (3.5 tonnes mgw or under) occupant","Driver or rider","Male",47,"A","Single carriageway",30,"Unclassified","Not a Pedestrian","Not a Pedestrian",423266,437522,"E01011465",2,"T or staggered junction","Daylight","Fine no high winds","Wet or damp","Bus and goods vehicle occupant"
"591","2014131450966",2014-04-05,2014,"Apr",5,"13:30",13,30,"Saturday","Slight",2,"Slight","Van / Goods vehicle (3.5 tonnes mgw or under) occupant","Passenger","Female",24,"A","Single carriageway",30,"Unclassified","Not a Pedestrian","Not a Pedestrian",423266,437522,"E01011465",2,"T or staggered junction","Daylight","Fine no high winds","Wet or damp","Bus and goods vehicle occupant"
"592","20141314T0368",2014-04-05,2014,"Apr",5,"16:00",16,0,"Saturday","Serious",1,"Serious","Pedestrian","Pedestrian","Male",56,"B","Single carriageway",30,"Unclassified","Crossing elsewhere within 50m. of pedestrian crossing","Unknown or other",433060,434084,"E01011348",1,"T or staggered junction","Daylight","Fine no high winds","Dry","Pedestrian"
"593","2014131451528",2014-04-05,2014,"Apr",5,"19:00",19,0,"Saturday","Slight",1,"Slight","Car occupant","Driver or rider","Female",29,"A","Single carriageway",60,NA,"Not a Pedestrian","Not a Pedestrian",442355,439994,"E01011309",1,"Not at junction or within 20 metres","Daylight","Fine no high winds","Dry","Car occupant"
"594","20141314K0632",2014-04-06,2014,"Apr",6,"00:15",0,15,"Sunday","Slight",1,"Slight","Pedestrian","Pedestrian","Female",28,"Unclassified","Single carriageway",30,"Unclassified","Crossing on pedestrian crossing facility","Crossing from driver's nearside",430232,433425,"E01033010",1,"Other junction","Darkness - lights lit","Fine no high winds","Wet or damp","Pedestrian"
"595","2014131461278",2014-04-06,2014,"Apr",6,"16:40",16,40,"Sunday","Slight",3,"Slight","Car occupant","Driver or rider","Male",32,"Unclassified","Dual carriageway",30,"Unclassified","Not a Pedestrian","Not a Pedestrian",430413,433714,"E01033010",3,"Crossroads","Daylight","Fine no high winds","Dry","Car occupant"
"596","2014131461278",2014-04-06,2014,"Apr",6,"16:40",16,40,"Sunday","Slight",3,"Slight","Car occupant","Passenger","Male",21,"Unclassified","Dual carriageway",30,"Unclassified","Not a Pedestrian","Not a Pedestrian",430413,433714,"E01033010",3,"Crossroads","Daylight","Fine no high winds","Dry","Car occupant"
"597","2014131461278",2014-04-06,2014,"Apr",6,"16:40",16,40,"Sunday","Slight",3,"Slight","Taxi/Private hire car occupant","Driver or rider","Male",31,"Unclassified","Dual carriageway",30,"Unclassified","Not a Pedestrian","Not a Pedestrian",430413,433714,"E01033010",3,"Crossroads","Daylight","Fine no high winds","Dry","Car occupant"
"598","2014131480500",2014-04-08,2014,"Apr",8,"10:59",10,59,"Tuesday","Slight",4,"Slight","Car occupant","Driver or rider","Female",23,"A","Single carriageway",30,"Unclassified","Not a Pedestrian","Not a Pedestrian",431511,435137,"E01011673",3,"T or staggered junction","Daylight","Fine no high winds","Dry","Car occupant"
"599","2014131480500",2014-04-08,2014,"Apr",8,"10:59",10,59,"Tuesday","Slight",4,"Slight","Car occupant","Passenger","Female",34,"A","Single carriageway",30,"Unclassified","Not a Pedestrian","Not a Pedestrian",431511,435137,"E01011673",3,"T or staggered junction","Daylight","Fine no high winds","Dry","Car occupant"
"600","2014131480500",2014-04-08,2014,"Apr",8,"10:59",10,59,"Tuesday","Slight",4,"Slight","Car occupant","Driver or rider","Male",36,"A","Single carriageway",30,"Unclassified","Not a Pedestrian","Not a Pedestrian",431511,435137,"E01011673",3,"T or staggered junction","Daylight","Fine no high winds","Dry","Car occupant"
"601","2014131480500",2014-04-08,2014,"Apr",8,"10:59",10,59,"Tuesday","Slight",4,"Slight","Car occupant","Passenger","Female",38,"A","Single carriageway",30,"Unclassified","Not a Pedestrian","Not a Pedestrian",431511,435137,"E01011673",3,"T or staggered junction","Daylight","Fine no high winds","Dry","Car occupant"
"602","2014131480678",2014-04-08,2014,"Apr",8,"12:50",12,50,"Tuesday","Slight",2,"Slight","Car occupant","Driver or rider","Female",63,"Unclassified","One way street",30,"Unclassified","Not a Pedestrian","Not a Pedestrian",430473,433750,"E01033010",2,"T or staggered junction","Daylight","Fine no high winds","Dry","Car occupant"
"603","2014131480678",2014-04-08,2014,"Apr",8,"12:50",12,50,"Tuesday","Slight",2,"Slight","Car occupant","Driver or rider","Male",60,"Unclassified","One way street",30,"Unclassified","Not a Pedestrian","Not a Pedestrian",430473,433750,"E01033010",2,"T or staggered junction","Daylight","Fine no high winds","Dry","Car occupant"
"604","2014131480751",2014-04-08,2014,"Apr",8,"13:36",13,36,"Tuesday","Serious",1,"Serious","Motorcycle 125cc and under rider or passenger","Driver or rider","Male",20,"A","Dual carriageway",40,"A(M)","Not a Pedestrian","Not a Pedestrian",440829,445739,"E01011696",1,"Roundabout","Daylight","Fine + high winds","Dry","Motorcyclist and pillion"
"605","2014131481171",2014-04-08,2014,"Apr",8,"17:20",17,20,"Tuesday","Slight",1,"Slight","Car occupant","Driver or rider","Male",41,"Unclassified","Single carriageway",30,NA,"Not a Pedestrian","Not a Pedestrian",431621,436143,"E01011359",3,"Not at junction or within 20 metres","Daylight","Fine no high winds","Dry","Car occupant"
"606","2014131481333",2014-04-08,2014,"Apr",8,"18:30",18,30,"Tuesday","Slight",3,"Slight","Car occupant","Driver or rider","Male",24,"Unclassified","Single carriageway",40,NA,"Not a Pedestrian","Not a Pedestrian",424718,434440,"E01032606",2,"Not at junction or within 20 metres","Daylight","Fine no high winds","Dry","Car occupant"
"607","2014131481333",2014-04-08,2014,"Apr",8,"18:30",18,30,"Tuesday","Slight",3,"Slight","Car occupant","Driver or rider","Male",44,"Unclassified","Single carriageway",40,NA,"Not a Pedestrian","Not a Pedestrian",424718,434440,"E01032606",2,"Not at junction or within 20 metres","Daylight","Fine no high winds","Dry","Car occupant"
"608","2014131481333",2014-04-08,2014,"Apr",8,"18:30",18,30,"Tuesday","Slight",3,"Slight","Car occupant","Passenger","Female",38,"Unclassified","Single carriageway",40,NA,"Not a Pedestrian","Not a Pedestrian",424718,434440,"E01032606",2,"Not at junction or within 20 metres","Daylight","Fine no high winds","Dry","Car occupant"
"609","2014131490215",2014-04-09,2014,"Apr",9,"07:46",7,46,"Wednesday","Slight",1,"Slight","Motorcycle 125cc and under rider or passenger","Driver or rider","Male",23,"B","Single carriageway",30,NA,"Not a Pedestrian","Not a Pedestrian",426486,428243,"E01011533",1,"Not at junction or within 20 metres","Daylight","Fine no high winds","Dry","Motorcyclist and pillion"
"610","20141314H1474",2014-04-09,2014,"Apr",9,"07:50",7,50,"Wednesday","Slight",1,"Slight","Cyclist","Driver or rider","Male",41,"Unclassified","Roundabout",30,"Unclassified","Not a Pedestrian","Not a Pedestrian",438509,427246,"E01011393",2,"Roundabout","Daylight","Fine no high winds","Wet or damp","Cyclist"
"611","2014131490562",2014-04-09,2014,"Apr",9,"12:12",12,12,"Wednesday","Slight",1,"Slight","Bus or coach occupant (17 or more pass seats)","Passenger","Female",88,"Unclassified","Single carriageway",30,"Unclassified","Not a Pedestrian","Not a Pedestrian",430900,428654,"E01032497",1,"T or staggered junction","Daylight","Fine no high winds","Dry","Bus and goods vehicle occupant"
"612","2014131490713",2014-04-09,2014,"Apr",9,"13:40",13,40,"Wednesday","Serious",4,"Serious","Car occupant","Passenger","Female",21,"Unclassified","Single carriageway",30,NA,"Not a Pedestrian","Not a Pedestrian",426305,436913,"E01011485",2,"Not at junction or within 20 metres","Daylight","Fine no high winds","Dry","Car occupant"
"613","2014131490713",2014-04-09,2014,"Apr",9,"13:40",13,40,"Wednesday","Serious",4,"Slight","Car occupant","Driver or rider","Male",22,"Unclassified","Single carriageway",30,NA,"Not a Pedestrian","Not a Pedestrian",426305,436913,"E01011485",2,"Not at junction or within 20 metres","Daylight","Fine no high winds","Dry","Car occupant"
"614","2014131490713",2014-04-09,2014,"Apr",9,"13:40",13,40,"Wednesday","Serious",4,"Slight","Car occupant","Passenger","Male",17,"Unclassified","Single carriageway",30,NA,"Not a Pedestrian","Not a Pedestrian",426305,436913,"E01011485",2,"Not at junction or within 20 metres","Daylight","Fine no high winds","Dry","Car occupant"
"615","2014131490713",2014-04-09,2014,"Apr",9,"13:40",13,40,"Wednesday","Serious",4,"Slight","Car occupant","Passenger","Male",21,"Unclassified","Single carriageway",30,NA,"Not a Pedestrian","Not a Pedestrian",426305,436913,"E01011485",2,"Not at junction or within 20 metres","Daylight","Fine no high winds","Dry","Car occupant"
"616","2014131491282",2014-04-09,2014,"Apr",9,"18:08",18,8,"Wednesday","Serious",1,"Serious","Pedestrian","Pedestrian","Female",32,"A","Single carriageway",30,"Unclassified","Crossing on pedestrian crossing facility","Crossing from driver's nearside",432946,427605,"E01011634",1,"T or staggered junction","Daylight","Fine no high winds","Dry","Pedestrian"
"617","20141314A0278",2014-04-10,2014,"Apr",10,"08:36",8,36,"Thursday","Serious",1,"Serious","Cyclist","Driver or rider","Male",53,"Unclassified","Single carriageway",30,"Unclassified","Not a Pedestrian","Not a Pedestrian",432055,435968,"E01011647",2,"Other junction","Daylight","Fine no high winds","Dry","Cyclist"
"618","20141314A0409",2014-04-10,2014,"Apr",10,"09:58",9,58,"Thursday","Slight",1,"Slight","Cyclist","Driver or rider","Female",49,"A","Single carriageway",30,"Unclassified","Not a Pedestrian","Not a Pedestrian",427337,434674,"E01011478",3,"T or staggered junction","Daylight","Fine no high winds","Dry","Cyclist"
"619","20141314A1015",2014-04-10,2014,"Apr",10,"15:41",15,41,"Thursday","Slight",1,"Slight","Car occupant","Passenger","Female",51,"A","Dual carriageway",40,"Unclassified","Not a Pedestrian","Not a Pedestrian",427704,430903,"E01011318",2,"Other junction","Daylight","Fine no high winds","Dry","Car occupant"
"620","20141314A1433",2014-04-10,2014,"Apr",10,"18:40",18,40,"Thursday","Slight",1,"Slight","Pedestrian","Pedestrian","Male",7,"A","Dual carriageway",40,"Unclassified","In carriageway, crossing elsewhere","Crossing from driver's nearside",432930,436036,"E01011648",1,"T or staggered junction","Darkness - no lighting","Fine no high winds","Dry","Pedestrian"
"621","20141314A1747",2014-04-10,2014,"Apr",10,"21:00",21,0,"Thursday","Slight",1,"Slight","Pedestrian","Pedestrian","Male",12,"Unclassified","Single carriageway",30,"Unclassified","In carriageway, crossing elsewhere","Crossing from driver's nearside",423888,437403,"E01011465",1,"T or staggered junction","Darkness - lights lit","Fine no high winds","Dry","Pedestrian"
"622","20141314B0276",2014-04-11,2014,"Apr",11,"07:40",7,40,"Friday","Slight",1,"Slight","Cyclist","Driver or rider","Male",47,"A","Single carriageway",40,"Unclassified","Not a Pedestrian","Not a Pedestrian",425577,443075,"E01011576",2,"T or staggered junction","Daylight","Fine no high winds","Dry","Cyclist"
"623","20141314B0477",2014-04-11,2014,"Apr",11,"09:50",9,50,"Friday","Slight",1,"Slight","Car occupant","Driver or rider","Female",41,"A","Single carriageway",40,"A","Not a Pedestrian","Not a Pedestrian",428446,429056,"E01011493",2,"Other junction","Daylight","Fine no high winds","Dry","Car occupant"
"624","20141314B0548",2014-04-11,2014,"Apr",11,"11:00",11,0,"Friday","Slight",1,"Slight","Taxi/Private hire car occupant","Driver or rider","Male",50,"A","Roundabout",40,"A","Not a Pedestrian","Not a Pedestrian",428706,433085,"E01033013",3,"Roundabout","Daylight","Fine no high winds","Dry","Car occupant"
"625","20141314B0680",2014-04-11,2014,"Apr",11,"12:10",12,10,"Friday","Slight",2,"Slight","Car occupant","Passenger","Female",23,"Motorway","Dual carriageway",70,NA,"Not a Pedestrian","Not a Pedestrian",427709,426389,"E01011540",2,"Not at junction or within 20 metres","Daylight","Fine no high winds","Dry","Car occupant"
"626","20141314B0680",2014-04-11,2014,"Apr",11,"12:10",12,10,"Friday","Slight",2,"Slight","Car occupant","Passenger","Female",45,"Motorway","Dual carriageway",70,NA,"Not a Pedestrian","Not a Pedestrian",427709,426389,"E01011540",2,"Not at junction or within 20 metres","Daylight","Fine no high winds","Dry","Car occupant"
"627","20141314B1129",2014-04-11,2014,"Apr",11,"15:57",15,57,"Friday","Serious",1,"Serious","Motorcycle over 500cc rider or passenger","Driver or rider","Male",30,"Unclassified","Single carriageway",30,"Unclassified","Not a Pedestrian","Not a Pedestrian",432209,435912,"E01011647",2,"T or staggered junction","Daylight","Fine no high winds","Dry","Motorcyclist and pillion"
"628","20141314B1498",2014-04-11,2014,"Apr",11,"18:40",18,40,"Friday","Slight",2,"Slight","Car occupant","Driver or rider","Female",45,"Unclassified","Single carriageway",30,NA,"Not a Pedestrian","Not a Pedestrian",430600,436868,"E01011352",3,"Not at junction or within 20 metres","Daylight","Fine no high winds","Dry","Car occupant"
"629","20141314B1498",2014-04-11,2014,"Apr",11,"18:40",18,40,"Friday","Slight",2,"Slight","Car occupant","Driver or rider","Female",45,"Unclassified","Single carriageway",30,NA,"Not a Pedestrian","Not a Pedestrian",430600,436868,"E01011352",3,"Not at junction or within 20 metres","Daylight","Fine no high winds","Dry","Car occupant"
"630","20141314C0342",2014-04-12,2014,"Apr",12,"08:49",8,49,"Saturday","Slight",1,"Slight","Cyclist","Driver or rider","Male",52,"A","Roundabout",40,"A","Not a Pedestrian","Not a Pedestrian",436891,433665,"E01011411",2,"Roundabout","Daylight","Fine no high winds","Dry","Cyclist"
"631","20141314C0578",2014-04-12,2014,"Apr",12,"10:25",10,25,"Saturday","Slight",1,"Slight","Cyclist","Driver or rider","Male",38,"A","Single carriageway",60,NA,"Not a Pedestrian","Not a Pedestrian",427023,444701,"E01011576",2,"Not at junction or within 20 metres","Daylight","Fine no high winds","Dry","Cyclist"
"632","20141314C1823",2014-04-12,2014,"Apr",12,"16:00",16,0,"Saturday","Slight",2,"Slight","Car occupant","Passenger","Male",12,"Unclassified","Single carriageway",30,NA,"Not a Pedestrian","Not a Pedestrian",422452,434232,"E01011587",2,"Not at junction or within 20 metres","Daylight","Fine no high winds","Dry","Car occupant"
"633","20141314C1823",2014-04-12,2014,"Apr",12,"16:00",16,0,"Saturday","Slight",2,"Slight","Car occupant","Driver or rider","Male",40,"Unclassified","Single carriageway",30,NA,"Not a Pedestrian","Not a Pedestrian",422452,434232,"E01011587",2,"Not at junction or within 20 metres","Daylight","Fine no high winds","Dry","Car occupant"
"634","20141314D0806",2014-04-13,2014,"Apr",13,"13:40",13,40,"Sunday","Slight",3,"Slight","Car occupant","Driver or rider","Female",37,"A","Dual carriageway",30,"Unclassified","Not a Pedestrian","Not a Pedestrian",430212,432064,"E01011364",1,"T or staggered junction","Daylight","Fine + high winds","Dry","Car occupant"
"635","20141314D0806",2014-04-13,2014,"Apr",13,"13:40",13,40,"Sunday","Slight",3,"Slight","Car occupant","Passenger","Female",10,"A","Dual carriageway",30,"Unclassified","Not a Pedestrian","Not a Pedestrian",430212,432064,"E01011364",1,"T or staggered junction","Daylight","Fine + high winds","Dry","Car occupant"
"636","20141314D0806",2014-04-13,2014,"Apr",13,"13:40",13,40,"Sunday","Slight",3,"Slight","Car occupant","Passenger","Female",1,"A","Dual carriageway",30,"Unclassified","Not a Pedestrian","Not a Pedestrian",430212,432064,"E01011364",1,"T or staggered junction","Daylight","Fine + high winds","Dry","Car occupant"
"637","20141314D1032",2014-04-13,2014,"Apr",13,"15:45",15,45,"Sunday","Slight",4,"Slight","Taxi/Private hire car occupant","Driver or rider","Male",56,"A","Single carriageway",40,"Unclassified","Not a Pedestrian","Not a Pedestrian",433896,436549,"E01011646",2,"Crossroads","Daylight","Fine no high winds","Dry","Car occupant"
"638","20141314D1032",2014-04-13,2014,"Apr",13,"15:45",15,45,"Sunday","Slight",4,"Slight","Taxi/Private hire car occupant","Passenger","Male",34,"A","Single carriageway",40,"Unclassified","Not a Pedestrian","Not a Pedestrian",433896,436549,"E01011646",2,"Crossroads","Daylight","Fine no high winds","Dry","Car occupant"
"639","20141314D1032",2014-04-13,2014,"Apr",13,"15:45",15,45,"Sunday","Slight",4,"Slight","Car occupant","Driver or rider","Male",17,"A","Single carriageway",40,"Unclassified","Not a Pedestrian","Not a Pedestrian",433896,436549,"E01011646",2,"Crossroads","Daylight","Fine no high winds","Dry","Car occupant"
"640","20141314D1032",2014-04-13,2014,"Apr",13,"15:45",15,45,"Sunday","Slight",4,"Slight","Car occupant","Passenger","Male",18,"A","Single carriageway",40,"Unclassified","Not a Pedestrian","Not a Pedestrian",433896,436549,"E01011646",2,"Crossroads","Daylight","Fine no high winds","Dry","Car occupant"
"641","20141314D1290",2014-04-13,2014,"Apr",13,"18:00",18,0,"Sunday","Slight",1,"Slight","Pedestrian","Pedestrian","Male",24,"Unclassified","Single carriageway",60,NA,"In carriageway, not crossing","Walking along in carriageway, back to traffic",438052,448191,"E01011706",1,"Not at junction or within 20 metres","Daylight","Fine no high winds","Dry","Pedestrian"
"642","20141314D1487",2014-04-13,2014,"Apr",13,"19:44",19,44,"Sunday","Slight",1,"Slight","Motorcycle 50cc and under rider or passenger","Driver or rider","Male",19,"Unclassified","Single carriageway",30,"Unclassified","Not a Pedestrian","Not a Pedestrian",431253,438286,"E01011511",3,"T or staggered junction","Daylight","Fine no high winds","Dry","Motorcyclist and pillion"
"643","20141314E0983",2014-04-14,2014,"Apr",14,"15:00",15,0,"Monday","Slight",1,"Slight","Pedestrian","Pedestrian","Male",5,"Unclassified","Single carriageway",30,NA,"Unknown or other","Crossing from driver's nearside",435770,436505,"E01011661",1,"Not at junction or within 20 metres","Daylight","Fine no high winds","Dry","Pedestrian"
"644","20141314F0421",2014-04-15,2014,"Apr",15,"09:15",9,15,"Tuesday","Slight",1,"Slight","Car occupant","Driver or rider","Female",43,"Unclassified","Single carriageway",30,NA,"Not a Pedestrian","Not a Pedestrian",422426,434598,"E01011596",2,"Not at junction or within 20 metres","Daylight","Fine no high winds","Dry","Car occupant"
"645","20141314F0490",2014-04-15,2014,"Apr",15,"11:10",11,10,"Tuesday","Slight",1,"Slight","Pedestrian","Pedestrian","Male",9,"Unclassified","Roundabout",30,NA,"In carriageway, crossing elsewhere","Crossing from driver's offside",435094,435657,"E01011664",1,"Not at junction or within 20 metres","Daylight","Fine no high winds","Dry","Pedestrian"
"646","20141314F0575",2014-04-15,2014,"Apr",15,"12:32",12,32,"Tuesday","Serious",1,"Serious","Pedestrian","Pedestrian","Female",78,"A","Single carriageway",40,"Unclassified","In carriageway, crossing elsewhere","Crossing from driver's nearside",428775,429727,"E01011322",1,"Other junction","Daylight","Fine no high winds","Dry","Pedestrian"
"647","20141314F1146",2014-04-15,2014,"Apr",15,"17:05",17,5,"Tuesday","Slight",1,"Slight","Car occupant","Driver or rider","Male",48,"Unclassified","Single carriageway",30,"Unclassified","Not a Pedestrian","Not a Pedestrian",429071,433045,"E01033013",2,"T or staggered junction","Daylight","Fine no high winds","Dry","Car occupant"
"648","20141314F1207",2014-04-15,2014,"Apr",15,"17:30",17,30,"Tuesday","Slight",1,"Slight","Bus or coach occupant (17 or more pass seats)","Passenger","Female",61,"Unclassified","Single carriageway",30,"Unclassified","Not a Pedestrian","Not a Pedestrian",431874,435948,"E01011422",2,"Crossroads","Daylight","Fine no high winds","Dry","Bus and goods vehicle occupant"
"649","20141314F1255",2014-04-15,2014,"Apr",15,"17:59",17,59,"Tuesday","Slight",1,"Slight","Car occupant","Driver or rider","Female",54,"Unclassified","Roundabout",30,"Unclassified","Not a Pedestrian","Not a Pedestrian",433073,432332,"E01011621",1,"Roundabout","Daylight","Fine no high winds","Dry","Car occupant"
"650","20141314F1358",2014-04-15,2014,"Apr",15,"18:47",18,47,"Tuesday","Slight",1,"Slight","Car occupant","Driver or rider","Female",31,"A","Dual carriageway",70,NA,"Not a Pedestrian","Not a Pedestrian",422310,433978,"E01011587",1,"Not at junction or within 20 metres","Daylight","Fine no high winds","Dry","Car occupant"
"651","20141314G0526",2014-04-16,2014,"Apr",16,"10:59",10,59,"Wednesday","Slight",1,"Slight","Cyclist","Driver or rider","Male",6,"Unclassified","Single carriageway",30,NA,"Not a Pedestrian","Not a Pedestrian",430191,431784,"E01011371",2,"Not at junction or within 20 metres","Daylight","Fine no high winds","Dry","Cyclist"
"652","20141314G0554",2014-04-16,2014,"Apr",16,"11:10",11,10,"Wednesday","Serious",1,"Serious","Pedestrian","Pedestrian","Female",34,"A","Single carriageway",30,NA,"Crossing elsewhere within 50m. of pedestrian crossing","Crossing from driver's nearside",427924,436151,"E01011440",1,"Not at junction or within 20 metres","Daylight","Fine no high winds","Dry","Pedestrian"
"653","20141314G0648",2014-04-16,2014,"Apr",16,"12:00",12,0,"Wednesday","Serious",1,"Serious","Car occupant","Driver or rider","Female",76,"Unclassified","Single carriageway",30,NA,"Not a Pedestrian","Not a Pedestrian",438109,430867,"E01011391",1,"Not at junction or within 20 metres","Daylight","Fine no high winds","Dry","Car occupant"
"654","20141314G1100",2014-04-16,2014,"Apr",16,"14:48",14,48,"Wednesday","Slight",1,"Slight","Bus or coach occupant (17 or more pass seats)","Passenger","Male",3,"A","Dual carriageway",30,"Unclassified","Not a Pedestrian","Not a Pedestrian",430337,432814,"E01033016",1,"Other junction","Daylight","Fine no high winds","Dry","Bus and goods vehicle occupant"
"655","20141314G1027",2014-04-16,2014,"Apr",16,"15:05",15,5,"Wednesday","Slight",10,"Slight","Car occupant","Driver or rider","Female",39,"A","Single carriageway",30,"Unclassified","Not a Pedestrian","Not a Pedestrian",420343,439783,"E01011278",3,"T or staggered junction","Daylight","Fine no high winds","Dry","Car occupant"
"656","20141314G1027",2014-04-16,2014,"Apr",16,"15:05",15,5,"Wednesday","Slight",10,"Slight","Car occupant","Passenger","Male",7,"A","Single carriageway",30,"Unclassified","Not a Pedestrian","Not a Pedestrian",420343,439783,"E01011278",3,"T or staggered junction","Daylight","Fine no high winds","Dry","Car occupant"
"657","20141314G1027",2014-04-16,2014,"Apr",16,"15:05",15,5,"Wednesday","Slight",10,"Slight","Car occupant","Passenger","Female",11,"A","Single carriageway",30,"Unclassified","Not a Pedestrian","Not a Pedestrian",420343,439783,"E01011278",3,"T or staggered junction","Daylight","Fine no high winds","Dry","Car occupant"
"658","20141314G1027",2014-04-16,2014,"Apr",16,"15:05",15,5,"Wednesday","Slight",10,"Slight","Car occupant","Passenger","Male",7,"A","Single carriageway",30,"Unclassified","Not a Pedestrian","Not a Pedestrian",420343,439783,"E01011278",3,"T or staggered junction","Daylight","Fine no high winds","Dry","Car occupant"
"659","20141314G1027",2014-04-16,2014,"Apr",16,"15:05",15,5,"Wednesday","Slight",10,"Slight","Car occupant","Passenger","Male",10,"A","Single carriageway",30,"Unclassified","Not a Pedestrian","Not a Pedestrian",420343,439783,"E01011278",3,"T or staggered junction","Daylight","Fine no high winds","Dry","Car occupant"