"","accident_index","date","year","month","day","time","time_hour","time_minute","day_of_week","accident_severity","number_of_casualties","casualty_severity","casualty_type","casualty_class","sex_of_casualty","age_of_casualty","first_road_class","road_type","speed_limit","second_road_class","pedestrian_location","pedestrian_movement","location_easting_osgr","location_northing_osgr","lsoa_of_accident_location","number_of_vehicles","junction_detail","light_conditions","weather_conditions","road_surface_conditions","cas_type"
"660","20141314G1027",2014-04-16,2014,"Apr",16,"15:05",15,5,"Wednesday","Slight",10,"Slight","Car occupant","Driver or rider","Female",44,"A","Single carriageway",30,"Unclassified","Not a Pedestrian","Not a Pedestrian",420343,439783,"E01011278",3,"T or staggered junction","Daylight","Fine no high winds","Dry","Car occupant"
"661","20141314G1027",2014-04-16,2014,"Apr",16,"15:05",15,5,"Wednesday","Slight",10,"Slight","Car occupant","Passenger","Female",11,"A","Single carriageway",30,"Unclassified","Not a Pedestrian","Not a Pedestrian",420343,439783,"E01011278",3,"T or staggered junction","Daylight","Fine no high winds","Dry","Car occupant"
"662","20141314G1027",2014-04-16,2014,"Apr",16,"15:05",15,5,"Wednesday","Slight",10,"Slight","Car occupant","Driver or rider","Male",78,"A","Single carriageway",30,"Unclassified","Not a Pedestrian","Not a Pedestrian",420343,439783,"E01011278",3,"T or staggered junction","Daylight","Fine no high winds","Dry","Car occupant"
"663","20141314G1027",2014-04-16,2014,"Apr",16,"15:05",15,5,"Wednesday","Slight",10,"Slight","Car occupant","Passenger","Female",74,"A","Single carriageway",30,"Unclassified","Not a Pedestrian","Not a Pedestrian",420343,439783,"E01011278",3,"T or staggered junction","Daylight","Fine no high winds","Dry","Car occupant"
"664","20141314G1027",2014-04-16,2014,"Apr",16,"15:05",15,5,"Wednesday","Slight",10,"Slight","Car occupant","Passenger","Female",4,"A","Single carriageway",30,"Unclassified","Not a Pedestrian","Not a Pedestrian",420343,439783,"E01011278",3,"T or staggered junction","Daylight","Fine no high winds","Dry","Car occupant"
"665","20141314G1235",2014-04-16,2014,"Apr",16,"16:45",16,45,"Wednesday","Slight",2,"Slight","Car occupant","Driver or rider","Female",45,"Motorway","Dual carriageway",70,NA,"Not a Pedestrian","Not a Pedestrian",424517,427739,"E01011523",3,"Not at junction or within 20 metres","Daylight","Fine no high winds","Dry","Car occupant"
"666","20141314G1235",2014-04-16,2014,"Apr",16,"16:45",16,45,"Wednesday","Slight",2,"Slight","Car occupant","Passenger","Female",22,"Motorway","Dual carriageway",70,NA,"Not a Pedestrian","Not a Pedestrian",424517,427739,"E01011523",3,"Not at junction or within 20 metres","Daylight","Fine no high winds","Dry","Car occupant"
"667","20141314G1328",2014-04-16,2014,"Apr",16,"17:32",17,32,"Wednesday","Slight",1,"Slight","Cyclist","Driver or rider","Male",50,"Unclassified","Single carriageway",40,"Unclassified","Not a Pedestrian","Not a Pedestrian",424100,431966,"E01011726",2,"T or staggered junction","Daylight","Fine no high winds","Dry","Cyclist"
"668","20141314G1555",2014-04-16,2014,"Apr",16,"19:07",19,7,"Wednesday","Slight",1,"Slight","Motorcycle over 500cc rider or passenger","Driver or rider","Male",49,"Unclassified","Single carriageway",30,NA,"Not a Pedestrian","Not a Pedestrian",436474,436176,"E01011721",1,"Not at junction or within 20 metres","Daylight","Fine no high winds","Dry","Motorcyclist and pillion"
"669","20141314H0187",2014-04-17,2014,"Apr",17,"05:28",5,28,"Thursday","Slight",2,"Slight","Van / Goods vehicle (3.5 tonnes mgw or under) occupant","Driver or rider","Male",30,"Motorway","Dual carriageway",70,NA,"Not a Pedestrian","Not a Pedestrian",432302,426164,"E01011499",2,"Not at junction or within 20 metres","Darkness - lights lit","Fine no high winds","Dry","Bus and goods vehicle occupant"
"670","20141314H0187",2014-04-17,2014,"Apr",17,"05:28",5,28,"Thursday","Slight",2,"Slight","Other vehicle occupant","Driver or rider","Male",28,"Motorway","Dual carriageway",70,NA,"Not a Pedestrian","Not a Pedestrian",432302,426164,"E01011499",2,"Not at junction or within 20 metres","Darkness - lights lit","Fine no high winds","Dry","Others"
"671","20141314H0379",2014-04-17,2014,"Apr",17,"09:45",9,45,"Thursday","Slight",4,"Slight","Car occupant","Driver or rider","Female",35,"Motorway","Roundabout",70,"Motorway","Not a Pedestrian","Not a Pedestrian",432236,426267,"E01011499",2,"Slip road","Daylight","Unknown","Dry","Car occupant"
"672","20141314H0379",2014-04-17,2014,"Apr",17,"09:45",9,45,"Thursday","Slight",4,"Slight","Car occupant","Passenger","Male",4,"Motorway","Roundabout",70,"Motorway","Not a Pedestrian","Not a Pedestrian",432236,426267,"E01011499",2,"Slip road","Daylight","Unknown","Dry","Car occupant"
"673","20141314H0379",2014-04-17,2014,"Apr",17,"09:45",9,45,"Thursday","Slight",4,"Slight","Car occupant","Passenger","Female",36,"Motorway","Roundabout",70,"Motorway","Not a Pedestrian","Not a Pedestrian",432236,426267,"E01011499",2,"Slip road","Daylight","Unknown","Dry","Car occupant"
"674","20141314H0379",2014-04-17,2014,"Apr",17,"09:45",9,45,"Thursday","Slight",4,"Slight","Car occupant","Passenger","Female",10,"Motorway","Roundabout",70,"Motorway","Not a Pedestrian","Not a Pedestrian",432236,426267,"E01011499",2,"Slip road","Daylight","Unknown","Dry","Car occupant"
"675","20141314H1058",2014-04-17,2014,"Apr",17,"16:30",16,30,"Thursday","Slight",1,"Slight","Pedestrian","Pedestrian","Male",24,"Unclassified","Single carriageway",30,"Unclassified","On footway or verge","Unknown or other",430155,430974,"E01011312",2,"T or staggered junction","Daylight","Fine no high winds","Dry","Pedestrian"
"676","20141314H1228",2014-04-17,2014,"Apr",17,"17:59",17,59,"Thursday","Slight",1,"Slight","Car occupant","Passenger","Male",25,"Unclassified","Roundabout",30,"Unclassified","Not a Pedestrian","Not a Pedestrian",427482,432594,"E01011733",2,"Mini-roundabout","Daylight","Fine no high winds","Dry","Car occupant"
"677","20141314I1371",2014-04-17,2014,"Apr",17,"19:46",19,46,"Thursday","Slight",1,"Slight","Car occupant","Driver or rider","Female",41,"Unclassified","Single carriageway",30,NA,"Not a Pedestrian","Not a Pedestrian",422422,440320,"E01032503",2,"Not at junction or within 20 metres","Daylight","Fine no high winds","Dry","Car occupant"
"678","20141314I0431",2014-04-17,2014,"Apr",17,"23:15",23,15,"Thursday","Serious",1,"Serious","Bus or coach occupant (17 or more pass seats)","Passenger","Male",33,"Unclassified","Single carriageway",30,NA,"Not a Pedestrian","Not a Pedestrian",430508,433455,"E01033010",1,"Not at junction or within 20 metres","Darkness - lights lit","Fine no high winds","Dry","Bus and goods vehicle occupant"
"679","20141314I0904",2014-04-18,2014,"Apr",18,"15:18",15,18,"Friday","Slight",1,"Slight","Pedestrian","Pedestrian","Female",32,"Unclassified","Single carriageway",30,NA,"Crossing on pedestrian crossing facility","Crossing from driver's offside",430212,433401,"E01033010",1,"Not at junction or within 20 metres","Daylight","Fine no high winds","Dry","Pedestrian"
"680","20141314I1056",2014-04-18,2014,"Apr",18,"16:32",16,32,"Friday","Slight",1,"Slight","Cyclist","Driver or rider","Male",31,"Unclassified","Single carriageway",40,"Unclassified","Not a Pedestrian","Not a Pedestrian",428520,434271,"E01011681",2,"T or staggered junction","Daylight","Fine no high winds","Dry","Cyclist"
"681","20141314J1103",2014-04-19,2014,"Apr",19,"13:10",13,10,"Saturday","Slight",1,"Slight","Bus or coach occupant (17 or more pass seats)","Passenger","Female",41,"B","Roundabout",30,"Unclassified","Not a Pedestrian","Not a Pedestrian",425059,433376,"E01011727",1,"Roundabout","Daylight","Unknown","Dry","Bus and goods vehicle occupant"
"682","20141314J1407",2014-04-19,2014,"Apr",19,"19:40",19,40,"Saturday","Slight",2,"Slight","Car occupant","Driver or rider","Female",36,"Unclassified","Single carriageway",30,NA,"Not a Pedestrian","Not a Pedestrian",420338,441596,"E01011268",1,"Not at junction or within 20 metres","Daylight","Fine no high winds","Dry","Car occupant"
"683","20141314J1407",2014-04-19,2014,"Apr",19,"19:40",19,40,"Saturday","Slight",2,"Slight","Car occupant","Passenger","Female",65,"Unclassified","Single carriageway",30,NA,"Not a Pedestrian","Not a Pedestrian",420338,441596,"E01011268",1,"Not at junction or within 20 metres","Daylight","Fine no high winds","Dry","Car occupant"
"684","20141314J1635",2014-04-19,2014,"Apr",19,"21:55",21,55,"Saturday","Serious",1,"Serious","Pedestrian","Pedestrian","Male",30,"A(M)","Dual carriageway",40,NA,"Unknown or other","Unknown or other",429401,433823,"E01011678",1,"Not at junction or within 20 metres","Darkness - lights lit","Fine no high winds","Dry","Pedestrian"
"685","20141314K0229",2014-04-20,2014,"Apr",20,"03:49",3,49,"Sunday","Fatal",2,"Serious","Car occupant","Driver or rider","Male",23,"A(M)","Dual carriageway",40,NA,"Not a Pedestrian","Not a Pedestrian",429360,433720,"E01033008",1,"Not at junction or within 20 metres","Darkness - lights lit","Fine no high winds","Dry","Car occupant"
"686","20141314K0229",2014-04-20,2014,"Apr",20,"03:49",3,49,"Sunday","Fatal",2,"Fatal","Car occupant","Passenger","Male",24,"A(M)","Dual carriageway",40,NA,"Not a Pedestrian","Not a Pedestrian",429360,433720,"E01033008",1,"Not at junction or within 20 metres","Darkness - lights lit","Fine no high winds","Dry","Car occupant"
"687","20141314K0307",2014-04-20,2014,"Apr",20,"20:50",20,50,"Sunday","Slight",2,"Slight","Car occupant","Passenger","Male",26,"B","Single carriageway",30,"Unclassified","Not a Pedestrian","Not a Pedestrian",426744,426835,"E01011547",2,"T or staggered junction","Darkness - lights lit","Fine no high winds","Dry","Car occupant"
"688","20141314K0307",2014-04-20,2014,"Apr",20,"20:50",20,50,"Sunday","Slight",2,"Slight","Car occupant","Passenger","Female",19,"B","Single carriageway",30,"Unclassified","Not a Pedestrian","Not a Pedestrian",426744,426835,"E01011547",2,"T or staggered junction","Darkness - lights lit","Fine no high winds","Dry","Car occupant"
"689","20141314L0051",2014-04-21,2014,"Apr",21,"00:43",0,43,"Monday","Slight",1,"Slight","Cyclist","Driver or rider","Male",23,"Unclassified","Roundabout",30,"Unclassified","Not a Pedestrian","Not a Pedestrian",424963,434400,"E01032606",2,"Roundabout","Darkness - lights lit","Fine no high winds","Dry","Cyclist"
"690","20141314L0083",2014-04-21,2014,"Apr",21,"01:13",1,13,"Monday","Serious",2,"Serious","Car occupant","Driver or rider","Male",33,"A(M)","Dual carriageway",70,NA,"Not a Pedestrian","Not a Pedestrian",441371,445033,"E01011707",2,"Not at junction or within 20 metres","Darkness - no lighting","Fine no high winds","Dry","Car occupant"
"691","20141314L0083",2014-04-21,2014,"Apr",21,"01:13",1,13,"Monday","Serious",2,"Serious","Car occupant","Driver or rider","Male",22,"A(M)","Dual carriageway",70,NA,"Not a Pedestrian","Not a Pedestrian",441371,445033,"E01011707",2,"Not at junction or within 20 metres","Darkness - no lighting","Fine no high winds","Dry","Car occupant"
"692","20141314L1161",2014-04-21,2014,"Apr",21,"17:26",17,26,"Monday","Slight",1,"Slight","Cyclist","Driver or rider","Male",23,"Unclassified","Single carriageway",30,"Unclassified","Not a Pedestrian","Not a Pedestrian",427751,436156,"E01011440",2,"More than 4 arms (not roundabout)","Daylight","Raining no high winds","Wet or damp","Cyclist"
"693","20141314L0054",2014-04-21,2014,"Apr",21,"23:55",23,55,"Monday","Slight",1,"Slight","Taxi/Private hire car occupant","Passenger","Female",53,"A","Single carriageway",40,"A","Not a Pedestrian","Not a Pedestrian",427476,431311,"E01011318",2,"Crossroads","Darkness - lights lit","Fine no high winds","Dry","Car occupant"
"694","20141314M0162",2014-04-22,2014,"Apr",22,"05:42",5,42,"Tuesday","Serious",1,"Serious","Motorcycle 125cc and under rider or passenger","Driver or rider","Male",28,"Unclassified","Single carriageway",30,"Unclassified","Not a Pedestrian","Not a Pedestrian",430064,433776,"E01033010",2,"Crossroads","Daylight","Raining no high winds","Wet or damp","Motorcyclist and pillion"
"695","20141314M0228",2014-04-22,2014,"Apr",22,"07:55",7,55,"Tuesday","Slight",1,"Slight","Cyclist","Driver or rider","Male",46,"Unclassified","Single carriageway",30,"Unclassified","Not a Pedestrian","Not a Pedestrian",429137,433091,"E01033013",2,"T or staggered junction","Daylight","Fine no high winds","Wet or damp","Cyclist"
"696","20141314M0700",2014-04-22,2014,"Apr",22,"12:15",12,15,"Tuesday","Serious",1,"Serious","Bus or coach occupant (17 or more pass seats)","Passenger","Female",48,"Unclassified","Single carriageway",30,"Unclassified","Not a Pedestrian","Not a Pedestrian",431416,434088,"E01033035",1,"Crossroads","Daylight","Fine no high winds","Wet or damp","Bus and goods vehicle occupant"
"697","20141314M0807",2014-04-22,2014,"Apr",22,"14:30",14,30,"Tuesday","Slight",1,"Slight","Car occupant","Passenger","Female",51,"Unclassified","Single carriageway",30,"Unclassified","Not a Pedestrian","Not a Pedestrian",427977,433611,"E01011294",2,"Private drive or entrance","Daylight","Fine no high winds","Dry","Car occupant"
"698","20141314M0992",2014-04-22,2014,"Apr",22,"16:10",16,10,"Tuesday","Slight",1,"Slight","Car occupant","Driver or rider","Male",47,"Unclassified","Single carriageway",30,"Unclassified","Not a Pedestrian","Not a Pedestrian",431959,436272,"E01011642",2,"T or staggered junction","Daylight","Fine no high winds","Wet or damp","Car occupant"
"699","20141314M1219",2014-04-22,2014,"Apr",22,"17:00",17,0,"Tuesday","Slight",1,"Slight","Car occupant","Passenger","Male",12,"A","Dual carriageway",40,"A","Not a Pedestrian","Not a Pedestrian",432203,429813,"E01011470",2,"Slip road","Daylight","Fine no high winds","Wet or damp","Car occupant"
"700","20141314M1127",2014-04-22,2014,"Apr",22,"17:10",17,10,"Tuesday","Slight",1,"Slight","Car occupant","Passenger","Female",44,"Unclassified","Single carriageway",30,"Unclassified","Not a Pedestrian","Not a Pedestrian",432308,434917,"E01011433",2,"T or staggered junction","Daylight","Fine no high winds","Wet or damp","Car occupant"
"701","20141314M1121",2014-04-22,2014,"Apr",22,"17:13",17,13,"Tuesday","Slight",2,"Slight","Car occupant","Driver or rider","Male",19,"Motorway","Dual carriageway",50,NA,"Not a Pedestrian","Not a Pedestrian",428919,431655,"E01011366",5,"Not at junction or within 20 metres","Daylight","Raining no high winds","Wet or damp","Car occupant"
"702","20141314M1121",2014-04-22,2014,"Apr",22,"17:13",17,13,"Tuesday","Slight",2,"Slight","Car occupant","Driver or rider","Female",38,"Motorway","Dual carriageway",50,NA,"Not a Pedestrian","Not a Pedestrian",428919,431655,"E01011366",5,"Not at junction or within 20 metres","Daylight","Raining no high winds","Wet or damp","Car occupant"
"703","20141314M1265",2014-04-22,2014,"Apr",22,"18:00",18,0,"Tuesday","Slight",1,"Slight","Car occupant","Driver or rider","Female",31,"Unclassified","Single carriageway",30,"Unclassified","Not a Pedestrian","Not a Pedestrian",425339,440850,"E01011377",2,"T or staggered junction","Daylight","Fine no high winds","Dry","Car occupant"
"704","20141314M0058",2014-04-22,2014,"Apr",22,"21:05",21,5,"Tuesday","Slight",1,"Slight","Cyclist","Driver or rider","Male",26,"A","Roundabout",30,"A","Not a Pedestrian","Not a Pedestrian",426845,438032,"E01011687",2,"Roundabout","Darkness - lights lit","Fine no high winds","Dry","Cyclist"
"705","20141314M1832",2014-04-22,2014,"Apr",22,"23:56",23,56,"Tuesday","Slight",1,"Slight","Car occupant","Driver or rider","Male",48,"Unclassified","Single carriageway",30,NA,"Not a Pedestrian","Not a Pedestrian",431456,427929,"E01011490",3,"Not at junction or within 20 metres","Darkness - lights lit","Fine no high winds","Dry","Car occupant"
"706","20141314N0205",2014-04-23,2014,"Apr",23,"07:50",7,50,"Wednesday","Slight",2,"Slight","Cyclist","Driver or rider","Female",40,"A","Single carriageway",30,NA,"Not a Pedestrian","Not a Pedestrian",427895,434391,"E01011483",1,"Not at junction or within 20 metres","Daylight","Fine no high winds","Dry","Cyclist"
"707","20141314N0205",2014-04-23,2014,"Apr",23,"07:50",7,50,"Wednesday","Slight",2,"Slight","Pedestrian","Pedestrian","Male",32,"A","Single carriageway",30,NA,"In carriageway, not crossing","In carriageway, stationary - not crossing  (standing or playing)",427895,434391,"E01011483",1,"Not at junction or within 20 metres","Daylight","Fine no high winds","Dry","Pedestrian"
"708","20141314O1025",2014-04-23,2014,"Apr",23,"08:00",8,0,"Wednesday","Slight",2,"Slight","Pedestrian","Pedestrian","Female",29,"Unclassified","Single carriageway",30,"A","In carriageway, crossing elsewhere","Crossing from driver's nearside",429788,430628,"E01011322",1,"T or staggered junction","Daylight","Fine no high winds","Dry","Pedestrian"
"709","20141314O1025",2014-04-23,2014,"Apr",23,"08:00",8,0,"Wednesday","Slight",2,"Slight","Pedestrian","Pedestrian","Female",22,"Unclassified","Single carriageway",30,"A","In carriageway, crossing elsewhere","Crossing from driver's nearside",429788,430628,"E01011322",1,"T or staggered junction","Daylight","Fine no high winds","Dry","Pedestrian"
"710","20141314N0265",2014-04-23,2014,"Apr",23,"08:50",8,50,"Wednesday","Serious",1,"Serious","Cyclist","Driver or rider","Female",23,"A","Single carriageway",30,"Unclassified","Not a Pedestrian","Not a Pedestrian",429388,434947,"E01033005",2,"T or staggered junction","Daylight","Fine no high winds","Dry","Cyclist"
"711","20141314N0438",2014-04-23,2014,"Apr",23,"11:00",11,0,"Wednesday","Slight",3,"Slight","Car occupant","Driver or rider","Female",33,"A","Dual carriageway",40,"Unclassified","Not a Pedestrian","Not a Pedestrian",427292,426391,"E01032491",2,"Crossroads","Daylight","Fine no high winds","Dry","Car occupant"
"712","20141314N0438",2014-04-23,2014,"Apr",23,"11:00",11,0,"Wednesday","Slight",3,"Slight","Car occupant","Driver or rider","Female",48,"A","Dual carriageway",40,"Unclassified","Not a Pedestrian","Not a Pedestrian",427292,426391,"E01032491",2,"Crossroads","Daylight","Fine no high winds","Dry","Car occupant"
"713","20141314N0438",2014-04-23,2014,"Apr",23,"11:00",11,0,"Wednesday","Slight",3,"Slight","Car occupant","Passenger","Female",22,"A","Dual carriageway",40,"Unclassified","Not a Pedestrian","Not a Pedestrian",427292,426391,"E01032491",2,"Crossroads","Daylight","Fine no high winds","Dry","Car occupant"
"714","20141314N0441",2014-04-23,2014,"Apr",23,"11:05",11,5,"Wednesday","Slight",1,"Slight","Taxi/Private hire car occupant","Passenger","Female",21,"Unclassified","Single carriageway",30,"Unclassified","Not a Pedestrian","Not a Pedestrian",427716,436102,"E01011440",3,"T or staggered junction","Daylight","Fine no high winds","Dry","Car occupant"
"715","20141314N1063",2014-04-23,2014,"Apr",23,"16:15",16,15,"Wednesday","Slight",1,"Slight","Pedestrian","Pedestrian","Female",7,"Unclassified","Single carriageway",30,NA,"On footway or verge","Unknown or other",440757,429007,"E01011308",1,"Not at junction or within 20 metres","Daylight","Fine no high winds","Dry","Pedestrian"
"716","20141314N1407",2014-04-23,2014,"Apr",23,"16:30",16,30,"Wednesday","Slight",1,"Slight","Car occupant","Driver or rider","Male",42,"A(M)","Dual carriageway",40,NA,"Not a Pedestrian","Not a Pedestrian",429340,433719,"E01011678",2,"Not at junction or within 20 metres","Daylight","Fine no high winds","Dry","Car occupant"
"717","20141314N1033",2014-04-23,2014,"Apr",23,"16:38",16,38,"Wednesday","Slight",2,"Slight","Car occupant","Driver or rider","Male",81,"Unclassified","Single carriageway",30,NA,"Not a Pedestrian","Not a Pedestrian",438051,436460,"E01011719",2,"Not at junction or within 20 metres","Daylight","Fine no high winds","Dry","Car occupant"
"718","20141314N1033",2014-04-23,2014,"Apr",23,"16:38",16,38,"Wednesday","Slight",2,"Slight","Car occupant","Driver or rider","Female",53,"Unclassified","Single carriageway",30,NA,"Not a Pedestrian","Not a Pedestrian",438051,436460,"E01011719",2,"Not at junction or within 20 metres","Daylight","Fine no high winds","Dry","Car occupant"
"719","20141314N1068",2014-04-23,2014,"Apr",23,"16:50",16,50,"Wednesday","Slight",1,"Slight","Motorcycle 125cc and under rider or passenger","Driver or rider","Male",48,"A","Single carriageway",30,"Unclassified","Not a Pedestrian","Not a Pedestrian",422027,436490,"E01011591",2,"T or staggered junction","Daylight","Fine no high winds","Dry","Motorcyclist and pillion"
"720","20141314N1336",2014-04-23,2014,"Apr",23,"19:05",19,5,"Wednesday","Serious",2,"Slight","Car occupant","Driver or rider","Male",31,"Unclassified","Single carriageway",30,"Unclassified","Not a Pedestrian","Not a Pedestrian",430895,435533,"E01011361",2,"T or staggered junction","Daylight","Raining no high winds","Wet or damp","Car occupant"
"721","20141314N1336",2014-04-23,2014,"Apr",23,"19:05",19,5,"Wednesday","Serious",2,"Serious","Motorcycle over 500cc rider or passenger","Driver or rider","Male",30,"Unclassified","Single carriageway",30,"Unclassified","Not a Pedestrian","Not a Pedestrian",430895,435533,"E01011361",2,"T or staggered junction","Daylight","Raining no high winds","Wet or damp","Motorcyclist and pillion"
"722","20141314N1334",2014-04-23,2014,"Apr",23,"19:25",19,25,"Wednesday","Slight",1,"Slight","Car occupant","Driver or rider","Male",26,"Motorway","Dual carriageway",70,NA,"Not a Pedestrian","Not a Pedestrian",424083,427964,"E01011523",2,"Not at junction or within 20 metres","Daylight","Fine no high winds","Dry","Car occupant"
"723","20141314O0196",2014-04-24,2014,"Apr",24,"07:43",7,43,"Thursday","Slight",1,"Slight","Car occupant","Driver or rider","Male",62,"Unclassified","Single carriageway",30,NA,"Not a Pedestrian","Not a Pedestrian",428796,434041,"E01011678",2,"Not at junction or within 20 metres","Daylight","Fine no high winds","Dry","Car occupant"
"724","20141314O1225",2014-04-24,2014,"Apr",24,"17:40",17,40,"Thursday","Slight",1,"Slight","Motorcycle 125cc and under rider or passenger","Driver or rider","Male",18,"A","Single carriageway",30,NA,"Not a Pedestrian","Not a Pedestrian",424452,428094,"E01011523",2,"Not at junction or within 20 metres","Daylight","Fine no high winds","Dry","Motorcyclist and pillion"
"725","20141314O1503",2014-04-24,2014,"Apr",24,"18:00",18,0,"Thursday","Slight",1,"Slight","Pedestrian","Pedestrian","Male",9,"Unclassified","Single carriageway",30,NA,"In carriageway, crossing elsewhere","Crossing from driver's nearside",436352,436417,"E01011721",1,"Not at junction or within 20 metres","Daylight","Fine no high winds","Dry","Pedestrian"
"726","20141314P0845",2014-04-25,2014,"Apr",25,"14:40",14,40,"Friday","Slight",1,"Slight","Pedestrian","Pedestrian","Female",46,"Unclassified","One way street",30,"Unclassified","In carriageway, crossing elsewhere","Crossing from driver's offside",429787,430926,"E01011316",1,"Other junction","Daylight","Fine no high winds","Wet or damp","Pedestrian"
"727","20141314P0942",2014-04-25,2014,"Apr",25,"15:30",15,30,"Friday","Slight",1,"Slight","Car occupant","Driver or rider","Female",25,"Unclassified","Single carriageway",30,"Unclassified","Not a Pedestrian","Not a Pedestrian",430306,432314,"E01033016",2,"T or staggered junction","Daylight","Fine no high winds","Dry","Car occupant"
"728","20141314Q1587",2014-04-25,2014,"Apr",25,"19:40",19,40,"Friday","Slight",1,"Slight","Bus or coach occupant (17 or more pass seats)","Passenger","Male",18,"Unclassified","Single carriageway",30,"Unclassified","Not a Pedestrian","Not a Pedestrian",429946,433788,"E01033010",1,"T or staggered junction","Daylight","Fine no high winds","Dry","Bus and goods vehicle occupant"
"729","20141314Q0304",2014-04-26,2014,"Apr",26,"05:25",5,25,"Saturday","Slight",1,"Slight","Motorcycle 125cc and under rider or passenger","Driver or rider","Male",28,"A","Single carriageway",30,"Unclassified","Not a Pedestrian","Not a Pedestrian",430065,431119,"E01011371",2,"T or staggered junction","Daylight","Raining no high winds","Wet or damp","Motorcyclist and pillion"
"730","20141314R0848",2014-04-26,2014,"Apr",26,"13:30",13,30,"Saturday","Slight",2,"Slight","Car occupant","Driver or rider","Female",45,"A","Single carriageway",30,"A","Not a Pedestrian","Not a Pedestrian",430604,434565,"E01011671",2,"T or staggered junction","Daylight","Unknown","Dry","Car occupant"
"731","20141314R0848",2014-04-26,2014,"Apr",26,"13:30",13,30,"Saturday","Slight",2,"Slight","Car occupant","Passenger","Male",25,"A","Single carriageway",30,"A","Not a Pedestrian","Not a Pedestrian",430604,434565,"E01011671",2,"T or staggered junction","Daylight","Unknown","Dry","Car occupant"
"732","20141314Q0907",2014-04-26,2014,"Apr",26,"14:24",14,24,"Saturday","Slight",1,"Slight","Horse rider","Passenger","Male",24,"Unclassified","Single carriageway",60,NA,"Not a Pedestrian","Not a Pedestrian",431860,425713,"E01011499",5,"Not at junction or within 20 metres","Daylight","Fine no high winds","Dry","Others"
"733","20141314R1003",2014-04-27,2014,"Apr",27,"15:10",15,10,"Sunday","Slight",1,"Slight","Motorcycle 125cc and under rider or passenger","Driver or rider","Male",21,"Unclassified","One way street",30,NA,"Not a Pedestrian","Not a Pedestrian",423035,435217,"E01011327",2,"Not at junction or within 20 metres","Daylight","Fine no high winds","Dry","Motorcyclist and pillion"
"734","20141314R1181",2014-04-27,2014,"Apr",27,"15:30",15,30,"Sunday","Slight",1,"Slight","Car occupant","Passenger","Male",1,"Unclassified","Single carriageway",20,NA,"Not a Pedestrian","Not a Pedestrian",435638,436343,"E01011661",2,"Not at junction or within 20 metres","Daylight","Fine no high winds","Dry","Car occupant"
"735","20141314R1223",2014-04-27,2014,"Apr",27,"16:00",16,0,"Sunday","Slight",1,"Slight","Car occupant","Driver or rider","Female",35,"Unclassified","One way street",20,"Unclassified","Not a Pedestrian","Not a Pedestrian",419650,441077,"E01011272",2,"Other junction","Daylight","Fine no high winds","Dry","Car occupant"
"736","20141314S0217",2014-04-28,2014,"Apr",28,"07:35",7,35,"Monday","Slight",1,"Slight","Motorcycle 125cc and under rider or passenger","Driver or rider","Female",23,"A","Single carriageway",40,NA,"Not a Pedestrian","Not a Pedestrian",422292,438279,"E01011458",2,"Not at junction or within 20 metres","Daylight","Fine no high winds","Dry","Motorcyclist and pillion"
"737","20141314S0237",2014-04-28,2014,"Apr",28,"08:03",8,3,"Monday","Slight",1,"Slight","Car occupant","Driver or rider","Female",29,"A","Single carriageway",40,NA,"Not a Pedestrian","Not a Pedestrian",426550,442017,"E01032504",2,"Not at junction or within 20 metres","Daylight","Fine no high winds","Dry","Car occupant"
"738","20141314S0258",2014-04-28,2014,"Apr",28,"08:15",8,15,"Monday","Slight",1,"Slight","Car occupant","Driver or rider","Male",49,"Unclassified","Single carriageway",30,NA,"Not a Pedestrian","Not a Pedestrian",429090,439492,"E01011560",2,"Not at junction or within 20 metres","Daylight","Fine no high winds","Dry","Car occupant"
"739","20141314S1211",2014-04-28,2014,"Apr",28,"10:24",10,24,"Monday","Slight",1,"Slight","Car occupant","Driver or rider","Male",24,"B","One way street",30,"Unclassified","Not a Pedestrian","Not a Pedestrian",430915,436494,"E01011356",2,"T or staggered junction","Daylight","Fine no high winds","Dry","Car occupant"
"740","20141314S0758",2014-04-28,2014,"Apr",28,"13:10",13,10,"Monday","Slight",1,"Slight","Cyclist","Driver or rider","Male",20,"A","One way street",30,"Unclassified","Not a Pedestrian","Not a Pedestrian",429811,434610,"E01033005",2,"Other junction","Daylight","Fine no high winds","Dry","Cyclist"
"741","20141314S0896",2014-04-28,2014,"Apr",28,"14:20",14,20,"Monday","Slight",1,"Slight","Pedestrian","Pedestrian","Male",78,"Unclassified","Unknown",20,NA,"Unknown or other","Crossing from driver's nearside",429925,435658,"E01011670",1,"Not at junction or within 20 metres","Daylight","Fine no high winds","Dry","Pedestrian"
"742","20141314S0479",2014-04-28,2014,"Apr",28,"17:00",17,0,"Monday","Slight",1,"Slight","Pedestrian","Pedestrian","Male",58,"Unclassified","Single carriageway",30,NA,"In carriageway, crossing elsewhere","Crossing from driver's nearside",436283,434154,"E01011414",1,"Not at junction or within 20 metres","Daylight","Fine no high winds","Dry","Pedestrian"
"743","20141314S1601",2014-04-28,2014,"Apr",28,"19:05",19,5,"Monday","Slight",1,"Slight","Car occupant","Driver or rider","Female",63,"Unclassified","Roundabout",30,"Unclassified","Not a Pedestrian","Not a Pedestrian",433633,435340,"E01011339",2,"Roundabout","Daylight","Fine no high winds","Dry","Car occupant"