"","accident_index","date","year","month","day","time","time_hour","time_minute","day_of_week","accident_severity","number_of_casualties","casualty_severity","casualty_type","casualty_class","sex_of_casualty","age_of_casualty","first_road_class","road_type","speed_limit","second_road_class","pedestrian_location","pedestrian_movement","location_easting_osgr","location_northing_osgr","lsoa_of_accident_location","number_of_vehicles","junction_detail","light_conditions","weather_conditions","road_surface_conditions","cas_type"
"744","20141314T0043",2014-04-29,2014,"Apr",29,"00:55",0,55,"Tuesday","Slight",1,"Slight","Car occupant","Passenger","Male",21,"A","Single carriageway",30,NA,"Not a Pedestrian","Not a Pedestrian",429309,435030,"E01033005",2,"Not at junction or within 20 metres","Darkness - lights lit","Fine no high winds","Dry","Car occupant"
"745","20141314T0951",2014-04-29,2014,"Apr",29,"15:50",15,50,"Tuesday","Slight",1,"Slight","Pedestrian","Pedestrian","Male",11,"Unclassified","Single carriageway",30,"Unclassified","In carriageway, crossing elsewhere","Crossing from offside - masked by  parked or stationary vehicle",430643,428140,"E01011490",1,"T or staggered junction","Daylight","Fine no high winds","Dry","Pedestrian"
"746","20141314T1265",2014-04-29,2014,"Apr",29,"18:00",18,0,"Tuesday","Slight",1,"Slight","Cyclist","Driver or rider","Male",34,"A","Single carriageway",30,"Unclassified","Not a Pedestrian","Not a Pedestrian",426313,435511,"E01011477",2,"T or staggered junction","Daylight","Fine no high winds","Wet or damp","Cyclist"
"747","20141314T1289",2014-04-29,2014,"Apr",29,"18:20",18,20,"Tuesday","Slight",1,"Slight","Cyclist","Driver or rider","Male",51,"Unclassified","Single carriageway",30,NA,"Not a Pedestrian","Not a Pedestrian",428962,432729,"E01033013",2,"Not at junction or within 20 metres","Daylight","Fine no high winds","Dry","Cyclist"
"748","20141314U1278",2014-04-30,2014,"Apr",30,"08:30",8,30,"Wednesday","Slight",1,"Slight","Cyclist","Driver or rider","Male",37,"B","Single carriageway",30,"Unclassified","Not a Pedestrian","Not a Pedestrian",435584,433605,"E01011417",2,"T or staggered junction","Daylight","Fine no high winds","Dry","Cyclist"
"749","20141314U0293",2014-04-30,2014,"Apr",30,"08:35",8,35,"Wednesday","Slight",1,"Slight","Cyclist","Driver or rider","Male",19,"Unclassified","Single carriageway",30,NA,"Not a Pedestrian","Not a Pedestrian",429948,433120,"E01033016",2,"Not at junction or within 20 metres","Daylight","Fine no high winds","Dry","Cyclist"
"750","20141314U0297",2014-04-30,2014,"Apr",30,"08:41",8,41,"Wednesday","Serious",1,"Serious","Pedestrian","Pedestrian","Male",9,"C","Single carriageway",30,"Unclassified","Crossing in zig-zag approach lines","Crossing from offside - masked by  parked or stationary vehicle",430769,435251,"E01011360",1,"T or staggered junction","Daylight","Fine no high winds","Dry","Pedestrian"
"751","20141314U1029",2014-04-30,2014,"Apr",30,"12:30",12,30,"Wednesday","Slight",1,"Slight","Pedestrian","Pedestrian","Female",30,"A","Single carriageway",30,"Unclassified","Unknown or other","Unknown or other",430095,431332,"E01011371",1,"T or staggered junction","Daylight","Fine no high winds","Dry","Pedestrian"
"752","20141314U1433",2014-04-30,2014,"Apr",30,"13:30",13,30,"Wednesday","Slight",1,"Slight","Bus or coach occupant (17 or more pass seats)","Passenger","Female",78,"B","Single carriageway",30,NA,"Not a Pedestrian","Not a Pedestrian",427791,427910,"E01011540",1,"Not at junction or within 20 metres","Daylight","Fine no high winds","Dry","Bus and goods vehicle occupant"
"753","20141314U0843",2014-04-30,2014,"Apr",30,"14:00",14,0,"Wednesday","Slight",1,"Slight","Cyclist","Driver or rider","Male",20,"A","Single carriageway",30,"Unclassified","Not a Pedestrian","Not a Pedestrian",428440,435705,"E01032946",2,"T or staggered junction","Daylight","Fine no high winds","Dry","Cyclist"
"754","20141314U0936",2014-04-30,2014,"Apr",30,"14:43",14,43,"Wednesday","Serious",1,"Serious","Cyclist","Driver or rider","Male",20,"A","Single carriageway",40,NA,"Not a Pedestrian","Not a Pedestrian",423742,444356,"E01011570",2,"Not at junction or within 20 metres","Daylight","Fine no high winds","Dry","Cyclist"
"755","20141314U1145",2014-04-30,2014,"Apr",30,"15:00",15,0,"Wednesday","Serious",1,"Serious","Bus or coach occupant (17 or more pass seats)","Passenger","Female",78,"Unclassified","Single carriageway",30,NA,"Not a Pedestrian","Not a Pedestrian",430629,434216,"E01033002",1,"Not at junction or within 20 metres","Daylight","Fine no high winds","Dry","Bus and goods vehicle occupant"
"756","20141314U0578",2014-04-30,2014,"Apr",30,"16:05",16,5,"Wednesday","Serious",1,"Serious","Car occupant","Driver or rider","Female",46,"Unclassified","Single carriageway",30,"Unclassified","Not a Pedestrian","Not a Pedestrian",428825,435232,"E01011444",2,"T or staggered junction","Daylight","Fine no high winds","Dry","Car occupant"
"757","20141314U1235",2014-04-30,2014,"Apr",30,"17:00",17,0,"Wednesday","Slight",1,"Slight","Cyclist","Driver or rider","Male",45,"A","Single carriageway",30,"Unclassified","Not a Pedestrian","Not a Pedestrian",428789,435578,"E01032946",2,"T or staggered junction","Daylight","Fine no high winds","Dry","Cyclist"
"758","20141314U1515",2014-04-30,2014,"Apr",30,"17:20",17,20,"Wednesday","Slight",1,"Slight","Car occupant","Driver or rider","Male",27,"A","Dual carriageway",40,NA,"Not a Pedestrian","Not a Pedestrian",428530,432087,"E01011366",2,"Not at junction or within 20 metres","Daylight","Fine no high winds","Dry","Car occupant"
"759","20141314U1644",2014-04-30,2014,"Apr",30,"20:25",20,25,"Wednesday","Serious",1,"Serious","Cyclist","Driver or rider","Male",35,"Unclassified","Single carriageway",30,"Unclassified","Not a Pedestrian","Not a Pedestrian",434962,436855,"E01011658",2,"T or staggered junction","Darkness - lights lit","Raining no high winds","Wet or damp","Cyclist"
"760","2014131510633",2014-05-01,2014,"May",1,"12:54",12,54,"Thursday","Slight",3,"Slight","Car occupant","Driver or rider","Female",29,"A(M)","Dual carriageway",40,NA,"Not a Pedestrian","Not a Pedestrian",429414,433950,"E01011678",2,"Not at junction or within 20 metres","Daylight","Raining no high winds","Wet or damp","Car occupant"
"761","2014131510633",2014-05-01,2014,"May",1,"12:54",12,54,"Thursday","Slight",3,"Slight","Car occupant","Passenger","Female",24,"A(M)","Dual carriageway",40,NA,"Not a Pedestrian","Not a Pedestrian",429414,433950,"E01011678",2,"Not at junction or within 20 metres","Daylight","Raining no high winds","Wet or damp","Car occupant"
"762","2014131510633",2014-05-01,2014,"May",1,"12:54",12,54,"Thursday","Slight",3,"Slight","Car occupant","Driver or rider","Male",51,"A(M)","Dual carriageway",40,NA,"Not a Pedestrian","Not a Pedestrian",429414,433950,"E01011678",2,"Not at junction or within 20 metres","Daylight","Raining no high winds","Wet or damp","Car occupant"
"763","2014131511108",2014-05-01,2014,"May",1,"14:30",14,30,"Thursday","Slight",1,"Slight","Cyclist","Driver or rider","Male",52,"Unclassified","Single carriageway",30,"Unclassified","Not a Pedestrian","Not a Pedestrian",430767,438449,"E01011514",2,"T or staggered junction","Daylight","Raining no high winds","Wet or damp","Cyclist"
"764","2014131511251",2014-05-01,2014,"May",1,"18:28",18,28,"Thursday","Serious",1,"Serious","Motorcycle over 500cc rider or passenger","Driver or rider","Male",44,"Unclassified","Roundabout",30,"Unclassified","Not a Pedestrian","Not a Pedestrian",429841,432529,"E01033032",2,"Mini-roundabout","Daylight","Fine no high winds","Wet or damp","Motorcyclist and pillion"
"765","2014131511740",2014-05-01,2014,"May",1,"23:50",23,50,"Thursday","Serious",1,"Serious","Motorcycle 125cc and under rider or passenger","Driver or rider","Male",18,"Unclassified","Single carriageway",30,NA,"Not a Pedestrian","Not a Pedestrian",432528,436701,"E01011645",1,"Not at junction or within 20 metres","Darkness - lights lit","Fine no high winds","Wet or damp","Motorcyclist and pillion"
"766","2014131520720",2014-05-02,2014,"May",2,"12:50",12,50,"Friday","Slight",1,"Slight","Cyclist","Driver or rider","Male",20,"Unclassified","Single carriageway",30,"Unclassified","Not a Pedestrian","Not a Pedestrian",427996,435194,"E01011446",2,"T or staggered junction","Daylight","Fine no high winds","Dry","Cyclist"
"767","2014131521017",2014-05-02,2014,"May",2,"15:30",15,30,"Friday","Slight",1,"Slight","Motorcycle over 500cc rider or passenger","Driver or rider","Male",53,"A","Single carriageway",50,"Unclassified","Not a Pedestrian","Not a Pedestrian",435331,439412,"E01011311",2,"Crossroads","Daylight","Fine no high winds","Dry","Motorcyclist and pillion"
"768","2014131521016",2014-05-02,2014,"May",2,"15:35",15,35,"Friday","Slight",1,"Slight","Motorcycle 125cc and under rider or passenger","Driver or rider","Male",18,"A","Single carriageway",60,NA,"Not a Pedestrian","Not a Pedestrian",433199,439190,"E01011649",2,"Not at junction or within 20 metres","Daylight","Fine no high winds","Dry","Motorcyclist and pillion"
"769","2014131521096",2014-05-02,2014,"May",2,"16:15",16,15,"Friday","Slight",1,"Slight","Motorcycle over 500cc rider or passenger","Driver or rider","Male",47,"A","Dual carriageway",40,"Unclassified","Not a Pedestrian","Not a Pedestrian",435972,435458,"E01011665",2,"T or staggered junction","Daylight","Fine no high winds","Dry","Motorcyclist and pillion"
"770","2014131521288",2014-05-02,2014,"May",2,"17:45",17,45,"Friday","Slight",1,"Slight","Car occupant","Driver or rider","Male",60,"A","Dual carriageway",50,NA,"Not a Pedestrian","Not a Pedestrian",422565,437137,"E01011452",5,"Not at junction or within 20 metres","Daylight","Fine no high winds","Dry","Car occupant"
"771","2014131521303",2014-05-02,2014,"May",2,"17:53",17,53,"Friday","Serious",2,"Serious","Car occupant","Driver or rider","Female",26,"A","Dual carriageway",30,"Unclassified","Not a Pedestrian","Not a Pedestrian",428546,431414,"E01011369",2,"T or staggered junction","Daylight","Fine no high winds","Dry","Car occupant"
"772","2014131521303",2014-05-02,2014,"May",2,"17:53",17,53,"Friday","Serious",2,"Slight","Car occupant","Driver or rider","Male",23,"A","Dual carriageway",30,"Unclassified","Not a Pedestrian","Not a Pedestrian",428546,431414,"E01011369",2,"T or staggered junction","Daylight","Fine no high winds","Dry","Car occupant"
"773","2014131521487",2014-05-02,2014,"May",2,"19:13",19,13,"Friday","Serious",1,"Serious","Pedestrian","Pedestrian","Male",10,"Unclassified","Single carriageway",30,"Unclassified","In carriageway, crossing elsewhere","Crossing from offside - masked by  parked or stationary vehicle",430372,428131,"E01032498",1,"T or staggered junction","Daylight","Fine no high winds","Dry","Pedestrian"
"774","2014131530576",2014-05-03,2014,"May",3,"10:50",10,50,"Saturday","Slight",2,"Slight","Car occupant","Driver or rider","Female",55,"Unclassified","Single carriageway",30,"Unclassified","Not a Pedestrian","Not a Pedestrian",426141,435596,"E01011488",2,"T or staggered junction","Daylight","Fine no high winds","Dry","Car occupant"
"775","2014131530576",2014-05-03,2014,"May",3,"10:50",10,50,"Saturday","Slight",2,"Slight","Car occupant","Passenger","Male",56,"Unclassified","Single carriageway",30,"Unclassified","Not a Pedestrian","Not a Pedestrian",426141,435596,"E01011488",2,"T or staggered junction","Daylight","Fine no high winds","Dry","Car occupant"
"776","2014131530651",2014-05-03,2014,"May",3,"11:30",11,30,"Saturday","Slight",1,"Slight","Car occupant","Passenger","Female",43,"A(M)","Dual carriageway",70,NA,"Not a Pedestrian","Not a Pedestrian",443617,436395,"E01011297",3,"Not at junction or within 20 metres","Daylight","Fine no high winds","Dry","Car occupant"
"777","2014131530789",2014-05-03,2014,"May",3,"12:50",12,50,"Saturday","Slight",1,"Slight","Car occupant","Driver or rider","Female",25,"Unclassified","Single carriageway",30,NA,"Not a Pedestrian","Not a Pedestrian",430913,436114,"E01011356",2,"Not at junction or within 20 metres","Daylight","Fine no high winds","Dry","Car occupant"
"778","2014131531338",2014-05-03,2014,"May",3,"17:30",17,30,"Saturday","Slight",1,"Slight","Car occupant","Driver or rider","Female",43,"A","Single carriageway",30,"Unclassified","Not a Pedestrian","Not a Pedestrian",429998,437209,"E01011350",2,"T or staggered junction","Daylight","Fine no high winds","Dry","Car occupant"
"779","2014131531412",2014-05-03,2014,"May",3,"17:55",17,55,"Saturday","Serious",1,"Serious","Cyclist","Driver or rider","Male",50,"A","Single carriageway",40,"Unclassified","Not a Pedestrian","Not a Pedestrian",440561,433546,"E01011400",2,"T or staggered junction","Daylight","Fine no high winds","Dry","Cyclist"
"780","2014131540301",2014-05-04,2014,"May",4,"04:05",4,5,"Sunday","Serious",1,"Serious","Car occupant","Passenger","Female",24,"A","Single carriageway",30,NA,"Not a Pedestrian","Not a Pedestrian",424087,435521,"E01011329",2,"Not at junction or within 20 metres","Darkness - lights lit","Fine no high winds","Dry","Car occupant"
"781","2014131541155",2014-05-04,2014,"May",4,"17:38",17,38,"Sunday","Slight",1,"Slight","Cyclist","Driver or rider","Male",7,"Unclassified","One way street",30,NA,"Not a Pedestrian","Not a Pedestrian",420035,441874,"E01011267",2,"Not at junction or within 20 metres","Daylight","Fine no high winds","Dry","Cyclist"
"782","2014131541273",2014-05-04,2014,"May",4,"17:40",17,40,"Sunday","Slight",1,"Slight","Car occupant","Driver or rider","Female",48,"A","Dual carriageway",30,"Unclassified","Not a Pedestrian","Not a Pedestrian",428957,435474,"E01011443",2,"Crossroads","Daylight","Unknown","Dry","Car occupant"
"783","2014131551175",2014-05-05,2014,"May",5,"17:05",17,5,"Monday","Slight",1,"Slight","Cyclist","Driver or rider","Male",16,"Unclassified","Single carriageway",30,"Unclassified","Not a Pedestrian","Not a Pedestrian",425413,440393,"E01011378",2,"T or staggered junction","Daylight","Fine no high winds","Dry","Cyclist"
"784","2014131551220",2014-05-05,2014,"May",5,"17:30",17,30,"Monday","Slight",2,"Slight","Car occupant","Driver or rider","Male",54,"Unclassified","Single carriageway",30,"Unclassified","Not a Pedestrian","Not a Pedestrian",422222,435650,"E01011593",2,"T or staggered junction","Daylight","Fine no high winds","Dry","Car occupant"
"785","2014131551220",2014-05-05,2014,"May",5,"17:30",17,30,"Monday","Slight",2,"Slight","Car occupant","Passenger","Female",57,"Unclassified","Single carriageway",30,"Unclassified","Not a Pedestrian","Not a Pedestrian",422222,435650,"E01011593",2,"T or staggered junction","Daylight","Fine no high winds","Dry","Car occupant"
"786","2014131560488",2014-05-06,2014,"May",6,"11:12",11,12,"Tuesday","Slight",1,"Slight","Pedestrian","Pedestrian","Female",47,"A","One way street",20,NA,"In carriageway, crossing elsewhere","Crossing from offside - masked by  parked or stationary vehicle",424647,435138,"E01011336",1,"Not at junction or within 20 metres","Daylight","Fine no high winds","Dry","Pedestrian"
"787","20141315H0718",2014-05-06,2014,"May",6,"19:30",19,30,"Tuesday","Slight",1,"Slight","Car occupant","Driver or rider","Male",20,"Unclassified","Single carriageway",30,"Unclassified","Not a Pedestrian","Not a Pedestrian",426259,433461,"E01032608",2,"T or staggered junction","Daylight","Unknown","Dry","Car occupant"
"788","2014131570257",2014-05-07,2014,"May",7,"08:20",8,20,"Wednesday","Slight",1,"Slight","Cyclist","Driver or rider","Male",42,"Unclassified","One way street",30,NA,"Not a Pedestrian","Not a Pedestrian",428023,434264,"E01011483",2,"Not at junction or within 20 metres","Daylight","Fine no high winds","Dry","Cyclist"
"789","2014131570369",2014-05-07,2014,"May",7,"08:40",8,40,"Wednesday","Slight",1,"Slight","Pedestrian","Pedestrian","Male",18,"Unclassified","Single carriageway",30,NA,"In carriageway, crossing elsewhere","Crossing from driver's offside",429740,433416,"E01033016",1,"Not at junction or within 20 metres","Daylight","Fine no high winds","Dry","Pedestrian"
"790","2014131570994",2014-05-07,2014,"May",7,"11:20",11,20,"Wednesday","Slight",1,"Slight","Cyclist","Driver or rider","Male",30,"Unclassified","Single carriageway",30,"Unclassified","Not a Pedestrian","Not a Pedestrian",431752,434601,"E01011677",2,"T or staggered junction","Daylight","Fine no high winds","Dry","Cyclist"
"791","20141315D0701",2014-05-07,2014,"May",7,"14:30",14,30,"Wednesday","Slight",1,"Slight","Cyclist","Driver or rider","Male",24,"Unclassified","Single carriageway",30,"Unclassified","Not a Pedestrian","Not a Pedestrian",428750,432844,"E01033013",2,"T or staggered junction","Daylight","Fine no high winds","Dry","Cyclist"
"792","2014131570903",2014-05-07,2014,"May",7,"14:40",14,40,"Wednesday","Slight",1,"Slight","Motorcycle 50cc and under rider or passenger","Driver or rider","Male",16,"Unclassified","Single carriageway",20,"Unclassified","Not a Pedestrian","Not a Pedestrian",433285,433951,"E01011617",2,"T or staggered junction","Daylight","Fine no high winds","Dry","Motorcyclist and pillion"
"793","2014131570966",2014-05-07,2014,"May",7,"15:15",15,15,"Wednesday","Slight",1,"Slight","Car occupant","Passenger","Female",28,"Unclassified","Single carriageway",30,"Unclassified","Not a Pedestrian","Not a Pedestrian",431483,435012,"E01011673",2,"Crossroads","Daylight","Fine no high winds","Dry","Car occupant"
"794","2014131571216",2014-05-07,2014,"May",7,"16:00",16,0,"Wednesday","Slight",1,"Slight","Pedestrian","Pedestrian","Female",26,"B","Single carriageway",30,"Unclassified","In carriageway, crossing elsewhere","Crossing from driver's nearside",425023,433395,"E01011727",1,"T or staggered junction","Daylight","Fine no high winds","Dry","Pedestrian"
"795","2014131571248",2014-05-07,2014,"May",7,"17:20",17,20,"Wednesday","Serious",1,"Serious","Cyclist","Driver or rider","Male",24,"A","Single carriageway",30,NA,"Not a Pedestrian","Not a Pedestrian",424561,445123,"E01011570",2,"Not at junction or within 20 metres","Daylight","Fine no high winds","Wet or damp","Cyclist"
"796","2014131591309",2014-05-07,2014,"May",7,"17:30",17,30,"Wednesday","Slight",2,"Slight","Pedestrian","Pedestrian","Female",17,"A","Single carriageway",30,NA,"In carriageway, crossing elsewhere","Crossing from driver's nearside",429943,427020,"E01032495",1,"Not at junction or within 20 metres","Daylight","Unknown","Wet or damp","Pedestrian"
"797","2014131591309",2014-05-07,2014,"May",7,"17:30",17,30,"Wednesday","Slight",2,"Slight","Pedestrian","Pedestrian","Male",19,"A","Single carriageway",30,NA,"In carriageway, crossing elsewhere","Unknown or other",429943,427020,"E01032495",1,"Not at junction or within 20 metres","Daylight","Unknown","Wet or damp","Pedestrian"
"798","2014131571772",2014-05-07,2014,"May",7,"22:20",22,20,"Wednesday","Slight",3,"Slight","Taxi/Private hire car occupant","Driver or rider","Male",33,"Unclassified","Single carriageway",30,"Unclassified","Not a Pedestrian","Not a Pedestrian",431087,433293,"E01033033",2,"T or staggered junction","Darkness - lights lit","Fine no high winds","Dry","Car occupant"
"799","2014131571772",2014-05-07,2014,"May",7,"22:20",22,20,"Wednesday","Slight",3,"Slight","Taxi/Private hire car occupant","Passenger","Male",36,"Unclassified","Single carriageway",30,"Unclassified","Not a Pedestrian","Not a Pedestrian",431087,433293,"E01033033",2,"T or staggered junction","Darkness - lights lit","Fine no high winds","Dry","Car occupant"
"800","2014131571772",2014-05-07,2014,"May",7,"22:20",22,20,"Wednesday","Slight",3,"Slight","Taxi/Private hire car occupant","Passenger","Female",33,"Unclassified","Single carriageway",30,"Unclassified","Not a Pedestrian","Not a Pedestrian",431087,433293,"E01033033",2,"T or staggered junction","Darkness - lights lit","Fine no high winds","Dry","Car occupant"
"801","2014131580735",2014-05-08,2014,"May",8,"08:45",8,45,"Thursday","Serious",1,"Serious","Cyclist","Driver or rider","Male",37,"A","Single carriageway",30,"Unclassified","Not a Pedestrian","Not a Pedestrian",425546,436386,"E01011485",2,"T or staggered junction","Daylight","Raining no high winds","Wet or damp","Cyclist"
"802","2014131581249",2014-05-08,2014,"May",8,"18:10",18,10,"Thursday","Slight",1,"Slight","Motorcycle 50cc and under rider or passenger","Driver or rider","Male",48,"A","Dual carriageway",40,NA,"Not a Pedestrian","Not a Pedestrian",427898,430457,"E01011317",3,"Not at junction or within 20 metres","Daylight","Raining no high winds","Wet or damp","Motorcyclist and pillion"
"803","2014131581682",2014-05-08,2014,"May",8,"20:20",20,20,"Thursday","Serious",1,"Serious","Car occupant","Driver or rider","Male",74,"Unclassified","Single carriageway",30,"A","Not a Pedestrian","Not a Pedestrian",430174,432863,"E01033016",2,"T or staggered junction","Daylight","Fine no high winds","Dry","Car occupant"
"804","2014131590799",2014-05-09,2014,"May",9,"13:50",13,50,"Friday","Slight",2,"Slight","Car occupant","Driver or rider","Male",45,"A","Single carriageway",60,NA,"Not a Pedestrian","Not a Pedestrian",422586,437160,"E01011452",5,"Not at junction or within 20 metres","Daylight","Fine no high winds","Dry","Car occupant"
"805","2014131590799",2014-05-09,2014,"May",9,"13:50",13,50,"Friday","Slight",2,"Slight","Van / Goods vehicle (3.5 tonnes mgw or under) occupant","Driver or rider","Male",41,"A","Single carriageway",60,NA,"Not a Pedestrian","Not a Pedestrian",422586,437160,"E01011452",5,"Not at junction or within 20 metres","Daylight","Fine no high winds","Dry","Bus and goods vehicle occupant"
"806","2014131570476",2014-05-09,2014,"May",9,"14:45",14,45,"Friday","Slight",1,"Slight","Pedestrian","Pedestrian","Male",61,"Unclassified","One way street",30,NA,"In carriageway, crossing elsewhere","Unknown or other",436273,434797,"E01011408",1,"Not at junction or within 20 metres","Daylight","Fine no high winds","Dry","Pedestrian"
"807","2014131591120",2014-05-09,2014,"May",9,"16:29",16,29,"Friday","Serious",1,"Serious","Cyclist","Driver or rider","Male",5,"Unclassified","Single carriageway",30,NA,"Not a Pedestrian","Not a Pedestrian",431780,429414,"E01011469",2,"Not at junction or within 20 metres","Daylight","Fine no high winds","Dry","Cyclist"
"808","2014131591165",2014-05-09,2014,"May",9,"17:20",17,20,"Friday","Slight",1,"Slight","Cyclist","Driver or rider","Male",26,"A","Single carriageway",30,"Unclassified","Not a Pedestrian","Not a Pedestrian",428794,435574,"E01032946",2,"T or staggered junction","Daylight","Fine no high winds","Dry","Cyclist"
"809","2014131591246",2014-05-09,2014,"May",9,"18:00",18,0,"Friday","Slight",1,"Slight","Cyclist","Driver or rider","Female",7,"Unclassified","Single carriageway",30,"Unclassified","Not a Pedestrian","Not a Pedestrian",431239,429749,"E01011474",2,"T or staggered junction","Daylight","Fine no high winds","Dry","Cyclist"
"810","2014131591555",2014-05-09,2014,"May",9,"20:03",20,3,"Friday","Slight",1,"Slight","Car occupant","Driver or rider","Female",70,"Unclassified","Single carriageway",30,NA,"Not a Pedestrian","Not a Pedestrian",429622,440488,"E01011564",1,"Not at junction or within 20 metres","Daylight","Fine no high winds","Dry","Car occupant"
"811","2014131591720",2014-05-09,2014,"May",9,"21:25",21,25,"Friday","Slight",2,"Slight","Car occupant","Passenger","Female",23,"Unclassified","Single carriageway",30,"Unclassified","Not a Pedestrian","Not a Pedestrian",431137,434295,"E01033031",2,"T or staggered junction","Daylight","Fine no high winds","Dry","Car occupant"
"812","2014131591720",2014-05-09,2014,"May",9,"21:25",21,25,"Friday","Slight",2,"Slight","Car occupant","Passenger","Female",23,"Unclassified","Single carriageway",30,"Unclassified","Not a Pedestrian","Not a Pedestrian",431137,434295,"E01033031",2,"T or staggered junction","Daylight","Fine no high winds","Dry","Car occupant"
"813","20141315A0766",2014-05-10,2014,"May",10,"12:30",12,30,"Saturday","Slight",2,"Slight","Car occupant","Driver or rider","Female",79,"A","Single carriageway",40,NA,"Not a Pedestrian","Not a Pedestrian",428561,426055,"E01011553",2,"Not at junction or within 20 metres","Daylight","Fine no high winds","Dry","Car occupant"
"814","20141315A0766",2014-05-10,2014,"May",10,"12:30",12,30,"Saturday","Slight",2,"Slight","Car occupant","Passenger","Male",89,"A","Single carriageway",40,NA,"Not a Pedestrian","Not a Pedestrian",428561,426055,"E01011553",2,"Not at junction or within 20 metres","Daylight","Fine no high winds","Dry","Car occupant"
"815","20141315A0862",2014-05-10,2014,"May",10,"13:35",13,35,"Saturday","Slight",1,"Slight","Cyclist","Driver or rider","Male",24,"B","Single carriageway",30,"Unclassified","Not a Pedestrian","Not a Pedestrian",439390,426152,"E01011395",2,"T or staggered junction","Daylight","Raining no high winds","Wet or damp","Cyclist"
"816","20141315A1796",2014-05-10,2014,"May",10,"23:17",23,17,"Saturday","Slight",1,"Slight","Car occupant","Driver or rider","Female",28,"Unclassified","Single carriageway",30,NA,"Not a Pedestrian","Not a Pedestrian",435153,439622,"E01011649",1,"Not at junction or within 20 metres","Darkness - lights lit","Raining no high winds","Wet or damp","Car occupant"
"817","20141315B0557",2014-05-11,2014,"May",11,"11:00",11,0,"Sunday","Slight",1,"Slight","Pedestrian","Pedestrian","Female",49,"Unclassified","Single carriageway",30,"Unclassified","Crossing on pedestrian crossing facility","Crossing from driver's nearside",430383,433575,"E01033010",1,"T or staggered junction","Daylight","Fine no high winds","Dry","Pedestrian"
"818","20141315B1000",2014-05-11,2014,"May",11,"15:50",15,50,"Sunday","Slight",1,"Slight","Cyclist","Driver or rider","Female",43,"A","Single carriageway",30,NA,"Not a Pedestrian","Not a Pedestrian",434809,428192,"E01011627",2,"Not at junction or within 20 metres","Daylight","Fine no high winds","Dry","Cyclist"
"819","20141315B1314",2014-05-11,2014,"May",11,"21:52",21,52,"Sunday","Slight",1,"Slight","Car occupant","Passenger","Female",28,"Unclassified","One way street",30,"Unclassified","Not a Pedestrian","Not a Pedestrian",431628,435607,"E01011429",2,"T or staggered junction","Daylight","Fine no high winds","Dry","Car occupant"
"820","20141315B1641",2014-05-11,2014,"May",11,"22:06",22,6,"Sunday","Slight",1,"Slight","Car occupant","Driver or rider","Female",19,"A","Single carriageway",50,NA,"Not a Pedestrian","Not a Pedestrian",435376,439571,"E01011311",1,"Not at junction or within 20 metres","Darkness - no lighting","Fine no high winds","Wet or damp","Car occupant"
"821","20141315C0137",2014-05-12,2014,"May",12,"12:00",12,0,"Monday","Slight",1,"Slight","Pedestrian","Pedestrian","Female",30,"Unclassified","Unknown",30,NA,"Unknown or other","Unknown or other",427595,434398,"E01011482",1,"Not at junction or within 20 metres","Daylight","Fine no high winds","Wet or damp","Pedestrian"
"822","20141315C1074",2014-05-12,2014,"May",12,"16:15",16,15,"Monday","Slight",1,"Slight","Cyclist","Driver or rider","Male",33,"Unclassified","Single carriageway",30,"Unclassified","Not a Pedestrian","Not a Pedestrian",430260,434079,"E01033010",2,"T or staggered junction","Daylight","Fine no high winds","Dry","Cyclist"
"823","20141315C1241",2014-05-12,2014,"May",12,"17:15",17,15,"Monday","Slight",1,"Slight","Pedestrian","Pedestrian","Male",20,"Unclassified","Single carriageway",30,"A","In carriageway, crossing elsewhere","Crossing from driver's offside",423832,434274,"E01011608",1,"Crossroads","Daylight","Fine no high winds","Dry","Pedestrian"
"824","20141315C1279",2014-05-12,2014,"May",12,"17:20",17,20,"Monday","Slight",1,"Slight","Car occupant","Passenger","Female",54,"B","Single carriageway",30,NA,"Not a Pedestrian","Not a Pedestrian",422320,428928,"E01011521",2,"Not at junction or within 20 metres","Daylight","Fine no high winds","Dry","Car occupant"
"825","20141315D0210",2014-05-13,2014,"May",13,"07:34",7,34,"Tuesday","Slight",2,"Slight","Car occupant","Driver or rider","Female",57,"A","Single carriageway",50,"Unclassified","Not a Pedestrian","Not a Pedestrian",438952,431558,"E01011402",2,"T or staggered junction","Daylight","Fine no high winds","Dry","Car occupant"
"826","20141315D0210",2014-05-13,2014,"May",13,"07:34",7,34,"Tuesday","Slight",2,"Slight","Car occupant","Driver or rider","Female",46,"A","Single carriageway",50,"Unclassified","Not a Pedestrian","Not a Pedestrian",438952,431558,"E01011402",2,"T or staggered junction","Daylight","Fine no high winds","Dry","Car occupant"
"827","20141315D0384",2014-05-13,2014,"May",13,"09:50",9,50,"Tuesday","Slight",2,"Slight","Car occupant","Passenger","Male",70,"Unclassified","Single carriageway",30,"Unclassified","Not a Pedestrian","Not a Pedestrian",428114,434514,"E01011481",1,"Crossroads","Daylight","Fine no high winds","Dry","Car occupant"