"","accident_index","date","year","month","day","time","time_hour","time_minute","day_of_week","accident_severity","number_of_casualties","casualty_severity","casualty_type","casualty_class","sex_of_casualty","age_of_casualty","first_road_class","road_type","speed_limit","second_road_class","pedestrian_location","pedestrian_movement","location_easting_osgr","location_northing_osgr","lsoa_of_accident_location","number_of_vehicles","junction_detail","light_conditions","weather_conditions","road_surface_conditions","cas_type"
"828","20141315D0384",2014-05-13,2014,"May",13,"09:50",9,50,"Tuesday","Slight",2,"Slight","Car occupant","Driver or rider","Female",35,"Unclassified","Single carriageway",30,"Unclassified","Not a Pedestrian","Not a Pedestrian",428114,434514,"E01011481",1,"Crossroads","Daylight","Fine no high winds","Dry","Car occupant"
"829","20141315D0396",2014-05-13,2014,"May",13,"09:53",9,53,"Tuesday","Slight",1,"Slight","Taxi/Private hire car occupant","Driver or rider","Male",45,"Unclassified","Single carriageway",30,NA,"Not a Pedestrian","Not a Pedestrian",429887,434259,"E01033008",2,"Not at junction or within 20 metres","Daylight","Fine no high winds","Dry","Car occupant"
"830","20141325D0630",2014-05-13,2014,"May",13,"12:20",12,20,"Tuesday","Serious",1,"Serious","Mobility scooter rider","Driver or rider","Male",77,"Unclassified","Dual carriageway",30,NA,"Not a Pedestrian","Not a Pedestrian",430906,433484,"E01033011",2,"Not at junction or within 20 metres","Daylight","Fine no high winds","Dry","Others"
"831","20141315E1210",2014-05-13,2014,"May",13,"17:45",17,45,"Tuesday","Serious",1,"Serious","Pedestrian","Pedestrian","Male",12,"Unclassified","Single carriageway",30,NA,"In carriageway, crossing elsewhere","Crossing from driver's nearside",432333,434509,"E01011347",1,"Not at junction or within 20 metres","Daylight","Fine no high winds","Wet or damp","Pedestrian"
"832","20141315D1484",2014-05-13,2014,"May",13,"20:15",20,15,"Tuesday","Slight",3,"Slight","Car occupant","Driver or rider","Male",39,"Unclassified","Single carriageway",30,"Unclassified","Not a Pedestrian","Not a Pedestrian",426644,433496,"E01032607",4,"T or staggered junction","Daylight","Fine no high winds","Dry","Car occupant"
"833","20141315D1484",2014-05-13,2014,"May",13,"20:15",20,15,"Tuesday","Slight",3,"Slight","Car occupant","Driver or rider","Female",52,"Unclassified","Single carriageway",30,"Unclassified","Not a Pedestrian","Not a Pedestrian",426644,433496,"E01032607",4,"T or staggered junction","Daylight","Fine no high winds","Dry","Car occupant"
"834","20141315D1484",2014-05-13,2014,"May",13,"20:15",20,15,"Tuesday","Slight",3,"Slight","Car occupant","Passenger","Male",43,"Unclassified","Single carriageway",30,"Unclassified","Not a Pedestrian","Not a Pedestrian",426644,433496,"E01032607",4,"T or staggered junction","Daylight","Fine no high winds","Dry","Car occupant"
"835","20141315E0164",2014-05-14,2014,"May",14,"06:50",6,50,"Wednesday","Serious",1,"Serious","Motorcycle 125cc and under rider or passenger","Driver or rider","Male",49,"Unclassified","Single carriageway",30,NA,"Not a Pedestrian","Not a Pedestrian",429859,428347,"E01032498",1,"Not at junction or within 20 metres","Daylight","Fine no high winds","Dry","Motorcyclist and pillion"
"836","20141315E0251",2014-05-14,2014,"May",14,"08:23",8,23,"Wednesday","Slight",1,"Slight","Car occupant","Driver or rider","Male",29,"Unclassified","Single carriageway",30,"Unclassified","Not a Pedestrian","Not a Pedestrian",424018,438467,"E01011459",3,"Other junction","Daylight","Fine no high winds","Dry","Car occupant"
"837","20141315E0270",2014-05-14,2014,"May",14,"08:40",8,40,"Wednesday","Slight",1,"Slight","Cyclist","Driver or rider","Male",35,"Unclassified","Single carriageway",30,"Unclassified","Not a Pedestrian","Not a Pedestrian",432631,434927,"E01011433",2,"T or staggered junction","Daylight","Fine no high winds","Dry","Cyclist"
"838","20141315E0367",2014-05-14,2014,"May",14,"09:50",9,50,"Wednesday","Slight",1,"Slight","Car occupant","Driver or rider","Male",48,"A(M)","Slip road",40,"A(M)","Not a Pedestrian","Not a Pedestrian",429408,433933,"E01011678",2,"Slip road","Daylight","Fine no high winds","Dry","Car occupant"
"839","20141315E1064",2014-05-14,2014,"May",14,"13:50",13,50,"Wednesday","Slight",1,"Slight","Bus or coach occupant (17 or more pass seats)","Passenger","Female",59,"Unclassified","Unknown",20,NA,"Not a Pedestrian","Not a Pedestrian",430678,433542,"E01033011",1,"Not at junction or within 20 metres","Daylight","Fine no high winds","Dry","Bus and goods vehicle occupant"
"840","20141315E0987",2014-05-14,2014,"May",14,"14:20",14,20,"Wednesday","Slight",1,"Slight","Cyclist","Driver or rider","Male",27,"Unclassified","Single carriageway",30,NA,"Not a Pedestrian","Not a Pedestrian",428627,433392,"E01011363",2,"Not at junction or within 20 metres","Daylight","Fine no high winds","Dry","Cyclist"
"841","20141315E1011",2014-05-14,2014,"May",14,"15:35",15,35,"Wednesday","Slight",2,"Slight","Car occupant","Passenger","Female",33,"Unclassified","Roundabout",30,"Unclassified","Not a Pedestrian","Not a Pedestrian",428505,433061,"E01011363",2,"Roundabout","Daylight","Fine no high winds","Dry","Car occupant"
"842","20141315E1011",2014-05-14,2014,"May",14,"15:35",15,35,"Wednesday","Slight",2,"Slight","Bus or coach occupant (17 or more pass seats)","Passenger","Female",18,"Unclassified","Roundabout",30,"Unclassified","Not a Pedestrian","Not a Pedestrian",428505,433061,"E01011363",2,"Roundabout","Daylight","Fine no high winds","Dry","Bus and goods vehicle occupant"
"843","20141315E1547",2014-05-14,2014,"May",14,"19:20",19,20,"Wednesday","Fatal",1,"Fatal","Motorcycle over 125cc and up to 500cc rider or  passenger","Driver or rider","Male",36,"Unclassified","One way street",30,NA,"Not a Pedestrian","Not a Pedestrian",431456,439242,"E01011509",3,"Not at junction or within 20 metres","Daylight","Fine no high winds","Dry","Motorcyclist and pillion"
"844","20141315E1667",2014-05-14,2014,"May",14,"20:10",20,10,"Wednesday","Serious",5,"Serious","Car occupant","Driver or rider","Male",18,"Unclassified","Single carriageway",30,"Unclassified","Not a Pedestrian","Not a Pedestrian",420619,441139,"E01011269",2,"T or staggered junction","Daylight","Unknown","Dry","Car occupant"
"845","20141315E1667",2014-05-14,2014,"May",14,"20:10",20,10,"Wednesday","Serious",5,"Slight","Car occupant","Passenger","Male",17,"Unclassified","Single carriageway",30,"Unclassified","Not a Pedestrian","Not a Pedestrian",420619,441139,"E01011269",2,"T or staggered junction","Daylight","Unknown","Dry","Car occupant"
"846","20141315E1667",2014-05-14,2014,"May",14,"20:10",20,10,"Wednesday","Serious",5,"Serious","Car occupant","Passenger","Male",18,"Unclassified","Single carriageway",30,"Unclassified","Not a Pedestrian","Not a Pedestrian",420619,441139,"E01011269",2,"T or staggered junction","Daylight","Unknown","Dry","Car occupant"
"847","20141315E1667",2014-05-14,2014,"May",14,"20:10",20,10,"Wednesday","Serious",5,"Slight","Goods vehicle (over 3.5t. and under 7.5t.) occupant","Driver or rider","Male",53,"Unclassified","Single carriageway",30,"Unclassified","Not a Pedestrian","Not a Pedestrian",420619,441139,"E01011269",2,"T or staggered junction","Daylight","Unknown","Dry","Bus and goods vehicle occupant"
"848","20141315E1667",2014-05-14,2014,"May",14,"20:10",20,10,"Wednesday","Serious",5,"Slight","Goods vehicle (over 3.5t. and under 7.5t.) occupant","Passenger","Male",48,"Unclassified","Single carriageway",30,"Unclassified","Not a Pedestrian","Not a Pedestrian",420619,441139,"E01011269",2,"T or staggered junction","Daylight","Unknown","Dry","Bus and goods vehicle occupant"
"849","20141315F0227",2014-05-15,2014,"May",15,"07:43",7,43,"Thursday","Slight",2,"Slight","Car occupant","Driver or rider","Male",55,"A","Single carriageway",40,"Unclassified","Not a Pedestrian","Not a Pedestrian",424893,427728,"E01011530",3,"Private drive or entrance","Daylight","Fine no high winds","Dry","Car occupant"
"850","20141315F0227",2014-05-15,2014,"May",15,"07:43",7,43,"Thursday","Slight",2,"Slight","Van / Goods vehicle (3.5 tonnes mgw or under) occupant","Driver or rider","Male",22,"A","Single carriageway",40,"Unclassified","Not a Pedestrian","Not a Pedestrian",424893,427728,"E01011530",3,"Private drive or entrance","Daylight","Fine no high winds","Dry","Bus and goods vehicle occupant"
"851","20141315F0611",2014-05-15,2014,"May",15,"08:30",8,30,"Thursday","Slight",1,"Slight","Cyclist","Driver or rider","Male",30,"A","Single carriageway",40,"Unclassified","Not a Pedestrian","Not a Pedestrian",433144,426327,"E01011500",2,"Crossroads","Daylight","Fine no high winds","Dry","Cyclist"
"852","20141315F0489",2014-05-15,2014,"May",15,"11:30",11,30,"Thursday","Slight",1,"Slight","Car occupant","Driver or rider","Female",30,"Motorway","Dual carriageway",50,NA,"Not a Pedestrian","Not a Pedestrian",435845,425933,"E01011636",2,"Not at junction or within 20 metres","Daylight","Fine no high winds","Dry","Car occupant"
"853","20141315F1030",2014-05-15,2014,"May",15,"14:15",14,15,"Thursday","Slight",1,"Slight","Bus or coach occupant (17 or more pass seats)","Passenger","Female",70,"A","Single carriageway",30,NA,"Not a Pedestrian","Not a Pedestrian",424559,435188,"E01011331",1,"Not at junction or within 20 metres","Daylight","Fine no high winds","Dry","Bus and goods vehicle occupant"
"854","20141315F0951",2014-05-15,2014,"May",15,"15:10",15,10,"Thursday","Slight",1,"Slight","Cyclist","Driver or rider","Male",28,"A","Single carriageway",30,"Unclassified","Not a Pedestrian","Not a Pedestrian",436182,434463,"E01011408",2,"T or staggered junction","Daylight","Fine no high winds","Dry","Cyclist"
"855","20141315F1407",2014-05-15,2014,"May",15,"18:40",18,40,"Thursday","Serious",1,"Serious","Cyclist","Driver or rider","Male",51,"A","Roundabout",40,"A","Not a Pedestrian","Not a Pedestrian",442156,434450,"E01011297",2,"Roundabout","Daylight","Fine no high winds","Dry","Cyclist"
"856","20141315F1644",2014-05-15,2014,"May",15,"20:30",20,30,"Thursday","Slight",1,"Slight","Cyclist","Driver or rider","Male",44,"A","Single carriageway",50,NA,"Not a Pedestrian","Not a Pedestrian",423110,445522,"E01011570",2,"Not at junction or within 20 metres","Daylight","Fine no high winds","Dry","Cyclist"
"857","20141315G0488",2014-05-16,2014,"May",16,"10:30",10,30,"Friday","Slight",1,"Slight","Cyclist","Driver or rider","Male",41,"B","Single carriageway",30,NA,"Not a Pedestrian","Not a Pedestrian",420084,445919,"E01011584",2,"Not at junction or within 20 metres","Daylight","Fine no high winds","Dry","Cyclist"
"858","20141315G0911",2014-05-16,2014,"May",16,"13:10",13,10,"Friday","Slight",1,"Slight","Cyclist","Driver or rider","Male",16,"A","Dual carriageway",40,"Unclassified","Not a Pedestrian","Not a Pedestrian",433935,434125,"E01011346",2,"T or staggered junction","Daylight","Fine no high winds","Dry","Cyclist"
"859","20141315G1472",2014-05-16,2014,"May",16,"18:40",18,40,"Friday","Slight",2,"Slight","Car occupant","Driver or rider","Male",24,"A","Dual carriageway",40,"Unclassified","Not a Pedestrian","Not a Pedestrian",433127,436120,"E01011421",3,"Crossroads","Daylight","Fine no high winds","Dry","Car occupant"
"860","20141315G1472",2014-05-16,2014,"May",16,"18:40",18,40,"Friday","Slight",2,"Slight","Car occupant","Passenger","Male",4,"A","Dual carriageway",40,"Unclassified","Not a Pedestrian","Not a Pedestrian",433127,436120,"E01011421",3,"Crossroads","Daylight","Fine no high winds","Dry","Car occupant"
"861","20141315G2096",2014-05-16,2014,"May",16,"23:17",23,17,"Friday","Slight",3,"Slight","Taxi/Private hire car occupant","Driver or rider","Male",36,"Unclassified","Single carriageway",30,"Unclassified","Not a Pedestrian","Not a Pedestrian",420520,441642,"E01011268",2,"T or staggered junction","Darkness - lights lit","Fine no high winds","Dry","Car occupant"
"862","20141315G2096",2014-05-16,2014,"May",16,"23:17",23,17,"Friday","Slight",3,"Slight","Taxi/Private hire car occupant","Passenger","Male",58,"Unclassified","Single carriageway",30,"Unclassified","Not a Pedestrian","Not a Pedestrian",420520,441642,"E01011268",2,"T or staggered junction","Darkness - lights lit","Fine no high winds","Dry","Car occupant"
"863","20141315G2096",2014-05-16,2014,"May",16,"23:17",23,17,"Friday","Slight",3,"Slight","Taxi/Private hire car occupant","Passenger","Female",55,"Unclassified","Single carriageway",30,"Unclassified","Not a Pedestrian","Not a Pedestrian",420520,441642,"E01011268",2,"T or staggered junction","Darkness - lights lit","Fine no high winds","Dry","Car occupant"
"864","20141315H0289",2014-05-17,2014,"May",17,"03:45",3,45,"Saturday","Slight",1,"Slight","Car occupant","Driver or rider","Male",25,"Unclassified","Dual carriageway",40,NA,"Not a Pedestrian","Not a Pedestrian",429763,430512,"E01011316",1,"Not at junction or within 20 metres","Darkness - lights lit","Fine no high winds","Dry","Car occupant"
"865","20141315H1907",2014-05-17,2014,"May",17,"08:20",8,20,"Saturday","Slight",1,"Slight","Cyclist","Driver or rider","Female",30,"A","Single carriageway",30,NA,"Not a Pedestrian","Not a Pedestrian",428368,435742,"E01032946",2,"Not at junction or within 20 metres","Daylight","Fine no high winds","Dry","Cyclist"
"866","20141315H0817",2014-05-17,2014,"May",17,"12:40",12,40,"Saturday","Slight",1,"Slight","Car occupant","Driver or rider","Female",29,"A","Dual carriageway",30,"Unclassified","Not a Pedestrian","Not a Pedestrian",427577,433716,"E01011284",1,"T or staggered junction","Daylight","Fine no high winds","Dry","Car occupant"
"867","20141315H1198",2014-05-17,2014,"May",17,"15:10",15,10,"Saturday","Slight",2,"Slight","Car occupant","Driver or rider","Female",44,"A","Dual carriageway",30,"A","Not a Pedestrian","Not a Pedestrian",431368,432375,"E01011467",2,"Slip road","Daylight","Fine no high winds","Dry","Car occupant"
"868","20141315H1198",2014-05-17,2014,"May",17,"15:10",15,10,"Saturday","Slight",2,"Slight","Car occupant","Passenger","Male",8,"A","Dual carriageway",30,"A","Not a Pedestrian","Not a Pedestrian",431368,432375,"E01011467",2,"Slip road","Daylight","Fine no high winds","Dry","Car occupant"
"869","20141315H1212",2014-05-17,2014,"May",17,"16:20",16,20,"Saturday","Slight",2,"Slight","Car occupant","Driver or rider","Female",35,"A","One way street",40,NA,"Not a Pedestrian","Not a Pedestrian",434952,434672,"E01011343",2,"Not at junction or within 20 metres","Daylight","Fine no high winds","Dry","Car occupant"
"870","20141315H1212",2014-05-17,2014,"May",17,"16:20",16,20,"Saturday","Slight",2,"Slight","Car occupant","Passenger","Female",42,"A","One way street",40,NA,"Not a Pedestrian","Not a Pedestrian",434952,434672,"E01011343",2,"Not at junction or within 20 metres","Daylight","Fine no high winds","Dry","Car occupant"
"871","20141315H1752",2014-05-17,2014,"May",17,"20:25",20,25,"Saturday","Slight",1,"Slight","Motorcycle 125cc and under rider or passenger","Driver or rider","Male",19,"Unclassified","Single carriageway",30,NA,"Not a Pedestrian","Not a Pedestrian",444074,429194,"E01011299",1,"Not at junction or within 20 metres","Daylight","Fine no high winds","Dry","Motorcyclist and pillion"
"872","20141315H2019",2014-05-17,2014,"May",17,"22:30",22,30,"Saturday","Slight",1,"Slight","Car occupant","Driver or rider","Female",18,"A","Dual carriageway",70,NA,"Not a Pedestrian","Not a Pedestrian",422950,434117,"E01011610",1,"Not at junction or within 20 metres","Darkness - lights lit","Fine no high winds","Dry","Car occupant"
"873","20141315I0732",2014-05-18,2014,"May",18,"12:25",12,25,"Sunday","Slight",3,"Slight","Car occupant","Driver or rider","Male",85,"A","Single carriageway",60,"Unclassified","Not a Pedestrian","Not a Pedestrian",438952,431558,"E01011402",2,"T or staggered junction","Daylight","Fine no high winds","Dry","Car occupant"
"874","20141315I0732",2014-05-18,2014,"May",18,"12:25",12,25,"Sunday","Slight",3,"Slight","Car occupant","Passenger","Female",83,"A","Single carriageway",60,"Unclassified","Not a Pedestrian","Not a Pedestrian",438952,431558,"E01011402",2,"T or staggered junction","Daylight","Fine no high winds","Dry","Car occupant"
"875","20141315I0732",2014-05-18,2014,"May",18,"12:25",12,25,"Sunday","Slight",3,"Slight","Car occupant","Passenger","Female",65,"A","Single carriageway",60,"Unclassified","Not a Pedestrian","Not a Pedestrian",438952,431558,"E01011402",2,"T or staggered junction","Daylight","Fine no high winds","Dry","Car occupant"
"876","20141315I1828",2014-05-18,2014,"May",18,"21:15",21,15,"Sunday","Slight",1,"Slight","Car occupant","Driver or rider","Female",19,"Unclassified","Single carriageway",30,"Unclassified","Not a Pedestrian","Not a Pedestrian",431056,435505,"E01011361",2,"Crossroads","Daylight","Fine no high winds","Dry","Car occupant"
"877","20141315J0679",2014-05-19,2014,"May",19,"11:05",11,5,"Monday","Slight",1,"Slight","Bus or coach occupant (17 or more pass seats)","Passenger","Female",80,"B","Single carriageway",30,NA,"Not a Pedestrian","Not a Pedestrian",427043,433100,"E01011292",1,"Not at junction or within 20 metres","Daylight","Fine no high winds","Dry","Bus and goods vehicle occupant"
"878","20141315J0675",2014-05-19,2014,"May",19,"12:17",12,17,"Monday","Slight",3,"Slight","Car occupant","Driver or rider","Female",40,"Unclassified","Single carriageway",30,"Unclassified","Not a Pedestrian","Not a Pedestrian",431401,435024,"E01011673",2,"Crossroads","Daylight","Fine no high winds","Dry","Car occupant"
"879","20141315J0675",2014-05-19,2014,"May",19,"12:17",12,17,"Monday","Slight",3,"Slight","Car occupant","Driver or rider","Male",26,"Unclassified","Single carriageway",30,"Unclassified","Not a Pedestrian","Not a Pedestrian",431401,435024,"E01011673",2,"Crossroads","Daylight","Fine no high winds","Dry","Car occupant"
"880","20141315J0675",2014-05-19,2014,"May",19,"12:17",12,17,"Monday","Slight",3,"Slight","Car occupant","Passenger","Male",19,"Unclassified","Single carriageway",30,"Unclassified","Not a Pedestrian","Not a Pedestrian",431401,435024,"E01011673",2,"Crossroads","Daylight","Fine no high winds","Dry","Car occupant"
"881","20141315J0871",2014-05-19,2014,"May",19,"13:50",13,50,"Monday","Slight",2,"Slight","Pedestrian","Pedestrian","Female",55,"A","Single carriageway",30,NA,"In carriageway, crossing elsewhere","Crossing from offside - masked by  parked or stationary vehicle",430092,431329,"E01011371",2,"Not at junction or within 20 metres","Daylight","Fine no high winds","Dry","Pedestrian"
"882","20141315J0871",2014-05-19,2014,"May",19,"13:50",13,50,"Monday","Slight",2,"Slight","Pedestrian","Pedestrian","Female",19,"A","Single carriageway",30,NA,"In carriageway, crossing elsewhere","Crossing from offside - masked by  parked or stationary vehicle",430092,431329,"E01011371",2,"Not at junction or within 20 metres","Daylight","Fine no high winds","Dry","Pedestrian"
"883","20141315J1517",2014-05-19,2014,"May",19,"18:37",18,37,"Monday","Serious",2,"Serious","Pedestrian","Pedestrian","Female",35,"A","Dual carriageway",40,"Unclassified","On footway or verge","Unknown or other",429788,430628,"E01011322",2,"T or staggered junction","Daylight","Fine no high winds","Dry","Pedestrian"
"884","20141315J1517",2014-05-19,2014,"May",19,"18:37",18,37,"Monday","Serious",2,"Serious","Car occupant","Driver or rider","Male",23,"A","Dual carriageway",40,"Unclassified","Not a Pedestrian","Not a Pedestrian",429788,430628,"E01011322",2,"T or staggered junction","Daylight","Fine no high winds","Dry","Car occupant"
"885","20141315J1610",2014-05-19,2014,"May",19,"19:15",19,15,"Monday","Serious",1,"Serious","Motorcycle over 125cc and up to 500cc rider or  passenger","Driver or rider","Male",22,"Unclassified","Single carriageway",30,"Unclassified","Not a Pedestrian","Not a Pedestrian",430785,433345,"E01033011",2,"Other junction","Daylight","Fine no high winds","Dry","Motorcyclist and pillion"
"886","20141315J1920",2014-05-19,2014,"May",19,"20:30",20,30,"Monday","Slight",1,"Slight","Pedestrian","Pedestrian","Male",8,"A","Single carriageway",30,NA,"On footway or verge","Unknown or other",431766,435530,"E01011429",1,"Not at junction or within 20 metres","Daylight","Fine no high winds","Dry","Pedestrian"
"887","20141315K0794",2014-05-20,2014,"May",20,"14:10",14,10,"Tuesday","Slight",1,"Slight","Pedestrian","Pedestrian","Female",2,"Unclassified","Single carriageway",30,"Unclassified","In carriageway, crossing elsewhere","Unknown or other",432443,438769,"E01011653",1,"T or staggered junction","Daylight","Fine no high winds","Dry","Pedestrian"
"888","20141315K1144",2014-05-20,2014,"May",20,"17:06",17,6,"Tuesday","Slight",1,"Slight","Car occupant","Driver or rider","Male",52,"Motorway","Dual carriageway",70,NA,"Not a Pedestrian","Not a Pedestrian",435040,425907,"E01011636",2,"Not at junction or within 20 metres","Daylight","Fine no high winds","Dry","Car occupant"
"889","20141315K1240",2014-05-20,2014,"May",20,"17:55",17,55,"Tuesday","Slight",1,"Slight","Cyclist","Driver or rider","Female",7,"Unclassified","Single carriageway",30,"Unclassified","Not a Pedestrian","Not a Pedestrian",431502,435096,"E01011673",2,"T or staggered junction","Daylight","Fine no high winds","Dry","Cyclist"
"890","20141315K1355",2014-05-20,2014,"May",20,"18:55",18,55,"Tuesday","Slight",5,"Slight","Car occupant","Driver or rider","Male",33,"A","Single carriageway",30,"Unclassified","Not a Pedestrian","Not a Pedestrian",431646,435322,"E01011429",2,"T or staggered junction","Daylight","Fine no high winds","Dry","Car occupant"
"891","20141315K1355",2014-05-20,2014,"May",20,"18:55",18,55,"Tuesday","Slight",5,"Slight","Car occupant","Passenger","Female",38,"A","Single carriageway",30,"Unclassified","Not a Pedestrian","Not a Pedestrian",431646,435322,"E01011429",2,"T or staggered junction","Daylight","Fine no high winds","Dry","Car occupant"
"892","20141315K1355",2014-05-20,2014,"May",20,"18:55",18,55,"Tuesday","Slight",5,"Slight","Car occupant","Driver or rider","Male",30,"A","Single carriageway",30,"Unclassified","Not a Pedestrian","Not a Pedestrian",431646,435322,"E01011429",2,"T or staggered junction","Daylight","Fine no high winds","Dry","Car occupant"
"893","20141315K1355",2014-05-20,2014,"May",20,"18:55",18,55,"Tuesday","Slight",5,"Slight","Car occupant","Passenger","Male",32,"A","Single carriageway",30,"Unclassified","Not a Pedestrian","Not a Pedestrian",431646,435322,"E01011429",2,"T or staggered junction","Daylight","Fine no high winds","Dry","Car occupant"
"894","20141315K1355",2014-05-20,2014,"May",20,"18:55",18,55,"Tuesday","Slight",5,"Slight","Car occupant","Passenger","Male",16,"A","Single carriageway",30,"Unclassified","Not a Pedestrian","Not a Pedestrian",431646,435322,"E01011429",2,"T or staggered junction","Daylight","Fine no high winds","Dry","Car occupant"
"895","20141315K1400",2014-05-20,2014,"May",20,"19:15",19,15,"Tuesday","Slight",1,"Slight","Motorcycle 50cc and under rider or passenger","Driver or rider","Female",16,"A","Dual carriageway",40,"Unclassified","Not a Pedestrian","Not a Pedestrian",435957,435472,"E01011665",2,"T or staggered junction","Daylight","Fine no high winds","Dry","Motorcyclist and pillion"
"896","20141315L0244",2014-05-21,2014,"May",21,"08:05",8,5,"Wednesday","Slight",1,"Slight","Cyclist","Driver or rider","Male",54,"Unclassified","Single carriageway",30,"Unclassified","Not a Pedestrian","Not a Pedestrian",425951,434970,"E01011281",2,"T or staggered junction","Daylight","Fine no high winds","Dry","Cyclist"
"897","20141315L0264",2014-05-21,2014,"May",21,"08:25",8,25,"Wednesday","Slight",1,"Slight","Car occupant","Driver or rider","Female",22,"Motorway","Dual carriageway",50,NA,"Not a Pedestrian","Not a Pedestrian",430121,424016,"E01011536",2,"Not at junction or within 20 metres","Daylight","Fine no high winds","Dry","Car occupant"
"898","20141315L0280",2014-05-21,2014,"May",21,"08:42",8,42,"Wednesday","Slight",1,"Slight","Cyclist","Driver or rider","Female",50,"A","Dual carriageway",40,"Unclassified","Not a Pedestrian","Not a Pedestrian",425901,436262,"E01011485",2,"T or staggered junction","Daylight","Fine no high winds","Dry","Cyclist"
"899","20141315L0934",2014-05-21,2014,"May",21,"14:21",14,21,"Wednesday","Slight",1,"Slight","Cyclist","Driver or rider","Male",69,"Unclassified","Single carriageway",30,NA,"Not a Pedestrian","Not a Pedestrian",441078,448575,"E01011705",2,"Not at junction or within 20 metres","Daylight","Fine no high winds","Dry","Cyclist"
"900","20141315L1293",2014-05-21,2014,"May",21,"17:00",17,0,"Wednesday","Slight",2,"Slight","Car occupant","Driver or rider","Male",29,"Unclassified","Single carriageway",30,"Unclassified","Not a Pedestrian","Not a Pedestrian",431481,435007,"E01011673",2,"Crossroads","Daylight","Fine no high winds","Dry","Car occupant"
"901","20141315L1293",2014-05-21,2014,"May",21,"17:00",17,0,"Wednesday","Slight",2,"Slight","Car occupant","Driver or rider","Male",44,"Unclassified","Single carriageway",30,"Unclassified","Not a Pedestrian","Not a Pedestrian",431481,435007,"E01011673",2,"Crossroads","Daylight","Fine no high winds","Dry","Car occupant"
"902","20141315L1327",2014-05-21,2014,"May",21,"17:15",17,15,"Wednesday","Slight",1,"Slight","Pedestrian","Pedestrian","Male",31,"A","Dual carriageway",30,"Unclassified","Crossing on pedestrian crossing facility","Crossing from driver's nearside",431888,435678,"E01011428",1,"T or staggered junction","Daylight","Fine no high winds","Dry","Pedestrian"
"903","20141315L1393",2014-05-21,2014,"May",21,"17:45",17,45,"Wednesday","Serious",1,"Serious","Motorcycle 125cc and under rider or passenger","Driver or rider","Male",35,"B","Single carriageway",40,NA,"Not a Pedestrian","Not a Pedestrian",433401,429912,"E01011639",2,"Not at junction or within 20 metres","Daylight","Fine no high winds","Dry","Motorcyclist and pillion"
"904","20141315M0314",2014-05-22,2014,"May",22,"08:05",8,5,"Thursday","Serious",1,"Serious","Pedestrian","Pedestrian","Female",14,"Unclassified","Single carriageway",30,NA,"Crossing elsewhere within 50m. of pedestrian crossing","Crossing from driver's nearside",426423,433311,"E01032607",1,"Not at junction or within 20 metres","Daylight","Raining no high winds","Wet or damp","Pedestrian"
"905","20141315M0402",2014-05-22,2014,"May",22,"09:15",9,15,"Thursday","Slight",2,"Slight","Car occupant","Driver or rider","Female",35,"Unclassified","Single carriageway",30,"Unclassified","Not a Pedestrian","Not a Pedestrian",431508,435115,"E01011673",2,"T or staggered junction","Daylight","Raining no high winds","Wet or damp","Car occupant"
"906","20141315M0402",2014-05-22,2014,"May",22,"09:15",9,15,"Thursday","Slight",2,"Slight","Car occupant","Driver or rider","Male",25,"Unclassified","Single carriageway",30,"Unclassified","Not a Pedestrian","Not a Pedestrian",431508,435115,"E01011673",2,"T or staggered junction","Daylight","Raining no high winds","Wet or damp","Car occupant"
"907","20141315M0477",2014-05-22,2014,"May",22,"10:00",10,0,"Thursday","Slight",1,"Slight","Cyclist","Driver or rider","Male",38,"Unclassified","Single carriageway",30,"Unclassified","Not a Pedestrian","Not a Pedestrian",432192,434992,"E01011430",2,"T or staggered junction","Daylight","Raining no high winds","Wet or damp","Cyclist"
"908","20141315M1670",2014-05-22,2014,"May",22,"15:00",15,0,"Thursday","Slight",1,"Slight","Pedestrian","Pedestrian","Female",11,"Unclassified","Single carriageway",30,NA,"On footway or verge","Unknown or other",425060,432279,"E01011726",1,"Not at junction or within 20 metres","Daylight","Fine no high winds","Dry","Pedestrian"
"909","20141315M1010",2014-05-22,2014,"May",22,"15:05",15,5,"Thursday","Slight",1,"Slight","Car occupant","Driver or rider","Male",35,"Unclassified","Single carriageway",30,"Unclassified","Not a Pedestrian","Not a Pedestrian",432055,435968,"E01011647",2,"T or staggered junction","Daylight","Raining no high winds","Wet or damp","Car occupant"
"910","20141315M1139",2014-05-22,2014,"May",22,"16:00",16,0,"Thursday","Slight",1,"Slight","Motorcycle 125cc and under rider or passenger","Driver or rider","Male",22,"Unclassified","Single carriageway",30,"A","Not a Pedestrian","Not a Pedestrian",424934,434426,"E01011336",2,"Roundabout","Daylight","Unknown","Dry","Motorcyclist and pillion"