"","accident_index","date","year","month","day","time","time_hour","time_minute","day_of_week","accident_severity","number_of_casualties","casualty_severity","casualty_type","casualty_class","sex_of_casualty","age_of_casualty","first_road_class","road_type","speed_limit","second_road_class","pedestrian_location","pedestrian_movement","location_easting_osgr","location_northing_osgr","lsoa_of_accident_location","number_of_vehicles","junction_detail","light_conditions","weather_conditions","road_surface_conditions","cas_type"
"1079","20141316G1305",2014-06-16,2014,"Jun",16,"17:43",17,43,"Monday","Slight",1,"Slight","Cyclist","Driver or rider","Female",8,"A","Single carriageway",30,NA,"Not a Pedestrian","Not a Pedestrian",424676,434985,"E01011336",2,"Not at junction or within 20 metres","Daylight","Fine no high winds","Dry","Cyclist"
"1080","20141316G1460",2014-06-16,2014,"Jun",16,"19:05",19,5,"Monday","Slight",1,"Slight","Cyclist","Driver or rider","Male",45,"Unclassified","Single carriageway",40,NA,"Not a Pedestrian","Not a Pedestrian",425189,426029,"E01011546",2,"Not at junction or within 20 metres","Daylight","Fine no high winds","Dry","Cyclist"
"1081","20141316H0305",2014-06-17,2014,"Jun",17,"08:50",8,50,"Tuesday","Slight",2,"Slight","Pedestrian","Pedestrian","Female",8,"Unclassified","Single carriageway",20,NA,"In carriageway, crossing elsewhere","Crossing from nearside - masked by parked or stationary vehicle",434902,435104,"E01011667",1,"Not at junction or within 20 metres","Daylight","Fine no high winds","Dry","Pedestrian"
"1082","20141316H0305",2014-06-17,2014,"Jun",17,"08:50",8,50,"Tuesday","Slight",2,"Slight","Pedestrian","Pedestrian","Male",5,"Unclassified","Single carriageway",20,NA,"In carriageway, crossing elsewhere","Crossing from nearside - masked by parked or stationary vehicle",434902,435104,"E01011667",1,"Not at junction or within 20 metres","Daylight","Fine no high winds","Dry","Pedestrian"
"1083","20141316H1029",2014-06-17,2014,"Jun",17,"15:35",15,35,"Tuesday","Serious",1,"Serious","Cyclist","Driver or rider","Male",49,"A","Single carriageway",30,"Unclassified","Not a Pedestrian","Not a Pedestrian",421715,440990,"E01011578",2,"T or staggered junction","Daylight","Fine no high winds","Dry","Cyclist"
"1084","20141316H1573",2014-06-17,2014,"Jun",17,"19:15",19,15,"Tuesday","Slight",1,"Slight","Cyclist","Driver or rider","Male",40,"A","Single carriageway",40,"Unclassified","Not a Pedestrian","Not a Pedestrian",426862,441321,"E01011381",2,"Private drive or entrance","Daylight","Fine no high winds","Dry","Cyclist"
"1085","20141316H1777",2014-06-17,2014,"Jun",17,"19:20",19,20,"Tuesday","Slight",1,"Slight","Car occupant","Driver or rider","Male",33,"Unclassified","Single carriageway",30,NA,"Not a Pedestrian","Not a Pedestrian",420095,433546,"E01011586",2,"Not at junction or within 20 metres","Daylight","Fine no high winds","Wet or damp","Car occupant"
"1086","20141316I0100",2014-06-18,2014,"Jun",18,"02:01",2,1,"Wednesday","Slight",1,"Slight","Car occupant","Driver or rider","Male",38,"Unclassified","Single carriageway",60,NA,"Not a Pedestrian","Not a Pedestrian",414746,442831,"E01011270",2,"Not at junction or within 20 metres","Darkness - no lighting","Fine no high winds","Dry","Car occupant"
"1087","20141316I0229",2014-06-18,2014,"Jun",18,"07:10",7,10,"Wednesday","Slight",1,"Slight","Cyclist","Driver or rider","Male",27,"A","Dual carriageway",40,NA,"Not a Pedestrian","Not a Pedestrian",428779,433291,"E01011363",2,"Not at junction or within 20 metres","Daylight","Fine no high winds","Dry","Cyclist"
"1088","20141316I0543",2014-06-18,2014,"Jun",18,"11:20",11,20,"Wednesday","Slight",1,"Slight","Car occupant","Passenger","Male",30,"Unclassified","Single carriageway",30,"Unclassified","Not a Pedestrian","Not a Pedestrian",431870,435014,"E01011677",2,"T or staggered junction","Daylight","Fine no high winds","Dry","Car occupant"
"1089","20141316I0598",2014-06-18,2014,"Jun",18,"11:40",11,40,"Wednesday","Slight",1,"Slight","Car occupant","Driver or rider","Male",26,"Unclassified","Single carriageway",30,"Unclassified","Not a Pedestrian","Not a Pedestrian",432306,434548,"E01011344",3,"T or staggered junction","Daylight","Unknown","Wet or damp","Car occupant"
"1090","20141316I1036",2014-06-18,2014,"Jun",18,"15:45",15,45,"Wednesday","Slight",1,"Slight","Cyclist","Driver or rider","Male",37,"Unclassified","Single carriageway",30,"Unclassified","Not a Pedestrian","Not a Pedestrian",429667,434906,"E01033005",2,"T or staggered junction","Daylight","Fine no high winds","Dry","Cyclist"
"1091","20141316I1500",2014-06-18,2014,"Jun",18,"18:50",18,50,"Wednesday","Slight",1,"Slight","Motorcycle over 500cc rider or passenger","Driver or rider","Male",37,"Unclassified","Roundabout",30,"Unclassified","Not a Pedestrian","Not a Pedestrian",429918,427974,"E01011494",2,"Mini-roundabout","Daylight","Fine no high winds","Dry","Motorcyclist and pillion"
"1092","20141316I1528",2014-06-18,2014,"Jun",18,"20:00",20,0,"Wednesday","Serious",2,"Serious","Car occupant","Passenger","Male",23,"A","Roundabout",40,"Unclassified","Not a Pedestrian","Not a Pedestrian",430556,431179,"E01011468",1,"Roundabout","Daylight","Fine no high winds","Dry","Car occupant"
"1093","20141316I1528",2014-06-18,2014,"Jun",18,"20:00",20,0,"Wednesday","Serious",2,"Slight","Car occupant","Driver or rider","Male",26,"A","Roundabout",40,"Unclassified","Not a Pedestrian","Not a Pedestrian",430556,431179,"E01011468",1,"Roundabout","Daylight","Fine no high winds","Dry","Car occupant"
"1094","20141316J0341",2014-06-19,2014,"Jun",19,"08:30",8,30,"Thursday","Slight",2,"Slight","Car occupant","Driver or rider","Female",41,"A(M)","Dual carriageway",70,NA,"Not a Pedestrian","Not a Pedestrian",443470,438447,"E01011309",4,"Not at junction or within 20 metres","Daylight","Fine no high winds","Dry","Car occupant"
"1095","20141316J0341",2014-06-19,2014,"Jun",19,"08:30",8,30,"Thursday","Slight",2,"Slight","Car occupant","Driver or rider","Male",24,"A(M)","Dual carriageway",70,NA,"Not a Pedestrian","Not a Pedestrian",443470,438447,"E01011309",4,"Not at junction or within 20 metres","Daylight","Fine no high winds","Dry","Car occupant"
"1096","20141316J0383",2014-06-19,2014,"Jun",19,"09:00",9,0,"Thursday","Slight",1,"Slight","Cyclist","Driver or rider","Female",24,"Unclassified","Single carriageway",30,"Unclassified","Not a Pedestrian","Not a Pedestrian",428199,435292,"E01011446",2,"T or staggered junction","Daylight","Fine no high winds","Dry","Cyclist"
"1097","20141316J0483",2014-06-19,2014,"Jun",19,"10:15",10,15,"Thursday","Slight",1,"Slight","Cyclist","Driver or rider","Male",23,"Unclassified","Single carriageway",30,"Unclassified","Not a Pedestrian","Not a Pedestrian",431171,433649,"E01033021",2,"Private drive or entrance","Daylight","Fine no high winds","Dry","Cyclist"
"1098","20141316J0597",2014-06-19,2014,"Jun",19,"11:20",11,20,"Thursday","Slight",2,"Slight","Car occupant","Driver or rider","Female",59,"Unclassified","Single carriageway",30,"Unclassified","Not a Pedestrian","Not a Pedestrian",424347,438785,"E01011459",2,"T or staggered junction","Daylight","Fine no high winds","Dry","Car occupant"
"1099","20141316J0597",2014-06-19,2014,"Jun",19,"11:20",11,20,"Thursday","Slight",2,"Slight","Car occupant","Passenger","Male",23,"Unclassified","Single carriageway",30,"Unclassified","Not a Pedestrian","Not a Pedestrian",424347,438785,"E01011459",2,"T or staggered junction","Daylight","Fine no high winds","Dry","Car occupant"
"1100","20141316J0926",2014-06-19,2014,"Jun",19,"14:25",14,25,"Thursday","Slight",2,"Slight","Car occupant","Driver or rider","Female",24,"A","Roundabout",30,"Unclassified","Not a Pedestrian","Not a Pedestrian",428506,431667,"E01011366",2,"Roundabout","Daylight","Fine no high winds","Dry","Car occupant"
"1101","20141316J0926",2014-06-19,2014,"Jun",19,"14:25",14,25,"Thursday","Slight",2,"Slight","Car occupant","Passenger","Male",22,"A","Roundabout",30,"Unclassified","Not a Pedestrian","Not a Pedestrian",428506,431667,"E01011366",2,"Roundabout","Daylight","Fine no high winds","Dry","Car occupant"
"1102","20141316J1117",2014-06-19,2014,"Jun",19,"15:59",15,59,"Thursday","Slight",1,"Slight","Cyclist","Driver or rider","Male",15,"Unclassified","Single carriageway",30,"Unclassified","Not a Pedestrian","Not a Pedestrian",431639,437404,"E01011641",2,"T or staggered junction","Daylight","Fine no high winds","Dry","Cyclist"
"1103","20141316J1356",2014-06-19,2014,"Jun",19,"17:35",17,35,"Thursday","Slight",1,"Slight","Cyclist","Driver or rider","Male",22,"Unclassified","Single carriageway",30,"Unclassified","Not a Pedestrian","Not a Pedestrian",430854,435446,"E01011361",2,"T or staggered junction","Daylight","Fine no high winds","Dry","Cyclist"
"1104","20141316J1367",2014-06-19,2014,"Jun",19,"17:40",17,40,"Thursday","Slight",1,"Slight","Cyclist","Driver or rider","Male",35,"A","Single carriageway",40,NA,"Not a Pedestrian","Not a Pedestrian",427833,430807,"E01011369",2,"Not at junction or within 20 metres","Daylight","Fine no high winds","Dry","Cyclist"
"1105","20141316J1648",2014-06-19,2014,"Jun",19,"20:00",20,0,"Thursday","Slight",1,"Slight","Motorcycle 125cc and under rider or passenger","Driver or rider","Male",19,"Unclassified","Single carriageway",30,NA,"Not a Pedestrian","Not a Pedestrian",421742,440783,"E01011580",2,"Not at junction or within 20 metres","Daylight","Fine no high winds","Dry","Motorcyclist and pillion"
"1106","20141316K0365",2014-06-20,2014,"Jun",20,"08:40",8,40,"Friday","Slight",3,"Slight","Car occupant","Driver or rider","Female",38,"Unclassified","Single carriageway",30,"A","Not a Pedestrian","Not a Pedestrian",423844,434273,"E01011608",2,"Other junction","Daylight","Fine no high winds","Dry","Car occupant"
"1107","20141316K0365",2014-06-20,2014,"Jun",20,"08:40",8,40,"Friday","Slight",3,"Slight","Car occupant","Passenger","Female",4,"Unclassified","Single carriageway",30,"A","Not a Pedestrian","Not a Pedestrian",423844,434273,"E01011608",2,"Other junction","Daylight","Fine no high winds","Dry","Car occupant"
"1108","20141316K0365",2014-06-20,2014,"Jun",20,"08:40",8,40,"Friday","Slight",3,"Slight","Car occupant","Passenger","Female",64,"Unclassified","Single carriageway",30,"A","Not a Pedestrian","Not a Pedestrian",423844,434273,"E01011608",2,"Other junction","Daylight","Fine no high winds","Dry","Car occupant"
"1109","20141316K1126",2014-06-20,2014,"Jun",20,"15:40",15,40,"Friday","Slight",1,"Slight","Motorcycle 50cc and under rider or passenger","Driver or rider","Male",16,"A","Single carriageway",40,"Unclassified","Not a Pedestrian","Not a Pedestrian",426590,428707,"E01011531",2,"T or staggered junction","Daylight","Fine no high winds","Dry","Motorcyclist and pillion"
"1110","20141316K1653",2014-06-20,2014,"Jun",20,"17:30",17,30,"Friday","Slight",1,"Slight","Taxi/Private hire car occupant","Passenger","Female",54,"Unclassified","One way street",30,NA,"Not a Pedestrian","Not a Pedestrian",429804,433477,"E01033016",1,"Not at junction or within 20 metres","Daylight","Fine no high winds","Dry","Car occupant"
"1111","20141316K1381",2014-06-20,2014,"Jun",20,"17:35",17,35,"Friday","Serious",1,"Serious","Cyclist","Driver or rider","Male",60,"A","Single carriageway",30,"Unclassified","Not a Pedestrian","Not a Pedestrian",431343,435059,"E01011429",2,"T or staggered junction","Daylight","Fine no high winds","Dry","Cyclist"
"1112","20141316K1402",2014-06-20,2014,"Jun",20,"17:35",17,35,"Friday","Slight",1,"Slight","Cyclist","Driver or rider","Female",32,"A","Roundabout",30,"A","Not a Pedestrian","Not a Pedestrian",439322,432428,"E01011402",2,"Roundabout","Daylight","Fine no high winds","Dry","Cyclist"
"1113","20141316K1970",2014-06-20,2014,"Jun",20,"22:10",22,10,"Friday","Serious",1,"Serious","Motorcycle 125cc and under rider or passenger","Driver or rider","Male",29,"Unclassified","Unknown",30,NA,"Not a Pedestrian","Not a Pedestrian",423622,435523,"E01011330",1,"Not at junction or within 20 metres","Darkness - lights unlit","Fine no high winds","Wet or damp","Motorcyclist and pillion"
"1114","20141316L0376",2014-06-21,2014,"Jun",21,"06:40",6,40,"Saturday","Slight",4,"Slight","Car occupant","Driver or rider","Female",56,"A","Single carriageway",30,"Unclassified","Not a Pedestrian","Not a Pedestrian",431447,431585,"E01011468",2,"T or staggered junction","Daylight","Fine no high winds","Dry","Car occupant"
"1115","20141316L0376",2014-06-21,2014,"Jun",21,"06:40",6,40,"Saturday","Slight",4,"Slight","Car occupant","Passenger","Male",37,"A","Single carriageway",30,"Unclassified","Not a Pedestrian","Not a Pedestrian",431447,431585,"E01011468",2,"T or staggered junction","Daylight","Fine no high winds","Dry","Car occupant"
"1116","20141316L0376",2014-06-21,2014,"Jun",21,"06:40",6,40,"Saturday","Slight",4,"Slight","Car occupant","Passenger","Male",44,"A","Single carriageway",30,"Unclassified","Not a Pedestrian","Not a Pedestrian",431447,431585,"E01011468",2,"T or staggered junction","Daylight","Fine no high winds","Dry","Car occupant"
"1117","20141316L0376",2014-06-21,2014,"Jun",21,"06:40",6,40,"Saturday","Slight",4,"Slight","Car occupant","Passenger","Female",19,"A","Single carriageway",30,"Unclassified","Not a Pedestrian","Not a Pedestrian",431447,431585,"E01011468",2,"T or staggered junction","Daylight","Fine no high winds","Dry","Car occupant"
"1118","20141316L0776",2014-06-21,2014,"Jun",21,"12:35",12,35,"Saturday","Slight",1,"Slight","Mobility scooter rider","Driver or rider","Female",35,"A","Single carriageway",30,NA,"Not a Pedestrian","Not a Pedestrian",426101,428271,"E01011525",1,"Not at junction or within 20 metres","Daylight","Fine no high winds","Dry","Others"
"1119","20141316L1103",2014-06-21,2014,"Jun",21,"15:34",15,34,"Saturday","Slight",2,"Slight","Car occupant","Driver or rider","Male",26,"A","Dual carriageway",30,NA,"Not a Pedestrian","Not a Pedestrian",428775,433800,"E01011678",1,"Not at junction or within 20 metres","Daylight","Fine no high winds","Dry","Car occupant"
"1120","20141316L1103",2014-06-21,2014,"Jun",21,"15:34",15,34,"Saturday","Slight",2,"Slight","Car occupant","Passenger","Female",26,"A","Dual carriageway",30,NA,"Not a Pedestrian","Not a Pedestrian",428775,433800,"E01011678",1,"Not at junction or within 20 metres","Daylight","Fine no high winds","Dry","Car occupant"
"1121","20141316L1202",2014-06-21,2014,"Jun",21,"20:50",20,50,"Saturday","Slight",2,"Slight","Car occupant","Driver or rider","Male",26,"A(M)","Dual carriageway",70,NA,"Not a Pedestrian","Not a Pedestrian",444964,432021,"E01011299",1,"Not at junction or within 20 metres","Daylight","Fine no high winds","Dry","Car occupant"
"1122","20141316L1202",2014-06-21,2014,"Jun",21,"20:50",20,50,"Saturday","Slight",2,"Slight","Car occupant","Passenger","Male",26,"A(M)","Dual carriageway",70,NA,"Not a Pedestrian","Not a Pedestrian",444964,432021,"E01011299",1,"Not at junction or within 20 metres","Daylight","Fine no high winds","Dry","Car occupant"
"1123","20141316L1760",2014-06-21,2014,"Jun",21,"21:06",21,6,"Saturday","Slight",1,"Slight","Car occupant","Driver or rider","Female",25,"Unclassified","Single carriageway",30,"Unclassified","Not a Pedestrian","Not a Pedestrian",434344,428716,"E01011629",3,"T or staggered junction","Darkness - lights lit","Fine no high winds","Dry","Car occupant"
"1124","20141316G1296",2014-06-22,2014,"Jun",22,"08:15",8,15,"Sunday","Slight",1,"Slight","Cyclist","Driver or rider","Male",35,"A","Single carriageway",40,"Unclassified","Not a Pedestrian","Not a Pedestrian",429739,425638,"E01011538",2,"T or staggered junction","Daylight","Fine no high winds","Dry","Cyclist"
"1125","20141316M0522",2014-06-22,2014,"Jun",22,"09:26",9,26,"Sunday","Serious",1,"Serious","Motorcycle over 500cc rider or passenger","Driver or rider","Male",46,"Unclassified","One way street",60,"Unclassified","Not a Pedestrian","Not a Pedestrian",421464,442068,"E01011264",1,"T or staggered junction","Daylight","Fine no high winds","Dry","Motorcyclist and pillion"
"1126","20141316M0684",2014-06-22,2014,"Jun",22,"11:20",11,20,"Sunday","Serious",1,"Serious","Cyclist","Driver or rider","Male",48,"Unclassified","Single carriageway",60,NA,"Not a Pedestrian","Not a Pedestrian",428920,444175,"E01011576",1,"Not at junction or within 20 metres","Daylight","Fine no high winds","Dry","Cyclist"
"1127","20141316N0335",2014-06-23,2014,"Jun",23,"08:50",8,50,"Monday","Slight",2,"Slight","Car occupant","Driver or rider","Female",29,"A","Single carriageway",40,"Unclassified","Not a Pedestrian","Not a Pedestrian",422945,443102,"E01032503",2,"Crossroads","Daylight","Fine no high winds","Dry","Car occupant"
"1128","20141316N0335",2014-06-23,2014,"Jun",23,"08:50",8,50,"Monday","Slight",2,"Slight","Car occupant","Driver or rider","Male",50,"A","Single carriageway",40,"Unclassified","Not a Pedestrian","Not a Pedestrian",422945,443102,"E01032503",2,"Crossroads","Daylight","Fine no high winds","Dry","Car occupant"
"1129","20141316N0538",2014-06-23,2014,"Jun",23,"10:45",10,45,"Monday","Slight",1,"Slight","Car occupant","Driver or rider","Female",32,"A","Dual carriageway",40,"Unclassified","Not a Pedestrian","Not a Pedestrian",425641,434241,"E01011283",2,"Crossroads","Daylight","Fine no high winds","Dry","Car occupant"
"1130","20141316N1001",2014-06-23,2014,"Jun",23,"15:00",15,0,"Monday","Slight",1,"Slight","Car occupant","Driver or rider","Male",23,"A","Single carriageway",40,NA,"Not a Pedestrian","Not a Pedestrian",426453,431721,"E01011734",2,"Not at junction or within 20 metres","Daylight","Fine no high winds","Dry","Car occupant"
"1131","20141316N1103",2014-06-23,2014,"Jun",23,"15:55",15,55,"Monday","Slight",1,"Slight","Pedestrian","Pedestrian","Male",79,"A","Dual carriageway",40,NA,"In carriageway, crossing elsewhere","Crossing from offside - masked by  parked or stationary vehicle",433032,436091,"E01011648",1,"Not at junction or within 20 metres","Daylight","Fine no high winds","Dry","Pedestrian"
"1132","20141316Q0336",2014-06-23,2014,"Jun",23,"17:00",17,0,"Monday","Slight",1,"Slight","Motorcycle 125cc and under rider or passenger","Driver or rider","Female",31,"Unclassified","Single carriageway",30,NA,"Not a Pedestrian","Not a Pedestrian",427718,434713,"E01011483",2,"Not at junction or within 20 metres","Daylight","Fine no high winds","Dry","Motorcyclist and pillion"
"1133","20141316N1435",2014-06-23,2014,"Jun",23,"18:29",18,29,"Monday","Slight",1,"Slight","Car occupant","Driver or rider","Female",33,"Unclassified","Single carriageway",30,NA,"Not a Pedestrian","Not a Pedestrian",422711,433540,"E01011610",2,"Not at junction or within 20 metres","Daylight","Fine no high winds","Dry","Car occupant"
"1134","20141316O0806",2014-06-24,2014,"Jun",24,"13:15",13,15,"Tuesday","Slight",1,"Slight","Pedestrian","Pedestrian","Female",20,"Unclassified","Single carriageway",30,NA,"Crossing on pedestrian crossing facility","Crossing from driver's nearside",430403,433667,"E01033010",1,"Not at junction or within 20 metres","Daylight","Fine no high winds","Dry","Pedestrian"
"1135","20141316O0983",2014-06-24,2014,"Jun",24,"14:52",14,52,"Tuesday","Serious",1,"Serious","Pedestrian","Pedestrian","Male",13,"A","Single carriageway",40,NA,"Crossing on pedestrian crossing facility","Crossing from nearside - masked by parked or stationary vehicle",420642,434367,"E01011595",1,"Not at junction or within 20 metres","Daylight","Fine no high winds","Dry","Pedestrian"
"1136","20141316O1003",2014-06-24,2014,"Jun",24,"15:00",15,0,"Tuesday","Slight",1,"Slight","Pedestrian","Pedestrian","Male",17,"Unclassified","Single carriageway",30,NA,"In carriageway, crossing elsewhere","Crossing from driver's nearside",430743,438149,"E01011516",1,"Not at junction or within 20 metres","Daylight","Fine no high winds","Dry","Pedestrian"
"1137","20141316O1544",2014-06-24,2014,"Jun",24,"15:44",15,44,"Tuesday","Slight",1,"Slight","Car occupant","Driver or rider","Female",40,"Unclassified","Single carriageway",30,"Unclassified","Not a Pedestrian","Not a Pedestrian",429107,436250,"E01011450",2,"T or staggered junction","Daylight","Fine no high winds","Dry","Car occupant"
"1138","20141316O1348",2014-06-24,2014,"Jun",24,"17:55",17,55,"Tuesday","Slight",1,"Slight","Car occupant","Passenger","Female",26,"Unclassified","Single carriageway",20,"Unclassified","Not a Pedestrian","Not a Pedestrian",428198,435026,"E01011447",2,"Crossroads","Daylight","Fine no high winds","Dry","Car occupant"
"1139","20141316P0315",2014-06-24,2014,"Jun",24,"18:10",18,10,"Tuesday","Serious",1,"Serious","Cyclist","Driver or rider","Male",37,"Unclassified","Single carriageway",30,NA,"Not a Pedestrian","Not a Pedestrian",431068,430340,"E01011473",2,"Not at junction or within 20 metres","Daylight","Unknown","Wet or damp","Cyclist"
"1140","20141316O1406",2014-06-24,2014,"Jun",24,"18:27",18,27,"Tuesday","Slight",1,"Slight","Cyclist","Driver or rider","Male",40,"A","Single carriageway",30,"Unclassified","Not a Pedestrian","Not a Pedestrian",427742,436438,"E01011435",2,"Crossroads","Daylight","Fine no high winds","Dry","Cyclist"
"1141","20141316P0761",2014-06-25,2014,"Jun",25,"12:10",12,10,"Wednesday","Slight",1,"Slight","Bus or coach occupant (17 or more pass seats)","Passenger","Male",90,"Unclassified","Single carriageway",30,NA,"Not a Pedestrian","Not a Pedestrian",425538,434165,"E01032499",1,"Not at junction or within 20 metres","Daylight","Fine no high winds","Dry","Bus and goods vehicle occupant"
"1142","20141316P0639",2014-06-25,2014,"Jun",25,"12:30",12,30,"Wednesday","Slight",2,"Slight","Car occupant","Passenger","Female",5,"A","Single carriageway",30,NA,"Not a Pedestrian","Not a Pedestrian",428139,431163,"E01011369",3,"Not at junction or within 20 metres","Daylight","Fine no high winds","Dry","Car occupant"
"1143","20141316P0639",2014-06-25,2014,"Jun",25,"12:30",12,30,"Wednesday","Slight",2,"Slight","Car occupant","Driver or rider","Female",48,"A","Single carriageway",30,NA,"Not a Pedestrian","Not a Pedestrian",428139,431163,"E01011369",3,"Not at junction or within 20 metres","Daylight","Fine no high winds","Dry","Car occupant"
"1144","20141316P1262",2014-06-25,2014,"Jun",25,"17:10",17,10,"Wednesday","Slight",1,"Slight","Cyclist","Driver or rider","Male",29,"Unclassified","Single carriageway",30,"Unclassified","Not a Pedestrian","Not a Pedestrian",443311,436325,"E01011297",2,"Private drive or entrance","Daylight","Fine no high winds","Dry","Cyclist"
"1145","20141316P1547",2014-06-25,2014,"Jun",25,"17:35",17,35,"Wednesday","Slight",1,"Slight","Cyclist","Driver or rider","Male",35,"A","Single carriageway",30,"A","Not a Pedestrian","Not a Pedestrian",431960,430731,"E01011468",2,"Crossroads","Daylight","Fine no high winds","Dry","Cyclist"
"1146","20141316P1567",2014-06-25,2014,"Jun",25,"18:00",18,0,"Wednesday","Slight",1,"Slight","Bus or coach occupant (17 or more pass seats)","Passenger","Male",22,"Unclassified","One way street",30,NA,"Not a Pedestrian","Not a Pedestrian",430032,433375,"E01033010",1,"Not at junction or within 20 metres","Daylight","Fine no high winds","Dry","Bus and goods vehicle occupant"
"1147","20141316P1888",2014-06-25,2014,"Jun",25,"22:45",22,45,"Wednesday","Slight",1,"Slight","Car occupant","Passenger","Male",15,"A","Single carriageway",40,"Unclassified","Not a Pedestrian","Not a Pedestrian",435730,436943,"E01011720",2,"T or staggered junction","Darkness - lights lit","Fine no high winds","Dry","Car occupant"
"1148","20141316Q0306",2014-06-26,2014,"Jun",26,"08:35",8,35,"Thursday","Slight",1,"Slight","Car occupant","Driver or rider","Male",57,"Motorway","Dual carriageway",70,NA,"Not a Pedestrian","Not a Pedestrian",424406,427816,"E01011523",2,"Not at junction or within 20 metres","Daylight","Fine no high winds","Dry","Car occupant"
"1149","20141316Q0597",2014-06-26,2014,"Jun",26,"11:40",11,40,"Thursday","Serious",1,"Serious","Pedestrian","Pedestrian","Male",81,"Unclassified","Single carriageway",30,NA,"In carriageway, crossing elsewhere","Unknown or other",426523,433392,"E01032607",1,"Not at junction or within 20 metres","Daylight","Fine no high winds","Dry","Pedestrian"
"1150","20141316Q0630",2014-06-26,2014,"Jun",26,"12:06",12,6,"Thursday","Slight",1,"Slight","Car occupant","Passenger","Female",62,"Unclassified","Single carriageway",30,NA,"Not a Pedestrian","Not a Pedestrian",422954,438036,"E01011461",1,"Not at junction or within 20 metres","Daylight","Fine no high winds","Dry","Car occupant"
"1151","20141316Q0922",2014-06-26,2014,"Jun",26,"14:15",14,15,"Thursday","Slight",2,"Slight","Bus or coach occupant (17 or more pass seats)","Passenger","Male",72,"B","Single carriageway",30,"Unclassified","Not a Pedestrian","Not a Pedestrian",422047,434278,"E01011587",2,"T or staggered junction","Daylight","Fine no high winds","Dry","Bus and goods vehicle occupant"
"1152","20141316Q0922",2014-06-26,2014,"Jun",26,"14:15",14,15,"Thursday","Slight",2,"Slight","Bus or coach occupant (17 or more pass seats)","Passenger","Female",68,"B","Single carriageway",30,"Unclassified","Not a Pedestrian","Not a Pedestrian",422047,434278,"E01011587",2,"T or staggered junction","Daylight","Fine no high winds","Dry","Bus and goods vehicle occupant"
"1153","20141316Q1758",2014-06-26,2014,"Jun",26,"21:40",21,40,"Thursday","Slight",1,"Slight","Pedestrian","Pedestrian","Male",66,"Unclassified","Single carriageway",30,NA,"In carriageway, crossing elsewhere","Crossing from driver's nearside",422420,433529,"E01011612",1,"Not at junction or within 20 metres","Darkness - lights lit","Fine no high winds","Dry","Pedestrian"
"1154","20141316R0181",2014-06-27,2014,"Jun",27,"05:40",5,40,"Friday","Slight",1,"Slight","Other vehicle occupant","Driver or rider","Female",50,"Unclassified","Single carriageway",40,NA,"Not a Pedestrian","Not a Pedestrian",420015,435473,"E01011590",1,"Not at junction or within 20 metres","Daylight","Fine no high winds","Dry","Others"
"1155","20141316R0235",2014-06-27,2014,"Jun",27,"07:43",7,43,"Friday","Slight",1,"Slight","Car occupant","Passenger","Female",35,"A","Single carriageway",30,"A","Not a Pedestrian","Not a Pedestrian",424848,427545,"E01011530",2,"Crossroads","Daylight","Fine no high winds","Dry","Car occupant"
"1156","2014131721208",2014-06-27,2014,"Jun",27,"08:45",8,45,"Friday","Slight",3,"Slight","Car occupant","Driver or rider","Male",35,"A","Dual carriageway",30,NA,"Not a Pedestrian","Not a Pedestrian",430202,431991,"E01011364",2,"Not at junction or within 20 metres","Daylight","Fine no high winds","Dry","Car occupant"
"1157","2014131721208",2014-06-27,2014,"Jun",27,"08:45",8,45,"Friday","Slight",3,"Slight","Car occupant","Passenger","Female",32,"A","Dual carriageway",30,NA,"Not a Pedestrian","Not a Pedestrian",430202,431991,"E01011364",2,"Not at junction or within 20 metres","Daylight","Fine no high winds","Dry","Car occupant"
"1158","2014131721208",2014-06-27,2014,"Jun",27,"08:45",8,45,"Friday","Slight",3,"Slight","Car occupant","Passenger","Male",5,"A","Dual carriageway",30,NA,"Not a Pedestrian","Not a Pedestrian",430202,431991,"E01011364",2,"Not at junction or within 20 metres","Daylight","Fine no high winds","Dry","Car occupant"
"1159","20141316R0391",2014-06-27,2014,"Jun",27,"10:00",10,0,"Friday","Slight",1,"Slight","Car occupant","Driver or rider","Female",43,"A","Dual carriageway",40,"Unclassified","Not a Pedestrian","Not a Pedestrian",433346,432199,"E01011621",2,"Crossroads","Daylight","Fine no high winds","Dry","Car occupant"
"1160","20141316R0436",2014-06-27,2014,"Jun",27,"10:15",10,15,"Friday","Slight",1,"Slight","Car occupant","Driver or rider","Male",77,"B","Single carriageway",30,NA,"Not a Pedestrian","Not a Pedestrian",425420,433192,"E01011725",2,"Not at junction or within 20 metres","Daylight","Raining no high winds","Wet or damp","Car occupant"
"1161","20141316R0739",2014-06-27,2014,"Jun",27,"13:25",13,25,"Friday","Slight",2,"Slight","Car occupant","Driver or rider","Female",25,"Unclassified","Single carriageway",30,NA,"Not a Pedestrian","Not a Pedestrian",436283,434708,"E01011408",2,"Not at junction or within 20 metres","Daylight","Fine no high winds","Dry","Car occupant"
"1162","20141316R0739",2014-06-27,2014,"Jun",27,"13:25",13,25,"Friday","Slight",2,"Slight","Car occupant","Driver or rider","Male",37,"Unclassified","Single carriageway",30,NA,"Not a Pedestrian","Not a Pedestrian",436283,434708,"E01011408",2,"Not at junction or within 20 metres","Daylight","Fine no high winds","Dry","Car occupant"
"1163","20141316S0738",2014-06-27,2014,"Jun",27,"14:30",14,30,"Friday","Slight",2,"Slight","Van / Goods vehicle (3.5 tonnes mgw or under) occupant","Driver or rider","Male",39,"Unclassified","Single carriageway",30,"Unclassified","Not a Pedestrian","Not a Pedestrian",430550,431065,"E01011468",2,"T or staggered junction","Daylight","Fine no high winds","Dry","Bus and goods vehicle occupant"