"","accident_index","date","year","month","day","time","time_hour","time_minute","day_of_week","accident_severity","number_of_casualties","casualty_severity","casualty_type","casualty_class","sex_of_casualty","age_of_casualty","first_road_class","road_type","speed_limit","second_road_class","pedestrian_location","pedestrian_movement","location_easting_osgr","location_northing_osgr","lsoa_of_accident_location","number_of_vehicles","junction_detail","light_conditions","weather_conditions","road_surface_conditions","cas_type"
"1164","20141316S0738",2014-06-27,2014,"Jun",27,"14:30",14,30,"Friday","Slight",2,"Slight","Van / Goods vehicle (3.5 tonnes mgw or under) occupant","Passenger","Male",34,"Unclassified","Single carriageway",30,"Unclassified","Not a Pedestrian","Not a Pedestrian",430550,431065,"E01011468",2,"T or staggered junction","Daylight","Fine no high winds","Dry","Bus and goods vehicle occupant"
"1165","20141316S0004",2014-06-28,2014,"Jun",28,"00:01",0,1,"Saturday","Slight",1,"Slight","Pedestrian","Pedestrian","Male",23,"Unclassified","Single carriageway",30,"Unclassified","In carriageway, crossing elsewhere","Crossing from driver's offside",431040,431373,"E01011467",1,"Crossroads","Darkness - lights lit","Raining no high winds","Wet or damp","Pedestrian"
"1166","20141316S0270",2014-06-28,2014,"Jun",28,"03:10",3,10,"Saturday","Slight",3,"Slight","Taxi/Private hire car occupant","Passenger","Female",18,"Unclassified","Single carriageway",30,NA,"Not a Pedestrian","Not a Pedestrian",427549,433883,"E01011284",1,"Not at junction or within 20 metres","Darkness - lighting unknown","Raining no high winds","Wet or damp","Car occupant"
"1167","20141316S0270",2014-06-28,2014,"Jun",28,"03:10",3,10,"Saturday","Slight",3,"Slight","Taxi/Private hire car occupant","Passenger","Female",19,"Unclassified","Single carriageway",30,NA,"Not a Pedestrian","Not a Pedestrian",427549,433883,"E01011284",1,"Not at junction or within 20 metres","Darkness - lighting unknown","Raining no high winds","Wet or damp","Car occupant"
"1168","20141316S0270",2014-06-28,2014,"Jun",28,"03:10",3,10,"Saturday","Slight",3,"Slight","Taxi/Private hire car occupant","Passenger","Female",19,"Unclassified","Single carriageway",30,NA,"Not a Pedestrian","Not a Pedestrian",427549,433883,"E01011284",1,"Not at junction or within 20 metres","Darkness - lighting unknown","Raining no high winds","Wet or damp","Car occupant"
"1169","20141316S0273",2014-06-28,2014,"Jun",28,"04:05",4,5,"Saturday","Slight",1,"Slight","Pedestrian","Pedestrian","Male",26,"A","Dual carriageway",30,NA,"Crossing on pedestrian crossing facility","Crossing from driver's offside",430788,433328,"E01033011",1,"Not at junction or within 20 metres","Daylight","Fine no high winds","Wet or damp","Pedestrian"
"1170","20141316S0330",2014-06-28,2014,"Jun",28,"06:09",6,9,"Saturday","Slight",1,"Slight","Car occupant","Driver or rider","Male",51,"Motorway","Slip road",50,NA,"Not a Pedestrian","Not a Pedestrian",431819,430458,"E01011469",1,"Not at junction or within 20 metres","Daylight","Fine no high winds","Wet or damp","Car occupant"
"1171","20141316S0368",2014-06-28,2014,"Jun",28,"07:28",7,28,"Saturday","Slight",2,"Slight","Car occupant","Driver or rider","Male",65,"Unclassified","Single carriageway",30,"Unclassified","Not a Pedestrian","Not a Pedestrian",428996,429625,"E01011322",2,"T or staggered junction","Daylight","Fine no high winds","Wet or damp","Car occupant"
"1172","20141316S0368",2014-06-28,2014,"Jun",28,"07:28",7,28,"Saturday","Slight",2,"Slight","Cyclist","Driver or rider","Male",43,"Unclassified","Single carriageway",30,"Unclassified","Not a Pedestrian","Not a Pedestrian",428996,429625,"E01011322",2,"T or staggered junction","Daylight","Fine no high winds","Wet or damp","Cyclist"
"1173","20141316S0543",2014-06-28,2014,"Jun",28,"10:25",10,25,"Saturday","Serious",1,"Serious","Pedestrian","Pedestrian","Female",76,"A","Dual carriageway",50,NA,"In carriageway, crossing elsewhere","Crossing from driver's nearside",439764,433146,"E01011399",1,"Not at junction or within 20 metres","Daylight","Raining no high winds","Wet or damp","Pedestrian"
"1174","20141316S0581",2014-06-28,2014,"Jun",28,"10:31",10,31,"Saturday","Slight",1,"Slight","Bus or coach occupant (17 or more pass seats)","Passenger","Female",74,"Unclassified","One way street",30,NA,"Not a Pedestrian","Not a Pedestrian",430073,433865,"E01033010",1,"Not at junction or within 20 metres","Daylight","Unknown","Dry","Bus and goods vehicle occupant"
"1175","20141316S0911",2014-06-28,2014,"Jun",28,"12:00",12,0,"Saturday","Serious",1,"Serious","Bus or coach occupant (17 or more pass seats)","Passenger","Female",64,"Unclassified","Single carriageway",30,"Unclassified","Not a Pedestrian","Not a Pedestrian",434989,436890,"E01011657",1,"T or staggered junction","Daylight","Raining no high winds","Wet or damp","Bus and goods vehicle occupant"
"1176","20141316S1054",2014-06-28,2014,"Jun",28,"17:15",17,15,"Saturday","Slight",1,"Slight","Motorcycle 125cc and under rider or passenger","Driver or rider","Female",22,"Unclassified","Single carriageway",30,"Unclassified","Not a Pedestrian","Not a Pedestrian",436725,435052,"E01011406",2,"T or staggered junction","Daylight","Fine no high winds","Wet or damp","Motorcyclist and pillion"
"1177","20141316T0280",2014-06-29,2014,"Jun",29,"00:01",0,1,"Sunday","Slight",1,"Slight","Car occupant","Driver or rider","Male",71,"A","Single carriageway",30,NA,"Not a Pedestrian","Not a Pedestrian",431574,435204,"E01011429",5,"Not at junction or within 20 metres","Darkness - lights lit","Fine no high winds","Dry","Car occupant"
"1178","20141316T0270",2014-06-29,2014,"Jun",29,"03:15",3,15,"Sunday","Slight",2,"Slight","Car occupant","Passenger","Male",20,"Unclassified","Single carriageway",30,NA,"Not a Pedestrian","Not a Pedestrian",432486,438750,"E01011653",2,"Not at junction or within 20 metres","Darkness - lights lit","Fine no high winds","Dry","Car occupant"
"1179","20141316T0270",2014-06-29,2014,"Jun",29,"03:15",3,15,"Sunday","Slight",2,"Slight","Car occupant","Passenger","Female",18,"Unclassified","Single carriageway",30,NA,"Not a Pedestrian","Not a Pedestrian",432486,438750,"E01011653",2,"Not at junction or within 20 metres","Darkness - lights lit","Fine no high winds","Dry","Car occupant"
"1180","20141316T0960",2014-06-29,2014,"Jun",29,"15:24",15,24,"Sunday","Serious",1,"Serious","Car occupant","Driver or rider","Male",44,"A","Single carriageway",60,NA,"Not a Pedestrian","Not a Pedestrian",443104,433190,"E01011298",1,"Not at junction or within 20 metres","Daylight","Fine no high winds","Dry","Car occupant"
"1181","20141316T1231",2014-06-29,2014,"Jun",29,"17:11",17,11,"Sunday","Slight",1,"Slight","Cyclist","Driver or rider","Male",13,"Unclassified","Single carriageway",30,NA,"Not a Pedestrian","Not a Pedestrian",430460,428413,"E01032497",2,"Not at junction or within 20 metres","Daylight","Fine no high winds","Dry","Cyclist"
"1182","20141316T1261",2014-06-29,2014,"Jun",29,"18:20",18,20,"Sunday","Slight",2,"Slight","Car occupant","Driver or rider","Female",34,"Unclassified","Single carriageway",30,"Unclassified","Not a Pedestrian","Not a Pedestrian",429117,434196,"E01011678",2,"T or staggered junction","Daylight","Fine no high winds","Dry","Car occupant"
"1183","20141316T1261",2014-06-29,2014,"Jun",29,"18:20",18,20,"Sunday","Slight",2,"Slight","Cyclist","Driver or rider","Female",32,"Unclassified","Single carriageway",30,"Unclassified","Not a Pedestrian","Not a Pedestrian",429117,434196,"E01011678",2,"T or staggered junction","Daylight","Fine no high winds","Dry","Cyclist"
"1184","20141316T1425",2014-06-29,2014,"Jun",29,"19:50",19,50,"Sunday","Slight",1,"Slight","Pedestrian","Pedestrian","Male",8,"Unclassified","Single carriageway",30,"Unclassified","In carriageway, crossing elsewhere","Crossing from driver's nearside",429809,431159,"E01011372",1,"T or staggered junction","Daylight","Fine no high winds","Dry","Pedestrian"
"1185","20141316T1665",2014-06-29,2014,"Jun",29,"22:42",22,42,"Sunday","Slight",1,"Slight","Pedestrian","Pedestrian","Female",35,"Unclassified","Single carriageway",30,NA,"In carriageway, not crossing","In carriageway, stationary - not crossing  (standing or playing) - masked by parked or stationary vehicle",434861,436504,"E01011660",1,"Not at junction or within 20 metres","Darkness - lights lit","Fine no high winds","Dry","Pedestrian"
"1186","20141316U0349",2014-06-30,2014,"Jun",30,"08:45",8,45,"Monday","Slight",1,"Slight","Car occupant","Passenger","Male",29,"Motorway","Dual carriageway",70,NA,"Not a Pedestrian","Not a Pedestrian",434993,425885,"E01011636",4,"Not at junction or within 20 metres","Daylight","Fine no high winds","Dry","Car occupant"
"1187","20141316U0382",2014-06-30,2014,"Jun",30,"09:08",9,8,"Monday","Slight",1,"Slight","Pedestrian","Pedestrian","Female",11,"Unclassified","Single carriageway",30,"Unclassified","On footway or verge","Unknown or other",425661,434919,"E01011281",2,"T or staggered junction","Daylight","Fine no high winds","Dry","Pedestrian"
"1188","20141316U0766",2014-06-30,2014,"Jun",30,"12:00",12,0,"Monday","Slight",1,"Slight","Bus or coach occupant (17 or more pass seats)","Passenger","Male",33,"Unclassified","Single carriageway",30,"Unclassified","Not a Pedestrian","Not a Pedestrian",430414,433725,"E01033010",1,"Crossroads","Daylight","Fine no high winds","Dry","Bus and goods vehicle occupant"
"1189","20141316U0749",2014-06-30,2014,"Jun",30,"13:00",13,0,"Monday","Slight",1,"Slight","Car occupant","Driver or rider","Male",84,"Unclassified","Roundabout",30,"Unclassified","Not a Pedestrian","Not a Pedestrian",440425,448058,"E01011704",2,"Roundabout","Daylight","Fine no high winds","Dry","Car occupant"
"1190","20141316U0838",2014-06-30,2014,"Jun",30,"13:45",13,45,"Monday","Serious",1,"Serious","Pedestrian","Pedestrian","Female",48,"Unclassified","Dual carriageway",30,"Unclassified","Crossing on pedestrian crossing facility","Crossing from driver's nearside",431024,433517,"E01033011",1,"Crossroads","Daylight","Fine no high winds","Dry","Pedestrian"
"1191","20141316U0812",2014-06-30,2014,"Jun",30,"15:20",15,20,"Monday","Slight",1,"Slight","Cyclist","Driver or rider","Male",35,"A","Single carriageway",30,"Unclassified","Not a Pedestrian","Not a Pedestrian",432071,431120,"E01011468",2,"Crossroads","Daylight","Fine no high winds","Dry","Cyclist"
"1192","20141316U1674",2014-06-30,2014,"Jun",30,"17:30",17,30,"Monday","Slight",1,"Slight","Pedestrian","Pedestrian","Male",8,"Unclassified","Single carriageway",30,"Unclassified","In carriageway, crossing elsewhere","Crossing from driver's offside",436438,427247,"E01011635",1,"T or staggered junction","Daylight","Fine no high winds","Dry","Pedestrian"
"1193","20141316U1629",2014-06-30,2014,"Jun",30,"19:49",19,49,"Monday","Serious",1,"Serious","Pedestrian","Pedestrian","Female",52,"A","Single carriageway",30,NA,"In carriageway, crossing elsewhere","Crossing from driver's offside",430093,431305,"E01011371",1,"Not at junction or within 20 metres","Daylight","Fine no high winds","Dry","Pedestrian"
"1194","2014131710386",2014-07-01,2014,"Jul",1,"08:10",8,10,"Tuesday","Slight",1,"Slight","Car occupant","Driver or rider","Female",32,"A","Single carriageway",40,"Unclassified","Not a Pedestrian","Not a Pedestrian",424924,430924,"E01011728",2,"T or staggered junction","Daylight","Fine no high winds","Dry","Car occupant"
"1195","2014131710459",2014-07-01,2014,"Jul",1,"10:10",10,10,"Tuesday","Slight",1,"Slight","Pedestrian","Pedestrian","Female",75,"Unclassified","Single carriageway",20,NA,"Crossing on pedestrian crossing facility","Crossing from driver's nearside",430375,433496,"E01033011",1,"Not at junction or within 20 metres","Daylight","Fine no high winds","Dry","Pedestrian"
"1196","2014131710740",2014-07-01,2014,"Jul",1,"12:50",12,50,"Tuesday","Slight",1,"Slight","Car occupant","Passenger","Female",23,"A","Dual carriageway",40,"A","Not a Pedestrian","Not a Pedestrian",436161,427825,"E01011635",2,"Roundabout","Daylight","Fine no high winds","Dry","Car occupant"
"1197","2014131710835",2014-07-01,2014,"Jul",1,"13:40",13,40,"Tuesday","Serious",1,"Serious","Cyclist","Driver or rider","Male",26,"A","Single carriageway",30,"Unclassified","Not a Pedestrian","Not a Pedestrian",428460,435707,"E01032946",2,"T or staggered junction","Daylight","Fine no high winds","Dry","Cyclist"
"1198","2014131711647",2014-07-01,2014,"Jul",1,"20:10",20,10,"Tuesday","Serious",1,"Serious","Car occupant","Driver or rider","Female",67,"A","Single carriageway",50,"Unclassified","Not a Pedestrian","Not a Pedestrian",435362,439519,"E01011311",2,"T or staggered junction","Daylight","Fine no high winds","Dry","Car occupant"
"1199","2014131720475",2014-07-02,2014,"Jul",2,"07:50",7,50,"Wednesday","Slight",1,"Slight","Car occupant","Driver or rider","Female",29,"A","Dual carriageway",30,NA,"Not a Pedestrian","Not a Pedestrian",430837,434002,"E01033031",2,"Not at junction or within 20 metres","Daylight","Fine no high winds","Dry","Car occupant"
"1200","2014131720309",2014-07-02,2014,"Jul",2,"08:50",8,50,"Wednesday","Slight",3,"Slight","Car occupant","Driver or rider","Female",43,"A","Single carriageway",50,"Unclassified","Not a Pedestrian","Not a Pedestrian",428987,426335,"E01011538",2,"T or staggered junction","Daylight","Fine no high winds","Dry","Car occupant"
"1201","2014131720309",2014-07-02,2014,"Jul",2,"08:50",8,50,"Wednesday","Slight",3,"Slight","Car occupant","Passenger","Male",11,"A","Single carriageway",50,"Unclassified","Not a Pedestrian","Not a Pedestrian",428987,426335,"E01011538",2,"T or staggered junction","Daylight","Fine no high winds","Dry","Car occupant"
"1202","2014131720309",2014-07-02,2014,"Jul",2,"08:50",8,50,"Wednesday","Slight",3,"Slight","Car occupant","Driver or rider","Female",31,"A","Single carriageway",50,"Unclassified","Not a Pedestrian","Not a Pedestrian",428987,426335,"E01011538",2,"T or staggered junction","Daylight","Fine no high winds","Dry","Car occupant"
"1203","2014131720356",2014-07-02,2014,"Jul",2,"09:16",9,16,"Wednesday","Serious",1,"Serious","Cyclist","Driver or rider","Male",50,"Unclassified","Single carriageway",30,"Unclassified","Not a Pedestrian","Not a Pedestrian",430340,433391,"E01033010",2,"Crossroads","Daylight","Fine no high winds","Dry","Cyclist"
"1204","2014131720856",2014-07-02,2014,"Jul",2,"13:42",13,42,"Wednesday","Slight",1,"Slight","Car occupant","Passenger","Male",31,"Unclassified","Single carriageway",30,"Unclassified","Not a Pedestrian","Not a Pedestrian",427168,435276,"E01011480",2,"T or staggered junction","Daylight","Fine no high winds","Dry","Car occupant"
"1205","2014131721377",2014-07-02,2014,"Jul",2,"16:50",16,50,"Wednesday","Slight",1,"Slight","Cyclist","Driver or rider","Female",57,"A","Roundabout",30,"Unclassified","Not a Pedestrian","Not a Pedestrian",425158,437877,"E01011464",2,"Roundabout","Daylight","Fine no high winds","Dry","Cyclist"
"1206","2014131730421",2014-07-03,2014,"Jul",3,"09:45",9,45,"Thursday","Slight",3,"Slight","Car occupant","Driver or rider","Male",68,"A","Dual carriageway",70,NA,"Not a Pedestrian","Not a Pedestrian",428446,427378,"E01011540",2,"Not at junction or within 20 metres","Daylight","Fine no high winds","Dry","Car occupant"
"1207","2014131730421",2014-07-03,2014,"Jul",3,"09:45",9,45,"Thursday","Slight",3,"Slight","Car occupant","Passenger","Female",69,"A","Dual carriageway",70,NA,"Not a Pedestrian","Not a Pedestrian",428446,427378,"E01011540",2,"Not at junction or within 20 metres","Daylight","Fine no high winds","Dry","Car occupant"
"1208","2014131730421",2014-07-03,2014,"Jul",3,"09:45",9,45,"Thursday","Slight",3,"Slight","Car occupant","Driver or rider","Female",34,"A","Dual carriageway",70,NA,"Not a Pedestrian","Not a Pedestrian",428446,427378,"E01011540",2,"Not at junction or within 20 metres","Daylight","Fine no high winds","Dry","Car occupant"
"1209","2014131731095",2014-07-03,2014,"Jul",3,"12:00",12,0,"Thursday","Slight",1,"Slight","Car occupant","Driver or rider","Female",36,"A","Dual carriageway",60,"Unclassified","Not a Pedestrian","Not a Pedestrian",421138,434185,"E01011599",2,"Slip road","Daylight","Fine no high winds","Dry","Car occupant"
"1210","2014131730978",2014-07-03,2014,"Jul",3,"15:06",15,6,"Thursday","Serious",1,"Serious","Pedestrian","Pedestrian","Male",3,"Unclassified","Single carriageway",30,NA,"On footway or verge","Unknown or other",432501,435437,"E01011430",2,"Not at junction or within 20 metres","Daylight","Fine no high winds","Dry","Pedestrian"
"1211","2014131731556",2014-07-03,2014,"Jul",3,"19:06",19,6,"Thursday","Slight",1,"Slight","Pedestrian","Pedestrian","Male",11,"Unclassified","Single carriageway",30,NA,"In carriageway, crossing elsewhere","Crossing from driver's offside",432734,436328,"E01011646",1,"Not at junction or within 20 metres","Daylight","Fine no high winds","Dry","Pedestrian"
"1212","2014131731550",2014-07-03,2014,"Jul",3,"19:18",19,18,"Thursday","Slight",3,"Slight","Car occupant","Passenger","Female",15,"A","Single carriageway",40,"Unclassified","Not a Pedestrian","Not a Pedestrian",424017,437717,"E01011462",2,"T or staggered junction","Daylight","Fine no high winds","Dry","Car occupant"
"1213","2014131731550",2014-07-03,2014,"Jul",3,"19:18",19,18,"Thursday","Slight",3,"Slight","Car occupant","Passenger","Male",38,"A","Single carriageway",40,"Unclassified","Not a Pedestrian","Not a Pedestrian",424017,437717,"E01011462",2,"T or staggered junction","Daylight","Fine no high winds","Dry","Car occupant"
"1214","2014131731550",2014-07-03,2014,"Jul",3,"19:18",19,18,"Thursday","Slight",3,"Slight","Car occupant","Passenger","Female",28,"A","Single carriageway",40,"Unclassified","Not a Pedestrian","Not a Pedestrian",424017,437717,"E01011462",2,"T or staggered junction","Daylight","Fine no high winds","Dry","Car occupant"
"1215","2014131731613",2014-07-03,2014,"Jul",3,"19:30",19,30,"Thursday","Serious",1,"Serious","Pedestrian","Pedestrian","Male",71,"A","Single carriageway",30,"Unclassified","In carriageway, crossing elsewhere","Crossing from driver's nearside",421365,440476,"E01011578",1,"T or staggered junction","Daylight","Fine no high winds","Dry","Pedestrian"
"1216","2014131731699",2014-07-03,2014,"Jul",3,"20:15",20,15,"Thursday","Slight",1,"Slight","Pedestrian","Pedestrian","Male",47,"Unclassified","Single carriageway",30,NA,"In carriageway, crossing elsewhere","Crossing from driver's nearside",432258,435097,"E01011432",1,"Not at junction or within 20 metres","Daylight","Fine no high winds","Dry","Pedestrian"
"1217","2014131731786",2014-07-03,2014,"Jul",3,"21:00",21,0,"Thursday","Serious",1,"Serious","Motorcycle 125cc and under rider or passenger","Driver or rider","Male",47,"Unclassified","Single carriageway",40,"Unclassified","Not a Pedestrian","Not a Pedestrian",425436,433021,"E01011730",2,"T or staggered junction","Daylight","Fine no high winds","Dry","Motorcyclist and pillion"
"1218","2014131740262",2014-07-04,2014,"Jul",4,"07:28",7,28,"Friday","Slight",1,"Slight","Cyclist","Driver or rider","Male",29,"B","Roundabout",30,"A","Not a Pedestrian","Not a Pedestrian",424626,433638,"E01011727",2,"Roundabout","Daylight","Fine no high winds","Dry","Cyclist"
"1219","2014131741410",2014-07-04,2014,"Jul",4,"17:45",17,45,"Friday","Slight",1,"Slight","Car occupant","Driver or rider","Female",27,"A","Roundabout",40,"A","Not a Pedestrian","Not a Pedestrian",428268,429613,"E01011518",2,"Roundabout","Daylight","Fine no high winds","Wet or damp","Car occupant"
"1220","2014131741601",2014-07-04,2014,"Jul",4,"19:00",19,0,"Friday","Slight",1,"Slight","Bus or coach occupant (17 or more pass seats)","Passenger","Female",62,"Unclassified","Single carriageway",20,NA,"Not a Pedestrian","Not a Pedestrian",429954,433798,"E01033010",1,"Not at junction or within 20 metres","Daylight","Fine no high winds","Dry","Bus and goods vehicle occupant"
"1221","2014131790422",2014-07-05,2014,"Jul",5,"14:15",14,15,"Saturday","Slight",2,"Slight","Car occupant","Driver or rider","Male",34,"Unclassified","Single carriageway",60,NA,"Not a Pedestrian","Not a Pedestrian",415412,442257,"E01011270",2,"Not at junction or within 20 metres","Daylight","Fine no high winds","Dry","Car occupant"
"1222","2014131790422",2014-07-05,2014,"Jul",5,"14:15",14,15,"Saturday","Slight",2,"Slight","Car occupant","Passenger","Female",31,"Unclassified","Single carriageway",60,NA,"Not a Pedestrian","Not a Pedestrian",415412,442257,"E01011270",2,"Not at junction or within 20 metres","Daylight","Fine no high winds","Dry","Car occupant"
"1223","2014131750411",2014-07-05,2014,"Jul",5,"15:10",15,10,"Saturday","Slight",1,"Slight","Pedestrian","Pedestrian","Male",30,"A","Roundabout",30,"A","In carriageway, not crossing","In carriageway, stationary - not crossing  (standing or playing)",430875,434352,"E01033003",1,"Roundabout","Daylight","Fine no high winds","Dry","Pedestrian"
"1224","2014131760045",2014-07-06,2014,"Jul",6,"00:10",0,10,"Sunday","Slight",1,"Slight","Pedestrian","Pedestrian","Male",21,"Unclassified","Single carriageway",30,NA,"In carriageway, crossing elsewhere","Crossing from driver's offside",428769,435125,"E01011444",1,"Not at junction or within 20 metres","Darkness - lights lit","Fine no high winds","Dry","Pedestrian"
"1225","2014131761997",2014-07-06,2014,"Jul",6,"21:30",21,30,"Sunday","Slight",4,"Slight","Car occupant","Driver or rider","Male",21,"Unclassified","Single carriageway",60,"Unclassified","Not a Pedestrian","Not a Pedestrian",439518,430586,"E01011392",2,"T or staggered junction","Daylight","Fine no high winds","Dry","Car occupant"
"1226","2014131761997",2014-07-06,2014,"Jul",6,"21:30",21,30,"Sunday","Slight",4,"Slight","Car occupant","Passenger","Male",22,"Unclassified","Single carriageway",60,"Unclassified","Not a Pedestrian","Not a Pedestrian",439518,430586,"E01011392",2,"T or staggered junction","Daylight","Fine no high winds","Dry","Car occupant"
"1227","2014131761997",2014-07-06,2014,"Jul",6,"21:30",21,30,"Sunday","Slight",4,"Slight","Car occupant","Passenger","Female",17,"Unclassified","Single carriageway",60,"Unclassified","Not a Pedestrian","Not a Pedestrian",439518,430586,"E01011392",2,"T or staggered junction","Daylight","Fine no high winds","Dry","Car occupant"
"1228","2014131761997",2014-07-06,2014,"Jul",6,"21:30",21,30,"Sunday","Slight",4,"Slight","Car occupant","Passenger","Female",17,"Unclassified","Single carriageway",60,"Unclassified","Not a Pedestrian","Not a Pedestrian",439518,430586,"E01011392",2,"T or staggered junction","Daylight","Fine no high winds","Dry","Car occupant"
"1229","2014131762056",2014-07-06,2014,"Jul",6,"22:00",22,0,"Sunday","Slight",1,"Slight","Car occupant","Passenger","Female",17,"A","Dual carriageway",40,"Unclassified","Not a Pedestrian","Not a Pedestrian",426381,438060,"E01011687",2,"Crossroads","Daylight","Fine no high winds","Dry","Car occupant"
"1230","2014131760286",2014-07-07,2014,"Jul",7,"02:12",2,12,"Monday","Serious",1,"Serious","Pedestrian","Pedestrian","Female",21,"Unclassified","Single carriageway",30,NA,"On footway or verge","Unknown or other",427875,434080,"E01011284",1,"Not at junction or within 20 metres","Darkness - lights lit","Fine no high winds","Dry","Pedestrian"
"1231","2014131770289",2014-07-07,2014,"Jul",7,"07:35",7,35,"Monday","Slight",1,"Slight","Car occupant","Passenger","Female",26,"Motorway","Dual carriageway",70,NA,"Not a Pedestrian","Not a Pedestrian",434707,425873,"E01011636",4,"Not at junction or within 20 metres","Daylight","Fine no high winds","Dry","Car occupant"
"1232","2014131770314",2014-07-07,2014,"Jul",7,"07:50",7,50,"Monday","Slight",1,"Slight","Pedestrian","Pedestrian","Male",20,"A","Dual carriageway",70,"Unclassified","In carriageway, crossing elsewhere","Unknown or other",420998,434358,"E01011599",1,"Mini-roundabout","Daylight","Fine no high winds","Dry","Pedestrian"
"1233","2014131770560",2014-07-07,2014,"Jul",7,"09:10",9,10,"Monday","Slight",1,"Slight","Bus or coach occupant (17 or more pass seats)","Passenger","Female",42,"A","Single carriageway",30,"Unclassified","Not a Pedestrian","Not a Pedestrian",427452,431884,"E01011734",1,"T or staggered junction","Daylight","Fine no high winds","Dry","Bus and goods vehicle occupant"
"1234","2014131770429",2014-07-07,2014,"Jul",7,"09:38",9,38,"Monday","Slight",1,"Slight","Car occupant","Driver or rider","Male",41,"A","Dual carriageway",40,"Unclassified","Not a Pedestrian","Not a Pedestrian",429498,430238,"E01011319",2,"T or staggered junction","Daylight","Fine no high winds","Dry","Car occupant"
"1235","2014131770761",2014-07-07,2014,"Jul",7,"12:50",12,50,"Monday","Slight",1,"Slight","Pedestrian","Pedestrian","Male",71,"B","Single carriageway",30,NA,"Crossing on pedestrian crossing facility","Crossing from driver's nearside",435017,433439,"E01011415",1,"Not at junction or within 20 metres","Daylight","Fine no high winds","Dry","Pedestrian"
"1236","2014131771572",2014-07-07,2014,"Jul",7,"18:35",18,35,"Monday","Slight",1,"Slight","Car occupant","Driver or rider","Female",21,"B","Single carriageway",40,NA,"Not a Pedestrian","Not a Pedestrian",421935,429265,"E01011521",2,"Not at junction or within 20 metres","Daylight","Fine no high winds","Dry","Car occupant"
"1237","2014131780231",2014-07-08,2014,"Jul",8,"08:20",8,20,"Tuesday","Slight",1,"Slight","Car occupant","Driver or rider","Female",37,"Unclassified","Single carriageway",30,"Unclassified","Not a Pedestrian","Not a Pedestrian",432853,434566,"E01011340",1,"T or staggered junction","Daylight","Fine no high winds","Dry","Car occupant"
"1238","20141317B0790",2014-07-08,2014,"Jul",8,"13:35",13,35,"Tuesday","Slight",1,"Slight","Pedestrian","Pedestrian","Male",21,"Unclassified","Single carriageway",30,NA,"In centre of carriageway - not on refuge, island or central reservation","Unknown or other",430097,433830,"E01033010",1,"Not at junction or within 20 metres","Daylight","Fine no high winds","Dry","Pedestrian"
"1239","2014131780864",2014-07-08,2014,"Jul",8,"15:10",15,10,"Tuesday","Slight",1,"Slight","Car occupant","Passenger","Male",57,"A(M)","Dual carriageway",70,NA,"Not a Pedestrian","Not a Pedestrian",443368,438822,"E01011309",4,"Not at junction or within 20 metres","Daylight","Fine no high winds","Dry","Car occupant"
"1240","2014131790227",2014-07-09,2014,"Jul",9,"07:50",7,50,"Wednesday","Slight",1,"Slight","Car occupant","Passenger","Female",58,"A","Single carriageway",40,"Unclassified","Not a Pedestrian","Not a Pedestrian",429607,425742,"E01011538",2,"Crossroads","Daylight","Fine no high winds","Dry","Car occupant"
"1241","2014131790495",2014-07-09,2014,"Jul",9,"11:10",11,10,"Wednesday","Slight",1,"Slight","Pedestrian","Pedestrian","Male",32,"B","Single carriageway",30,"Unclassified","Unknown or other","Unknown or other",431982,435786,"E01011428",2,"T or staggered junction","Daylight","Fine no high winds","Dry","Pedestrian"
"1242","2014131770753",2014-07-09,2014,"Jul",9,"12:45",12,45,"Wednesday","Slight",1,"Slight","Motorcycle 125cc and under rider or passenger","Driver or rider","Male",42,"A","Single carriageway",40,NA,"Not a Pedestrian","Not a Pedestrian",424983,430976,"E01011738",2,"Not at junction or within 20 metres","Daylight","Fine no high winds","Dry","Motorcyclist and pillion"
"1243","20141317A0808",2014-07-09,2014,"Jul",9,"15:15",15,15,"Wednesday","Slight",1,"Slight","Car occupant","Driver or rider","Female",21,"A","Roundabout",40,"Unclassified","Not a Pedestrian","Not a Pedestrian",435991,428238,"E01011635",2,"Roundabout","Daylight","Fine no high winds","Dry","Car occupant"
"1244","2014131791112",2014-07-09,2014,"Jul",9,"16:25",16,25,"Wednesday","Slight",1,"Slight","Motorcycle over 500cc rider or passenger","Driver or rider","Male",50,"Unclassified","Single carriageway",30,NA,"Not a Pedestrian","Not a Pedestrian",420513,441136,"E01011269",2,"Not at junction or within 20 metres","Daylight","Fine no high winds","Dry","Motorcyclist and pillion"
"1245","2014131791172",2014-07-09,2014,"Jul",9,"16:59",16,59,"Wednesday","Slight",1,"Slight","Motorcycle over 500cc rider or passenger","Driver or rider","Male",29,"B","Slip road",30,"A","Not a Pedestrian","Not a Pedestrian",422139,433991,"E01011587",3,"Slip road","Daylight","Fine no high winds","Dry","Motorcyclist and pillion"
"1246","2014131791277",2014-07-09,2014,"Jul",9,"17:40",17,40,"Wednesday","Slight",1,"Slight","Car occupant","Driver or rider","Male",19,"A","Single carriageway",30,"Unclassified","Not a Pedestrian","Not a Pedestrian",431171,440732,"E01011562",2,"Crossroads","Daylight","Fine no high winds","Dry","Car occupant"