"","accident_index","date","year","month","day","time","time_hour","time_minute","day_of_week","accident_severity","number_of_casualties","casualty_severity","casualty_type","casualty_class","sex_of_casualty","age_of_casualty","first_road_class","road_type","speed_limit","second_road_class","pedestrian_location","pedestrian_movement","location_easting_osgr","location_northing_osgr","lsoa_of_accident_location","number_of_vehicles","junction_detail","light_conditions","weather_conditions","road_surface_conditions","cas_type"
"1247","2014131791507",2014-07-09,2014,"Jul",9,"19:25",19,25,"Wednesday","Slight",1,"Slight","Car occupant","Driver or rider","Male",30,"Unclassified","Single carriageway",30,"Unclassified","Not a Pedestrian","Not a Pedestrian",433447,434815,"E01011342",2,"T or staggered junction","Daylight","Fine no high winds","Dry","Car occupant"
"1248","2014131791999",2014-07-09,2014,"Jul",9,"23:30",23,30,"Wednesday","Slight",3,"Slight","Car occupant","Driver or rider","Male",24,"Unclassified","Single carriageway",30,NA,"Not a Pedestrian","Not a Pedestrian",432096,439462,"E01011651",1,"Not at junction or within 20 metres","Darkness - lights lit","Fine no high winds","Dry","Car occupant"
"1249","2014131791999",2014-07-09,2014,"Jul",9,"23:30",23,30,"Wednesday","Slight",3,"Slight","Car occupant","Passenger","Female",18,"Unclassified","Single carriageway",30,NA,"Not a Pedestrian","Not a Pedestrian",432096,439462,"E01011651",1,"Not at junction or within 20 metres","Darkness - lights lit","Fine no high winds","Dry","Car occupant"
"1250","2014131791999",2014-07-09,2014,"Jul",9,"23:30",23,30,"Wednesday","Slight",3,"Slight","Car occupant","Passenger","Female",17,"Unclassified","Single carriageway",30,NA,"Not a Pedestrian","Not a Pedestrian",432096,439462,"E01011651",1,"Not at junction or within 20 metres","Darkness - lights lit","Fine no high winds","Dry","Car occupant"
"1251","2014131792011",2014-07-09,2014,"Jul",9,"23:40",23,40,"Wednesday","Slight",2,"Slight","Car occupant","Driver or rider","Male",31,"Unclassified","Single carriageway",30,"Unclassified","Not a Pedestrian","Not a Pedestrian",434190,433616,"E01011622",1,"T or staggered junction","Darkness - lights lit","Fine no high winds","Dry","Car occupant"
"1252","2014131792011",2014-07-09,2014,"Jul",9,"23:40",23,40,"Wednesday","Slight",2,"Slight","Car occupant","Passenger","Female",30,"Unclassified","Single carriageway",30,"Unclassified","Not a Pedestrian","Not a Pedestrian",434190,433616,"E01011622",1,"T or staggered junction","Darkness - lights lit","Fine no high winds","Dry","Car occupant"
"1253","2014131792009",2014-07-09,2014,"Jul",9,"23:45",23,45,"Wednesday","Slight",1,"Slight","Car occupant","Driver or rider","Male",26,"A","Single carriageway",40,NA,"Not a Pedestrian","Not a Pedestrian",427980,431961,"E01011362",1,"Not at junction or within 20 metres","Darkness - no lighting","Fine no high winds","Dry","Car occupant"
"1254","20141317A0970",2014-07-10,2014,"Jul",10,"15:15",15,15,"Thursday","Serious",1,"Serious","Motorcycle over 500cc rider or passenger","Driver or rider","Male",55,"A","Single carriageway",50,"Unclassified","Not a Pedestrian","Not a Pedestrian",423325,443467,"E01032503",2,"Crossroads","Daylight","Fine no high winds","Dry","Motorcyclist and pillion"
"1255","20141317A0992",2014-07-10,2014,"Jul",10,"15:32",15,32,"Thursday","Slight",1,"Slight","Motorcycle 125cc and under rider or passenger","Driver or rider","Female",28,"A","One way street",30,NA,"Not a Pedestrian","Not a Pedestrian",429990,432674,"E01033016",1,"Not at junction or within 20 metres","Daylight","Fine no high winds","Dry","Motorcyclist and pillion"
"1256","20141317B1230",2014-07-11,2014,"Jul",11,"17:24",17,24,"Friday","Slight",1,"Slight","Car occupant","Driver or rider","Female",47,"A(M)","Dual carriageway",70,NA,"Not a Pedestrian","Not a Pedestrian",443221,439684,"E01011309",2,"Not at junction or within 20 metres","Daylight","Fine no high winds","Dry","Car occupant"
"1257","20141317B1249",2014-07-11,2014,"Jul",11,"17:31",17,31,"Friday","Serious",2,"Serious","Car occupant","Passenger","Female",25,"A","Dual carriageway",40,"A","Not a Pedestrian","Not a Pedestrian",427489,431323,"E01011318",2,"Crossroads","Daylight","Fine no high winds","Dry","Car occupant"
"1258","20141317B1249",2014-07-11,2014,"Jul",11,"17:31",17,31,"Friday","Serious",2,"Slight","Car occupant","Passenger","Female",19,"A","Dual carriageway",40,"A","Not a Pedestrian","Not a Pedestrian",427489,431323,"E01011318",2,"Crossroads","Daylight","Fine no high winds","Dry","Car occupant"
"1259","20141317B1520",2014-07-11,2014,"Jul",11,"19:30",19,30,"Friday","Slight",1,"Slight","Car occupant","Driver or rider","Female",31,"Unclassified","Single carriageway",30,NA,"Not a Pedestrian","Not a Pedestrian",434908,436833,"E01011658",3,"Not at junction or within 20 metres","Daylight","Fine no high winds","Dry","Car occupant"
"1260","20141317B1651",2014-07-11,2014,"Jul",11,"20:33",20,33,"Friday","Serious",1,"Serious","Pedestrian","Pedestrian","Male",19,"Unclassified","Single carriageway",30,NA,"In carriageway, crossing elsewhere","Crossing from driver's nearside",427607,433942,"E01011284",1,"Not at junction or within 20 metres","Daylight","Fine no high winds","Dry","Pedestrian"
"1261","20141317C0849",2014-07-12,2014,"Jul",12,"10:50",10,50,"Saturday","Slight",1,"Slight","Bus or coach occupant (17 or more pass seats)","Passenger","Female",41,"A","Single carriageway",30,"Unclassified","Not a Pedestrian","Not a Pedestrian",430004,430947,"E01011312",1,"T or staggered junction","Daylight","Fine no high winds","Dry","Bus and goods vehicle occupant"
"1262","20141317D0720",2014-07-12,2014,"Jul",12,"12:30",12,30,"Saturday","Slight",1,"Slight","Car occupant","Driver or rider","Male",24,"A","Dual carriageway",30,"A","Not a Pedestrian","Not a Pedestrian",430640,432631,"E01033018",2,"T or staggered junction","Daylight","Fine no high winds","Dry","Car occupant"
"1263","20141317C1824",2014-07-12,2014,"Jul",12,"15:30",15,30,"Saturday","Slight",1,"Slight","Pedestrian","Pedestrian","Female",54,"Unclassified","One way street",30,NA,"In carriageway, not crossing","Unknown or other",419172,441737,"E01011265",1,"Not at junction or within 20 metres","Daylight","Fine no high winds","Dry","Pedestrian"
"1264","20141317C1235",2014-07-12,2014,"Jul",12,"16:05",16,5,"Saturday","Slight",2,"Slight","Car occupant","Driver or rider","Male",50,"Unclassified","Single carriageway",30,NA,"Not a Pedestrian","Not a Pedestrian",435261,439661,"E01011311",2,"Not at junction or within 20 metres","Daylight","Fine no high winds","Dry","Car occupant"
"1265","20141317C1235",2014-07-12,2014,"Jul",12,"16:05",16,5,"Saturday","Slight",2,"Slight","Car occupant","Driver or rider","Male",44,"Unclassified","Single carriageway",30,NA,"Not a Pedestrian","Not a Pedestrian",435261,439661,"E01011311",2,"Not at junction or within 20 metres","Daylight","Fine no high winds","Dry","Car occupant"
"1266","20141317C1733",2014-07-12,2014,"Jul",12,"20:10",20,10,"Saturday","Slight",2,"Slight","Motorcycle over 500cc rider or passenger","Driver or rider","Male",19,"A","Dual carriageway",40,NA,"Not a Pedestrian","Not a Pedestrian",426579,431826,"E01011734",2,"Not at junction or within 20 metres","Daylight","Fine no high winds","Dry","Motorcyclist and pillion"
"1267","20141317C1733",2014-07-12,2014,"Jul",12,"20:10",20,10,"Saturday","Slight",2,"Slight","Motorcycle over 500cc rider or passenger","Passenger","Female",19,"A","Dual carriageway",40,NA,"Not a Pedestrian","Not a Pedestrian",426579,431826,"E01011734",2,"Not at junction or within 20 metres","Daylight","Fine no high winds","Dry","Motorcyclist and pillion"
"1268","20141317C2045",2014-07-12,2014,"Jul",12,"22:35",22,35,"Saturday","Slight",1,"Slight","Cyclist","Driver or rider","Male",35,"Unclassified","Single carriageway",30,"Unclassified","Not a Pedestrian","Not a Pedestrian",427996,436017,"E01011440",2,"Other junction","Darkness - lights lit","Raining no high winds","Wet or damp","Cyclist"
"1269","20141317C2155",2014-07-12,2014,"Jul",12,"23:15",23,15,"Saturday","Slight",1,"Slight","Motorcycle 50cc and under rider or passenger","Driver or rider","Male",28,"Unclassified","One way street",30,NA,"Not a Pedestrian","Not a Pedestrian",429939,433389,"E01033010",3,"Not at junction or within 20 metres","Darkness - lights lit","Raining no high winds","Wet or damp","Motorcyclist and pillion"
"1270","20141317D0656",2014-07-13,2014,"Jul",13,"12:20",12,20,"Sunday","Slight",1,"Slight","Van / Goods vehicle (3.5 tonnes mgw or under) occupant","Passenger","Female",32,"Motorway","Dual carriageway",50,NA,"Not a Pedestrian","Not a Pedestrian",430430,431073,"E01011312",2,"Not at junction or within 20 metres","Daylight","Fine no high winds","Dry","Bus and goods vehicle occupant"
"1271","20141317D1041",2014-07-13,2014,"Jul",13,"15:05",15,5,"Sunday","Serious",2,"Serious","Motorcycle over 500cc rider or passenger","Driver or rider","Male",27,"A","Dual carriageway",50,"Unclassified","Not a Pedestrian","Not a Pedestrian",438461,432691,"E01011402",2,"T or staggered junction","Daylight","Fine no high winds","Dry","Motorcyclist and pillion"
"1272","20141317D1041",2014-07-13,2014,"Jul",13,"15:05",15,5,"Sunday","Serious",2,"Slight","Car occupant","Driver or rider","Female",33,"A","Dual carriageway",50,"Unclassified","Not a Pedestrian","Not a Pedestrian",438461,432691,"E01011402",2,"T or staggered junction","Daylight","Fine no high winds","Dry","Car occupant"
"1273","20141317D1483",2014-07-13,2014,"Jul",13,"19:07",19,7,"Sunday","Slight",1,"Slight","Cyclist","Driver or rider","Male",11,"Unclassified","Single carriageway",30,"Unclassified","Not a Pedestrian","Not a Pedestrian",426083,432607,"E01011731",2,"T or staggered junction","Daylight","Fine no high winds","Dry","Cyclist"
"1274","20141317D1790",2014-07-13,2014,"Jul",13,"21:57",21,57,"Sunday","Slight",1,"Slight","Car occupant","Driver or rider","Female",35,"Unclassified","Single carriageway",30,NA,"Not a Pedestrian","Not a Pedestrian",424118,430517,"E01011728",3,"Not at junction or within 20 metres","Darkness - lights lit","Fine no high winds","Dry","Car occupant"
"1275","20141317D1898",2014-07-13,2014,"Jul",13,"23:00",23,0,"Sunday","Slight",1,"Slight","Car occupant","Passenger","Female",44,"Unclassified","Single carriageway",30,"Unclassified","Not a Pedestrian","Not a Pedestrian",427815,435195,"E01011481",2,"T or staggered junction","Daylight","Fine no high winds","Dry","Car occupant"
"1276","20141317E0234",2014-07-14,2014,"Jul",14,"07:05",7,5,"Monday","Slight",1,"Slight","Cyclist","Driver or rider","Male",36,"Unclassified","Single carriageway",30,"Unclassified","Not a Pedestrian","Not a Pedestrian",418999,442122,"E01011265",2,"T or staggered junction","Daylight","Fine no high winds","Dry","Cyclist"
"1277","20141317E0371",2014-07-14,2014,"Jul",14,"08:45",8,45,"Monday","Slight",4,"Slight","Car occupant","Driver or rider","Female",26,"B","Single carriageway",30,"Unclassified","Not a Pedestrian","Not a Pedestrian",418843,441625,"E01011271",3,"T or staggered junction","Daylight","Fine no high winds","Dry","Car occupant"
"1278","20141317E0371",2014-07-14,2014,"Jul",14,"08:45",8,45,"Monday","Slight",4,"Slight","Car occupant","Passenger","Female",8,"B","Single carriageway",30,"Unclassified","Not a Pedestrian","Not a Pedestrian",418843,441625,"E01011271",3,"T or staggered junction","Daylight","Fine no high winds","Dry","Car occupant"
"1279","20141317E0371",2014-07-14,2014,"Jul",14,"08:45",8,45,"Monday","Slight",4,"Slight","Car occupant","Passenger","Female",5,"B","Single carriageway",30,"Unclassified","Not a Pedestrian","Not a Pedestrian",418843,441625,"E01011271",3,"T or staggered junction","Daylight","Fine no high winds","Dry","Car occupant"
"1280","20141317E0371",2014-07-14,2014,"Jul",14,"08:45",8,45,"Monday","Slight",4,"Slight","Car occupant","Passenger","Female",3,"B","Single carriageway",30,"Unclassified","Not a Pedestrian","Not a Pedestrian",418843,441625,"E01011271",3,"T or staggered junction","Daylight","Fine no high winds","Dry","Car occupant"
"1281","20141317E0742",2014-07-14,2014,"Jul",14,"12:49",12,49,"Monday","Slight",1,"Slight","Car occupant","Passenger","Female",8,"Unclassified","Roundabout",30,"Unclassified","Not a Pedestrian","Not a Pedestrian",430878,434323,"E01033003",2,"Roundabout","Daylight","Fine no high winds","Dry","Car occupant"
"1282","20141317G0365",2014-07-16,2014,"Jul",16,"09:38",9,38,"Wednesday","Slight",2,"Slight","Car occupant","Driver or rider","Male",44,"A","Dual carriageway",40,NA,"Not a Pedestrian","Not a Pedestrian",435246,434855,"E01011666",2,"Not at junction or within 20 metres","Daylight","Fine no high winds","Dry","Car occupant"
"1283","20141317G0365",2014-07-16,2014,"Jul",16,"09:38",9,38,"Wednesday","Slight",2,"Slight","Taxi/Private hire car occupant","Passenger","Male",22,"A","Dual carriageway",40,NA,"Not a Pedestrian","Not a Pedestrian",435246,434855,"E01011666",2,"Not at junction or within 20 metres","Daylight","Fine no high winds","Dry","Car occupant"
"1284","20141317G0629",2014-07-16,2014,"Jul",16,"12:25",12,25,"Wednesday","Slight",1,"Slight","Motorcycle over 500cc rider or passenger","Driver or rider","Male",57,"A","Roundabout",40,"A","Not a Pedestrian","Not a Pedestrian",436076,435551,"E01011665",2,"Roundabout","Daylight","Fine no high winds","Dry","Motorcyclist and pillion"
"1285","20141317G1561",2014-07-16,2014,"Jul",16,"20:30",20,30,"Wednesday","Slight",1,"Slight","Car occupant","Driver or rider","Male",39,"Unclassified","Single carriageway",30,NA,"Not a Pedestrian","Not a Pedestrian",432678,437964,"E01011655",2,"Not at junction or within 20 metres","Daylight","Fine no high winds","Dry","Car occupant"
"1286","20141317G1800",2014-07-16,2014,"Jul",16,"22:33",22,33,"Wednesday","Slight",1,"Slight","Pedestrian","Pedestrian","Male",19,"Unclassified","Single carriageway",30,NA,"In carriageway, crossing elsewhere","Crossing from nearside - masked by parked or stationary vehicle",428522,434296,"E01011681",1,"Not at junction or within 20 metres","Darkness - lights lit","Fine no high winds","Dry","Pedestrian"
"1287","20141317H0028",2014-07-17,2014,"Jul",17,"00:19",0,19,"Thursday","Slight",2,"Slight","Car occupant","Passenger","Female",60,"Unclassified","Single carriageway",30,"Unclassified","Not a Pedestrian","Not a Pedestrian",424834,443280,"E01032503",2,"Crossroads","Darkness - lights lit","Fine no high winds","Dry","Car occupant"
"1288","20141317H0028",2014-07-17,2014,"Jul",17,"00:19",0,19,"Thursday","Slight",2,"Slight","Car occupant","Driver or rider","Female",37,"Unclassified","Single carriageway",30,"Unclassified","Not a Pedestrian","Not a Pedestrian",424834,443280,"E01032503",2,"Crossroads","Darkness - lights lit","Fine no high winds","Dry","Car occupant"
"1289","20141317H0738",2014-07-17,2014,"Jul",17,"08:30",8,30,"Thursday","Slight",1,"Slight","Cyclist","Driver or rider","Male",43,"Unclassified","Single carriageway",30,"Unclassified","Not a Pedestrian","Not a Pedestrian",429913,437438,"E01011507",2,"Crossroads","Daylight","Fine no high winds","Dry","Cyclist"
"1290","20141317H0390",2014-07-17,2014,"Jul",17,"09:40",9,40,"Thursday","Slight",2,"Slight","Car occupant","Driver or rider","Male",58,"Unclassified","Single carriageway",30,"Unclassified","Not a Pedestrian","Not a Pedestrian",426753,427786,"E01032492",2,"Crossroads","Daylight","Fine no high winds","Dry","Car occupant"
"1291","20141317H0390",2014-07-17,2014,"Jul",17,"09:40",9,40,"Thursday","Slight",2,"Slight","Car occupant","Driver or rider","Female",54,"Unclassified","Single carriageway",30,"Unclassified","Not a Pedestrian","Not a Pedestrian",426753,427786,"E01032492",2,"Crossroads","Daylight","Fine no high winds","Dry","Car occupant"
"1292","20141317H0524",2014-07-17,2014,"Jul",17,"11:12",11,12,"Thursday","Serious",1,"Serious","Mobility scooter rider","Driver or rider","Male",81,"Unclassified","Single carriageway",30,"Unclassified","Not a Pedestrian","Not a Pedestrian",429021,432303,"E01033013",2,"T or staggered junction","Daylight","Fine no high winds","Dry","Others"
"1293","20141317H1663",2014-07-17,2014,"Jul",17,"20:45",20,45,"Thursday","Serious",1,"Serious","Motorcycle 125cc and under rider or passenger","Driver or rider","Male",50,"A","Dual carriageway",70,NA,"Not a Pedestrian","Not a Pedestrian",427258,438424,"E01011684",1,"Not at junction or within 20 metres","Daylight","Fine no high winds","Dry","Motorcyclist and pillion"
"1294","20141317I0431",2014-07-18,2014,"Jul",18,"08:55",8,55,"Friday","Slight",1,"Slight","Taxi/Private hire car occupant","Passenger","Female",14,"A","Dual carriageway",40,NA,"Not a Pedestrian","Not a Pedestrian",430223,436146,"E01011358",3,"Not at junction or within 20 metres","Daylight","Fine no high winds","Dry","Car occupant"
"1295","20141317I0783",2014-07-18,2014,"Jul",18,"12:21",12,21,"Friday","Slight",1,"Slight","Cyclist","Driver or rider","Male",59,"Unclassified","Single carriageway",30,"Unclassified","Not a Pedestrian","Not a Pedestrian",432624,436863,"E01011645",2,"T or staggered junction","Daylight","Fine no high winds","Wet or damp","Cyclist"
"1296","20141317I1213",2014-07-18,2014,"Jul",18,"15:49",15,49,"Friday","Slight",1,"Slight","Pedestrian","Pedestrian","Male",5,"Unclassified","Single carriageway",30,NA,"Unknown or other","Crossing from driver's nearside",419948,440834,"E01011275",1,"Not at junction or within 20 metres","Daylight","Fine no high winds","Dry","Pedestrian"
"1297","20141317I1320",2014-07-18,2014,"Jul",18,"16:32",16,32,"Friday","Slight",1,"Slight","Pedestrian","Pedestrian","Female",33,"A","Dual carriageway",40,NA,"In carriageway, crossing elsewhere","Crossing from nearside - masked by parked or stationary vehicle",435820,436600,"E01011720",1,"Not at junction or within 20 metres","Daylight","Fine no high winds","Dry","Pedestrian"
"1298","20141317I1474",2014-07-18,2014,"Jul",18,"16:45",16,45,"Friday","Slight",1,"Slight","Car occupant","Driver or rider","Male",49,"A","Single carriageway",60,NA,"Not a Pedestrian","Not a Pedestrian",443206,431647,"E01011299",2,"Not at junction or within 20 metres","Daylight","Fine no high winds","Dry","Car occupant"
"1299","20141317I1703",2014-07-18,2014,"Jul",18,"19:25",19,25,"Friday","Slight",1,"Slight","Car occupant","Passenger","Female",5,"Unclassified","Single carriageway",30,NA,"Not a Pedestrian","Not a Pedestrian",430844,433470,"E01033011",2,"Not at junction or within 20 metres","Daylight","Fine no high winds","Dry","Car occupant"
"1300","2014131841236",2014-07-18,2014,"Jul",18,"20:00",20,0,"Friday","Slight",1,"Slight","Car occupant","Driver or rider","Female",36,"A","Dual carriageway",40,"B","Not a Pedestrian","Not a Pedestrian",433823,434050,"E01011617",3,"Other junction","Daylight","Fine no high winds","Dry","Car occupant"
"1301","20141317I1985",2014-07-18,2014,"Jul",18,"21:26",21,26,"Friday","Serious",1,"Serious","Motorcycle over 500cc rider or passenger","Driver or rider","Male",44,"A","Dual carriageway",40,"A","Not a Pedestrian","Not a Pedestrian",434196,431721,"E01011624",1,"Roundabout","Darkness - lights lit","Fine no high winds","Dry","Motorcyclist and pillion"
"1302","20141317J0601",2014-07-19,2014,"Jul",19,"09:45",9,45,"Saturday","Slight",1,"Slight","Motorcycle 125cc and under rider or passenger","Driver or rider","Male",17,"Unclassified","Single carriageway",30,NA,"Not a Pedestrian","Not a Pedestrian",432119,432870,"E01011625",1,"Not at junction or within 20 metres","Daylight","Raining no high winds","Wet or damp","Motorcyclist and pillion"
"1303","20141317J0711",2014-07-19,2014,"Jul",19,"10:50",10,50,"Saturday","Slight",3,"Slight","Car occupant","Driver or rider","Female",20,"A","Single carriageway",30,"Unclassified","Not a Pedestrian","Not a Pedestrian",440582,432102,"E01011405",3,"T or staggered junction","Daylight","Raining no high winds","Wet or damp","Car occupant"
"1304","20141317J0711",2014-07-19,2014,"Jul",19,"10:50",10,50,"Saturday","Slight",3,"Slight","Car occupant","Driver or rider","Male",27,"A","Single carriageway",30,"Unclassified","Not a Pedestrian","Not a Pedestrian",440582,432102,"E01011405",3,"T or staggered junction","Daylight","Raining no high winds","Wet or damp","Car occupant"
"1305","20141317J0711",2014-07-19,2014,"Jul",19,"10:50",10,50,"Saturday","Slight",3,"Slight","Car occupant","Driver or rider","Female",35,"A","Single carriageway",30,"Unclassified","Not a Pedestrian","Not a Pedestrian",440582,432102,"E01011405",3,"T or staggered junction","Daylight","Raining no high winds","Wet or damp","Car occupant"
"1306","20141317O1155",2014-07-19,2014,"Jul",19,"16:25",16,25,"Saturday","Slight",1,"Slight","Bus or coach occupant (17 or more pass seats)","Passenger","Male",22,"Unclassified","Single carriageway",30,"Unclassified","Not a Pedestrian","Not a Pedestrian",430957,435789,"E01011360",1,"T or staggered junction","Daylight","Fine no high winds","Dry","Bus and goods vehicle occupant"
"1307","20141317J1264",2014-07-19,2014,"Jul",19,"16:45",16,45,"Saturday","Slight",3,"Slight","Car occupant","Driver or rider","Female",42,"Unclassified","Single carriageway",30,"Unclassified","Not a Pedestrian","Not a Pedestrian",430935,436032,"E01011356",2,"T or staggered junction","Daylight","Fine no high winds","Wet or damp","Car occupant"
"1308","20141317J1264",2014-07-19,2014,"Jul",19,"16:45",16,45,"Saturday","Slight",3,"Slight","Car occupant","Passenger","Female",62,"Unclassified","Single carriageway",30,"Unclassified","Not a Pedestrian","Not a Pedestrian",430935,436032,"E01011356",2,"T or staggered junction","Daylight","Fine no high winds","Wet or damp","Car occupant"
"1309","20141317J1264",2014-07-19,2014,"Jul",19,"16:45",16,45,"Saturday","Slight",3,"Slight","Car occupant","Passenger","Female",37,"Unclassified","Single carriageway",30,"Unclassified","Not a Pedestrian","Not a Pedestrian",430935,436032,"E01011356",2,"T or staggered junction","Daylight","Fine no high winds","Wet or damp","Car occupant"
"1310","20141317J1841",2014-07-19,2014,"Jul",19,"22:10",22,10,"Saturday","Slight",1,"Slight","Cyclist","Driver or rider","Male",28,"A","Single carriageway",30,"Unclassified","Not a Pedestrian","Not a Pedestrian",431508,435127,"E01011673",2,"Other junction","Darkness - lights lit","Fine no high winds","Wet or damp","Cyclist"
"1311","20141317L0495",2014-07-20,2014,"Jul",20,"02:30",2,30,"Sunday","Slight",1,"Slight","Taxi/Private hire car occupant","Driver or rider","Male",32,"Unclassified","One way street",30,"Unclassified","Not a Pedestrian","Not a Pedestrian",430306,433854,"E01033010",2,"Crossroads","Darkness - lights lit","Fine no high winds","Dry","Car occupant"
"1312","20141317L0672",2014-07-21,2014,"Jul",21,"09:45",9,45,"Monday","Slight",3,"Slight","Car occupant","Driver or rider","Male",65,"A","Roundabout",30,"A","Not a Pedestrian","Not a Pedestrian",424236,428248,"E01011523",2,"Roundabout","Daylight","Fine no high winds","Dry","Car occupant"
"1313","20141317L0672",2014-07-21,2014,"Jul",21,"09:45",9,45,"Monday","Slight",3,"Slight","Car occupant","Passenger","Male",7,"A","Roundabout",30,"A","Not a Pedestrian","Not a Pedestrian",424236,428248,"E01011523",2,"Roundabout","Daylight","Fine no high winds","Dry","Car occupant"
"1314","20141317L0672",2014-07-21,2014,"Jul",21,"09:45",9,45,"Monday","Slight",3,"Slight","Car occupant","Passenger","Male",6,"A","Roundabout",30,"A","Not a Pedestrian","Not a Pedestrian",424236,428248,"E01011523",2,"Roundabout","Daylight","Fine no high winds","Dry","Car occupant"
"1315","20141317L0500",2014-07-21,2014,"Jul",21,"09:56",9,56,"Monday","Slight",3,"Slight","Car occupant","Driver or rider","Female",25,"A","Dual carriageway",40,"A","Not a Pedestrian","Not a Pedestrian",424210,428251,"E01011523",2,"Roundabout","Daylight","Fine no high winds","Dry","Car occupant"
"1316","20141317L0500",2014-07-21,2014,"Jul",21,"09:56",9,56,"Monday","Slight",3,"Slight","Car occupant","Driver or rider","Female",53,"A","Dual carriageway",40,"A","Not a Pedestrian","Not a Pedestrian",424210,428251,"E01011523",2,"Roundabout","Daylight","Fine no high winds","Dry","Car occupant"
"1317","20141317L0500",2014-07-21,2014,"Jul",21,"09:56",9,56,"Monday","Slight",3,"Slight","Car occupant","Passenger","Female",23,"A","Dual carriageway",40,"A","Not a Pedestrian","Not a Pedestrian",424210,428251,"E01011523",2,"Roundabout","Daylight","Fine no high winds","Dry","Car occupant"
"1318","20141317L0523",2014-07-21,2014,"Jul",21,"10:10",10,10,"Monday","Slight",1,"Slight","Pedestrian","Pedestrian","Male",71,"C","Single carriageway",30,"Unclassified","Crossing elsewhere within 50m. of pedestrian crossing","Crossing from driver's nearside",422357,433393,"E01011612",1,"T or staggered junction","Daylight","Fine no high winds","Dry","Pedestrian"
"1319","20141317L1112",2014-07-21,2014,"Jul",21,"15:22",15,22,"Monday","Slight",1,"Slight","Car occupant","Driver or rider","Male",62,"Unclassified","Single carriageway",30,"Unclassified","Not a Pedestrian","Not a Pedestrian",429146,431769,"E01011523",2,"T or staggered junction","Daylight","Fine no high winds","Dry","Car occupant"
"1320","20141317L1283",2014-07-21,2014,"Jul",21,"16:10",16,10,"Monday","Slight",1,"Slight","Car occupant","Driver or rider","Male",35,"Unclassified","Single carriageway",30,NA,"Not a Pedestrian","Not a Pedestrian",427033,433106,"E01011292",2,"Not at junction or within 20 metres","Daylight","Fine no high winds","Dry","Car occupant"
"1321","20141317L1396",2014-07-21,2014,"Jul",21,"17:26",17,26,"Monday","Slight",1,"Slight","Pedestrian","Pedestrian","Male",10,"Unclassified","Single carriageway",30,NA,"Crossing elsewhere within 50m. of pedestrian crossing","Crossing from driver's offside",428836,440130,"E01011554",1,"Not at junction or within 20 metres","Daylight","Fine no high winds","Dry","Pedestrian"
"1322","20141317L1758",2014-07-21,2014,"Jul",21,"20:10",20,10,"Monday","Serious",4,"Slight","Car occupant","Driver or rider","Male",28,"Unclassified","Single carriageway",40,"Unclassified","Not a Pedestrian","Not a Pedestrian",432325,440329,"E01011562",2,"T or staggered junction","Daylight","Fine no high winds","Dry","Car occupant"
"1323","20141317L1758",2014-07-21,2014,"Jul",21,"20:10",20,10,"Monday","Serious",4,"Slight","Car occupant","Driver or rider","Female",71,"Unclassified","Single carriageway",40,"Unclassified","Not a Pedestrian","Not a Pedestrian",432325,440329,"E01011562",2,"T or staggered junction","Daylight","Fine no high winds","Dry","Car occupant"
"1324","20141317L1758",2014-07-21,2014,"Jul",21,"20:10",20,10,"Monday","Serious",4,"Serious","Car occupant","Passenger","Female",77,"Unclassified","Single carriageway",40,"Unclassified","Not a Pedestrian","Not a Pedestrian",432325,440329,"E01011562",2,"T or staggered junction","Daylight","Fine no high winds","Dry","Car occupant"
"1325","20141317L1758",2014-07-21,2014,"Jul",21,"20:10",20,10,"Monday","Serious",4,"Slight","Car occupant","Passenger","Female",76,"Unclassified","Single carriageway",40,"Unclassified","Not a Pedestrian","Not a Pedestrian",432325,440329,"E01011562",2,"T or staggered junction","Daylight","Fine no high winds","Dry","Car occupant"
"1326","20141317M0316",2014-07-22,2014,"Jul",22,"08:23",8,23,"Tuesday","Slight",2,"Slight","Car occupant","Driver or rider","Female",57,"Unclassified","Single carriageway",30,"Unclassified","Not a Pedestrian","Not a Pedestrian",435268,439754,"E01011649",2,"Crossroads","Daylight","Fine no high winds","Dry","Car occupant"
"1327","20141317M0316",2014-07-22,2014,"Jul",22,"08:23",8,23,"Tuesday","Slight",2,"Slight","Car occupant","Driver or rider","Female",29,"Unclassified","Single carriageway",30,"Unclassified","Not a Pedestrian","Not a Pedestrian",435268,439754,"E01011649",2,"Crossroads","Daylight","Fine no high winds","Dry","Car occupant"
"1328","20141317M0970",2014-07-22,2014,"Jul",22,"12:55",12,55,"Tuesday","Slight",1,"Slight","Bus or coach occupant (17 or more pass seats)","Passenger","Female",85,"B","Single carriageway",30,NA,"Not a Pedestrian","Not a Pedestrian",424849,429106,"E01011522",1,"Not at junction or within 20 metres","Daylight","Fine no high winds","Dry","Bus and goods vehicle occupant"
"1329","20141317M1200",2014-07-22,2014,"Jul",22,"16:35",16,35,"Tuesday","Slight",1,"Slight","Cyclist","Driver or rider","Male",23,"Unclassified","Single carriageway",30,"B","Not a Pedestrian","Not a Pedestrian",426513,435652,"E01011477",2,"Crossroads","Daylight","Fine no high winds","Dry","Cyclist"