"","accident_index","date","year","month","day","time","time_hour","time_minute","day_of_week","accident_severity","number_of_casualties","casualty_severity","casualty_type","casualty_class","sex_of_casualty","age_of_casualty","first_road_class","road_type","speed_limit","second_road_class","pedestrian_location","pedestrian_movement","location_easting_osgr","location_northing_osgr","lsoa_of_accident_location","number_of_vehicles","junction_detail","light_conditions","weather_conditions","road_surface_conditions","cas_type"
"1413","2014131830367",2014-08-03,2014,"Aug",3,"06:43",6,43,"Sunday","Slight",1,"Slight","Cyclist","Driver or rider","Male",20,"A","Single carriageway",40,NA,"Not a Pedestrian","Not a Pedestrian",426114,438117,"E01011687",2,"Not at junction or within 20 metres","Daylight","Fine no high winds","Dry","Cyclist"
"1414","2014131830932",2014-08-03,2014,"Aug",3,"15:20",15,20,"Sunday","Slight",1,"Slight","Pedestrian","Pedestrian","Male",2,"Unclassified","Single carriageway",30,NA,"In carriageway, crossing elsewhere","Crossing from driver's nearside",433741,433739,"E01011622",1,"Not at junction or within 20 metres","Daylight","Fine no high winds","Dry","Pedestrian"
"1415","2014131840302",2014-08-04,2014,"Aug",4,"08:50",8,50,"Monday","Slight",1,"Slight","Cyclist","Driver or rider","Female",32,"A","Single carriageway",30,"Unclassified","Not a Pedestrian","Not a Pedestrian",428718,435612,"E01032946",2,"T or staggered junction","Daylight","Fine no high winds","Dry","Cyclist"
"1416","2014131840584",2014-08-04,2014,"Aug",4,"12:14",12,14,"Monday","Slight",1,"Slight","Pedestrian","Pedestrian","Male",48,"B","Single carriageway",30,NA,"In carriageway, crossing elsewhere","Crossing from driver's nearside",427065,433097,"E01011292",1,"Not at junction or within 20 metres","Daylight","Fine no high winds","Dry","Pedestrian"
"1417","2014131840434",2014-08-04,2014,"Aug",4,"14:45",14,45,"Monday","Slight",1,"Slight","Car occupant","Driver or rider","Male",20,"B","Single carriageway",30,NA,"Not a Pedestrian","Not a Pedestrian",428390,427784,"E01011540",2,"Not at junction or within 20 metres","Daylight","Fine no high winds","Dry","Car occupant"
"1418","2014131840955",2014-08-04,2014,"Aug",4,"15:45",15,45,"Monday","Slight",1,"Slight","Motorcycle 125cc and under rider or passenger","Driver or rider","Male",57,"Unclassified","Single carriageway",30,NA,"Not a Pedestrian","Not a Pedestrian",435387,440297,"E01011649",2,"Not at junction or within 20 metres","Daylight","Fine no high winds","Dry","Motorcyclist and pillion"
"1419","2014131841276",2014-08-04,2014,"Aug",4,"18:38",18,38,"Monday","Slight",1,"Slight","Car occupant","Driver or rider","Female",49,"A","Dual carriageway",40,"Unclassified","Not a Pedestrian","Not a Pedestrian",430705,434997,"E01011671",2,"T or staggered junction","Daylight","Fine no high winds","Dry","Car occupant"
"1420","2014131850701",2014-08-05,2014,"Aug",5,"13:33",13,33,"Tuesday","Slight",1,"Slight","Motorcycle over 500cc rider or passenger","Driver or rider","Male",30,"A","Single carriageway",40,"Unclassified","Not a Pedestrian","Not a Pedestrian",428081,433548,"E01011363",2,"T or staggered junction","Daylight","Fine no high winds","Dry","Motorcyclist and pillion"
"1421","2014131851416",2014-08-05,2014,"Aug",5,"19:28",19,28,"Tuesday","Slight",1,"Slight","Bus or coach occupant (17 or more pass seats)","Passenger","Male",29,"Unclassified","Single carriageway",30,NA,"Not a Pedestrian","Not a Pedestrian",430081,433864,"E01033010",2,"Not at junction or within 20 metres","Daylight","Fine no high winds","Dry","Bus and goods vehicle occupant"
"1422","2014131860189",2014-08-06,2014,"Aug",6,"04:45",4,45,"Wednesday","Slight",1,"Slight","Van / Goods vehicle (3.5 tonnes mgw or under) occupant","Driver or rider","Male",30,"A","Single carriageway",30,NA,"Not a Pedestrian","Not a Pedestrian",429946,434287,"E01033010",1,"Not at junction or within 20 metres","Daylight","Fine no high winds","Wet or damp","Bus and goods vehicle occupant"
"1423","2014131860230",2014-08-06,2014,"Aug",6,"07:25",7,25,"Wednesday","Slight",2,"Slight","Car occupant","Driver or rider","Male",24,"Unclassified","Dual carriageway",30,"A","Not a Pedestrian","Not a Pedestrian",430735,435035,"E01011671",3,"T or staggered junction","Daylight","Fine no high winds","Wet or damp","Car occupant"
"1424","2014131860230",2014-08-06,2014,"Aug",6,"07:25",7,25,"Wednesday","Slight",2,"Slight","Car occupant","Driver or rider","Female",33,"Unclassified","Dual carriageway",30,"A","Not a Pedestrian","Not a Pedestrian",430735,435035,"E01011671",3,"T or staggered junction","Daylight","Fine no high winds","Wet or damp","Car occupant"
"1425","2014131860748",2014-08-06,2014,"Aug",6,"13:20",13,20,"Wednesday","Slight",2,"Slight","Car occupant","Driver or rider","Female",86,"Unclassified","Single carriageway",30,"Unclassified","Not a Pedestrian","Not a Pedestrian",425542,439985,"E01011378",2,"T or staggered junction","Daylight","Fine no high winds","Dry","Car occupant"
"1426","2014131860748",2014-08-06,2014,"Aug",6,"13:20",13,20,"Wednesday","Slight",2,"Slight","Car occupant","Driver or rider","Male",52,"Unclassified","Single carriageway",30,"Unclassified","Not a Pedestrian","Not a Pedestrian",425542,439985,"E01011378",2,"T or staggered junction","Daylight","Fine no high winds","Dry","Car occupant"
"1427","20141318A0775",2014-08-06,2014,"Aug",6,"14:30",14,30,"Wednesday","Slight",1,"Slight","Cyclist","Driver or rider","Male",20,"Unclassified","Single carriageway",30,NA,"Not a Pedestrian","Not a Pedestrian",431563,434362,"E01033035",2,"Not at junction or within 20 metres","Daylight","Fine no high winds","Dry","Cyclist"
"1428","2014131860992",2014-08-06,2014,"Aug",6,"15:43",15,43,"Wednesday","Slight",1,"Slight","Goods vehicle (7.5 tonnes mgw and over) occupant","Driver or rider","Male",26,"A","Single carriageway",40,NA,"Not a Pedestrian","Not a Pedestrian",435356,445139,"E01011708",2,"Not at junction or within 20 metres","Daylight","Fine no high winds","Dry","Bus and goods vehicle occupant"
"1429","2014131861193",2014-08-06,2014,"Aug",6,"17:05",17,5,"Wednesday","Slight",1,"Slight","Pedestrian","Pedestrian","Male",22,"Unclassified","Single carriageway",30,NA,"On footway or verge","Unknown or other",432276,434579,"E01011344",1,"Not at junction or within 20 metres","Daylight","Fine no high winds","Dry","Pedestrian"
"1430","2014131861285",2014-08-06,2014,"Aug",6,"18:00",18,0,"Wednesday","Serious",1,"Serious","Motorcycle 125cc and under rider or passenger","Driver or rider","Male",41,"Unclassified","Single carriageway",30,"Unclassified","Not a Pedestrian","Not a Pedestrian",430153,430986,"E01011312",2,"T or staggered junction","Daylight","Fine no high winds","Dry","Motorcyclist and pillion"
"1431","2014131861406",2014-08-06,2014,"Aug",6,"19:00",19,0,"Wednesday","Slight",1,"Slight","Cyclist","Driver or rider","Male",39,"A","Roundabout",40,"B","Not a Pedestrian","Not a Pedestrian",420916,434427,"E01011595",2,"Roundabout","Daylight","Fine no high winds","Dry","Cyclist"
"1432","2014131870432",2014-08-07,2014,"Aug",7,"09:45",9,45,"Thursday","Slight",1,"Slight","Cyclist","Driver or rider","Male",13,"Unclassified","Single carriageway",30,NA,"Not a Pedestrian","Not a Pedestrian",431476,425807,"E01011499",2,"Not at junction or within 20 metres","Daylight","Fine no high winds","Dry","Cyclist"
"1433","2014131870989",2014-08-07,2014,"Aug",7,"14:59",14,59,"Thursday","Serious",1,"Serious","Car occupant","Driver or rider","Female",22,"Unclassified","Single carriageway",30,"Unclassified","Not a Pedestrian","Not a Pedestrian",432458,438761,"E01011653",2,"T or staggered junction","Daylight","Fine no high winds","Dry","Car occupant"
"1434","2014131871347",2014-08-07,2014,"Aug",7,"16:15",16,15,"Thursday","Slight",1,"Slight","Bus or coach occupant (17 or more pass seats)","Passenger","Male",53,"B","Single carriageway",30,NA,"Not a Pedestrian","Not a Pedestrian",434483,433708,"E01011341",1,"Not at junction or within 20 metres","Daylight","Fine no high winds","Dry","Bus and goods vehicle occupant"
"1435","2014131870357",2014-08-08,2014,"Aug",8,"08:42",8,42,"Friday","Slight",2,"Slight","Taxi/Private hire car occupant","Driver or rider","Male",31,"A","Single carriageway",30,"Unclassified","Not a Pedestrian","Not a Pedestrian",430839,434003,"E01033031",2,"T or staggered junction","Daylight","Fine no high winds","Dry","Car occupant"
"1436","2014131870357",2014-08-08,2014,"Aug",8,"08:42",8,42,"Friday","Slight",2,"Slight","Taxi/Private hire car occupant","Passenger","Female",39,"A","Single carriageway",30,"Unclassified","Not a Pedestrian","Not a Pedestrian",430839,434003,"E01033031",2,"T or staggered junction","Daylight","Fine no high winds","Dry","Car occupant"
"1437","2014131881051",2014-08-08,2014,"Aug",8,"15:00",15,0,"Friday","Slight",1,"Slight","Cyclist","Driver or rider","Male",30,"A","Single carriageway",30,"Unclassified","Not a Pedestrian","Not a Pedestrian",430037,431028,"E01011312",2,"T or staggered junction","Daylight","Fine no high winds","Dry","Cyclist"
"1438","2014131881198",2014-08-08,2014,"Aug",8,"16:30",16,30,"Friday","Slight",1,"Slight","Cyclist","Driver or rider","Male",53,"Unclassified","Single carriageway",30,"Unclassified","Not a Pedestrian","Not a Pedestrian",431519,434301,"E01033035",2,"T or staggered junction","Daylight","Raining no high winds","Wet or damp","Cyclist"
"1439","2014131881271",2014-08-08,2014,"Aug",8,"17:00",17,0,"Friday","Slight",1,"Slight","Cyclist","Driver or rider","Male",27,"A","Single carriageway",30,"Unclassified","Not a Pedestrian","Not a Pedestrian",433147,426329,"E01011500",4,"Crossroads","Daylight","Fine no high winds","Dry","Cyclist"
"1440","2014131881771",2014-08-08,2014,"Aug",8,"20:33",20,33,"Friday","Slight",1,"Slight","Car occupant","Driver or rider","Male",43,"A","Single carriageway",30,"Unclassified","Not a Pedestrian","Not a Pedestrian",430089,431277,"E01011371",2,"T or staggered junction","Daylight","Fine no high winds","Dry","Car occupant"
"1441","2014131881805",2014-08-08,2014,"Aug",8,"20:48",20,48,"Friday","Slight",2,"Slight","Car occupant","Driver or rider","Male",54,"A","Single carriageway",60,NA,"Not a Pedestrian","Not a Pedestrian",437415,429563,"E01011402",2,"Not at junction or within 20 metres","Daylight","Fine no high winds","Dry","Car occupant"
"1442","2014131881805",2014-08-08,2014,"Aug",8,"20:48",20,48,"Friday","Slight",2,"Slight","Car occupant","Passenger","Male",20,"A","Single carriageway",60,NA,"Not a Pedestrian","Not a Pedestrian",437415,429563,"E01011402",2,"Not at junction or within 20 metres","Daylight","Fine no high winds","Dry","Car occupant"
"1443","2014131890399",2014-08-09,2014,"Aug",9,"07:15",7,15,"Saturday","Slight",1,"Slight","Car occupant","Driver or rider","Male",52,"A(M)","Dual carriageway",40,NA,"Not a Pedestrian","Not a Pedestrian",429370,433734,"E01033008",2,"Not at junction or within 20 metres","Daylight","Fine no high winds","Dry","Car occupant"
"1444","2014131890403",2014-08-09,2014,"Aug",9,"07:17",7,17,"Saturday","Slight",1,"Slight","Car occupant","Driver or rider","Male",38,"A(M)","Dual carriageway",40,NA,"Not a Pedestrian","Not a Pedestrian",429381,433751,"E01033008",2,"Not at junction or within 20 metres","Daylight","Fine no high winds","Dry","Car occupant"
"1445","2014131890689",2014-08-09,2014,"Aug",9,"11:51",11,51,"Saturday","Slight",1,"Slight","Car occupant","Passenger","Male",20,"A(M)","Dual carriageway",70,NA,"Not a Pedestrian","Not a Pedestrian",440437,446443,"E01011704",3,"Not at junction or within 20 metres","Daylight","Fine no high winds","Dry","Car occupant"
"1446","2014131891263",2014-08-09,2014,"Aug",9,"17:10",17,10,"Saturday","Slight",1,"Slight","Cyclist","Driver or rider","Male",49,"Unclassified","Single carriageway",30,NA,"Not a Pedestrian","Not a Pedestrian",430295,433732,"E01033010",2,"Not at junction or within 20 metres","Daylight","Fine no high winds","Dry","Cyclist"
"1447","2014131891274",2014-08-09,2014,"Aug",9,"17:15",17,15,"Saturday","Slight",1,"Slight","Car occupant","Driver or rider","Male",17,"A","Single carriageway",30,NA,"Not a Pedestrian","Not a Pedestrian",426446,426745,"E01011547",2,"Not at junction or within 20 metres","Daylight","Fine no high winds","Dry","Car occupant"
"1448","2014131891955",2014-08-09,2014,"Aug",9,"23:10",23,10,"Saturday","Slight",1,"Slight","Car occupant","Passenger","Female",24,"Motorway","Dual carriageway",70,NA,"Not a Pedestrian","Not a Pedestrian",431582,426418,"E01011499",3,"Not at junction or within 20 metres","Darkness - lights lit","Fine no high winds","Dry","Car occupant"
"1449","20141318B0651",2014-08-10,2014,"Aug",10,"10:40",10,40,"Sunday","Slight",1,"Slight","Pedestrian","Pedestrian","Female",76,"Unclassified","Unknown",30,"Unclassified","Unknown or other","Unknown or other",430619,438177,"E01011515",1,"Private drive or entrance","Daylight","Raining no high winds","Wet or damp","Pedestrian"
"1450","20141318A0742",2014-08-10,2014,"Aug",10,"12:35",12,35,"Sunday","Slight",1,"Slight","Motorcycle 125cc and under rider or passenger","Driver or rider","Male",30,"A","Single carriageway",30,"Unclassified","Not a Pedestrian","Not a Pedestrian",433053,427622,"E01011634",2,"T or staggered junction","Daylight","Raining no high winds","Wet or damp","Motorcyclist and pillion"
"1451","20141318A0801",2014-08-10,2014,"Aug",10,"13:15",13,15,"Sunday","Slight",2,"Slight","Bus or coach occupant (17 or more pass seats)","Passenger","Female",40,"Unclassified","Single carriageway",30,"Unclassified","Not a Pedestrian","Not a Pedestrian",422482,433126,"E01011600",1,"T or staggered junction","Daylight","Raining + high winds","Wet or damp","Bus and goods vehicle occupant"
"1452","20141318A0801",2014-08-10,2014,"Aug",10,"13:15",13,15,"Sunday","Slight",2,"Slight","Bus or coach occupant (17 or more pass seats)","Passenger","Female",60,"Unclassified","Single carriageway",30,"Unclassified","Not a Pedestrian","Not a Pedestrian",422482,433126,"E01011600",1,"T or staggered junction","Daylight","Raining + high winds","Wet or damp","Bus and goods vehicle occupant"
"1453","20141318A0719",2014-08-10,2014,"Aug",10,"17:38",17,38,"Sunday","Slight",2,"Slight","Car occupant","Passenger","Male",6,"A","Single carriageway",30,NA,"Not a Pedestrian","Not a Pedestrian",432064,433576,"E01011623",2,"Not at junction or within 20 metres","Daylight","Fine no high winds","Dry","Car occupant"
"1454","20141318A0719",2014-08-10,2014,"Aug",10,"17:38",17,38,"Sunday","Slight",2,"Slight","Car occupant","Passenger","Male",6,"A","Single carriageway",30,NA,"Not a Pedestrian","Not a Pedestrian",432064,433576,"E01011623",2,"Not at junction or within 20 metres","Daylight","Fine no high winds","Dry","Car occupant"
"1455","20141318A1234",2014-08-10,2014,"Aug",10,"18:20",18,20,"Sunday","Slight",1,"Slight","Car occupant","Driver or rider","Male",28,"A","Single carriageway",60,NA,"Not a Pedestrian","Not a Pedestrian",439108,439223,"E01011715",1,"Not at junction or within 20 metres","Daylight","Raining no high winds","Wet or damp","Car occupant"
"1456","20141318A1256",2014-08-10,2014,"Aug",10,"18:34",18,34,"Sunday","Slight",1,"Slight","Car occupant","Driver or rider","Female",22,"Unclassified","Single carriageway",30,NA,"Not a Pedestrian","Not a Pedestrian",433176,433834,"E01011617",2,"Not at junction or within 20 metres","Daylight","Fine no high winds","Dry","Car occupant"
"1457","20141318A1305",2014-08-10,2014,"Aug",10,"19:04",19,4,"Sunday","Serious",3,"Slight","Car occupant","Driver or rider","Male",20,"Unclassified","Single carriageway",30,"A","Not a Pedestrian","Not a Pedestrian",435908,435358,"E01011666",2,"T or staggered junction","Daylight","Raining no high winds","Wet or damp","Car occupant"
"1458","20141318A1305",2014-08-10,2014,"Aug",10,"19:04",19,4,"Sunday","Serious",3,"Serious","Car occupant","Passenger","Male",15,"Unclassified","Single carriageway",30,"A","Not a Pedestrian","Not a Pedestrian",435908,435358,"E01011666",2,"T or staggered junction","Daylight","Raining no high winds","Wet or damp","Car occupant"
"1459","20141318A1305",2014-08-10,2014,"Aug",10,"19:04",19,4,"Sunday","Serious",3,"Slight","Car occupant","Passenger","Male",16,"Unclassified","Single carriageway",30,"A","Not a Pedestrian","Not a Pedestrian",435908,435358,"E01011666",2,"T or staggered junction","Daylight","Raining no high winds","Wet or damp","Car occupant"
"1460","20141318A1325",2014-08-10,2014,"Aug",10,"19:15",19,15,"Sunday","Slight",2,"Slight","Car occupant","Passenger","Female",44,"Unclassified","Single carriageway",30,"Unclassified","Not a Pedestrian","Not a Pedestrian",429884,427007,"E01032495",2,"T or staggered junction","Daylight","Fine no high winds","Dry","Car occupant"
"1461","20141318A1325",2014-08-10,2014,"Aug",10,"19:15",19,15,"Sunday","Slight",2,"Slight","Car occupant","Passenger","Female",20,"Unclassified","Single carriageway",30,"Unclassified","Not a Pedestrian","Not a Pedestrian",429884,427007,"E01032495",2,"T or staggered junction","Daylight","Fine no high winds","Dry","Car occupant"
"1462","20141318A1411",2014-08-10,2014,"Aug",10,"20:15",20,15,"Sunday","Slight",2,"Slight","Car occupant","Driver or rider","Female",30,"A","Single carriageway",30,NA,"Not a Pedestrian","Not a Pedestrian",435975,435456,"E01011665",2,"Not at junction or within 20 metres","Darkness - lights lit","Fine no high winds","Dry","Car occupant"
"1463","20141318A1411",2014-08-10,2014,"Aug",10,"20:15",20,15,"Sunday","Slight",2,"Slight","Car occupant","Passenger","Female",25,"A","Single carriageway",30,NA,"Not a Pedestrian","Not a Pedestrian",435975,435456,"E01011665",2,"Not at junction or within 20 metres","Darkness - lights lit","Fine no high winds","Dry","Car occupant"
"1464","20141318A1516",2014-08-10,2014,"Aug",10,"21:34",21,34,"Sunday","Slight",1,"Slight","Car occupant","Driver or rider","Male",31,"Unclassified","Single carriageway",30,NA,"Not a Pedestrian","Not a Pedestrian",431500,433966,"E01011338",2,"Not at junction or within 20 metres","Darkness - lights lit","Raining no high winds","Wet or damp","Car occupant"
"1465","20141318A1578",2014-08-10,2014,"Aug",10,"22:09",22,9,"Sunday","Slight",1,"Slight","Car occupant","Driver or rider","Male",46,"A","Dual carriageway",40,NA,"Not a Pedestrian","Not a Pedestrian",420137,434172,"E01011597",2,"Not at junction or within 20 metres","Darkness - lights lit","Raining + high winds","Wet or damp","Car occupant"
"1466","20141318A1643",2014-08-10,2014,"Aug",10,"23:02",23,2,"Sunday","Fatal",1,"Fatal","Pedestrian","Pedestrian","Male",48,"A","Single carriageway",30,"Unclassified","Crossing elsewhere within 50m. of pedestrian crossing","Crossing from driver's offside",430785,433439,"E01033011",1,"Crossroads","Darkness - lights lit","Raining + high winds","Wet or damp","Pedestrian"
"1467","20141318B0242",2014-08-11,2014,"Aug",11,"08:30",8,30,"Monday","Slight",4,"Slight","Car occupant","Driver or rider","Male",34,"Motorway","Dual carriageway",70,NA,"Not a Pedestrian","Not a Pedestrian",425951,429194,"E01011522",3,"Not at junction or within 20 metres","Daylight","Fine no high winds","Wet or damp","Car occupant"
"1468","20141318B0242",2014-08-11,2014,"Aug",11,"08:30",8,30,"Monday","Slight",4,"Slight","Car occupant","Driver or rider","Male",26,"Motorway","Dual carriageway",70,NA,"Not a Pedestrian","Not a Pedestrian",425951,429194,"E01011522",3,"Not at junction or within 20 metres","Daylight","Fine no high winds","Wet or damp","Car occupant"
"1469","20141318B0242",2014-08-11,2014,"Aug",11,"08:30",8,30,"Monday","Slight",4,"Slight","Car occupant","Driver or rider","Female",48,"Motorway","Dual carriageway",70,NA,"Not a Pedestrian","Not a Pedestrian",425951,429194,"E01011522",3,"Not at junction or within 20 metres","Daylight","Fine no high winds","Wet or damp","Car occupant"
"1470","20141318B0242",2014-08-11,2014,"Aug",11,"08:30",8,30,"Monday","Slight",4,"Slight","Car occupant","Passenger","Female",25,"Motorway","Dual carriageway",70,NA,"Not a Pedestrian","Not a Pedestrian",425951,429194,"E01011522",3,"Not at junction or within 20 metres","Daylight","Fine no high winds","Wet or damp","Car occupant"
"1471","20141318B0642",2014-08-11,2014,"Aug",11,"13:30",13,30,"Monday","Serious",1,"Serious","Car occupant","Driver or rider","Male",86,"Unclassified","Single carriageway",40,NA,"Not a Pedestrian","Not a Pedestrian",429426,440836,"E01011563",2,"Not at junction or within 20 metres","Daylight","Fine no high winds","Dry","Car occupant"
"1472","20141318C0922",2014-08-11,2014,"Aug",11,"15:00",15,0,"Monday","Slight",1,"Slight","Bus or coach occupant (17 or more pass seats)","Passenger","Female",62,"Unclassified","Single carriageway",30,"Unclassified","Not a Pedestrian","Not a Pedestrian",434956,438010,"E01011716",1,"Other junction","Daylight","Fine no high winds","Dry","Bus and goods vehicle occupant"
"1473","20141318B0891",2014-08-11,2014,"Aug",11,"16:10",16,10,"Monday","Slight",2,"Slight","Car occupant","Driver or rider","Male",27,"A","Dual carriageway",40,"A","Not a Pedestrian","Not a Pedestrian",428603,432808,"E01011363",2,"Slip road","Daylight","Fine no high winds","Dry","Car occupant"
"1474","20141318B0891",2014-08-11,2014,"Aug",11,"16:10",16,10,"Monday","Slight",2,"Slight","Car occupant","Driver or rider","Male",54,"A","Dual carriageway",40,"A","Not a Pedestrian","Not a Pedestrian",428603,432808,"E01011363",2,"Slip road","Daylight","Fine no high winds","Dry","Car occupant"
"1475","20141318B1161",2014-08-11,2014,"Aug",11,"17:53",17,53,"Monday","Serious",1,"Serious","Car occupant","Driver or rider","Male",48,"Unclassified","Single carriageway",30,NA,"Not a Pedestrian","Not a Pedestrian",423739,431611,"E01011601",2,"Not at junction or within 20 metres","Daylight","Raining + high winds","Wet or damp","Car occupant"
"1476","20141318B1248",2014-08-11,2014,"Aug",11,"18:51",18,51,"Monday","Slight",1,"Slight","Cyclist","Driver or rider","Male",42,"Unclassified","Single carriageway",60,NA,"Not a Pedestrian","Not a Pedestrian",429840,444906,"E01011561",1,"Not at junction or within 20 metres","Daylight","Fine no high winds","Dry","Cyclist"
"1477","20141318C0066",2014-08-12,2014,"Aug",12,"01:09",1,9,"Tuesday","Slight",5,"Slight","Car occupant","Driver or rider","Female",31,"Unclassified","Single carriageway",30,"Unclassified","Not a Pedestrian","Not a Pedestrian",431402,435025,"E01011673",1,"Crossroads","Darkness - lights lit","Fine no high winds","Wet or damp","Car occupant"
"1478","20141318C0066",2014-08-12,2014,"Aug",12,"01:09",1,9,"Tuesday","Slight",5,"Slight","Car occupant","Passenger","Female",6,"Unclassified","Single carriageway",30,"Unclassified","Not a Pedestrian","Not a Pedestrian",431402,435025,"E01011673",1,"Crossroads","Darkness - lights lit","Fine no high winds","Wet or damp","Car occupant"
"1479","20141318C0066",2014-08-12,2014,"Aug",12,"01:09",1,9,"Tuesday","Slight",5,"Slight","Car occupant","Passenger","Male",19,"Unclassified","Single carriageway",30,"Unclassified","Not a Pedestrian","Not a Pedestrian",431402,435025,"E01011673",1,"Crossroads","Darkness - lights lit","Fine no high winds","Wet or damp","Car occupant"
"1480","20141318C0066",2014-08-12,2014,"Aug",12,"01:09",1,9,"Tuesday","Slight",5,"Slight","Car occupant","Passenger","Female",23,"Unclassified","Single carriageway",30,"Unclassified","Not a Pedestrian","Not a Pedestrian",431402,435025,"E01011673",1,"Crossroads","Darkness - lights lit","Fine no high winds","Wet or damp","Car occupant"
"1481","20141318C0066",2014-08-12,2014,"Aug",12,"01:09",1,9,"Tuesday","Slight",5,"Slight","Car occupant","Passenger","Female",21,"Unclassified","Single carriageway",30,"Unclassified","Not a Pedestrian","Not a Pedestrian",431402,435025,"E01011673",1,"Crossroads","Darkness - lights lit","Fine no high winds","Wet or damp","Car occupant"
"1482","20141318C0506",2014-08-12,2014,"Aug",12,"11:59",11,59,"Tuesday","Slight",1,"Slight","Pedestrian","Pedestrian","Female",29,"Unclassified","Single carriageway",30,NA,"On footway or verge","Unknown or other",429819,435734,"E01011669",1,"Not at junction or within 20 metres","Daylight","Fine no high winds","Dry","Pedestrian"
"1483","20141318C1569",2014-08-12,2014,"Aug",12,"22:19",22,19,"Tuesday","Slight",4,"Slight","Car occupant","Passenger","Male",24,"Unclassified","Single carriageway",30,"Unclassified","Not a Pedestrian","Not a Pedestrian",430214,434922,"E01011671",2,"T or staggered junction","Darkness - lights lit","Fine no high winds","Dry","Car occupant"
"1484","20141318C1569",2014-08-12,2014,"Aug",12,"22:19",22,19,"Tuesday","Slight",4,"Slight","Car occupant","Passenger","Male",21,"Unclassified","Single carriageway",30,"Unclassified","Not a Pedestrian","Not a Pedestrian",430214,434922,"E01011671",2,"T or staggered junction","Darkness - lights lit","Fine no high winds","Dry","Car occupant"
"1485","20141318C1569",2014-08-12,2014,"Aug",12,"22:19",22,19,"Tuesday","Slight",4,"Slight","Car occupant","Passenger","Male",22,"Unclassified","Single carriageway",30,"Unclassified","Not a Pedestrian","Not a Pedestrian",430214,434922,"E01011671",2,"T or staggered junction","Darkness - lights lit","Fine no high winds","Dry","Car occupant"
"1486","20141318C1569",2014-08-12,2014,"Aug",12,"22:19",22,19,"Tuesday","Slight",4,"Slight","Car occupant","Passenger","Male",21,"Unclassified","Single carriageway",30,"Unclassified","Not a Pedestrian","Not a Pedestrian",430214,434922,"E01011671",2,"T or staggered junction","Darkness - lights lit","Fine no high winds","Dry","Car occupant"
"1487","20141318D0216",2014-08-13,2014,"Aug",13,"07:35",7,35,"Wednesday","Slight",1,"Slight","Car occupant","Driver or rider","Female",45,"Motorway","Dual carriageway",70,"A","Not a Pedestrian","Not a Pedestrian",435908,425854,"E01011636",2,"Roundabout","Daylight","Fine no high winds","Dry","Car occupant"
"1488","20141318D0762",2014-08-13,2014,"Aug",13,"14:00",14,0,"Wednesday","Slight",3,"Slight","Car occupant","Driver or rider","Male",75,"Unclassified","Single carriageway",60,"Unclassified","Not a Pedestrian","Not a Pedestrian",434674,441256,"E01011713",2,"T or staggered junction","Daylight","Fine no high winds","Dry","Car occupant"
"1489","20141318D0762",2014-08-13,2014,"Aug",13,"14:00",14,0,"Wednesday","Slight",3,"Slight","Car occupant","Driver or rider","Male",67,"Unclassified","Single carriageway",60,"Unclassified","Not a Pedestrian","Not a Pedestrian",434674,441256,"E01011713",2,"T or staggered junction","Daylight","Fine no high winds","Dry","Car occupant"
"1490","20141318D0762",2014-08-13,2014,"Aug",13,"14:00",14,0,"Wednesday","Slight",3,"Slight","Car occupant","Passenger","Female",61,"Unclassified","Single carriageway",60,"Unclassified","Not a Pedestrian","Not a Pedestrian",434674,441256,"E01011713",2,"T or staggered junction","Daylight","Fine no high winds","Dry","Car occupant"
"1491","20141318D0991",2014-08-13,2014,"Aug",13,"16:10",16,10,"Wednesday","Serious",3,"Serious","Car occupant","Driver or rider","Male",81,"Unclassified","Single carriageway",30,"Unclassified","Not a Pedestrian","Not a Pedestrian",425172,440030,"E01011377",2,"T or staggered junction","Daylight","Fine no high winds","Dry","Car occupant"
"1492","20141318D0991",2014-08-13,2014,"Aug",13,"16:10",16,10,"Wednesday","Serious",3,"Serious","Car occupant","Passenger","Female",80,"Unclassified","Single carriageway",30,"Unclassified","Not a Pedestrian","Not a Pedestrian",425172,440030,"E01011377",2,"T or staggered junction","Daylight","Fine no high winds","Dry","Car occupant"
"1493","20141318D0991",2014-08-13,2014,"Aug",13,"16:10",16,10,"Wednesday","Serious",3,"Serious","Car occupant","Passenger","Female",77,"Unclassified","Single carriageway",30,"Unclassified","Not a Pedestrian","Not a Pedestrian",425172,440030,"E01011377",2,"T or staggered junction","Daylight","Fine no high winds","Dry","Car occupant"
"1494","20141318D1478",2014-08-13,2014,"Aug",13,"20:20",20,20,"Wednesday","Serious",1,"Serious","Motorcycle over 500cc rider or passenger","Driver or rider","Male",22,"A","Single carriageway",50,"Unclassified","Not a Pedestrian","Not a Pedestrian",435141,438714,"E01011714",2,"Private drive or entrance","Daylight","Fine no high winds","Dry","Motorcyclist and pillion"
"1495","20141318G0660",2014-08-14,2014,"Aug",14,"09:45",9,45,"Thursday","Slight",3,"Slight","Bus or coach occupant (17 or more pass seats)","Passenger","Female",28,"A","Single carriageway",50,NA,"Not a Pedestrian","Not a Pedestrian",434748,429095,"E01011628",1,"Not at junction or within 20 metres","Daylight","Fine no high winds","Dry","Bus and goods vehicle occupant"
"1496","20141318G0660",2014-08-14,2014,"Aug",14,"09:45",9,45,"Thursday","Slight",3,"Slight","Bus or coach occupant (17 or more pass seats)","Passenger","Female",45,"A","Single carriageway",50,NA,"Not a Pedestrian","Not a Pedestrian",434748,429095,"E01011628",1,"Not at junction or within 20 metres","Daylight","Fine no high winds","Dry","Bus and goods vehicle occupant"