"","accident_index","date","year","month","day","time","time_hour","time_minute","day_of_week","accident_severity","number_of_casualties","casualty_severity","casualty_type","casualty_class","sex_of_casualty","age_of_casualty","first_road_class","road_type","speed_limit","second_road_class","pedestrian_location","pedestrian_movement","location_easting_osgr","location_northing_osgr","lsoa_of_accident_location","number_of_vehicles","junction_detail","light_conditions","weather_conditions","road_surface_conditions","cas_type"
"1497","20141318G0660",2014-08-14,2014,"Aug",14,"09:45",9,45,"Thursday","Slight",3,"Slight","Bus or coach occupant (17 or more pass seats)","Passenger","Female",65,"A","Single carriageway",50,NA,"Not a Pedestrian","Not a Pedestrian",434748,429095,"E01011628",1,"Not at junction or within 20 metres","Daylight","Fine no high winds","Dry","Bus and goods vehicle occupant"
"1498","20141318E0991",2014-08-14,2014,"Aug",14,"16:27",16,27,"Thursday","Slight",1,"Slight","Car occupant","Driver or rider","Female",23,"A","Roundabout",30,"A","Not a Pedestrian","Not a Pedestrian",428115,426282,"E01011550",2,"Other junction","Daylight","Snowing no high winds","Wet or damp","Car occupant"
"1499","20141318E1354",2014-08-14,2014,"Aug",14,"19:20",19,20,"Thursday","Slight",2,"Slight","Car occupant","Driver or rider","Male",32,"Unclassified","Single carriageway",30,NA,"Not a Pedestrian","Not a Pedestrian",430050,430150,"E01011316",2,"Not at junction or within 20 metres","Daylight","Raining no high winds","Wet or damp","Car occupant"
"1500","20141318E1354",2014-08-14,2014,"Aug",14,"19:20",19,20,"Thursday","Slight",2,"Slight","Car occupant","Passenger","Male",32,"Unclassified","Single carriageway",30,NA,"Not a Pedestrian","Not a Pedestrian",430050,430150,"E01011316",2,"Not at junction or within 20 metres","Daylight","Raining no high winds","Wet or damp","Car occupant"
"1501","20141318F0516",2014-08-15,2014,"Aug",15,"11:13",11,13,"Friday","Slight",1,"Slight","Car occupant","Driver or rider","Male",17,"Unclassified","Single carriageway",30,"Unclassified","Not a Pedestrian","Not a Pedestrian",426461,428364,"E01011533",2,"T or staggered junction","Daylight","Fine no high winds","Dry","Car occupant"
"1502","20141318F0617",2014-08-15,2014,"Aug",15,"12:10",12,10,"Friday","Slight",1,"Slight","Car occupant","Driver or rider","Male",74,"A","Dual carriageway",40,"Unclassified","Not a Pedestrian","Not a Pedestrian",432623,432440,"E01011621",3,"T or staggered junction","Daylight","Fine no high winds","Wet or damp","Car occupant"
"1503","20141318F0772",2014-08-15,2014,"Aug",15,"13:32",13,32,"Friday","Serious",1,"Serious","Pedestrian","Pedestrian","Female",22,"Unclassified","Single carriageway",30,NA,"In carriageway, crossing elsewhere","Crossing from driver's nearside",432282,434559,"E01011347",1,"Not at junction or within 20 metres","Daylight","Raining no high winds","Wet or damp","Pedestrian"
"1504","20141318F0872",2014-08-15,2014,"Aug",15,"14:30",14,30,"Friday","Slight",1,"Slight","Car occupant","Passenger","Female",35,"Unclassified","Single carriageway",60,"Unclassified","Not a Pedestrian","Not a Pedestrian",443330,435489,"E01011297",2,"Crossroads","Daylight","Raining no high winds","Wet or damp","Car occupant"
"1505","20141318F0936",2014-08-15,2014,"Aug",15,"15:12",15,12,"Friday","Slight",1,"Slight","Motorcycle 50cc and under rider or passenger","Driver or rider","Male",16,"Unclassified","Single carriageway",30,"Unclassified","Not a Pedestrian","Not a Pedestrian",422675,433532,"E01011610",2,"T or staggered junction","Daylight","Raining no high winds","Wet or damp","Motorcyclist and pillion"
"1506","20141318G0468",2014-08-16,2014,"Aug",16,"08:56",8,56,"Saturday","Slight",1,"Slight","Car occupant","Driver or rider","Male",33,"A","Dual carriageway",70,NA,"Not a Pedestrian","Not a Pedestrian",422168,433963,"E01011587",2,"Not at junction or within 20 metres","Daylight","Fine no high winds","Dry","Car occupant"
"1507","20141318G0562",2014-08-16,2014,"Aug",16,"10:35",10,35,"Saturday","Serious",2,"Serious","Motorcycle 125cc and under rider or passenger","Driver or rider","Male",25,"Unclassified","Single carriageway",30,NA,"Not a Pedestrian","Not a Pedestrian",425698,434796,"E01011281",2,"Not at junction or within 20 metres","Daylight","Fine no high winds","Dry","Motorcyclist and pillion"
"1508","20141318G0562",2014-08-16,2014,"Aug",16,"10:35",10,35,"Saturday","Serious",2,"Slight","Van / Goods vehicle (3.5 tonnes mgw or under) occupant","Driver or rider","Male",17,"Unclassified","Single carriageway",30,NA,"Not a Pedestrian","Not a Pedestrian",425698,434796,"E01011281",2,"Not at junction or within 20 metres","Daylight","Fine no high winds","Dry","Bus and goods vehicle occupant"
"1509","20141318G1385",2014-08-16,2014,"Aug",16,"19:23",19,23,"Saturday","Serious",1,"Serious","Pedestrian","Pedestrian","Male",8,"Unclassified","Single carriageway",30,"Unclassified","In carriageway, crossing elsewhere","Crossing from driver's offside",431473,434333,"E01033035",1,"T or staggered junction","Daylight","Fine no high winds","Dry","Pedestrian"
"1510","20141318G1706",2014-08-16,2014,"Aug",16,"22:15",22,15,"Saturday","Slight",1,"Slight","Taxi/Private hire car occupant","Driver or rider","Male",49,"Unclassified","Single carriageway",30,"Unclassified","Not a Pedestrian","Not a Pedestrian",430427,433460,"E01033010",2,"T or staggered junction","Darkness - lights lit","Raining no high winds","Wet or damp","Car occupant"
"1511","20141318H1686",2014-08-17,2014,"Aug",17,"23:50",23,50,"Sunday","Slight",2,"Slight","Car occupant","Driver or rider","Male",17,"Unclassified","Single carriageway",30,NA,"Not a Pedestrian","Not a Pedestrian",434132,428737,"E01011639",4,"Not at junction or within 20 metres","Darkness - lights lit","Fine no high winds","Wet or damp","Car occupant"
"1512","20141318H1686",2014-08-17,2014,"Aug",17,"23:50",23,50,"Sunday","Slight",2,"Slight","Car occupant","Passenger","Female",15,"Unclassified","Single carriageway",30,NA,"Not a Pedestrian","Not a Pedestrian",434132,428737,"E01011639",4,"Not at junction or within 20 metres","Darkness - lights lit","Fine no high winds","Wet or damp","Car occupant"
"1513","20141318I0955",2014-08-18,2014,"Aug",18,"16:00",16,0,"Monday","Serious",1,"Serious","Motorcycle 125cc and under rider or passenger","Driver or rider","Male",18,"Unclassified","Single carriageway",30,"Unclassified","Not a Pedestrian","Not a Pedestrian",438547,430136,"E01011390",2,"Private drive or entrance","Daylight","Fine no high winds","Dry","Motorcyclist and pillion"
"1514","20141318J0464",2014-08-19,2014,"Aug",19,"11:25",11,25,"Tuesday","Slight",1,"Slight","Pedestrian","Pedestrian","Female",24,"Unclassified","Unknown",30,"A","On footway or verge","Unknown or other",432530,433820,"E01011348",2,"T or staggered junction","Daylight","Fine no high winds","Dry","Pedestrian"
"1515","20141318J1121",2014-08-19,2014,"Aug",19,"17:30",17,30,"Tuesday","Slight",1,"Slight","Cyclist","Driver or rider","Male",38,"Unclassified","Single carriageway",30,NA,"Not a Pedestrian","Not a Pedestrian",429840,432965,"E01033015",2,"Not at junction or within 20 metres","Daylight","Fine no high winds","Dry","Cyclist"
"1516","20141318J1168",2014-08-19,2014,"Aug",19,"18:00",18,0,"Tuesday","Slight",1,"Slight","Car occupant","Driver or rider","Female",35,"A","Dual carriageway",40,NA,"Not a Pedestrian","Not a Pedestrian",428647,432475,"E01011363",2,"Not at junction or within 20 metres","Daylight","Fine no high winds","Dry","Car occupant"
"1517","20141318J1198",2014-08-19,2014,"Aug",19,"18:09",18,9,"Tuesday","Slight",1,"Slight","Car occupant","Passenger","Female",4,"Unclassified","Single carriageway",30,"Unclassified","Not a Pedestrian","Not a Pedestrian",433029,437109,"E01011643",2,"T or staggered junction","Daylight","Fine no high winds","Dry","Car occupant"
"1518","20141318J1274",2014-08-19,2014,"Aug",19,"18:40",18,40,"Tuesday","Slight",2,"Slight","Car occupant","Driver or rider","Female",34,"Motorway","Dual carriageway",70,NA,"Not a Pedestrian","Not a Pedestrian",428993,426407,"E01011538",2,"Not at junction or within 20 metres","Daylight","Fine no high winds","Dry","Car occupant"
"1519","20141318J1274",2014-08-19,2014,"Aug",19,"18:40",18,40,"Tuesday","Slight",2,"Slight","Car occupant","Passenger","Female",5,"Motorway","Dual carriageway",70,NA,"Not a Pedestrian","Not a Pedestrian",428993,426407,"E01011538",2,"Not at junction or within 20 metres","Daylight","Fine no high winds","Dry","Car occupant"
"1520","20141318J1454",2014-08-19,2014,"Aug",19,"20:30",20,30,"Tuesday","Slight",1,"Slight","Cyclist","Driver or rider","Male",43,"A","Single carriageway",60,NA,"Not a Pedestrian","Not a Pedestrian",418248,445865,"E01011573",2,"Not at junction or within 20 metres","Darkness - lights lit","Raining no high winds","Wet or damp","Cyclist"
"1521","20141318J1471",2014-08-19,2014,"Aug",19,"20:41",20,41,"Tuesday","Serious",1,"Serious","Cyclist","Driver or rider","Male",53,"A","Single carriageway",40,NA,"Not a Pedestrian","Not a Pedestrian",418070,442595,"E01011280",2,"Not at junction or within 20 metres","Darkness - lights lit","Raining no high winds","Wet or damp","Cyclist"
"1522","20141318K0366",2014-08-20,2014,"Aug",20,"07:45",7,45,"Wednesday","Slight",1,"Slight","Pedestrian","Pedestrian","Male",28,"Unclassified","Single carriageway",30,NA,"In centre of carriageway - not on refuge, island or central reservation","Crossing from driver's nearside",436136,436429,"E01011720",1,"Not at junction or within 20 metres","Daylight","Fine no high winds","Dry","Pedestrian"
"1523","2014131951385",2014-08-20,2014,"Aug",20,"08:00",8,0,"Wednesday","Slight",1,"Slight","Cyclist","Driver or rider","Female",36,"A","Roundabout",40,"A","Not a Pedestrian","Not a Pedestrian",428704,433136,"E01033013",2,"Roundabout","Daylight","Fine no high winds","Dry","Cyclist"
"1524","20141318K0292",2014-08-20,2014,"Aug",20,"08:15",8,15,"Wednesday","Slight",1,"Slight","Cyclist","Driver or rider","Male",30,"Unclassified","Dual carriageway",30,"Unclassified","Not a Pedestrian","Not a Pedestrian",430476,432850,"E01033018",2,"Other junction","Daylight","Fine no high winds","Dry","Cyclist"
"1525","20141318K0457",2014-08-20,2014,"Aug",20,"10:57",10,57,"Wednesday","Slight",1,"Slight","Car occupant","Driver or rider","Female",37,"A","Dual carriageway",30,NA,"Not a Pedestrian","Not a Pedestrian",428960,433616,"E01011363",3,"Not at junction or within 20 metres","Daylight","Fine no high winds","Dry","Car occupant"
"1526","20141318K0947",2014-08-20,2014,"Aug",20,"15:35",15,35,"Wednesday","Slight",1,"Slight","Pedestrian","Pedestrian","Female",27,"Unclassified","Single carriageway",30,NA,"On footway or verge","Unknown or other",429858,433787,"E01033008",1,"Not at junction or within 20 metres","Daylight","Fine no high winds","Dry","Pedestrian"
"1527","20141318K1342",2014-08-20,2014,"Aug",20,"18:48",18,48,"Wednesday","Slight",2,"Slight","Car occupant","Driver or rider","Female",18,"Unclassified","Single carriageway",30,"Unclassified","Not a Pedestrian","Not a Pedestrian",426062,427378,"E01011545",2,"T or staggered junction","Daylight","Fine no high winds","Dry","Car occupant"
"1528","20141318K1342",2014-08-20,2014,"Aug",20,"18:48",18,48,"Wednesday","Slight",2,"Slight","Car occupant","Passenger","Female",8,"Unclassified","Single carriageway",30,"Unclassified","Not a Pedestrian","Not a Pedestrian",426062,427378,"E01011545",2,"T or staggered junction","Daylight","Fine no high winds","Dry","Car occupant"
"1529","20141318K1418",2014-08-20,2014,"Aug",20,"19:05",19,5,"Wednesday","Serious",1,"Serious","Cyclist","Driver or rider","Male",44,"Unclassified","Dual carriageway",30,"Unclassified","Not a Pedestrian","Not a Pedestrian",429969,433278,"E01033016",2,"T or staggered junction","Daylight","Fine no high winds","Dry","Cyclist"
"1530","20141318K1414",2014-08-20,2014,"Aug",20,"19:25",19,25,"Wednesday","Slight",1,"Slight","Pedestrian","Pedestrian","Female",52,"Unclassified","Single carriageway",30,NA,"Unknown or other","Unknown or other",430759,431185,"E01011468",1,"Not at junction or within 20 metres","Daylight","Fine no high winds","Dry","Pedestrian"
"1531","20141318K1413",2014-08-20,2014,"Aug",20,"19:28",19,28,"Wednesday","Slight",4,"Slight","Car occupant","Passenger","Female",23,"Unclassified","Single carriageway",30,"Unclassified","Not a Pedestrian","Not a Pedestrian",430958,435789,"E01011360",2,"Crossroads","Daylight","Fine no high winds","Dry","Car occupant"
"1532","20141318K1413",2014-08-20,2014,"Aug",20,"19:28",19,28,"Wednesday","Slight",4,"Slight","Car occupant","Passenger","Male",17,"Unclassified","Single carriageway",30,"Unclassified","Not a Pedestrian","Not a Pedestrian",430958,435789,"E01011360",2,"Crossroads","Daylight","Fine no high winds","Dry","Car occupant"
"1533","20141318K1413",2014-08-20,2014,"Aug",20,"19:28",19,28,"Wednesday","Slight",4,"Slight","Car occupant","Passenger","Male",17,"Unclassified","Single carriageway",30,"Unclassified","Not a Pedestrian","Not a Pedestrian",430958,435789,"E01011360",2,"Crossroads","Daylight","Fine no high winds","Dry","Car occupant"
"1534","20141318K1413",2014-08-20,2014,"Aug",20,"19:28",19,28,"Wednesday","Slight",4,"Slight","Car occupant","Passenger","Female",26,"Unclassified","Single carriageway",30,"Unclassified","Not a Pedestrian","Not a Pedestrian",430958,435789,"E01011360",2,"Crossroads","Daylight","Fine no high winds","Dry","Car occupant"
"1535","20141318L0031",2014-08-21,2014,"Aug",21,"00:05",0,5,"Thursday","Slight",1,"Slight","Car occupant","Driver or rider","Male",72,"A","Single carriageway",60,NA,"Not a Pedestrian","Not a Pedestrian",435252,439090,"E01011311",2,"Not at junction or within 20 metres","Darkness - no lighting","Fine no high winds","Dry","Car occupant"
"1536","20141318L0520",2014-08-21,2014,"Aug",21,"11:55",11,55,"Thursday","Slight",1,"Slight","Cyclist","Driver or rider","Male",30,"B","Single carriageway",40,"Unclassified","Not a Pedestrian","Not a Pedestrian",434455,433702,"E01011616",2,"T or staggered junction","Daylight","Fine no high winds","Dry","Cyclist"
"1537","20141318L0804",2014-08-21,2014,"Aug",21,"14:45",14,45,"Thursday","Serious",1,"Serious","Pedestrian","Pedestrian","Female",31,"Unclassified","Single carriageway",20,NA,"Unknown or other","Unknown or other",430739,436812,"E01011356",2,"Not at junction or within 20 metres","Daylight","Fine no high winds","Dry","Pedestrian"
"1538","20141318L1186",2014-08-21,2014,"Aug",21,"17:52",17,52,"Thursday","Serious",2,"Slight","Car occupant","Driver or rider","Male",25,"A","Dual carriageway",40,NA,"Not a Pedestrian","Not a Pedestrian",427765,430740,"E01011318",2,"Not at junction or within 20 metres","Daylight","Raining no high winds","Wet or damp","Car occupant"
"1539","20141318L1186",2014-08-21,2014,"Aug",21,"17:52",17,52,"Thursday","Serious",2,"Serious","Van / Goods vehicle (3.5 tonnes mgw or under) occupant","Driver or rider","Male",28,"A","Dual carriageway",40,NA,"Not a Pedestrian","Not a Pedestrian",427765,430740,"E01011318",2,"Not at junction or within 20 metres","Daylight","Raining no high winds","Wet or damp","Bus and goods vehicle occupant"
"1540","20141318M0174",2014-08-22,2014,"Aug",22,"06:40",6,40,"Friday","Slight",2,"Slight","Car occupant","Driver or rider","Female",19,"Unclassified","Single carriageway",60,NA,"Not a Pedestrian","Not a Pedestrian",429843,444772,"E01011561",2,"Not at junction or within 20 metres","Daylight","Fine no high winds","Dry","Car occupant"
"1541","20141318M0174",2014-08-22,2014,"Aug",22,"06:40",6,40,"Friday","Slight",2,"Slight","Car occupant","Passenger","Female",23,"Unclassified","Single carriageway",60,NA,"Not a Pedestrian","Not a Pedestrian",429843,444772,"E01011561",2,"Not at junction or within 20 metres","Daylight","Fine no high winds","Dry","Car occupant"
"1542","20141318M0179",2014-08-22,2014,"Aug",22,"06:40",6,40,"Friday","Slight",1,"Slight","Car occupant","Passenger","Female",46,"A","Roundabout",50,"A","Not a Pedestrian","Not a Pedestrian",439352,432411,"E01011402",2,"Roundabout","Daylight","Fine no high winds","Dry","Car occupant"
"1543","20141318M0442",2014-08-22,2014,"Aug",22,"11:10",11,10,"Friday","Fatal",1,"Fatal","Motorcycle over 500cc rider or passenger","Driver or rider","Male",43,"Unclassified","Single carriageway",60,NA,"Not a Pedestrian","Not a Pedestrian",439395,430805,"E01011392",2,"Not at junction or within 20 metres","Daylight","Fine no high winds","Dry","Motorcyclist and pillion"
"1544","20141318M0899",2014-08-22,2014,"Aug",22,"15:39",15,39,"Friday","Slight",3,"Slight","Car occupant","Driver or rider","Male",62,"Unclassified","Single carriageway",30,"Unclassified","Not a Pedestrian","Not a Pedestrian",429919,431260,"E01011372",2,"T or staggered junction","Daylight","Fine no high winds","Wet or damp","Car occupant"
"1545","20141318M0899",2014-08-22,2014,"Aug",22,"15:39",15,39,"Friday","Slight",3,"Slight","Car occupant","Passenger","Female",18,"Unclassified","Single carriageway",30,"Unclassified","Not a Pedestrian","Not a Pedestrian",429919,431260,"E01011372",2,"T or staggered junction","Daylight","Fine no high winds","Wet or damp","Car occupant"
"1546","20141318M0899",2014-08-22,2014,"Aug",22,"15:39",15,39,"Friday","Slight",3,"Slight","Car occupant","Passenger","Male",12,"Unclassified","Single carriageway",30,"Unclassified","Not a Pedestrian","Not a Pedestrian",429919,431260,"E01011372",2,"T or staggered junction","Daylight","Fine no high winds","Wet or damp","Car occupant"
"1547","20141318M1274",2014-08-22,2014,"Aug",22,"15:50",15,50,"Friday","Slight",1,"Slight","Motorcycle 125cc and under rider or passenger","Driver or rider","Male",18,"Unclassified","Single carriageway",30,"Unclassified","Not a Pedestrian","Not a Pedestrian",430928,428718,"E01032497",2,"T or staggered junction","Daylight","Fine no high winds","Dry","Motorcyclist and pillion"
"1548","20141318M1057",2014-08-22,2014,"Aug",22,"16:35",16,35,"Friday","Serious",1,"Serious","Cyclist","Driver or rider","Male",47,"A","Dual carriageway",30,"Unclassified","Not a Pedestrian","Not a Pedestrian",436179,434466,"E01011408",2,"Crossroads","Daylight","Fine no high winds","Dry","Cyclist"
"1549","20141318N0484",2014-08-23,2014,"Aug",23,"09:00",9,0,"Saturday","Slight",1,"Slight","Pedestrian","Pedestrian","Female",51,"Unclassified","Single carriageway",30,NA,"Crossing on pedestrian crossing facility","Crossing from driver's nearside",427061,433483,"E01011293",1,"Not at junction or within 20 metres","Daylight","Fine no high winds","Dry","Pedestrian"
"1550","20141318N0678",2014-08-23,2014,"Aug",23,"11:25",11,25,"Saturday","Slight",1,"Slight","Car occupant","Passenger","Female",25,"Unclassified","Single carriageway",30,NA,"Not a Pedestrian","Not a Pedestrian",427188,433582,"E01011293",5,"Not at junction or within 20 metres","Daylight","Fine no high winds","Dry","Car occupant"
"1551","20141318N0871",2014-08-23,2014,"Aug",23,"12:30",12,30,"Saturday","Slight",1,"Slight","Pedestrian","Pedestrian","Male",26,"A","Single carriageway",40,"Unclassified","In centre of carriageway - not on refuge, island or central reservation","In carriageway, stationary - not crossing  (standing or playing)",440030,439604,"E01011309",1,"T or staggered junction","Daylight","Fine no high winds","Dry","Pedestrian"
"1552","20141318N1023",2014-08-23,2014,"Aug",23,"15:00",15,0,"Saturday","Serious",1,"Serious","Car occupant","Driver or rider","Female",59,"Unclassified","Single carriageway",40,"Unclassified","Not a Pedestrian","Not a Pedestrian",427065,433102,"E01011292",2,"T or staggered junction","Daylight","Fine no high winds","Dry","Car occupant"
"1553","20141318N1357",2014-08-23,2014,"Aug",23,"18:30",18,30,"Saturday","Slight",1,"Slight","Cyclist","Driver or rider","Female",36,"Unclassified","Single carriageway",30,NA,"Not a Pedestrian","Not a Pedestrian",427965,434590,"E01011481",2,"Not at junction or within 20 metres","Daylight","Fine no high winds","Dry","Cyclist"
"1554","20141318N1368",2014-08-23,2014,"Aug",23,"18:45",18,45,"Saturday","Slight",1,"Slight","Car occupant","Driver or rider","Male",29,"Unclassified","Single carriageway",30,"Unclassified","Not a Pedestrian","Not a Pedestrian",430155,430974,"E01011312",2,"T or staggered junction","Daylight","Fine no high winds","Dry","Car occupant"
"1555","20141318Q0550",2014-08-24,2014,"Aug",24,"00:20",0,20,"Sunday","Slight",1,"Slight","Pedestrian","Pedestrian","Female",23,"Unclassified","Unknown",30,NA,"Unknown or other","Unknown or other",442243,442309,"E01011712",1,"Not at junction or within 20 metres","Darkness - no lighting","Fine no high winds","Dry","Pedestrian"
"1556","20141318O0651",2014-08-24,2014,"Aug",24,"11:45",11,45,"Sunday","Serious",1,"Serious","Cyclist","Driver or rider","Male",55,"Unclassified","Single carriageway",30,"Unclassified","Not a Pedestrian","Not a Pedestrian",425280,435870,"E01011324",2,"T or staggered junction","Daylight","Fine no high winds","Dry","Cyclist"
"1557","20141318O0818",2014-08-24,2014,"Aug",24,"13:15",13,15,"Sunday","Slight",2,"Slight","Car occupant","Driver or rider","Male",23,"A","Dual carriageway",40,"Unclassified","Not a Pedestrian","Not a Pedestrian",425229,432997,"E01011727",2,"Crossroads","Daylight","Fine no high winds","Dry","Car occupant"
"1558","20141318O0818",2014-08-24,2014,"Aug",24,"13:15",13,15,"Sunday","Slight",2,"Slight","Car occupant","Passenger","Female",23,"A","Dual carriageway",40,"Unclassified","Not a Pedestrian","Not a Pedestrian",425229,432997,"E01011727",2,"Crossroads","Daylight","Fine no high winds","Dry","Car occupant"
"1559","20141318O0862",2014-08-24,2014,"Aug",24,"13:45",13,45,"Sunday","Slight",1,"Slight","Motorcycle 125cc and under rider or passenger","Driver or rider","Male",34,"A","Dual carriageway",40,"Unclassified","Not a Pedestrian","Not a Pedestrian",431171,440732,"E01011562",2,"Crossroads","Daylight","Fine no high winds","Dry","Motorcyclist and pillion"
"1560","20141318O0873",2014-08-24,2014,"Aug",24,"14:04",14,4,"Sunday","Slight",1,"Slight","Pedestrian","Pedestrian","Male",3,"Unclassified","Single carriageway",30,NA,"In carriageway, crossing elsewhere","Crossing from driver's nearside",432427,435565,"E01011430",1,"Not at junction or within 20 metres","Daylight","Fine no high winds","Dry","Pedestrian"
"1561","20141318O1033",2014-08-24,2014,"Aug",24,"15:32",15,32,"Sunday","Slight",2,"Slight","Car occupant","Passenger","Female",19,"Unclassified","Single carriageway",30,"Unclassified","Not a Pedestrian","Not a Pedestrian",428836,436577,"E01011691",2,"Crossroads","Daylight","Fine no high winds","Dry","Car occupant"
"1562","20141318O1033",2014-08-24,2014,"Aug",24,"15:32",15,32,"Sunday","Slight",2,"Slight","Car occupant","Driver or rider","Male",52,"Unclassified","Single carriageway",30,"Unclassified","Not a Pedestrian","Not a Pedestrian",428836,436577,"E01011691",2,"Crossroads","Daylight","Fine no high winds","Dry","Car occupant"
"1563","20141318O1086",2014-08-24,2014,"Aug",24,"16:15",16,15,"Sunday","Slight",1,"Slight","Car occupant","Driver or rider","Female",80,"Unclassified","Single carriageway",30,"A","Not a Pedestrian","Not a Pedestrian",433885,427674,"E01011633",1,"T or staggered junction","Daylight","Fine no high winds","Dry","Car occupant"
"1564","20141318P0008",2014-08-25,2014,"Aug",25,"00:01",0,1,"Monday","Slight",5,"Slight","Car occupant","Driver or rider","Male",34,"A","Single carriageway",40,"A","Not a Pedestrian","Not a Pedestrian",426385,435434,"E01011477",2,"Crossroads","Darkness - lights lit","Fine no high winds","Dry","Car occupant"
"1565","20141318P0008",2014-08-25,2014,"Aug",25,"00:01",0,1,"Monday","Slight",5,"Slight","Car occupant","Passenger","Male",20,"A","Single carriageway",40,"A","Not a Pedestrian","Not a Pedestrian",426385,435434,"E01011477",2,"Crossroads","Darkness - lights lit","Fine no high winds","Dry","Car occupant"
"1566","20141318P0008",2014-08-25,2014,"Aug",25,"00:01",0,1,"Monday","Slight",5,"Slight","Car occupant","Passenger","Male",19,"A","Single carriageway",40,"A","Not a Pedestrian","Not a Pedestrian",426385,435434,"E01011477",2,"Crossroads","Darkness - lights lit","Fine no high winds","Dry","Car occupant"
"1567","20141318P0008",2014-08-25,2014,"Aug",25,"00:01",0,1,"Monday","Slight",5,"Slight","Car occupant","Passenger","Male",25,"A","Single carriageway",40,"A","Not a Pedestrian","Not a Pedestrian",426385,435434,"E01011477",2,"Crossroads","Darkness - lights lit","Fine no high winds","Dry","Car occupant"
"1568","20141318P0008",2014-08-25,2014,"Aug",25,"00:01",0,1,"Monday","Slight",5,"Slight","Car occupant","Passenger","Male",21,"A","Single carriageway",40,"A","Not a Pedestrian","Not a Pedestrian",426385,435434,"E01011477",2,"Crossroads","Darkness - lights lit","Fine no high winds","Dry","Car occupant"
"1569","20141318P0881",2014-08-25,2014,"Aug",25,"10:00",10,0,"Monday","Slight",1,"Slight","Car occupant","Driver or rider","Male",30,"Unclassified","Single carriageway",30,"Unclassified","Not a Pedestrian","Not a Pedestrian",432861,435106,"E01011431",2,"T or staggered junction","Daylight","Fine no high winds","Dry","Car occupant"
"1570","20141318P0598",2014-08-25,2014,"Aug",25,"11:31",11,31,"Monday","Slight",2,"Slight","Car occupant","Passenger","Male",2,"A","Single carriageway",50,"Unclassified","Not a Pedestrian","Not a Pedestrian",422950,443097,"E01032503",2,"Crossroads","Daylight","Fine no high winds","Dry","Car occupant"
"1571","20141318P0598",2014-08-25,2014,"Aug",25,"11:31",11,31,"Monday","Slight",2,"Slight","Car occupant","Passenger","Male",17,"A","Single carriageway",50,"Unclassified","Not a Pedestrian","Not a Pedestrian",422950,443097,"E01032503",2,"Crossroads","Daylight","Fine no high winds","Dry","Car occupant"
"1572","20141318P0791",2014-08-25,2014,"Aug",25,"13:50",13,50,"Monday","Slight",1,"Slight","Motorcycle 125cc and under rider or passenger","Driver or rider","Male",19,"Unclassified","Single carriageway",30,"Unclassified","Not a Pedestrian","Not a Pedestrian",430697,427105,"E01032495",2,"Mini-roundabout","Daylight","Fine no high winds","Wet or damp","Motorcyclist and pillion"
"1573","20141318P0943",2014-08-25,2014,"Aug",25,"15:30",15,30,"Monday","Slight",1,"Slight","Car occupant","Driver or rider","Male",30,"Unclassified","Single carriageway",30,NA,"Not a Pedestrian","Not a Pedestrian",431417,434821,"E01033031",2,"Not at junction or within 20 metres","Daylight","Fine no high winds","Dry","Car occupant"
"1574","20141318P1446",2014-08-25,2014,"Aug",25,"21:33",21,33,"Monday","Slight",4,"Slight","Car occupant","Driver or rider","Female",41,"A(M)","Dual carriageway",40,NA,"Not a Pedestrian","Not a Pedestrian",429422,433860,"E01033008",2,"Not at junction or within 20 metres","Darkness - lights lit","Fine no high winds","Dry","Car occupant"
"1575","20141318P1446",2014-08-25,2014,"Aug",25,"21:33",21,33,"Monday","Slight",4,"Slight","Car occupant","Passenger","Female",17,"A(M)","Dual carriageway",40,NA,"Not a Pedestrian","Not a Pedestrian",429422,433860,"E01033008",2,"Not at junction or within 20 metres","Darkness - lights lit","Fine no high winds","Dry","Car occupant"
"1576","20141318P1446",2014-08-25,2014,"Aug",25,"21:33",21,33,"Monday","Slight",4,"Slight","Car occupant","Passenger","Female",10,"A(M)","Dual carriageway",40,NA,"Not a Pedestrian","Not a Pedestrian",429422,433860,"E01033008",2,"Not at junction or within 20 metres","Darkness - lights lit","Fine no high winds","Dry","Car occupant"
"1577","20141318P1446",2014-08-25,2014,"Aug",25,"21:33",21,33,"Monday","Slight",4,"Slight","Car occupant","Passenger","Female",18,"A(M)","Dual carriageway",40,NA,"Not a Pedestrian","Not a Pedestrian",429422,433860,"E01033008",2,"Not at junction or within 20 metres","Darkness - lights lit","Fine no high winds","Dry","Car occupant"
"1578","20141318Q0013",2014-08-26,2014,"Aug",26,"00:10",0,10,"Tuesday","Slight",1,"Slight","Car occupant","Driver or rider","Male",30,"A","Single carriageway",30,"Unclassified","Not a Pedestrian","Not a Pedestrian",430343,435927,"E01011357",2,"T or staggered junction","Darkness - lights lit","Fine no high winds","Dry","Car occupant"
"1579","20141318Q0076",2014-08-26,2014,"Aug",26,"02:20",2,20,"Tuesday","Serious",1,"Serious","Pedestrian","Pedestrian","Female",63,"Motorway","Dual carriageway",50,NA,"Unknown or other","Crossing from driver's nearside",429715,432140,"E01011364",1,"Not at junction or within 20 metres","Darkness - lights lit","Raining no high winds","Wet or damp","Pedestrian"