"","accident_index","date","year","month","day","time","time_hour","time_minute","day_of_week","accident_severity","number_of_casualties","casualty_severity","casualty_type","casualty_class","sex_of_casualty","age_of_casualty","first_road_class","road_type","speed_limit","second_road_class","pedestrian_location","pedestrian_movement","location_easting_osgr","location_northing_osgr","lsoa_of_accident_location","number_of_vehicles","junction_detail","light_conditions","weather_conditions","road_surface_conditions","cas_type"
"1664","2014131961596",2014-09-06,2014,"Sep",6,"21:38",21,38,"Saturday","Slight",1,"Slight","Car occupant","Driver or rider","Male",49,"A","Single carriageway",30,NA,"Not a Pedestrian","Not a Pedestrian",431015,432033,"E01011467",2,"Not at junction or within 20 metres","Darkness - lights lit","Fine no high winds","Dry","Car occupant"
"1665","2014131970475",2014-09-07,2014,"Sep",7,"09:35",9,35,"Sunday","Slight",1,"Slight","Car occupant","Passenger","Female",29,"Unclassified","Single carriageway",30,"Unclassified","Not a Pedestrian","Not a Pedestrian",431876,435041,"E01011673",2,"T or staggered junction","Daylight","Fine no high winds","Dry","Car occupant"
"1666","2014131971378",2014-09-07,2014,"Sep",7,"18:45",18,45,"Sunday","Serious",1,"Serious","Car occupant","Driver or rider","Male",20,"Unclassified","Single carriageway",30,NA,"Not a Pedestrian","Not a Pedestrian",419996,446401,"E01011583",1,"Not at junction or within 20 metres","Daylight","Fine no high winds","Dry","Car occupant"
"1667","2014131971580",2014-09-07,2014,"Sep",7,"20:49",20,49,"Sunday","Slight",1,"Slight","Motorcycle 125cc and under rider or passenger","Driver or rider","Male",23,"A","Single carriageway",30,"Unclassified","Not a Pedestrian","Not a Pedestrian",430086,425120,"E01011537",3,"Private drive or entrance","Darkness - lights lit","Fine no high winds","Dry","Motorcyclist and pillion"
"1668","2014131980364",2014-09-08,2014,"Sep",8,"09:30",9,30,"Monday","Slight",2,"Slight","Car occupant","Driver or rider","Male",23,"A","Single carriageway",30,"Motorway","Not a Pedestrian","Not a Pedestrian",430491,431746,"E01011467",2,"T or staggered junction","Daylight","Fine no high winds","Dry","Car occupant"
"1669","2014131980364",2014-09-08,2014,"Sep",8,"09:30",9,30,"Monday","Slight",2,"Slight","Car occupant","Driver or rider","Male",36,"A","Single carriageway",30,"Motorway","Not a Pedestrian","Not a Pedestrian",430491,431746,"E01011467",2,"T or staggered junction","Daylight","Fine no high winds","Dry","Car occupant"
"1670","2014131980700",2014-09-08,2014,"Sep",8,"13:15",13,15,"Monday","Slight",1,"Slight","Car occupant","Driver or rider","Female",22,"Unclassified","Roundabout",30,"Unclassified","Not a Pedestrian","Not a Pedestrian",430088,435423,"E01011670",2,"Roundabout","Daylight","Fine no high winds","Dry","Car occupant"
"1671","2014131981680",2014-09-08,2014,"Sep",8,"20:10",20,10,"Monday","Slight",1,"Slight","Pedestrian","Pedestrian","Female",4,"Unclassified","Single carriageway",30,NA,"In carriageway, not crossing","In carriageway, stationary - not crossing  (standing or playing) - masked by parked or stationary vehicle",432198,435360,"E01011432",1,"Not at junction or within 20 metres","Daylight","Fine no high winds","Dry","Pedestrian"
"1672","2014131990395",2014-09-09,2014,"Sep",9,"09:55",9,55,"Tuesday","Slight",1,"Slight","Car occupant","Driver or rider","Male",29,"Unclassified","Single carriageway",30,"Unclassified","Not a Pedestrian","Not a Pedestrian",429695,432315,"E01033032",8,"T or staggered junction","Daylight","Fine no high winds","Dry","Car occupant"
"1673","2014131990674",2014-09-09,2014,"Sep",9,"13:11",13,11,"Tuesday","Slight",1,"Slight","Car occupant","Driver or rider","Male",27,"Motorway","Dual carriageway",70,NA,"Not a Pedestrian","Not a Pedestrian",429015,426438,"E01011538",2,"Not at junction or within 20 metres","Daylight","Fine no high winds","Dry","Car occupant"
"1674","2014131991039",2014-09-09,2014,"Sep",9,"16:40",16,40,"Tuesday","Serious",1,"Serious","Cyclist","Driver or rider","Male",51,"A","Single carriageway",40,"Unclassified","Not a Pedestrian","Not a Pedestrian",424271,428356,"E01011523",2,"T or staggered junction","Daylight","Fine no high winds","Dry","Cyclist"
"1675","20141319A0028",2014-09-10,2014,"Sep",10,"00:28",0,28,"Wednesday","Slight",3,"Slight","Car occupant","Driver or rider","Male",26,"Unclassified","Single carriageway",30,"Unclassified","Not a Pedestrian","Not a Pedestrian",431547,434332,"E01033035",2,"T or staggered junction","Darkness - lights lit","Fine no high winds","Dry","Car occupant"
"1676","20141319A0028",2014-09-10,2014,"Sep",10,"00:28",0,28,"Wednesday","Slight",3,"Slight","Car occupant","Driver or rider","Male",43,"Unclassified","Single carriageway",30,"Unclassified","Not a Pedestrian","Not a Pedestrian",431547,434332,"E01033035",2,"T or staggered junction","Darkness - lights lit","Fine no high winds","Dry","Car occupant"
"1677","20141319A0028",2014-09-10,2014,"Sep",10,"00:28",0,28,"Wednesday","Slight",3,"Slight","Car occupant","Passenger","Male",42,"Unclassified","Single carriageway",30,"Unclassified","Not a Pedestrian","Not a Pedestrian",431547,434332,"E01033035",2,"T or staggered junction","Darkness - lights lit","Fine no high winds","Dry","Car occupant"
"1678","20141319A0195",2014-09-10,2014,"Sep",10,"07:28",7,28,"Wednesday","Slight",1,"Slight","Taxi/Private hire car occupant","Driver or rider","Male",38,"Unclassified","Single carriageway",30,NA,"Not a Pedestrian","Not a Pedestrian",432552,433926,"E01011348",2,"Not at junction or within 20 metres","Daylight","Fine no high winds","Dry","Car occupant"
"1679","20141319A0244",2014-09-10,2014,"Sep",10,"08:25",8,25,"Wednesday","Slight",2,"Slight","Taxi/Private hire car occupant","Passenger","Male",13,"Unclassified","Single carriageway",30,"Unclassified","Not a Pedestrian","Not a Pedestrian",429555,436696,"E01011354",2,"T or staggered junction","Daylight","Fine no high winds","Dry","Car occupant"
"1680","20141319A0244",2014-09-10,2014,"Sep",10,"08:25",8,25,"Wednesday","Slight",2,"Slight","Car occupant","Driver or rider","Female",46,"Unclassified","Single carriageway",30,"Unclassified","Not a Pedestrian","Not a Pedestrian",429555,436696,"E01011354",2,"T or staggered junction","Daylight","Fine no high winds","Dry","Car occupant"
"1681","20141319A0340",2014-09-10,2014,"Sep",10,"09:50",9,50,"Wednesday","Slight",1,"Slight","Motorcycle 125cc and under rider or passenger","Driver or rider","Male",19,"Unclassified","Single carriageway",30,NA,"Not a Pedestrian","Not a Pedestrian",424534,429191,"E01011522",2,"Not at junction or within 20 metres","Daylight","Fine no high winds","Dry","Motorcyclist and pillion"
"1682","20141319A0474",2014-09-10,2014,"Sep",10,"11:15",11,15,"Wednesday","Slight",1,"Slight","Pedestrian","Pedestrian","Male",86,"Unclassified","Single carriageway",30,"Unclassified","In carriageway, crossing elsewhere","Crossing from driver's nearside",421712,435118,"E01011598",1,"T or staggered junction","Daylight","Fine no high winds","Dry","Pedestrian"
"1683","20141319A0520",2014-09-10,2014,"Sep",10,"11:50",11,50,"Wednesday","Fatal",2,"Fatal","Pedestrian","Pedestrian","Female",23,"A","Dual carriageway",30,NA,"Crossing elsewhere within 50m. of pedestrian crossing","Crossing from driver's offside",428506,433960,"E01011678",1,"Not at junction or within 20 metres","Daylight","Fine no high winds","Dry","Pedestrian"
"1684","20141319A0520",2014-09-10,2014,"Sep",10,"11:50",11,50,"Wednesday","Fatal",2,"Slight","Car occupant","Driver or rider","Male",24,"A","Dual carriageway",30,NA,"Not a Pedestrian","Not a Pedestrian",428506,433960,"E01011678",1,"Not at junction or within 20 metres","Daylight","Fine no high winds","Dry","Car occupant"
"1685","20141319A0621",2014-09-10,2014,"Sep",10,"13:00",13,0,"Wednesday","Slight",2,"Slight","Car occupant","Driver or rider","Female",75,"A","Single carriageway",30,"Unclassified","Not a Pedestrian","Not a Pedestrian",421830,441204,"E01011578",3,"T or staggered junction","Daylight","Fine no high winds","Dry","Car occupant"
"1686","20141319A0621",2014-09-10,2014,"Sep",10,"13:00",13,0,"Wednesday","Slight",2,"Slight","Car occupant","Driver or rider","Female",67,"A","Single carriageway",30,"Unclassified","Not a Pedestrian","Not a Pedestrian",421830,441204,"E01011578",3,"T or staggered junction","Daylight","Fine no high winds","Dry","Car occupant"
"1687","20141319A0747",2014-09-10,2014,"Sep",10,"14:19",14,19,"Wednesday","Fatal",2,"Fatal","Car occupant","Driver or rider","Male",77,"Unclassified","Single carriageway",30,"Unclassified","Not a Pedestrian","Not a Pedestrian",428750,430778,"E01011315",2,"Private drive or entrance","Daylight","Fine no high winds","Dry","Car occupant"
"1688","20141319A0747",2014-09-10,2014,"Sep",10,"14:19",14,19,"Wednesday","Fatal",2,"Fatal","Car occupant","Passenger","Female",88,"Unclassified","Single carriageway",30,"Unclassified","Not a Pedestrian","Not a Pedestrian",428750,430778,"E01011315",2,"Private drive or entrance","Daylight","Fine no high winds","Dry","Car occupant"
"1689","20141319A0823",2014-09-10,2014,"Sep",10,"15:05",15,5,"Wednesday","Slight",1,"Slight","Cyclist","Driver or rider","Female",49,"A","Single carriageway",30,"Unclassified","Not a Pedestrian","Not a Pedestrian",427996,436017,"E01011440",2,"T or staggered junction","Daylight","Fine no high winds","Dry","Cyclist"
"1690","2014131A91065",2014-09-10,2014,"Sep",10,"17:12",17,12,"Wednesday","Slight",1,"Slight","Car occupant","Driver or rider","Female",57,"A","Single carriageway",40,NA,"Not a Pedestrian","Not a Pedestrian",435927,426611,"E01011636",6,"Not at junction or within 20 metres","Daylight","Fine no high winds","Dry","Car occupant"
"1691","20141319A1171",2014-09-10,2014,"Sep",10,"18:00",18,0,"Wednesday","Slight",1,"Slight","Car occupant","Driver or rider","Female",45,"Motorway","Dual carriageway",70,NA,"Not a Pedestrian","Not a Pedestrian",436177,431168,"E01011420",1,"Not at junction or within 20 metres","Daylight","Fine no high winds","Dry","Car occupant"
"1692","20141319A0669",2014-09-10,2014,"Sep",10,"19:45",19,45,"Wednesday","Slight",1,"Slight","Cyclist","Driver or rider","Male",47,"Unclassified","Single carriageway",30,"A","Not a Pedestrian","Not a Pedestrian",420531,440217,"E01011278",2,"T or staggered junction","Daylight","Fine no high winds","Dry","Cyclist"
"1693","20141319B0695",2014-09-11,2014,"Sep",11,"12:40",12,40,"Thursday","Slight",2,"Slight","Bus or coach occupant (17 or more pass seats)","Passenger","Male",20,"A","Dual carriageway",30,NA,"Not a Pedestrian","Not a Pedestrian",429008,433679,"E01011678",2,"Not at junction or within 20 metres","Daylight","Fine no high winds","Dry","Bus and goods vehicle occupant"
"1694","20141319B0695",2014-09-11,2014,"Sep",11,"12:40",12,40,"Thursday","Slight",2,"Slight","Bus or coach occupant (17 or more pass seats)","Passenger","Male",20,"A","Dual carriageway",30,NA,"Not a Pedestrian","Not a Pedestrian",429008,433679,"E01011678",2,"Not at junction or within 20 metres","Daylight","Fine no high winds","Dry","Bus and goods vehicle occupant"
"1695","20141319B0935",2014-09-11,2014,"Sep",11,"15:20",15,20,"Thursday","Slight",1,"Slight","Bus or coach occupant (17 or more pass seats)","Passenger","Female",72,"Unclassified","Single carriageway",30,"Unclassified","Not a Pedestrian","Not a Pedestrian",433183,433971,"E01011617",2,"T or staggered junction","Daylight","Fine no high winds","Dry","Bus and goods vehicle occupant"
"1696","20141319B1153",2014-09-11,2014,"Sep",11,"17:08",17,8,"Thursday","Serious",1,"Serious","Cyclist","Driver or rider","Male",13,"Unclassified","Single carriageway",30,NA,"Not a Pedestrian","Not a Pedestrian",436007,437654,"E01011718",2,"Not at junction or within 20 metres","Daylight","Fine no high winds","Dry","Cyclist"
"1697","20141319B1395",2014-09-11,2014,"Sep",11,"17:10",17,10,"Thursday","Slight",1,"Slight","Bus or coach occupant (17 or more pass seats)","Passenger","Male",35,"Unclassified","Single carriageway",30,NA,"Not a Pedestrian","Not a Pedestrian",429846,433793,"E01033008",1,"Not at junction or within 20 metres","Daylight","Fine no high winds","Dry","Bus and goods vehicle occupant"
"1698","20141319B1477",2014-09-11,2014,"Sep",11,"19:40",19,40,"Thursday","Serious",1,"Serious","Motorcycle 125cc and under rider or passenger","Driver or rider","Male",19,"B","Single carriageway",30,NA,"Not a Pedestrian","Not a Pedestrian",423807,430020,"E01011728",2,"Not at junction or within 20 metres","Daylight","Fine no high winds","Dry","Motorcyclist and pillion"
"1699","20141319B1640",2014-09-11,2014,"Sep",11,"21:00",21,0,"Thursday","Serious",1,"Serious","Motorcycle 125cc and under rider or passenger","Driver or rider","Male",16,"Unclassified","Single carriageway",30,"Unclassified","Not a Pedestrian","Not a Pedestrian",425092,438073,"E01011464",2,"T or staggered junction","Darkness - lights lit","Fine no high winds","Dry","Motorcyclist and pillion"
"1700","20141319B1649",2014-09-11,2014,"Sep",11,"21:00",21,0,"Thursday","Slight",1,"Slight","Cyclist","Driver or rider","Male",29,"Unclassified","Dual carriageway",30,"Unclassified","Not a Pedestrian","Not a Pedestrian",431160,430026,"E01011472",2,"T or staggered junction","Darkness - lights lit","Fine no high winds","Dry","Cyclist"
"1701","20141319B1635",2014-09-11,2014,"Sep",11,"21:20",21,20,"Thursday","Slight",1,"Slight","Cyclist","Driver or rider","Male",17,"A","Single carriageway",30,"Unclassified","Not a Pedestrian","Not a Pedestrian",427806,430025,"E01011317",2,"T or staggered junction","Darkness - lights lit","Fine no high winds","Dry","Cyclist"
"1702","20141319J0826",2014-09-12,2014,"Sep",12,"07:30",7,30,"Friday","Slight",1,"Slight","Cyclist","Driver or rider","Male",16,"Unclassified","Single carriageway",30,NA,"Not a Pedestrian","Not a Pedestrian",430400,435423,"E01011357",2,"Not at junction or within 20 metres","Daylight","Fine no high winds","Dry","Cyclist"
"1703","20141319C0589",2014-09-12,2014,"Sep",12,"12:15",12,15,"Friday","Slight",1,"Slight","Cyclist","Driver or rider","Male",25,"Unclassified","Single carriageway",30,"A","Not a Pedestrian","Not a Pedestrian",430089,431277,"E01011371",2,"T or staggered junction","Daylight","Fine no high winds","Dry","Cyclist"
"1704","20141319C0779",2014-09-12,2014,"Sep",12,"14:46",14,46,"Friday","Slight",1,"Slight","Car occupant","Driver or rider","Female",41,"A","Single carriageway",30,"Unclassified","Not a Pedestrian","Not a Pedestrian",428904,435513,"E01011443",2,"T or staggered junction","Daylight","Fine no high winds","Dry","Car occupant"
"1705","20141319C0853",2014-09-12,2014,"Sep",12,"15:15",15,15,"Friday","Slight",1,"Slight","Cyclist","Driver or rider","Male",26,"Unclassified","Single carriageway",30,"Unclassified","Not a Pedestrian","Not a Pedestrian",433163,433184,"E01011621",2,"Other junction","Daylight","Fine no high winds","Dry","Cyclist"
"1706","20141319C1040",2014-09-12,2014,"Sep",12,"16:35",16,35,"Friday","Slight",1,"Slight","Cyclist","Driver or rider","Male",55,"A","Dual carriageway",30,NA,"Not a Pedestrian","Not a Pedestrian",433502,434028,"E01011617",2,"Not at junction or within 20 metres","Daylight","Fine no high winds","Dry","Cyclist"
"1707","20141319C1309",2014-09-12,2014,"Sep",12,"19:00",19,0,"Friday","Slight",1,"Slight","Pedestrian","Pedestrian","Female",9,"Unclassified","Single carriageway",30,NA,"In carriageway, crossing elsewhere","Crossing from offside - masked by  parked or stationary vehicle",425557,432335,"E01011735",1,"Not at junction or within 20 metres","Daylight","Fine no high winds","Dry","Pedestrian"
"1708","20141319C1632",2014-09-12,2014,"Sep",12,"22:07",22,7,"Friday","Serious",1,"Serious","Car occupant","Driver or rider","Female",33,"A","Single carriageway",60,NA,"Not a Pedestrian","Not a Pedestrian",426984,440742,"E01011381",1,"Not at junction or within 20 metres","Darkness - lights lit","Fine no high winds","Dry","Car occupant"
"1709","20141319D0736",2014-09-13,2014,"Sep",13,"12:15",12,15,"Saturday","Slight",8,"Slight","Bus or coach occupant (17 or more pass seats)","Passenger","Female",35,"Unclassified","One way street",30,"Unclassified","Not a Pedestrian","Not a Pedestrian",429789,433800,"E01033008",2,"Crossroads","Daylight","Fine no high winds","Dry","Bus and goods vehicle occupant"
"1710","20141319D0736",2014-09-13,2014,"Sep",13,"12:15",12,15,"Saturday","Slight",8,"Slight","Bus or coach occupant (17 or more pass seats)","Passenger","Female",37,"Unclassified","One way street",30,"Unclassified","Not a Pedestrian","Not a Pedestrian",429789,433800,"E01033008",2,"Crossroads","Daylight","Fine no high winds","Dry","Bus and goods vehicle occupant"
"1711","20141319D0736",2014-09-13,2014,"Sep",13,"12:15",12,15,"Saturday","Slight",8,"Slight","Bus or coach occupant (17 or more pass seats)","Passenger","Female",71,"Unclassified","One way street",30,"Unclassified","Not a Pedestrian","Not a Pedestrian",429789,433800,"E01033008",2,"Crossroads","Daylight","Fine no high winds","Dry","Bus and goods vehicle occupant"
"1712","20141319D0736",2014-09-13,2014,"Sep",13,"12:15",12,15,"Saturday","Slight",8,"Slight","Bus or coach occupant (17 or more pass seats)","Passenger","Male",39,"Unclassified","One way street",30,"Unclassified","Not a Pedestrian","Not a Pedestrian",429789,433800,"E01033008",2,"Crossroads","Daylight","Fine no high winds","Dry","Bus and goods vehicle occupant"
"1713","20141319D0736",2014-09-13,2014,"Sep",13,"12:15",12,15,"Saturday","Slight",8,"Slight","Bus or coach occupant (17 or more pass seats)","Passenger","Female",68,"Unclassified","One way street",30,"Unclassified","Not a Pedestrian","Not a Pedestrian",429789,433800,"E01033008",2,"Crossroads","Daylight","Fine no high winds","Dry","Bus and goods vehicle occupant"
"1714","20141319D0736",2014-09-13,2014,"Sep",13,"12:15",12,15,"Saturday","Slight",8,"Slight","Bus or coach occupant (17 or more pass seats)","Passenger","Male",68,"Unclassified","One way street",30,"Unclassified","Not a Pedestrian","Not a Pedestrian",429789,433800,"E01033008",2,"Crossroads","Daylight","Fine no high winds","Dry","Bus and goods vehicle occupant"
"1715","20141319D0736",2014-09-13,2014,"Sep",13,"12:15",12,15,"Saturday","Slight",8,"Slight","Bus or coach occupant (17 or more pass seats)","Passenger","Male",40,"Unclassified","One way street",30,"Unclassified","Not a Pedestrian","Not a Pedestrian",429789,433800,"E01033008",2,"Crossroads","Daylight","Fine no high winds","Dry","Bus and goods vehicle occupant"
"1716","20141319D0736",2014-09-13,2014,"Sep",13,"12:15",12,15,"Saturday","Slight",8,"Slight","Bus or coach occupant (17 or more pass seats)","Passenger","Male",1,"Unclassified","One way street",30,"Unclassified","Not a Pedestrian","Not a Pedestrian",429789,433800,"E01033008",2,"Crossroads","Daylight","Fine no high winds","Dry","Bus and goods vehicle occupant"
"1717","20141319D1203",2014-09-13,2014,"Sep",13,"17:25",17,25,"Saturday","Slight",1,"Slight","Cyclist","Driver or rider","Male",15,"Unclassified","Single carriageway",30,"Unclassified","Not a Pedestrian","Not a Pedestrian",428495,434325,"E01011681",2,"T or staggered junction","Daylight","Fine no high winds","Dry","Cyclist"
"1718","20141319D1783",2014-09-13,2014,"Sep",13,"23:12",23,12,"Saturday","Serious",1,"Serious","Pedestrian","Pedestrian","Female",40,"A","Single carriageway",30,NA,"Crossing on pedestrian crossing facility","Crossing from driver's offside",427349,437171,"E01011690",1,"Not at junction or within 20 metres","Darkness - lights lit","Fine no high winds","Dry","Pedestrian"
"1719","20141319E0432",2014-09-14,2014,"Sep",14,"08:09",8,9,"Sunday","Slight",1,"Slight","Taxi/Private hire car occupant","Driver or rider","Male",61,"Unclassified","Single carriageway",30,"Unclassified","Not a Pedestrian","Not a Pedestrian",432471,434869,"E01011433",2,"T or staggered junction","Daylight","Fine no high winds","Dry","Car occupant"
"1720","20141319E0853",2014-09-14,2014,"Sep",14,"11:10",11,10,"Sunday","Slight",1,"Slight","Cyclist","Driver or rider","Male",52,"Unclassified","Single carriageway",40,NA,"Not a Pedestrian","Not a Pedestrian",432707,437431,"E01011641",3,"Not at junction or within 20 metres","Daylight","Fine no high winds","Dry","Cyclist"
"1721","20141319E0643",2014-09-14,2014,"Sep",14,"12:01",12,1,"Sunday","Slight",2,"Slight","Car occupant","Driver or rider","Male",27,"A","Roundabout",40,"A","Not a Pedestrian","Not a Pedestrian",428684,433031,"E01011363",3,"Roundabout","Daylight","Fine no high winds","Dry","Car occupant"
"1722","20141319E0643",2014-09-14,2014,"Sep",14,"12:01",12,1,"Sunday","Slight",2,"Slight","Car occupant","Passenger","Female",3,"A","Roundabout",40,"A","Not a Pedestrian","Not a Pedestrian",428684,433031,"E01011363",3,"Roundabout","Daylight","Fine no high winds","Dry","Car occupant"
"1723","20141319E1214",2014-09-14,2014,"Sep",14,"13:30",13,30,"Sunday","Slight",1,"Slight","Cyclist","Driver or rider","Male",22,"A","Single carriageway",30,"Unclassified","Not a Pedestrian","Not a Pedestrian",428438,435713,"E01032946",2,"T or staggered junction","Daylight","Fine no high winds","Dry","Cyclist"
"1724","20141319E1473",2014-09-14,2014,"Sep",14,"21:14",21,14,"Sunday","Slight",2,"Slight","Taxi/Private hire car occupant","Passenger","Female",52,"Unclassified","Single carriageway",30,"Unclassified","Not a Pedestrian","Not a Pedestrian",432472,434870,"E01011433",2,"T or staggered junction","Daylight","Fine no high winds","Dry","Car occupant"
"1725","20141319E1473",2014-09-14,2014,"Sep",14,"21:14",21,14,"Sunday","Slight",2,"Slight","Taxi/Private hire car occupant","Passenger","Male",54,"Unclassified","Single carriageway",30,"Unclassified","Not a Pedestrian","Not a Pedestrian",432472,434870,"E01011433",2,"T or staggered junction","Daylight","Fine no high winds","Dry","Car occupant"
"1726","20141319F0282",2014-09-15,2014,"Sep",15,"08:45",8,45,"Monday","Slight",1,"Slight","Motorcycle 125cc and under rider or passenger","Driver or rider","Male",23,"A","Single carriageway",30,"Unclassified","Not a Pedestrian","Not a Pedestrian",419736,441450,"E01011273",2,"T or staggered junction","Daylight","Raining no high winds","Wet or damp","Motorcyclist and pillion"
"1727","20141319F0442",2014-09-15,2014,"Sep",15,"10:40",10,40,"Monday","Slight",2,"Slight","Car occupant","Driver or rider","Female",35,"Unclassified","Single carriageway",30,"Unclassified","Not a Pedestrian","Not a Pedestrian",428618,440714,"E01011554",1,"T or staggered junction","Daylight","Fine no high winds","Wet or damp","Car occupant"
"1728","20141319F0442",2014-09-15,2014,"Sep",15,"10:40",10,40,"Monday","Slight",2,"Slight","Car occupant","Passenger","Male",43,"Unclassified","Single carriageway",30,"Unclassified","Not a Pedestrian","Not a Pedestrian",428618,440714,"E01011554",1,"T or staggered junction","Daylight","Fine no high winds","Wet or damp","Car occupant"
"1729","20141319F0629",2014-09-15,2014,"Sep",15,"12:45",12,45,"Monday","Slight",1,"Slight","Cyclist","Driver or rider","Male",16,"Unclassified","Single carriageway",30,"Unclassified","Not a Pedestrian","Not a Pedestrian",430150,430969,"E01011312",2,"T or staggered junction","Daylight","Fine no high winds","Dry","Cyclist"
"1730","20141319F1176",2014-09-15,2014,"Sep",15,"18:16",18,16,"Monday","Slight",1,"Slight","Pedestrian","Pedestrian","Male",9,"Unclassified","Single carriageway",30,NA,"Unknown or other","Crossing from driver's offside",426932,427529,"E01032492",1,"Not at junction or within 20 metres","Daylight","Fine no high winds","Dry","Pedestrian"
"1731","20141319G0301",2014-09-16,2014,"Sep",16,"08:54",8,54,"Tuesday","Slight",1,"Slight","Car occupant","Driver or rider","Male",48,"Motorway","Dual carriageway",50,NA,"Not a Pedestrian","Not a Pedestrian",428143,431528,"E01011369",3,"Not at junction or within 20 metres","Daylight","Fine no high winds","Dry","Car occupant"
"1732","20141319G0591",2014-09-16,2014,"Sep",16,"11:55",11,55,"Tuesday","Slight",1,"Slight","Pedestrian","Pedestrian","Female",39,"Unclassified","Single carriageway",30,"Unclassified","In carriageway, crossing elsewhere","Crossing from driver's nearside",431663,434484,"E01011677",1,"T or staggered junction","Daylight","Fine no high winds","Dry","Pedestrian"
"1733","20141319G0953",2014-09-16,2014,"Sep",16,"13:20",13,20,"Tuesday","Slight",4,"Slight","Goods vehicle (7.5 tonnes mgw and over) occupant","Passenger","Male",30,"Motorway","Dual carriageway",50,NA,"Not a Pedestrian","Not a Pedestrian",431623,425223,"E01011551",3,"Not at junction or within 20 metres","Daylight","Fine no high winds","Dry","Bus and goods vehicle occupant"
"1734","20141319G0953",2014-09-16,2014,"Sep",16,"13:20",13,20,"Tuesday","Slight",4,"Slight","Car occupant","Driver or rider","Female",20,"Motorway","Dual carriageway",50,NA,"Not a Pedestrian","Not a Pedestrian",431623,425223,"E01011551",3,"Not at junction or within 20 metres","Daylight","Fine no high winds","Dry","Car occupant"
"1735","20141319G0953",2014-09-16,2014,"Sep",16,"13:20",13,20,"Tuesday","Slight",4,"Slight","Car occupant","Passenger","Male",30,"Motorway","Dual carriageway",50,NA,"Not a Pedestrian","Not a Pedestrian",431623,425223,"E01011551",3,"Not at junction or within 20 metres","Daylight","Fine no high winds","Dry","Car occupant"
"1736","20141319G0953",2014-09-16,2014,"Sep",16,"13:20",13,20,"Tuesday","Slight",4,"Slight","Car occupant","Passenger","Female",22,"Motorway","Dual carriageway",50,NA,"Not a Pedestrian","Not a Pedestrian",431623,425223,"E01011551",3,"Not at junction or within 20 metres","Daylight","Fine no high winds","Dry","Car occupant"
"1737","20141319G1041",2014-09-16,2014,"Sep",16,"16:00",16,0,"Tuesday","Slight",1,"Slight","Pedestrian","Pedestrian","Male",21,"Unclassified","Dual carriageway",30,"Unclassified","In carriageway, crossing elsewhere","Crossing from driver's nearside",429498,433319,"E01033015",1,"T or staggered junction","Daylight","Fine no high winds","Dry","Pedestrian"
"1738","20141319G1168",2014-09-16,2014,"Sep",16,"17:21",17,21,"Tuesday","Slight",1,"Slight","Car occupant","Driver or rider","Female",27,"Unclassified","Single carriageway",30,"Unclassified","Not a Pedestrian","Not a Pedestrian",430419,437829,"E01011515",2,"T or staggered junction","Daylight","Fine no high winds","Dry","Car occupant"
"1739","20141319N0183",2014-09-17,2014,"Sep",17,"05:50",5,50,"Wednesday","Slight",1,"Slight","Cyclist","Driver or rider","Female",29,"Unclassified","Dual carriageway",30,"Unclassified","Not a Pedestrian","Not a Pedestrian",429412,428182,"E01032498",2,"T or staggered junction","Darkness - lights lit","Fine no high winds","Dry","Cyclist"
"1740","20141319H0222",2014-09-17,2014,"Sep",17,"07:24",7,24,"Wednesday","Slight",1,"Slight","Cyclist","Driver or rider","Male",46,"Unclassified","Single carriageway",40,"Unclassified","Not a Pedestrian","Not a Pedestrian",432055,435968,"E01011647",2,"T or staggered junction","Daylight","Fine no high winds","Dry","Cyclist"
"1741","20141319H0340",2014-09-17,2014,"Sep",17,"09:30",9,30,"Wednesday","Slight",1,"Slight","Car occupant","Driver or rider","Female",42,"A","Single carriageway",30,"Unclassified","Not a Pedestrian","Not a Pedestrian",429961,430866,"E01011322",2,"Other junction","Daylight","Fine no high winds","Dry","Car occupant"
"1742","20141319H0472",2014-09-17,2014,"Sep",17,"11:10",11,10,"Wednesday","Slight",1,"Slight","Car occupant","Driver or rider","Male",20,"Unclassified","Single carriageway",30,NA,"Not a Pedestrian","Not a Pedestrian",432912,433543,"E01011621",2,"Not at junction or within 20 metres","Daylight","Fine no high winds","Dry","Car occupant"
"1743","20141319H0585",2014-09-17,2014,"Sep",17,"12:30",12,30,"Wednesday","Slight",2,"Slight","Car occupant","Driver or rider","Female",18,"Unclassified","Single carriageway",30,"Unclassified","Not a Pedestrian","Not a Pedestrian",421074,433287,"E01011613",2,"T or staggered junction","Daylight","Fine no high winds","Dry","Car occupant"
"1744","20141319H0585",2014-09-17,2014,"Sep",17,"12:30",12,30,"Wednesday","Slight",2,"Slight","Car occupant","Passenger","Male",20,"Unclassified","Single carriageway",30,"Unclassified","Not a Pedestrian","Not a Pedestrian",421074,433287,"E01011613",2,"T or staggered junction","Daylight","Fine no high winds","Dry","Car occupant"
"1745","20141319H0965",2014-09-17,2014,"Sep",17,"16:20",16,20,"Wednesday","Slight",1,"Slight","Cyclist","Driver or rider","Male",25,"A","Dual carriageway",40,"Unclassified","Not a Pedestrian","Not a Pedestrian",433816,434050,"E01011617",2,"T or staggered junction","Daylight","Fine no high winds","Dry","Cyclist"