"","accident_index","date","year","month","day","time","time_hour","time_minute","day_of_week","accident_severity","number_of_casualties","casualty_severity","casualty_type","casualty_class","sex_of_casualty","age_of_casualty","first_road_class","road_type","speed_limit","second_road_class","pedestrian_location","pedestrian_movement","location_easting_osgr","location_northing_osgr","lsoa_of_accident_location","number_of_vehicles","junction_detail","light_conditions","weather_conditions","road_surface_conditions","cas_type"
"1746","20141319H0975",2014-09-17,2014,"Sep",17,"16:23",16,23,"Wednesday","Slight",1,"Slight","Cyclist","Driver or rider","Male",32,"A","Single carriageway",40,"A","Not a Pedestrian","Not a Pedestrian",424131,444007,"E01032503",2,"T or staggered junction","Daylight","Fine no high winds","Dry","Cyclist"
"1747","20141319H1265",2014-09-17,2014,"Sep",17,"18:33",18,33,"Wednesday","Slight",1,"Slight","Pedestrian","Pedestrian","Female",2,"Unclassified","Single carriageway",30,"Unclassified","In carriageway, crossing elsewhere","Unknown or other",429840,427589,"E01011497",1,"T or staggered junction","Daylight","Fine no high winds","Dry","Pedestrian"
"1748","20141319H1592",2014-09-17,2014,"Sep",17,"21:21",21,21,"Wednesday","Slight",4,"Slight","Car occupant","Driver or rider","Male",20,"Unclassified","Single carriageway",30,"A","Not a Pedestrian","Not a Pedestrian",421631,440843,"E01011578",2,"Crossroads","Darkness - lights lit","Raining no high winds","Wet or damp","Car occupant"
"1749","20141319H1592",2014-09-17,2014,"Sep",17,"21:21",21,21,"Wednesday","Slight",4,"Slight","Car occupant","Passenger","Female",19,"Unclassified","Single carriageway",30,"A","Not a Pedestrian","Not a Pedestrian",421631,440843,"E01011578",2,"Crossroads","Darkness - lights lit","Raining no high winds","Wet or damp","Car occupant"
"1750","20141319H1592",2014-09-17,2014,"Sep",17,"21:21",21,21,"Wednesday","Slight",4,"Slight","Car occupant","Passenger","Male",21,"Unclassified","Single carriageway",30,"A","Not a Pedestrian","Not a Pedestrian",421631,440843,"E01011578",2,"Crossroads","Darkness - lights lit","Raining no high winds","Wet or damp","Car occupant"
"1751","20141319H1592",2014-09-17,2014,"Sep",17,"21:21",21,21,"Wednesday","Slight",4,"Slight","Car occupant","Passenger","Male",19,"Unclassified","Single carriageway",30,"A","Not a Pedestrian","Not a Pedestrian",421631,440843,"E01011578",2,"Crossroads","Darkness - lights lit","Raining no high winds","Wet or damp","Car occupant"
"1752","20141319H1625",2014-09-17,2014,"Sep",17,"21:46",21,46,"Wednesday","Slight",1,"Slight","Car occupant","Passenger","Female",54,"A","Single carriageway",50,NA,"Not a Pedestrian","Not a Pedestrian",429734,426972,"E01032495",2,"Not at junction or within 20 metres","Darkness - lights lit","Fine no high winds","Dry","Car occupant"
"1753","20141319I0274",2014-09-18,2014,"Sep",18,"08:45",8,45,"Thursday","Slight",1,"Slight","Car occupant","Driver or rider","Female",32,"Unclassified","Single carriageway",30,"A","Not a Pedestrian","Not a Pedestrian",429082,433519,"E01033008",2,"T or staggered junction","Daylight","Fine no high winds","Dry","Car occupant"
"1754","20141319I0467",2014-09-18,2014,"Sep",18,"10:30",10,30,"Thursday","Slight",1,"Slight","Cyclist","Driver or rider","Male",32,"A","Dual carriageway",30,"Unclassified","Not a Pedestrian","Not a Pedestrian",425162,429001,"E01011522",2,"Crossroads","Daylight","Fine no high winds","Dry","Cyclist"
"1755","20141319I1058",2014-09-18,2014,"Sep",18,"16:40",16,40,"Thursday","Slight",1,"Slight","Pedestrian","Pedestrian","Female",27,"A","Single carriageway",30,"Unclassified","In carriageway, crossing elsewhere","Crossing from driver's nearside",427421,434620,"E01011482",1,"T or staggered junction","Daylight","Fine no high winds","Dry","Pedestrian"
"1756","20141319J0301",2014-09-19,2014,"Sep",19,"08:49",8,49,"Friday","Serious",1,"Serious","Pedestrian","Pedestrian","Male",7,"Unclassified","Single carriageway",20,NA,"In carriageway, crossing elsewhere","Crossing from driver's nearside",428169,436254,"E01011451",1,"Not at junction or within 20 metres","Daylight","Fine no high winds","Dry","Pedestrian"
"1757","20141319J0588",2014-09-19,2014,"Sep",19,"12:00",12,0,"Friday","Slight",1,"Slight","Car occupant","Driver or rider","Male",36,"Unclassified","Single carriageway",30,NA,"Not a Pedestrian","Not a Pedestrian",432003,439729,"E01011568",1,"Not at junction or within 20 metres","Daylight","Fine no high winds","Dry","Car occupant"
"1758","20141319J0933",2014-09-19,2014,"Sep",19,"15:16",15,16,"Friday","Slight",2,"Slight","Cyclist","Driver or rider","Male",15,"Unclassified","Single carriageway",30,"Unclassified","Not a Pedestrian","Not a Pedestrian",423301,434739,"E01011335",2,"Crossroads","Daylight","Fine no high winds","Wet or damp","Cyclist"
"1759","20141319J0933",2014-09-19,2014,"Sep",19,"15:16",15,16,"Friday","Slight",2,"Slight","Cyclist","Passenger","Male",15,"Unclassified","Single carriageway",30,"Unclassified","Not a Pedestrian","Not a Pedestrian",423301,434739,"E01011335",2,"Crossroads","Daylight","Fine no high winds","Wet or damp","Cyclist"
"1760","20141319J0982",2014-09-19,2014,"Sep",19,"15:38",15,38,"Friday","Slight",1,"Slight","Pedestrian","Pedestrian","Female",12,"Unclassified","Single carriageway",30,NA,"In carriageway, crossing elsewhere","Crossing from driver's nearside",429687,428088,"E01032498",1,"Not at junction or within 20 metres","Daylight","Raining no high winds","Wet or damp","Pedestrian"
"1761","20141319J1054",2014-09-19,2014,"Sep",19,"16:12",16,12,"Friday","Serious",1,"Serious","Pedestrian","Pedestrian","Female",44,"Unclassified","Single carriageway",30,NA,"Crossing on pedestrian crossing facility","Crossing from driver's nearside",430350,433429,"E01033010",1,"Not at junction or within 20 metres","Daylight","Fine no high winds","Dry","Pedestrian"
"1762","20141319K0369",2014-09-20,2014,"Sep",20,"05:39",5,39,"Saturday","Fatal",3,"Fatal","Car occupant","Driver or rider","Male",28,"Unclassified","Single carriageway",30,NA,"Not a Pedestrian","Not a Pedestrian",429940,430394,"E01011322",2,"Not at junction or within 20 metres","Darkness - lights lit","Raining no high winds","Wet or damp","Car occupant"
"1763","20141319K0369",2014-09-20,2014,"Sep",20,"05:39",5,39,"Saturday","Fatal",3,"Serious","Car occupant","Passenger","Male",25,"Unclassified","Single carriageway",30,NA,"Not a Pedestrian","Not a Pedestrian",429940,430394,"E01011322",2,"Not at junction or within 20 metres","Darkness - lights lit","Raining no high winds","Wet or damp","Car occupant"
"1764","20141319K0369",2014-09-20,2014,"Sep",20,"05:39",5,39,"Saturday","Fatal",3,"Fatal","Car occupant","Passenger","Female",25,"Unclassified","Single carriageway",30,NA,"Not a Pedestrian","Not a Pedestrian",429940,430394,"E01011322",2,"Not at junction or within 20 metres","Darkness - lights lit","Raining no high winds","Wet or damp","Car occupant"
"1765","20141319K0428",2014-09-20,2014,"Sep",20,"07:12",7,12,"Saturday","Slight",2,"Slight","Car occupant","Driver or rider","Female",50,"Motorway","Dual carriageway",70,NA,"Not a Pedestrian","Not a Pedestrian",432794,429523,"E01011470",1,"Not at junction or within 20 metres","Daylight","Raining no high winds","Wet or damp","Car occupant"
"1766","20141319K0428",2014-09-20,2014,"Sep",20,"07:12",7,12,"Saturday","Slight",2,"Slight","Car occupant","Passenger","Female",17,"Motorway","Dual carriageway",70,NA,"Not a Pedestrian","Not a Pedestrian",432794,429523,"E01011470",1,"Not at junction or within 20 metres","Daylight","Raining no high winds","Wet or damp","Car occupant"
"1767","20141319K0514",2014-09-20,2014,"Sep",20,"09:08",9,8,"Saturday","Slight",1,"Slight","Taxi/Private hire car occupant","Driver or rider","Male",37,"Unclassified","Single carriageway",30,"Unclassified","Not a Pedestrian","Not a Pedestrian",426106,437116,"E01011485",2,"Other junction","Daylight","Fine no high winds","Dry","Car occupant"
"1768","20141319K0792",2014-09-20,2014,"Sep",20,"12:15",12,15,"Saturday","Slight",1,"Slight","Car occupant","Passenger","Female",29,"Unclassified","Single carriageway",30,NA,"Not a Pedestrian","Not a Pedestrian",420469,439596,"E01011278",1,"Not at junction or within 20 metres","Daylight","Fine no high winds","Dry","Car occupant"
"1769","20141319K1055",2014-09-20,2014,"Sep",20,"15:45",15,45,"Saturday","Fatal",2,"Fatal","Car occupant","Passenger","Male",23,"Unclassified","Single carriageway",30,NA,"Not a Pedestrian","Not a Pedestrian",431942,438112,"E01011654",1,"Not at junction or within 20 metres","Daylight","Fine no high winds","Wet or damp","Car occupant"
"1770","20141319K1055",2014-09-20,2014,"Sep",20,"15:45",15,45,"Saturday","Fatal",2,"Slight","Car occupant","Driver or rider","Male",23,"Unclassified","Single carriageway",30,NA,"Not a Pedestrian","Not a Pedestrian",431942,438112,"E01011654",1,"Not at junction or within 20 metres","Daylight","Fine no high winds","Wet or damp","Car occupant"
"1771","20141319L0679",2014-09-21,2014,"Sep",21,"11:10",11,10,"Sunday","Serious",1,"Serious","Pedestrian","Pedestrian","Male",67,"Unclassified","Single carriageway",30,"Unclassified","In carriageway, crossing elsewhere","Crossing from driver's nearside",431378,434237,"E01033035",1,"T or staggered junction","Daylight","Fine no high winds","Dry","Pedestrian"
"1772","20141319M0313",2014-09-22,2014,"Sep",22,"08:30",8,30,"Monday","Slight",1,"Slight","Cyclist","Driver or rider","Male",49,"A","Single carriageway",40,"Unclassified","Not a Pedestrian","Not a Pedestrian",422824,437763,"E01011452",2,"Private drive or entrance","Daylight","Fine no high winds","Dry","Cyclist"
"1773","20141319M0473",2014-09-22,2014,"Sep",22,"10:30",10,30,"Monday","Slight",2,"Slight","Car occupant","Driver or rider","Male",53,"Unclassified","Single carriageway",30,"Unclassified","Not a Pedestrian","Not a Pedestrian",431849,435789,"E01011422",2,"T or staggered junction","Daylight","Fine no high winds","Dry","Car occupant"
"1774","20141319M0473",2014-09-22,2014,"Sep",22,"10:30",10,30,"Monday","Slight",2,"Slight","Car occupant","Driver or rider","Male",26,"Unclassified","Single carriageway",30,"Unclassified","Not a Pedestrian","Not a Pedestrian",431849,435789,"E01011422",2,"T or staggered junction","Daylight","Fine no high winds","Dry","Car occupant"
"1775","20141319M0967",2014-09-22,2014,"Sep",22,"15:44",15,44,"Monday","Slight",1,"Slight","Pedestrian","Pedestrian","Male",11,"Unclassified","Single carriageway",30,NA,"In carriageway, crossing elsewhere","Crossing from driver's nearside",432093,436324,"E01011642",1,"Not at junction or within 20 metres","Daylight","Fine no high winds","Dry","Pedestrian"
"1776","20141319M1243",2014-09-22,2014,"Sep",22,"17:53",17,53,"Monday","Slight",2,"Slight","Car occupant","Driver or rider","Female",42,"Unclassified","Single carriageway",30,"Unclassified","Not a Pedestrian","Not a Pedestrian",429958,427024,"E01032495",2,"T or staggered junction","Daylight","Fine no high winds","Dry","Car occupant"
"1777","20141319M1243",2014-09-22,2014,"Sep",22,"17:53",17,53,"Monday","Slight",2,"Slight","Car occupant","Driver or rider","Male",46,"Unclassified","Single carriageway",30,"Unclassified","Not a Pedestrian","Not a Pedestrian",429958,427024,"E01032495",2,"T or staggered junction","Daylight","Fine no high winds","Dry","Car occupant"
"1778","20141319M1463",2014-09-22,2014,"Sep",22,"18:00",18,0,"Monday","Slight",1,"Slight","Cyclist","Driver or rider","Male",28,"Unclassified","Dual carriageway",40,"Unclassified","Not a Pedestrian","Not a Pedestrian",436053,434790,"E01011345",2,"T or staggered junction","Daylight","Fine no high winds","Dry","Cyclist"
"1779","20141319M0270",2014-09-22,2014,"Sep",22,"19:20",19,20,"Monday","Serious",1,"Serious","Motorcycle over 500cc rider or passenger","Driver or rider","Male",59,"Unclassified","Single carriageway",30,"Unclassified","Not a Pedestrian","Not a Pedestrian",433257,432969,"E01011621",2,"T or staggered junction","Daylight","Fine no high winds","Dry","Motorcyclist and pillion"
"1780","20141319M1525",2014-09-22,2014,"Sep",22,"21:23",21,23,"Monday","Serious",1,"Serious","Pedestrian","Pedestrian","Male",56,"A","Single carriageway",40,"B","In carriageway, crossing elsewhere","Crossing from offside - masked by  parked or stationary vehicle",425638,426887,"E01011534",1,"T or staggered junction","Darkness - lights lit","Fine no high winds","Dry","Pedestrian"
"1781","20141319N0254",2014-09-23,2014,"Sep",23,"07:45",7,45,"Tuesday","Slight",1,"Slight","Cyclist","Driver or rider","Male",68,"A","Single carriageway",30,"Unclassified","Not a Pedestrian","Not a Pedestrian",436325,434204,"E01011408",2,"T or staggered junction","Daylight","Fine no high winds","Dry","Cyclist"
"1782","20141319N0255",2014-09-23,2014,"Sep",23,"07:52",7,52,"Tuesday","Slight",1,"Slight","Cyclist","Driver or rider","Male",38,"A","Single carriageway",30,NA,"Not a Pedestrian","Not a Pedestrian",430090,431415,"E01011371",2,"Not at junction or within 20 metres","Daylight","Fine no high winds","Dry","Cyclist"
"1783","20141319N0295",2014-09-23,2014,"Sep",23,"08:20",8,20,"Tuesday","Serious",1,"Serious","Motorcycle 125cc and under rider or passenger","Driver or rider","Male",18,"Unclassified","Dual carriageway",40,"Unclassified","Not a Pedestrian","Not a Pedestrian",434800,429089,"E01011628",2,"Crossroads","Daylight","Fine no high winds","Dry","Motorcyclist and pillion"
"1784","20141319N1116",2014-09-23,2014,"Sep",23,"16:10",16,10,"Tuesday","Slight",1,"Slight","Pedestrian","Pedestrian","Female",13,"Unclassified","Single carriageway",30,NA,"In carriageway, crossing elsewhere","Crossing from nearside - masked by parked or stationary vehicle",429790,435213,"E01011670",1,"Not at junction or within 20 metres","Daylight","Fine no high winds","Dry","Pedestrian"
"1785","20141319N1500",2014-09-23,2014,"Sep",23,"17:10",17,10,"Tuesday","Slight",1,"Slight","Van / Goods vehicle (3.5 tonnes mgw or under) occupant","Driver or rider","Male",37,"B","Single carriageway",30,NA,"Not a Pedestrian","Not a Pedestrian",422901,433567,"E01011610",2,"Not at junction or within 20 metres","Daylight","Fine no high winds","Dry","Bus and goods vehicle occupant"
"1786","20141319N1525",2014-09-23,2014,"Sep",23,"19:52",19,52,"Tuesday","Slight",1,"Slight","Pedestrian","Pedestrian","Female",20,"Unclassified","Single carriageway",30,NA,"In carriageway, crossing elsewhere","Crossing from driver's offside",428260,435442,"E01011442",1,"Not at junction or within 20 metres","Darkness - lights lit","Raining no high winds","Wet or damp","Pedestrian"
"1787","20141319O0159",2014-09-24,2014,"Sep",24,"06:25",6,25,"Wednesday","Serious",1,"Serious","Cyclist","Driver or rider","Male",35,"A","Roundabout",30,"Motorway","Not a Pedestrian","Not a Pedestrian",427592,431186,"E01011369",4,"Roundabout","Darkness - lights lit","Fine no high winds","Wet or damp","Cyclist"
"1788","20141319S1387",2014-09-24,2014,"Sep",24,"06:45",6,45,"Wednesday","Slight",1,"Slight","Cyclist","Driver or rider","Male",36,"Unclassified","Single carriageway",30,"Unclassified","Not a Pedestrian","Not a Pedestrian",428848,430136,"E01011320",2,"T or staggered junction","Daylight","Fine no high winds","Dry","Cyclist"
"1789","20141319O0245",2014-09-24,2014,"Sep",24,"08:40",8,40,"Wednesday","Serious",1,"Serious","Motorcycle 125cc and under rider or passenger","Driver or rider","Male",19,"Unclassified","Single carriageway",30,NA,"Not a Pedestrian","Not a Pedestrian",426426,427163,"E01011541",1,"Not at junction or within 20 metres","Daylight","Fine no high winds","Dry","Motorcyclist and pillion"
"1790","20141319O0485",2014-09-24,2014,"Sep",24,"11:46",11,46,"Wednesday","Slight",1,"Slight","Pedestrian","Pedestrian","Female",51,"Unclassified","Single carriageway",30,NA,"On refuge, central island or central reservation","In carriageway, stationary - not crossing  (standing or playing) - masked by parked or stationary vehicle",432459,434819,"E01011344",1,"Not at junction or within 20 metres","Daylight","Fine no high winds","Dry","Pedestrian"
"1791","20141319Q0967",2014-09-24,2014,"Sep",24,"12:15",12,15,"Wednesday","Slight",1,"Slight","Motorcycle 125cc and under rider or passenger","Driver or rider","Male",23,"Unclassified","Single carriageway",30,"Unclassified","Not a Pedestrian","Not a Pedestrian",427509,435384,"E01011479",2,"T or staggered junction","Daylight","Fine no high winds","Dry","Motorcyclist and pillion"
"1792","20141319N1081",2014-09-24,2014,"Sep",24,"13:40",13,40,"Wednesday","Slight",1,"Slight","Cyclist","Driver or rider","Male",22,"Unclassified","Roundabout",30,"Unclassified","Not a Pedestrian","Not a Pedestrian",431120,429867,"E01011474",2,"Roundabout","Daylight","Fine no high winds","Dry","Cyclist"
"1793","20141319O0778",2014-09-24,2014,"Sep",24,"14:25",14,25,"Wednesday","Serious",1,"Serious","Pedestrian","Pedestrian","Female",43,"Unclassified","Single carriageway",30,NA,"Crossing in zig-zag approach lines","Crossing from driver's nearside",429914,433490,"E01033010",1,"Not at junction or within 20 metres","Daylight","Fine no high winds","Dry","Pedestrian"
"1794","20141319O1118",2014-09-24,2014,"Sep",24,"17:00",17,0,"Wednesday","Slight",2,"Slight","Car occupant","Driver or rider","Female",28,"Unclassified","Single carriageway",30,"Unclassified","Not a Pedestrian","Not a Pedestrian",431711,435568,"E01011429",2,"T or staggered junction","Daylight","Fine no high winds","Dry","Car occupant"
"1795","20141319O1118",2014-09-24,2014,"Sep",24,"17:00",17,0,"Wednesday","Slight",2,"Slight","Car occupant","Passenger","Female",26,"Unclassified","Single carriageway",30,"Unclassified","Not a Pedestrian","Not a Pedestrian",431711,435568,"E01011429",2,"T or staggered junction","Daylight","Fine no high winds","Dry","Car occupant"
"1796","20141319O1108",2014-09-24,2014,"Sep",24,"17:07",17,7,"Wednesday","Slight",1,"Slight","Cyclist","Driver or rider","Male",23,"Unclassified","Single carriageway",30,NA,"Not a Pedestrian","Not a Pedestrian",428461,434424,"E01011483",2,"Not at junction or within 20 metres","Daylight","Fine no high winds","Dry","Cyclist"
"1797","20141319O1243",2014-09-24,2014,"Sep",24,"18:00",18,0,"Wednesday","Serious",2,"Slight","Car occupant","Driver or rider","Female",18,"Unclassified","Single carriageway",30,"Unclassified","Not a Pedestrian","Not a Pedestrian",438430,436418,"E01011719",2,"T or staggered junction","Daylight","Fine no high winds","Dry","Car occupant"
"1798","20141319O1243",2014-09-24,2014,"Sep",24,"18:00",18,0,"Wednesday","Serious",2,"Serious","Car occupant","Driver or rider","Male",56,"Unclassified","Single carriageway",30,"Unclassified","Not a Pedestrian","Not a Pedestrian",438430,436418,"E01011719",2,"T or staggered junction","Daylight","Fine no high winds","Dry","Car occupant"
"1799","20141319O1277",2014-09-24,2014,"Sep",24,"18:19",18,19,"Wednesday","Slight",1,"Slight","Pedestrian","Pedestrian","Male",11,"Unclassified","Single carriageway",30,"Unclassified","In carriageway, crossing elsewhere","Crossing from driver's nearside",430950,435512,"E01011361",1,"T or staggered junction","Daylight","Fine no high winds","Dry","Pedestrian"
"1800","20141319O1354",2014-09-24,2014,"Sep",24,"19:00",19,0,"Wednesday","Slight",1,"Slight","Car occupant","Driver or rider","Male",25,"B","Single carriageway",30,"Unclassified","Not a Pedestrian","Not a Pedestrian",427888,432916,"E01011294",2,"T or staggered junction","Daylight","Fine no high winds","Dry","Car occupant"
"1801","20141319O1363",2014-09-24,2014,"Sep",24,"19:10",19,10,"Wednesday","Slight",2,"Slight","Car occupant","Driver or rider","Female",30,"Unclassified","Single carriageway",30,"Unclassified","Not a Pedestrian","Not a Pedestrian",426285,435588,"E01011488",2,"Crossroads","Daylight","Fine no high winds","Dry","Car occupant"
"1802","20141319O1363",2014-09-24,2014,"Sep",24,"19:10",19,10,"Wednesday","Slight",2,"Slight","Car occupant","Driver or rider","Female",32,"Unclassified","Single carriageway",30,"Unclassified","Not a Pedestrian","Not a Pedestrian",426285,435588,"E01011488",2,"Crossroads","Daylight","Fine no high winds","Dry","Car occupant"
"1803","20141319P0481",2014-09-25,2014,"Sep",25,"10:45",10,45,"Thursday","Slight",1,"Slight","Cyclist","Driver or rider","Male",16,"Unclassified","Single carriageway",30,"Unclassified","Not a Pedestrian","Not a Pedestrian",431447,433443,"E01033021",2,"T or staggered junction","Daylight","Fine no high winds","Dry","Cyclist"
"1804","20141319P1341",2014-09-25,2014,"Sep",25,"15:00",15,0,"Thursday","Slight",1,"Slight","Bus or coach occupant (17 or more pass seats)","Passenger","Female",5,"Unclassified","Single carriageway",30,NA,"Not a Pedestrian","Not a Pedestrian",427250,433225,"E01011292",1,"Not at junction or within 20 metres","Daylight","Fine no high winds","Dry","Bus and goods vehicle occupant"
"1805","20141319P1408",2014-09-25,2014,"Sep",25,"19:19",19,19,"Thursday","Slight",1,"Slight","Pedestrian","Pedestrian","Female",51,"A","Single carriageway",30,NA,"In carriageway, crossing elsewhere","Crossing from driver's offside",427418,437081,"E01011690",1,"Not at junction or within 20 metres","Darkness - lights lit","Fine no high winds","Wet or damp","Pedestrian"
"1806","20141319P1598",2014-09-25,2014,"Sep",25,"19:45",19,45,"Thursday","Slight",1,"Slight","Cyclist","Driver or rider","Male",29,"A","Single carriageway",30,"Unclassified","Not a Pedestrian","Not a Pedestrian",428906,435510,"E01011443",2,"T or staggered junction","Daylight","Fine no high winds","Dry","Cyclist"
"1807","20141319Q0608",2014-09-26,2014,"Sep",26,"12:50",12,50,"Friday","Slight",1,"Slight","Cyclist","Driver or rider","Male",24,"Unclassified","Single carriageway",30,NA,"Not a Pedestrian","Not a Pedestrian",432074,432131,"E01011621",1,"Not at junction or within 20 metres","Daylight","Fine no high winds","Dry","Cyclist"
"1808","20141319Q0731",2014-09-26,2014,"Sep",26,"14:40",14,40,"Friday","Serious",1,"Serious","Motorcycle 125cc and under rider or passenger","Driver or rider","Male",25,"Unclassified","Single carriageway",30,NA,"Not a Pedestrian","Not a Pedestrian",427743,432615,"E01011362",1,"Not at junction or within 20 metres","Daylight","Fine no high winds","Dry","Motorcyclist and pillion"
"1809","20141319Q1022",2014-09-26,2014,"Sep",26,"17:07",17,7,"Friday","Slight",1,"Slight","Pedestrian","Pedestrian","Male",8,"Unclassified","Single carriageway",30,"Unclassified","In carriageway, crossing elsewhere","Crossing from driver's offside",429947,431817,"E01011364",1,"T or staggered junction","Daylight","Fine no high winds","Dry","Pedestrian"
"1810","20141319S1437",2014-09-27,2014,"Sep",27,"06:10",6,10,"Saturday","Slight",1,"Slight","Taxi/Private hire car occupant","Passenger","Female",47,"A","Single carriageway",30,NA,"Not a Pedestrian","Not a Pedestrian",428372,431293,"E01011369",1,"Not at junction or within 20 metres","Daylight","Fine no high winds","Dry","Car occupant"
"1811","20141319R1115",2014-09-27,2014,"Sep",27,"15:37",15,37,"Saturday","Slight",1,"Slight","Bus or coach occupant (17 or more pass seats)","Passenger","Female",77,"A","Single carriageway",40,NA,"Not a Pedestrian","Not a Pedestrian",436471,428488,"E01011635",1,"Not at junction or within 20 metres","Daylight","Fine no high winds","Dry","Bus and goods vehicle occupant"
"1812","20141319R1125",2014-09-27,2014,"Sep",27,"16:29",16,29,"Saturday","Slight",1,"Slight","Motorcycle over 500cc rider or passenger","Driver or rider","Male",57,"Unclassified","Single carriageway",30,NA,"Not a Pedestrian","Not a Pedestrian",420422,446252,"E01011584",1,"Not at junction or within 20 metres","Daylight","Fine no high winds","Dry","Motorcyclist and pillion"
"1813","20141319R1260",2014-09-27,2014,"Sep",27,"17:48",17,48,"Saturday","Slight",4,"Slight","Car occupant","Driver or rider","Male",45,"Unclassified","Single carriageway",30,"Unclassified","Not a Pedestrian","Not a Pedestrian",425505,440285,"E01011378",2,"T or staggered junction","Daylight","Fine no high winds","Dry","Car occupant"
"1814","20141319R1260",2014-09-27,2014,"Sep",27,"17:48",17,48,"Saturday","Slight",4,"Slight","Car occupant","Passenger","Female",47,"Unclassified","Single carriageway",30,"Unclassified","Not a Pedestrian","Not a Pedestrian",425505,440285,"E01011378",2,"T or staggered junction","Daylight","Fine no high winds","Dry","Car occupant"
"1815","20141319R1260",2014-09-27,2014,"Sep",27,"17:48",17,48,"Saturday","Slight",4,"Slight","Car occupant","Passenger","Female",10,"Unclassified","Single carriageway",30,"Unclassified","Not a Pedestrian","Not a Pedestrian",425505,440285,"E01011378",2,"T or staggered junction","Daylight","Fine no high winds","Dry","Car occupant"
"1816","20141319R1260",2014-09-27,2014,"Sep",27,"17:48",17,48,"Saturday","Slight",4,"Slight","Car occupant","Passenger","Male",16,"Unclassified","Single carriageway",30,"Unclassified","Not a Pedestrian","Not a Pedestrian",425505,440285,"E01011378",2,"T or staggered junction","Daylight","Fine no high winds","Dry","Car occupant"
"1817","20141319S0099",2014-09-28,2014,"Sep",28,"00:44",0,44,"Sunday","Serious",1,"Serious","Motorcycle over 500cc rider or passenger","Driver or rider","Male",28,"A","Dual carriageway",40,"Unclassified","Not a Pedestrian","Not a Pedestrian",426765,438353,"E01011684",2,"T or staggered junction","Darkness - lights lit","Fine no high winds","Dry","Motorcyclist and pillion"
"1818","20141319T0253",2014-09-29,2014,"Sep",29,"08:30",8,30,"Monday","Slight",1,"Slight","Pedestrian","Pedestrian","Male",4,"Unclassified","Single carriageway",30,NA,"On footway or verge","Unknown or other",436177,435946,"E01011724",1,"Not at junction or within 20 metres","Daylight","Fine no high winds","Dry","Pedestrian"
"1819","20141319T0468",2014-09-29,2014,"Sep",29,"10:35",10,35,"Monday","Slight",1,"Slight","Cyclist","Driver or rider","Female",31,"A","Dual carriageway",30,"Unclassified","Not a Pedestrian","Not a Pedestrian",427322,437205,"E01011690",2,"Crossroads","Daylight","Fine no high winds","Dry","Cyclist"
"1820","20141319T0480",2014-09-29,2014,"Sep",29,"10:47",10,47,"Monday","Slight",1,"Slight","Pedestrian","Pedestrian","Male",74,"Unclassified","Single carriageway",30,NA,"In carriageway, crossing elsewhere","Crossing from driver's nearside",420483,433994,"E01011597",1,"Not at junction or within 20 metres","Daylight","Fine no high winds","Dry","Pedestrian"
"1821","20141319T0743",2014-09-29,2014,"Sep",29,"11:25",11,25,"Monday","Slight",1,"Slight","Bus or coach occupant (17 or more pass seats)","Passenger","Male",50,"Unclassified","Single carriageway",30,NA,"Not a Pedestrian","Not a Pedestrian",430646,433445,"E01033011",1,"Not at junction or within 20 metres","Daylight","Fine no high winds","Dry","Bus and goods vehicle occupant"
"1822","20141319T0713",2014-09-29,2014,"Sep",29,"12:15",12,15,"Monday","Slight",1,"Slight","Pedestrian","Pedestrian","Female",30,"Unclassified","Single carriageway",30,"Unclassified","In carriageway, crossing elsewhere","Crossing from driver's nearside",436278,434709,"E01011408",1,"T or staggered junction","Daylight","Fine no high winds","Dry","Pedestrian"
"1823","20141319T0952",2014-09-29,2014,"Sep",29,"15:40",15,40,"Monday","Slight",1,"Slight","Pedestrian","Pedestrian","Male",17,"Unclassified","Single carriageway",30,NA,"In carriageway, crossing elsewhere","Crossing from driver's nearside",425443,437455,"E01011484",1,"Not at junction or within 20 metres","Daylight","Fine no high winds","Dry","Pedestrian"
"1824","20141319T1142",2014-09-29,2014,"Sep",29,"16:42",16,42,"Monday","Slight",1,"Slight","Motorcycle 125cc and under rider or passenger","Driver or rider","Male",46,"Unclassified","Single carriageway",30,NA,"Not a Pedestrian","Not a Pedestrian",427812,427012,"E01011540",1,"Not at junction or within 20 metres","Daylight","Fine no high winds","Wet or damp","Motorcyclist and pillion"
"1825","20141319T1169",2014-09-29,2014,"Sep",29,"16:58",16,58,"Monday","Slight",1,"Slight","Motorcycle over 500cc rider or passenger","Driver or rider","Male",38,"Unclassified","Single carriageway",30,NA,"Not a Pedestrian","Not a Pedestrian",429051,432262,"E01033013",2,"Not at junction or within 20 metres","Daylight","Fine no high winds","Dry","Motorcyclist and pillion"
"1826","20141319U0826",2014-09-30,2014,"Sep",30,"14:51",14,51,"Tuesday","Slight",1,"Slight","Cyclist","Driver or rider","Male",21,"A","Single carriageway",30,"Unclassified","Not a Pedestrian","Not a Pedestrian",428140,435853,"E01032946",2,"T or staggered junction","Daylight","Fine no high winds","Dry","Cyclist"