"","accident_index","date","year","month","day","time","time_hour","time_minute","day_of_week","accident_severity","number_of_casualties","casualty_severity","casualty_type","casualty_class","sex_of_casualty","age_of_casualty","first_road_class","road_type","speed_limit","second_road_class","pedestrian_location","pedestrian_movement","location_easting_osgr","location_northing_osgr","lsoa_of_accident_location","number_of_vehicles","junction_detail","light_conditions","weather_conditions","road_surface_conditions","cas_type"
"1827","20141319U0990",2014-09-30,2014,"Sep",30,"16:10",16,10,"Tuesday","Slight",1,"Slight","Car occupant","Passenger","Female",35,"Unclassified","Single carriageway",30,"Unclassified","Not a Pedestrian","Not a Pedestrian",425006,438168,"E01011464",2,"T or staggered junction","Daylight","Fine no high winds","Dry","Car occupant"
"1828","20141319U1294",2014-09-30,2014,"Sep",30,"17:30",17,30,"Tuesday","Slight",1,"Slight","Cyclist","Driver or rider","Female",29,"A","Single carriageway",30,"Unclassified","Not a Pedestrian","Not a Pedestrian",437661,444879,"E01011696",2,"T or staggered junction","Daylight","Fine no high winds","Dry","Cyclist"
"1829","2014131A10211",2014-10-01,2014,"Oct",1,"05:25",5,25,"Wednesday","Serious",1,"Serious","Cyclist","Driver or rider","Male",47,"A","Single carriageway",40,NA,"Not a Pedestrian","Not a Pedestrian",424904,436768,"E01032494",1,"Not at junction or within 20 metres","Darkness - lights unlit","Fine no high winds","Dry","Cyclist"
"1830","2014131A10334",2014-10-01,2014,"Oct",1,"08:58",8,58,"Wednesday","Slight",1,"Slight","Car occupant","Passenger","Female",4,"Unclassified","Single carriageway",30,"Unclassified","Not a Pedestrian","Not a Pedestrian",429747,437057,"E01011507",2,"Crossroads","Daylight","Fine no high winds","Dry","Car occupant"
"1831","2014131A10498",2014-10-01,2014,"Oct",1,"10:35",10,35,"Wednesday","Serious",1,"Serious","Motorcycle 125cc and under rider or passenger","Driver or rider","Male",27,"Unclassified","Single carriageway",30,NA,"Not a Pedestrian","Not a Pedestrian",432491,430804,"E01011470",2,"Not at junction or within 20 metres","Daylight","Fine no high winds","Dry","Motorcyclist and pillion"
"1832","2014131A10718",2014-10-01,2014,"Oct",1,"13:25",13,25,"Wednesday","Slight",1,"Slight","Car occupant","Driver or rider","Male",48,"A","Single carriageway",30,"Unclassified","Not a Pedestrian","Not a Pedestrian",420297,439687,"E01011277",2,"T or staggered junction","Daylight","Fine no high winds","Dry","Car occupant"
"1833","2014131A10887",2014-10-01,2014,"Oct",1,"15:04",15,4,"Wednesday","Slight",1,"Slight","Cyclist","Driver or rider","Male",57,"A","Single carriageway",30,"Unclassified","Not a Pedestrian","Not a Pedestrian",427944,436119,"E01011451",2,"T or staggered junction","Daylight","Fine no high winds","Dry","Cyclist"
"1834","2014131A10894",2014-10-01,2014,"Oct",1,"15:05",15,5,"Wednesday","Slight",1,"Slight","Pedestrian","Pedestrian","Male",12,"Unclassified","Single carriageway",30,NA,"In carriageway, crossing elsewhere","Crossing from offside - masked by  parked or stationary vehicle",431433,432929,"E01033034",1,"Not at junction or within 20 metres","Daylight","Fine no high winds","Dry","Pedestrian"
"1835","2014131A11082",2014-10-01,2014,"Oct",1,"16:26",16,26,"Wednesday","Slight",1,"Slight","Motorcycle over 500cc rider or passenger","Driver or rider","Male",34,"Unclassified","Single carriageway",30,NA,"Not a Pedestrian","Not a Pedestrian",429836,426067,"E01011538",2,"Not at junction or within 20 metres","Daylight","Fine no high winds","Dry","Motorcyclist and pillion"
"1836","2014131A11128",2014-10-01,2014,"Oct",1,"16:57",16,57,"Wednesday","Slight",1,"Slight","Car occupant","Driver or rider","Female",21,"A","Single carriageway",40,"Unclassified","Not a Pedestrian","Not a Pedestrian",425829,438092,"E01011684",2,"T or staggered junction","Daylight","Fine no high winds","Dry","Car occupant"
"1837","2014131A20220",2014-10-02,2014,"Oct",2,"07:30",7,30,"Thursday","Slight",1,"Slight","Taxi/Private hire car occupant","Passenger","Male",28,"Unclassified","Single carriageway",30,NA,"Not a Pedestrian","Not a Pedestrian",425954,435197,"E01011281",2,"Not at junction or within 20 metres","Daylight","Fine no high winds","Dry","Car occupant"
"1838","2014131A20331",2014-10-02,2014,"Oct",2,"08:45",8,45,"Thursday","Slight",1,"Slight","Car occupant","Driver or rider","Female",23,"Unclassified","Single carriageway",30,"Unclassified","Not a Pedestrian","Not a Pedestrian",438404,436410,"E01011719",2,"T or staggered junction","Daylight","Fine no high winds","Dry","Car occupant"
"1839","2014131A20395",2014-10-02,2014,"Oct",2,"09:40",9,40,"Thursday","Slight",1,"Slight","Cyclist","Driver or rider","Male",54,"A","Single carriageway",30,"Unclassified","Not a Pedestrian","Not a Pedestrian",427393,434638,"E01011482",2,"T or staggered junction","Daylight","Fine no high winds","Dry","Cyclist"
"1840","2014131A21064",2014-10-02,2014,"Oct",2,"16:44",16,44,"Thursday","Slight",1,"Slight","Bus or coach occupant (17 or more pass seats)","Passenger","Female",65,"Unclassified","Single carriageway",30,NA,"Not a Pedestrian","Not a Pedestrian",430407,433684,"E01033010",1,"Not at junction or within 20 metres","Daylight","Fine no high winds","Dry","Bus and goods vehicle occupant"
"1841","2014131A21226",2014-10-02,2014,"Oct",2,"18:10",18,10,"Thursday","Slight",2,"Slight","Car occupant","Driver or rider","Male",67,"Unclassified","Single carriageway",30,NA,"Not a Pedestrian","Not a Pedestrian",426265,433448,"E01032607",2,"Not at junction or within 20 metres","Daylight","Fine no high winds","Dry","Car occupant"
"1842","2014131A21226",2014-10-02,2014,"Oct",2,"18:10",18,10,"Thursday","Slight",2,"Slight","Car occupant","Driver or rider","Female",30,"Unclassified","Single carriageway",30,NA,"Not a Pedestrian","Not a Pedestrian",426265,433448,"E01032607",2,"Not at junction or within 20 metres","Daylight","Fine no high winds","Dry","Car occupant"
"1843","2014131A21233",2014-10-02,2014,"Oct",2,"18:14",18,14,"Thursday","Slight",1,"Slight","Motorcycle 125cc and under rider or passenger","Driver or rider","Male",17,"Unclassified","Single carriageway",30,NA,"Not a Pedestrian","Not a Pedestrian",424070,428295,"E01011523",2,"Not at junction or within 20 metres","Daylight","Fine no high winds","Dry","Motorcyclist and pillion"
"1844","2014131A21276",2014-10-02,2014,"Oct",2,"18:40",18,40,"Thursday","Slight",1,"Slight","Cyclist","Passenger","Female",8,"Unclassified","Single carriageway",30,"Unclassified","Not a Pedestrian","Not a Pedestrian",429213,429950,"E01011320",2,"Crossroads","Daylight","Fine no high winds","Dry","Cyclist"
"1845","2014131A30185",2014-10-03,2014,"Oct",3,"06:31",6,31,"Friday","Slight",1,"Slight","Car occupant","Driver or rider","Female",48,"A","Single carriageway",60,"Unclassified","Not a Pedestrian","Not a Pedestrian",431254,445733,"E01011561",2,"T or staggered junction","Daylight","Fine no high winds","Dry","Car occupant"
"1846","2014131A30603",2014-10-03,2014,"Oct",3,"10:50",10,50,"Friday","Serious",1,"Serious","Goods vehicle (7.5 tonnes mgw and over) occupant","Driver or rider","Male",52,"Motorway","Dual carriageway",70,NA,"Not a Pedestrian","Not a Pedestrian",433076,429619,"E01011470",1,"Not at junction or within 20 metres","Daylight","Fine no high winds","Dry","Bus and goods vehicle occupant"
"1847","2014131A30591",2014-10-03,2014,"Oct",3,"11:45",11,45,"Friday","Slight",1,"Slight","Car occupant","Passenger","Female",35,"A","Single carriageway",30,"Unclassified","Not a Pedestrian","Not a Pedestrian",431603,431457,"E01011468",2,"T or staggered junction","Daylight","Fine no high winds","Dry","Car occupant"
"1848","2014131A60839",2014-10-03,2014,"Oct",3,"13:35",13,35,"Friday","Slight",1,"Slight","Car occupant","Passenger","Female",19,"Unclassified","Single carriageway",30,NA,"Not a Pedestrian","Not a Pedestrian",429889,433412,"E01033016",1,"Not at junction or within 20 metres","Daylight","Fine no high winds","Dry","Car occupant"
"1849","2014131A30971",2014-10-03,2014,"Oct",3,"15:50",15,50,"Friday","Slight",1,"Slight","Car occupant","Driver or rider","Female",35,"Unclassified","Dual carriageway",30,"Unclassified","Not a Pedestrian","Not a Pedestrian",430790,433468,"E01033011",2,"Crossroads","Daylight","Fine no high winds","Dry","Car occupant"
"1850","2014131A31223",2014-10-03,2014,"Oct",3,"16:30",16,30,"Friday","Slight",1,"Slight","Bus or coach occupant (17 or more pass seats)","Passenger","Male",42,"A","Single carriageway",30,NA,"Not a Pedestrian","Not a Pedestrian",431090,433635,"E01033011",1,"Not at junction or within 20 metres","Daylight","Fine no high winds","Dry","Bus and goods vehicle occupant"
"1851","2014131A31212",2014-10-03,2014,"Oct",3,"18:05",18,5,"Friday","Slight",1,"Slight","Car occupant","Driver or rider","Male",24,"A","Single carriageway",30,"Unclassified","Not a Pedestrian","Not a Pedestrian",425135,428981,"E01011522",4,"Crossroads","Daylight","Fine no high winds","Dry","Car occupant"
"1852","2014131A40849",2014-10-04,2014,"Oct",4,"08:49",8,49,"Saturday","Slight",1,"Slight","Car occupant","Passenger","Female",21,"Unclassified","Single carriageway",30,NA,"Not a Pedestrian","Not a Pedestrian",430313,433457,"E01033010",1,"Not at junction or within 20 metres","Daylight","Fine no high winds","Dry","Car occupant"
"1853","2014131A40482",2014-10-04,2014,"Oct",4,"09:08",9,8,"Saturday","Slight",1,"Slight","Cyclist","Driver or rider","Male",48,"A","Single carriageway",30,"Unclassified","Not a Pedestrian","Not a Pedestrian",429943,427020,"E01032495",2,"T or staggered junction","Daylight","Raining no high winds","Wet or damp","Cyclist"
"1854","2014131A40620",2014-10-04,2014,"Oct",4,"11:14",11,14,"Saturday","Slight",2,"Slight","Car occupant","Passenger","Female",20,"A","Single carriageway",30,"Unclassified","Not a Pedestrian","Not a Pedestrian",427565,436878,"E01011694",2,"T or staggered junction","Daylight","Fine no high winds","Dry","Car occupant"
"1855","2014131A40620",2014-10-04,2014,"Oct",4,"11:14",11,14,"Saturday","Slight",2,"Slight","Car occupant","Driver or rider","Male",35,"A","Single carriageway",30,"Unclassified","Not a Pedestrian","Not a Pedestrian",427565,436878,"E01011694",2,"T or staggered junction","Daylight","Fine no high winds","Dry","Car occupant"
"1856","2014131A60305",2014-10-04,2014,"Oct",4,"14:30",14,30,"Saturday","Slight",1,"Slight","Pedestrian","Pedestrian","Male",26,"A","Single carriageway",40,"Unclassified","In carriageway, crossing elsewhere","Crossing from driver's nearside",427971,431940,"E01011369",1,"T or staggered junction","Daylight","Raining no high winds","Wet or damp","Pedestrian"
"1857","2014131A40879",2014-10-04,2014,"Oct",4,"14:34",14,34,"Saturday","Slight",1,"Slight","Car occupant","Driver or rider","Male",46,"Unclassified","Single carriageway",30,"Unclassified","Not a Pedestrian","Not a Pedestrian",429885,435213,"E01011670",2,"T or staggered junction","Daylight","Fine no high winds","Dry","Car occupant"
"1858","2014131A41016",2014-10-04,2014,"Oct",4,"15:53",15,53,"Saturday","Slight",1,"Slight","Car occupant","Passenger","Female",39,"A","Single carriageway",30,NA,"Not a Pedestrian","Not a Pedestrian",427574,436856,"E01011694",2,"Not at junction or within 20 metres","Daylight","Fine no high winds","Dry","Car occupant"
"1859","2014131A41009",2014-10-04,2014,"Oct",4,"16:45",16,45,"Saturday","Slight",1,"Slight","Pedestrian","Pedestrian","Female",48,"A","Dual carriageway",40,"Unclassified","In carriageway, crossing elsewhere","Crossing from driver's offside",430633,439212,"E01011512",1,"T or staggered junction","Daylight","Fine no high winds","Dry","Pedestrian"
"1860","2014131A41557",2014-10-04,2014,"Oct",4,"21:30",21,30,"Saturday","Slight",1,"Slight","Car occupant","Passenger","Female",25,"Unclassified","Single carriageway",30,"Unclassified","Not a Pedestrian","Not a Pedestrian",432429,433587,"E01011618",2,"Crossroads","Daylight","Fine no high winds","Dry","Car occupant"
"1861","2014131A50307",2014-10-05,2014,"Oct",5,"04:09",4,9,"Sunday","Serious",1,"Serious","Pedestrian","Pedestrian","Female",36,"Unclassified","Unknown",30,"Unclassified","Crossing on pedestrian crossing facility","Crossing from driver's offside",430204,433920,"E01033010",1,"Crossroads","Darkness - lights lit","Fine no high winds","Dry","Pedestrian"
"1862","2014131A50656",2014-10-05,2014,"Oct",5,"11:37",11,37,"Sunday","Serious",1,"Serious","Motorcycle 125cc and under rider or passenger","Driver or rider","Male",21,"Unclassified","Single carriageway",30,NA,"Not a Pedestrian","Not a Pedestrian",420971,441675,"E01011264",2,"Not at junction or within 20 metres","Daylight","Fine no high winds","Dry","Motorcyclist and pillion"
"1863","2014131A50825",2014-10-05,2014,"Oct",5,"13:26",13,26,"Sunday","Slight",1,"Slight","Pedestrian","Pedestrian","Female",71,"B","Single carriageway",30,NA,"Crossing on pedestrian crossing facility","Crossing from driver's nearside",428848,436552,"E01011450",1,"Not at junction or within 20 metres","Daylight","Fine no high winds","Dry","Pedestrian"
"1864","2014131A51602",2014-10-05,2014,"Oct",5,"15:30",15,30,"Sunday","Slight",1,"Slight","Pedestrian","Pedestrian","Female",49,"Unclassified","Single carriageway",30,NA,"In carriageway, not crossing","Walking along in carriageway, facing traffic",421879,438316,"E01011458",1,"Not at junction or within 20 metres","Daylight","Fine no high winds","Dry","Pedestrian"
"1865","2014131A51187",2014-10-05,2014,"Oct",5,"17:40",17,40,"Sunday","Slight",1,"Slight","Car occupant","Passenger","Female",43,"Unclassified","Single carriageway",30,NA,"Not a Pedestrian","Not a Pedestrian",432205,435905,"E01011647",2,"Not at junction or within 20 metres","Daylight","Fine no high winds","Dry","Car occupant"
"1866","2014131A51652",2014-10-05,2014,"Oct",5,"23:47",23,47,"Sunday","Slight",1,"Slight","Cyclist","Driver or rider","Male",61,"Unclassified","Roundabout",30,"Unclassified","Not a Pedestrian","Not a Pedestrian",430080,435434,"E01011670",2,"Roundabout","Darkness - lights lit","Fine no high winds","Dry","Cyclist"
"1867","2014131A60194",2014-10-06,2014,"Oct",6,"07:30",7,30,"Monday","Slight",1,"Slight","Pedestrian","Pedestrian","Female",11,"Unclassified","Single carriageway",30,NA,"In carriageway, crossing elsewhere","Crossing from driver's nearside",425583,435052,"E01011281",1,"Not at junction or within 20 metres","Daylight","Raining no high winds","Wet or damp","Pedestrian"
"1868","2014131A60464",2014-10-06,2014,"Oct",6,"11:09",11,9,"Monday","Slight",1,"Slight","Other vehicle occupant","Driver or rider","Male",23,"Unclassified","Single carriageway",30,"Unclassified","Not a Pedestrian","Not a Pedestrian",431525,434300,"E01033035",2,"T or staggered junction","Daylight","Raining no high winds","Wet or damp","Others"
"1869","2014131A20662",2014-10-06,2014,"Oct",6,"12:42",12,42,"Monday","Slight",1,"Slight","Pedestrian","Pedestrian","Male",20,"Unclassified","Single carriageway",30,"Unclassified","Crossing elsewhere within 50m. of pedestrian crossing","Crossing from offside - masked by  parked or stationary vehicle",427156,435718,"E01032945",1,"T or staggered junction","Daylight","Fine no high winds","Dry","Pedestrian"
"1870","2014131A70282",2014-10-07,2014,"Oct",7,"08:50",8,50,"Tuesday","Slight",1,"Slight","Cyclist","Driver or rider","Male",42,"Unclassified","Single carriageway",30,"Unclassified","Not a Pedestrian","Not a Pedestrian",432063,435967,"E01011647",2,"T or staggered junction","Daylight","Fine no high winds","Wet or damp","Cyclist"
"1871","2014131A70469",2014-10-07,2014,"Oct",7,"11:07",11,7,"Tuesday","Slight",1,"Slight","Car occupant","Passenger","Female",37,"Unclassified","Single carriageway",30,"Motorway","Not a Pedestrian","Not a Pedestrian",429144,431781,"E01011366",2,"T or staggered junction","Daylight","Fine no high winds","Dry","Car occupant"
"1872","2014131AA0937",2014-10-07,2014,"Oct",7,"14:45",14,45,"Tuesday","Slight",1,"Slight","Pedestrian","Pedestrian","Female",56,"Unclassified","Single carriageway",30,"B","In carriageway, crossing elsewhere","Crossing from driver's nearside",430892,436566,"E01011356",1,"T or staggered junction","Daylight","Fine no high winds","Dry","Pedestrian"
"1873","2014131A70953",2014-10-07,2014,"Oct",7,"16:06",16,6,"Tuesday","Slight",1,"Slight","Pedestrian","Pedestrian","Female",22,"Unclassified","Single carriageway",30,"Unclassified","Crossing on pedestrian crossing facility","Crossing from driver's offside",429584,434806,"E01033006",1,"Crossroads","Daylight","Raining no high winds","Wet or damp","Pedestrian"
"1874","2014131A71638",2014-10-07,2014,"Oct",7,"22:31",22,31,"Tuesday","Slight",1,"Slight","Motorcycle 50cc and under rider or passenger","Passenger","Female",33,"Unclassified","Single carriageway",40,"Unclassified","Not a Pedestrian","Not a Pedestrian",432157,436139,"E01011642",1,"T or staggered junction","Darkness - lights lit","Raining no high winds","Wet or damp","Motorcyclist and pillion"
"1875","2014131A71714",2014-10-07,2014,"Oct",7,"23:50",23,50,"Tuesday","Slight",2,"Slight","Car occupant","Driver or rider","Female",18,"Unclassified","Single carriageway",30,NA,"Not a Pedestrian","Not a Pedestrian",444517,432446,"E01011298",2,"Not at junction or within 20 metres","Darkness - lights lit","Fine no high winds","Dry","Car occupant"
"1876","2014131A71714",2014-10-07,2014,"Oct",7,"23:50",23,50,"Tuesday","Slight",2,"Slight","Car occupant","Passenger","Female",18,"Unclassified","Single carriageway",30,NA,"Not a Pedestrian","Not a Pedestrian",444517,432446,"E01011298",2,"Not at junction or within 20 metres","Darkness - lights lit","Fine no high winds","Dry","Car occupant"
"1877","2014131A80174",2014-10-08,2014,"Oct",8,"07:07",7,7,"Wednesday","Slight",2,"Slight","Car occupant","Driver or rider","Female",29,"A(M)","Dual carriageway",40,"A(M)","Not a Pedestrian","Not a Pedestrian",429413,433944,"E01011678",2,"Slip road","Daylight","Fine no high winds","Dry","Car occupant"
"1878","2014131A80174",2014-10-08,2014,"Oct",8,"07:07",7,7,"Wednesday","Slight",2,"Slight","Car occupant","Driver or rider","Female",40,"A(M)","Dual carriageway",40,"A(M)","Not a Pedestrian","Not a Pedestrian",429413,433944,"E01011678",2,"Slip road","Daylight","Fine no high winds","Dry","Car occupant"
"1879","2014131A80268",2014-10-08,2014,"Oct",8,"08:40",8,40,"Wednesday","Slight",1,"Slight","Cyclist","Driver or rider","Male",52,"A","Single carriageway",30,"Unclassified","Not a Pedestrian","Not a Pedestrian",431550,431477,"E01011468",2,"T or staggered junction","Daylight","Fine no high winds","Dry","Cyclist"
"1880","2014131A80776",2014-10-08,2014,"Oct",8,"14:11",14,11,"Wednesday","Slight",1,"Slight","Car occupant","Driver or rider","Female",21,"A","Roundabout",40,"Unclassified","Not a Pedestrian","Not a Pedestrian",428254,429639,"E01011518",2,"Roundabout","Daylight","Fine no high winds","Wet or damp","Car occupant"
"1881","2014131A81247",2014-10-08,2014,"Oct",8,"19:04",19,4,"Wednesday","Slight",1,"Slight","Car occupant","Passenger","Female",5,"Unclassified","Single carriageway",20,"Unclassified","Not a Pedestrian","Not a Pedestrian",429337,430477,"E01011313",2,"Crossroads","Darkness - lights lit","Raining no high winds","Wet or damp","Car occupant"
"1882","2014131A90026",2014-10-09,2014,"Oct",9,"00:30",0,30,"Thursday","Serious",1,"Serious","Motorcycle 125cc and under rider or passenger","Driver or rider","Male",50,"A","Dual carriageway",70,"Unclassified","Not a Pedestrian","Not a Pedestrian",422507,433995,"E01011610",1,"Slip road","Darkness - lights lit","Raining no high winds","Wet or damp","Motorcyclist and pillion"
"1883","2014131A90230",2014-10-09,2014,"Oct",9,"07:54",7,54,"Thursday","Slight",3,"Slight","Car occupant","Driver or rider","Female",60,"B","Single carriageway",30,"Unclassified","Not a Pedestrian","Not a Pedestrian",432281,435050,"E01011432",3,"Crossroads","Daylight","Fine no high winds","Wet or damp","Car occupant"
"1884","2014131A90230",2014-10-09,2014,"Oct",9,"07:54",7,54,"Thursday","Slight",3,"Slight","Car occupant","Driver or rider","Male",44,"B","Single carriageway",30,"Unclassified","Not a Pedestrian","Not a Pedestrian",432281,435050,"E01011432",3,"Crossroads","Daylight","Fine no high winds","Wet or damp","Car occupant"
"1885","2014131A90230",2014-10-09,2014,"Oct",9,"07:54",7,54,"Thursday","Slight",3,"Slight","Car occupant","Driver or rider","Male",52,"B","Single carriageway",30,"Unclassified","Not a Pedestrian","Not a Pedestrian",432281,435050,"E01011432",3,"Crossroads","Daylight","Fine no high winds","Wet or damp","Car occupant"
"1886","2014131A90297",2014-10-09,2014,"Oct",9,"08:46",8,46,"Thursday","Slight",2,"Slight","Car occupant","Passenger","Female",24,"Unclassified","Roundabout",30,"Unclassified","Not a Pedestrian","Not a Pedestrian",435036,435823,"E01011664",4,"Mini-roundabout","Daylight","Fine no high winds","Dry","Car occupant"
"1887","2014131A90297",2014-10-09,2014,"Oct",9,"08:46",8,46,"Thursday","Slight",2,"Slight","Car occupant","Passenger","Female",7,"Unclassified","Roundabout",30,"Unclassified","Not a Pedestrian","Not a Pedestrian",435036,435823,"E01011664",4,"Mini-roundabout","Daylight","Fine no high winds","Dry","Car occupant"
"1888","2014131A90343",2014-10-09,2014,"Oct",9,"09:23",9,23,"Thursday","Slight",1,"Slight","Car occupant","Driver or rider","Female",68,"A","Single carriageway",30,NA,"Not a Pedestrian","Not a Pedestrian",433722,436442,"E01011421",3,"Not at junction or within 20 metres","Daylight","Fine no high winds","Wet or damp","Car occupant"
"1889","2014131A91030",2014-10-09,2014,"Oct",9,"16:12",16,12,"Thursday","Slight",1,"Slight","Car occupant","Driver or rider","Male",50,"A","Dual carriageway",30,"A","Not a Pedestrian","Not a Pedestrian",431508,432628,"E01011626",2,"Crossroads","Daylight","Fine no high winds","Wet or damp","Car occupant"
"1890","2014131AA1129",2014-10-09,2014,"Oct",9,"18:00",18,0,"Thursday","Slight",2,"Slight","Car occupant","Driver or rider","Female",28,"A","Dual carriageway",40,"Motorway","Not a Pedestrian","Not a Pedestrian",428122,426677,"E01011538",2,"Roundabout","Darkness - lights lit","Fine no high winds","Dry","Car occupant"
"1891","2014131AA1129",2014-10-09,2014,"Oct",9,"18:00",18,0,"Thursday","Slight",2,"Slight","Car occupant","Passenger","Female",48,"A","Dual carriageway",40,"Motorway","Not a Pedestrian","Not a Pedestrian",428122,426677,"E01011538",2,"Roundabout","Darkness - lights lit","Fine no high winds","Dry","Car occupant"
"1892","2014131AA0083",2014-10-10,2014,"Oct",10,"01:20",1,20,"Friday","Slight",1,"Slight","Pedestrian","Pedestrian","Male",25,"A","Dual carriageway",30,"Unclassified","Crossing on pedestrian crossing facility","Crossing from driver's nearside",430949,433302,"E01033033",1,"Other junction","Darkness - lights lit","Fine no high winds","Wet or damp","Pedestrian"
"1893","2014131AA0409",2014-10-10,2014,"Oct",10,"04:05",4,5,"Friday","Serious",2,"Slight","Car occupant","Driver or rider","Male",28,"Unclassified","Single carriageway",30,NA,"Not a Pedestrian","Not a Pedestrian",436216,435289,"E01011406",2,"Not at junction or within 20 metres","Darkness - lights lit","Unknown","Wet or damp","Car occupant"
"1894","2014131AA0409",2014-10-10,2014,"Oct",10,"04:05",4,5,"Friday","Serious",2,"Serious","Car occupant","Passenger","Male",24,"Unclassified","Single carriageway",30,NA,"Not a Pedestrian","Not a Pedestrian",436216,435289,"E01011406",2,"Not at junction or within 20 metres","Darkness - lights lit","Unknown","Wet or damp","Car occupant"
"1895","2014131AA0216",2014-10-10,2014,"Oct",10,"07:08",7,8,"Friday","Serious",1,"Serious","Motorcycle over 500cc rider or passenger","Driver or rider","Male",29,"Motorway","Dual carriageway",70,NA,"Not a Pedestrian","Not a Pedestrian",427147,430591,"E01011734",2,"Not at junction or within 20 metres","Daylight","Fine no high winds","Wet or damp","Motorcyclist and pillion"
"1896","2014131AA0282",2014-10-10,2014,"Oct",10,"08:25",8,25,"Friday","Serious",2,"Serious","Taxi/Private hire car occupant","Driver or rider","Male",46,"A","Dual carriageway",40,"Unclassified","Not a Pedestrian","Not a Pedestrian",426769,438355,"E01032876",2,"T or staggered junction","Daylight","Fine no high winds","Wet or damp","Car occupant"
"1897","2014131AA0282",2014-10-10,2014,"Oct",10,"08:25",8,25,"Friday","Serious",2,"Slight","Motorcycle over 125cc and up to 500cc rider or  passenger","Driver or rider","Male",34,"A","Dual carriageway",40,"Unclassified","Not a Pedestrian","Not a Pedestrian",426769,438355,"E01032876",2,"T or staggered junction","Daylight","Fine no high winds","Wet or damp","Motorcyclist and pillion"
"1898","2014131AA0448",2014-10-10,2014,"Oct",10,"10:25",10,25,"Friday","Slight",2,"Slight","Car occupant","Passenger","Female",65,"Unclassified","Single carriageway",30,"Unclassified","Not a Pedestrian","Not a Pedestrian",428967,436383,"E01011450",2,"T or staggered junction","Daylight","Fine no high winds","Dry","Car occupant"
"1899","2014131AA0448",2014-10-10,2014,"Oct",10,"10:25",10,25,"Friday","Slight",2,"Slight","Car occupant","Passenger","Female",65,"Unclassified","Single carriageway",30,"Unclassified","Not a Pedestrian","Not a Pedestrian",428967,436383,"E01011450",2,"T or staggered junction","Daylight","Fine no high winds","Dry","Car occupant"
"1900","2014131AA0453",2014-10-10,2014,"Oct",10,"10:30",10,30,"Friday","Slight",1,"Slight","Cyclist","Driver or rider","Female",41,"A","Dual carriageway",30,NA,"Not a Pedestrian","Not a Pedestrian",427136,434788,"E01011482",2,"Not at junction or within 20 metres","Daylight","Fine no high winds","Dry","Cyclist"
"1901","2014131AA0966",2014-10-10,2014,"Oct",10,"14:45",14,45,"Friday","Slight",1,"Slight","Bus or coach occupant (17 or more pass seats)","Passenger","Female",94,"Unclassified","Single carriageway",30,NA,"Not a Pedestrian","Not a Pedestrian",429316,434038,"E01011678",1,"Not at junction or within 20 metres","Daylight","Fine no high winds","Dry","Bus and goods vehicle occupant"
"1902","2014131AF0962",2014-10-10,2014,"Oct",10,"16:30",16,30,"Friday","Serious",1,"Serious","Cyclist","Driver or rider","Male",53,"Unclassified","Single carriageway",30,"Unclassified","Not a Pedestrian","Not a Pedestrian",431923,438099,"E01011654",2,"Crossroads","Daylight","Fine no high winds","Dry","Cyclist"
"1903","2014131AA1092",2014-10-10,2014,"Oct",10,"17:00",17,0,"Friday","Slight",2,"Slight","Bus or coach occupant (17 or more pass seats)","Passenger","Female",77,"Unclassified","Single carriageway",30,NA,"Not a Pedestrian","Not a Pedestrian",430056,433473,"E01033010",1,"Not at junction or within 20 metres","Daylight","Fine no high winds","Dry","Bus and goods vehicle occupant"
"1904","2014131AA1092",2014-10-10,2014,"Oct",10,"17:00",17,0,"Friday","Slight",2,"Slight","Bus or coach occupant (17 or more pass seats)","Passenger","Female",49,"Unclassified","Single carriageway",30,NA,"Not a Pedestrian","Not a Pedestrian",430056,433473,"E01033010",1,"Not at junction or within 20 metres","Daylight","Fine no high winds","Dry","Bus and goods vehicle occupant"
"1905","2014131AA1113",2014-10-10,2014,"Oct",10,"17:10",17,10,"Friday","Slight",1,"Slight","Pedestrian","Pedestrian","Male",27,"A","Dual carriageway",30,NA,"Crossing elsewhere within 50m. of pedestrian crossing","Crossing from driver's nearside",429086,433604,"E01011678",1,"Not at junction or within 20 metres","Daylight","Fine no high winds","Dry","Pedestrian"
"1906","2014131AA1487",2014-10-10,2014,"Oct",10,"18:45",18,45,"Friday","Slight",2,"Slight","Bus or coach occupant (17 or more pass seats)","Passenger","Male",20,"Unclassified","Single carriageway",30,"Unclassified","Not a Pedestrian","Not a Pedestrian",429696,433423,"E01033008",1,"T or staggered junction","Darkness - lights lit","Fine no high winds","Dry","Bus and goods vehicle occupant"
"1907","2014131AA1487",2014-10-10,2014,"Oct",10,"18:45",18,45,"Friday","Slight",2,"Slight","Bus or coach occupant (17 or more pass seats)","Passenger","Male",22,"Unclassified","Single carriageway",30,"Unclassified","Not a Pedestrian","Not a Pedestrian",429696,433423,"E01033008",1,"T or staggered junction","Darkness - lights lit","Fine no high winds","Dry","Bus and goods vehicle occupant"
"1908","2014131AB0041",2014-10-11,2014,"Oct",11,"00:35",0,35,"Saturday","Slight",2,"Slight","Pedestrian","Pedestrian","Male",30,"Unclassified","Single carriageway",30,NA,"In carriageway, crossing elsewhere","Crossing from driver's nearside",429966,433240,"E01033016",1,"Not at junction or within 20 metres","Darkness - lights lit","Fine no high winds","Dry","Pedestrian"