"","accident_index","date","year","month","day","time","time_hour","time_minute","day_of_week","accident_severity","number_of_casualties","casualty_severity","casualty_type","casualty_class","sex_of_casualty","age_of_casualty","first_road_class","road_type","speed_limit","second_road_class","pedestrian_location","pedestrian_movement","location_easting_osgr","location_northing_osgr","lsoa_of_accident_location","number_of_vehicles","junction_detail","light_conditions","weather_conditions","road_surface_conditions","cas_type"
"1909","2014131AB0041",2014-10-11,2014,"Oct",11,"00:35",0,35,"Saturday","Slight",2,"Slight","Taxi/Private hire car occupant","Passenger","Male",43,"Unclassified","Single carriageway",30,NA,"Not a Pedestrian","Not a Pedestrian",429966,433240,"E01033016",1,"Not at junction or within 20 metres","Darkness - lights lit","Fine no high winds","Dry","Car occupant"
"1910","2014131AB0359",2014-10-11,2014,"Oct",11,"05:56",5,56,"Saturday","Slight",3,"Slight","Car occupant","Driver or rider","Male",63,"A(M)","Dual carriageway",40,"Unclassified","Not a Pedestrian","Not a Pedestrian",430429,433995,"E01033002",2,"Slip road","Daylight","Fine no high winds","Dry","Car occupant"
"1911","2014131AB0359",2014-10-11,2014,"Oct",11,"05:56",5,56,"Saturday","Slight",3,"Slight","Taxi/Private hire car occupant","Driver or rider","Male",43,"A(M)","Dual carriageway",40,"Unclassified","Not a Pedestrian","Not a Pedestrian",430429,433995,"E01033002",2,"Slip road","Daylight","Fine no high winds","Dry","Car occupant"
"1912","2014131AB0359",2014-10-11,2014,"Oct",11,"05:56",5,56,"Saturday","Slight",3,"Slight","Taxi/Private hire car occupant","Passenger","Male",28,"A(M)","Dual carriageway",40,"Unclassified","Not a Pedestrian","Not a Pedestrian",430429,433995,"E01033002",2,"Slip road","Daylight","Fine no high winds","Dry","Car occupant"
"1913","2014131AB0766",2014-10-11,2014,"Oct",11,"11:10",11,10,"Saturday","Slight",1,"Slight","Pedestrian","Pedestrian","Female",20,"Unclassified","Single carriageway",30,NA,"In carriageway, crossing elsewhere","Crossing from driver's nearside",427373,435963,"E01032945",1,"Not at junction or within 20 metres","Daylight","Fine no high winds","Dry","Pedestrian"
"1914","2014131AB0636",2014-10-11,2014,"Oct",11,"11:42",11,42,"Saturday","Slight",1,"Slight","Car occupant","Driver or rider","Female",41,"Unclassified","Single carriageway",20,"Unclassified","Not a Pedestrian","Not a Pedestrian",424223,435070,"E01011334",2,"Crossroads","Daylight","Fine no high winds","Dry","Car occupant"
"1915","2014131AB0952",2014-10-11,2014,"Oct",11,"15:00",15,0,"Saturday","Serious",1,"Serious","Motorcycle 125cc and under rider or passenger","Driver or rider","Male",21,"Unclassified","Single carriageway",30,NA,"Not a Pedestrian","Not a Pedestrian",426804,435496,"E01011477",2,"Not at junction or within 20 metres","Daylight","Fine no high winds","Dry","Motorcyclist and pillion"
"1916","2014131AB1058",2014-10-11,2014,"Oct",11,"16:07",16,7,"Saturday","Slight",4,"Slight","Car occupant","Passenger","Male",23,"Motorway","Dual carriageway",70,NA,"Not a Pedestrian","Not a Pedestrian",428927,426437,"E01011538",1,"Not at junction or within 20 metres","Daylight","Fine no high winds","Dry","Car occupant"
"1917","2014131AB1058",2014-10-11,2014,"Oct",11,"16:07",16,7,"Saturday","Slight",4,"Slight","Car occupant","Passenger","Male",20,"Motorway","Dual carriageway",70,NA,"Not a Pedestrian","Not a Pedestrian",428927,426437,"E01011538",1,"Not at junction or within 20 metres","Daylight","Fine no high winds","Dry","Car occupant"
"1918","2014131AB1058",2014-10-11,2014,"Oct",11,"16:07",16,7,"Saturday","Slight",4,"Slight","Car occupant","Passenger","Male",21,"Motorway","Dual carriageway",70,NA,"Not a Pedestrian","Not a Pedestrian",428927,426437,"E01011538",1,"Not at junction or within 20 metres","Daylight","Fine no high winds","Dry","Car occupant"
"1919","2014131AB1058",2014-10-11,2014,"Oct",11,"16:07",16,7,"Saturday","Slight",4,"Slight","Car occupant","Passenger","Male",19,"Motorway","Dual carriageway",70,NA,"Not a Pedestrian","Not a Pedestrian",428927,426437,"E01011538",1,"Not at junction or within 20 metres","Daylight","Fine no high winds","Dry","Car occupant"
"1920","2014131AC0057",2014-10-12,2014,"Oct",12,"00:25",0,25,"Sunday","Slight",4,"Slight","Taxi/Private hire car occupant","Driver or rider","Male",54,"A","Single carriageway",50,NA,"Not a Pedestrian","Not a Pedestrian",442047,434397,"E01011297",2,"Not at junction or within 20 metres","Darkness - lights lit","Fine no high winds","Wet or damp","Car occupant"
"1921","2014131AC0057",2014-10-12,2014,"Oct",12,"00:25",0,25,"Sunday","Slight",4,"Slight","Taxi/Private hire car occupant","Passenger","Female",24,"A","Single carriageway",50,NA,"Not a Pedestrian","Not a Pedestrian",442047,434397,"E01011297",2,"Not at junction or within 20 metres","Darkness - lights lit","Fine no high winds","Wet or damp","Car occupant"
"1922","2014131AC0057",2014-10-12,2014,"Oct",12,"00:25",0,25,"Sunday","Slight",4,"Slight","Car occupant","Driver or rider","Male",18,"A","Single carriageway",50,NA,"Not a Pedestrian","Not a Pedestrian",442047,434397,"E01011297",2,"Not at junction or within 20 metres","Darkness - lights lit","Fine no high winds","Wet or damp","Car occupant"
"1923","2014131AC0057",2014-10-12,2014,"Oct",12,"00:25",0,25,"Sunday","Slight",4,"Slight","Car occupant","Passenger","Female",15,"A","Single carriageway",50,NA,"Not a Pedestrian","Not a Pedestrian",442047,434397,"E01011297",2,"Not at junction or within 20 metres","Darkness - lights lit","Fine no high winds","Wet or damp","Car occupant"
"1924","2014131AC0576",2014-10-12,2014,"Oct",12,"10:55",10,55,"Sunday","Slight",1,"Slight","Car occupant","Driver or rider","Female",70,"Unclassified","Dual carriageway",30,"Unclassified","Not a Pedestrian","Not a Pedestrian",430805,433285,"E01033011",2,"Other junction","Daylight","Fine no high winds","Dry","Car occupant"
"1925","2014131AC0915",2014-10-12,2014,"Oct",12,"16:58",16,58,"Sunday","Slight",2,"Slight","Car occupant","Passenger","Female",29,"Unclassified","Single carriageway",30,"Unclassified","Not a Pedestrian","Not a Pedestrian",427459,435446,"E01011478",4,"T or staggered junction","Daylight","Fine no high winds","Dry","Car occupant"
"1926","2014131AC0915",2014-10-12,2014,"Oct",12,"16:58",16,58,"Sunday","Slight",2,"Slight","Car occupant","Passenger","Male",28,"Unclassified","Single carriageway",30,"Unclassified","Not a Pedestrian","Not a Pedestrian",427459,435446,"E01011478",4,"T or staggered junction","Daylight","Fine no high winds","Dry","Car occupant"
"1927","2014131AD0081",2014-10-13,2014,"Oct",13,"01:43",1,43,"Monday","Serious",2,"Serious","Car occupant","Driver or rider","Male",26,"Unclassified","Single carriageway",20,NA,"Not a Pedestrian","Not a Pedestrian",432020,434741,"E01011677",2,"Not at junction or within 20 metres","Darkness - lights lit","Fine no high winds","Dry","Car occupant"
"1928","2014131AD0081",2014-10-13,2014,"Oct",13,"01:43",1,43,"Monday","Serious",2,"Serious","Car occupant","Passenger","Male",34,"Unclassified","Single carriageway",20,NA,"Not a Pedestrian","Not a Pedestrian",432020,434741,"E01011677",2,"Not at junction or within 20 metres","Darkness - lights lit","Fine no high winds","Dry","Car occupant"
"1929","2014131AD0158",2014-10-13,2014,"Oct",13,"07:06",7,6,"Monday","Slight",1,"Slight","Car occupant","Driver or rider","Female",25,"A","Dual carriageway",50,NA,"Not a Pedestrian","Not a Pedestrian",425065,434382,"E01032606",2,"Not at junction or within 20 metres","Daylight","Fine no high winds","Wet or damp","Car occupant"
"1930","2014131AD0206",2014-10-13,2014,"Oct",13,"07:45",7,45,"Monday","Slight",1,"Slight","Car occupant","Driver or rider","Female",24,"A","Dual carriageway",40,"Unclassified","Not a Pedestrian","Not a Pedestrian",430354,438550,"E01011514",2,"Crossroads","Daylight","Raining no high winds","Wet or damp","Car occupant"
"1931","2014131AD0216",2014-10-13,2014,"Oct",13,"07:57",7,57,"Monday","Serious",1,"Serious","Motorcycle 125cc and under rider or passenger","Driver or rider","Female",32,"A","Single carriageway",50,"Unclassified","Not a Pedestrian","Not a Pedestrian",435431,439805,"E01011311",3,"Crossroads","Daylight","Fine no high winds","Dry","Motorcyclist and pillion"
"1932","2014131AD0363",2014-10-13,2014,"Oct",13,"09:55",9,55,"Monday","Slight",1,"Slight","Car occupant","Passenger","Male",4,"Unclassified","Single carriageway",30,"Unclassified","Not a Pedestrian","Not a Pedestrian",424765,435355,"E01011332",2,"T or staggered junction","Daylight","Fine no high winds","Wet or damp","Car occupant"
"1933","2014131AD0412",2014-10-13,2014,"Oct",13,"10:24",10,24,"Monday","Slight",1,"Slight","Car occupant","Driver or rider","Female",17,"A(M)","Dual carriageway",70,NA,"Not a Pedestrian","Not a Pedestrian",445256,431851,"E01011299",1,"Not at junction or within 20 metres","Daylight","Raining no high winds","Wet or damp","Car occupant"
"1934","2014131AE0339",2014-10-14,2014,"Oct",14,"09:36",9,36,"Tuesday","Slight",2,"Slight","Car occupant","Driver or rider","Female",31,"Unclassified","Single carriageway",30,"Unclassified","Not a Pedestrian","Not a Pedestrian",435268,439754,"E01011649",2,"Crossroads","Daylight","Fine no high winds","Wet or damp","Car occupant"
"1935","2014131AE0339",2014-10-14,2014,"Oct",14,"09:36",9,36,"Tuesday","Slight",2,"Slight","Car occupant","Driver or rider","Female",27,"Unclassified","Single carriageway",30,"Unclassified","Not a Pedestrian","Not a Pedestrian",435268,439754,"E01011649",2,"Crossroads","Daylight","Fine no high winds","Wet or damp","Car occupant"
"1936","2014131AE0730",2014-10-14,2014,"Oct",14,"13:26",13,26,"Tuesday","Slight",1,"Slight","Motorcycle 125cc and under rider or passenger","Driver or rider","Male",23,"Unclassified","Single carriageway",30,"Unclassified","Not a Pedestrian","Not a Pedestrian",426174,438742,"E01011695",2,"T or staggered junction","Daylight","Raining no high winds","Wet or damp","Motorcyclist and pillion"
"1937","2014131AE0954",2014-10-14,2014,"Oct",14,"15:30",15,30,"Tuesday","Slight",1,"Slight","Motorcycle 125cc and under rider or passenger","Driver or rider","Male",18,"A","Single carriageway",30,"Unclassified","Not a Pedestrian","Not a Pedestrian",429543,434843,"E01033006",2,"T or staggered junction","Daylight","Raining no high winds","Wet or damp","Motorcyclist and pillion"
"1938","2014131AE1113",2014-10-14,2014,"Oct",14,"16:45",16,45,"Tuesday","Slight",1,"Slight","Motorcycle 125cc and under rider or passenger","Driver or rider","Male",21,"B","Dual carriageway",70,NA,"Not a Pedestrian","Not a Pedestrian",442952,435328,"E01011297",1,"Not at junction or within 20 metres","Daylight","Raining no high winds","Wet or damp","Motorcyclist and pillion"
"1939","2014131AE1316",2014-10-14,2014,"Oct",14,"18:15",18,15,"Tuesday","Slight",1,"Slight","Car occupant","Driver or rider","Male",47,"Motorway","Dual carriageway",70,NA,"Not a Pedestrian","Not a Pedestrian",428327,426398,"E01011553",2,"Not at junction or within 20 metres","Darkness - lights lit","Raining no high winds","Wet or damp","Car occupant"
"1940","2014131AF0056",2014-10-15,2014,"Oct",15,"01:10",1,10,"Wednesday","Slight",1,"Slight","Car occupant","Driver or rider","Male",31,"Unclassified","Single carriageway",40,"Unclassified","Not a Pedestrian","Not a Pedestrian",432961,440276,"E01011561",1,"T or staggered junction","Darkness - lights lit","Fine no high winds","Wet or damp","Car occupant"
"1941","2014131AF0252",2014-10-15,2014,"Oct",15,"08:00",8,0,"Wednesday","Slight",1,"Slight","Cyclist","Driver or rider","Male",40,"A","Single carriageway",40,"Unclassified","Not a Pedestrian","Not a Pedestrian",424528,437061,"E01011453",2,"T or staggered junction","Daylight","Raining no high winds","Wet or damp","Cyclist"
"1942","2014131AF0415",2014-10-15,2014,"Oct",15,"10:15",10,15,"Wednesday","Slight",1,"Slight","Car occupant","Driver or rider","Male",30,"Unclassified","Single carriageway",30,"Unclassified","Not a Pedestrian","Not a Pedestrian",420327,445620,"E01011569",2,"Crossroads","Daylight","Raining no high winds","Wet or damp","Car occupant"
"1943","2014131AF0652",2014-10-15,2014,"Oct",15,"12:51",12,51,"Wednesday","Slight",1,"Slight","Car occupant","Driver or rider","Female",56,"A","Dual carriageway",30,"A","Not a Pedestrian","Not a Pedestrian",430654,434688,"E01011671",2,"Crossroads","Daylight","Raining no high winds","Wet or damp","Car occupant"
"1944","2014131AF0780",2014-10-15,2014,"Oct",15,"14:00",14,0,"Wednesday","Slight",1,"Slight","Car occupant","Driver or rider","Male",40,"Unclassified","Single carriageway",30,"Unclassified","Not a Pedestrian","Not a Pedestrian",428804,432747,"E01033013",2,"T or staggered junction","Daylight","Fine no high winds","Dry","Car occupant"
"1945","2014131AF1320",2014-10-15,2014,"Oct",15,"18:50",18,50,"Wednesday","Serious",1,"Serious","Pedestrian","Pedestrian","Female",74,"A","Single carriageway",30,NA,"Crossing elsewhere within 50m. of pedestrian crossing","Crossing from nearside - masked by parked or stationary vehicle",429931,437064,"E01011350",1,"Not at junction or within 20 metres","Daylight","Raining + high winds","Wet or damp","Pedestrian"
"1946","2014131AF1341",2014-10-15,2014,"Oct",15,"19:00",19,0,"Wednesday","Slight",1,"Slight","Cyclist","Driver or rider","Male",20,"Unclassified","Single carriageway",30,"Unclassified","Not a Pedestrian","Not a Pedestrian",428097,434762,"E01011481",2,"T or staggered junction","Darkness - lights lit","Raining no high winds","Wet or damp","Cyclist"
"1947","2014131AF1426",2014-10-15,2014,"Oct",15,"19:00",19,0,"Wednesday","Slight",1,"Slight","Pedestrian","Pedestrian","Female",11,"A","Single carriageway",30,"Unclassified","Crossing in zig-zag approach lines","Crossing from nearside - masked by parked or stationary vehicle",430090,431350,"E01011371",1,"T or staggered junction","Darkness - lights lit","Fine no high winds","Dry","Pedestrian"
"1948","2014131AF1712",2014-10-15,2014,"Oct",15,"23:40",23,40,"Wednesday","Slight",2,"Slight","Pedestrian","Pedestrian","Female",23,"Unclassified","Single carriageway",30,"Unclassified","Crossing on pedestrian crossing facility","Crossing from driver's nearside",429692,432929,"E01033015",1,"T or staggered junction","Darkness - lights lit","Raining no high winds","Wet or damp","Pedestrian"
"1949","2014131AF1712",2014-10-15,2014,"Oct",15,"23:40",23,40,"Wednesday","Slight",2,"Slight","Pedestrian","Pedestrian","Male",26,"Unclassified","Single carriageway",30,"Unclassified","Crossing on pedestrian crossing facility","Crossing from driver's nearside",429692,432929,"E01033015",1,"T or staggered junction","Darkness - lights lit","Raining no high winds","Wet or damp","Pedestrian"
"1950","2014131AG0491",2014-10-16,2014,"Oct",16,"08:50",8,50,"Thursday","Slight",1,"Slight","Cyclist","Driver or rider","Male",37,"A","Single carriageway",30,"Unclassified","Not a Pedestrian","Not a Pedestrian",427524,436945,"E01011690",2,"T or staggered junction","Daylight","Fine no high winds","Dry","Cyclist"
"1951","2014131AG0293",2014-10-16,2014,"Oct",16,"09:01",9,1,"Thursday","Slight",1,"Slight","Car occupant","Driver or rider","Male",55,"Unclassified","Single carriageway",30,"Unclassified","Not a Pedestrian","Not a Pedestrian",436452,436053,"E01011724",2,"T or staggered junction","Daylight","Fine no high winds","Dry","Car occupant"
"1952","2014131AG1006",2014-10-16,2014,"Oct",16,"14:37",14,37,"Thursday","Slight",1,"Slight","Pedestrian","Pedestrian","Female",28,"Unclassified","Single carriageway",30,"Unclassified","In carriageway, crossing elsewhere","Crossing from driver's nearside",428435,429604,"E01011321",1,"T or staggered junction","Daylight","Fine no high winds","Wet or damp","Pedestrian"
"1953","2014131AG0593",2014-10-16,2014,"Oct",16,"14:45",14,45,"Thursday","Slight",1,"Slight","Pedestrian","Pedestrian","Male",14,"Unclassified","Single carriageway",30,NA,"Crossing elsewhere within 50m. of pedestrian crossing","Crossing from driver's nearside",429449,439424,"E01011559",1,"Not at junction or within 20 metres","Daylight","Fine no high winds","Dry","Pedestrian"
"1954","2014131AG1189",2014-10-16,2014,"Oct",16,"18:09",18,9,"Thursday","Slight",1,"Slight","Cyclist","Driver or rider","Male",23,"A","Single carriageway",30,"Unclassified","Not a Pedestrian","Not a Pedestrian",431745,431417,"E01011468",2,"T or staggered junction","Darkness - lights lit","Fine no high winds","Dry","Cyclist"
"1955","2014131AH0047",2014-10-17,2014,"Oct",17,"00:57",0,57,"Friday","Slight",2,"Slight","Car occupant","Driver or rider","Male",19,"A","Single carriageway",30,NA,"Not a Pedestrian","Not a Pedestrian",432592,427380,"E01032496",3,"Not at junction or within 20 metres","Darkness - lights lit","Raining no high winds","Wet or damp","Car occupant"
"1956","2014131AH0047",2014-10-17,2014,"Oct",17,"00:57",0,57,"Friday","Slight",2,"Slight","Car occupant","Passenger","Male",17,"A","Single carriageway",30,NA,"Not a Pedestrian","Not a Pedestrian",432592,427380,"E01032496",3,"Not at junction or within 20 metres","Darkness - lights lit","Raining no high winds","Wet or damp","Car occupant"
"1957","2014131AH0226",2014-10-17,2014,"Oct",17,"07:45",7,45,"Friday","Slight",1,"Slight","Car occupant","Driver or rider","Female",23,"Unclassified","Single carriageway",30,"Unclassified","Not a Pedestrian","Not a Pedestrian",423809,439248,"E01011456",2,"T or staggered junction","Daylight","Fine no high winds","Dry","Car occupant"
"1958","2014131AH0209",2014-10-17,2014,"Oct",17,"07:58",7,58,"Friday","Serious",1,"Serious","Cyclist","Driver or rider","Male",31,"A","Roundabout",40,"A","Not a Pedestrian","Not a Pedestrian",423047,437663,"E01011452",2,"Roundabout","Daylight","Fine no high winds","Dry","Cyclist"
"1959","2014131AH0321",2014-10-17,2014,"Oct",17,"08:35",8,35,"Friday","Slight",2,"Slight","Car occupant","Driver or rider","Male",40,"Unclassified","Single carriageway",30,NA,"Not a Pedestrian","Not a Pedestrian",431371,435302,"E01011361",2,"Not at junction or within 20 metres","Daylight","Fine no high winds","Dry","Car occupant"
"1960","2014131AH0321",2014-10-17,2014,"Oct",17,"08:35",8,35,"Friday","Slight",2,"Slight","Car occupant","Passenger","Female",28,"Unclassified","Single carriageway",30,NA,"Not a Pedestrian","Not a Pedestrian",431371,435302,"E01011361",2,"Not at junction or within 20 metres","Daylight","Fine no high winds","Dry","Car occupant"
"1961","2014131AH0375",2014-10-17,2014,"Oct",17,"10:00",10,0,"Friday","Slight",2,"Slight","Car occupant","Driver or rider","Male",31,"A","Dual carriageway",30,NA,"Not a Pedestrian","Not a Pedestrian",433258,434026,"E01011617",3,"Not at junction or within 20 metres","Daylight","Fine no high winds","Dry","Car occupant"
"1962","2014131AH0375",2014-10-17,2014,"Oct",17,"10:00",10,0,"Friday","Slight",2,"Slight","Car occupant","Passenger","Male",31,"A","Dual carriageway",30,NA,"Not a Pedestrian","Not a Pedestrian",433258,434026,"E01011617",3,"Not at junction or within 20 metres","Daylight","Fine no high winds","Dry","Car occupant"
"1963","2014131AH0546",2014-10-17,2014,"Oct",17,"11:55",11,55,"Friday","Slight",1,"Slight","Car occupant","Driver or rider","Male",56,"A(M)","Dual carriageway",70,NA,"Not a Pedestrian","Not a Pedestrian",441101,449222,"E01011704",2,"Not at junction or within 20 metres","Daylight","Fine no high winds","Dry","Car occupant"
"1964","2014131AH0650",2014-10-17,2014,"Oct",17,"12:55",12,55,"Friday","Slight",1,"Slight","Car occupant","Driver or rider","Female",31,"A","Roundabout",40,"A","Not a Pedestrian","Not a Pedestrian",428268,429615,"E01011518",2,"Roundabout","Daylight","Fine no high winds","Dry","Car occupant"
"1965","2014131AH0887",2014-10-17,2014,"Oct",17,"15:40",15,40,"Friday","Slight",1,"Slight","Car occupant","Driver or rider","Female",35,"Unclassified","Single carriageway",30,"A","Not a Pedestrian","Not a Pedestrian",436836,433727,"E01011411",2,"Roundabout","Daylight","Fine no high winds","Dry","Car occupant"
"1966","2014131AI1088",2014-10-17,2014,"Oct",17,"18:45",18,45,"Friday","Slight",1,"Slight","Cyclist","Driver or rider","Male",35,"Unclassified","Single carriageway",30,"A","Not a Pedestrian","Not a Pedestrian",423666,437574,"E01011465",2,"T or staggered junction","Darkness - lights lit","Fine no high winds","Dry","Cyclist"
"1967","2014131AI0552",2014-10-18,2014,"Oct",18,"09:45",9,45,"Saturday","Slight",1,"Slight","Car occupant","Passenger","Female",50,"Unclassified","Single carriageway",30,"Unclassified","Not a Pedestrian","Not a Pedestrian",424100,431966,"E01011726",3,"Private drive or entrance","Daylight","Fine no high winds","Dry","Car occupant"
"1968","2014131AI0595",2014-10-18,2014,"Oct",18,"10:30",10,30,"Saturday","Serious",1,"Serious","Car occupant","Driver or rider","Female",34,"Unclassified","Single carriageway",30,"Unclassified","Not a Pedestrian","Not a Pedestrian",427891,432915,"E01011294",2,"T or staggered junction","Daylight","Fine no high winds","Dry","Car occupant"
"1969","2014131AI0791",2014-10-18,2014,"Oct",18,"13:13",13,13,"Saturday","Slight",1,"Slight","Car occupant","Driver or rider","Female",50,"Unclassified","Single carriageway",30,"Unclassified","Not a Pedestrian","Not a Pedestrian",433552,435959,"E01011421",2,"T or staggered junction","Daylight","Fine no high winds","Dry","Car occupant"
"1970","2014131AI0900",2014-10-18,2014,"Oct",18,"14:05",14,5,"Saturday","Slight",2,"Slight","Car occupant","Driver or rider","Male",20,"Unclassified","Single carriageway",30,"Unclassified","Not a Pedestrian","Not a Pedestrian",430641,433827,"E01033010",2,"T or staggered junction","Daylight","Fine no high winds","Dry","Car occupant"
"1971","2014131AI0900",2014-10-18,2014,"Oct",18,"14:05",14,5,"Saturday","Slight",2,"Slight","Car occupant","Passenger","Female",18,"Unclassified","Single carriageway",30,"Unclassified","Not a Pedestrian","Not a Pedestrian",430641,433827,"E01033010",2,"T or staggered junction","Daylight","Fine no high winds","Dry","Car occupant"
"1972","2014131AJ0005",2014-10-19,2014,"Oct",19,"00:05",0,5,"Sunday","Slight",1,"Slight","Taxi/Private hire car occupant","Driver or rider","Male",40,"Unclassified","Single carriageway",30,NA,"Not a Pedestrian","Not a Pedestrian",429715,433798,"E01033008",2,"Not at junction or within 20 metres","Darkness - lights lit","Fine no high winds","Dry","Car occupant"
"1973","2014131AJ0462",2014-10-19,2014,"Oct",19,"06:40",6,40,"Sunday","Slight",2,"Slight","Car occupant","Driver or rider","Male",49,"Unclassified","Dual carriageway",30,"A(M)","Not a Pedestrian","Not a Pedestrian",429100,433568,"E01033008",2,"T or staggered junction","Daylight","Fine no high winds","Dry","Car occupant"
"1974","2014131AJ0462",2014-10-19,2014,"Oct",19,"06:40",6,40,"Sunday","Slight",2,"Slight","Car occupant","Driver or rider","Female",39,"Unclassified","Dual carriageway",30,"A(M)","Not a Pedestrian","Not a Pedestrian",429100,433568,"E01033008",2,"T or staggered junction","Daylight","Fine no high winds","Dry","Car occupant"
"1975","2014131AJ1391",2014-10-19,2014,"Oct",19,"19:23",19,23,"Sunday","Serious",1,"Serious","Pedestrian","Pedestrian","Male",46,"A","Single carriageway",30,NA,"On footway or verge","Unknown or other",430140,436301,"E01011358",2,"Not at junction or within 20 metres","Darkness - lights lit","Fine no high winds","Wet or damp","Pedestrian"
"1976","2014131AJ1579",2014-10-19,2014,"Oct",19,"21:30",21,30,"Sunday","Slight",1,"Slight","Car occupant","Driver or rider","Male",29,"Motorway","Dual carriageway",70,NA,"Not a Pedestrian","Not a Pedestrian",441281,434629,"E01011297",2,"Not at junction or within 20 metres","Darkness - no lighting","Raining no high winds","Wet or damp","Car occupant"
"1977","2014131AK0574",2014-10-20,2014,"Oct",20,"12:34",12,34,"Monday","Slight",1,"Slight","Cyclist","Driver or rider","Male",23,"Unclassified","Roundabout",30,"Unclassified","Not a Pedestrian","Not a Pedestrian",430988,428228,"E01011490",2,"Roundabout","Daylight","Fine no high winds","Dry","Cyclist"
"1978","2014131AK0755",2014-10-20,2014,"Oct",20,"14:15",14,15,"Monday","Slight",1,"Slight","Pedestrian","Pedestrian","Female",54,"A","Dual carriageway",30,"Unclassified","In carriageway, crossing elsewhere","Crossing from driver's nearside",431130,431930,"E01011467",1,"T or staggered junction","Daylight","Fine no high winds","Dry","Pedestrian"
"1979","2014131AK1498",2014-10-20,2014,"Oct",20,"15:30",15,30,"Monday","Slight",1,"Slight","Pedestrian","Pedestrian","Female",75,"Unclassified","Single carriageway",30,NA,"Unknown or other","Unknown or other",440777,433031,"E01011403",1,"Not at junction or within 20 metres","Daylight","Fine no high winds","Dry","Pedestrian"
"1980","2014131AK1031",2014-10-20,2014,"Oct",20,"17:07",17,7,"Monday","Serious",2,"Serious","Car occupant","Driver or rider","Male",22,"A","Single carriageway",50,"Unclassified","Not a Pedestrian","Not a Pedestrian",435431,439805,"E01011311",2,"Crossroads","Daylight","Fine no high winds","Dry","Car occupant"
"1981","2014131AK1031",2014-10-20,2014,"Oct",20,"17:07",17,7,"Monday","Serious",2,"Slight","Car occupant","Driver or rider","Male",45,"A","Single carriageway",50,"Unclassified","Not a Pedestrian","Not a Pedestrian",435431,439805,"E01011311",2,"Crossroads","Daylight","Fine no high winds","Dry","Car occupant"
"1982","2014131AL0533",2014-10-21,2014,"Oct",21,"11:34",11,34,"Tuesday","Slight",1,"Slight","Car occupant","Passenger","Female",21,"A","Single carriageway",30,NA,"Not a Pedestrian","Not a Pedestrian",429915,432748,"E01033016",2,"Not at junction or within 20 metres","Daylight","Raining + high winds","Wet or damp","Car occupant"
"1983","2014131AL0594",2014-10-21,2014,"Oct",21,"12:15",12,15,"Tuesday","Slight",2,"Slight","Car occupant","Driver or rider","Female",26,"A","Single carriageway",30,"Unclassified","Not a Pedestrian","Not a Pedestrian",428620,429665,"E01011321",3,"T or staggered junction","Daylight","Raining + high winds","Wet or damp","Car occupant"
"1984","2014131AL0594",2014-10-21,2014,"Oct",21,"12:15",12,15,"Tuesday","Slight",2,"Slight","Car occupant","Driver or rider","Male",29,"A","Single carriageway",30,"Unclassified","Not a Pedestrian","Not a Pedestrian",428620,429665,"E01011321",3,"T or staggered junction","Daylight","Raining + high winds","Wet or damp","Car occupant"
"1985","2014131AL0823",2014-10-21,2014,"Oct",21,"15:09",15,9,"Tuesday","Slight",1,"Slight","Motorcycle over 500cc rider or passenger","Driver or rider","Male",55,"A","Roundabout",40,"Unclassified","Not a Pedestrian","Not a Pedestrian",420356,434245,"E01011595",2,"Roundabout","Daylight","Fine + high winds","Dry","Motorcyclist and pillion"
"1986","2014131AL1175",2014-10-21,2014,"Oct",21,"15:15",15,15,"Tuesday","Slight",1,"Slight","Taxi/Private hire car occupant","Passenger","Female",65,"A","Single carriageway",30,NA,"Not a Pedestrian","Not a Pedestrian",431833,435635,"E01011422",1,"Not at junction or within 20 metres","Daylight","Fine + high winds","Dry","Car occupant"
"1987","2014131AL1185",2014-10-21,2014,"Oct",21,"17:20",17,20,"Tuesday","Slight",1,"Slight","Car occupant","Driver or rider","Female",25,"Unclassified","Single carriageway",30,"Unclassified","Not a Pedestrian","Not a Pedestrian",421541,439405,"E01011457",2,"T or staggered junction","Darkness - lights lit","Fine no high winds","Dry","Car occupant"
"1988","2014131AM0193",2014-10-22,2014,"Oct",22,"07:30",7,30,"Wednesday","Serious",1,"Serious","Motorcycle 125cc and under rider or passenger","Driver or rider","Male",18,"A","Single carriageway",40,NA,"Not a Pedestrian","Not a Pedestrian",430624,424778,"E01011537",2,"Not at junction or within 20 metres","Daylight","Fine no high winds","Dry","Motorcyclist and pillion"
"1989","2014131AM0501",2014-10-22,2014,"Oct",22,"11:31",11,31,"Wednesday","Slight",1,"Slight","Car occupant","Driver or rider","Female",77,"Unclassified","Single carriageway",30,"Unclassified","Not a Pedestrian","Not a Pedestrian",431055,430949,"E01011468",3,"T or staggered junction","Daylight","Fine no high winds","Wet or damp","Car occupant"
"1990","2014131AM0719",2014-10-22,2014,"Oct",22,"13:40",13,40,"Wednesday","Slight",1,"Slight","Cyclist","Driver or rider","Male",40,"A","Single carriageway",30,"Unclassified","Not a Pedestrian","Not a Pedestrian",427486,434587,"E01011482",2,"T or staggered junction","Daylight","Raining no high winds","Wet or damp","Cyclist"
"1991","2014131AM1093",2014-10-22,2014,"Oct",22,"17:01",17,1,"Wednesday","Slight",1,"Slight","Pedestrian","Pedestrian","Female",26,"B","Single carriageway",30,"Unclassified","In carriageway, crossing elsewhere","Crossing from driver's offside",432348,434941,"E01011433",1,"Crossroads","Daylight","Fine no high winds","Wet or damp","Pedestrian"