"","accident_index","date","year","month","day","time","time_hour","time_minute","day_of_week","accident_severity","number_of_casualties","casualty_severity","casualty_type","casualty_class","sex_of_casualty","age_of_casualty","first_road_class","road_type","speed_limit","second_road_class","pedestrian_location","pedestrian_movement","location_easting_osgr","location_northing_osgr","lsoa_of_accident_location","number_of_vehicles","junction_detail","light_conditions","weather_conditions","road_surface_conditions","cas_type"
"1992","2014131AM1173",2014-10-22,2014,"Oct",22,"17:30",17,30,"Wednesday","Slight",1,"Slight","Motorcycle 125cc and under rider or passenger","Driver or rider","Male",22,"A(M)","Dual carriageway",40,NA,"Not a Pedestrian","Not a Pedestrian",430338,434229,"E01033002",2,"Not at junction or within 20 metres","Darkness - lights lit","Fine no high winds","Wet or damp","Motorcyclist and pillion"
"1993","2014131AN0179",2014-10-23,2014,"Oct",23,"06:58",6,58,"Thursday","Slight",1,"Slight","Car occupant","Driver or rider","Male",43,"A","Single carriageway",40,"Unclassified","Not a Pedestrian","Not a Pedestrian",434567,434448,"E01011341",2,"T or staggered junction","Daylight","Fine no high winds","Dry","Car occupant"
"1994","2014131AN0185",2014-10-23,2014,"Oct",23,"07:05",7,5,"Thursday","Serious",1,"Serious","Cyclist","Driver or rider","Male",41,"Unclassified","Single carriageway",30,"Unclassified","Not a Pedestrian","Not a Pedestrian",428940,429855,"E01011320",2,"Crossroads","Darkness - lights lit","Fine no high winds","Wet or damp","Cyclist"
"1995","2014131AN0267",2014-10-23,2014,"Oct",23,"08:00",8,0,"Thursday","Serious",1,"Serious","Cyclist","Driver or rider","Male",22,"Unclassified","Single carriageway",30,"Unclassified","Not a Pedestrian","Not a Pedestrian",428099,434744,"E01011481",2,"Private drive or entrance","Daylight","Fine no high winds","Dry","Cyclist"
"1996","2014131AN0293",2014-10-23,2014,"Oct",23,"08:54",8,54,"Thursday","Serious",1,"Serious","Pedestrian","Pedestrian","Male",6,"Unclassified","Single carriageway",30,"Unclassified","In carriageway, crossing elsewhere","Crossing from driver's offside",429476,435414,"E01011669",1,"T or staggered junction","Daylight","Fine no high winds","Dry","Pedestrian"
"1997","2014131AN0560",2014-10-23,2014,"Oct",23,"11:55",11,55,"Thursday","Slight",1,"Slight","Car occupant","Driver or rider","Male",37,"Unclassified","Single carriageway",30,"Unclassified","Not a Pedestrian","Not a Pedestrian",430965,425763,"E01011551",2,"T or staggered junction","Daylight","Fine no high winds","Dry","Car occupant"
"1998","2014131AN0773",2014-10-23,2014,"Oct",23,"14:21",14,21,"Thursday","Slight",2,"Slight","Car occupant","Driver or rider","Female",21,"A","Single carriageway",40,"Unclassified","Not a Pedestrian","Not a Pedestrian",425214,437871,"E01011464",2,"Other junction","Daylight","Fine no high winds","Dry","Car occupant"
"1999","2014131AN0773",2014-10-23,2014,"Oct",23,"14:21",14,21,"Thursday","Slight",2,"Slight","Van / Goods vehicle (3.5 tonnes mgw or under) occupant","Driver or rider","Male",28,"A","Single carriageway",40,"Unclassified","Not a Pedestrian","Not a Pedestrian",425214,437871,"E01011464",2,"Other junction","Daylight","Fine no high winds","Dry","Bus and goods vehicle occupant"
"2000","2014131AN1484",2014-10-23,2014,"Oct",23,"16:29",16,29,"Thursday","Slight",1,"Slight","Bus or coach occupant (17 or more pass seats)","Passenger","Male",77,"Unclassified","Single carriageway",30,NA,"Not a Pedestrian","Not a Pedestrian",426554,427373,"E01011541",1,"Not at junction or within 20 metres","Daylight","Fine no high winds","Dry","Bus and goods vehicle occupant"
"2001","2014131AN1108",2014-10-23,2014,"Oct",23,"17:12",17,12,"Thursday","Slight",1,"Slight","Motorcycle 125cc and under rider or passenger","Driver or rider","Male",29,"B","Single carriageway",30,"Unclassified","Not a Pedestrian","Not a Pedestrian",432300,430872,"E01011470",2,"Other junction","Daylight","Fine no high winds","Dry","Motorcyclist and pillion"
"2002","2014131AN1193",2014-10-23,2014,"Oct",23,"17:15",17,15,"Thursday","Slight",1,"Slight","Pedestrian","Pedestrian","Male",30,"A","Dual carriageway",40,"Unclassified","On footway or verge","Unknown or other",436172,434858,"E01011408",1,"Private drive or entrance","Daylight","Fine no high winds","Dry","Pedestrian"
"2003","2014131AN1261",2014-10-23,2014,"Oct",23,"18:32",18,32,"Thursday","Slight",1,"Slight","Minibus (8 - 16 passenger seats) occupant","Driver or rider","Female",58,"A","Single carriageway",30,NA,"Not a Pedestrian","Not a Pedestrian",431942,435812,"E01011422",2,"Not at junction or within 20 metres","Daylight","Fine no high winds","Dry","Bus and goods vehicle occupant"
"2004","2014131AN1602",2014-10-23,2014,"Oct",23,"21:23",21,23,"Thursday","Serious",1,"Serious","Cyclist","Driver or rider","Male",28,"B","Single carriageway",30,NA,"Not a Pedestrian","Not a Pedestrian",425221,433296,"E01011739",2,"Not at junction or within 20 metres","Darkness - lights lit","Fine no high winds","Dry","Cyclist"
"2005","2014131AO0404",2014-10-24,2014,"Oct",24,"08:20",8,20,"Friday","Slight",1,"Slight","Pedestrian","Pedestrian","Male",27,"Unclassified","Single carriageway",30,"Unclassified","Unknown or other","Crossing from driver's offside",431003,431537,"E01011467",1,"T or staggered junction","Daylight","Fine no high winds","Dry","Pedestrian"
"2006","2014131AO0536",2014-10-24,2014,"Oct",24,"11:13",11,13,"Friday","Slight",1,"Slight","Cyclist","Driver or rider","Male",19,"Unclassified","Single carriageway",30,"Unclassified","Not a Pedestrian","Not a Pedestrian",428770,434640,"E01011681",2,"T or staggered junction","Daylight","Fine no high winds","Dry","Cyclist"
"2007","2014131AO0570",2014-10-24,2014,"Oct",24,"11:30",11,30,"Friday","Slight",1,"Slight","Cyclist","Driver or rider","Male",62,"A","Single carriageway",60,NA,"Not a Pedestrian","Not a Pedestrian",444010,445069,"E01011711",2,"Not at junction or within 20 metres","Daylight","Fine no high winds","Dry","Cyclist"
"2008","2014131AO0567",2014-10-24,2014,"Oct",24,"11:32",11,32,"Friday","Slight",1,"Slight","Other vehicle occupant","Passenger","Male",54,"Unclassified","Single carriageway",30,NA,"Not a Pedestrian","Not a Pedestrian",432652,426899,"E01032496",1,"Not at junction or within 20 metres","Daylight","Fine no high winds","Dry","Others"
"2009","2014131AO0969",2014-10-24,2014,"Oct",24,"15:08",15,8,"Friday","Slight",1,"Slight","Pedestrian","Pedestrian","Male",11,"Unclassified","Single carriageway",30,NA,"In carriageway, crossing elsewhere","Crossing from driver's offside",418941,441967,"E01011265",1,"Not at junction or within 20 metres","Daylight","Fine no high winds","Dry","Pedestrian"
"2010","2014131AO1004",2014-10-24,2014,"Oct",24,"15:20",15,20,"Friday","Slight",3,"Slight","Car occupant","Passenger","Male",19,"Unclassified","Single carriageway",30,"Unclassified","Not a Pedestrian","Not a Pedestrian",432427,433588,"E01011618",3,"T or staggered junction","Daylight","Fine no high winds","Dry","Car occupant"
"2011","2014131AO1004",2014-10-24,2014,"Oct",24,"15:20",15,20,"Friday","Slight",3,"Slight","Car occupant","Driver or rider","Male",34,"Unclassified","Single carriageway",30,"Unclassified","Not a Pedestrian","Not a Pedestrian",432427,433588,"E01011618",3,"T or staggered junction","Daylight","Fine no high winds","Dry","Car occupant"
"2012","2014131AO1004",2014-10-24,2014,"Oct",24,"15:20",15,20,"Friday","Slight",3,"Slight","Car occupant","Driver or rider","Female",38,"Unclassified","Single carriageway",30,"Unclassified","Not a Pedestrian","Not a Pedestrian",432427,433588,"E01011618",3,"T or staggered junction","Daylight","Fine no high winds","Dry","Car occupant"
"2013","2014131AO1373",2014-10-24,2014,"Oct",24,"18:30",18,30,"Friday","Serious",1,"Serious","Pedestrian","Pedestrian","Male",34,"Unclassified","Single carriageway",30,"Unclassified","In carriageway, crossing elsewhere","Crossing from driver's offside",428686,434950,"E01011444",1,"Crossroads","Darkness - lights lit","Fine no high winds","Dry","Pedestrian"
"2014","2014131AO1900",2014-10-24,2014,"Oct",24,"23:22",23,22,"Friday","Slight",1,"Slight","Car occupant","Passenger","Male",59,"A","Dual carriageway",30,"A","Not a Pedestrian","Not a Pedestrian",430616,432662,"E01033018",2,"T or staggered junction","Darkness - lights lit","Fine no high winds","Dry","Car occupant"
"2015","2014131BD1512",2014-10-25,2014,"Oct",25,"02:00",2,0,"Saturday","Slight",3,"Slight","Car occupant","Passenger","Female",18,"Unclassified","Single carriageway",20,NA,"Not a Pedestrian","Not a Pedestrian",428359,433096,"E01011363",2,"Not at junction or within 20 metres","Darkness - lighting unknown","Unknown","Dry","Car occupant"
"2016","2014131BD1512",2014-10-25,2014,"Oct",25,"02:00",2,0,"Saturday","Slight",3,"Slight","Car occupant","Passenger","Male",27,"Unclassified","Single carriageway",20,NA,"Not a Pedestrian","Not a Pedestrian",428359,433096,"E01011363",2,"Not at junction or within 20 metres","Darkness - lighting unknown","Unknown","Dry","Car occupant"
"2017","2014131BD1512",2014-10-25,2014,"Oct",25,"02:00",2,0,"Saturday","Slight",3,"Slight","Car occupant","Passenger","Female",19,"Unclassified","Single carriageway",20,NA,"Not a Pedestrian","Not a Pedestrian",428359,433096,"E01011363",2,"Not at junction or within 20 metres","Darkness - lighting unknown","Unknown","Dry","Car occupant"
"2018","2014131AP0557",2014-10-25,2014,"Oct",25,"09:40",9,40,"Saturday","Slight",1,"Slight","Car occupant","Driver or rider","Female",20,"Unclassified","Dual carriageway",30,NA,"Not a Pedestrian","Not a Pedestrian",426690,426930,"E01011547",3,"Not at junction or within 20 metres","Daylight","Fine no high winds","Dry","Car occupant"
"2019","2014131AP0611",2014-10-25,2014,"Oct",25,"10:32",10,32,"Saturday","Slight",1,"Slight","Pedestrian","Pedestrian","Female",60,"Unclassified","Single carriageway",30,"Unclassified","In carriageway, crossing elsewhere","Crossing from driver's offside",427075,433510,"E01011293",1,"T or staggered junction","Daylight","Fine no high winds","Dry","Pedestrian"
"2020","2014131AP0899",2014-10-25,2014,"Oct",25,"13:42",13,42,"Saturday","Slight",2,"Slight","Car occupant","Driver or rider","Male",52,"A","Dual carriageway",50,"Unclassified","Not a Pedestrian","Not a Pedestrian",432351,432595,"E01011625",2,"T or staggered junction","Daylight","Fine no high winds","Dry","Car occupant"
"2021","2014131AP0899",2014-10-25,2014,"Oct",25,"13:42",13,42,"Saturday","Slight",2,"Slight","Car occupant","Driver or rider","Female",45,"A","Dual carriageway",50,"Unclassified","Not a Pedestrian","Not a Pedestrian",432351,432595,"E01011625",2,"T or staggered junction","Daylight","Fine no high winds","Dry","Car occupant"
"2022","2014131AP1208",2014-10-25,2014,"Oct",25,"16:40",16,40,"Saturday","Fatal",1,"Fatal","Car occupant","Driver or rider","Male",61,"B","Single carriageway",60,NA,"Not a Pedestrian","Not a Pedestrian",443588,435652,"E01011297",1,"Not at junction or within 20 metres","Daylight","Fine no high winds","Dry","Car occupant"
"2023","2014131AP1486",2014-10-25,2014,"Oct",25,"19:30",19,30,"Saturday","Slight",1,"Slight","Car occupant","Passenger","Male",17,"Unclassified","Single carriageway",30,"Unclassified","Not a Pedestrian","Not a Pedestrian",433554,435962,"E01011421",2,"Crossroads","Darkness - lights lit","Fine no high winds","Dry","Car occupant"
"2024","2014131AP1749",2014-10-25,2014,"Oct",25,"22:10",22,10,"Saturday","Slight",2,"Slight","Taxi/Private hire car occupant","Passenger","Female",43,"Unclassified","Single carriageway",30,"Unclassified","Not a Pedestrian","Not a Pedestrian",425268,435275,"E01011332",2,"Crossroads","Darkness - lights lit","Fine no high winds","Dry","Car occupant"
"2025","2014131AP1749",2014-10-25,2014,"Oct",25,"22:10",22,10,"Saturday","Slight",2,"Slight","Taxi/Private hire car occupant","Driver or rider","Male",31,"Unclassified","Single carriageway",30,"Unclassified","Not a Pedestrian","Not a Pedestrian",425268,435275,"E01011332",2,"Crossroads","Darkness - lights lit","Fine no high winds","Dry","Car occupant"
"2026","2014131AP1758",2014-10-25,2014,"Oct",25,"22:15",22,15,"Saturday","Slight",3,"Slight","Car occupant","Passenger","Female",31,"A(M)","Dual carriageway",30,NA,"Not a Pedestrian","Not a Pedestrian",429457,434103,"E01011678",2,"Not at junction or within 20 metres","Darkness - lights lit","Fine no high winds","Dry","Car occupant"
"2027","2014131AP1758",2014-10-25,2014,"Oct",25,"22:15",22,15,"Saturday","Slight",3,"Slight","Car occupant","Driver or rider","Female",28,"A(M)","Dual carriageway",30,NA,"Not a Pedestrian","Not a Pedestrian",429457,434103,"E01011678",2,"Not at junction or within 20 metres","Darkness - lights lit","Fine no high winds","Dry","Car occupant"
"2028","2014131AP1758",2014-10-25,2014,"Oct",25,"22:15",22,15,"Saturday","Slight",3,"Slight","Car occupant","Passenger","Female",19,"A(M)","Dual carriageway",30,NA,"Not a Pedestrian","Not a Pedestrian",429457,434103,"E01011678",2,"Not at junction or within 20 metres","Darkness - lights lit","Fine no high winds","Dry","Car occupant"
"2029","2014131AS0781",2014-10-25,2014,"Oct",25,"22:45",22,45,"Saturday","Serious",1,"Serious","Cyclist","Driver or rider","Male",49,"A","Dual carriageway",30,"Unclassified","Not a Pedestrian","Not a Pedestrian",428865,433733,"E01011678",2,"T or staggered junction","Darkness - lights lit","Fine no high winds","Dry","Cyclist"
"2030","2014131AQ0052",2014-10-26,2014,"Oct",26,"00:29",0,29,"Sunday","Slight",7,"Slight","Car occupant","Driver or rider","Male",18,"A","Dual carriageway",70,"Unclassified","Not a Pedestrian","Not a Pedestrian",429234,438608,"E01011559",2,"Crossroads","Darkness - lights lit","Fine no high winds","Dry","Car occupant"
"2031","2014131AQ0052",2014-10-26,2014,"Oct",26,"00:29",0,29,"Sunday","Slight",7,"Slight","Car occupant","Passenger","Male",17,"A","Dual carriageway",70,"Unclassified","Not a Pedestrian","Not a Pedestrian",429234,438608,"E01011559",2,"Crossroads","Darkness - lights lit","Fine no high winds","Dry","Car occupant"
"2032","2014131AQ0052",2014-10-26,2014,"Oct",26,"00:29",0,29,"Sunday","Slight",7,"Slight","Car occupant","Passenger","Male",17,"A","Dual carriageway",70,"Unclassified","Not a Pedestrian","Not a Pedestrian",429234,438608,"E01011559",2,"Crossroads","Darkness - lights lit","Fine no high winds","Dry","Car occupant"
"2033","2014131AQ0052",2014-10-26,2014,"Oct",26,"00:29",0,29,"Sunday","Slight",7,"Slight","Car occupant","Driver or rider","Female",23,"A","Dual carriageway",70,"Unclassified","Not a Pedestrian","Not a Pedestrian",429234,438608,"E01011559",2,"Crossroads","Darkness - lights lit","Fine no high winds","Dry","Car occupant"
"2034","2014131AQ0052",2014-10-26,2014,"Oct",26,"00:29",0,29,"Sunday","Slight",7,"Slight","Car occupant","Passenger","Female",24,"A","Dual carriageway",70,"Unclassified","Not a Pedestrian","Not a Pedestrian",429234,438608,"E01011559",2,"Crossroads","Darkness - lights lit","Fine no high winds","Dry","Car occupant"
"2035","2014131AQ0052",2014-10-26,2014,"Oct",26,"00:29",0,29,"Sunday","Slight",7,"Slight","Car occupant","Passenger","Female",25,"A","Dual carriageway",70,"Unclassified","Not a Pedestrian","Not a Pedestrian",429234,438608,"E01011559",2,"Crossroads","Darkness - lights lit","Fine no high winds","Dry","Car occupant"
"2036","2014131AQ0052",2014-10-26,2014,"Oct",26,"00:29",0,29,"Sunday","Slight",7,"Slight","Car occupant","Passenger","Male",21,"A","Dual carriageway",70,"Unclassified","Not a Pedestrian","Not a Pedestrian",429234,438608,"E01011559",2,"Crossroads","Darkness - lights lit","Fine no high winds","Dry","Car occupant"
"2037","2014131AQ0539",2014-10-26,2014,"Oct",26,"09:05",9,5,"Sunday","Slight",1,"Slight","Car occupant","Passenger","Female",24,"A","Single carriageway",30,"Unclassified","Not a Pedestrian","Not a Pedestrian",432634,435852,"E01011424",2,"T or staggered junction","Daylight","Fine no high winds","Dry","Car occupant"
"2038","2014131AQ1203",2014-10-26,2014,"Oct",26,"16:53",16,53,"Sunday","Slight",1,"Slight","Cyclist","Driver or rider","Male",38,"A","Roundabout",40,"A","Not a Pedestrian","Not a Pedestrian",426720,431725,"E01011734",2,"Roundabout","Darkness - lights lit","Fine no high winds","Dry","Cyclist"
"2039","2014131AQ1313",2014-10-26,2014,"Oct",26,"18:08",18,8,"Sunday","Slight",3,"Slight","Car occupant","Driver or rider","Female",35,"Unclassified","Single carriageway",30,"Unclassified","Not a Pedestrian","Not a Pedestrian",431881,435694,"E01011428",3,"T or staggered junction","Darkness - lights lit","Fine no high winds","Dry","Car occupant"
"2040","2014131AQ1313",2014-10-26,2014,"Oct",26,"18:08",18,8,"Sunday","Slight",3,"Slight","Van / Goods vehicle (3.5 tonnes mgw or under) occupant","Driver or rider","Male",24,"Unclassified","Single carriageway",30,"Unclassified","Not a Pedestrian","Not a Pedestrian",431881,435694,"E01011428",3,"T or staggered junction","Darkness - lights lit","Fine no high winds","Dry","Bus and goods vehicle occupant"
"2041","2014131AQ1313",2014-10-26,2014,"Oct",26,"18:08",18,8,"Sunday","Slight",3,"Slight","Van / Goods vehicle (3.5 tonnes mgw or under) occupant","Passenger","Male",24,"Unclassified","Single carriageway",30,"Unclassified","Not a Pedestrian","Not a Pedestrian",431881,435694,"E01011428",3,"T or staggered junction","Darkness - lights lit","Fine no high winds","Dry","Bus and goods vehicle occupant"
"2042","2014131AQ1638",2014-10-26,2014,"Oct",26,"21:20",21,20,"Sunday","Serious",1,"Serious","Car occupant","Driver or rider","Male",28,"A","Dual carriageway",40,"Unclassified","Not a Pedestrian","Not a Pedestrian",429828,438903,"E01011510",1,"Roundabout","Darkness - lights lit","Fine no high winds","Dry","Car occupant"
"2043","2014131AR0581",2014-10-27,2014,"Oct",27,"11:55",11,55,"Monday","Slight",2,"Slight","Car occupant","Driver or rider","Female",25,"A(M)","Dual carriageway",40,"A","Not a Pedestrian","Not a Pedestrian",429830,434413,"E01033005",2,"Slip road","Daylight","Fine no high winds","Dry","Car occupant"
"2044","2014131AR0581",2014-10-27,2014,"Oct",27,"11:55",11,55,"Monday","Slight",2,"Slight","Car occupant","Passenger","Female",1,"A(M)","Dual carriageway",40,"A","Not a Pedestrian","Not a Pedestrian",429830,434413,"E01033005",2,"Slip road","Daylight","Fine no high winds","Dry","Car occupant"
"2045","2014131AR0995",2014-10-27,2014,"Oct",27,"15:50",15,50,"Monday","Serious",1,"Serious","Car occupant","Driver or rider","Male",86,"A","Dual carriageway",40,"Unclassified","Not a Pedestrian","Not a Pedestrian",433549,436345,"E01011421",3,"Crossroads","Daylight","Fine no high winds","Dry","Car occupant"
"2046","2014131AR1157",2014-10-27,2014,"Oct",27,"17:15",17,15,"Monday","Slight",1,"Slight","Car occupant","Passenger","Female",46,"Unclassified","Single carriageway",30,"Unclassified","Not a Pedestrian","Not a Pedestrian",430801,435343,"E01011360",2,"Crossroads","Darkness - lights lit","Fine no high winds","Dry","Car occupant"
"2047","2014131AR1204",2014-10-27,2014,"Oct",27,"17:38",17,38,"Monday","Slight",1,"Slight","Cyclist","Driver or rider","Male",29,"B","Single carriageway",30,"Unclassified","Not a Pedestrian","Not a Pedestrian",432000,435773,"E01011427",2,"T or staggered junction","Darkness - lights lit","Fine no high winds","Dry","Cyclist"
"2048","2014131AR1254",2014-10-27,2014,"Oct",27,"18:15",18,15,"Monday","Slight",1,"Slight","Cyclist","Driver or rider","Male",18,"A","Single carriageway",30,"Unclassified","Not a Pedestrian","Not a Pedestrian",427988,436019,"E01011440",2,"T or staggered junction","Darkness - lights lit","Fine no high winds","Dry","Cyclist"
"2049","2014131AR1354",2014-10-27,2014,"Oct",27,"19:25",19,25,"Monday","Slight",1,"Slight","Car occupant","Driver or rider","Female",22,"Unclassified","Single carriageway",30,"Unclassified","Not a Pedestrian","Not a Pedestrian",425369,428116,"E01011532",2,"Private drive or entrance","Darkness - lights lit","Fine no high winds","Dry","Car occupant"
"2050","2014131AS0043",2014-10-28,2014,"Oct",28,"00:54",0,54,"Tuesday","Slight",1,"Slight","Motorcycle 125cc and under rider or passenger","Passenger","Male",15,"Unclassified","Single carriageway",30,NA,"Not a Pedestrian","Not a Pedestrian",434961,436425,"E01011659",2,"Not at junction or within 20 metres","Darkness - lights lit","Fine no high winds","Dry","Motorcyclist and pillion"
"2051","2014131AS0326",2014-10-28,2014,"Oct",28,"09:00",9,0,"Tuesday","Slight",1,"Slight","Pedestrian","Pedestrian","Female",22,"Unclassified","Single carriageway",30,"Unclassified","In carriageway, crossing elsewhere","Crossing from offside - masked by  parked or stationary vehicle",428683,434946,"E01011448",1,"Crossroads","Daylight","Fine no high winds","Dry","Pedestrian"
"2052","2014131AS0450",2014-10-28,2014,"Oct",28,"10:27",10,27,"Tuesday","Slight",1,"Slight","Cyclist","Driver or rider","Male",65,"A","Single carriageway",30,"Unclassified","Not a Pedestrian","Not a Pedestrian",428046,432046,"E01011362",2,"T or staggered junction","Daylight","Fine no high winds","Dry","Cyclist"
"2053","2014131AS0535",2014-10-28,2014,"Oct",28,"11:21",11,21,"Tuesday","Slight",1,"Slight","Cyclist","Driver or rider","Male",51,"A","Single carriageway",30,"Unclassified","Not a Pedestrian","Not a Pedestrian",428718,435612,"E01032946",2,"T or staggered junction","Daylight","Fine no high winds","Dry","Cyclist"
"2054","2014131AS0563",2014-10-28,2014,"Oct",28,"11:37",11,37,"Tuesday","Slight",2,"Slight","Car occupant","Passenger","Female",60,"B","Single carriageway",30,NA,"Not a Pedestrian","Not a Pedestrian",432814,430332,"E01011468",2,"Not at junction or within 20 metres","Daylight","Fine no high winds","Dry","Car occupant"
"2055","2014131AS0563",2014-10-28,2014,"Oct",28,"11:37",11,37,"Tuesday","Slight",2,"Slight","Car occupant","Passenger","Female",18,"B","Single carriageway",30,NA,"Not a Pedestrian","Not a Pedestrian",432814,430332,"E01011468",2,"Not at junction or within 20 metres","Daylight","Fine no high winds","Dry","Car occupant"
"2056","2014131AS1170",2014-10-28,2014,"Oct",28,"15:00",15,0,"Tuesday","Slight",2,"Slight","Car occupant","Passenger","Female",63,"A","Single carriageway",30,"B","Not a Pedestrian","Not a Pedestrian",425680,426875,"E01011534",2,"T or staggered junction","Daylight","Fine no high winds","Dry","Car occupant"
"2057","2014131AS1170",2014-10-28,2014,"Oct",28,"15:00",15,0,"Tuesday","Slight",2,"Slight","Car occupant","Passenger","Female",17,"A","Single carriageway",30,"B","Not a Pedestrian","Not a Pedestrian",425680,426875,"E01011534",2,"T or staggered junction","Daylight","Fine no high winds","Dry","Car occupant"
"2058","2014131AS0964",2014-10-28,2014,"Oct",28,"15:23",15,23,"Tuesday","Slight",1,"Slight","Cyclist","Driver or rider","Male",10,"Unclassified","Single carriageway",20,"Unclassified","Not a Pedestrian","Not a Pedestrian",428377,430177,"E01011317",2,"Private drive or entrance","Daylight","Raining no high winds","Wet or damp","Cyclist"
"2059","2014131AS1271",2014-10-28,2014,"Oct",28,"17:50",17,50,"Tuesday","Slight",1,"Slight","Motorcycle over 500cc rider or passenger","Driver or rider","Male",46,"A","Single carriageway",30,NA,"Not a Pedestrian","Not a Pedestrian",425910,428150,"E01011525",2,"Not at junction or within 20 metres","Darkness - lights lit","Raining no high winds","Wet or damp","Motorcyclist and pillion"
"2060","2014131AS1294",2014-10-28,2014,"Oct",28,"18:22",18,22,"Tuesday","Slight",2,"Slight","Car occupant","Driver or rider","Female",26,"A","Dual carriageway",40,NA,"Not a Pedestrian","Not a Pedestrian",432952,436023,"E01011423",3,"Not at junction or within 20 metres","Darkness - lights lit","Fine no high winds","Wet or damp","Car occupant"
"2061","2014131AS1294",2014-10-28,2014,"Oct",28,"18:22",18,22,"Tuesday","Slight",2,"Slight","Car occupant","Driver or rider","Female",28,"A","Dual carriageway",40,NA,"Not a Pedestrian","Not a Pedestrian",432952,436023,"E01011423",3,"Not at junction or within 20 metres","Darkness - lights lit","Fine no high winds","Wet or damp","Car occupant"
"2062","2014131AT0802",2014-10-29,2014,"Oct",29,"14:21",14,21,"Wednesday","Slight",1,"Slight","Pedestrian","Pedestrian","Male",11,"Unclassified","Single carriageway",30,NA,"In carriageway, crossing elsewhere","Crossing from driver's nearside",426207,427804,"E01011541",2,"Not at junction or within 20 metres","Daylight","Fine no high winds","Dry","Pedestrian"
"2063","2014131AT1154",2014-10-29,2014,"Oct",29,"17:23",17,23,"Wednesday","Slight",2,"Slight","Car occupant","Driver or rider","Male",59,"Motorway","Dual carriageway",70,NA,"Not a Pedestrian","Not a Pedestrian",432017,427743,"E01011502",3,"Not at junction or within 20 metres","Darkness - lights lit","Fine no high winds","Dry","Car occupant"
"2064","2014131AT1154",2014-10-29,2014,"Oct",29,"17:23",17,23,"Wednesday","Slight",2,"Slight","Car occupant","Passenger","Male",57,"Motorway","Dual carriageway",70,NA,"Not a Pedestrian","Not a Pedestrian",432017,427743,"E01011502",3,"Not at junction or within 20 metres","Darkness - lights lit","Fine no high winds","Dry","Car occupant"
"2065","2014131AT1540",2014-10-29,2014,"Oct",29,"20:45",20,45,"Wednesday","Slight",1,"Slight","Cyclist","Driver or rider","Male",21,"Unclassified","Single carriageway",50,"Unclassified","Not a Pedestrian","Not a Pedestrian",428580,435200,"E01011444",2,"T or staggered junction","Darkness - lights lit","Fine no high winds","Wet or damp","Cyclist"
"2066","2014131AU0032",2014-10-30,2014,"Oct",30,"00:32",0,32,"Thursday","Serious",1,"Serious","Car occupant","Passenger","Male",24,"B","Single carriageway",30,"B","Not a Pedestrian","Not a Pedestrian",422019,434377,"E01011587",2,"T or staggered junction","Darkness - lights lit","Fine no high winds","Wet or damp","Car occupant"
"2067","2014131AU0864",2014-10-30,2014,"Oct",30,"13:10",13,10,"Thursday","Slight",1,"Slight","Bus or coach occupant (17 or more pass seats)","Passenger","Female",54,"Unclassified","Single carriageway",30,NA,"Not a Pedestrian","Not a Pedestrian",428083,432923,"E01011363",2,"Not at junction or within 20 metres","Daylight","Raining no high winds","Wet or damp","Bus and goods vehicle occupant"
"2068","2014131AU1216",2014-10-30,2014,"Oct",30,"17:20",17,20,"Thursday","Slight",1,"Slight","Car occupant","Driver or rider","Female",48,"Motorway","Dual carriageway",70,NA,"Not a Pedestrian","Not a Pedestrian",435162,425904,"E01011636",2,"Not at junction or within 20 metres","Darkness - lights lit","Fine no high winds","Dry","Car occupant"
"2069","2014131AU1357",2014-10-30,2014,"Oct",30,"18:30",18,30,"Thursday","Serious",1,"Serious","Motorcycle 125cc and under rider or passenger","Driver or rider","Male",24,"Unclassified","Single carriageway",30,NA,"Not a Pedestrian","Not a Pedestrian",423914,435398,"E01011329",3,"Not at junction or within 20 metres","Daylight","Fine no high winds","Dry","Motorcyclist and pillion"
"2070","2014131AU1556",2014-10-30,2014,"Oct",30,"20:05",20,5,"Thursday","Slight",1,"Slight","Pedestrian","Pedestrian","Male",56,"Unclassified","Single carriageway",30,"Unclassified","Crossing on pedestrian crossing facility","Crossing from driver's offside",432432,434842,"E01011433",1,"Crossroads","Darkness - lights lit","Fine no high winds","Wet or damp","Pedestrian"
"2071","2014131AV0731",2014-10-31,2014,"Oct",31,"12:46",12,46,"Friday","Slight",1,"Slight","Car occupant","Passenger","Male",52,"Unclassified","Single carriageway",30,"Unclassified","Not a Pedestrian","Not a Pedestrian",429559,431566,"E01011364",2,"Crossroads","Daylight","Fine no high winds","Dry","Car occupant"
"2072","2014131AV0800",2014-10-31,2014,"Oct",31,"13:15",13,15,"Friday","Serious",1,"Serious","Cyclist","Driver or rider","Male",33,"A","Single carriageway",30,"Unclassified","Not a Pedestrian","Not a Pedestrian",427320,437206,"E01011690",2,"T or staggered junction","Daylight","Fine no high winds","Dry","Cyclist"
"2073","2014131AV0858",2014-10-31,2014,"Oct",31,"13:50",13,50,"Friday","Slight",1,"Slight","Pedestrian","Pedestrian","Female",54,"Unclassified","Single carriageway",30,"Unclassified","In carriageway, crossing elsewhere","Crossing from driver's nearside",429139,433087,"E01033013",1,"T or staggered junction","Daylight","Fine no high winds","Dry","Pedestrian"
"2074","2014131AV1055",2014-10-31,2014,"Oct",31,"15:15",15,15,"Friday","Slight",1,"Slight","Car occupant","Driver or rider","Male",23,"A","Roundabout",40,"A","Not a Pedestrian","Not a Pedestrian",427934,426303,"E01011550",2,"Roundabout","Daylight","Fine no high winds","Dry","Car occupant"