"","accident_index","date","year","month","day","time","time_hour","time_minute","day_of_week","accident_severity","number_of_casualties","casualty_severity","casualty_type","casualty_class","sex_of_casualty","age_of_casualty","first_road_class","road_type","speed_limit","second_road_class","pedestrian_location","pedestrian_movement","location_easting_osgr","location_northing_osgr","lsoa_of_accident_location","number_of_vehicles","junction_detail","light_conditions","weather_conditions","road_surface_conditions","cas_type"
"2075","2014131AV1250",2014-10-31,2014,"Oct",31,"16:35",16,35,"Friday","Slight",1,"Slight","Cyclist","Driver or rider","Male",50,"Unclassified","Single carriageway",30,"Unclassified","Not a Pedestrian","Not a Pedestrian",427803,434422,"E01011483",2,"T or staggered junction","Darkness - lights unlit","Fine no high winds","Dry","Cyclist"
"2076","2014131AV1394",2014-10-31,2014,"Oct",31,"17:35",17,35,"Friday","Slight",1,"Slight","Car occupant","Driver or rider","Male",36,"Motorway","Dual carriageway",70,NA,"Not a Pedestrian","Not a Pedestrian",441478,434642,"E01011297",3,"Not at junction or within 20 metres","Darkness - lighting unknown","Fine no high winds","Dry","Car occupant"
"2077","2014131B10030",2014-11-01,2014,"Nov",1,"00:49",0,49,"Saturday","Slight",1,"Slight","Pedestrian","Pedestrian","Female",19,"Unclassified","Single carriageway",30,NA,"In carriageway, not crossing","Unknown or other",428895,435611,"E01011443",1,"Not at junction or within 20 metres","Darkness - lights lit","Fine no high winds","Dry","Pedestrian"
"2078","2014131B10073",2014-11-01,2014,"Nov",1,"01:15",1,15,"Saturday","Slight",1,"Slight","Pedestrian","Pedestrian","Male",20,"A","Dual carriageway",30,NA,"In carriageway, crossing elsewhere","Crossing from driver's offside",429950,434361,"E01033010",1,"Not at junction or within 20 metres","Darkness - lights lit","Fine no high winds","Dry","Pedestrian"
"2079","2014131B10642",2014-11-01,2014,"Nov",1,"08:27",8,27,"Saturday","Slight",2,"Slight","Car occupant","Driver or rider","Female",33,"A","Dual carriageway",30,"Unclassified","Not a Pedestrian","Not a Pedestrian",430653,434697,"E01011671",2,"Crossroads","Daylight","Fine no high winds","Dry","Car occupant"
"2080","2014131B10642",2014-11-01,2014,"Nov",1,"08:27",8,27,"Saturday","Slight",2,"Slight","Car occupant","Driver or rider","Female",44,"A","Dual carriageway",30,"Unclassified","Not a Pedestrian","Not a Pedestrian",430653,434697,"E01011671",2,"Crossroads","Daylight","Fine no high winds","Dry","Car occupant"
"2081","2014131B10871",2014-11-01,2014,"Nov",1,"11:54",11,54,"Saturday","Slight",3,"Slight","Car occupant","Driver or rider","Female",32,"A","Dual carriageway",40,"Unclassified","Not a Pedestrian","Not a Pedestrian",428355,429508,"E01011531",2,"T or staggered junction","Daylight","Fine no high winds","Dry","Car occupant"
"2082","2014131B10871",2014-11-01,2014,"Nov",1,"11:54",11,54,"Saturday","Slight",3,"Slight","Car occupant","Passenger","Male",10,"A","Dual carriageway",40,"Unclassified","Not a Pedestrian","Not a Pedestrian",428355,429508,"E01011531",2,"T or staggered junction","Daylight","Fine no high winds","Dry","Car occupant"
"2083","2014131B10871",2014-11-01,2014,"Nov",1,"11:54",11,54,"Saturday","Slight",3,"Slight","Car occupant","Driver or rider","Male",68,"A","Dual carriageway",40,"Unclassified","Not a Pedestrian","Not a Pedestrian",428355,429508,"E01011531",2,"T or staggered junction","Daylight","Fine no high winds","Dry","Car occupant"
"2084","2014131B11136",2014-11-01,2014,"Nov",1,"14:39",14,39,"Saturday","Serious",1,"Serious","Cyclist","Driver or rider","Female",23,"Unclassified","Single carriageway",30,"Unclassified","Not a Pedestrian","Not a Pedestrian",427550,433887,"E01011284",2,"T or staggered junction","Daylight","Fine no high winds","Dry","Cyclist"
"2085","2014131B11264",2014-11-01,2014,"Nov",1,"15:53",15,53,"Saturday","Slight",1,"Slight","Pedestrian","Pedestrian","Male",12,"A","Dual carriageway",40,"B","In carriageway, crossing elsewhere","Crossing from offside - masked by  parked or stationary vehicle",420960,434459,"E01011599",1,"Roundabout","Daylight","Fine no high winds","Dry","Pedestrian"
"2086","2014131B11976",2014-11-01,2014,"Nov",1,"22:00",22,0,"Saturday","Slight",1,"Slight","Cyclist","Driver or rider","Male",47,"B","Single carriageway",30,"Unclassified","Not a Pedestrian","Not a Pedestrian",440387,449293,"E01011698",2,"T or staggered junction","Darkness - lights lit","Fine + high winds","Wet or damp","Cyclist"
"2087","2014131B21484",2014-11-02,2014,"Nov",2,"19:20",19,20,"Sunday","Slight",1,"Slight","Car occupant","Driver or rider","Female",40,"A","Single carriageway",40,"Unclassified","Not a Pedestrian","Not a Pedestrian",425327,429143,"E01011522",2,"Private drive or entrance","Darkness - lights lit","Fine no high winds","Wet or damp","Car occupant"
"2088","2014131B30017",2014-11-03,2014,"Nov",3,"00:15",0,15,"Monday","Serious",1,"Serious","Car occupant","Driver or rider","Male",33,"A","Single carriageway",60,NA,"Not a Pedestrian","Not a Pedestrian",432532,442857,"E01011561",1,"Not at junction or within 20 metres","Darkness - no lighting","Fine no high winds","Wet or damp","Car occupant"
"2089","2014131B30462",2014-11-03,2014,"Nov",3,"10:32",10,32,"Monday","Slight",1,"Slight","Car occupant","Driver or rider","Male",51,"C","Single carriageway",30,"Unclassified","Not a Pedestrian","Not a Pedestrian",425913,435516,"E01011324",2,"T or staggered junction","Daylight","Fine no high winds","Dry","Car occupant"
"2090","2014131B30911",2014-11-03,2014,"Nov",3,"15:01",15,1,"Monday","Serious",1,"Serious","Pedestrian","Pedestrian","Male",78,"Unclassified","Single carriageway",30,"Unclassified","In carriageway, crossing elsewhere","Crossing from driver's offside",437032,435641,"E01011407",1,"T or staggered junction","Daylight","Fine no high winds","Dry","Pedestrian"
"2091","2014131B30930",2014-11-03,2014,"Nov",3,"15:01",15,1,"Monday","Slight",1,"Slight","Pedestrian","Pedestrian","Female",15,"A","Single carriageway",30,NA,"In carriageway, crossing elsewhere","Unknown or other",430478,435322,"E01011357",1,"Not at junction or within 20 metres","Daylight","Fine no high winds","Dry","Pedestrian"
"2092","2014131B30993",2014-11-03,2014,"Nov",3,"15:34",15,34,"Monday","Slight",1,"Slight","Pedestrian","Pedestrian","Male",12,"A","Dual carriageway",30,"Unclassified","In carriageway, crossing elsewhere","Crossing from driver's nearside",430951,433304,"E01033033",1,"Crossroads","Daylight","Fine no high winds","Dry","Pedestrian"
"2093","2014131B31067",2014-11-03,2014,"Nov",3,"16:02",16,2,"Monday","Slight",1,"Slight","Cyclist","Driver or rider","Male",18,"Unclassified","Single carriageway",30,"Unclassified","Not a Pedestrian","Not a Pedestrian",428907,435508,"E01011443",2,"T or staggered junction","Daylight","Fine no high winds","Dry","Cyclist"
"2094","2014131B31254",2014-11-03,2014,"Nov",3,"17:32",17,32,"Monday","Slight",1,"Slight","Pedestrian","Pedestrian","Female",15,"Unclassified","Single carriageway",20,"Unclassified","In carriageway, crossing elsewhere","Crossing from driver's offside",431874,435519,"E01011422",1,"T or staggered junction","Darkness - lights lit","Fine no high winds","Dry","Pedestrian"
"2095","2014131B31734",2014-11-03,2014,"Nov",3,"22:00",22,0,"Monday","Slight",1,"Slight","Cyclist","Driver or rider","Male",43,"A","Single carriageway",50,NA,"Not a Pedestrian","Not a Pedestrian",438894,431283,"E01011402",2,"Not at junction or within 20 metres","Darkness - no lighting","Fine no high winds","Dry","Cyclist"
"2096","2014131B40557",2014-11-04,2014,"Nov",4,"12:16",12,16,"Tuesday","Slight",1,"Slight","Car occupant","Driver or rider","Female",42,"Unclassified","Single carriageway",30,"Unclassified","Not a Pedestrian","Not a Pedestrian",424765,435355,"E01011332",3,"T or staggered junction","Daylight","Fine no high winds","Dry","Car occupant"
"2097","2014131B41281",2014-11-04,2014,"Nov",4,"17:30",17,30,"Tuesday","Slight",1,"Slight","Motorcycle 125cc and under rider or passenger","Driver or rider","Male",17,"Unclassified","Single carriageway",30,"Unclassified","Not a Pedestrian","Not a Pedestrian",430365,431175,"E01011374",2,"T or staggered junction","Daylight","Fine no high winds","Dry","Motorcyclist and pillion"
"2098","2014131B50219",2014-11-05,2014,"Nov",5,"08:01",8,1,"Wednesday","Slight",1,"Slight","Car occupant","Driver or rider","Female",29,"Unclassified","Roundabout",30,"Unclassified","Not a Pedestrian","Not a Pedestrian",432174,434628,"E01011433",2,"Roundabout","Daylight","Fine no high winds","Dry","Car occupant"
"2099","2014131B50289",2014-11-05,2014,"Nov",5,"08:45",8,45,"Wednesday","Serious",1,"Serious","Pedestrian","Pedestrian","Female",7,"Unclassified","Single carriageway",30,"Unclassified","In carriageway, crossing elsewhere","Crossing from nearside - masked by parked or stationary vehicle",432129,435545,"E01011430",1,"T or staggered junction","Daylight","Fine no high winds","Dry","Pedestrian"
"2100","2014131B50453",2014-11-05,2014,"Nov",5,"10:31",10,31,"Wednesday","Slight",1,"Slight","Cyclist","Driver or rider","Male",18,"A","Single carriageway",30,"Unclassified","Not a Pedestrian","Not a Pedestrian",427896,436200,"E01011451",2,"T or staggered junction","Daylight","Fine no high winds","Dry","Cyclist"
"2101","2014131B50727",2014-11-05,2014,"Nov",5,"13:19",13,19,"Wednesday","Serious",1,"Serious","Cyclist","Driver or rider","Male",20,"Unclassified","Roundabout",30,"Unclassified","Not a Pedestrian","Not a Pedestrian",431927,436776,"E01011645",2,"Mini-roundabout","Daylight","Fine no high winds","Dry","Cyclist"
"2102","2014131B50739",2014-11-05,2014,"Nov",5,"13:20",13,20,"Wednesday","Slight",2,"Slight","Car occupant","Driver or rider","Female",52,"Unclassified","Single carriageway",30,"Unclassified","Not a Pedestrian","Not a Pedestrian",426092,440072,"E01011379",2,"T or staggered junction","Daylight","Fine no high winds","Dry","Car occupant"
"2103","2014131B50739",2014-11-05,2014,"Nov",5,"13:20",13,20,"Wednesday","Slight",2,"Slight","Car occupant","Passenger","Male",20,"Unclassified","Single carriageway",30,"Unclassified","Not a Pedestrian","Not a Pedestrian",426092,440072,"E01011379",2,"T or staggered junction","Daylight","Fine no high winds","Dry","Car occupant"
"2104","2014131B60116",2014-11-05,2014,"Nov",5,"17:05",17,5,"Wednesday","Slight",1,"Slight","Motorcycle over 500cc rider or passenger","Driver or rider","Male",56,"A","Single carriageway",30,"Unclassified","Not a Pedestrian","Not a Pedestrian",424078,437276,"E01011465",2,"Other junction","Darkness - lights lit","Fine no high winds","Wet or damp","Motorcyclist and pillion"
"2105","2014131B51134",2014-11-05,2014,"Nov",5,"18:39",18,39,"Wednesday","Serious",1,"Serious","Pedestrian","Pedestrian","Male",8,"A","Dual carriageway",40,NA,"Crossing on pedestrian crossing facility","Crossing from driver's nearside",432122,433606,"E01011349",1,"Not at junction or within 20 metres","Daylight","Fine no high winds","Dry","Pedestrian"
"2106","2014131B51356",2014-11-05,2014,"Nov",5,"18:40",18,40,"Wednesday","Serious",1,"Serious","Pedestrian","Pedestrian","Female",28,"A","Single carriageway",30,"Unclassified","In carriageway, crossing elsewhere","Crossing from driver's nearside",428064,435958,"E01032946",1,"Other junction","Darkness - lights lit","Fine no high winds","Dry","Pedestrian"
"2107","2014131B51769",2014-11-05,2014,"Nov",5,"21:15",21,15,"Wednesday","Slight",1,"Slight","Pedestrian","Pedestrian","Male",22,"Unclassified","Single carriageway",30,NA,"In carriageway, crossing elsewhere","Crossing from driver's offside",431913,435719,"E01011428",1,"Not at junction or within 20 metres","Darkness - lights lit","Fine no high winds","Dry","Pedestrian"
"2108","2014131B51927",2014-11-05,2014,"Nov",5,"22:21",22,21,"Wednesday","Slight",1,"Slight","Car occupant","Driver or rider","Male",59,"Unclassified","Single carriageway",30,"Unclassified","Not a Pedestrian","Not a Pedestrian",431254,437507,"E01011504",4,"T or staggered junction","Darkness - lights lit","Fine no high winds","Wet or damp","Car occupant"
"2109","2014131B60264",2014-11-06,2014,"Nov",6,"08:04",8,4,"Thursday","Slight",1,"Slight","Cyclist","Driver or rider","Male",44,"A","Dual carriageway",30,NA,"Not a Pedestrian","Not a Pedestrian",430725,433590,"E01033011",2,"Not at junction or within 20 metres","Daylight","Fine no high winds","Dry","Cyclist"
"2110","2014131B60329",2014-11-06,2014,"Nov",6,"09:01",9,1,"Thursday","Slight",1,"Slight","Pedestrian","Pedestrian","Male",67,"C","Single carriageway",40,NA,"On footway or verge","Unknown or other",424219,434481,"E01011287",1,"Not at junction or within 20 metres","Daylight","Fine no high winds","Dry","Pedestrian"
"2111","2014131B60487",2014-11-06,2014,"Nov",6,"10:45",10,45,"Thursday","Serious",1,"Serious","Car occupant","Driver or rider","Male",92,"Unclassified","Single carriageway",30,"Unclassified","Not a Pedestrian","Not a Pedestrian",420566,445261,"E01011574",2,"T or staggered junction","Daylight","Fine no high winds","Dry","Car occupant"
"2112","2014131B60528",2014-11-06,2014,"Nov",6,"11:15",11,15,"Thursday","Slight",1,"Slight","Bus or coach occupant (17 or more pass seats)","Passenger","Female",80,"Unclassified","Single carriageway",30,NA,"Not a Pedestrian","Not a Pedestrian",426620,436225,"E01011489",1,"Not at junction or within 20 metres","Daylight","Fine no high winds","Dry","Bus and goods vehicle occupant"
"2113","2014131B60538",2014-11-06,2014,"Nov",6,"11:38",11,38,"Thursday","Slight",1,"Slight","Car occupant","Driver or rider","Female",67,"Unclassified","Single carriageway",30,"Unclassified","Not a Pedestrian","Not a Pedestrian",433368,434901,"E01011342",2,"Crossroads","Daylight","Fine no high winds","Dry","Car occupant"
"2114","2014131B60560",2014-11-06,2014,"Nov",6,"11:45",11,45,"Thursday","Slight",1,"Slight","Motorcycle 125cc and under rider or passenger","Driver or rider","Male",22,"A","Dual carriageway",40,NA,"Not a Pedestrian","Not a Pedestrian",433548,434056,"E01011346",2,"Not at junction or within 20 metres","Daylight","Fine no high winds","Dry","Motorcyclist and pillion"
"2115","2014131B61535",2014-11-06,2014,"Nov",6,"15:30",15,30,"Thursday","Slight",1,"Slight","Car occupant","Driver or rider","Female",21,"A","Single carriageway",40,"Unclassified","Not a Pedestrian","Not a Pedestrian",430692,427039,"E01032495",2,"T or staggered junction","Daylight","Fine no high winds","Wet or damp","Car occupant"
"2116","2014131B61737",2014-11-06,2014,"Nov",6,"22:15",22,15,"Thursday","Slight",1,"Slight","Motorcycle 125cc and under rider or passenger","Driver or rider","Male",24,"A","Single carriageway",30,NA,"Not a Pedestrian","Not a Pedestrian",429054,433525,"E01033008",1,"Not at junction or within 20 metres","Darkness - lights lit","Raining no high winds","Wet or damp","Motorcyclist and pillion"
"2117","2014131BL0448",2014-11-07,2014,"Nov",7,"09:30",9,30,"Friday","Slight",1,"Slight","Car occupant","Driver or rider","Male",33,"A","Dual carriageway",30,"Unclassified","Not a Pedestrian","Not a Pedestrian",429309,435030,"E01033005",2,"T or staggered junction","Daylight","Fine no high winds","Dry","Car occupant"
"2118","2014131B70977",2014-11-07,2014,"Nov",7,"16:27",16,27,"Friday","Slight",2,"Slight","Car occupant","Driver or rider","Male",31,"Unclassified","Single carriageway",30,"Unclassified","Not a Pedestrian","Not a Pedestrian",429556,431566,"E01011364",2,"Crossroads","Darkness - lights lit","Fine no high winds","Wet or damp","Car occupant"
"2119","2014131B70977",2014-11-07,2014,"Nov",7,"16:27",16,27,"Friday","Slight",2,"Slight","Car occupant","Driver or rider","Female",35,"Unclassified","Single carriageway",30,"Unclassified","Not a Pedestrian","Not a Pedestrian",429556,431566,"E01011364",2,"Crossroads","Darkness - lights lit","Fine no high winds","Wet or damp","Car occupant"
"2120","2014131B71058",2014-11-07,2014,"Nov",7,"17:10",17,10,"Friday","Slight",1,"Slight","Cyclist","Driver or rider","Male",35,"A","Single carriageway",40,"B","Not a Pedestrian","Not a Pedestrian",418310,441354,"E01011271",2,"Crossroads","Darkness - lights lit","Raining no high winds","Wet or damp","Cyclist"
"2121","2014131B80598",2014-11-08,2014,"Nov",8,"11:55",11,55,"Saturday","Slight",1,"Slight","Car occupant","Passenger","Female",74,"A","Dual carriageway",40,NA,"Not a Pedestrian","Not a Pedestrian",437409,433304,"E01011411",2,"Not at junction or within 20 metres","Daylight","Raining no high winds","Wet or damp","Car occupant"
"2122","2014131B80877",2014-11-08,2014,"Nov",8,"15:10",15,10,"Saturday","Slight",1,"Slight","Cyclist","Driver or rider","Male",21,"A","Single carriageway",30,"Unclassified","Not a Pedestrian","Not a Pedestrian",427871,436243,"E01011451",2,"T or staggered junction","Daylight","Fine no high winds","Wet or damp","Cyclist"
"2123","2014131B80904",2014-11-08,2014,"Nov",8,"15:34",15,34,"Saturday","Slight",1,"Slight","Motorcycle 125cc and under rider or passenger","Driver or rider","Male",52,"Unclassified","Single carriageway",40,NA,"Not a Pedestrian","Not a Pedestrian",421427,444386,"E01011569",1,"Not at junction or within 20 metres","Daylight","Raining no high winds","Wet or damp","Motorcyclist and pillion"
"2124","2014131B81041",2014-11-08,2014,"Nov",8,"17:00",17,0,"Saturday","Slight",1,"Slight","Car occupant","Driver or rider","Male",31,"A","Single carriageway",30,NA,"Not a Pedestrian","Not a Pedestrian",424385,428120,"E01011523",2,"Not at junction or within 20 metres","Darkness - lights lit","Fine no high winds","Wet or damp","Car occupant"
"2125","2014131B81081",2014-11-08,2014,"Nov",8,"17:20",17,20,"Saturday","Slight",1,"Slight","Cyclist","Driver or rider","Male",29,"Unclassified","Single carriageway",30,"Unclassified","Not a Pedestrian","Not a Pedestrian",428094,434585,"E01011481",2,"T or staggered junction","Darkness - lights lit","Fine no high winds","Wet or damp","Cyclist"
"2126","2014131B81231",2014-11-08,2014,"Nov",8,"19:42",19,42,"Saturday","Serious",2,"Slight","Car occupant","Driver or rider","Female",29,"A","Dual carriageway",40,NA,"Not a Pedestrian","Not a Pedestrian",432455,435818,"E01011647",8,"Not at junction or within 20 metres","Darkness - lights lit","Fine no high winds","Wet or damp","Car occupant"
"2127","2014131B81231",2014-11-08,2014,"Nov",8,"19:42",19,42,"Saturday","Serious",2,"Serious","Car occupant","Passenger","Female",54,"A","Dual carriageway",40,NA,"Not a Pedestrian","Not a Pedestrian",432455,435818,"E01011647",8,"Not at junction or within 20 metres","Darkness - lights lit","Fine no high winds","Wet or damp","Car occupant"
"2128","2014131B90642",2014-11-09,2014,"Nov",9,"12:01",12,1,"Sunday","Slight",2,"Slight","Motorcycle over 500cc rider or passenger","Driver or rider","Male",55,"A","Single carriageway",40,NA,"Not a Pedestrian","Not a Pedestrian",424742,427921,"E01011522",2,"Not at junction or within 20 metres","Daylight","Fine no high winds","Dry","Motorcyclist and pillion"
"2129","2014131B90642",2014-11-09,2014,"Nov",9,"12:01",12,1,"Sunday","Slight",2,"Slight","Motorcycle over 500cc rider or passenger","Passenger","Female",55,"A","Single carriageway",40,NA,"Not a Pedestrian","Not a Pedestrian",424742,427921,"E01011522",2,"Not at junction or within 20 metres","Daylight","Fine no high winds","Dry","Motorcyclist and pillion"
"2130","2014131B90939",2014-11-09,2014,"Nov",9,"15:15",15,15,"Sunday","Slight",1,"Slight","Cyclist","Driver or rider","Male",46,"Unclassified","Single carriageway",60,NA,"Not a Pedestrian","Not a Pedestrian",429386,423388,"E01011536",2,"Not at junction or within 20 metres","Daylight","Fine no high winds","Dry","Cyclist"
"2131","2014131B91114",2014-11-09,2014,"Nov",9,"17:10",17,10,"Sunday","Serious",1,"Serious","Pedestrian","Pedestrian","Female",38,"Unclassified","Single carriageway",30,"Unclassified","In carriageway, crossing elsewhere","Crossing from driver's nearside",430148,431458,"E01011371",1,"T or staggered junction","Darkness - lights lit","Fine no high winds","Dry","Pedestrian"
"2132","2014131B91268",2014-11-09,2014,"Nov",9,"19:05",19,5,"Sunday","Serious",1,"Serious","Pedestrian","Pedestrian","Male",34,"Unclassified","Single carriageway",20,NA,"On footway or verge","Unknown or other",433589,434478,"E01011342",1,"Not at junction or within 20 metres","Darkness - lights lit","Fine no high winds","Wet or damp","Pedestrian"
"2133","2014131B91312",2014-11-09,2014,"Nov",9,"19:40",19,40,"Sunday","Slight",1,"Slight","Car occupant","Driver or rider","Female",53,"A","Single carriageway",30,"Unclassified","Not a Pedestrian","Not a Pedestrian",428463,431349,"E01011369",2,"Crossroads","Darkness - lights lit","Fine no high winds","Wet or damp","Car occupant"
"2134","2014131B91364",2014-11-09,2014,"Nov",9,"20:05",20,5,"Sunday","Serious",1,"Serious","Motorcycle over 500cc rider or passenger","Driver or rider","Male",39,"B","Single carriageway",40,NA,"Not a Pedestrian","Not a Pedestrian",424078,430343,"E01011728",1,"Not at junction or within 20 metres","Darkness - lights lit","Fine no high winds","Wet or damp","Motorcyclist and pillion"
"2135","2014131BA0067",2014-11-10,2014,"Nov",10,"02:05",2,5,"Monday","Slight",1,"Slight","Car occupant","Passenger","Male",30,"Unclassified","Single carriageway",30,NA,"Not a Pedestrian","Not a Pedestrian",427083,433353,"E01011292",2,"Not at junction or within 20 metres","Darkness - lights lit","Fine no high winds","Dry","Car occupant"
"2136","2014131BA0534",2014-11-10,2014,"Nov",10,"11:57",11,57,"Monday","Slight",1,"Slight","Pedestrian","Pedestrian","Female",66,"B","Single carriageway",30,NA,"In carriageway, crossing elsewhere","Crossing from driver's nearside",426777,426777,"E01011547",1,"Not at junction or within 20 metres","Daylight","Fine no high winds","Dry","Pedestrian"
"2137","2014131BA0827",2014-11-10,2014,"Nov",10,"15:00",15,0,"Monday","Slight",1,"Slight","Pedestrian","Pedestrian","Male",12,"Unclassified","Single carriageway",30,"Unclassified","In carriageway, crossing elsewhere","Crossing from offside - masked by  parked or stationary vehicle",440122,436711,"E01011296",1,"T or staggered junction","Daylight","Fine no high winds","Dry","Pedestrian"
"2138","2014131BA1041",2014-11-10,2014,"Nov",10,"15:00",15,0,"Monday","Slight",1,"Slight","Bus or coach occupant (17 or more pass seats)","Passenger","Female",79,"B","Single carriageway",30,NA,"Not a Pedestrian","Not a Pedestrian",421765,435277,"E01011592",1,"Not at junction or within 20 metres","Daylight","Fine no high winds","Dry","Bus and goods vehicle occupant"
"2139","2014131BA1337",2014-11-10,2014,"Nov",10,"19:43",19,43,"Monday","Slight",3,"Slight","Van / Goods vehicle (3.5 tonnes mgw or under) occupant","Driver or rider","Male",49,"Unclassified","Single carriageway",30,"Unclassified","Not a Pedestrian","Not a Pedestrian",426197,435503,"E01011488",2,"T or staggered junction","Darkness - lights lit","Fine no high winds","Wet or damp","Bus and goods vehicle occupant"
"2140","2014131BA1337",2014-11-10,2014,"Nov",10,"19:43",19,43,"Monday","Slight",3,"Slight","Car occupant","Driver or rider","Female",25,"Unclassified","Single carriageway",30,"Unclassified","Not a Pedestrian","Not a Pedestrian",426197,435503,"E01011488",2,"T or staggered junction","Darkness - lights lit","Fine no high winds","Wet or damp","Car occupant"
"2141","2014131BA1337",2014-11-10,2014,"Nov",10,"19:43",19,43,"Monday","Slight",3,"Slight","Car occupant","Passenger","Male",23,"Unclassified","Single carriageway",30,"Unclassified","Not a Pedestrian","Not a Pedestrian",426197,435503,"E01011488",2,"T or staggered junction","Darkness - lights lit","Fine no high winds","Wet or damp","Car occupant"
"2142","2014131BB0248",2014-11-11,2014,"Nov",11,"01:30",1,30,"Tuesday","Serious",1,"Serious","Pedestrian","Pedestrian","Male",21,"A","Single carriageway",30,NA,"In carriageway, crossing elsewhere","Crossing from driver's nearside",429677,434584,"E01033005",1,"Not at junction or within 20 metres","Darkness - lights lit","Fine no high winds","Dry","Pedestrian"
"2143","2014131BB0153",2014-11-11,2014,"Nov",11,"06:20",6,20,"Tuesday","Slight",1,"Slight","Car occupant","Driver or rider","Female",52,"Unclassified","Single carriageway",30,"Unclassified","Not a Pedestrian","Not a Pedestrian",429134,432107,"E01011364",2,"T or staggered junction","Darkness - lights lit","Raining + high winds","Wet or damp","Car occupant"
"2144","2014131BB0240",2014-11-11,2014,"Nov",11,"08:29",8,29,"Tuesday","Slight",1,"Slight","Pedestrian","Pedestrian","Female",14,"Unclassified","Single carriageway",30,"Unclassified","Crossing on pedestrian crossing facility","Crossing from driver's nearside",429868,428083,"E01011494",1,"T or staggered junction","Daylight","Fine no high winds","Wet or damp","Pedestrian"
"2145","2014131BB0772",2014-11-11,2014,"Nov",11,"14:20",14,20,"Tuesday","Serious",1,"Serious","Pedestrian","Pedestrian","Female",72,"Unclassified","Single carriageway",30,NA,"Crossing on pedestrian crossing facility","Crossing from driver's nearside",429910,436614,"E01011355",1,"Not at junction or within 20 metres","Daylight","Fine no high winds","Wet or damp","Pedestrian"
"2146","2014131BB0893",2014-11-11,2014,"Nov",11,"15:38",15,38,"Tuesday","Slight",1,"Slight","Motorcycle over 500cc rider or passenger","Driver or rider","Male",70,"Unclassified","Single carriageway",30,NA,"Not a Pedestrian","Not a Pedestrian",425905,433709,"E01032608",1,"Not at junction or within 20 metres","Daylight","Fine no high winds","Wet or damp","Motorcyclist and pillion"
"2147","2014131BB0985",2014-11-11,2014,"Nov",11,"16:15",16,15,"Tuesday","Slight",1,"Slight","Car occupant","Driver or rider","Female",74,"A","Single carriageway",40,NA,"Not a Pedestrian","Not a Pedestrian",424867,444539,"E01011570",1,"Not at junction or within 20 metres","Darkness - lights lit","Raining no high winds","Wet or damp","Car occupant"
"2148","2014131BB1123",2014-11-11,2014,"Nov",11,"17:17",17,17,"Tuesday","Slight",1,"Slight","Pedestrian","Pedestrian","Female",7,"Unclassified","Single carriageway",30,NA,"In carriageway, crossing elsewhere","Crossing from driver's offside",423505,437906,"E01011465",1,"Not at junction or within 20 metres","Darkness - lights lit","Raining no high winds","Wet or damp","Pedestrian"
"2149","2014131BB1163",2014-11-11,2014,"Nov",11,"17:35",17,35,"Tuesday","Serious",1,"Serious","Pedestrian","Pedestrian","Female",55,"Unclassified","Single carriageway",30,"Unclassified","Crossing on pedestrian crossing facility","Crossing from driver's nearside",426059,436372,"E01011485",1,"T or staggered junction","Darkness - lights lit","Raining no high winds","Wet or damp","Pedestrian"
"2150","2014131BB1160",2014-11-11,2014,"Nov",11,"17:37",17,37,"Tuesday","Slight",1,"Slight","Motorcycle 125cc and under rider or passenger","Driver or rider","Male",27,"Unclassified","Single carriageway",30,"Unclassified","Not a Pedestrian","Not a Pedestrian",436661,436259,"E01011723",2,"T or staggered junction","Darkness - lights lit","Raining no high winds","Wet or damp","Motorcyclist and pillion"
"2151","2014131BB1391",2014-11-11,2014,"Nov",11,"17:40",17,40,"Tuesday","Slight",1,"Slight","Pedestrian","Pedestrian","Male",10,"A","Single carriageway",30,"Unclassified","In carriageway, crossing elsewhere","Crossing from driver's nearside",419602,445163,"E01011571",1,"T or staggered junction","Darkness - lighting unknown","Unknown","Wet or damp","Pedestrian"
"2152","2014131BC0195",2014-11-12,2014,"Nov",12,"08:00",8,0,"Wednesday","Slight",1,"Slight","Cyclist","Driver or rider","Male",40,"Unclassified","Single carriageway",30,"Unclassified","Not a Pedestrian","Not a Pedestrian",430907,436553,"E01011356",2,"Crossroads","Daylight","Fine no high winds","Dry","Cyclist"
"2153","2014131BC0488",2014-11-12,2014,"Nov",12,"11:32",11,32,"Wednesday","Slight",2,"Slight","Car occupant","Driver or rider","Female",79,"A","Dual carriageway",50,NA,"Not a Pedestrian","Not a Pedestrian",429741,438838,"E01011510",2,"Not at junction or within 20 metres","Daylight","Raining no high winds","Wet or damp","Car occupant"
"2154","2014131BC0488",2014-11-12,2014,"Nov",12,"11:32",11,32,"Wednesday","Slight",2,"Slight","Car occupant","Passenger","Female",28,"A","Dual carriageway",50,NA,"Not a Pedestrian","Not a Pedestrian",429741,438838,"E01011510",2,"Not at junction or within 20 metres","Daylight","Raining no high winds","Wet or damp","Car occupant"
"2155","2014131BC0575",2014-11-12,2014,"Nov",12,"12:34",12,34,"Wednesday","Slight",2,"Slight","Car occupant","Driver or rider","Male",39,"A","Dual carriageway",40,"A","Not a Pedestrian","Not a Pedestrian",430657,434695,"E01011671",2,"Crossroads","Daylight","Fine no high winds","Wet or damp","Car occupant"