"","accident_index","date","year","month","day","time","time_hour","time_minute","day_of_week","accident_severity","number_of_casualties","casualty_severity","casualty_type","casualty_class","sex_of_casualty","age_of_casualty","first_road_class","road_type","speed_limit","second_road_class","pedestrian_location","pedestrian_movement","location_easting_osgr","location_northing_osgr","lsoa_of_accident_location","number_of_vehicles","junction_detail","light_conditions","weather_conditions","road_surface_conditions","cas_type"
"2156","2014131BC0575",2014-11-12,2014,"Nov",12,"12:34",12,34,"Wednesday","Slight",2,"Slight","Bus or coach occupant (17 or more pass seats)","Driver or rider","Male",46,"A","Dual carriageway",40,"A","Not a Pedestrian","Not a Pedestrian",430657,434695,"E01011671",2,"Crossroads","Daylight","Fine no high winds","Wet or damp","Bus and goods vehicle occupant"
"2157","2014131BC0783",2014-11-12,2014,"Nov",12,"14:26",14,26,"Wednesday","Slight",1,"Slight","Pedestrian","Pedestrian","Female",20,"A","Single carriageway",30,NA,"In carriageway, crossing elsewhere","Crossing from offside - masked by  parked or stationary vehicle",429815,434402,"E01033005",1,"Not at junction or within 20 metres","Daylight","Fine no high winds","Wet or damp","Pedestrian"
"2158","2014131BC0870",2014-11-12,2014,"Nov",12,"15:10",15,10,"Wednesday","Slight",1,"Slight","Cyclist","Driver or rider","Male",34,"Unclassified","Single carriageway",30,"Unclassified","Not a Pedestrian","Not a Pedestrian",444502,432461,"E01011298",2,"T or staggered junction","Daylight","Fine no high winds","Wet or damp","Cyclist"
"2159","2014131BC0993",2014-11-12,2014,"Nov",12,"16:15",16,15,"Wednesday","Slight",2,"Slight","Van / Goods vehicle (3.5 tonnes mgw or under) occupant","Driver or rider","Male",41,"Unclassified","Single carriageway",30,"Unclassified","Not a Pedestrian","Not a Pedestrian",430949,433302,"E01033033",1,"T or staggered junction","Darkness - lights lit","Fine no high winds","Dry","Bus and goods vehicle occupant"
"2160","2014131BC0993",2014-11-12,2014,"Nov",12,"16:15",16,15,"Wednesday","Slight",2,"Slight","Van / Goods vehicle (3.5 tonnes mgw or under) occupant","Passenger","Female",40,"Unclassified","Single carriageway",30,"Unclassified","Not a Pedestrian","Not a Pedestrian",430949,433302,"E01033033",1,"T or staggered junction","Darkness - lights lit","Fine no high winds","Dry","Bus and goods vehicle occupant"
"2161","2014131BC1099",2014-11-12,2014,"Nov",12,"17:05",17,5,"Wednesday","Slight",1,"Slight","Cyclist","Driver or rider","Male",54,"Unclassified","Single carriageway",30,NA,"Not a Pedestrian","Not a Pedestrian",429650,424258,"E01011536",2,"Not at junction or within 20 metres","Darkness - lights lit","Fine no high winds","Wet or damp","Cyclist"
"2162","2014131BC1349",2014-11-12,2014,"Nov",12,"19:05",19,5,"Wednesday","Slight",1,"Slight","Pedestrian","Pedestrian","Male",24,"Unclassified","Dual carriageway",30,"Unclassified","In carriageway, crossing elsewhere","Crossing from driver's offside",430832,433303,"E01033033",1,"More than 4 arms (not roundabout)","Darkness - lights lit","Raining no high winds","Wet or damp","Pedestrian"
"2163","2014131BD0612",2014-11-13,2014,"Nov",13,"12:10",12,10,"Thursday","Slight",2,"Slight","Car occupant","Driver or rider","Male",20,"B","Single carriageway",60,NA,"Not a Pedestrian","Not a Pedestrian",421293,436310,"E01011588",1,"Not at junction or within 20 metres","Daylight","Fine no high winds","Wet or damp","Car occupant"
"2164","2014131BD0612",2014-11-13,2014,"Nov",13,"12:10",12,10,"Thursday","Slight",2,"Slight","Car occupant","Passenger","Female",19,"B","Single carriageway",60,NA,"Not a Pedestrian","Not a Pedestrian",421293,436310,"E01011588",1,"Not at junction or within 20 metres","Daylight","Fine no high winds","Wet or damp","Car occupant"
"2165","2014131BD0941",2014-11-13,2014,"Nov",13,"13:40",13,40,"Thursday","Slight",1,"Slight","Bus or coach occupant (17 or more pass seats)","Passenger","Female",78,"Unclassified","Single carriageway",30,NA,"Not a Pedestrian","Not a Pedestrian",429931,433602,"E01033010",1,"Not at junction or within 20 metres","Daylight","Fine no high winds","Dry","Bus and goods vehicle occupant"
"2166","2014131BD0797",2014-11-13,2014,"Nov",13,"13:54",13,54,"Thursday","Slight",3,"Slight","Car occupant","Driver or rider","Male",59,"A","Dual carriageway",70,NA,"Not a Pedestrian","Not a Pedestrian",421007,434310,"E01011595",2,"Not at junction or within 20 metres","Daylight","Fine no high winds","Wet or damp","Car occupant"
"2167","2014131BD0797",2014-11-13,2014,"Nov",13,"13:54",13,54,"Thursday","Slight",3,"Slight","Car occupant","Passenger","Female",45,"A","Dual carriageway",70,NA,"Not a Pedestrian","Not a Pedestrian",421007,434310,"E01011595",2,"Not at junction or within 20 metres","Daylight","Fine no high winds","Wet or damp","Car occupant"
"2168","2014131BD0797",2014-11-13,2014,"Nov",13,"13:54",13,54,"Thursday","Slight",3,"Slight","Car occupant","Driver or rider","Male",42,"A","Dual carriageway",70,NA,"Not a Pedestrian","Not a Pedestrian",421007,434310,"E01011595",2,"Not at junction or within 20 metres","Daylight","Fine no high winds","Wet or damp","Car occupant"
"2169","2014131BD0891",2014-11-13,2014,"Nov",13,"15:00",15,0,"Thursday","Serious",1,"Serious","Cyclist","Driver or rider","Male",45,"A","Single carriageway",40,NA,"Not a Pedestrian","Not a Pedestrian",441549,431856,"E01011404",2,"Not at junction or within 20 metres","Daylight","Fine no high winds","Wet or damp","Cyclist"
"2170","2014131BD0902",2014-11-13,2014,"Nov",13,"15:11",15,11,"Thursday","Slight",1,"Slight","Pedestrian","Pedestrian","Male",12,"Unclassified","Single carriageway",30,"Unclassified","Unknown or other","Crossing from driver's nearside",431495,430518,"E01011470",1,"T or staggered junction","Daylight","Fine no high winds","Wet or damp","Pedestrian"
"2171","2014131BD1084",2014-11-13,2014,"Nov",13,"16:30",16,30,"Thursday","Slight",1,"Slight","Pedestrian","Pedestrian","Male",86,"A","Dual carriageway",30,NA,"Crossing on pedestrian crossing facility","Crossing from driver's offside",430700,433611,"E01033011",1,"Not at junction or within 20 metres","Darkness - lights lit","Fine no high winds","Wet or damp","Pedestrian"
"2172","2014131BD1354",2014-11-13,2014,"Nov",13,"19:15",19,15,"Thursday","Slight",1,"Slight","Car occupant","Passenger","Female",26,"A","Dual carriageway",40,NA,"Not a Pedestrian","Not a Pedestrian",428606,432888,"E01011363",3,"Not at junction or within 20 metres","Darkness - lights lit","Fine no high winds","Wet or damp","Car occupant"
"2173","2014131BC1703",2014-11-13,2014,"Nov",13,"23:34",23,34,"Thursday","Slight",1,"Slight","Cyclist","Driver or rider","Male",23,"A","Dual carriageway",30,"Unclassified","Not a Pedestrian","Not a Pedestrian",430817,433903,"E01033031",2,"T or staggered junction","Darkness - lights lit","Raining no high winds","Wet or damp","Cyclist"
"2174","2014131BE1165",2014-11-13,2014,"Nov",13,"23:45",23,45,"Thursday","Slight",4,"Slight","Car occupant","Driver or rider","Male",19,"Unclassified","Single carriageway",30,"Unclassified","Not a Pedestrian","Not a Pedestrian",431290,435357,"E01011361",3,"T or staggered junction","Darkness - lights lit","Fine no high winds","Wet or damp","Car occupant"
"2175","2014131BE1165",2014-11-13,2014,"Nov",13,"23:45",23,45,"Thursday","Slight",4,"Slight","Car occupant","Passenger","Male",20,"Unclassified","Single carriageway",30,"Unclassified","Not a Pedestrian","Not a Pedestrian",431290,435357,"E01011361",3,"T or staggered junction","Darkness - lights lit","Fine no high winds","Wet or damp","Car occupant"
"2176","2014131BE1165",2014-11-13,2014,"Nov",13,"23:45",23,45,"Thursday","Slight",4,"Slight","Car occupant","Passenger","Male",21,"Unclassified","Single carriageway",30,"Unclassified","Not a Pedestrian","Not a Pedestrian",431290,435357,"E01011361",3,"T or staggered junction","Darkness - lights lit","Fine no high winds","Wet or damp","Car occupant"
"2177","2014131BE1165",2014-11-13,2014,"Nov",13,"23:45",23,45,"Thursday","Slight",4,"Slight","Car occupant","Passenger","Male",20,"Unclassified","Single carriageway",30,"Unclassified","Not a Pedestrian","Not a Pedestrian",431290,435357,"E01011361",3,"T or staggered junction","Darkness - lights lit","Fine no high winds","Wet or damp","Car occupant"
"2178","2014131BE0688",2014-11-14,2014,"Nov",14,"12:57",12,57,"Friday","Slight",1,"Slight","Goods vehicle (7.5 tonnes mgw and over) occupant","Driver or rider","Male",40,"A","Dual carriageway",40,"Unclassified","Not a Pedestrian","Not a Pedestrian",433592,432098,"E01011621",1,"Roundabout","Daylight","Raining no high winds","Wet or damp","Bus and goods vehicle occupant"
"2179","2014131BE0816",2014-11-14,2014,"Nov",14,"14:12",14,12,"Friday","Slight",3,"Slight","Car occupant","Driver or rider","Female",57,"A(M)","Dual carriageway",40,NA,"Not a Pedestrian","Not a Pedestrian",428949,433438,"E01033015",3,"Not at junction or within 20 metres","Daylight","Fine no high winds","Wet or damp","Car occupant"
"2180","2014131BE0816",2014-11-14,2014,"Nov",14,"14:12",14,12,"Friday","Slight",3,"Slight","Car occupant","Driver or rider","Female",18,"A(M)","Dual carriageway",40,NA,"Not a Pedestrian","Not a Pedestrian",428949,433438,"E01033015",3,"Not at junction or within 20 metres","Daylight","Fine no high winds","Wet or damp","Car occupant"
"2181","2014131BE0816",2014-11-14,2014,"Nov",14,"14:12",14,12,"Friday","Slight",3,"Slight","Car occupant","Driver or rider","Female",23,"A(M)","Dual carriageway",40,NA,"Not a Pedestrian","Not a Pedestrian",428949,433438,"E01033015",3,"Not at junction or within 20 metres","Daylight","Fine no high winds","Wet or damp","Car occupant"
"2182","2014131BE1093",2014-11-14,2014,"Nov",14,"16:30",16,30,"Friday","Serious",4,"Slight","Car occupant","Driver or rider","Male",55,"A","Single carriageway",50,NA,"Not a Pedestrian","Not a Pedestrian",425977,429969,"E01011522",2,"Not at junction or within 20 metres","Darkness - lights lit","Fine no high winds","Wet or damp","Car occupant"
"2183","2014131BE1093",2014-11-14,2014,"Nov",14,"16:30",16,30,"Friday","Serious",4,"Serious","Car occupant","Driver or rider","Male",29,"A","Single carriageway",50,NA,"Not a Pedestrian","Not a Pedestrian",425977,429969,"E01011522",2,"Not at junction or within 20 metres","Darkness - lights lit","Fine no high winds","Wet or damp","Car occupant"
"2184","2014131BE1093",2014-11-14,2014,"Nov",14,"16:30",16,30,"Friday","Serious",4,"Slight","Car occupant","Passenger","Female",34,"A","Single carriageway",50,NA,"Not a Pedestrian","Not a Pedestrian",425977,429969,"E01011522",2,"Not at junction or within 20 metres","Darkness - lights lit","Fine no high winds","Wet or damp","Car occupant"
"2185","2014131BE1093",2014-11-14,2014,"Nov",14,"16:30",16,30,"Friday","Serious",4,"Slight","Car occupant","Passenger","Female",25,"A","Single carriageway",50,NA,"Not a Pedestrian","Not a Pedestrian",425977,429969,"E01011522",2,"Not at junction or within 20 metres","Darkness - lights lit","Fine no high winds","Wet or damp","Car occupant"
"2186","2014131BE1197",2014-11-14,2014,"Nov",14,"16:45",16,45,"Friday","Slight",1,"Slight","Van / Goods vehicle (3.5 tonnes mgw or under) occupant","Driver or rider","Male",33,"A","Dual carriageway",40,"Unclassified","Not a Pedestrian","Not a Pedestrian",428972,433449,"E01033015",2,"Slip road","Darkness - lights lit","Fine no high winds","Wet or damp","Bus and goods vehicle occupant"
"2187","2014131BE1361",2014-11-14,2014,"Nov",14,"18:35",18,35,"Friday","Slight",1,"Slight","Car occupant","Driver or rider","Male",42,"B","Single carriageway",30,"Unclassified","Not a Pedestrian","Not a Pedestrian",433310,426327,"E01011500",2,"Crossroads","Darkness - lights lit","Fine no high winds","Wet or damp","Car occupant"
"2188","2014131BE1402",2014-11-14,2014,"Nov",14,"19:00",19,0,"Friday","Slight",2,"Slight","Car occupant","Driver or rider","Male",21,"A","Dual carriageway",40,"Unclassified","Not a Pedestrian","Not a Pedestrian",427506,425505,"E01011548",2,"Crossroads","Darkness - lights lit","Fine no high winds","Dry","Car occupant"
"2189","2014131BE1402",2014-11-14,2014,"Nov",14,"19:00",19,0,"Friday","Slight",2,"Slight","Car occupant","Driver or rider","Female",20,"A","Dual carriageway",40,"Unclassified","Not a Pedestrian","Not a Pedestrian",427506,425505,"E01011548",2,"Crossroads","Darkness - lights lit","Fine no high winds","Dry","Car occupant"
"2190","2014131BE1861",2014-11-14,2014,"Nov",14,"21:29",21,29,"Friday","Slight",1,"Slight","Car occupant","Driver or rider","Male",61,"Unclassified","Single carriageway",30,"Unclassified","Not a Pedestrian","Not a Pedestrian",429119,430983,"E01011314",2,"T or staggered junction","Darkness - lights lit","Raining no high winds","Wet or damp","Car occupant"
"2191","2014131BF0605",2014-11-15,2014,"Nov",15,"10:39",10,39,"Saturday","Slight",1,"Slight","Pedestrian","Pedestrian","Male",41,"Unclassified","Single carriageway",30,NA,"Crossing elsewhere within 50m. of pedestrian crossing","Crossing from driver's nearside",430374,433563,"E01033010",1,"Not at junction or within 20 metres","Daylight","Fine no high winds","Dry","Pedestrian"
"2192","2014131BF1032",2014-11-15,2014,"Nov",15,"15:21",15,21,"Saturday","Slight",1,"Slight","Cyclist","Driver or rider","Female",18,"A","Single carriageway",30,"Unclassified","Not a Pedestrian","Not a Pedestrian",427366,434653,"E01011478",2,"T or staggered junction","Daylight","Fine no high winds","Dry","Cyclist"
"2193","2014131BF1842",2014-11-15,2014,"Nov",15,"15:30",15,30,"Saturday","Slight",1,"Slight","Pedestrian","Pedestrian","Male",28,"Unclassified","Single carriageway",30,NA,"Crossing elsewhere within 50m. of pedestrian crossing","Crossing from driver's offside",431682,434516,"E01033035",1,"Not at junction or within 20 metres","Daylight","Fine no high winds","Dry","Pedestrian"
"2194","2014131BF1591",2014-11-15,2014,"Nov",15,"20:35",20,35,"Saturday","Slight",1,"Slight","Pedestrian","Pedestrian","Male",45,"Unclassified","Single carriageway",30,NA,"In carriageway, crossing elsewhere","Crossing from driver's offside",424574,439333,"E01032501",1,"Not at junction or within 20 metres","Darkness - lights lit","Raining no high winds","Wet or damp","Pedestrian"
"2195","2014131BF1645",2014-11-15,2014,"Nov",15,"21:25",21,25,"Saturday","Slight",2,"Slight","Car occupant","Driver or rider","Female",87,"Unclassified","Single carriageway",30,"Unclassified","Not a Pedestrian","Not a Pedestrian",427080,433505,"E01011293",2,"T or staggered junction","Darkness - lights lit","Raining no high winds","Wet or damp","Car occupant"
"2196","2014131BF1645",2014-11-15,2014,"Nov",15,"21:25",21,25,"Saturday","Slight",2,"Slight","Car occupant","Driver or rider","Female",29,"Unclassified","Single carriageway",30,"Unclassified","Not a Pedestrian","Not a Pedestrian",427080,433505,"E01011293",2,"T or staggered junction","Darkness - lights lit","Raining no high winds","Wet or damp","Car occupant"
"2197","2014131BG0026",2014-11-16,2014,"Nov",16,"00:10",0,10,"Sunday","Slight",2,"Slight","Car occupant","Passenger","Female",17,"A","Single carriageway",30,NA,"Not a Pedestrian","Not a Pedestrian",419783,434063,"E01011597",4,"Not at junction or within 20 metres","Darkness - lights lit","Fine no high winds","Dry","Car occupant"
"2198","2014131BG0026",2014-11-16,2014,"Nov",16,"00:10",0,10,"Sunday","Slight",2,"Slight","Car occupant","Passenger","Female",17,"A","Single carriageway",30,NA,"Not a Pedestrian","Not a Pedestrian",419783,434063,"E01011597",4,"Not at junction or within 20 metres","Darkness - lights lit","Fine no high winds","Dry","Car occupant"
"2199","2014131BG0184",2014-11-16,2014,"Nov",16,"01:55",1,55,"Sunday","Slight",1,"Slight","Pedestrian","Pedestrian","Male",27,"A","Single carriageway",30,NA,"In carriageway, crossing elsewhere","Crossing from driver's nearside",427918,436162,"E01011451",1,"Not at junction or within 20 metres","Darkness - lights lit","Fine no high winds","Wet or damp","Pedestrian"
"2200","2014131BM0606",2014-11-16,2014,"Nov",16,"11:00",11,0,"Sunday","Slight",1,"Slight","Car occupant","Driver or rider","Male",34,"Unclassified","Single carriageway",30,NA,"Not a Pedestrian","Not a Pedestrian",436245,435655,"E01011724",2,"Not at junction or within 20 metres","Daylight","Fine no high winds","Dry","Car occupant"
"2201","2014131BG1455",2014-11-16,2014,"Nov",16,"20:45",20,45,"Sunday","Serious",1,"Serious","Motorcycle 125cc and under rider or passenger","Driver or rider","Male",24,"Unclassified","Single carriageway",30,NA,"Not a Pedestrian","Not a Pedestrian",428816,430385,"E01011315",2,"Not at junction or within 20 metres","Darkness - lights lit","Raining no high winds","Wet or damp","Motorcyclist and pillion"
"2202","2014131BH0195",2014-11-17,2014,"Nov",17,"07:59",7,59,"Monday","Slight",1,"Slight","Pedestrian","Pedestrian","Male",27,"A","Single carriageway",40,NA,"In carriageway, crossing elsewhere","Crossing from driver's offside",436153,440932,"E01011311",1,"Not at junction or within 20 metres","Daylight","Fine no high winds","Dry","Pedestrian"
"2203","2014131BH0291",2014-11-17,2014,"Nov",17,"09:00",9,0,"Monday","Slight",1,"Slight","Pedestrian","Pedestrian","Female",40,"Unclassified","Single carriageway",20,NA,"On footway or verge","Unknown or other",433700,427206,"E01011634",1,"Not at junction or within 20 metres","Daylight","Fine no high winds","Dry","Pedestrian"
"2204","2014131BH1357",2014-11-17,2014,"Nov",17,"18:35",18,35,"Monday","Slight",1,"Slight","Cyclist","Driver or rider","Female",23,"Unclassified","Single carriageway",30,"Unclassified","Not a Pedestrian","Not a Pedestrian",429050,434511,"E01033006",2,"T or staggered junction","Darkness - lights lit","Fine no high winds","Wet or damp","Cyclist"
"2205","2014131BH1330",2014-11-17,2014,"Nov",17,"19:00",19,0,"Monday","Slight",1,"Slight","Cyclist","Driver or rider","Male",48,"A","Single carriageway",30,"Unclassified","Not a Pedestrian","Not a Pedestrian",431881,435701,"E01011422",2,"T or staggered junction","Darkness - lights lit","Fine no high winds","Wet or damp","Cyclist"
"2206","2014131BI1148",2014-11-18,2014,"Nov",18,"17:07",17,7,"Tuesday","Serious",1,"Serious","Pedestrian","Pedestrian","Male",11,"A","Single carriageway",30,"Unclassified","In carriageway, crossing elsewhere","Crossing from driver's nearside",428527,429633,"E01011321",1,"T or staggered junction","Darkness - lights lit","Fine no high winds","Dry","Pedestrian"
"2207","2014131BI1005",2014-11-18,2014,"Nov",18,"17:20",17,20,"Tuesday","Slight",1,"Slight","Van / Goods vehicle (3.5 tonnes mgw or under) occupant","Passenger","Male",21,"Motorway","Dual carriageway",70,NA,"Not a Pedestrian","Not a Pedestrian",430878,426518,"E01011499",3,"Not at junction or within 20 metres","Darkness - lights lit","Fine no high winds","Dry","Bus and goods vehicle occupant"
"2208","2014131BI1641",2014-11-18,2014,"Nov",18,"18:56",18,56,"Tuesday","Serious",1,"Serious","Bus or coach occupant (17 or more pass seats)","Passenger","Female",24,"Unclassified","Single carriageway",20,"Unclassified","Not a Pedestrian","Not a Pedestrian",429028,432103,"E01033013",2,"T or staggered junction","Darkness - lighting unknown","Fine no high winds","Dry","Bus and goods vehicle occupant"
"2209","2014131BI1481",2014-11-18,2014,"Nov",18,"19:35",19,35,"Tuesday","Serious",2,"Serious","Motorcycle 125cc and under rider or passenger","Driver or rider","Male",30,"Unclassified","One way street",30,NA,"Not a Pedestrian","Not a Pedestrian",430832,434317,"E01033003",3,"Not at junction or within 20 metres","Darkness - lights lit","Fine no high winds","Dry","Motorcyclist and pillion"
"2210","2014131BI1481",2014-11-18,2014,"Nov",18,"19:35",19,35,"Tuesday","Serious",2,"Slight","Motorcycle 125cc and under rider or passenger","Driver or rider","Male",24,"Unclassified","One way street",30,NA,"Not a Pedestrian","Not a Pedestrian",430832,434317,"E01033003",3,"Not at junction or within 20 metres","Darkness - lights lit","Fine no high winds","Dry","Motorcyclist and pillion"
"2211","2014131BI1667",2014-11-18,2014,"Nov",18,"21:43",21,43,"Tuesday","Slight",5,"Slight","Car occupant","Driver or rider","Male",17,"Unclassified","Single carriageway",60,NA,"Not a Pedestrian","Not a Pedestrian",422461,440268,"E01032503",1,"Not at junction or within 20 metres","Darkness - no lighting","Fine no high winds","Wet or damp","Car occupant"
"2212","2014131BI1667",2014-11-18,2014,"Nov",18,"21:43",21,43,"Tuesday","Slight",5,"Slight","Car occupant","Passenger","Male",17,"Unclassified","Single carriageway",60,NA,"Not a Pedestrian","Not a Pedestrian",422461,440268,"E01032503",1,"Not at junction or within 20 metres","Darkness - no lighting","Fine no high winds","Wet or damp","Car occupant"
"2213","2014131BI1667",2014-11-18,2014,"Nov",18,"21:43",21,43,"Tuesday","Slight",5,"Slight","Car occupant","Passenger","Male",18,"Unclassified","Single carriageway",60,NA,"Not a Pedestrian","Not a Pedestrian",422461,440268,"E01032503",1,"Not at junction or within 20 metres","Darkness - no lighting","Fine no high winds","Wet or damp","Car occupant"
"2214","2014131BI1667",2014-11-18,2014,"Nov",18,"21:43",21,43,"Tuesday","Slight",5,"Slight","Car occupant","Passenger","Male",17,"Unclassified","Single carriageway",60,NA,"Not a Pedestrian","Not a Pedestrian",422461,440268,"E01032503",1,"Not at junction or within 20 metres","Darkness - no lighting","Fine no high winds","Wet or damp","Car occupant"
"2215","2014131BI1667",2014-11-18,2014,"Nov",18,"21:43",21,43,"Tuesday","Slight",5,"Slight","Car occupant","Passenger","Male",17,"Unclassified","Single carriageway",60,NA,"Not a Pedestrian","Not a Pedestrian",422461,440268,"E01032503",1,"Not at junction or within 20 metres","Darkness - no lighting","Fine no high winds","Wet or damp","Car occupant"
"2216","2014131BJ0232",2014-11-19,2014,"Nov",19,"07:37",7,37,"Wednesday","Slight",1,"Slight","Cyclist","Driver or rider","Male",25,"Unclassified","Single carriageway",30,"Unclassified","Not a Pedestrian","Not a Pedestrian",431063,430366,"E01011472",2,"Crossroads","Daylight","Fine no high winds","Dry","Cyclist"
"2217","2014131BJ0252",2014-11-19,2014,"Nov",19,"07:45",7,45,"Wednesday","Slight",1,"Slight","Cyclist","Driver or rider","Male",40,"A","Dual carriageway",30,"Unclassified","Not a Pedestrian","Not a Pedestrian",430967,433429,"E01033033",2,"T or staggered junction","Daylight","Fine no high winds","Dry","Cyclist"
"2218","2014131BJ0529",2014-11-19,2014,"Nov",19,"09:15",9,15,"Wednesday","Slight",1,"Slight","Car occupant","Driver or rider","Male",54,"Unclassified","Single carriageway",30,NA,"Not a Pedestrian","Not a Pedestrian",436196,435590,"E01011406",2,"Not at junction or within 20 metres","Daylight","Fine no high winds","Dry","Car occupant"
"2219","2014131BJ0607",2014-11-19,2014,"Nov",19,"11:30",11,30,"Wednesday","Serious",1,"Serious","Cyclist","Driver or rider","Male",43,"Unclassified","Dual carriageway",40,"A","Not a Pedestrian","Not a Pedestrian",427027,424759,"E01011548",2,"T or staggered junction","Daylight","Fine no high winds","Dry","Cyclist"
"2220","2014131BJ1049",2014-11-19,2014,"Nov",19,"15:35",15,35,"Wednesday","Slight",1,"Slight","Cyclist","Driver or rider","Male",18,"Unclassified","Single carriageway",30,"Unclassified","Not a Pedestrian","Not a Pedestrian",429803,434430,"E01033005",2,"Private drive or entrance","Daylight","Fine no high winds","Dry","Cyclist"
"2221","2014131BJ1252",2014-11-19,2014,"Nov",19,"16:50",16,50,"Wednesday","Slight",1,"Slight","Pedestrian","Pedestrian","Female",16,"Unclassified","Single carriageway",30,NA,"In carriageway, crossing elsewhere","Crossing from driver's nearside",426126,439211,"E01011383",1,"Not at junction or within 20 metres","Darkness - lights lit","Fine no high winds","Wet or damp","Pedestrian"
"2222","2014131BJ1487",2014-11-19,2014,"Nov",19,"18:00",18,0,"Wednesday","Slight",1,"Slight","Pedestrian","Pedestrian","Male",14,"Unclassified","Single carriageway",30,NA,"In carriageway, crossing elsewhere","Unknown or other",434370,435182,"E01011339",1,"Not at junction or within 20 metres","Darkness - lights lit","Fine no high winds","Wet or damp","Pedestrian"
"2223","2014131BK0249",2014-11-20,2014,"Nov",20,"08:07",8,7,"Thursday","Slight",1,"Slight","Cyclist","Driver or rider","Male",34,"Unclassified","Single carriageway",30,"Unclassified","Not a Pedestrian","Not a Pedestrian",430941,435677,"E01011360",2,"T or staggered junction","Daylight","Fine no high winds","Wet or damp","Cyclist"
"2224","2014131BK0296",2014-11-20,2014,"Nov",20,"08:53",8,53,"Thursday","Slight",1,"Slight","Cyclist","Driver or rider","Male",49,"Unclassified","Single carriageway",30,"Unclassified","Not a Pedestrian","Not a Pedestrian",430808,435341,"E01011360",2,"T or staggered junction","Daylight","Fine no high winds","Dry","Cyclist"
"2225","2014131BK0331",2014-11-20,2014,"Nov",20,"09:15",9,15,"Thursday","Slight",1,"Slight","Cyclist","Driver or rider","Male",41,"A","Single carriageway",30,"Unclassified","Not a Pedestrian","Not a Pedestrian",426378,435440,"E01011477",2,"T or staggered junction","Daylight","Fine no high winds","Dry","Cyclist"
"2226","2014131BK0409",2014-11-20,2014,"Nov",20,"10:15",10,15,"Thursday","Slight",2,"Slight","Car occupant","Passenger","Female",29,"A","Dual carriageway",40,NA,"Not a Pedestrian","Not a Pedestrian",428397,433381,"E01011363",2,"Not at junction or within 20 metres","Daylight","Fine no high winds","Dry","Car occupant"
"2227","2014131BK0409",2014-11-20,2014,"Nov",20,"10:15",10,15,"Thursday","Slight",2,"Slight","Car occupant","Passenger","Female",1,"A","Dual carriageway",40,NA,"Not a Pedestrian","Not a Pedestrian",428397,433381,"E01011363",2,"Not at junction or within 20 metres","Daylight","Fine no high winds","Dry","Car occupant"
"2228","2014131BK0931",2014-11-20,2014,"Nov",20,"15:03",15,3,"Thursday","Slight",1,"Slight","Pedestrian","Pedestrian","Male",27,"A","Single carriageway",30,"Unclassified","In carriageway, crossing elsewhere","Crossing from driver's nearside",428906,435514,"E01011443",1,"T or staggered junction","Daylight","Fine no high winds","Dry","Pedestrian"
"2229","2014131BK1413",2014-11-20,2014,"Nov",20,"17:00",17,0,"Thursday","Slight",3,"Slight","Car occupant","Driver or rider","Female",35,"A","Dual carriageway",30,"Unclassified","Not a Pedestrian","Not a Pedestrian",427698,434469,"E01011483",2,"T or staggered junction","Darkness - lights lit","Fine no high winds","Dry","Car occupant"
"2230","2014131BK1413",2014-11-20,2014,"Nov",20,"17:00",17,0,"Thursday","Slight",3,"Slight","Car occupant","Passenger","Male",12,"A","Dual carriageway",30,"Unclassified","Not a Pedestrian","Not a Pedestrian",427698,434469,"E01011483",2,"T or staggered junction","Darkness - lights lit","Fine no high winds","Dry","Car occupant"
"2231","2014131BK1413",2014-11-20,2014,"Nov",20,"17:00",17,0,"Thursday","Slight",3,"Slight","Car occupant","Passenger","Female",13,"A","Dual carriageway",30,"Unclassified","Not a Pedestrian","Not a Pedestrian",427698,434469,"E01011483",2,"T or staggered junction","Darkness - lights lit","Fine no high winds","Dry","Car occupant"
"2232","2014131BK1234",2014-11-20,2014,"Nov",20,"17:20",17,20,"Thursday","Slight",1,"Slight","Car occupant","Driver or rider","Male",30,"Unclassified","Roundabout",30,"Unclassified","Not a Pedestrian","Not a Pedestrian",431910,434801,"E01011677",2,"Mini-roundabout","Daylight","Fine no high winds","Dry","Car occupant"
"2233","2014131BL1264",2014-11-21,2014,"Nov",21,"18:30",18,30,"Friday","Serious",5,"Slight","Car occupant","Driver or rider","Male",50,"A","Single carriageway",60,"Unclassified","Not a Pedestrian","Not a Pedestrian",439019,431734,"E01011402",3,"T or staggered junction","Darkness - no lighting","Fine no high winds","Wet or damp","Car occupant"
"2234","2014131BL1264",2014-11-21,2014,"Nov",21,"18:30",18,30,"Friday","Serious",5,"Serious","Car occupant","Passenger","Female",41,"A","Single carriageway",60,"Unclassified","Not a Pedestrian","Not a Pedestrian",439019,431734,"E01011402",3,"T or staggered junction","Darkness - no lighting","Fine no high winds","Wet or damp","Car occupant"
"2235","2014131BL1264",2014-11-21,2014,"Nov",21,"18:30",18,30,"Friday","Serious",5,"Slight","Car occupant","Passenger","Female",14,"A","Single carriageway",60,"Unclassified","Not a Pedestrian","Not a Pedestrian",439019,431734,"E01011402",3,"T or staggered junction","Darkness - no lighting","Fine no high winds","Wet or damp","Car occupant"