"","accident_index","date","year","month","day","time","time_hour","time_minute","day_of_week","accident_severity","number_of_casualties","casualty_severity","casualty_type","casualty_class","sex_of_casualty","age_of_casualty","first_road_class","road_type","speed_limit","second_road_class","pedestrian_location","pedestrian_movement","location_easting_osgr","location_northing_osgr","lsoa_of_accident_location","number_of_vehicles","junction_detail","light_conditions","weather_conditions","road_surface_conditions","cas_type"
"2236","2014131BL1264",2014-11-21,2014,"Nov",21,"18:30",18,30,"Friday","Serious",5,"Serious","Car occupant","Driver or rider","Female",27,"A","Single carriageway",60,"Unclassified","Not a Pedestrian","Not a Pedestrian",439019,431734,"E01011402",3,"T or staggered junction","Darkness - no lighting","Fine no high winds","Wet or damp","Car occupant"
"2237","2014131BL1264",2014-11-21,2014,"Nov",21,"18:30",18,30,"Friday","Serious",5,"Slight","Car occupant","Passenger","Male",23,"A","Single carriageway",60,"Unclassified","Not a Pedestrian","Not a Pedestrian",439019,431734,"E01011402",3,"T or staggered junction","Darkness - no lighting","Fine no high winds","Wet or damp","Car occupant"
"2238","2014131BL1451",2014-11-21,2014,"Nov",21,"20:13",20,13,"Friday","Serious",1,"Serious","Car occupant","Driver or rider","Male",26,"A","Dual carriageway",30,NA,"Not a Pedestrian","Not a Pedestrian",431764,432386,"E01011621",1,"Not at junction or within 20 metres","Darkness - lights lit","Raining no high winds","Wet or damp","Car occupant"
"2239","2014131BL1477",2014-11-21,2014,"Nov",21,"20:25",20,25,"Friday","Slight",2,"Slight","Car occupant","Driver or rider","Male",17,"A","Dual carriageway",60,NA,"Not a Pedestrian","Not a Pedestrian",423875,428197,"E01011529",1,"Not at junction or within 20 metres","Darkness - lights lit","Fine no high winds","Dry","Car occupant"
"2240","2014131BL1477",2014-11-21,2014,"Nov",21,"20:25",20,25,"Friday","Slight",2,"Slight","Car occupant","Passenger","Male",16,"A","Dual carriageway",60,NA,"Not a Pedestrian","Not a Pedestrian",423875,428197,"E01011529",1,"Not at junction or within 20 metres","Darkness - lights lit","Fine no high winds","Dry","Car occupant"
"2241","2014131BL1723",2014-11-21,2014,"Nov",21,"23:15",23,15,"Friday","Slight",1,"Slight","Cyclist","Driver or rider","Female",22,"A","Dual carriageway",30,"Unclassified","Not a Pedestrian","Not a Pedestrian",429309,435030,"E01033005",2,"Crossroads","Darkness - lights lit","Raining no high winds","Wet or damp","Cyclist"
"2242","2014131BM0399",2014-11-22,2014,"Nov",22,"08:01",8,1,"Saturday","Slight",3,"Slight","Van / Goods vehicle (3.5 tonnes mgw or under) occupant","Driver or rider","Male",25,"A","Dual carriageway",40,"Motorway","Not a Pedestrian","Not a Pedestrian",428560,431696,"E01011366",2,"T or staggered junction","Daylight","Fine no high winds","Wet or damp","Bus and goods vehicle occupant"
"2243","2014131BM0399",2014-11-22,2014,"Nov",22,"08:01",8,1,"Saturday","Slight",3,"Slight","Van / Goods vehicle (3.5 tonnes mgw or under) occupant","Driver or rider","Male",37,"A","Dual carriageway",40,"Motorway","Not a Pedestrian","Not a Pedestrian",428560,431696,"E01011366",2,"T or staggered junction","Daylight","Fine no high winds","Wet or damp","Bus and goods vehicle occupant"
"2244","2014131BM0399",2014-11-22,2014,"Nov",22,"08:01",8,1,"Saturday","Slight",3,"Slight","Van / Goods vehicle (3.5 tonnes mgw or under) occupant","Passenger","Male",23,"A","Dual carriageway",40,"Motorway","Not a Pedestrian","Not a Pedestrian",428560,431696,"E01011366",2,"T or staggered junction","Daylight","Fine no high winds","Wet or damp","Bus and goods vehicle occupant"
"2245","2014131BM0808",2014-11-22,2014,"Nov",22,"13:40",13,40,"Saturday","Serious",1,"Serious","Pedestrian","Pedestrian","Male",71,"Unclassified","Single carriageway",30,"Unclassified","In carriageway, crossing elsewhere","Crossing from driver's nearside",441084,432375,"E01011401",1,"T or staggered junction","Daylight","Fine no high winds","Dry","Pedestrian"
"2246","2014131BM0901",2014-11-22,2014,"Nov",22,"14:57",14,57,"Saturday","Serious",4,"Serious","Car occupant","Driver or rider","Male",50,"Unclassified","Single carriageway",30,"Unclassified","Not a Pedestrian","Not a Pedestrian",430951,435935,"E01011356",2,"Crossroads","Daylight","Fine no high winds","Wet or damp","Car occupant"
"2247","2014131BM0901",2014-11-22,2014,"Nov",22,"14:57",14,57,"Saturday","Serious",4,"Slight","Bus or coach occupant (17 or more pass seats)","Passenger","Female",68,"Unclassified","Single carriageway",30,"Unclassified","Not a Pedestrian","Not a Pedestrian",430951,435935,"E01011356",2,"Crossroads","Daylight","Fine no high winds","Wet or damp","Bus and goods vehicle occupant"
"2248","2014131BM0901",2014-11-22,2014,"Nov",22,"14:57",14,57,"Saturday","Serious",4,"Slight","Bus or coach occupant (17 or more pass seats)","Passenger","Female",80,"Unclassified","Single carriageway",30,"Unclassified","Not a Pedestrian","Not a Pedestrian",430951,435935,"E01011356",2,"Crossroads","Daylight","Fine no high winds","Wet or damp","Bus and goods vehicle occupant"
"2249","2014131BM0901",2014-11-22,2014,"Nov",22,"14:57",14,57,"Saturday","Serious",4,"Slight","Bus or coach occupant (17 or more pass seats)","Passenger","Female",78,"Unclassified","Single carriageway",30,"Unclassified","Not a Pedestrian","Not a Pedestrian",430951,435935,"E01011356",2,"Crossroads","Daylight","Fine no high winds","Wet or damp","Bus and goods vehicle occupant"
"2250","2014131BM1357",2014-11-22,2014,"Nov",22,"18:40",18,40,"Saturday","Slight",1,"Slight","Car occupant","Driver or rider","Male",34,"Unclassified","Single carriageway",30,NA,"Not a Pedestrian","Not a Pedestrian",428418,435457,"E01032946",2,"Not at junction or within 20 metres","Darkness - lights lit","Raining no high winds","Wet or damp","Car occupant"
"2251","2014131BM1325",2014-11-22,2014,"Nov",22,"19:00",19,0,"Saturday","Slight",1,"Slight","Car occupant","Passenger","Female",59,"A","Dual carriageway",40,NA,"Not a Pedestrian","Not a Pedestrian",430786,424518,"E01011537",2,"Not at junction or within 20 metres","Darkness - lights lit","Fine no high winds","Dry","Car occupant"
"2252","2014131BN0022",2014-11-23,2014,"Nov",23,"00:22",0,22,"Sunday","Slight",1,"Slight","Car occupant","Driver or rider","Male",38,"A","Dual carriageway",40,NA,"Not a Pedestrian","Not a Pedestrian",429215,430037,"E01011319",2,"Not at junction or within 20 metres","Darkness - lights lit","Fine no high winds","Dry","Car occupant"
"2253","2014131BN0662",2014-11-23,2014,"Nov",23,"10:15",10,15,"Sunday","Slight",1,"Slight","Bus or coach occupant (17 or more pass seats)","Passenger","Male",42,"A","Dual carriageway",30,NA,"Not a Pedestrian","Not a Pedestrian",435929,435431,"E01011666",1,"Not at junction or within 20 metres","Daylight","Fine no high winds","Dry","Bus and goods vehicle occupant"
"2254","2014131BN0968",2014-11-23,2014,"Nov",23,"15:41",15,41,"Sunday","Serious",1,"Serious","Cyclist","Driver or rider","Male",61,"A","Single carriageway",60,NA,"Not a Pedestrian","Not a Pedestrian",422662,444687,"E01011569",2,"Not at junction or within 20 metres","Daylight","Fine no high winds","Wet or damp","Cyclist"
"2255","2014131BN1340",2014-11-23,2014,"Nov",23,"19:56",19,56,"Sunday","Slight",1,"Slight","Car occupant","Driver or rider","Male",20,"Unclassified","Single carriageway",30,NA,"Not a Pedestrian","Not a Pedestrian",429721,439316,"E01011559",2,"Not at junction or within 20 metres","Darkness - lights lit","Fine no high winds","Wet or damp","Car occupant"
"2256","2014131BN1354",2014-11-23,2014,"Nov",23,"20:09",20,9,"Sunday","Slight",1,"Slight","Motorcycle 125cc and under rider or passenger","Driver or rider","Male",34,"B","Single carriageway",30,"Unclassified","Not a Pedestrian","Not a Pedestrian",421479,434423,"E01011587",2,"T or staggered junction","Darkness - lights lit","Fine no high winds","Wet or damp","Motorcyclist and pillion"
"2257","2014131BO0190",2014-11-24,2014,"Nov",24,"07:07",7,7,"Monday","Slight",1,"Slight","Car occupant","Driver or rider","Female",38,"A","Dual carriageway",30,"A","Not a Pedestrian","Not a Pedestrian",420905,434495,"E01011595",2,"Roundabout","Daylight","Fine no high winds","Dry","Car occupant"
"2258","2014131BO0580",2014-11-24,2014,"Nov",24,"08:35",8,35,"Monday","Slight",1,"Slight","Pedestrian","Pedestrian","Male",10,"Unclassified","Single carriageway",30,NA,"In carriageway, crossing elsewhere","Crossing from driver's nearside",442043,445329,"E01011709",1,"Not at junction or within 20 metres","Daylight","Fine no high winds","Dry","Pedestrian"
"2259","2014131BO0266",2014-11-24,2014,"Nov",24,"08:40",8,40,"Monday","Slight",1,"Slight","Cyclist","Driver or rider","Female",50,"Unclassified","Single carriageway",30,"Unclassified","Not a Pedestrian","Not a Pedestrian",430439,434380,"E01033002",2,"T or staggered junction","Daylight","Fine no high winds","Dry","Cyclist"
"2260","2014131BO0392",2014-11-24,2014,"Nov",24,"10:10",10,10,"Monday","Slight",1,"Slight","Car occupant","Driver or rider","Female",56,"A","Dual carriageway",40,NA,"Not a Pedestrian","Not a Pedestrian",427776,430743,"E01011369",2,"Not at junction or within 20 metres","Daylight","Fine no high winds","Dry","Car occupant"
"2261","2014131BO0775",2014-11-24,2014,"Nov",24,"13:54",13,54,"Monday","Slight",1,"Slight","Car occupant","Driver or rider","Male",78,"Unclassified","Single carriageway",30,NA,"Not a Pedestrian","Not a Pedestrian",426352,433938,"E01032608",2,"Not at junction or within 20 metres","Daylight","Fine no high winds","Wet or damp","Car occupant"
"2262","2014131BO0998",2014-11-24,2014,"Nov",24,"15:50",15,50,"Monday","Slight",1,"Slight","Van / Goods vehicle (3.5 tonnes mgw or under) occupant","Driver or rider","Male",40,"A(M)","Dual carriageway",70,NA,"Not a Pedestrian","Not a Pedestrian",441312,445249,"E01011707",1,"Not at junction or within 20 metres","Darkness - no lighting","Fine no high winds","Wet or damp","Bus and goods vehicle occupant"
"2263","2014131BO1072",2014-11-24,2014,"Nov",24,"16:30",16,30,"Monday","Slight",1,"Slight","Car occupant","Driver or rider","Male",23,"A","Roundabout",50,"A","Not a Pedestrian","Not a Pedestrian",431917,430501,"E01011470",2,"Roundabout","Daylight","Fine no high winds","Dry","Car occupant"
"2264","2014131BO1098",2014-11-24,2014,"Nov",24,"16:30",16,30,"Monday","Slight",1,"Slight","Cyclist","Driver or rider","Male",37,"Unclassified","Single carriageway",30,NA,"Not a Pedestrian","Not a Pedestrian",445208,447085,"E01011697",2,"Not at junction or within 20 metres","Darkness - no lighting","Fine no high winds","Dry","Cyclist"
"2265","20141300O1121",2014-11-24,2014,"Nov",24,"16:55",16,55,"Monday","Slight",1,"Slight","Car occupant","Passenger","Female",25,"Unclassified","Single carriageway",30,"A","Not a Pedestrian","Not a Pedestrian",430713,432522,"E01033018",2,"Crossroads","Daylight","Unknown","Data missing or out of range","Car occupant"
"2266","2014131BP0831",2014-11-25,2014,"Nov",25,"15:30",15,30,"Tuesday","Slight",1,"Slight","Pedestrian","Pedestrian","Female",7,"Unclassified","Single carriageway",30,NA,"In carriageway, crossing elsewhere","Crossing from driver's nearside",432248,436985,"E01011641",1,"Not at junction or within 20 metres","Daylight","Fine no high winds","Dry","Pedestrian"
"2267","2014131BP0851",2014-11-25,2014,"Nov",25,"15:42",15,42,"Tuesday","Slight",1,"Slight","Car occupant","Driver or rider","Male",34,"Unclassified","Single carriageway",40,NA,"Not a Pedestrian","Not a Pedestrian",429311,423387,"E01011536",1,"Not at junction or within 20 metres","Darkness - lighting unknown","Fine no high winds","Frost or ice","Car occupant"
"2268","2014131BP1034",2014-11-25,2014,"Nov",25,"17:45",17,45,"Tuesday","Slight",1,"Slight","Car occupant","Driver or rider","Male",32,"A","Dual carriageway",40,NA,"Not a Pedestrian","Not a Pedestrian",430593,434504,"E01033003",1,"Not at junction or within 20 metres","Darkness - lights lit","Fine no high winds","Wet or damp","Car occupant"
"2269","2014131BP1159",2014-11-25,2014,"Nov",25,"18:40",18,40,"Tuesday","Slight",1,"Slight","Pedestrian","Pedestrian","Female",6,"Unclassified","Single carriageway",30,NA,"In carriageway, crossing elsewhere","Crossing from offside - masked by  parked or stationary vehicle",425740,438723,"E01011695",1,"Not at junction or within 20 metres","Darkness - lights lit","Fine no high winds","Dry","Pedestrian"
"2270","2014131BP1203",2014-11-25,2014,"Nov",25,"19:14",19,14,"Tuesday","Slight",1,"Slight","Cyclist","Driver or rider","Male",50,"A","Roundabout",30,"A","Not a Pedestrian","Not a Pedestrian",423040,437639,"E01011452",2,"Roundabout","Darkness - lights lit","Fine no high winds","Wet or damp","Cyclist"
"2271","2014131BP1384",2014-11-25,2014,"Nov",25,"21:12",21,12,"Tuesday","Slight",2,"Slight","Pedestrian","Pedestrian","Male",44,"Unclassified","One way street",30,NA,"On footway or verge","Unknown or other",429936,433352,"E01033016",1,"Not at junction or within 20 metres","Darkness - lights lit","Fine no high winds","Wet or damp","Pedestrian"
"2272","2014131BP1384",2014-11-25,2014,"Nov",25,"21:12",21,12,"Tuesday","Slight",2,"Slight","Pedestrian","Pedestrian","Female",15,"Unclassified","One way street",30,NA,"On footway or verge","Unknown or other",429936,433352,"E01033016",1,"Not at junction or within 20 metres","Darkness - lights lit","Fine no high winds","Wet or damp","Pedestrian"
"2273","2014131BQ0164",2014-11-26,2014,"Nov",26,"06:55",6,55,"Wednesday","Slight",1,"Slight","Cyclist","Driver or rider","Male",43,"B","Dual carriageway",40,"Unclassified","Not a Pedestrian","Not a Pedestrian",423192,434656,"E01011337",2,"Crossroads","Daylight","Raining no high winds","Wet or damp","Cyclist"
"2274","2014131BQ0224",2014-11-26,2014,"Nov",26,"08:10",8,10,"Wednesday","Slight",1,"Slight","Car occupant","Passenger","Male",16,"A","Dual carriageway",40,"Unclassified","Not a Pedestrian","Not a Pedestrian",429457,430234,"E01011319",2,"T or staggered junction","Daylight","Fine no high winds","Wet or damp","Car occupant"
"2275","2014131BQ0330",2014-11-26,2014,"Nov",26,"09:42",9,42,"Wednesday","Slight",1,"Slight","Car occupant","Driver or rider","Female",82,"Unclassified","Single carriageway",30,NA,"Not a Pedestrian","Not a Pedestrian",432787,437176,"E01011641",2,"Not at junction or within 20 metres","Daylight","Raining no high winds","Wet or damp","Car occupant"
"2276","2014131BQ0425",2014-11-26,2014,"Nov",26,"10:51",10,51,"Wednesday","Fatal",1,"Fatal","Pedestrian","Pedestrian","Female",83,"Unclassified","Single carriageway",30,"Unclassified","Crossing on pedestrian crossing facility","Crossing from driver's nearside",436295,434707,"E01011408",1,"T or staggered junction","Daylight","Fine no high winds","Dry","Pedestrian"
"2277","2014131BR0178",2014-11-26,2014,"Nov",26,"16:40",16,40,"Wednesday","Slight",1,"Slight","Car occupant","Driver or rider","Female",53,"A","Single carriageway",30,"Unclassified","Not a Pedestrian","Not a Pedestrian",428808,432612,"E01033013",2,"T or staggered junction","Darkness - lighting unknown","Raining no high winds","Wet or damp","Car occupant"
"2278","2014131BQ1087",2014-11-26,2014,"Nov",26,"17:54",17,54,"Wednesday","Slight",1,"Slight","Van / Goods vehicle (3.5 tonnes mgw or under) occupant","Driver or rider","Male",54,"Unclassified","Single carriageway",30,"Unclassified","Not a Pedestrian","Not a Pedestrian",420499,445640,"E01011569",2,"Crossroads","Daylight","Fine no high winds","Dry","Bus and goods vehicle occupant"
"2279","2014131BQ1150",2014-11-26,2014,"Nov",26,"18:25",18,25,"Wednesday","Slight",1,"Slight","Car occupant","Driver or rider","Male",32,"Unclassified","Single carriageway",30,NA,"Not a Pedestrian","Not a Pedestrian",430494,425066,"E01011537",2,"Not at junction or within 20 metres","Darkness - lights lit","Fine no high winds","Wet or damp","Car occupant"
"2280","2014131BR0268",2014-11-27,2014,"Nov",27,"09:21",9,21,"Thursday","Serious",1,"Serious","Car occupant","Passenger","Female",40,"A","Dual carriageway",40,NA,"Not a Pedestrian","Not a Pedestrian",425453,434293,"E01011286",1,"Not at junction or within 20 metres","Daylight","Raining no high winds","Wet or damp","Car occupant"
"2281","2014131BR0544",2014-11-27,2014,"Nov",27,"12:25",12,25,"Thursday","Slight",2,"Slight","Car occupant","Driver or rider","Male",26,"A","Dual carriageway",60,"B","Not a Pedestrian","Not a Pedestrian",421923,433939,"E01011587",2,"Slip road","Daylight","Raining no high winds","Wet or damp","Car occupant"
"2282","2014131BR0544",2014-11-27,2014,"Nov",27,"12:25",12,25,"Thursday","Slight",2,"Slight","Car occupant","Passenger","Female",22,"A","Dual carriageway",60,"B","Not a Pedestrian","Not a Pedestrian",421923,433939,"E01011587",2,"Slip road","Daylight","Raining no high winds","Wet or damp","Car occupant"
"2283","2014131BR1389",2014-11-27,2014,"Nov",27,"19:10",19,10,"Thursday","Slight",1,"Slight","Pedestrian","Pedestrian","Female",65,"Unclassified","Dual carriageway",40,"Unclassified","In centre of carriageway - not on refuge, island or central reservation","Crossing from driver's nearside",425965,426786,"E01011546",1,"T or staggered junction","Darkness - lights lit","Fine no high winds","Dry","Pedestrian"
"2284","2014131BR1318",2014-11-27,2014,"Nov",27,"20:05",20,5,"Thursday","Slight",1,"Slight","Car occupant","Driver or rider","Male",40,"Unclassified","Single carriageway",30,"Unclassified","Not a Pedestrian","Not a Pedestrian",432729,438445,"E01011653",2,"T or staggered junction","Darkness - lighting unknown","Unknown","Data missing or out of range","Car occupant"
"2285","2014131BS0244",2014-11-28,2014,"Nov",28,"07:25",7,25,"Friday","Slight",2,"Slight","Car occupant","Driver or rider","Male",31,"A","Single carriageway",30,NA,"Not a Pedestrian","Not a Pedestrian",438723,445898,"E01011706",2,"Not at junction or within 20 metres","Daylight","Raining no high winds","Wet or damp","Car occupant"
"2286","2014131BS0244",2014-11-28,2014,"Nov",28,"07:25",7,25,"Friday","Slight",2,"Slight","Car occupant","Driver or rider","Female",57,"A","Single carriageway",30,NA,"Not a Pedestrian","Not a Pedestrian",438723,445898,"E01011706",2,"Not at junction or within 20 metres","Daylight","Raining no high winds","Wet or damp","Car occupant"
"2287","2014131BS0335",2014-11-28,2014,"Nov",28,"08:20",8,20,"Friday","Slight",1,"Slight","Pedestrian","Pedestrian","Male",15,"Unclassified","Single carriageway",30,NA,"In carriageway, crossing elsewhere","Crossing from offside - masked by  parked or stationary vehicle",418586,442905,"E01011280",1,"Not at junction or within 20 metres","Daylight","Fine no high winds","Dry","Pedestrian"
"2288","2014131BS1245",2014-11-28,2014,"Nov",28,"17:55",17,55,"Friday","Slight",2,"Slight","Car occupant","Driver or rider","Male",33,"A","Dual carriageway",40,"Unclassified","Not a Pedestrian","Not a Pedestrian",429568,430336,"E01011319",2,"T or staggered junction","Darkness - lights lit","Raining no high winds","Wet or damp","Car occupant"
"2289","2014131BS1245",2014-11-28,2014,"Nov",28,"17:55",17,55,"Friday","Slight",2,"Slight","Car occupant","Driver or rider","Male",57,"A","Dual carriageway",40,"Unclassified","Not a Pedestrian","Not a Pedestrian",429568,430336,"E01011319",2,"T or staggered junction","Darkness - lights lit","Raining no high winds","Wet or damp","Car occupant"
"2290","2014131BS1772",2014-11-28,2014,"Nov",28,"20:55",20,55,"Friday","Serious",1,"Serious","Cyclist","Driver or rider","Male",41,"Unclassified","Single carriageway",30,NA,"Not a Pedestrian","Not a Pedestrian",433698,433463,"E01011622",2,"Not at junction or within 20 metres","Darkness - lighting unknown","Fine no high winds","Dry","Cyclist"
"2291","2014131BT0117",2014-11-29,2014,"Nov",29,"01:31",1,31,"Saturday","Serious",1,"Serious","Motorcycle 125cc and under rider or passenger","Driver or rider","Male",41,"A","Single carriageway",40,NA,"Not a Pedestrian","Not a Pedestrian",425250,437877,"E01011464",1,"Not at junction or within 20 metres","Darkness - lights lit","Fine no high winds","Wet or damp","Motorcyclist and pillion"
"2292","2014131BT1587",2014-11-29,2014,"Nov",29,"12:00",12,0,"Saturday","Slight",1,"Slight","Pedestrian","Pedestrian","Male",74,"Unclassified","Single carriageway",30,NA,"In carriageway, crossing elsewhere","Crossing from driver's nearside",430122,433776,"E01033010",1,"Not at junction or within 20 metres","Daylight","Fine no high winds","Dry","Pedestrian"
"2293","2014131BT0737",2014-11-29,2014,"Nov",29,"12:45",12,45,"Saturday","Slight",4,"Slight","Car occupant","Driver or rider","Male",22,"Unclassified","Single carriageway",30,NA,"Not a Pedestrian","Not a Pedestrian",428931,434594,"E01033006",2,"Not at junction or within 20 metres","Daylight","Fine no high winds","Dry","Car occupant"
"2294","2014131BT0737",2014-11-29,2014,"Nov",29,"12:45",12,45,"Saturday","Slight",4,"Slight","Car occupant","Passenger","Male",25,"Unclassified","Single carriageway",30,NA,"Not a Pedestrian","Not a Pedestrian",428931,434594,"E01033006",2,"Not at junction or within 20 metres","Daylight","Fine no high winds","Dry","Car occupant"
"2295","2014131BT0737",2014-11-29,2014,"Nov",29,"12:45",12,45,"Saturday","Slight",4,"Slight","Car occupant","Passenger","Male",20,"Unclassified","Single carriageway",30,NA,"Not a Pedestrian","Not a Pedestrian",428931,434594,"E01033006",2,"Not at junction or within 20 metres","Daylight","Fine no high winds","Dry","Car occupant"
"2296","2014131BT0737",2014-11-29,2014,"Nov",29,"12:45",12,45,"Saturday","Slight",4,"Slight","Minibus (8 - 16 passenger seats) occupant","Driver or rider","Male",43,"Unclassified","Single carriageway",30,NA,"Not a Pedestrian","Not a Pedestrian",428931,434594,"E01033006",2,"Not at junction or within 20 metres","Daylight","Fine no high winds","Dry","Bus and goods vehicle occupant"
"2297","2014131BT0839",2014-11-29,2014,"Nov",29,"13:51",13,51,"Saturday","Slight",4,"Slight","Car occupant","Driver or rider","Female",37,"B","Single carriageway",40,NA,"Not a Pedestrian","Not a Pedestrian",442909,435316,"E01011297",1,"Not at junction or within 20 metres","Daylight","Fine no high winds","Wet or damp","Car occupant"
"2298","2014131BT0839",2014-11-29,2014,"Nov",29,"13:51",13,51,"Saturday","Slight",4,"Slight","Car occupant","Passenger","Male",35,"B","Single carriageway",40,NA,"Not a Pedestrian","Not a Pedestrian",442909,435316,"E01011297",1,"Not at junction or within 20 metres","Daylight","Fine no high winds","Wet or damp","Car occupant"
"2299","2014131BT0839",2014-11-29,2014,"Nov",29,"13:51",13,51,"Saturday","Slight",4,"Slight","Car occupant","Passenger","Male",7,"B","Single carriageway",40,NA,"Not a Pedestrian","Not a Pedestrian",442909,435316,"E01011297",1,"Not at junction or within 20 metres","Daylight","Fine no high winds","Wet or damp","Car occupant"
"2300","2014131BT0839",2014-11-29,2014,"Nov",29,"13:51",13,51,"Saturday","Slight",4,"Slight","Car occupant","Passenger","Male",3,"B","Single carriageway",40,NA,"Not a Pedestrian","Not a Pedestrian",442909,435316,"E01011297",1,"Not at junction or within 20 metres","Daylight","Fine no high winds","Wet or damp","Car occupant"
"2301","2014131BT0892",2014-11-29,2014,"Nov",29,"14:20",14,20,"Saturday","Slight",1,"Slight","Taxi/Private hire car occupant","Driver or rider","Male",38,"A","Single carriageway",40,"Unclassified","Not a Pedestrian","Not a Pedestrian",424524,437059,"E01011453",2,"T or staggered junction","Daylight","Fine no high winds","Dry","Car occupant"
"2302","2014131BT1350",2014-11-29,2014,"Nov",29,"18:00",18,0,"Saturday","Slight",2,"Slight","Car occupant","Driver or rider","Female",22,"A","Single carriageway",40,NA,"Not a Pedestrian","Not a Pedestrian",428441,429101,"E01011493",2,"Not at junction or within 20 metres","Darkness - lights lit","Fine no high winds","Dry","Car occupant"
"2303","2014131BT1350",2014-11-29,2014,"Nov",29,"18:00",18,0,"Saturday","Slight",2,"Slight","Car occupant","Passenger","Female",33,"A","Single carriageway",40,NA,"Not a Pedestrian","Not a Pedestrian",428441,429101,"E01011493",2,"Not at junction or within 20 metres","Darkness - lights lit","Fine no high winds","Dry","Car occupant"
"2304","2014131BU0690",2014-11-30,2014,"Nov",30,"11:40",11,40,"Sunday","Slight",1,"Slight","Van / Goods vehicle (3.5 tonnes mgw or under) occupant","Driver or rider","Male",41,"A","Dual carriageway",40,"A","Not a Pedestrian","Not a Pedestrian",420843,434704,"E01011595",2,"Roundabout","Daylight","Fine no high winds","Dry","Bus and goods vehicle occupant"
"2305","2014131BU1087",2014-11-30,2014,"Nov",30,"15:25",15,25,"Sunday","Slight",1,"Slight","Car occupant","Driver or rider","Male",48,"Motorway","Dual carriageway",70,NA,"Not a Pedestrian","Not a Pedestrian",431131,424778,"E01011537",2,"Not at junction or within 20 metres","Daylight","Fine no high winds","Dry","Car occupant"
"2306","2014131BU1133",2014-11-30,2014,"Nov",30,"15:55",15,55,"Sunday","Slight",3,"Slight","Car occupant","Driver or rider","Male",91,"B","Single carriageway",30,"Unclassified","Not a Pedestrian","Not a Pedestrian",440547,448561,"E01011704",3,"Crossroads","Daylight","Fine no high winds","Dry","Car occupant"
"2307","2014131BU1133",2014-11-30,2014,"Nov",30,"15:55",15,55,"Sunday","Slight",3,"Slight","Car occupant","Driver or rider","Male",65,"B","Single carriageway",30,"Unclassified","Not a Pedestrian","Not a Pedestrian",440547,448561,"E01011704",3,"Crossroads","Daylight","Fine no high winds","Dry","Car occupant"
"2308","2014131BU1133",2014-11-30,2014,"Nov",30,"15:55",15,55,"Sunday","Slight",3,"Slight","Car occupant","Passenger","Female",63,"B","Single carriageway",30,"Unclassified","Not a Pedestrian","Not a Pedestrian",440547,448561,"E01011704",3,"Crossroads","Daylight","Fine no high winds","Dry","Car occupant"
"2309","2014131BU1574",2014-11-30,2014,"Nov",30,"20:27",20,27,"Sunday","Serious",2,"Serious","Pedestrian","Pedestrian","Female",17,"Unclassified","Single carriageway",30,NA,"On footway or verge","Unknown or other",430338,428139,"E01032498",1,"Not at junction or within 20 metres","Darkness - lights lit","Fine no high winds","Dry","Pedestrian"
"2310","2014131BU1574",2014-11-30,2014,"Nov",30,"20:27",20,27,"Sunday","Serious",2,"Slight","Pedestrian","Pedestrian","Female",16,"Unclassified","Single carriageway",30,NA,"On footway or verge","Unknown or other",430338,428139,"E01032498",1,"Not at junction or within 20 metres","Darkness - lights lit","Fine no high winds","Dry","Pedestrian"
"2311","2014131C10352",2014-12-01,2014,"Dec",1,"09:28",9,28,"Monday","Slight",1,"Slight","Cyclist","Driver or rider","Male",31,"Unclassified","Single carriageway",30,NA,"Not a Pedestrian","Not a Pedestrian",428324,434431,"E01011483",1,"Not at junction or within 20 metres","Daylight","Fine no high winds","Dry","Cyclist"
"2312","2014131C11310",2014-12-01,2014,"Dec",1,"14:30",14,30,"Monday","Serious",1,"Serious","Cyclist","Driver or rider","Male",48,"A","Dual carriageway",30,"Unclassified","Not a Pedestrian","Not a Pedestrian",427876,434392,"E01011483",2,"T or staggered junction","Daylight","Raining no high winds","Wet or damp","Cyclist"
"2313","2014131C10863",2014-12-01,2014,"Dec",1,"14:58",14,58,"Monday","Slight",1,"Slight","Car occupant","Passenger","Male",50,"Unclassified","Single carriageway",30,NA,"Not a Pedestrian","Not a Pedestrian",428516,431254,"E01011369",2,"Not at junction or within 20 metres","Daylight","Fine no high winds","Dry","Car occupant"
"2314","2014131C11021",2014-12-01,2014,"Dec",1,"16:09",16,9,"Monday","Serious",1,"Serious","Pedestrian","Pedestrian","Female",62,"Unclassified","Single carriageway",30,"Unclassified","Crossing on pedestrian crossing facility","Crossing from driver's nearside",429913,433934,"E01033010",1,"Crossroads","Daylight","Fine no high winds","Dry","Pedestrian"
"2315","2014131C11056",2014-12-01,2014,"Dec",1,"16:29",16,29,"Monday","Slight",1,"Slight","Car occupant","Passenger","Male",35,"B","Single carriageway",30,"A","Not a Pedestrian","Not a Pedestrian",439480,426197,"E01011395",2,"T or staggered junction","Daylight","Fine no high winds","Dry","Car occupant"
"2316","2014131C20709",2014-12-02,2014,"Dec",2,"12:55",12,55,"Tuesday","Slight",1,"Slight","Pedestrian","Pedestrian","Female",47,"Unclassified","Dual carriageway",30,"Unclassified","Crossing on pedestrian crossing facility","Crossing from driver's nearside",429987,433297,"E01033010",1,"T or staggered junction","Daylight","Fine no high winds","Dry","Pedestrian"
"2317","2014131C21307",2014-12-02,2014,"Dec",2,"17:05",17,5,"Tuesday","Slight",1,"Slight","Pedestrian","Pedestrian","Female",24,"Unclassified","Single carriageway",30,"Unclassified","In carriageway, crossing elsewhere","Crossing from driver's nearside",435718,437114,"E01011720",1,"Private drive or entrance","Darkness - lighting unknown","Fine no high winds","Dry","Pedestrian"