"","accident_index","date","year","month","day","time","time_hour","time_minute","day_of_week","accident_severity","number_of_casualties","casualty_severity","casualty_type","casualty_class","sex_of_casualty","age_of_casualty","first_road_class","road_type","speed_limit","second_road_class","pedestrian_location","pedestrian_movement","location_easting_osgr","location_northing_osgr","lsoa_of_accident_location","number_of_vehicles","junction_detail","light_conditions","weather_conditions","road_surface_conditions","cas_type"
"2318","2014131C21200",2014-12-02,2014,"Dec",2,"17:38",17,38,"Tuesday","Slight",1,"Slight","Motorcycle 125cc and under rider or passenger","Driver or rider","Male",36,"Unclassified","Single carriageway",30,"Unclassified","Not a Pedestrian","Not a Pedestrian",431660,426466,"E01011499",2,"T or staggered junction","Darkness - lights lit","Fine no high winds","Dry","Motorcyclist and pillion"
"2319","2014131C21210",2014-12-02,2014,"Dec",2,"17:40",17,40,"Tuesday","Slight",2,"Slight","Car occupant","Passenger","Female",1,"A","Dual carriageway",30,"Motorway","Not a Pedestrian","Not a Pedestrian",424066,428055,"E01011523",2,"T or staggered junction","Darkness - lights lit","Fine no high winds","Dry","Car occupant"
"2320","2014131C21210",2014-12-02,2014,"Dec",2,"17:40",17,40,"Tuesday","Slight",2,"Slight","Car occupant","Driver or rider","Female",21,"A","Dual carriageway",30,"Motorway","Not a Pedestrian","Not a Pedestrian",424066,428055,"E01011523",2,"T or staggered junction","Darkness - lights lit","Fine no high winds","Dry","Car occupant"
"2321","2014131C21226",2014-12-02,2014,"Dec",2,"17:45",17,45,"Tuesday","Slight",1,"Slight","Car occupant","Driver or rider","Male",47,"A","Single carriageway",60,"A","Not a Pedestrian","Not a Pedestrian",442967,431603,"E01011302",2,"Roundabout","Darkness - lighting unknown","Fine no high winds","Dry","Car occupant"
"2322","2014131C50781",2014-12-03,2014,"Dec",3,"08:30",8,30,"Wednesday","Serious",1,"Serious","Cyclist","Driver or rider","Female",45,"Unclassified","Single carriageway",30,"Unclassified","Not a Pedestrian","Not a Pedestrian",431267,433828,"E01033031",2,"T or staggered junction","Daylight","Fine no high winds","Dry","Cyclist"
"2323","2014131C30308",2014-12-03,2014,"Dec",3,"09:40",9,40,"Wednesday","Slight",1,"Slight","Cyclist","Driver or rider","Male",61,"A","Single carriageway",30,NA,"Not a Pedestrian","Not a Pedestrian",436171,434418,"E01011408",2,"Not at junction or within 20 metres","Daylight","Fine no high winds","Wet or damp","Cyclist"
"2324","2014131C30631",2014-12-03,2014,"Dec",3,"13:20",13,20,"Wednesday","Slight",1,"Slight","Car occupant","Driver or rider","Male",23,"Motorway","Dual carriageway",70,NA,"Not a Pedestrian","Not a Pedestrian",434223,425860,"E01011500",2,"Not at junction or within 20 metres","Daylight","Fine no high winds","Dry","Car occupant"
"2325","2014131C30790",2014-12-03,2014,"Dec",3,"14:55",14,55,"Wednesday","Slight",1,"Slight","Motorcycle 125cc and under rider or passenger","Driver or rider","Male",30,"A","Roundabout",40,"Unclassified","Not a Pedestrian","Not a Pedestrian",436102,435590,"E01011724",2,"Roundabout","Daylight","Fine no high winds","Dry","Motorcyclist and pillion"
"2326","2014131C31091",2014-12-03,2014,"Dec",3,"17:25",17,25,"Wednesday","Slight",1,"Slight","Motorcycle over 500cc rider or passenger","Driver or rider","Male",27,"Motorway","Unknown",50,NA,"Not a Pedestrian","Not a Pedestrian",430511,431207,"E01011468",2,"Not at junction or within 20 metres","Darkness - lights unlit","Fine no high winds","Wet or damp","Motorcyclist and pillion"
"2327","2014131C31455",2014-12-03,2014,"Dec",3,"17:30",17,30,"Wednesday","Slight",1,"Slight","Pedestrian","Pedestrian","Female",21,"Unclassified","Single carriageway",20,"Unclassified","In carriageway, crossing elsewhere","Crossing from driver's offside",427130,435641,"E01011480",1,"Crossroads","Darkness - lights lit","Fine no high winds","Dry","Pedestrian"
"2328","2014131C31273",2014-12-03,2014,"Dec",3,"19:00",19,0,"Wednesday","Slight",1,"Slight","Car occupant","Passenger","Female",22,"Unclassified","Single carriageway",30,NA,"Not a Pedestrian","Not a Pedestrian",427350,433286,"E01011292",1,"Not at junction or within 20 metres","Darkness - lights lit","Fine no high winds","Wet or damp","Car occupant"
"2329","2014131C31658",2014-12-03,2014,"Dec",3,"21:29",21,29,"Wednesday","Slight",2,"Slight","Taxi/Private hire car occupant","Driver or rider","Male",41,"Unclassified","Dual carriageway",30,"Unclassified","Not a Pedestrian","Not a Pedestrian",429371,433782,"E01011678",2,"Crossroads","Darkness - lights lit","Fine no high winds","Dry","Car occupant"
"2330","2014131C31658",2014-12-03,2014,"Dec",3,"21:29",21,29,"Wednesday","Slight",2,"Slight","Car occupant","Driver or rider","Male",47,"Unclassified","Dual carriageway",30,"Unclassified","Not a Pedestrian","Not a Pedestrian",429371,433782,"E01011678",2,"Crossroads","Darkness - lights lit","Fine no high winds","Dry","Car occupant"
"2331","2014131C31592",2014-12-03,2014,"Dec",3,"22:31",22,31,"Wednesday","Slight",1,"Slight","Motorcycle 125cc and under rider or passenger","Driver or rider","Male",20,"Unclassified","Single carriageway",30,"Unclassified","Not a Pedestrian","Not a Pedestrian",425074,427853,"E01011530",2,"Other junction","Darkness - lights lit","Fine no high winds","Wet or damp","Motorcyclist and pillion"
"2332","2014131C40188",2014-12-04,2014,"Dec",4,"07:36",7,36,"Thursday","Fatal",3,"Fatal","Car occupant","Driver or rider","Male",17,"Unclassified","Single carriageway",60,NA,"Not a Pedestrian","Not a Pedestrian",439923,428815,"E01011392",5,"Not at junction or within 20 metres","Darkness - no lighting","Fine no high winds","Wet or damp","Car occupant"
"2333","2014131C40188",2014-12-04,2014,"Dec",4,"07:36",7,36,"Thursday","Fatal",3,"Slight","Car occupant","Driver or rider","Female",54,"Unclassified","Single carriageway",60,NA,"Not a Pedestrian","Not a Pedestrian",439923,428815,"E01011392",5,"Not at junction or within 20 metres","Darkness - no lighting","Fine no high winds","Wet or damp","Car occupant"
"2334","2014131C40188",2014-12-04,2014,"Dec",4,"07:36",7,36,"Thursday","Fatal",3,"Slight","Car occupant","Driver or rider","Female",21,"Unclassified","Single carriageway",60,NA,"Not a Pedestrian","Not a Pedestrian",439923,428815,"E01011392",5,"Not at junction or within 20 metres","Darkness - no lighting","Fine no high winds","Wet or damp","Car occupant"
"2335","2014131C40667",2014-12-04,2014,"Dec",4,"08:30",8,30,"Thursday","Slight",1,"Slight","Pedestrian","Pedestrian","Male",13,"Unclassified","Single carriageway",30,NA,"On footway or verge","Unknown or other",434950,435636,"E01011664",1,"Not at junction or within 20 metres","Daylight","Fine no high winds","Dry","Pedestrian"
"2336","2014131C40343",2014-12-04,2014,"Dec",4,"09:25",9,25,"Thursday","Slight",1,"Slight","Car occupant","Driver or rider","Female",34,"A","Dual carriageway",40,"Unclassified","Not a Pedestrian","Not a Pedestrian",428106,426662,"E01011540",2,"Crossroads","Daylight","Fine no high winds","Wet or damp","Car occupant"
"2337","2014131C51471",2014-12-04,2014,"Dec",4,"18:00",18,0,"Thursday","Slight",1,"Slight","Pedestrian","Pedestrian","Female",51,"Unclassified","Single carriageway",30,"Unclassified","In carriageway, crossing elsewhere","Crossing from driver's nearside",426186,437462,"E01011484",1,"Other junction","Darkness - lighting unknown","Fine no high winds","Dry","Pedestrian"
"2338","2014131C41392",2014-12-04,2014,"Dec",4,"19:20",19,20,"Thursday","Slight",1,"Slight","Car occupant","Driver or rider","Male",29,"B","Dual carriageway",30,"Unclassified","Not a Pedestrian","Not a Pedestrian",434470,433713,"E01011341",2,"Crossroads","Darkness - lights lit","Fine no high winds","Wet or damp","Car occupant"
"2339","2014131C50365",2014-12-05,2014,"Dec",5,"08:35",8,35,"Friday","Slight",1,"Slight","Pedestrian","Pedestrian","Female",15,"Unclassified","Single carriageway",30,"A","On footway or verge","Unknown or other",425642,427972,"E01011530",1,"T or staggered junction","Daylight","Fine no high winds","Dry","Pedestrian"
"2340","2014131C50282",2014-12-05,2014,"Dec",5,"08:41",8,41,"Friday","Slight",1,"Slight","Car occupant","Driver or rider","Female",24,"Unclassified","Single carriageway",60,NA,"Not a Pedestrian","Not a Pedestrian",435425,427366,"E01011636",2,"Not at junction or within 20 metres","Daylight","Fine no high winds","Wet or damp","Car occupant"
"2341","2014131C50482",2014-12-05,2014,"Dec",5,"10:45",10,45,"Friday","Slight",1,"Slight","Car occupant","Driver or rider","Male",21,"B","Single carriageway",40,NA,"Not a Pedestrian","Not a Pedestrian",434305,425897,"E01011634",1,"Not at junction or within 20 metres","Daylight","Fine no high winds","Dry","Car occupant"
"2342","2014131C50664",2014-12-05,2014,"Dec",5,"11:36",11,36,"Friday","Slight",1,"Slight","Bus or coach occupant (17 or more pass seats)","Passenger","Female",89,"B","Single carriageway",30,"A","Not a Pedestrian","Not a Pedestrian",427896,436200,"E01011451",1,"T or staggered junction","Daylight","Fine no high winds","Dry","Bus and goods vehicle occupant"
"2343","2014131C50629",2014-12-05,2014,"Dec",5,"12:09",12,9,"Friday","Serious",1,"Serious","Cyclist","Driver or rider","Male",51,"Unclassified","Single carriageway",30,NA,"Not a Pedestrian","Not a Pedestrian",432651,438034,"E01011655",2,"Not at junction or within 20 metres","Daylight","Fine no high winds","Dry","Cyclist"
"2344","2014131C50923",2014-12-05,2014,"Dec",5,"15:02",15,2,"Friday","Slight",1,"Slight","Motorcycle 125cc and under rider or passenger","Driver or rider","Male",55,"Unclassified","Single carriageway",30,"Unclassified","Not a Pedestrian","Not a Pedestrian",434855,428429,"E01011627",2,"T or staggered junction","Daylight","Fine no high winds","Wet or damp","Motorcyclist and pillion"
"2345","2014131C50965",2014-12-05,2014,"Dec",5,"15:23",15,23,"Friday","Slight",1,"Slight","Pedestrian","Pedestrian","Male",14,"Unclassified","Single carriageway",30,"Unclassified","Unknown or other","Crossing from driver's nearside",422956,433108,"E01011614",1,"T or staggered junction","Daylight","Fine no high winds","Dry","Pedestrian"
"2346","2014131C51028",2014-12-05,2014,"Dec",5,"15:50",15,50,"Friday","Serious",1,"Serious","Motorcycle 125cc and under rider or passenger","Driver or rider","Male",22,"Unclassified","Single carriageway",30,NA,"Not a Pedestrian","Not a Pedestrian",434581,428144,"E01011633",1,"Not at junction or within 20 metres","Darkness - lights lit","Fine no high winds","Dry","Motorcyclist and pillion"
"2347","2014131C51124",2014-12-05,2014,"Dec",5,"16:50",16,50,"Friday","Slight",1,"Slight","Motorcycle 125cc and under rider or passenger","Driver or rider","Male",40,"Unclassified","Single carriageway",30,"Unclassified","Not a Pedestrian","Not a Pedestrian",428078,434972,"E01011447",2,"T or staggered junction","Darkness - lights lit","Fine no high winds","Dry","Motorcyclist and pillion"
"2348","2014131C51241",2014-12-05,2014,"Dec",5,"17:47",17,47,"Friday","Slight",1,"Slight","Cyclist","Driver or rider","Male",20,"Unclassified","Roundabout",30,"Unclassified","Not a Pedestrian","Not a Pedestrian",431178,429972,"E01011472",2,"Roundabout","Darkness - lights lit","Fine no high winds","Wet or damp","Cyclist"
"2349","2014131C51234",2014-12-05,2014,"Dec",5,"18:15",18,15,"Friday","Slight",1,"Slight","Car occupant","Driver or rider","Male",61,"Motorway","Slip road",50,"Motorway","Not a Pedestrian","Not a Pedestrian",431621,430526,"E01011470",2,"Slip road","Darkness - lights lit","Fine no high winds","Dry","Car occupant"
"2350","2014131C51402",2014-12-05,2014,"Dec",5,"18:55",18,55,"Friday","Serious",1,"Serious","Car occupant","Driver or rider","Female",64,"A","Single carriageway",30,"Unclassified","Not a Pedestrian","Not a Pedestrian",432872,427584,"E01011634",2,"T or staggered junction","Darkness - lights lit","Fine no high winds","Wet or damp","Car occupant"
"2351","2014131C80481",2014-12-05,2014,"Dec",5,"19:40",19,40,"Friday","Slight",1,"Slight","Bus or coach occupant (17 or more pass seats)","Passenger","Female",55,"Unclassified","Single carriageway",30,NA,"Not a Pedestrian","Not a Pedestrian",430236,427775,"E01011492",1,"Not at junction or within 20 metres","Darkness - lights lit","Fine no high winds","Dry","Bus and goods vehicle occupant"
"2352","2014131C51607",2014-12-05,2014,"Dec",5,"20:10",20,10,"Friday","Slight",1,"Slight","Motorcycle 125cc and under rider or passenger","Driver or rider","Male",55,"A","Single carriageway",30,"B","Not a Pedestrian","Not a Pedestrian",419210,441794,"E01011265",2,"T or staggered junction","Darkness - lights lit","Fine no high winds","Wet or damp","Motorcyclist and pillion"
"2353","2014131C51895",2014-12-05,2014,"Dec",5,"23:54",23,54,"Friday","Slight",1,"Slight","Car occupant","Driver or rider","Female",26,"Motorway","Slip road",30,"Unclassified","Not a Pedestrian","Not a Pedestrian",430435,431155,"E01011312",1,"T or staggered junction","Darkness - lights lit","Fine no high winds","Dry","Car occupant"
"2354","2014131C60577",2014-12-06,2014,"Dec",6,"04:00",4,0,"Saturday","Slight",1,"Slight","Pedestrian","Pedestrian","Male",20,"B","Single carriageway",30,NA,"Unknown or other","Unknown or other",427649,436028,"E01011435",1,"Not at junction or within 20 metres","Darkness - lights lit","Fine no high winds","Dry","Pedestrian"
"2355","2014131C60403",2014-12-06,2014,"Dec",6,"07:02",7,2,"Saturday","Serious",1,"Serious","Cyclist","Driver or rider","Male",25,"A","Single carriageway",30,"Unclassified","Not a Pedestrian","Not a Pedestrian",431743,431426,"E01011468",2,"T or staggered junction","Darkness - lights lit","Fine no high winds","Wet or damp","Cyclist"
"2356","2014131C50025",2014-12-06,2014,"Dec",6,"07:15",7,15,"Saturday","Slight",1,"Slight","Cyclist","Driver or rider","Male",19,"A","Single carriageway",30,"Unclassified","Not a Pedestrian","Not a Pedestrian",427734,431602,"E01011369",2,"Roundabout","Daylight","Fine no high winds","Wet or damp","Cyclist"
"2357","2014131C60412",2014-12-06,2014,"Dec",6,"07:15",7,15,"Saturday","Slight",1,"Slight","Other vehicle occupant","Driver or rider","Male",27,"A(M)","Dual carriageway",40,"Unclassified","Not a Pedestrian","Not a Pedestrian",429393,433805,"E01011678",3,"Slip road","Daylight","Fine no high winds","Dry","Others"
"2358","2014131C60843",2014-12-06,2014,"Dec",6,"08:10",8,10,"Saturday","Slight",2,"Slight","Car occupant","Driver or rider","Male",32,"A(M)","Dual carriageway",40,"Unclassified","Not a Pedestrian","Not a Pedestrian",429391,433794,"E01011678",2,"Slip road","Daylight","Fine no high winds","Dry","Car occupant"
"2359","2014131C60843",2014-12-06,2014,"Dec",6,"08:10",8,10,"Saturday","Slight",2,"Slight","Car occupant","Driver or rider","Male",18,"A(M)","Dual carriageway",40,"Unclassified","Not a Pedestrian","Not a Pedestrian",429391,433794,"E01011678",2,"Slip road","Daylight","Fine no high winds","Dry","Car occupant"
"2360","2014131C60568",2014-12-06,2014,"Dec",6,"10:25",10,25,"Saturday","Slight",1,"Slight","Car occupant","Driver or rider","Female",25,"A","Roundabout",30,"Unclassified","Not a Pedestrian","Not a Pedestrian",431256,432305,"E01011467",1,"Roundabout","Daylight","Fine no high winds","Wet or damp","Car occupant"
"2361","2014131C60636",2014-12-06,2014,"Dec",6,"11:15",11,15,"Saturday","Slight",2,"Slight","Car occupant","Driver or rider","Female",59,"A","Single carriageway",40,"Unclassified","Not a Pedestrian","Not a Pedestrian",440175,433412,"E01011396",2,"T or staggered junction","Daylight","Fine no high winds","Wet or damp","Car occupant"
"2362","2014131C60636",2014-12-06,2014,"Dec",6,"11:15",11,15,"Saturday","Slight",2,"Slight","Car occupant","Driver or rider","Female",30,"A","Single carriageway",40,"Unclassified","Not a Pedestrian","Not a Pedestrian",440175,433412,"E01011396",2,"T or staggered junction","Daylight","Fine no high winds","Wet or damp","Car occupant"
"2363","2014131C60653",2014-12-06,2014,"Dec",6,"11:25",11,25,"Saturday","Slight",1,"Slight","Pedestrian","Pedestrian","Male",82,"Unclassified","Single carriageway",30,NA,"Crossing on pedestrian crossing facility","Crossing from driver's nearside",424909,434426,"E01032606",1,"Not at junction or within 20 metres","Daylight","Fine no high winds","Dry","Pedestrian"
"2364","2014131C61054",2014-12-06,2014,"Dec",6,"14:30",14,30,"Saturday","Slight",1,"Slight","Bus or coach occupant (17 or more pass seats)","Passenger","Male",82,"Unclassified","Single carriageway",30,NA,"Not a Pedestrian","Not a Pedestrian",436452,435723,"E01011724",1,"Not at junction or within 20 metres","Daylight","Fine no high winds","Dry","Bus and goods vehicle occupant"
"2365","2014131C61132",2014-12-06,2014,"Dec",6,"16:30",16,30,"Saturday","Slight",1,"Slight","Car occupant","Driver or rider","Female",44,"Unclassified","Single carriageway",30,NA,"Not a Pedestrian","Not a Pedestrian",438538,430165,"E01011390",2,"Not at junction or within 20 metres","Darkness - lights lit","Fine no high winds","Wet or damp","Car occupant"
"2366","2014131C61138",2014-12-06,2014,"Dec",6,"16:39",16,39,"Saturday","Slight",1,"Slight","Pedestrian","Pedestrian","Female",42,"Unclassified","Single carriageway",30,"Unclassified","In carriageway, crossing elsewhere","Crossing from driver's offside",427603,436986,"E01011690",1,"T or staggered junction","Darkness - lights lit","Fine no high winds","Dry","Pedestrian"
"2367","2014131C61091",2014-12-06,2014,"Dec",6,"16:45",16,45,"Saturday","Slight",1,"Slight","Car occupant","Driver or rider","Male",30,"A(M)","Dual carriageway",40,NA,"Not a Pedestrian","Not a Pedestrian",429403,433846,"E01011678",1,"Not at junction or within 20 metres","Darkness - lights lit","Fine no high winds","Wet or damp","Car occupant"
"2368","2014131C61498",2014-12-06,2014,"Dec",6,"20:20",20,20,"Saturday","Slight",1,"Slight","Motorcycle 50cc and under rider or passenger","Driver or rider","Male",17,"Unclassified","Single carriageway",30,"Unclassified","Not a Pedestrian","Not a Pedestrian",440370,448116,"E01011704",2,"T or staggered junction","Darkness - lighting unknown","Fine no high winds","Dry","Motorcyclist and pillion"
"2369","2014131C70333",2014-12-07,2014,"Dec",7,"04:30",4,30,"Sunday","Slight",1,"Slight","Cyclist","Driver or rider","Male",20,"Unclassified","Single carriageway",30,NA,"Not a Pedestrian","Not a Pedestrian",428799,435166,"E01033006",1,"Not at junction or within 20 metres","Darkness - lighting unknown","Fine no high winds","Dry","Cyclist"
"2370","2014131C81266",2014-12-08,2014,"Dec",8,"17:40",17,40,"Monday","Slight",1,"Slight","Motorcycle 125cc and under rider or passenger","Driver or rider","Male",32,"A","Single carriageway",30,NA,"Not a Pedestrian","Not a Pedestrian",435864,435275,"E01011666",2,"Not at junction or within 20 metres","Daylight","Fine no high winds","Dry","Motorcyclist and pillion"
"2371","2014131C81626",2014-12-08,2014,"Dec",8,"22:00",22,0,"Monday","Slight",1,"Slight","Car occupant","Driver or rider","Male",45,"A","Single carriageway",30,NA,"Not a Pedestrian","Not a Pedestrian",430782,434560,"E01033003",3,"Not at junction or within 20 metres","Daylight","Fine no high winds","Dry","Car occupant"
"2372","2014131C90850",2014-12-09,2014,"Dec",9,"14:30",14,30,"Tuesday","Slight",1,"Slight","Car occupant","Driver or rider","Male",41,"A","Single carriageway",30,NA,"Not a Pedestrian","Not a Pedestrian",431797,435580,"E01011422",2,"Not at junction or within 20 metres","Daylight","Fine no high winds","Dry","Car occupant"
"2373","2014131C91345",2014-12-09,2014,"Dec",9,"20:00",20,0,"Tuesday","Slight",1,"Slight","Cyclist","Driver or rider","Male",50,"Unclassified","Single carriageway",30,NA,"Not a Pedestrian","Not a Pedestrian",427833,436382,"E01011440",2,"Not at junction or within 20 metres","Darkness - lights lit","Fine no high winds","Dry","Cyclist"
"2374","2014131C91483",2014-12-09,2014,"Dec",9,"21:15",21,15,"Tuesday","Slight",1,"Slight","Car occupant","Driver or rider","Female",30,"Unclassified","Single carriageway",30,"Unclassified","Not a Pedestrian","Not a Pedestrian",429794,433798,"E01033008",2,"Crossroads","Darkness - lights lit","Raining no high winds","Wet or damp","Car occupant"
"2375","2014131C91527",2014-12-09,2014,"Dec",9,"21:40",21,40,"Tuesday","Slight",1,"Slight","Pedestrian","Pedestrian","Male",59,"Unclassified","Single carriageway",30,NA,"In carriageway, crossing elsewhere","Crossing from driver's offside",429784,434077,"E01033008",1,"Not at junction or within 20 metres","Darkness - lights lit","Fine no high winds","Dry","Pedestrian"
"2376","2014131CA0208",2014-12-10,2014,"Dec",10,"07:40",7,40,"Wednesday","Slight",1,"Slight","Car occupant","Driver or rider","Male",34,"A","Single carriageway",30,NA,"Not a Pedestrian","Not a Pedestrian",427725,434459,"E01011483",2,"Not at junction or within 20 metres","Daylight","Fine no high winds","Dry","Car occupant"
"2377","2014131CA0858",2014-12-10,2014,"Dec",10,"15:04",15,4,"Wednesday","Slight",1,"Slight","Pedestrian","Pedestrian","Female",84,"Unclassified","Single carriageway",30,"Unclassified","In carriageway, crossing elsewhere","Crossing from driver's nearside",423749,438013,"E01011459",1,"T or staggered junction","Daylight","Raining no high winds","Wet or damp","Pedestrian"
"2378","2014131CA0944",2014-12-10,2014,"Dec",10,"15:10",15,10,"Wednesday","Slight",1,"Slight","Car occupant","Driver or rider","Female",23,"Unclassified","Single carriageway",30,"Unclassified","Not a Pedestrian","Not a Pedestrian",430468,436316,"E01011358",2,"Other junction","Daylight","Fine no high winds","Dry","Car occupant"
"2379","2014131CA0906",2014-12-10,2014,"Dec",10,"15:30",15,30,"Wednesday","Slight",1,"Slight","Car occupant","Passenger","Female",10,"A","Dual carriageway",40,"Unclassified","Not a Pedestrian","Not a Pedestrian",424451,433895,"E01011608",2,"Crossroads","Daylight","Fine + high winds","Wet or damp","Car occupant"
"2380","2014131CA1002",2014-12-10,2014,"Dec",10,"16:24",16,24,"Wednesday","Serious",1,"Serious","Car occupant","Driver or rider","Female",42,"Unclassified","Single carriageway",30,NA,"Not a Pedestrian","Not a Pedestrian",430746,438905,"E01011512",2,"Not at junction or within 20 metres","Darkness - lights lit","Raining no high winds","Wet or damp","Car occupant"
"2381","2014131CA1225",2014-12-10,2014,"Dec",10,"17:40",17,40,"Wednesday","Slight",1,"Slight","Car occupant","Passenger","Male",48,"Unclassified","Single carriageway",30,NA,"Not a Pedestrian","Not a Pedestrian",428826,430302,"E01011315",3,"Not at junction or within 20 metres","Darkness - lights lit","Fine no high winds","Dry","Car occupant"
"2382","2014131CA1222",2014-12-10,2014,"Dec",10,"18:00",18,0,"Wednesday","Slight",1,"Slight","Motorcycle 125cc and under rider or passenger","Driver or rider","Male",29,"A","One way street",30,NA,"Not a Pedestrian","Not a Pedestrian",428045,431112,"E01011369",2,"Not at junction or within 20 metres","Daylight","Fine no high winds","Dry","Motorcyclist and pillion"
"2383","2014131CA1274",2014-12-10,2014,"Dec",10,"18:30",18,30,"Wednesday","Fatal",1,"Fatal","Pedestrian","Pedestrian","Male",30,"A","Single carriageway",40,"Unclassified","Crossing on pedestrian crossing facility","Crossing from nearside - masked by parked or stationary vehicle",435776,436795,"E01011661",1,"T or staggered junction","Darkness - lights lit","Raining + high winds","Wet or damp","Pedestrian"
"2384","2014131CA1291",2014-12-10,2014,"Dec",10,"18:40",18,40,"Wednesday","Slight",2,"Slight","Car occupant","Driver or rider","Male",19,"A","Dual carriageway",30,"A","Not a Pedestrian","Not a Pedestrian",435863,436433,"E01011720",2,"Roundabout","Darkness - lights lit","Raining + high winds","Wet or damp","Car occupant"
"2385","2014131CA1291",2014-12-10,2014,"Dec",10,"18:40",18,40,"Wednesday","Slight",2,"Slight","Car occupant","Passenger","Male",9,"A","Dual carriageway",30,"A","Not a Pedestrian","Not a Pedestrian",435863,436433,"E01011720",2,"Roundabout","Darkness - lights lit","Raining + high winds","Wet or damp","Car occupant"
"2386","2014131CA1371",2014-12-10,2014,"Dec",10,"19:30",19,30,"Wednesday","Slight",1,"Slight","Car occupant","Driver or rider","Male",46,"Unclassified","Single carriageway",30,"Unclassified","Not a Pedestrian","Not a Pedestrian",435419,436669,"E01011659",2,"T or staggered junction","Daylight","Fine no high winds","Dry","Car occupant"
"2387","2014131CA1567",2014-12-10,2014,"Dec",10,"22:15",22,15,"Wednesday","Slight",1,"Slight","Car occupant","Driver or rider","Male",29,"Unclassified","Dual carriageway",30,"Unclassified","Not a Pedestrian","Not a Pedestrian",433154,435249,"E01011431",2,"Crossroads","Darkness - lights lit","Raining + high winds","Wet or damp","Car occupant"
"2388","2014131CA1568",2014-12-10,2014,"Dec",10,"22:35",22,35,"Wednesday","Slight",3,"Slight","Car occupant","Passenger","Male",18,"Unclassified","Single carriageway",30,NA,"Not a Pedestrian","Not a Pedestrian",425336,440883,"E01011377",1,"Not at junction or within 20 metres","Darkness - lights lit","Raining + high winds","Wet or damp","Car occupant"
"2389","2014131CA1568",2014-12-10,2014,"Dec",10,"22:35",22,35,"Wednesday","Slight",3,"Slight","Car occupant","Passenger","Male",18,"Unclassified","Single carriageway",30,NA,"Not a Pedestrian","Not a Pedestrian",425336,440883,"E01011377",1,"Not at junction or within 20 metres","Darkness - lights lit","Raining + high winds","Wet or damp","Car occupant"
"2390","2014131CA1568",2014-12-10,2014,"Dec",10,"22:35",22,35,"Wednesday","Slight",3,"Slight","Car occupant","Passenger","Male",18,"Unclassified","Single carriageway",30,NA,"Not a Pedestrian","Not a Pedestrian",425336,440883,"E01011377",1,"Not at junction or within 20 metres","Darkness - lights lit","Raining + high winds","Wet or damp","Car occupant"
"2391","2014131CB0920",2014-12-11,2014,"Dec",11,"15:45",15,45,"Thursday","Slight",1,"Slight","Bus or coach occupant (17 or more pass seats)","Passenger","Female",93,"A","Single carriageway",30,NA,"Not a Pedestrian","Not a Pedestrian",430195,438301,"E01011506",2,"Not at junction or within 20 metres","Darkness - lights lit","Raining no high winds","Wet or damp","Bus and goods vehicle occupant"
"2392","2014131CB0981",2014-12-11,2014,"Dec",11,"16:25",16,25,"Thursday","Slight",2,"Slight","Car occupant","Driver or rider","Female",28,"Unclassified","One way street",30,"A","Not a Pedestrian","Not a Pedestrian",430867,434253,"E01033003",3,"Crossroads","Darkness - lights lit","Fine no high winds","Dry","Car occupant"
"2393","2014131CB0981",2014-12-11,2014,"Dec",11,"16:25",16,25,"Thursday","Slight",2,"Slight","Van / Goods vehicle (3.5 tonnes mgw or under) occupant","Driver or rider","Male",39,"Unclassified","One way street",30,"A","Not a Pedestrian","Not a Pedestrian",430867,434253,"E01033003",3,"Crossroads","Darkness - lights lit","Fine no high winds","Dry","Bus and goods vehicle occupant"
"2394","2014131CC0522",2014-12-12,2014,"Dec",12,"08:10",8,10,"Friday","Slight",1,"Slight","Pedestrian","Pedestrian","Male",11,"Unclassified","Single carriageway",30,NA,"In carriageway, crossing elsewhere","Crossing from driver's nearside",441295,433228,"E01011397",1,"Not at junction or within 20 metres","Daylight","Fine no high winds","Dry","Pedestrian"
"2395","2014131CC0911",2014-12-12,2014,"Dec",12,"09:00",9,0,"Friday","Slight",2,"Slight","Car occupant","Passenger","Male",26,"Unclassified","Single carriageway",30,"Unclassified","Not a Pedestrian","Not a Pedestrian",431885,435549,"E01011428",2,"T or staggered junction","Daylight","Raining no high winds","Wet or damp","Car occupant"
"2396","2014131CC0911",2014-12-12,2014,"Dec",12,"09:00",9,0,"Friday","Slight",2,"Slight","Car occupant","Driver or rider","Male",25,"Unclassified","Single carriageway",30,"Unclassified","Not a Pedestrian","Not a Pedestrian",431885,435549,"E01011428",2,"T or staggered junction","Daylight","Raining no high winds","Wet or damp","Car occupant"
"2397","2014131CC0564",2014-12-12,2014,"Dec",12,"12:23",12,23,"Friday","Slight",1,"Slight","Car occupant","Driver or rider","Female",53,"A","Single carriageway",30,NA,"Not a Pedestrian","Not a Pedestrian",430814,431975,"E01011467",2,"Not at junction or within 20 metres","Daylight","Fine no high winds","Dry","Car occupant"
"2398","2014131CC1002",2014-12-12,2014,"Dec",12,"16:30",16,30,"Friday","Serious",3,"Serious","Car occupant","Passenger","Female",33,"A(M)","Dual carriageway",70,NA,"Not a Pedestrian","Not a Pedestrian",443654,437222,"E01011297",4,"Not at junction or within 20 metres","Darkness - lights lit","Fine no high winds","Dry","Car occupant"