"","accident_index","date","year","month","day","time","time_hour","time_minute","day_of_week","accident_severity","number_of_casualties","casualty_severity","casualty_type","casualty_class","sex_of_casualty","age_of_casualty","first_road_class","road_type","speed_limit","second_road_class","pedestrian_location","pedestrian_movement","location_easting_osgr","location_northing_osgr","lsoa_of_accident_location","number_of_vehicles","junction_detail","light_conditions","weather_conditions","road_surface_conditions","cas_type"
"2399","2014131CC1002",2014-12-12,2014,"Dec",12,"16:30",16,30,"Friday","Serious",3,"Slight","Car occupant","Passenger","Female",46,"A(M)","Dual carriageway",70,NA,"Not a Pedestrian","Not a Pedestrian",443654,437222,"E01011297",4,"Not at junction or within 20 metres","Darkness - lights lit","Fine no high winds","Dry","Car occupant"
"2400","2014131CC1002",2014-12-12,2014,"Dec",12,"16:30",16,30,"Friday","Serious",3,"Slight","Car occupant","Driver or rider","Female",57,"A(M)","Dual carriageway",70,NA,"Not a Pedestrian","Not a Pedestrian",443654,437222,"E01011297",4,"Not at junction or within 20 metres","Darkness - lights lit","Fine no high winds","Dry","Car occupant"
"2401","2014131CC1160",2014-12-12,2014,"Dec",12,"17:51",17,51,"Friday","Serious",2,"Serious","Pedestrian","Pedestrian","Male",15,"Unclassified","Single carriageway",30,NA,"In centre of carriageway - not on refuge, island or central reservation","Crossing from driver's nearside",433408,434962,"E01011342",1,"Not at junction or within 20 metres","Darkness - lights lit","Fine no high winds","Wet or damp","Pedestrian"
"2402","2014131CC1160",2014-12-12,2014,"Dec",12,"17:51",17,51,"Friday","Serious",2,"Slight","Pedestrian","Pedestrian","Male",17,"Unclassified","Single carriageway",30,NA,"In centre of carriageway - not on refuge, island or central reservation","Crossing from driver's nearside",433408,434962,"E01011342",1,"Not at junction or within 20 metres","Darkness - lights lit","Fine no high winds","Wet or damp","Pedestrian"
"2403","2014131CC1294",2014-12-12,2014,"Dec",12,"19:06",19,6,"Friday","Slight",1,"Slight","Car occupant","Passenger","Female",21,"Unclassified","Single carriageway",60,NA,"Not a Pedestrian","Not a Pedestrian",434721,438859,"E01011311",1,"Not at junction or within 20 metres","Darkness - no lighting","Fine no high winds","Wet or damp","Car occupant"
"2404","2014131CD0097",2014-12-13,2014,"Dec",13,"01:30",1,30,"Saturday","Slight",2,"Slight","Car occupant","Driver or rider","Male",55,"A","Single carriageway",40,"Unclassified","Not a Pedestrian","Not a Pedestrian",429389,425864,"E01011538",2,"T or staggered junction","Darkness - lights lit","Fine no high winds","Wet or damp","Car occupant"
"2405","2014131CD0097",2014-12-13,2014,"Dec",13,"01:30",1,30,"Saturday","Slight",2,"Slight","Car occupant","Driver or rider","Male",32,"A","Single carriageway",40,"Unclassified","Not a Pedestrian","Not a Pedestrian",429389,425864,"E01011538",2,"T or staggered junction","Darkness - lights lit","Fine no high winds","Wet or damp","Car occupant"
"2406","2014131CD0802",2014-12-13,2014,"Dec",13,"11:43",11,43,"Saturday","Slight",2,"Slight","Car occupant","Passenger","Female",68,"Unclassified","Single carriageway",30,"Unclassified","Not a Pedestrian","Not a Pedestrian",425802,428128,"E01011530",2,"T or staggered junction","Daylight","Fine no high winds","Wet or damp","Car occupant"
"2407","2014131CD0802",2014-12-13,2014,"Dec",13,"11:43",11,43,"Saturday","Slight",2,"Slight","Motorcycle 50cc and under rider or passenger","Driver or rider","Male",20,"Unclassified","Single carriageway",30,"Unclassified","Not a Pedestrian","Not a Pedestrian",425802,428128,"E01011530",2,"T or staggered junction","Daylight","Fine no high winds","Wet or damp","Motorcyclist and pillion"
"2408","2014131CB0548",2014-12-13,2014,"Dec",13,"11:45",11,45,"Saturday","Slight",1,"Slight","Car occupant","Driver or rider","Male",46,"A","Single carriageway",60,NA,"Not a Pedestrian","Not a Pedestrian",422242,436768,"E01011589",2,"Not at junction or within 20 metres","Daylight","Fine no high winds","Dry","Car occupant"
"2409","2014131CD0865",2014-12-13,2014,"Dec",13,"13:25",13,25,"Saturday","Slight",1,"Slight","Pedestrian","Pedestrian","Female",1,"Unclassified","Single carriageway",30,"Unclassified","Crossing on pedestrian crossing facility","Crossing from driver's nearside",430686,436780,"E01011352",1,"Crossroads","Daylight","Fine no high winds","Dry","Pedestrian"
"2410","2014131CD1095",2014-12-13,2014,"Dec",13,"16:14",16,14,"Saturday","Slight",1,"Slight","Car occupant","Driver or rider","Female",21,"Motorway","Dual carriageway",70,NA,"Not a Pedestrian","Not a Pedestrian",430181,426431,"E01011538",2,"Not at junction or within 20 metres","Darkness - lights lit","Raining no high winds","Wet or damp","Car occupant"
"2411","2014131CD1083",2014-12-13,2014,"Dec",13,"16:20",16,20,"Saturday","Slight",1,"Slight","Pedestrian","Pedestrian","Male",52,"A","Dual carriageway",40,NA,"Crossing on pedestrian crossing facility","Unknown or other",432157,433604,"E01011349",1,"Not at junction or within 20 metres","Darkness - lights lit","Raining no high winds","Wet or damp","Pedestrian"
"2412","2014131CD1136",2014-12-13,2014,"Dec",13,"16:40",16,40,"Saturday","Slight",3,"Slight","Pedestrian","Pedestrian","Female",31,"Unclassified","Single carriageway",30,"Unclassified","In carriageway, crossing elsewhere","Crossing from driver's offside",430386,433600,"E01033010",1,"T or staggered junction","Darkness - lights lit","Fine no high winds","Wet or damp","Pedestrian"
"2413","2014131CD1136",2014-12-13,2014,"Dec",13,"16:40",16,40,"Saturday","Slight",3,"Slight","Bus or coach occupant (17 or more pass seats)","Passenger","Female",77,"Unclassified","Single carriageway",30,"Unclassified","Not a Pedestrian","Not a Pedestrian",430386,433600,"E01033010",1,"T or staggered junction","Darkness - lights lit","Fine no high winds","Wet or damp","Bus and goods vehicle occupant"
"2414","2014131CD1136",2014-12-13,2014,"Dec",13,"16:40",16,40,"Saturday","Slight",3,"Slight","Bus or coach occupant (17 or more pass seats)","Passenger","Female",86,"Unclassified","Single carriageway",30,"Unclassified","Not a Pedestrian","Not a Pedestrian",430386,433600,"E01033010",1,"T or staggered junction","Darkness - lights lit","Fine no high winds","Wet or damp","Bus and goods vehicle occupant"
"2415","2014131CE0242",2014-12-14,2014,"Dec",14,"02:50",2,50,"Sunday","Serious",5,"Serious","Taxi/Private hire car occupant","Driver or rider","Male",41,"A","Dual carriageway",30,"A","Not a Pedestrian","Not a Pedestrian",430933,433312,"E01033033",2,"T or staggered junction","Darkness - lights lit","Fine no high winds","Wet or damp","Car occupant"
"2416","2014131CE0242",2014-12-14,2014,"Dec",14,"02:50",2,50,"Sunday","Serious",5,"Serious","Taxi/Private hire car occupant","Passenger","Male",21,"A","Dual carriageway",30,"A","Not a Pedestrian","Not a Pedestrian",430933,433312,"E01033033",2,"T or staggered junction","Darkness - lights lit","Fine no high winds","Wet or damp","Car occupant"
"2417","2014131CE0242",2014-12-14,2014,"Dec",14,"02:50",2,50,"Sunday","Serious",5,"Serious","Taxi/Private hire car occupant","Passenger","Male",26,"A","Dual carriageway",30,"A","Not a Pedestrian","Not a Pedestrian",430933,433312,"E01033033",2,"T or staggered junction","Darkness - lights lit","Fine no high winds","Wet or damp","Car occupant"
"2418","2014131CE0242",2014-12-14,2014,"Dec",14,"02:50",2,50,"Sunday","Serious",5,"Serious","Taxi/Private hire car occupant","Passenger","Female",21,"A","Dual carriageway",30,"A","Not a Pedestrian","Not a Pedestrian",430933,433312,"E01033033",2,"T or staggered junction","Darkness - lights lit","Fine no high winds","Wet or damp","Car occupant"
"2419","2014131CE0242",2014-12-14,2014,"Dec",14,"02:50",2,50,"Sunday","Serious",5,"Serious","Taxi/Private hire car occupant","Passenger","Female",28,"A","Dual carriageway",30,"A","Not a Pedestrian","Not a Pedestrian",430933,433312,"E01033033",2,"T or staggered junction","Darkness - lights lit","Fine no high winds","Wet or damp","Car occupant"
"2420","2014131CE0243",2014-12-14,2014,"Dec",14,"02:50",2,50,"Sunday","Serious",1,"Serious","Pedestrian","Pedestrian","Male",31,"A","Single carriageway",30,"Unclassified","In carriageway, crossing elsewhere","Crossing from driver's nearside",430859,433343,"E01033033",1,"T or staggered junction","Darkness - lights lit","Fine no high winds","Dry","Pedestrian"
"2421","2014131CE0606",2014-12-14,2014,"Dec",14,"10:57",10,57,"Sunday","Slight",1,"Slight","Motorcycle 125cc and under rider or passenger","Driver or rider","Male",21,"Unclassified","Single carriageway",30,"Unclassified","Not a Pedestrian","Not a Pedestrian",424759,433577,"E01011739",2,"T or staggered junction","Daylight","Fine no high winds","Wet or damp","Motorcyclist and pillion"
"2422","2014131CE1140",2014-12-14,2014,"Dec",14,"17:29",17,29,"Sunday","Slight",1,"Slight","Car occupant","Passenger","Female",53,"A","Unknown",30,NA,"Not a Pedestrian","Not a Pedestrian",433268,436242,"E01011648",1,"Not at junction or within 20 metres","Darkness - lights lit","Fine no high winds","Wet or damp","Car occupant"
"2423","2014131CE1380",2014-12-14,2014,"Dec",14,"19:40",19,40,"Sunday","Serious",1,"Serious","Pedestrian","Pedestrian","Female",59,"Unclassified","Single carriageway",30,NA,"In carriageway, crossing elsewhere","Crossing from driver's nearside",429811,432954,"E01033016",1,"Not at junction or within 20 metres","Darkness - lights lit","Fine no high winds","Wet or damp","Pedestrian"
"2424","2014131CF0877",2014-12-14,2014,"Dec",14,"23:45",23,45,"Sunday","Slight",1,"Slight","Pedestrian","Pedestrian","Female",19,"Unclassified","Single carriageway",20,NA,"On footway or verge","Unknown or other",427081,436955,"E01011685",1,"Not at junction or within 20 metres","Darkness - lighting unknown","Fine no high winds","Dry","Pedestrian"
"2425","2014131CF0246",2014-12-15,2014,"Dec",15,"08:15",8,15,"Monday","Slight",1,"Slight","Car occupant","Driver or rider","Female",51,"A","Single carriageway",30,NA,"Not a Pedestrian","Not a Pedestrian",432210,444913,"E01011561",2,"Not at junction or within 20 metres","Daylight","Raining no high winds","Wet or damp","Car occupant"
"2426","2014131CF0721",2014-12-15,2014,"Dec",15,"13:55",13,55,"Monday","Slight",2,"Slight","Car occupant","Driver or rider","Female",51,"A","Single carriageway",40,"Unclassified","Not a Pedestrian","Not a Pedestrian",426972,439836,"E01011380",2,"Crossroads","Daylight","Fine no high winds","Dry","Car occupant"
"2427","2014131CF0721",2014-12-15,2014,"Dec",15,"13:55",13,55,"Monday","Slight",2,"Slight","Car occupant","Passenger","Male",55,"A","Single carriageway",40,"Unclassified","Not a Pedestrian","Not a Pedestrian",426972,439836,"E01011380",2,"Crossroads","Daylight","Fine no high winds","Dry","Car occupant"
"2428","2014131CF0800",2014-12-15,2014,"Dec",15,"14:26",14,26,"Monday","Slight",1,"Slight","Car occupant","Driver or rider","Female",46,"A","Dual carriageway",40,NA,"Not a Pedestrian","Not a Pedestrian",434652,434524,"E01011341",2,"Not at junction or within 20 metres","Daylight","Raining no high winds","Wet or damp","Car occupant"
"2429","2014131CJ0817",2014-12-15,2014,"Dec",15,"15:45",15,45,"Monday","Slight",1,"Slight","Car occupant","Driver or rider","Male",33,"A","Dual carriageway",40,"Unclassified","Not a Pedestrian","Not a Pedestrian",430037,431028,"E01011312",2,"T or staggered junction","Daylight","Raining no high winds","Wet or damp","Car occupant"
"2430","2014131CF1328",2014-12-15,2014,"Dec",15,"18:40",18,40,"Monday","Serious",1,"Serious","Pedestrian","Pedestrian","Male",10,"Unclassified","Single carriageway",30,"Unclassified","Unknown or other","Crossing from driver's offside",425059,433375,"E01011727",1,"Roundabout","Darkness - lights lit","Fine no high winds","Wet or damp","Pedestrian"
"2431","2014131CG0265",2014-12-16,2014,"Dec",16,"08:50",8,50,"Tuesday","Slight",1,"Slight","Car occupant","Driver or rider","Female",37,"Unclassified","Single carriageway",60,NA,"Not a Pedestrian","Not a Pedestrian",443946,442722,"E01011712",1,"Not at junction or within 20 metres","Daylight","Fine no high winds","Wet or damp","Car occupant"
"2432","2014131CG0729",2014-12-16,2014,"Dec",16,"14:05",14,5,"Tuesday","Slight",1,"Slight","Car occupant","Driver or rider","Female",22,"Unclassified","Single carriageway",30,"Unclassified","Not a Pedestrian","Not a Pedestrian",433161,435243,"E01011431",2,"Crossroads","Daylight","Fine no high winds","Dry","Car occupant"
"2433","2014131CG0771",2014-12-16,2014,"Dec",16,"14:41",14,41,"Tuesday","Slight",1,"Slight","Pedestrian","Pedestrian","Male",21,"A","Dual carriageway",30,NA,"Crossing on pedestrian crossing facility","Crossing from driver's offside",430701,433612,"E01033011",1,"Not at junction or within 20 metres","Daylight","Fine no high winds","Dry","Pedestrian"
"2434","2014131CG1251",2014-12-16,2014,"Dec",16,"18:46",18,46,"Tuesday","Slight",1,"Slight","Car occupant","Driver or rider","Female",28,"A","Roundabout",40,"Unclassified","Not a Pedestrian","Not a Pedestrian",426837,438055,"E01011685",3,"Roundabout","Darkness - lights lit","Fine no high winds","Dry","Car occupant"
"2435","2014131CG1611",2014-12-16,2014,"Dec",16,"22:50",22,50,"Tuesday","Slight",1,"Slight","Cyclist","Driver or rider","Male",30,"A","Single carriageway",30,"Unclassified","Not a Pedestrian","Not a Pedestrian",427569,436873,"E01011694",2,"T or staggered junction","Darkness - lights lit","Raining no high winds","Wet or damp","Cyclist"
"2436","2014131CH0233",2014-12-17,2014,"Dec",17,"07:40",7,40,"Wednesday","Serious",1,"Serious","Pedestrian","Pedestrian","Female",11,"A","Dual carriageway",40,NA,"Crossing on pedestrian crossing facility","Crossing from driver's offside",430326,435936,"E01011357",1,"Not at junction or within 20 metres","Darkness - lights lit","Fine no high winds","Wet or damp","Pedestrian"
"2437","2014131CH0522",2014-12-17,2014,"Dec",17,"11:40",11,40,"Wednesday","Slight",1,"Slight","Car occupant","Driver or rider","Male",33,"Unclassified","Single carriageway",30,NA,"Not a Pedestrian","Not a Pedestrian",426041,436553,"E01011485",1,"Not at junction or within 20 metres","Daylight","Fine no high winds","Wet or damp","Car occupant"
"2438","2014131CH0716",2014-12-17,2014,"Dec",17,"13:45",13,45,"Wednesday","Slight",1,"Slight","Pedestrian","Pedestrian","Male",85,"Unclassified","Single carriageway",30,"Unclassified","Crossing elsewhere within 50m. of pedestrian crossing","Crossing from driver's offside",422278,433404,"E01011612",1,"Crossroads","Daylight","Fine no high winds","Wet or damp","Pedestrian"
"2439","2014131CH0930",2014-12-17,2014,"Dec",17,"15:46",15,46,"Wednesday","Slight",1,"Slight","Pedestrian","Pedestrian","Female",69,"A","Single carriageway",30,"Unclassified","Crossing on pedestrian crossing facility","Crossing from offside - masked by  parked or stationary vehicle",431880,435714,"E01011422",1,"T or staggered junction","Daylight","Fine no high winds","Dry","Pedestrian"
"2440","2014131CH1008",2014-12-17,2014,"Dec",17,"16:24",16,24,"Wednesday","Slight",1,"Slight","Pedestrian","Pedestrian","Male",11,"Unclassified","Single carriageway",30,NA,"In carriageway, crossing elsewhere","Unknown or other",420922,433534,"E01011613",1,"Not at junction or within 20 metres","Darkness - lights lit","Fine no high winds","Wet or damp","Pedestrian"
"2441","2014131CH1054",2014-12-17,2014,"Dec",17,"16:42",16,42,"Wednesday","Slight",1,"Slight","Pedestrian","Pedestrian","Female",11,"Unclassified","Single carriageway",30,NA,"In carriageway, crossing elsewhere","Crossing from driver's nearside",435020,436052,"E01011664",1,"Not at junction or within 20 metres","Darkness - lights lit","Raining no high winds","Wet or damp","Pedestrian"
"2442","2014131CH1402",2014-12-17,2014,"Dec",17,"19:44",19,44,"Wednesday","Serious",1,"Serious","Cyclist","Driver or rider","Male",35,"Unclassified","Roundabout",30,"Unclassified","Not a Pedestrian","Not a Pedestrian",426058,436619,"E01011485",2,"Roundabout","Darkness - lights lit","Raining no high winds","Wet or damp","Cyclist"
"2443","2014131CH1409",2014-12-17,2014,"Dec",17,"19:47",19,47,"Wednesday","Slight",1,"Slight","Car occupant","Driver or rider","Female",67,"A","Single carriageway",40,NA,"Not a Pedestrian","Not a Pedestrian",436739,433810,"E01011412",1,"Not at junction or within 20 metres","Darkness - lights lit","Raining no high winds","Wet or damp","Car occupant"
"2444","2014131CI0839",2014-12-18,2014,"Dec",18,"13:40",13,40,"Thursday","Slight",1,"Slight","Car occupant","Passenger","Female",57,"Unclassified","Single carriageway",30,"Unclassified","Not a Pedestrian","Not a Pedestrian",429128,433853,"E01011678",2,"T or staggered junction","Daylight","Fine no high winds","Wet or damp","Car occupant"
"2445","2014131CI1175",2014-12-18,2014,"Dec",18,"16:51",16,51,"Thursday","Slight",1,"Slight","Pedestrian","Pedestrian","Male",34,"A","Slip road",30,"Unclassified","In carriageway, crossing elsewhere","Crossing from driver's nearside",431044,433564,"E01033011",1,"T or staggered junction","Darkness - lights lit","Raining no high winds","Wet or damp","Pedestrian"
"2446","2014131CI1253",2014-12-18,2014,"Dec",18,"17:31",17,31,"Thursday","Slight",1,"Slight","Cyclist","Driver or rider","Male",32,"Unclassified","Single carriageway",30,"Unclassified","Not a Pedestrian","Not a Pedestrian",425473,437539,"E01011686",2,"T or staggered junction","Darkness - lights lit","Unknown","Wet or damp","Cyclist"
"2447","2014131CI1311",2014-12-18,2014,"Dec",18,"17:55",17,55,"Thursday","Slight",1,"Slight","Pedestrian","Pedestrian","Male",20,"Unclassified","Single carriageway",30,NA,"In carriageway, crossing elsewhere","Crossing from offside - masked by  parked or stationary vehicle",428506,431275,"E01011369",1,"Not at junction or within 20 metres","Darkness - lights lit","Raining no high winds","Wet or damp","Pedestrian"
"2448","2014131CK1248",2014-12-18,2014,"Dec",18,"18:00",18,0,"Thursday","Slight",1,"Slight","Car occupant","Passenger","Female",6,"Unclassified","Single carriageway",30,"Unclassified","Not a Pedestrian","Not a Pedestrian",430432,431268,"E01011374",2,"Crossroads","Darkness - lights lit","Fine no high winds","Dry","Car occupant"
"2449","2014131CI1321",2014-12-18,2014,"Dec",18,"18:01",18,1,"Thursday","Slight",1,"Slight","Car occupant","Driver or rider","Male",26,"Unclassified","Single carriageway",30,"Unclassified","Not a Pedestrian","Not a Pedestrian",431483,435012,"E01011673",2,"T or staggered junction","Darkness - lights lit","Raining no high winds","Wet or damp","Car occupant"
"2450","2014131CI1515",2014-12-18,2014,"Dec",18,"20:00",20,0,"Thursday","Slight",1,"Slight","Car occupant","Driver or rider","Female",56,"Unclassified","Single carriageway",30,NA,"Not a Pedestrian","Not a Pedestrian",433164,436091,"E01011421",2,"Not at junction or within 20 metres","Darkness - lights lit","Raining no high winds","Wet or damp","Car occupant"
"2451","2014131CI1594",2014-12-18,2014,"Dec",18,"20:50",20,50,"Thursday","Fatal",1,"Fatal","Pedestrian","Pedestrian","Male",51,"Motorway","Dual carriageway",70,NA,"In centre of carriageway - not on refuge, island or central reservation","Unknown or other",437870,432950,"E01011402",1,"Not at junction or within 20 metres","Darkness - no lighting","Raining no high winds","Wet or damp","Pedestrian"
"2452","2014131CI1699",2014-12-18,2014,"Dec",18,"22:15",22,15,"Thursday","Slight",1,"Slight","Cyclist","Driver or rider","Male",25,"Unclassified","Single carriageway",30,NA,"Not a Pedestrian","Not a Pedestrian",427471,433776,"E01011284",2,"Not at junction or within 20 metres","Darkness - lights lit","Raining no high winds","Wet or damp","Cyclist"
"2453","2014131CJ0063",2014-12-19,2014,"Dec",19,"01:11",1,11,"Friday","Slight",3,"Slight","Car occupant","Driver or rider","Male",34,"Unclassified","Single carriageway",30,NA,"Not a Pedestrian","Not a Pedestrian",429486,438077,"E01011505",2,"Not at junction or within 20 metres","Darkness - lights lit","Raining no high winds","Wet or damp","Car occupant"
"2454","2014131CJ0063",2014-12-19,2014,"Dec",19,"01:11",1,11,"Friday","Slight",3,"Slight","Car occupant","Passenger","Male",38,"Unclassified","Single carriageway",30,NA,"Not a Pedestrian","Not a Pedestrian",429486,438077,"E01011505",2,"Not at junction or within 20 metres","Darkness - lights lit","Raining no high winds","Wet or damp","Car occupant"
"2455","2014131CJ0063",2014-12-19,2014,"Dec",19,"01:11",1,11,"Friday","Slight",3,"Slight","Car occupant","Passenger","Male",36,"Unclassified","Single carriageway",30,NA,"Not a Pedestrian","Not a Pedestrian",429486,438077,"E01011505",2,"Not at junction or within 20 metres","Darkness - lights lit","Raining no high winds","Wet or damp","Car occupant"
"2456","2014131CJ0355",2014-12-19,2014,"Dec",19,"09:32",9,32,"Friday","Slight",1,"Slight","Car occupant","Driver or rider","Male",34,"Unclassified","Single carriageway",30,"Unclassified","Not a Pedestrian","Not a Pedestrian",420224,434835,"E01011595",2,"T or staggered junction","Daylight","Raining no high winds","Wet or damp","Car occupant"
"2457","2014131CJ0678",2014-12-19,2014,"Dec",19,"13:15",13,15,"Friday","Slight",1,"Slight","Car occupant","Driver or rider","Male",54,"A","Single carriageway",30,"Unclassified","Not a Pedestrian","Not a Pedestrian",423869,434279,"E01011287",2,"T or staggered junction","Daylight","Fine no high winds","Wet or damp","Car occupant"
"2458","2014131CJ1219",2014-12-19,2014,"Dec",19,"16:00",16,0,"Friday","Slight",1,"Slight","Van / Goods vehicle (3.5 tonnes mgw or under) occupant","Driver or rider","Male",41,"Motorway","Unknown",70,"A","Not a Pedestrian","Not a Pedestrian",427709,426389,"E01011540",3,"Slip road","Darkness - lights lit","Raining + high winds","Wet or damp","Bus and goods vehicle occupant"
"2459","2014131CJ1944",2014-12-19,2014,"Dec",19,"23:35",23,35,"Friday","Slight",1,"Slight","Pedestrian","Pedestrian","Male",39,"Unclassified","Dual carriageway",30,NA,"In carriageway, crossing elsewhere","Crossing from driver's offside",429942,433381,"E01033010",1,"Not at junction or within 20 metres","Darkness - lights lit","Fine no high winds","Wet or damp","Pedestrian"
"2460","2014131CK0283",2014-12-20,2014,"Dec",20,"03:12",3,12,"Saturday","Slight",1,"Slight","Car occupant","Driver or rider","Male",56,"A","Single carriageway",60,NA,"Not a Pedestrian","Not a Pedestrian",432531,443201,"E01011561",1,"Not at junction or within 20 metres","Darkness - lights lit","Fine no high winds","Wet or damp","Car occupant"
"2461","2014131CK1199",2014-12-20,2014,"Dec",20,"16:32",16,32,"Saturday","Slight",1,"Slight","Pedestrian","Pedestrian","Male",6,"Unclassified","Single carriageway",20,NA,"In carriageway, crossing elsewhere","Crossing from driver's offside",433334,434251,"E01011342",1,"Not at junction or within 20 metres","Darkness - lights lit","Fine no high winds","Dry","Pedestrian"
"2462","2014131CK1571",2014-12-20,2014,"Dec",20,"20:25",20,25,"Saturday","Slight",1,"Slight","Pedestrian","Pedestrian","Male",32,"Unclassified","One way street",30,NA,"Crossing elsewhere within 50m. of pedestrian crossing","Crossing from driver's nearside",430338,433385,"E01033010",1,"Not at junction or within 20 metres","Darkness - lights lit","Fine no high winds","Dry","Pedestrian"
"2463","2014131CL0443",2014-12-20,2014,"Dec",20,"22:30",22,30,"Saturday","Slight",2,"Slight","Taxi/Private hire car occupant","Passenger","Female",17,"Unclassified","Single carriageway",30,"Unclassified","Not a Pedestrian","Not a Pedestrian",423570,434696,"E01011337",2,"Crossroads","Darkness - lights lit","Fine no high winds","Dry","Car occupant"
"2464","2014131CL0443",2014-12-20,2014,"Dec",20,"22:30",22,30,"Saturday","Slight",2,"Slight","Taxi/Private hire car occupant","Passenger","Female",18,"Unclassified","Single carriageway",30,"Unclassified","Not a Pedestrian","Not a Pedestrian",423570,434696,"E01011337",2,"Crossroads","Darkness - lights lit","Fine no high winds","Dry","Car occupant"
"2465","2014131CL0648",2014-12-21,2014,"Dec",21,"12:30",12,30,"Sunday","Slight",1,"Slight","Car occupant","Passenger","Female",64,"A","Single carriageway",60,"A","Not a Pedestrian","Not a Pedestrian",431228,445744,"E01011561",2,"T or staggered junction","Daylight","Fine no high winds","Wet or damp","Car occupant"
"2466","2014131CL0989",2014-12-21,2014,"Dec",21,"16:39",16,39,"Sunday","Slight",1,"Slight","Taxi/Private hire car occupant","Passenger","Female",61,"Unclassified","Single carriageway",30,"Unclassified","Not a Pedestrian","Not a Pedestrian",429561,431050,"E01011375",2,"T or staggered junction","Darkness - lights lit","Fine no high winds","Dry","Car occupant"
"2467","2014131CL1017",2014-12-21,2014,"Dec",21,"17:02",17,2,"Sunday","Slight",2,"Slight","Car occupant","Driver or rider","Female",22,"Unclassified","Single carriageway",30,"Unclassified","Not a Pedestrian","Not a Pedestrian",430912,428655,"E01011466",2,"T or staggered junction","Darkness - lights lit","Fine no high winds","Dry","Car occupant"
"2468","2014131CL1017",2014-12-21,2014,"Dec",21,"17:02",17,2,"Sunday","Slight",2,"Slight","Car occupant","Passenger","Female",60,"Unclassified","Single carriageway",30,"Unclassified","Not a Pedestrian","Not a Pedestrian",430912,428655,"E01011466",2,"T or staggered junction","Darkness - lights lit","Fine no high winds","Dry","Car occupant"
"2469","2014131CL1308",2014-12-21,2014,"Dec",21,"20:15",20,15,"Sunday","Slight",3,"Slight","Car occupant","Driver or rider","Male",66,"A","Single carriageway",30,"Unclassified","Not a Pedestrian","Not a Pedestrian",430032,431022,"E01011312",2,"T or staggered junction","Darkness - lights lit","Fine no high winds","Wet or damp","Car occupant"
"2470","2014131CL1308",2014-12-21,2014,"Dec",21,"20:15",20,15,"Sunday","Slight",3,"Slight","Car occupant","Passenger","Male",44,"A","Single carriageway",30,"Unclassified","Not a Pedestrian","Not a Pedestrian",430032,431022,"E01011312",2,"T or staggered junction","Darkness - lights lit","Fine no high winds","Wet or damp","Car occupant"
"2471","2014131CL1308",2014-12-21,2014,"Dec",21,"20:15",20,15,"Sunday","Slight",3,"Slight","Car occupant","Driver or rider","Male",32,"A","Single carriageway",30,"Unclassified","Not a Pedestrian","Not a Pedestrian",430032,431022,"E01011312",2,"T or staggered junction","Darkness - lights lit","Fine no high winds","Wet or damp","Car occupant"
"2472","2014131CL1483",2014-12-21,2014,"Dec",21,"22:12",22,12,"Sunday","Slight",3,"Slight","Car occupant","Driver or rider","Female",48,"B","Single carriageway",30,"Unclassified","Not a Pedestrian","Not a Pedestrian",430905,436562,"E01011356",2,"T or staggered junction","Darkness - lights lit","Fine + high winds","Wet or damp","Car occupant"
"2473","2014131CL1483",2014-12-21,2014,"Dec",21,"22:12",22,12,"Sunday","Slight",3,"Slight","Car occupant","Passenger","Male",18,"B","Single carriageway",30,"Unclassified","Not a Pedestrian","Not a Pedestrian",430905,436562,"E01011356",2,"T or staggered junction","Darkness - lights lit","Fine + high winds","Wet or damp","Car occupant"
"2474","2014131CL1483",2014-12-21,2014,"Dec",21,"22:12",22,12,"Sunday","Slight",3,"Slight","Car occupant","Passenger","Female",10,"B","Single carriageway",30,"Unclassified","Not a Pedestrian","Not a Pedestrian",430905,436562,"E01011356",2,"T or staggered junction","Darkness - lights lit","Fine + high winds","Wet or damp","Car occupant"
"2475","2014131CM0248",2014-12-22,2014,"Dec",22,"07:39",7,39,"Monday","Slight",1,"Slight","Pedestrian","Pedestrian","Male",41,"Unclassified","Single carriageway",30,NA,"In carriageway, crossing elsewhere","Crossing from driver's nearside",425830,438647,"E01011695",1,"Not at junction or within 20 metres","Darkness - lights lit","Fine + high winds","Dry","Pedestrian"
"2476","2014131CM0892",2014-12-22,2014,"Dec",22,"14:48",14,48,"Monday","Slight",1,"Slight","Car occupant","Passenger","Male",16,"Unclassified","Single carriageway",30,"Unclassified","Not a Pedestrian","Not a Pedestrian",430634,431191,"E01011468",2,"T or staggered junction","Daylight","Raining + high winds","Wet or damp","Car occupant"
"2477","2014131CM0916",2014-12-22,2014,"Dec",22,"15:01",15,1,"Monday","Slight",1,"Slight","Car occupant","Driver or rider","Female",34,"Unclassified","Single carriageway",30,"Unclassified","Not a Pedestrian","Not a Pedestrian",429006,429700,"E01011322",2,"T or staggered junction","Daylight","Fine no high winds","Dry","Car occupant"