"","accident_index","date","year","month","day","time","time_hour","time_minute","day_of_week","accident_severity","number_of_casualties","casualty_severity","casualty_type","casualty_class","sex_of_casualty","age_of_casualty","first_road_class","road_type","speed_limit","second_road_class","pedestrian_location","pedestrian_movement","location_easting_osgr","location_northing_osgr","lsoa_of_accident_location","number_of_vehicles","junction_detail","light_conditions","weather_conditions","road_surface_conditions","cas_type"
"2478","2014131CM1273",2014-12-22,2014,"Dec",22,"15:50",15,50,"Monday","Slight",1,"Slight","Bus or coach occupant (17 or more pass seats)","Passenger","Male",5,"A","Dual carriageway",30,NA,"Not a Pedestrian","Not a Pedestrian",430936,433389,"E01033033",1,"Not at junction or within 20 metres","Daylight","Fine + high winds","Wet or damp","Bus and goods vehicle occupant"
"2479","2014131CM1165",2014-12-22,2014,"Dec",22,"17:10",17,10,"Monday","Slight",1,"Slight","Pedestrian","Pedestrian","Female",52,"Unclassified","Single carriageway",30,NA,"Crossing in zig-zag approach lines","Crossing from driver's nearside",430910,435581,"E01011360",1,"Not at junction or within 20 metres","Darkness - lights lit","Fine + high winds","Wet or damp","Pedestrian"
"2480","2014131CM1223",2014-12-22,2014,"Dec",22,"17:56",17,56,"Monday","Slight",2,"Slight","Car occupant","Driver or rider","Male",28,"A","Single carriageway",40,NA,"Not a Pedestrian","Not a Pedestrian",425397,437918,"E01011686",1,"Not at junction or within 20 metres","Darkness - lights lit","Fine + high winds","Wet or damp","Car occupant"
"2481","2014131CM1223",2014-12-22,2014,"Dec",22,"17:56",17,56,"Monday","Slight",2,"Slight","Car occupant","Passenger","Male",10,"A","Single carriageway",40,NA,"Not a Pedestrian","Not a Pedestrian",425397,437918,"E01011686",1,"Not at junction or within 20 metres","Darkness - lights lit","Fine + high winds","Wet or damp","Car occupant"
"2482","2014131CM1390",2014-12-22,2014,"Dec",22,"19:23",19,23,"Monday","Slight",1,"Slight","Motorcycle 125cc and under rider or passenger","Driver or rider","Male",31,"Unclassified","Single carriageway",30,"Unclassified","Not a Pedestrian","Not a Pedestrian",431474,431698,"E01011467",2,"Roundabout","Darkness - lights lit","Raining no high winds","Wet or damp","Motorcyclist and pillion"
"2483","2014131CM1603",2014-12-22,2014,"Dec",22,"21:30",21,30,"Monday","Slight",1,"Slight","Car occupant","Driver or rider","Male",20,"A","Dual carriageway",40,"A","Not a Pedestrian","Not a Pedestrian",427493,425504,"E01011548",2,"Crossroads","Darkness - lights lit","Fine no high winds","Dry","Car occupant"
"2484","2014131CM1751",2014-12-22,2014,"Dec",22,"23:22",23,22,"Monday","Serious",1,"Serious","Motorcycle 125cc and under rider or passenger","Driver or rider","Male",54,"B","Single carriageway",40,NA,"Not a Pedestrian","Not a Pedestrian",434219,433855,"E01011341",1,"Not at junction or within 20 metres","Darkness - lights lit","Raining + high winds","Wet or damp","Motorcyclist and pillion"
"2485","2014131CN1112",2014-12-23,2014,"Dec",23,"10:30",10,30,"Tuesday","Slight",1,"Slight","Car occupant","Passenger","Male",50,"Unclassified","Single carriageway",30,"Unclassified","Not a Pedestrian","Not a Pedestrian",429917,438776,"E01011510",2,"T or staggered junction","Daylight","Fine no high winds","Dry","Car occupant"
"2486","2014131CN0652",2014-12-23,2014,"Dec",23,"11:50",11,50,"Tuesday","Slight",3,"Slight","Bus or coach occupant (17 or more pass seats)","Passenger","Male",78,"A","Dual carriageway",30,NA,"Not a Pedestrian","Not a Pedestrian",434613,434512,"E01011341",2,"Not at junction or within 20 metres","Daylight","Fine no high winds","Wet or damp","Bus and goods vehicle occupant"
"2487","2014131CN0652",2014-12-23,2014,"Dec",23,"11:50",11,50,"Tuesday","Slight",3,"Slight","Bus or coach occupant (17 or more pass seats)","Passenger","Female",77,"A","Dual carriageway",30,NA,"Not a Pedestrian","Not a Pedestrian",434613,434512,"E01011341",2,"Not at junction or within 20 metres","Daylight","Fine no high winds","Wet or damp","Bus and goods vehicle occupant"
"2488","2014131CN0652",2014-12-23,2014,"Dec",23,"11:50",11,50,"Tuesday","Slight",3,"Slight","Bus or coach occupant (17 or more pass seats)","Passenger","Female",75,"A","Dual carriageway",30,NA,"Not a Pedestrian","Not a Pedestrian",434613,434512,"E01011341",2,"Not at junction or within 20 metres","Daylight","Fine no high winds","Wet or damp","Bus and goods vehicle occupant"
"2489","2014131CN0767",2014-12-23,2014,"Dec",23,"13:10",13,10,"Tuesday","Slight",1,"Slight","Bus or coach occupant (17 or more pass seats)","Passenger","Male",64,"Unclassified","Single carriageway",30,NA,"Not a Pedestrian","Not a Pedestrian",430812,436622,"E01011352",1,"Not at junction or within 20 metres","Daylight","Fine no high winds","Dry","Bus and goods vehicle occupant"
"2490","2014131CN1086",2014-12-23,2014,"Dec",23,"17:00",17,0,"Tuesday","Slight",1,"Slight","Car occupant","Driver or rider","Female",21,"Motorway","Slip road",70,"A","Not a Pedestrian","Not a Pedestrian",430859,424444,"E01011537",2,"Slip road","Darkness - lights lit","Raining no high winds","Wet or damp","Car occupant"
"2491","2014131CN1095",2014-12-23,2014,"Dec",23,"17:00",17,0,"Tuesday","Slight",1,"Slight","Car occupant","Driver or rider","Female",29,"Unclassified","Single carriageway",30,"Unclassified","Not a Pedestrian","Not a Pedestrian",431817,434294,"E01011677",2,"T or staggered junction","Darkness - lights lit","Fine no high winds","Wet or damp","Car occupant"
"2492","2014131CN1135",2014-12-23,2014,"Dec",23,"17:44",17,44,"Tuesday","Slight",2,"Slight","Taxi/Private hire car occupant","Passenger","Female",22,"Unclassified","Single carriageway",30,"Unclassified","Not a Pedestrian","Not a Pedestrian",435301,435253,"E01011667",1,"T or staggered junction","Darkness - lights lit","Fine no high winds","Wet or damp","Car occupant"
"2493","2014131CN1135",2014-12-23,2014,"Dec",23,"17:44",17,44,"Tuesday","Slight",2,"Slight","Taxi/Private hire car occupant","Passenger","Female",22,"Unclassified","Single carriageway",30,"Unclassified","Not a Pedestrian","Not a Pedestrian",435301,435253,"E01011667",1,"T or staggered junction","Darkness - lights lit","Fine no high winds","Wet or damp","Car occupant"
"2494","2014131CN1174",2014-12-23,2014,"Dec",23,"18:45",18,45,"Tuesday","Slight",1,"Slight","Car occupant","Driver or rider","Female",29,"A","Dual carriageway",40,NA,"Not a Pedestrian","Not a Pedestrian",424469,433844,"E01011608",2,"Not at junction or within 20 metres","Darkness - lights lit","Raining + high winds","Wet or damp","Car occupant"
"2495","2014131CN1299",2014-12-23,2014,"Dec",23,"19:15",19,15,"Tuesday","Slight",2,"Slight","Car occupant","Driver or rider","Male",28,"A","Roundabout",40,"B","Not a Pedestrian","Not a Pedestrian",428550,433012,"E01011363",2,"Roundabout","Darkness - lights lit","Fine + high winds","Dry","Car occupant"
"2496","2014131CN1299",2014-12-23,2014,"Dec",23,"19:15",19,15,"Tuesday","Slight",2,"Slight","Car occupant","Passenger","Male",55,"A","Roundabout",40,"B","Not a Pedestrian","Not a Pedestrian",428550,433012,"E01011363",2,"Roundabout","Darkness - lights lit","Fine + high winds","Dry","Car occupant"
"2497","2014131CO0288",2014-12-24,2014,"Dec",24,"08:00",8,0,"Wednesday","Slight",1,"Slight","Car occupant","Driver or rider","Male",48,"Unclassified","Single carriageway",30,"Unclassified","Not a Pedestrian","Not a Pedestrian",431496,433971,"E01033031",3,"T or staggered junction","Daylight","Fine no high winds","Dry","Car occupant"
"2498","2014131CO0718",2014-12-24,2014,"Dec",24,"13:27",13,27,"Wednesday","Slight",1,"Slight","Car occupant","Passenger","Female",12,"A","Single carriageway",30,"Unclassified","Not a Pedestrian","Not a Pedestrian",419833,441195,"E01011273",3,"T or staggered junction","Daylight","Fine no high winds","Dry","Car occupant"
"2499","2014131CO0793",2014-12-24,2014,"Dec",24,"13:45",13,45,"Wednesday","Serious",1,"Serious","Pedestrian","Pedestrian","Female",79,"Unclassified","Single carriageway",30,"Unclassified","In carriageway, crossing elsewhere","Crossing from driver's offside",441270,431106,"E01011300",1,"T or staggered junction","Daylight","Fine no high winds","Dry","Pedestrian"
"2500","2014131CO0919",2014-12-24,2014,"Dec",24,"16:07",16,7,"Wednesday","Slight",1,"Slight","Pedestrian","Pedestrian","Female",25,"Unclassified","Single carriageway",30,"Unclassified","Crossing on pedestrian crossing facility","Crossing from driver's offside",430267,433754,"E01033010",1,"Crossroads","Darkness - lights lit","Fine no high winds","Dry","Pedestrian"
"2501","2014132130577",2014-12-25,2014,"Dec",25,"08:30",8,30,"Thursday","Slight",1,"Slight","Taxi/Private hire car occupant","Passenger","Male",71,"Unclassified","Single carriageway",30,NA,"Not a Pedestrian","Not a Pedestrian",426119,426906,"E01011545",1,"Not at junction or within 20 metres","Daylight","Fine no high winds","Dry","Car occupant"
"2502","2014131CQ0124",2014-12-26,2014,"Dec",26,"01:50",1,50,"Friday","Slight",2,"Slight","Van / Goods vehicle (3.5 tonnes mgw or under) occupant","Driver or rider","Male",34,"A","Single carriageway",30,"B","Not a Pedestrian","Not a Pedestrian",431968,435819,"E01011428",2,"Crossroads","Darkness - lights lit","Fine no high winds","Dry","Bus and goods vehicle occupant"
"2503","2014131CQ0124",2014-12-26,2014,"Dec",26,"01:50",1,50,"Friday","Slight",2,"Slight","Van / Goods vehicle (3.5 tonnes mgw or under) occupant","Passenger","Female",24,"A","Single carriageway",30,"B","Not a Pedestrian","Not a Pedestrian",431968,435819,"E01011428",2,"Crossroads","Darkness - lights lit","Fine no high winds","Dry","Bus and goods vehicle occupant"
"2504","2014131CQ0293",2014-12-26,2014,"Dec",26,"07:45",7,45,"Friday","Slight",1,"Slight","Car occupant","Driver or rider","Female",23,"Motorway","Dual carriageway",70,NA,"Not a Pedestrian","Not a Pedestrian",434120,429958,"E01011639",1,"Not at junction or within 20 metres","Daylight","Fine no high winds","Wet or damp","Car occupant"
"2505","2014131CQ0518",2014-12-26,2014,"Dec",26,"11:00",11,0,"Friday","Slight",1,"Slight","Car occupant","Driver or rider","Female",33,"A","Single carriageway",30,"B","Not a Pedestrian","Not a Pedestrian",425680,426870,"E01011546",2,"T or staggered junction","Daylight","Fine no high winds","Dry","Car occupant"
"2506","2014131CQ0491",2014-12-26,2014,"Dec",26,"11:50",11,50,"Friday","Serious",1,"Serious","Motorcycle over 500cc rider or passenger","Driver or rider","Male",29,"A","Single carriageway",40,"Unclassified","Not a Pedestrian","Not a Pedestrian",433654,438995,"E01011649",2,"Private drive or entrance","Daylight","Fine no high winds","Wet or damp","Motorcyclist and pillion"
"2507","2014131CQ0820",2014-12-26,2014,"Dec",26,"16:45",16,45,"Friday","Slight",2,"Slight","Car occupant","Driver or rider","Female",19,"A","Single carriageway",60,NA,"Not a Pedestrian","Not a Pedestrian",440675,447730,"E01011704",2,"Not at junction or within 20 metres","Darkness - lights lit","Raining no high winds","Wet or damp","Car occupant"
"2508","2014131CQ0820",2014-12-26,2014,"Dec",26,"16:45",16,45,"Friday","Slight",2,"Slight","Car occupant","Passenger","Female",76,"A","Single carriageway",60,NA,"Not a Pedestrian","Not a Pedestrian",440675,447730,"E01011704",2,"Not at junction or within 20 metres","Darkness - lights lit","Raining no high winds","Wet or damp","Car occupant"
"2509","2014131CQ0911",2014-12-26,2014,"Dec",26,"17:50",17,50,"Friday","Slight",1,"Slight","Car occupant","Passenger","Female",17,"Unclassified","Roundabout",30,"Unclassified","Not a Pedestrian","Not a Pedestrian",427956,429368,"E01011524",2,"Mini-roundabout","Darkness - lights lit","Fine no high winds","Dry","Car occupant"
"2510","2014131CQ0917",2014-12-26,2014,"Dec",26,"17:54",17,54,"Friday","Fatal",1,"Fatal","Pedestrian","Pedestrian","Male",63,"Unclassified","Single carriageway",30,"Unclassified","Unknown or other","Unknown or other",429965,427061,"E01011492",1,"Other junction","Darkness - lights lit","Raining no high winds","Wet or damp","Pedestrian"
"2511","2014131CQ0968",2014-12-26,2014,"Dec",26,"18:30",18,30,"Friday","Slight",1,"Slight","Cyclist","Driver or rider","Male",44,"B","One way street",30,"Unclassified","Not a Pedestrian","Not a Pedestrian",420220,445622,"E01011569",2,"T or staggered junction","Darkness - lights lit","Snowing no high winds","Snow","Cyclist"
"2512","2014131CQ1060",2014-12-26,2014,"Dec",26,"19:30",19,30,"Friday","Slight",1,"Slight","Taxi/Private hire car occupant","Driver or rider","Male",30,"Unclassified","Single carriageway",30,"Unclassified","Not a Pedestrian","Not a Pedestrian",425680,426869,"E01011546",2,"T or staggered junction","Darkness - lights lit","Snowing no high winds","Wet or damp","Car occupant"
"2513","2014130222955",2014-12-26,2014,"Dec",26,"21:58",21,58,"Friday","Slight",1,"Slight","Car occupant","Driver or rider","Male",23,"A(M)","Dual carriageway",70,NA,"Not a Pedestrian","Not a Pedestrian",443107,440721,"E01011712",1,"Not at junction or within 20 metres","Darkness - no lighting","Snowing no high winds","Snow","Car occupant"
"2514","20141321D1298",2014-12-27,2014,"Dec",27,"00:50",0,50,"Saturday","Slight",1,"Slight","Pedestrian","Pedestrian","Male",23,"Unclassified","Single carriageway",30,NA,"In carriageway, crossing elsewhere","Crossing from driver's offside",430261,431186,"E01011374",1,"Not at junction or within 20 metres","Darkness - lighting unknown","Fine no high winds","Dry","Pedestrian"
"2515","2014131CR0161",2014-12-27,2014,"Dec",27,"01:25",1,25,"Saturday","Slight",1,"Slight","Pedestrian","Pedestrian","Female",27,"Unclassified","Single carriageway",30,NA,"In carriageway, not crossing","Unknown or other",424124,435026,"E01011331",1,"Not at junction or within 20 metres","Darkness - lights lit","Fine no high winds","Dry","Pedestrian"
"2516","2014131CR1338",2014-12-27,2014,"Dec",27,"19:50",19,50,"Saturday","Slight",1,"Slight","Car occupant","Passenger","Male",2,"Unclassified","Single carriageway",20,"Unclassified","Not a Pedestrian","Not a Pedestrian",432563,435023,"E01011432",2,"T or staggered junction","Darkness - lights lit","Fine no high winds","Wet or damp","Car occupant"
"2517","2014131CR1342",2014-12-27,2014,"Dec",27,"19:55",19,55,"Saturday","Slight",2,"Slight","Car occupant","Driver or rider","Female",20,"A","Single carriageway",30,"Unclassified","Not a Pedestrian","Not a Pedestrian",417978,442773,"E01011266",2,"Private drive or entrance","Darkness - lights lit","Raining no high winds","Frost or ice","Car occupant"
"2518","2014131CR1342",2014-12-27,2014,"Dec",27,"19:55",19,55,"Saturday","Slight",2,"Slight","Car occupant","Passenger","Female",20,"A","Single carriageway",30,"Unclassified","Not a Pedestrian","Not a Pedestrian",417978,442773,"E01011266",2,"Private drive or entrance","Darkness - lights lit","Raining no high winds","Frost or ice","Car occupant"
"2519","2014131CR1601",2014-12-27,2014,"Dec",27,"23:30",23,30,"Saturday","Serious",2,"Serious","Car occupant","Driver or rider","Male",16,"Unclassified","Single carriageway",30,"Unclassified","Not a Pedestrian","Not a Pedestrian",432007,434490,"E01011349",2,"T or staggered junction","Darkness - lights lit","Fine no high winds","Wet or damp","Car occupant"
"2520","2014131CR1601",2014-12-27,2014,"Dec",27,"23:30",23,30,"Saturday","Serious",2,"Slight","Car occupant","Passenger","Male",17,"Unclassified","Single carriageway",30,"Unclassified","Not a Pedestrian","Not a Pedestrian",432007,434490,"E01011349",2,"T or staggered junction","Darkness - lights lit","Fine no high winds","Wet or damp","Car occupant"
"2521","2014131CS0418",2014-12-28,2014,"Dec",28,"09:55",9,55,"Sunday","Slight",1,"Slight","Car occupant","Driver or rider","Male",45,"Unclassified","Single carriageway",60,NA,"Not a Pedestrian","Not a Pedestrian",440330,435697,"E01011296",1,"Not at junction or within 20 metres","Daylight","Fine no high winds","Frost or ice","Car occupant"
"2522","2014131CS0430",2014-12-28,2014,"Dec",28,"10:05",10,5,"Sunday","Slight",1,"Slight","Car occupant","Driver or rider","Female",22,"A","Dual carriageway",70,"Unclassified","Not a Pedestrian","Not a Pedestrian",421208,434125,"E01011599",1,"Slip road","Daylight","Fine no high winds","Frost or ice","Car occupant"
"2523","2014131CS0477",2014-12-28,2014,"Dec",28,"10:55",10,55,"Sunday","Slight",1,"Slight","Car occupant","Driver or rider","Female",74,"A","Single carriageway",40,NA,"Not a Pedestrian","Not a Pedestrian",435574,440137,"E01011311",1,"Not at junction or within 20 metres","Daylight","Fine no high winds","Frost or ice","Car occupant"
"2524","2014131CS0465",2014-12-28,2014,"Dec",28,"11:18",11,18,"Sunday","Serious",1,"Serious","Pedestrian","Pedestrian","Male",86,"Unclassified","Single carriageway",30,"A","Crossing elsewhere within 50m. of pedestrian crossing","Crossing from driver's offside",429018,429439,"E01011322",1,"More than 4 arms (not roundabout)","Daylight","Fine no high winds","Dry","Pedestrian"
"2525","2014131CT1319",2014-12-29,2014,"Dec",29,"20:25",20,25,"Monday","Slight",1,"Slight","Car occupant","Driver or rider","Male",28,"B","Single carriageway",30,"Unclassified","Not a Pedestrian","Not a Pedestrian",425800,428414,"E01011532",2,"T or staggered junction","Darkness - lights lit","Fine no high winds","Wet or damp","Car occupant"
"2526","2014131CT0467",2014-12-30,2014,"Dec",30,"11:54",11,54,"Tuesday","Slight",3,"Slight","Car occupant","Driver or rider","Male",55,"A","Single carriageway",30,"Unclassified","Not a Pedestrian","Not a Pedestrian",426865,437535,"E01011685",2,"T or staggered junction","Daylight","Fine no high winds","Wet or damp","Car occupant"
"2527","2014131CT0467",2014-12-30,2014,"Dec",30,"11:54",11,54,"Tuesday","Slight",3,"Slight","Car occupant","Driver or rider","Male",65,"A","Single carriageway",30,"Unclassified","Not a Pedestrian","Not a Pedestrian",426865,437535,"E01011685",2,"T or staggered junction","Daylight","Fine no high winds","Wet or damp","Car occupant"
"2528","2014131CT0467",2014-12-30,2014,"Dec",30,"11:54",11,54,"Tuesday","Slight",3,"Slight","Car occupant","Passenger","Female",62,"A","Single carriageway",30,"Unclassified","Not a Pedestrian","Not a Pedestrian",426865,437535,"E01011685",2,"T or staggered junction","Daylight","Fine no high winds","Wet or damp","Car occupant"
"2529","2014131CU0553",2014-12-30,2014,"Dec",30,"13:35",13,35,"Tuesday","Slight",1,"Slight","Pedestrian","Pedestrian","Female",73,"Unclassified","Single carriageway",20,NA,"In carriageway, crossing elsewhere","Crossing from driver's offside",421674,434229,"E01011587",1,"Not at junction or within 20 metres","Daylight","Fine no high winds","Wet or damp","Pedestrian"
"2530","2014131CU0802",2014-12-30,2014,"Dec",30,"15:54",15,54,"Tuesday","Slight",1,"Slight","Car occupant","Driver or rider","Female",55,"Unclassified","Single carriageway",20,"Unclassified","Not a Pedestrian","Not a Pedestrian",429119,430977,"E01011314",2,"T or staggered junction","Daylight","Fine no high winds","Wet or damp","Car occupant"
"2531","2014131CV0080",2014-12-31,2014,"Dec",31,"01:53",1,53,"Wednesday","Serious",1,"Serious","Pedestrian","Pedestrian","Male",19,"Unclassified","Single carriageway",30,"Unclassified","In carriageway, not crossing","In carriageway, stationary - not crossing  (standing or playing)",428839,433995,"E01011678",1,"T or staggered junction","Darkness - lights lit","Fine no high winds","Wet or damp","Pedestrian"
"2532","2014131CV0542",2014-12-31,2014,"Dec",31,"13:10",13,10,"Wednesday","Slight",1,"Slight","Car occupant","Passenger","Female",15,"Unclassified","Dual carriageway",40,NA,"Not a Pedestrian","Not a Pedestrian",436092,434785,"E01011345",2,"Not at junction or within 20 metres","Daylight","Fine no high winds","Wet or damp","Car occupant"
"2533","2015132110145",2015-01-01,2015,"Jan",1,"00:35",0,35,"Thursday","Serious",3,"Slight","Car occupant","Driver or rider","Male",26,"A","Dual carriageway",30,"A","Not a Pedestrian","Not a Pedestrian",430902,432293,"E01033018",2,"Crossroads","Darkness - lights lit","Fine no high winds","Wet or damp","Car occupant"
"2534","2015132110145",2015-01-01,2015,"Jan",1,"00:35",0,35,"Thursday","Serious",3,"Slight","Taxi/Private hire car occupant","Driver or rider","Male",45,"A","Dual carriageway",30,"A","Not a Pedestrian","Not a Pedestrian",430902,432293,"E01033018",2,"Crossroads","Darkness - lights lit","Fine no high winds","Wet or damp","Car occupant"
"2535","2015132110145",2015-01-01,2015,"Jan",1,"00:35",0,35,"Thursday","Serious",3,"Serious","Taxi/Private hire car occupant","Passenger","Female",23,"A","Dual carriageway",30,"A","Not a Pedestrian","Not a Pedestrian",430902,432293,"E01033018",2,"Crossroads","Darkness - lights lit","Fine no high winds","Wet or damp","Car occupant"
"2536","2015132111055",2015-01-01,2015,"Jan",1,"10:45",10,45,"Thursday","Slight",1,"Slight","Car occupant","Driver or rider","Male",60,"A","Single carriageway",40,"A","Not a Pedestrian","Not a Pedestrian",431254,445733,"E01011561",2,"T or staggered junction","Daylight","Fine no high winds","Dry","Car occupant"
"2537","2015132111114",2015-01-01,2015,"Jan",1,"11:30",11,30,"Thursday","Slight",1,"Slight","Taxi/Private hire car occupant","Driver or rider","Male",48,"Unclassified","Dual carriageway",30,NA,"Not a Pedestrian","Not a Pedestrian",435245,428899,"E01011627",2,"Not at junction or within 20 metres","Daylight","Fine no high winds","Dry","Car occupant"
"2538","2015132111672",2015-01-01,2015,"Jan",1,"17:50",17,50,"Thursday","Serious",1,"Serious","Car occupant","Driver or rider","Male",67,"A","Dual carriageway",40,NA,"Not a Pedestrian","Not a Pedestrian",428479,433311,"E01011363",1,"Not at junction or within 20 metres","Darkness - lights lit","Fine + high winds","Wet or damp","Car occupant"
"2539","2015132120569",2015-01-02,2015,"Jan",2,"12:54",12,54,"Friday","Serious",1,"Serious","Pedestrian","Pedestrian","Female",73,"A","Single carriageway",40,NA,"In carriageway, crossing elsewhere","Crossing from driver's nearside",425692,426859,"E01011546",1,"Not at junction or within 20 metres","Daylight","Fine no high winds","Dry","Pedestrian"
"2540","2015132120802",2015-01-02,2015,"Jan",2,"15:10",15,10,"Friday","Slight",1,"Slight","Car occupant","Passenger","Female",79,"Unclassified","Single carriageway",30,NA,"Not a Pedestrian","Not a Pedestrian",430096,437925,"E01011506",3,"Not at junction or within 20 metres","Daylight","Fine + high winds","Dry","Car occupant"
"2541","2015132121559",2015-01-02,2015,"Jan",2,"22:39",22,39,"Friday","Slight",1,"Slight","Pedestrian","Pedestrian","Female",23,"Unclassified","Single carriageway",30,NA,"Crossing on pedestrian crossing facility","Crossing from driver's nearside",431729,434573,"E01011677",1,"Not at junction or within 20 metres","Darkness - lights lit","Fine no high winds","Wet or damp","Pedestrian"
"2542","2015132130207",2015-01-03,2015,"Jan",3,"04:10",4,10,"Saturday","Slight",1,"Slight","Pedestrian","Pedestrian","Female",31,"Unclassified","Single carriageway",30,NA,"On footway or verge","Unknown or other",430334,433342,"E01033011",1,"Not at junction or within 20 metres","Darkness - lights lit","Fine no high winds","Wet or damp","Pedestrian"
"2543","2015132130447",2015-01-03,2015,"Jan",3,"11:30",11,30,"Saturday","Slight",1,"Slight","Car occupant","Driver or rider","Male",80,"Unclassified","Single carriageway",30,"Unclassified","Not a Pedestrian","Not a Pedestrian",431483,435012,"E01011673",2,"Crossroads","Daylight","Raining no high winds","Wet or damp","Car occupant"
"2544","2015132130502",2015-01-03,2015,"Jan",3,"12:10",12,10,"Saturday","Serious",1,"Serious","Car occupant","Driver or rider","Female",46,"Unclassified","Dual carriageway",30,"Unclassified","Not a Pedestrian","Not a Pedestrian",431002,430603,"E01011471",2,"T or staggered junction","Daylight","Fine no high winds","Dry","Car occupant"
"2545","2015132130549",2015-01-03,2015,"Jan",3,"12:50",12,50,"Saturday","Slight",4,"Slight","Car occupant","Driver or rider","Female",25,"Unclassified","Single carriageway",30,"Unclassified","Not a Pedestrian","Not a Pedestrian",431618,436143,"E01011359",2,"T or staggered junction","Daylight","Fine no high winds","Wet or damp","Car occupant"
"2546","2015132130549",2015-01-03,2015,"Jan",3,"12:50",12,50,"Saturday","Slight",4,"Slight","Car occupant","Driver or rider","Female",43,"Unclassified","Single carriageway",30,"Unclassified","Not a Pedestrian","Not a Pedestrian",431618,436143,"E01011359",2,"T or staggered junction","Daylight","Fine no high winds","Wet or damp","Car occupant"
"2547","2015132130549",2015-01-03,2015,"Jan",3,"12:50",12,50,"Saturday","Slight",4,"Slight","Car occupant","Passenger","Female",70,"Unclassified","Single carriageway",30,"Unclassified","Not a Pedestrian","Not a Pedestrian",431618,436143,"E01011359",2,"T or staggered junction","Daylight","Fine no high winds","Wet or damp","Car occupant"
"2548","2015132130549",2015-01-03,2015,"Jan",3,"12:50",12,50,"Saturday","Slight",4,"Slight","Car occupant","Passenger","Female",63,"Unclassified","Single carriageway",30,"Unclassified","Not a Pedestrian","Not a Pedestrian",431618,436143,"E01011359",2,"T or staggered junction","Daylight","Fine no high winds","Wet or damp","Car occupant"
"2549","2015132140617",2015-01-04,2015,"Jan",4,"12:21",12,21,"Sunday","Slight",1,"Slight","Pedestrian","Pedestrian","Male",35,"A","Single carriageway",30,NA,"In carriageway, crossing elsewhere","Crossing from driver's nearside",427393,433660,"E01011293",1,"Not at junction or within 20 metres","Daylight","Fine no high winds","Dry","Pedestrian"
"2550","2015132140799",2015-01-04,2015,"Jan",4,"14:38",14,38,"Sunday","Slight",1,"Slight","Car occupant","Driver or rider","Female",33,"Unclassified","Single carriageway",30,"Unclassified","Not a Pedestrian","Not a Pedestrian",433530,436008,"E01011421",2,"T or staggered junction","Daylight","Fine no high winds","Wet or damp","Car occupant"
"2551","2015132141182",2015-01-04,2015,"Jan",4,"18:50",18,50,"Sunday","Slight",2,"Slight","Car occupant","Passenger","Female",33,"Unclassified","Dual carriageway",30,"A","Not a Pedestrian","Not a Pedestrian",431248,433688,"E01011338",2,"Crossroads","Daylight","Fine no high winds","Frost or ice","Car occupant"
"2552","2015132141182",2015-01-04,2015,"Jan",4,"18:50",18,50,"Sunday","Slight",2,"Slight","Car occupant","Driver or rider","Male",28,"Unclassified","Dual carriageway",30,"A","Not a Pedestrian","Not a Pedestrian",431248,433688,"E01011338",2,"Crossroads","Daylight","Fine no high winds","Frost or ice","Car occupant"
"2553","2015132150173",2015-01-05,2015,"Jan",5,"07:45",7,45,"Monday","Slight",1,"Slight","Car occupant","Passenger","Female",29,"Motorway","Dual carriageway",50,NA,"Not a Pedestrian","Not a Pedestrian",430157,432022,"E01011364",3,"Not at junction or within 20 metres","Daylight","Fine no high winds","Wet or damp","Car occupant"
"2554","2015132150343",2015-01-05,2015,"Jan",5,"09:55",9,55,"Monday","Slight",1,"Slight","Cyclist","Driver or rider","Female",63,"Unclassified","Single carriageway",30,NA,"Not a Pedestrian","Not a Pedestrian",435555,434799,"E01011343",2,"Not at junction or within 20 metres","Daylight","Fine no high winds","Dry","Cyclist"
"2555","2015132150861",2015-01-05,2015,"Jan",5,"15:30",15,30,"Monday","Slight",1,"Slight","Pedestrian","Pedestrian","Male",15,"Unclassified","Single carriageway",30,"A","Crossing elsewhere within 50m. of pedestrian crossing","Crossing from nearside - masked by parked or stationary vehicle",429827,438866,"E01011510",1,"Roundabout","Daylight","Fine no high winds","Wet or damp","Pedestrian"
"2556","2015132150935",2015-01-05,2015,"Jan",5,"16:10",16,10,"Monday","Fatal",1,"Fatal","Cyclist","Driver or rider","Male",47,"A","Dual carriageway",40,NA,"Not a Pedestrian","Not a Pedestrian",427750,426259,"E01011550",2,"Not at junction or within 20 metres","Darkness - lights lit","Fine no high winds","Wet or damp","Cyclist"
"2557","2015132151182",2015-01-05,2015,"Jan",5,"16:30",16,30,"Monday","Slight",1,"Slight","Pedestrian","Pedestrian","Female",19,"Unclassified","Single carriageway",30,NA,"Crossing on pedestrian crossing facility","Crossing from driver's nearside",429913,428087,"E01011494",1,"Not at junction or within 20 metres","Darkness - lights lit","Fine no high winds","Wet or damp","Pedestrian"
"2558","2015132151027",2015-01-05,2015,"Jan",5,"17:14",17,14,"Monday","Slight",1,"Slight","Car occupant","Passenger","Male",21,"A","Dual carriageway",40,NA,"Not a Pedestrian","Not a Pedestrian",428705,433170,"E01033013",2,"Not at junction or within 20 metres","Darkness - lights lit","Fine no high winds","Dry","Car occupant"