"","accident_index","date","year","month","day","time","time_hour","time_minute","day_of_week","accident_severity","number_of_casualties","casualty_severity","casualty_type","casualty_class","sex_of_casualty","age_of_casualty","first_road_class","road_type","speed_limit","second_road_class","pedestrian_location","pedestrian_movement","location_easting_osgr","location_northing_osgr","lsoa_of_accident_location","number_of_vehicles","junction_detail","light_conditions","weather_conditions","road_surface_conditions","cas_type"
"2559","2015132160649",2015-01-06,2015,"Jan",6,"14:20",14,20,"Tuesday","Slight",1,"Slight","Motorcycle over 500cc rider or passenger","Driver or rider","Male",68,"Unclassified","Roundabout",30,"Unclassified","Not a Pedestrian","Not a Pedestrian",445389,446783,"E01011697",1,"Roundabout","Daylight","Fine + high winds","Wet or damp","Motorcyclist and pillion"
"2560","2015132160771",2015-01-06,2015,"Jan",6,"14:30",14,30,"Tuesday","Slight",1,"Slight","Car occupant","Passenger","Female",72,"Unclassified","Single carriageway",30,"Unclassified","Not a Pedestrian","Not a Pedestrian",436560,435996,"E01011723",3,"Private drive or entrance","Daylight","Fine no high winds","Dry","Car occupant"
"2561","2015132161029",2015-01-06,2015,"Jan",6,"17:40",17,40,"Tuesday","Serious",1,"Serious","Motorcycle 125cc and under rider or passenger","Driver or rider","Male",27,"Unclassified","Single carriageway",30,"Unclassified","Not a Pedestrian","Not a Pedestrian",429491,432913,"E01033015",2,"T or staggered junction","Darkness - lights lit","Fine no high winds","Wet or damp","Motorcyclist and pillion"
"2562","2015132160936",2015-01-06,2015,"Jan",6,"17:59",17,59,"Tuesday","Serious",1,"Serious","Pedestrian","Pedestrian","Male",38,"Motorway","Dual carriageway",50,NA,"In carriageway, crossing elsewhere","Crossing from driver's nearside",429174,431862,"E01011368",2,"Not at junction or within 20 metres","Daylight","Fine no high winds","Wet or damp","Pedestrian"
"2563","2015132161502",2015-01-06,2015,"Jan",6,"23:47",23,47,"Tuesday","Slight",2,"Slight","Car occupant","Driver or rider","Female",43,"Unclassified","Single carriageway",60,NA,"Not a Pedestrian","Not a Pedestrian",422652,440059,"E01011580",1,"Not at junction or within 20 metres","Darkness - no lighting","Fine no high winds","Wet or damp","Car occupant"
"2564","2015132161502",2015-01-06,2015,"Jan",6,"23:47",23,47,"Tuesday","Slight",2,"Slight","Car occupant","Passenger","Male",22,"Unclassified","Single carriageway",60,NA,"Not a Pedestrian","Not a Pedestrian",422652,440059,"E01011580",1,"Not at junction or within 20 metres","Darkness - no lighting","Fine no high winds","Wet or damp","Car occupant"
"2565","2015132180398",2015-01-07,2015,"Jan",7,"15:00",15,0,"Wednesday","Serious",1,"Serious","Pedestrian","Pedestrian","Female",22,"Unclassified","Single carriageway",30,"Unclassified","Crossing on pedestrian crossing facility","Crossing from driver's offside",429361,439562,"E01011567",1,"T or staggered junction","Daylight","Fine no high winds","Dry","Pedestrian"
"2566","2015132171061",2015-01-07,2015,"Jan",7,"17:39",17,39,"Wednesday","Slight",1,"Slight","Pedestrian","Pedestrian","Female",45,"Unclassified","Single carriageway",30,"Unclassified","In carriageway, crossing elsewhere","Crossing from driver's offside",432832,435205,"E01011431",1,"T or staggered junction","Darkness - lights lit","Raining no high winds","Wet or damp","Pedestrian"
"2567","2015132180457",2015-01-08,2015,"Jan",8,"11:15",11,15,"Thursday","Serious",1,"Serious","Pedestrian","Pedestrian","Male",63,"Unclassified","Single carriageway",30,NA,"In carriageway, crossing elsewhere","Crossing from driver's offside",426536,427737,"E01011541",1,"Not at junction or within 20 metres","Daylight","Fine no high winds","Wet or damp","Pedestrian"
"2568","2015132180711",2015-01-08,2015,"Jan",8,"14:16",14,16,"Thursday","Serious",1,"Serious","Pedestrian","Pedestrian","Male",89,"Unclassified","Single carriageway",30,"Unclassified","In carriageway, crossing elsewhere","Crossing from driver's nearside",426456,427823,"E01011541",1,"Crossroads","Daylight","Fine no high winds","Dry","Pedestrian"
"2569","2015132180987",2015-01-08,2015,"Jan",8,"16:59",16,59,"Thursday","Slight",1,"Slight","Motorcycle 125cc and under rider or passenger","Driver or rider","Male",22,"Unclassified","Single carriageway",30,"Unclassified","Not a Pedestrian","Not a Pedestrian",430019,435534,"E01011670",2,"T or staggered junction","Darkness - lights lit","Fine no high winds","Dry","Motorcyclist and pillion"
"2570","2015132181029",2015-01-08,2015,"Jan",8,"17:15",17,15,"Thursday","Slight",1,"Slight","Car occupant","Driver or rider","Male",23,"A","Single carriageway",30,"A","Not a Pedestrian","Not a Pedestrian",436361,428354,"E01011635",2,"Other junction","Darkness - lights lit","Fine no high winds","Dry","Car occupant"
"2571","2015132190196",2015-01-09,2015,"Jan",9,"06:55",6,55,"Friday","Slight",1,"Slight","Van / Goods vehicle (3.5 tonnes mgw or under) occupant","Driver or rider","Male",48,"A","Single carriageway",30,"Unclassified","Not a Pedestrian","Not a Pedestrian",430795,434511,"E01033003",2,"T or staggered junction","Darkness - lights lit","Fine + high winds","Wet or damp","Bus and goods vehicle occupant"
"2572","2015132190220",2015-01-09,2015,"Jan",9,"07:37",7,37,"Friday","Slight",1,"Slight","Pedestrian","Pedestrian","Male",58,"Unclassified","Single carriageway",30,"Unclassified","In carriageway, crossing elsewhere","Crossing from driver's offside",427316,433304,"E01011293",1,"T or staggered junction","Daylight","Fine no high winds","Dry","Pedestrian"
"2573","2015132190482",2015-01-09,2015,"Jan",9,"11:10",11,10,"Friday","Slight",1,"Slight","Pedestrian","Pedestrian","Male",40,"Unclassified","Single carriageway",30,NA,"Crossing on pedestrian crossing facility","Crossing from driver's nearside",432523,434725,"E01011344",1,"Not at junction or within 20 metres","Daylight","Fine no high winds","Dry","Pedestrian"
"2574","2015132190879",2015-01-09,2015,"Jan",9,"15:24",15,24,"Friday","Slight",1,"Slight","Car occupant","Driver or rider","Male",23,"A","Dual carriageway",30,NA,"Not a Pedestrian","Not a Pedestrian",431313,431725,"E01011467",2,"Not at junction or within 20 metres","Daylight","Raining no high winds","Wet or damp","Car occupant"
"2575","2015132190930",2015-01-09,2015,"Jan",9,"15:39",15,39,"Friday","Slight",1,"Slight","Car occupant","Passenger","Female",19,"A","Dual carriageway",40,"Unclassified","Not a Pedestrian","Not a Pedestrian",435093,434736,"E01011343",2,"T or staggered junction","Daylight","Fine no high winds","Dry","Car occupant"
"2576","2015132191539",2015-01-09,2015,"Jan",9,"15:39",15,39,"Friday","Slight",1,"Slight","Car occupant","Passenger","Female",19,"A","Dual carriageway",40,"Unclassified","Not a Pedestrian","Not a Pedestrian",435093,434736,"E01011343",2,"T or staggered junction","Daylight","Fine no high winds","Dry","Car occupant"
"2577","20151321A0948",2015-01-09,2015,"Jan",9,"18:00",18,0,"Friday","Slight",1,"Slight","Pedestrian","Pedestrian","Male",34,"Unclassified","Single carriageway",30,"Unclassified","In carriageway, crossing elsewhere","Crossing from driver's nearside",431560,435565,"E01011426",1,"T or staggered junction","Darkness - lights lit","Fine + high winds","Wet or damp","Pedestrian"
"2578","20151319C0493",2015-01-09,2015,"Jan",9,"18:55",18,55,"Friday","Slight",2,"Slight","Car occupant","Driver or rider","Male",24,"B","Single carriageway",60,"A","Not a Pedestrian","Not a Pedestrian",445949,431172,"E01011299",2,"Slip road","Darkness - no lighting","Fine + high winds","Wet or damp","Car occupant"
"2579","20151319C0493",2015-01-09,2015,"Jan",9,"18:55",18,55,"Friday","Slight",2,"Slight","Car occupant","Passenger","Female",20,"B","Single carriageway",60,"A","Not a Pedestrian","Not a Pedestrian",445949,431172,"E01011299",2,"Slip road","Darkness - no lighting","Fine + high winds","Wet or damp","Car occupant"
"2580","2015132191437",2015-01-09,2015,"Jan",9,"20:10",20,10,"Friday","Slight",4,"Slight","Car occupant","Driver or rider","Male",18,"Unclassified","Single carriageway",30,"Unclassified","Not a Pedestrian","Not a Pedestrian",432225,440327,"E01011562",2,"T or staggered junction","Darkness - lights lit","Fine no high winds","Dry","Car occupant"
"2581","2015132191437",2015-01-09,2015,"Jan",9,"20:10",20,10,"Friday","Slight",4,"Slight","Car occupant","Driver or rider","Male",20,"Unclassified","Single carriageway",30,"Unclassified","Not a Pedestrian","Not a Pedestrian",432225,440327,"E01011562",2,"T or staggered junction","Darkness - lights lit","Fine no high winds","Dry","Car occupant"
"2582","2015132191437",2015-01-09,2015,"Jan",9,"20:10",20,10,"Friday","Slight",4,"Slight","Car occupant","Passenger","Male",21,"Unclassified","Single carriageway",30,"Unclassified","Not a Pedestrian","Not a Pedestrian",432225,440327,"E01011562",2,"T or staggered junction","Darkness - lights lit","Fine no high winds","Dry","Car occupant"
"2583","2015132191437",2015-01-09,2015,"Jan",9,"20:10",20,10,"Friday","Slight",4,"Slight","Car occupant","Passenger","Male",21,"Unclassified","Single carriageway",30,"Unclassified","Not a Pedestrian","Not a Pedestrian",432225,440327,"E01011562",2,"T or staggered junction","Darkness - lights lit","Fine no high winds","Dry","Car occupant"
"2584","20151321A0339",2015-01-10,2015,"Jan",10,"08:20",8,20,"Saturday","Fatal",1,"Fatal","Pedestrian","Pedestrian","Male",61,"A","Dual carriageway",30,NA,"Crossing elsewhere within 50m. of pedestrian crossing","Crossing from driver's nearside",428076,434307,"E01011481",1,"Not at junction or within 20 metres","Daylight","Fine + high winds","Wet or damp","Pedestrian"
"2585","20151321A0461",2015-01-10,2015,"Jan",10,"10:11",10,11,"Saturday","Serious",1,"Serious","Motorcycle 50cc and under rider or passenger","Driver or rider","Male",18,"Unclassified","Single carriageway",30,"Unclassified","Not a Pedestrian","Not a Pedestrian",431207,426172,"E01011499",2,"T or staggered junction","Daylight","Fine no high winds","Dry","Motorcyclist and pillion"
"2586","20151321A0598",2015-01-10,2015,"Jan",10,"11:30",11,30,"Saturday","Slight",1,"Slight","Pedestrian","Pedestrian","Female",30,"A","Single carriageway",30,NA,"On footway or verge","Unknown or other",427691,434484,"E01011483",1,"Not at junction or within 20 metres","Daylight","Fine + high winds","Dry","Pedestrian"
"2587","20151321A0981",2015-01-10,2015,"Jan",10,"15:41",15,41,"Saturday","Slight",2,"Slight","Car occupant","Driver or rider","Male",34,"Unclassified","Single carriageway",30,"Unclassified","Not a Pedestrian","Not a Pedestrian",429617,430944,"E01011312",2,"T or staggered junction","Daylight","Raining + high winds","Wet or damp","Car occupant"
"2588","20151321A0981",2015-01-10,2015,"Jan",10,"15:41",15,41,"Saturday","Slight",2,"Slight","Car occupant","Driver or rider","Male",34,"Unclassified","Single carriageway",30,"Unclassified","Not a Pedestrian","Not a Pedestrian",429617,430944,"E01011312",2,"T or staggered junction","Daylight","Raining + high winds","Wet or damp","Car occupant"
"2589","20151321A1007",2015-01-10,2015,"Jan",10,"15:58",15,58,"Saturday","Slight",1,"Slight","Pedestrian","Pedestrian","Female",83,"Unclassified","Single carriageway",30,NA,"In carriageway, crossing elsewhere","Unknown or other",431648,437772,"E01011654",1,"Not at junction or within 20 metres","Darkness - lights lit","Fine + high winds","Dry","Pedestrian"
"2590","20151321A1016",2015-01-10,2015,"Jan",10,"16:05",16,5,"Saturday","Slight",1,"Slight","Car occupant","Passenger","Female",67,"A","Roundabout",70,"Unclassified","Not a Pedestrian","Not a Pedestrian",428587,427737,"E01011538",2,"Roundabout","Daylight","Fine no high winds","Dry","Car occupant"
"2591","20151321A1483",2015-01-10,2015,"Jan",10,"21:54",21,54,"Saturday","Slight",2,"Slight","Car occupant","Driver or rider","Female",54,"A","Single carriageway",30,"Unclassified","Not a Pedestrian","Not a Pedestrian",429305,435031,"E01033005",2,"T or staggered junction","Darkness - lights lit","Raining + high winds","Wet or damp","Car occupant"
"2592","20151321A1483",2015-01-10,2015,"Jan",10,"21:54",21,54,"Saturday","Slight",2,"Slight","Car occupant","Driver or rider","Female",21,"A","Single carriageway",30,"Unclassified","Not a Pedestrian","Not a Pedestrian",429305,435031,"E01033005",2,"T or staggered junction","Darkness - lights lit","Raining + high winds","Wet or damp","Car occupant"
"2593","20151321B1069",2015-01-11,2015,"Jan",11,"18:17",18,17,"Sunday","Slight",1,"Slight","Pedestrian","Pedestrian","Female",29,"Unclassified","Unknown",30,NA,"On footway or verge","Unknown or other",437065,436141,"E01011722",1,"Not at junction or within 20 metres","Darkness - lights lit","Fine no high winds","Dry","Pedestrian"
"2594","20151321C0035",2015-01-11,2015,"Jan",11,"18:30",18,30,"Sunday","Slight",2,"Slight","Car occupant","Driver or rider","Male",27,"Unclassified","Single carriageway",30,"A","Not a Pedestrian","Not a Pedestrian",428981,433532,"E01011363",2,"T or staggered junction","Darkness - lights lit","Fine + high winds","Wet or damp","Car occupant"
"2595","20151321C0035",2015-01-11,2015,"Jan",11,"18:30",18,30,"Sunday","Slight",2,"Slight","Car occupant","Passenger","Female",26,"Unclassified","Single carriageway",30,"A","Not a Pedestrian","Not a Pedestrian",428981,433532,"E01011363",2,"T or staggered junction","Darkness - lights lit","Fine + high winds","Wet or damp","Car occupant"
"2596","20151321C0228",2015-01-12,2015,"Jan",12,"07:45",7,45,"Monday","Slight",1,"Slight","Pedestrian","Pedestrian","Male",11,"A","Single carriageway",30,"Unclassified","Crossing elsewhere within 50m. of pedestrian crossing","Crossing from driver's offside",438495,430408,"E01011390",1,"Other junction","Daylight","Fine no high winds","Wet or damp","Pedestrian"
"2597","20151321C0347",2015-01-12,2015,"Jan",12,"09:30",9,30,"Monday","Slight",1,"Slight","Car occupant","Driver or rider","Male",21,"A","Single carriageway",30,NA,"Not a Pedestrian","Not a Pedestrian",436516,428540,"E01011635",2,"Not at junction or within 20 metres","Daylight","Fine no high winds","Dry","Car occupant"
"2598","20151321C0369",2015-01-12,2015,"Jan",12,"09:44",9,44,"Monday","Slight",1,"Slight","Car occupant","Driver or rider","Male",46,"A","Single carriageway",60,NA,"Not a Pedestrian","Not a Pedestrian",422964,437587,"E01011452",3,"Not at junction or within 20 metres","Daylight","Raining no high winds","Wet or damp","Car occupant"
"2599","20151321C0757",2015-01-12,2015,"Jan",12,"13:54",13,54,"Monday","Slight",1,"Slight","Cyclist","Driver or rider","Female",57,"Unclassified","Single carriageway",30,"Unclassified","Not a Pedestrian","Not a Pedestrian",428841,433989,"E01011678",2,"T or staggered junction","Daylight","Fine no high winds","Dry","Cyclist"
"2600","20151321C0854",2015-01-12,2015,"Jan",12,"15:00",15,0,"Monday","Slight",1,"Slight","Car occupant","Driver or rider","Male",40,"A","Dual carriageway",50,"A","Not a Pedestrian","Not a Pedestrian",430625,424777,"E01011537",2,"Slip road","Daylight","Fine no high winds","Dry","Car occupant"
"2601","20151321C1138",2015-01-12,2015,"Jan",12,"17:40",17,40,"Monday","Slight",1,"Slight","Cyclist","Driver or rider","Male",25,"Unclassified","Single carriageway",30,"Unclassified","Not a Pedestrian","Not a Pedestrian",423924,434308,"E01011287",2,"T or staggered junction","Darkness - lights lit","Fine no high winds","Dry","Cyclist"
"2602","20151321D0227",2015-01-13,2015,"Jan",13,"08:28",8,28,"Tuesday","Slight",1,"Slight","Car occupant","Driver or rider","Female",24,"A","Single carriageway",60,NA,"Not a Pedestrian","Not a Pedestrian",432292,444272,"E01011561",3,"Not at junction or within 20 metres","Daylight","Fine no high winds","Wet or damp","Car occupant"
"2603","20151321C0387",2015-01-13,2015,"Jan",13,"09:15",9,15,"Tuesday","Slight",1,"Slight","Car occupant","Driver or rider","Female",54,"Unclassified","Single carriageway",30,"A","Not a Pedestrian","Not a Pedestrian",431966,435835,"E01011422",2,"T or staggered junction","Daylight","Fine + high winds","Dry","Car occupant"
"2604","20151321D0302",2015-01-13,2015,"Jan",13,"09:25",9,25,"Tuesday","Slight",1,"Slight","Car occupant","Passenger","Female",20,"A","Dual carriageway",40,NA,"Not a Pedestrian","Not a Pedestrian",426568,431849,"E01011736",1,"Not at junction or within 20 metres","Daylight","Fine no high winds","Wet or damp","Car occupant"
"2605","20151321D0463",2015-01-13,2015,"Jan",13,"11:20",11,20,"Tuesday","Slight",1,"Slight","Pedestrian","Pedestrian","Female",25,"Unclassified","Single carriageway",30,NA,"Unknown or other","Walking along in carriageway, facing traffic",425108,438001,"E01011464",1,"Not at junction or within 20 metres","Daylight","Fine no high winds","Dry","Pedestrian"
"2606","20151321D0796",2015-01-13,2015,"Jan",13,"15:25",15,25,"Tuesday","Serious",1,"Serious","Motorcycle 125cc and under rider or passenger","Driver or rider","Male",17,"Unclassified","Single carriageway",30,NA,"Not a Pedestrian","Not a Pedestrian",435043,436940,"E01011657",1,"Not at junction or within 20 metres","Daylight","Fine no high winds","Wet or damp","Motorcyclist and pillion"
"2607","20151321D0963",2015-01-13,2015,"Jan",13,"16:55",16,55,"Tuesday","Slight",3,"Slight","Car occupant","Passenger","Male",5,"A","Single carriageway",50,"Unclassified","Not a Pedestrian","Not a Pedestrian",435431,439805,"E01011311",2,"Crossroads","Darkness - no lighting","Fine no high winds","Wet or damp","Car occupant"
"2608","20151321D0963",2015-01-13,2015,"Jan",13,"16:55",16,55,"Tuesday","Slight",3,"Slight","Car occupant","Driver or rider","Female",32,"A","Single carriageway",50,"Unclassified","Not a Pedestrian","Not a Pedestrian",435431,439805,"E01011311",2,"Crossroads","Darkness - no lighting","Fine no high winds","Wet or damp","Car occupant"
"2609","20151321D0963",2015-01-13,2015,"Jan",13,"16:55",16,55,"Tuesday","Slight",3,"Slight","Car occupant","Driver or rider","Female",53,"A","Single carriageway",50,"Unclassified","Not a Pedestrian","Not a Pedestrian",435431,439805,"E01011311",2,"Crossroads","Darkness - no lighting","Fine no high winds","Wet or damp","Car occupant"
"2610","20151321D1076",2015-01-13,2015,"Jan",13,"18:00",18,0,"Tuesday","Slight",2,"Slight","Car occupant","Driver or rider","Male",36,"A","Single carriageway",40,"B","Not a Pedestrian","Not a Pedestrian",425639,426885,"E01011534",2,"Crossroads","Daylight","Fine + high winds","Dry","Car occupant"
"2611","20151321D1076",2015-01-13,2015,"Jan",13,"18:00",18,0,"Tuesday","Slight",2,"Slight","Car occupant","Passenger","Female",32,"A","Single carriageway",40,"B","Not a Pedestrian","Not a Pedestrian",425639,426885,"E01011534",2,"Crossroads","Daylight","Fine + high winds","Dry","Car occupant"
"2612","20151321D1303",2015-01-13,2015,"Jan",13,"20:21",20,21,"Tuesday","Slight",5,"Slight","Car occupant","Passenger","Male",3,"A","Dual carriageway",40,NA,"Not a Pedestrian","Not a Pedestrian",431698,433636,"E01033021",2,"Not at junction or within 20 metres","Darkness - lights lit","Fine no high winds","Dry","Car occupant"
"2613","20151321D1303",2015-01-13,2015,"Jan",13,"20:21",20,21,"Tuesday","Slight",5,"Slight","Car occupant","Passenger","Male",9,"A","Dual carriageway",40,NA,"Not a Pedestrian","Not a Pedestrian",431698,433636,"E01033021",2,"Not at junction or within 20 metres","Darkness - lights lit","Fine no high winds","Dry","Car occupant"
"2614","20151321D1303",2015-01-13,2015,"Jan",13,"20:21",20,21,"Tuesday","Slight",5,"Slight","Car occupant","Passenger","Female",11,"A","Dual carriageway",40,NA,"Not a Pedestrian","Not a Pedestrian",431698,433636,"E01033021",2,"Not at junction or within 20 metres","Darkness - lights lit","Fine no high winds","Dry","Car occupant"
"2615","20151321D1303",2015-01-13,2015,"Jan",13,"20:21",20,21,"Tuesday","Slight",5,"Slight","Car occupant","Driver or rider","Male",33,"A","Dual carriageway",40,NA,"Not a Pedestrian","Not a Pedestrian",431698,433636,"E01033021",2,"Not at junction or within 20 metres","Darkness - lights lit","Fine no high winds","Dry","Car occupant"
"2616","20151321D1303",2015-01-13,2015,"Jan",13,"20:21",20,21,"Tuesday","Slight",5,"Slight","Car occupant","Passenger","Male",62,"A","Dual carriageway",40,NA,"Not a Pedestrian","Not a Pedestrian",431698,433636,"E01033021",2,"Not at junction or within 20 metres","Darkness - lights lit","Fine no high winds","Dry","Car occupant"
"2617","20151321D1551",2015-01-13,2015,"Jan",13,"23:20",23,20,"Tuesday","Slight",1,"Slight","Pedestrian","Pedestrian","Male",48,"Unclassified","Single carriageway",30,NA,"In carriageway, crossing elsewhere","Crossing from driver's offside",430909,436134,"E01011356",1,"Not at junction or within 20 metres","Darkness - lights lit","Raining no high winds","Wet or damp","Pedestrian"
"2618","20151321E0206",2015-01-14,2015,"Jan",14,"08:44",8,44,"Wednesday","Slight",2,"Slight","Car occupant","Driver or rider","Female",62,"B","Single carriageway",30,NA,"Not a Pedestrian","Not a Pedestrian",428042,427809,"E01011540",2,"Not at junction or within 20 metres","Daylight","Fine no high winds","Wet or damp","Car occupant"
"2619","20151321E0206",2015-01-14,2015,"Jan",14,"08:44",8,44,"Wednesday","Slight",2,"Slight","Car occupant","Driver or rider","Female",61,"B","Single carriageway",30,NA,"Not a Pedestrian","Not a Pedestrian",428042,427809,"E01011540",2,"Not at junction or within 20 metres","Daylight","Fine no high winds","Wet or damp","Car occupant"
"2620","20151321E0386",2015-01-14,2015,"Jan",14,"11:14",11,14,"Wednesday","Slight",1,"Slight","Car occupant","Passenger","Female",19,"Unclassified","Single carriageway",30,"Unclassified","Not a Pedestrian","Not a Pedestrian",428607,431051,"E01011369",2,"T or staggered junction","Daylight","Fine no high winds","Wet or damp","Car occupant"
"2621","20151321E0578",2015-01-14,2015,"Jan",14,"13:28",13,28,"Wednesday","Slight",2,"Slight","Van / Goods vehicle (3.5 tonnes mgw or under) occupant","Driver or rider","Male",63,"Unclassified","Roundabout",30,"Unclassified","Not a Pedestrian","Not a Pedestrian",426068,427720,"E01011541",2,"Mini-roundabout","Daylight","Fine no high winds","Dry","Bus and goods vehicle occupant"
"2622","20151321E0578",2015-01-14,2015,"Jan",14,"13:28",13,28,"Wednesday","Slight",2,"Slight","Bus or coach occupant (17 or more pass seats)","Driver or rider","Male",32,"Unclassified","Roundabout",30,"Unclassified","Not a Pedestrian","Not a Pedestrian",426068,427720,"E01011541",2,"Mini-roundabout","Daylight","Fine no high winds","Dry","Bus and goods vehicle occupant"
"2623","20151321E0628",2015-01-14,2015,"Jan",14,"13:49",13,49,"Wednesday","Slight",1,"Slight","Car occupant","Driver or rider","Female",86,"Unclassified","Unknown",20,NA,"Not a Pedestrian","Not a Pedestrian",421621,440880,"E01011578",5,"Not at junction or within 20 metres","Daylight","Fine no high winds","Wet or damp","Car occupant"
"2624","20151321E0849",2015-01-14,2015,"Jan",14,"15:55",15,55,"Wednesday","Slight",1,"Slight","Car occupant","Passenger","Male",26,"Unclassified","Single carriageway",30,"Unclassified","Not a Pedestrian","Not a Pedestrian",429118,432170,"E01033013",2,"Mini-roundabout","Daylight","Fine no high winds","Dry","Car occupant"
"2625","20151321E1020",2015-01-14,2015,"Jan",14,"16:40",16,40,"Wednesday","Slight",1,"Slight","Pedestrian","Pedestrian","Female",41,"Unclassified","Single carriageway",30,"Unclassified","In carriageway, crossing elsewhere","Crossing from driver's nearside",429064,433051,"E01033013",1,"T or staggered junction","Darkness - lights lit","Raining no high winds","Wet or damp","Pedestrian"
"2626","20151321E1208",2015-01-14,2015,"Jan",14,"19:25",19,25,"Wednesday","Serious",2,"Slight","Car occupant","Driver or rider","Male",24,"Motorway","Dual carriageway",70,NA,"Not a Pedestrian","Not a Pedestrian",432878,425976,"E01011500",2,"Not at junction or within 20 metres","Darkness - lights lit","Fine no high winds","Dry","Car occupant"
"2627","20151321E1208",2015-01-14,2015,"Jan",14,"19:25",19,25,"Wednesday","Serious",2,"Serious","Car occupant","Driver or rider","Male",38,"Motorway","Dual carriageway",70,NA,"Not a Pedestrian","Not a Pedestrian",432878,425976,"E01011500",2,"Not at junction or within 20 metres","Darkness - lights lit","Fine no high winds","Dry","Car occupant"
"2628","20151321E1447",2015-01-14,2015,"Jan",14,"20:25",20,25,"Wednesday","Slight",1,"Slight","Pedestrian","Pedestrian","Male",47,"Unclassified","Single carriageway",30,"Unclassified","In carriageway, crossing elsewhere","Unknown or other",431079,430776,"E01011472",1,"T or staggered junction","Darkness - no lighting","Fine + high winds","Dry","Pedestrian"
"2629","20151321F0077",2015-01-15,2015,"Jan",15,"02:42",2,42,"Thursday","Slight",1,"Slight","Pedestrian","Pedestrian","Male",18,"Unclassified","One way street",40,NA,"In carriageway, crossing elsewhere","Crossing from driver's nearside",429304,433709,"E01011678",1,"Not at junction or within 20 metres","Darkness - lights lit","Fine no high winds","Dry","Pedestrian"
"2630","20151321F0211",2015-01-15,2015,"Jan",15,"08:29",8,29,"Thursday","Slight",2,"Slight","Car occupant","Driver or rider","Male",32,"Unclassified","Single carriageway",30,"A","Not a Pedestrian","Not a Pedestrian",425093,431059,"E01011738",2,"T or staggered junction","Daylight","Fine no high winds","Dry","Car occupant"
"2631","20151321F0211",2015-01-15,2015,"Jan",15,"08:29",8,29,"Thursday","Slight",2,"Slight","Car occupant","Driver or rider","Female",24,"Unclassified","Single carriageway",30,"A","Not a Pedestrian","Not a Pedestrian",425093,431059,"E01011738",2,"T or staggered junction","Daylight","Fine no high winds","Dry","Car occupant"
"2632","20151321F0884",2015-01-15,2015,"Jan",15,"16:00",16,0,"Thursday","Slight",1,"Slight","Cyclist","Driver or rider","Male",23,"A","Single carriageway",30,"Unclassified","Not a Pedestrian","Not a Pedestrian",429759,434503,"E01033005",2,"Crossroads","Daylight","Fine no high winds","Wet or damp","Cyclist"
"2633","20151321F1076",2015-01-15,2015,"Jan",15,"17:30",17,30,"Thursday","Slight",1,"Slight","Van / Goods vehicle (3.5 tonnes mgw or under) occupant","Passenger","Male",26,"A","Single carriageway",30,"Unclassified","Not a Pedestrian","Not a Pedestrian",420311,439697,"E01011277",2,"T or staggered junction","Darkness - lights lit","Fine + high winds","Wet or damp","Bus and goods vehicle occupant"
"2634","20151321G0168",2015-01-16,2015,"Jan",16,"07:17",7,17,"Friday","Slight",1,"Slight","Pedestrian","Pedestrian","Female",15,"Unclassified","Single carriageway",30,"Unclassified","Crossing on pedestrian crossing facility","Crossing from driver's nearside",429941,427092,"E01011492",2,"T or staggered junction","Darkness - lights lit","Fine no high winds","Wet or damp","Pedestrian"
"2635","20151321G0202",2015-01-16,2015,"Jan",16,"08:10",8,10,"Friday","Slight",2,"Slight","Car occupant","Driver or rider","Female",46,"Motorway","Dual carriageway",70,NA,"Not a Pedestrian","Not a Pedestrian",437380,425668,"E01011636",6,"Not at junction or within 20 metres","Daylight","Fine no high winds","Wet or damp","Car occupant"
"2636","20151321G0202",2015-01-16,2015,"Jan",16,"08:10",8,10,"Friday","Slight",2,"Slight","Car occupant","Driver or rider","Female",33,"Motorway","Dual carriageway",70,NA,"Not a Pedestrian","Not a Pedestrian",437380,425668,"E01011636",6,"Not at junction or within 20 metres","Daylight","Fine no high winds","Wet or damp","Car occupant"
"2637","20151321G0539",2015-01-16,2015,"Jan",16,"12:05",12,5,"Friday","Slight",5,"Slight","Car occupant","Driver or rider","Female",20,"A","Dual carriageway",40,NA,"Not a Pedestrian","Not a Pedestrian",427798,426248,"E01011550",5,"Not at junction or within 20 metres","Daylight","Snowing no high winds","Snow","Car occupant"
"2638","20151321G0539",2015-01-16,2015,"Jan",16,"12:05",12,5,"Friday","Slight",5,"Slight","Car occupant","Passenger","Male",23,"A","Dual carriageway",40,NA,"Not a Pedestrian","Not a Pedestrian",427798,426248,"E01011550",5,"Not at junction or within 20 metres","Daylight","Snowing no high winds","Snow","Car occupant"
"2639","20151321G0539",2015-01-16,2015,"Jan",16,"12:05",12,5,"Friday","Slight",5,"Slight","Van / Goods vehicle (3.5 tonnes mgw or under) occupant","Driver or rider","Male",26,"A","Dual carriageway",40,NA,"Not a Pedestrian","Not a Pedestrian",427798,426248,"E01011550",5,"Not at junction or within 20 metres","Daylight","Snowing no high winds","Snow","Bus and goods vehicle occupant"