"","accident_index","date","year","month","day","time","time_hour","time_minute","day_of_week","accident_severity","number_of_casualties","casualty_severity","casualty_type","casualty_class","sex_of_casualty","age_of_casualty","first_road_class","road_type","speed_limit","second_road_class","pedestrian_location","pedestrian_movement","location_easting_osgr","location_northing_osgr","lsoa_of_accident_location","number_of_vehicles","junction_detail","light_conditions","weather_conditions","road_surface_conditions","cas_type"
"2640","20151321G0539",2015-01-16,2015,"Jan",16,"12:05",12,5,"Friday","Slight",5,"Slight","Van / Goods vehicle (3.5 tonnes mgw or under) occupant","Driver or rider","Male",36,"A","Dual carriageway",40,NA,"Not a Pedestrian","Not a Pedestrian",427798,426248,"E01011550",5,"Not at junction or within 20 metres","Daylight","Snowing no high winds","Snow","Bus and goods vehicle occupant"
"2641","20151321G0539",2015-01-16,2015,"Jan",16,"12:05",12,5,"Friday","Slight",5,"Slight","Van / Goods vehicle (3.5 tonnes mgw or under) occupant","Passenger","Male",27,"A","Dual carriageway",40,NA,"Not a Pedestrian","Not a Pedestrian",427798,426248,"E01011550",5,"Not at junction or within 20 metres","Daylight","Snowing no high winds","Snow","Bus and goods vehicle occupant"
"2642","20151321G1108",2015-01-16,2015,"Jan",16,"17:32",17,32,"Friday","Serious",1,"Serious","Pedestrian","Pedestrian","Male",68,"Unclassified","Single carriageway",30,NA,"Unknown or other","Unknown or other",431142,430087,"E01011472",1,"Not at junction or within 20 metres","Darkness - lights lit","Fine no high winds","Wet or damp","Pedestrian"
"2643","20151321H0565",2015-01-17,2015,"Jan",17,"09:30",9,30,"Saturday","Slight",1,"Slight","Car occupant","Driver or rider","Male",49,"Unclassified","Single carriageway",30,NA,"Not a Pedestrian","Not a Pedestrian",434602,436699,"E01011658",2,"Not at junction or within 20 metres","Daylight","Fine no high winds","Dry","Car occupant"
"2644","20151321H0638",2015-01-17,2015,"Jan",17,"13:15",13,15,"Saturday","Slight",2,"Slight","Car occupant","Driver or rider","Male",33,"A","Dual carriageway",40,NA,"Not a Pedestrian","Not a Pedestrian",434254,434318,"E01011346",2,"Not at junction or within 20 metres","Daylight","Fine no high winds","Wet or damp","Car occupant"
"2645","20151321H0638",2015-01-17,2015,"Jan",17,"13:15",13,15,"Saturday","Slight",2,"Slight","Car occupant","Passenger","Female",28,"A","Dual carriageway",40,NA,"Not a Pedestrian","Not a Pedestrian",434254,434318,"E01011346",2,"Not at junction or within 20 metres","Daylight","Fine no high winds","Wet or damp","Car occupant"
"2646","20151321I0756",2015-01-18,2015,"Jan",18,"14:21",14,21,"Sunday","Slight",2,"Slight","Car occupant","Driver or rider","Female",18,"Unclassified","Single carriageway",30,"Unclassified","Not a Pedestrian","Not a Pedestrian",427322,431991,"E01011734",2,"T or staggered junction","Daylight","Fine no high winds","Wet or damp","Car occupant"
"2647","20151321I0756",2015-01-18,2015,"Jan",18,"14:21",14,21,"Sunday","Slight",2,"Slight","Car occupant","Passenger","Male",8,"Unclassified","Single carriageway",30,"Unclassified","Not a Pedestrian","Not a Pedestrian",427322,431991,"E01011734",2,"T or staggered junction","Daylight","Fine no high winds","Wet or damp","Car occupant"
"2648","20151321I0242",2015-01-18,2015,"Jan",18,"16:45",16,45,"Sunday","Slight",1,"Slight","Motorcycle 125cc and under rider or passenger","Driver or rider","Male",17,"Unclassified","Single carriageway",30,NA,"Not a Pedestrian","Not a Pedestrian",427328,435078,"E01011478",2,"Not at junction or within 20 metres","Daylight","Fine no high winds","Dry","Motorcyclist and pillion"
"2649","20151321I1028",2015-01-18,2015,"Jan",18,"17:49",17,49,"Sunday","Slight",1,"Slight","Bus or coach occupant (17 or more pass seats)","Passenger","Female",73,"Unclassified","Single carriageway",30,NA,"Not a Pedestrian","Not a Pedestrian",423369,433968,"E01011609",1,"Not at junction or within 20 metres","Darkness - lights lit","Raining no high winds","Wet or damp","Bus and goods vehicle occupant"
"2650","20151321J0605",2015-01-19,2015,"Jan",19,"13:25",13,25,"Monday","Serious",1,"Serious","Motorcycle over 125cc and up to 500cc rider or  passenger","Driver or rider","Male",18,"Unclassified","Single carriageway",30,"Unclassified","Not a Pedestrian","Not a Pedestrian",434543,436492,"E01011658",2,"T or staggered junction","Daylight","Fine no high winds","Frost or ice","Motorcyclist and pillion"
"2651","20151321K0325",2015-01-19,2015,"Jan",19,"17:30",17,30,"Monday","Serious",1,"Serious","Pedestrian","Pedestrian","Female",24,"Unclassified","Single carriageway",30,NA,"Crossing on pedestrian crossing facility","Crossing from driver's offside",431729,434575,"E01011677",1,"Not at junction or within 20 metres","Darkness - lights lit","Fine no high winds","Dry","Pedestrian"
"2652","20151321K0332",2015-01-19,2015,"Jan",19,"18:45",18,45,"Monday","Slight",1,"Slight","Car occupant","Driver or rider","Female",41,"B","Single carriageway",30,"Unclassified","Not a Pedestrian","Not a Pedestrian",424460,433646,"E01011608",2,"Crossroads","Darkness - lights lit","Raining no high winds","Wet or damp","Car occupant"
"2653","20151321K0209",2015-01-20,2015,"Jan",20,"08:00",8,0,"Tuesday","Slight",1,"Slight","Cyclist","Driver or rider","Male",36,"A","Single carriageway",40,NA,"Not a Pedestrian","Not a Pedestrian",432549,427863,"E01011496",2,"Not at junction or within 20 metres","Daylight","Fine no high winds","Wet or damp","Cyclist"
"2654","20151321J0614",2015-01-20,2015,"Jan",20,"08:30",8,30,"Tuesday","Slight",1,"Slight","Car occupant","Driver or rider","Female",50,"Unclassified","Dual carriageway",40,NA,"Not a Pedestrian","Not a Pedestrian",430517,435180,"E01011361",2,"Not at junction or within 20 metres","Daylight","Fine no high winds","Dry","Car occupant"
"2655","20151321K0584",2015-01-20,2015,"Jan",20,"16:00",16,0,"Tuesday","Slight",1,"Slight","Cyclist","Driver or rider","Male",36,"A","Roundabout",30,"A","Not a Pedestrian","Not a Pedestrian",423036,437648,"E01011452",2,"Roundabout","Darkness - lights lit","Fine no high winds","Frost or ice","Cyclist"
"2656","20151321K0903",2015-01-20,2015,"Jan",20,"16:10",16,10,"Tuesday","Slight",1,"Slight","Pedestrian","Pedestrian","Male",12,"Unclassified","Single carriageway",30,"Unclassified","Crossing elsewhere within 50m. of pedestrian crossing","Crossing from offside - masked by  parked or stationary vehicle",429432,437313,"E01011688",1,"Crossroads","Darkness - lights lit","Fine no high winds","Wet or damp","Pedestrian"
"2657","20151321K0978",2015-01-20,2015,"Jan",20,"16:45",16,45,"Tuesday","Slight",1,"Slight","Car occupant","Driver or rider","Female",21,"Unclassified","Single carriageway",60,NA,"Not a Pedestrian","Not a Pedestrian",437531,431994,"E01011411",1,"Not at junction or within 20 metres","Darkness - no lighting","Fine no high winds","Wet or damp","Car occupant"
"2658","20151321K1112",2015-01-20,2015,"Jan",20,"17:55",17,55,"Tuesday","Slight",2,"Slight","Car occupant","Driver or rider","Male",64,"Unclassified","Single carriageway",30,"Unclassified","Not a Pedestrian","Not a Pedestrian",431496,433971,"E01033031",2,"T or staggered junction","Darkness - lights lit","Fine no high winds","Wet or damp","Car occupant"
"2659","20151321K1112",2015-01-20,2015,"Jan",20,"17:55",17,55,"Tuesday","Slight",2,"Slight","Car occupant","Driver or rider","Male",42,"Unclassified","Single carriageway",30,"Unclassified","Not a Pedestrian","Not a Pedestrian",431496,433971,"E01033031",2,"T or staggered junction","Darkness - lights lit","Fine no high winds","Wet or damp","Car occupant"
"2660","20151321K1129",2015-01-20,2015,"Jan",20,"18:04",18,4,"Tuesday","Slight",1,"Slight","Car occupant","Passenger","Female",41,"B","Single carriageway",30,NA,"Not a Pedestrian","Not a Pedestrian",440390,433068,"E01011396",2,"Not at junction or within 20 metres","Darkness - lights lit","Fine no high winds","Dry","Car occupant"
"2661","20151321L0199",2015-01-21,2015,"Jan",21,"08:07",8,7,"Wednesday","Slight",1,"Slight","Car occupant","Driver or rider","Male",50,"A","Dual carriageway",40,"Unclassified","Not a Pedestrian","Not a Pedestrian",433502,429763,"E01011639",2,"Roundabout","Daylight","Fine no high winds","Wet or damp","Car occupant"
"2662","20151321L0205",2015-01-21,2015,"Jan",21,"08:15",8,15,"Wednesday","Slight",1,"Slight","Car occupant","Driver or rider","Female",28,"A(M)","Dual carriageway",70,NA,"Not a Pedestrian","Not a Pedestrian",443586,435736,"E01011297",1,"Not at junction or within 20 metres","Daylight","Snowing no high winds","Snow","Car occupant"
"2663","20151321M0295",2015-01-21,2015,"Jan",21,"08:30",8,30,"Wednesday","Slight",2,"Slight","Pedestrian","Pedestrian","Female",36,"Unclassified","Single carriageway",30,NA,"On footway or verge","Walking along in carriageway, back to traffic",427437,439298,"E01011386",1,"Not at junction or within 20 metres","Daylight","Fine no high winds","Frost or ice","Pedestrian"
"2664","20151321M0295",2015-01-21,2015,"Jan",21,"08:30",8,30,"Wednesday","Slight",2,"Slight","Pedestrian","Pedestrian","Female",8,"Unclassified","Single carriageway",30,NA,"On footway or verge","Walking along in carriageway, back to traffic",427437,439298,"E01011386",1,"Not at junction or within 20 metres","Daylight","Fine no high winds","Frost or ice","Pedestrian"
"2665","20151321L1572",2015-01-21,2015,"Jan",21,"20:05",20,5,"Wednesday","Serious",1,"Serious","Pedestrian","Pedestrian","Male",45,"A","Single carriageway",30,"Unclassified","In carriageway, crossing elsewhere","Crossing from driver's nearside",430033,431012,"E01011312",1,"T or staggered junction","Darkness - lights lit","Fine no high winds","Wet or damp","Pedestrian"
"2666","20151321M1029",2015-01-22,2015,"Jan",22,"14:10",14,10,"Thursday","Slight",1,"Slight","Bus or coach occupant (17 or more pass seats)","Passenger","Female",30,"Unclassified","Single carriageway",30,NA,"Not a Pedestrian","Not a Pedestrian",430429,433884,"E01033010",2,"Not at junction or within 20 metres","Daylight","Fine no high winds","Dry","Bus and goods vehicle occupant"
"2667","20151321N0096",2015-01-23,2015,"Jan",23,"02:54",2,54,"Friday","Slight",2,"Slight","Car occupant","Driver or rider","Male",32,"Motorway","Dual carriageway",70,NA,"Not a Pedestrian","Not a Pedestrian",430489,424250,"E01011537",2,"Not at junction or within 20 metres","Darkness - no lighting","Fine no high winds","Wet or damp","Car occupant"
"2668","20151321N0096",2015-01-23,2015,"Jan",23,"02:54",2,54,"Friday","Slight",2,"Slight","Other vehicle occupant","Driver or rider","Male",28,"Motorway","Dual carriageway",70,NA,"Not a Pedestrian","Not a Pedestrian",430489,424250,"E01011537",2,"Not at junction or within 20 metres","Darkness - no lighting","Fine no high winds","Wet or damp","Others"
"2669","20151321N0194",2015-01-23,2015,"Jan",23,"07:29",7,29,"Friday","Serious",2,"Serious","Car occupant","Driver or rider","Male",52,"Unclassified","Single carriageway",30,NA,"Not a Pedestrian","Not a Pedestrian",430098,435394,"E01011671",2,"Not at junction or within 20 metres","Daylight","Fine no high winds","Dry","Car occupant"
"2670","20151321N0194",2015-01-23,2015,"Jan",23,"07:29",7,29,"Friday","Serious",2,"Slight","Car occupant","Driver or rider","Male",68,"Unclassified","Single carriageway",30,NA,"Not a Pedestrian","Not a Pedestrian",430098,435394,"E01011671",2,"Not at junction or within 20 metres","Daylight","Fine no high winds","Dry","Car occupant"
"2671","20151321N0922",2015-01-23,2015,"Jan",23,"15:30",15,30,"Friday","Slight",1,"Slight","Cyclist","Driver or rider","Female",22,"Unclassified","Single carriageway",30,"Unclassified","Not a Pedestrian","Not a Pedestrian",431083,434212,"E01033031",2,"Crossroads","Daylight","Fine no high winds","Dry","Cyclist"
"2672","20151321P1235",2015-01-23,2015,"Jan",23,"15:30",15,30,"Friday","Serious",1,"Serious","Pedestrian","Pedestrian","Female",37,"Unclassified","Single carriageway",30,NA,"In carriageway, crossing elsewhere","Unknown or other",429470,435412,"E01011669",1,"Not at junction or within 20 metres","Daylight","Fine no high winds","Dry","Pedestrian"
"2673","20151321M1525",2015-01-23,2015,"Jan",23,"20:44",20,44,"Friday","Slight",1,"Slight","Car occupant","Driver or rider","Female",20,"A","Single carriageway",30,"Unclassified","Not a Pedestrian","Not a Pedestrian",434410,434387,"E01011346",2,"Crossroads","Darkness - lights lit","Fine no high winds","Dry","Car occupant"
"2674","20151321R0747",2015-01-23,2015,"Jan",23,"23:50",23,50,"Friday","Slight",1,"Slight","Pedestrian","Pedestrian","Female",22,"Unclassified","One way street",30,NA,"On footway or verge","Unknown or other",429953,433341,"E01033016",1,"Not at junction or within 20 metres","Darkness - lights lit","Fine no high winds","Dry","Pedestrian"
"2675","20151321O1665",2015-01-24,2015,"Jan",24,"00:15",0,15,"Saturday","Slight",1,"Slight","Pedestrian","Pedestrian","Male",32,"Unclassified","Single carriageway",30,NA,"In carriageway, crossing elsewhere","Crossing from driver's nearside",430113,433381,"E01033010",1,"Not at junction or within 20 metres","Darkness - lights lit","Fine no high winds","Wet or damp","Pedestrian"
"2676","20151321N0302",2015-01-24,2015,"Jan",24,"09:00",9,0,"Saturday","Serious",1,"Serious","Car occupant","Driver or rider","Female",22,"A","Single carriageway",30,"Unclassified","Not a Pedestrian","Not a Pedestrian",425190,427268,"E01011530",2,"T or staggered junction","Daylight","Fine no high winds","Dry","Car occupant"
"2677","20151321O0494",2015-01-24,2015,"Jan",24,"10:18",10,18,"Saturday","Serious",1,"Serious","Pedestrian","Pedestrian","Female",79,"Unclassified","One way street",30,NA,"In carriageway, crossing elsewhere","Unknown or other",426296,427802,"E01011541",1,"Not at junction or within 20 metres","Daylight","Fine no high winds","Wet or damp","Pedestrian"
"2678","20151321O0590",2015-01-24,2015,"Jan",24,"11:30",11,30,"Saturday","Slight",1,"Slight","Pedestrian","Pedestrian","Female",82,"A","Single carriageway",40,"Unclassified","In carriageway, crossing elsewhere","Crossing from driver's nearside",434769,434613,"E01011343",1,"Private drive or entrance","Daylight","Fine no high winds","Dry","Pedestrian"
"2679","20151321O0635",2015-01-24,2015,"Jan",24,"12:04",12,4,"Saturday","Slight",1,"Slight","Bus or coach occupant (17 or more pass seats)","Passenger","Female",70,"A","Dual carriageway",40,"Unclassified","Not a Pedestrian","Not a Pedestrian",433464,434043,"E01011346",2,"T or staggered junction","Daylight","Fine no high winds","Dry","Bus and goods vehicle occupant"
"2680","20151321O0668",2015-01-24,2015,"Jan",24,"12:30",12,30,"Saturday","Slight",2,"Slight","Car occupant","Passenger","Female",38,"Unclassified","Single carriageway",30,"Unclassified","Not a Pedestrian","Not a Pedestrian",432440,438770,"E01011653",2,"Private drive or entrance","Daylight","Fine no high winds","Dry","Car occupant"
"2681","20151321O0668",2015-01-24,2015,"Jan",24,"12:30",12,30,"Saturday","Slight",2,"Slight","Car occupant","Driver or rider","Male",36,"Unclassified","Single carriageway",30,"Unclassified","Not a Pedestrian","Not a Pedestrian",432440,438770,"E01011653",2,"Private drive or entrance","Daylight","Fine no high winds","Dry","Car occupant"
"2682","20151321O0726",2015-01-24,2015,"Jan",24,"13:20",13,20,"Saturday","Slight",2,"Slight","Car occupant","Driver or rider","Male",20,"A","Dual carriageway",40,NA,"Not a Pedestrian","Not a Pedestrian",426724,433859,"E01032499",2,"Not at junction or within 20 metres","Daylight","Fine no high winds","Dry","Car occupant"
"2683","20151321O0726",2015-01-24,2015,"Jan",24,"13:20",13,20,"Saturday","Slight",2,"Slight","Car occupant","Passenger","Female",20,"A","Dual carriageway",40,NA,"Not a Pedestrian","Not a Pedestrian",426724,433859,"E01032499",2,"Not at junction or within 20 metres","Daylight","Fine no high winds","Dry","Car occupant"
"2684","20151321O1487",2015-01-24,2015,"Jan",24,"21:15",21,15,"Saturday","Slight",2,"Slight","Car occupant","Passenger","Male",18,"Unclassified","Single carriageway",30,"Unclassified","Not a Pedestrian","Not a Pedestrian",428096,434518,"E01011481",2,"Crossroads","Darkness - lights lit","Fine no high winds","Dry","Car occupant"
"2685","20151321O1487",2015-01-24,2015,"Jan",24,"21:15",21,15,"Saturday","Slight",2,"Slight","Car occupant","Passenger","Female",18,"Unclassified","Single carriageway",30,"Unclassified","Not a Pedestrian","Not a Pedestrian",428096,434518,"E01011481",2,"Crossroads","Darkness - lights lit","Fine no high winds","Dry","Car occupant"
"2686","20151321O1689",2015-01-24,2015,"Jan",24,"23:15",23,15,"Saturday","Slight",1,"Slight","Car occupant","Driver or rider","Female",57,"Unclassified","Dual carriageway",40,"A","Not a Pedestrian","Not a Pedestrian",428561,433228,"E01011363",2,"Roundabout","Darkness - lights lit","Fine no high winds","Dry","Car occupant"
"2687","20151321P0582",2015-01-25,2015,"Jan",25,"11:45",11,45,"Sunday","Slight",3,"Slight","Car occupant","Driver or rider","Female",55,"A","Single carriageway",60,"A","Not a Pedestrian","Not a Pedestrian",442985,431666,"E01011299",2,"Roundabout","Daylight","Fine no high winds","Dry","Car occupant"
"2688","20151321P0582",2015-01-25,2015,"Jan",25,"11:45",11,45,"Sunday","Slight",3,"Slight","Car occupant","Passenger","Male",30,"A","Single carriageway",60,"A","Not a Pedestrian","Not a Pedestrian",442985,431666,"E01011299",2,"Roundabout","Daylight","Fine no high winds","Dry","Car occupant"
"2689","20151321P0582",2015-01-25,2015,"Jan",25,"11:45",11,45,"Sunday","Slight",3,"Slight","Car occupant","Driver or rider","Male",65,"A","Single carriageway",60,"A","Not a Pedestrian","Not a Pedestrian",442985,431666,"E01011299",2,"Roundabout","Daylight","Fine no high winds","Dry","Car occupant"
"2690","20151321Q0276",2015-01-26,2015,"Jan",26,"08:20",8,20,"Monday","Slight",1,"Slight","Car occupant","Driver or rider","Male",53,"A","Single carriageway",60,"B","Not a Pedestrian","Not a Pedestrian",421555,435968,"E01011593",2,"T or staggered junction","Daylight","Fine no high winds","Wet or damp","Car occupant"
"2691","20151321R0405",2015-01-26,2015,"Jan",26,"12:05",12,5,"Monday","Slight",3,"Slight","Car occupant","Driver or rider","Female",59,"Unclassified","Single carriageway",30,"Unclassified","Not a Pedestrian","Not a Pedestrian",429188,431919,"E01011368",2,"T or staggered junction","Daylight","Fine no high winds","Wet or damp","Car occupant"
"2692","20151321R0405",2015-01-26,2015,"Jan",26,"12:05",12,5,"Monday","Slight",3,"Slight","Car occupant","Passenger","Female",37,"Unclassified","Single carriageway",30,"Unclassified","Not a Pedestrian","Not a Pedestrian",429188,431919,"E01011368",2,"T or staggered junction","Daylight","Fine no high winds","Wet or damp","Car occupant"
"2693","20151321R0405",2015-01-26,2015,"Jan",26,"12:05",12,5,"Monday","Slight",3,"Slight","Car occupant","Passenger","Female",17,"Unclassified","Single carriageway",30,"Unclassified","Not a Pedestrian","Not a Pedestrian",429188,431919,"E01011368",2,"T or staggered junction","Daylight","Fine no high winds","Wet or damp","Car occupant"
"2694","20151321Q1239",2015-01-26,2015,"Jan",26,"17:54",17,54,"Monday","Slight",2,"Slight","Car occupant","Driver or rider","Female",29,"Unclassified","Single carriageway",30,NA,"Not a Pedestrian","Not a Pedestrian",425863,428018,"E01011530",4,"Not at junction or within 20 metres","Darkness - lights lit","Fine no high winds","Dry","Car occupant"
"2695","20151321Q1239",2015-01-26,2015,"Jan",26,"17:54",17,54,"Monday","Slight",2,"Slight","Car occupant","Driver or rider","Female",49,"Unclassified","Single carriageway",30,NA,"Not a Pedestrian","Not a Pedestrian",425863,428018,"E01011530",4,"Not at junction or within 20 metres","Darkness - lights lit","Fine no high winds","Dry","Car occupant"
"2696","20151321R0204",2015-01-27,2015,"Jan",27,"08:29",8,29,"Tuesday","Slight",1,"Slight","Cyclist","Driver or rider","Male",28,"A","Dual carriageway",30,NA,"Not a Pedestrian","Not a Pedestrian",427721,434467,"E01011483",2,"Not at junction or within 20 metres","Daylight","Fine no high winds","Wet or damp","Cyclist"
"2697","20151321R0538",2015-01-27,2015,"Jan",27,"11:48",11,48,"Tuesday","Slight",2,"Slight","Car occupant","Driver or rider","Female",28,"Unclassified","Single carriageway",30,"Unclassified","Not a Pedestrian","Not a Pedestrian",424083,435506,"E01011323",3,"T or staggered junction","Daylight","Raining no high winds","Wet or damp","Car occupant"
"2698","20151321R0538",2015-01-27,2015,"Jan",27,"11:48",11,48,"Tuesday","Slight",2,"Slight","Car occupant","Passenger","Female",2,"Unclassified","Single carriageway",30,"Unclassified","Not a Pedestrian","Not a Pedestrian",424083,435506,"E01011323",3,"T or staggered junction","Daylight","Raining no high winds","Wet or damp","Car occupant"
"2699","20151321R0702",2015-01-27,2015,"Jan",27,"13:17",13,17,"Tuesday","Slight",1,"Slight","Car occupant","Passenger","Female",33,"Unclassified","Slip road",40,"A(M)","Not a Pedestrian","Not a Pedestrian",430064,434407,"E01033010",2,"Slip road","Daylight","Fine no high winds","Wet or damp","Car occupant"
"2700","20151321R0973",2015-01-27,2015,"Jan",27,"15:40",15,40,"Tuesday","Serious",1,"Serious","Motorcycle over 500cc rider or passenger","Driver or rider","Male",44,"Unclassified","Single carriageway",30,"Unclassified","Not a Pedestrian","Not a Pedestrian",434925,435580,"E01011663",2,"T or staggered junction","Daylight","Fine no high winds","Dry","Motorcyclist and pillion"
"2701","20151321R1099",2015-01-27,2015,"Jan",27,"16:40",16,40,"Tuesday","Slight",1,"Slight","Cyclist","Driver or rider","Male",35,"A","Dual carriageway",40,"Unclassified","Not a Pedestrian","Not a Pedestrian",430367,438562,"E01011514",2,"Crossroads","Daylight","Fine no high winds","Dry","Cyclist"
"2702","20151321Q1286",2015-01-27,2015,"Jan",27,"16:50",16,50,"Tuesday","Serious",1,"Serious","Bus or coach occupant (17 or more pass seats)","Passenger","Female",82,"Unclassified","Dual carriageway",30,"Unclassified","Not a Pedestrian","Not a Pedestrian",429282,433483,"E01033015",1,"Crossroads","Darkness - lights lit","Fine no high winds","Dry","Bus and goods vehicle occupant"
"2703","20151321S0284",2015-01-28,2015,"Jan",28,"09:00",9,0,"Wednesday","Serious",1,"Serious","Motorcycle over 500cc rider or passenger","Driver or rider","Male",51,"Unclassified","Single carriageway",30,"Unclassified","Not a Pedestrian","Not a Pedestrian",427263,435169,"E01011478",2,"T or staggered junction","Daylight","Raining no high winds","Wet or damp","Motorcyclist and pillion"
"2704","20151321S0562",2015-01-28,2015,"Jan",28,"12:19",12,19,"Wednesday","Slight",1,"Slight","Pedestrian","Pedestrian","Male",60,"Unclassified","Single carriageway",30,NA,"On footway or verge","Unknown or other",429568,431581,"E01011364",1,"Not at junction or within 20 metres","Daylight","Raining + high winds","Wet or damp","Pedestrian"
"2705","20151321S0621",2015-01-28,2015,"Jan",28,"12:50",12,50,"Wednesday","Slight",1,"Slight","Pedestrian","Pedestrian","Female",23,"A","Dual carriageway",30,NA,"In carriageway, crossing elsewhere","Crossing from driver's nearside",429257,435103,"E01033005",2,"Not at junction or within 20 metres","Daylight","Raining + high winds","Wet or damp","Pedestrian"
"2706","20151321S1079",2015-01-28,2015,"Jan",28,"16:38",16,38,"Wednesday","Slight",2,"Slight","Car occupant","Passenger","Male",13,"Unclassified","Single carriageway",30,"Unclassified","Not a Pedestrian","Not a Pedestrian",425664,435073,"E01011281",2,"T or staggered junction","Darkness - lights lit","Snowing + high winds","Wet or damp","Car occupant"
"2707","20151321S1079",2015-01-28,2015,"Jan",28,"16:38",16,38,"Wednesday","Slight",2,"Slight","Car occupant","Driver or rider","Female",45,"Unclassified","Single carriageway",30,"Unclassified","Not a Pedestrian","Not a Pedestrian",425664,435073,"E01011281",2,"T or staggered junction","Darkness - lights lit","Snowing + high winds","Wet or damp","Car occupant"
"2708","20151321S1315",2015-01-28,2015,"Jan",28,"18:33",18,33,"Wednesday","Slight",3,"Slight","Pedestrian","Pedestrian","Male",52,"Unclassified","Single carriageway",30,"Unclassified","Crossing elsewhere within 50m. of pedestrian crossing","Crossing from driver's offside",431198,431471,"E01011467",1,"T or staggered junction","Darkness - lights lit","Snowing + high winds","Snow","Pedestrian"
"2709","20151321S1315",2015-01-28,2015,"Jan",28,"18:33",18,33,"Wednesday","Slight",3,"Slight","Pedestrian","Pedestrian","Male",28,"Unclassified","Single carriageway",30,"Unclassified","Crossing elsewhere within 50m. of pedestrian crossing","Crossing from driver's offside",431198,431471,"E01011467",1,"T or staggered junction","Darkness - lights lit","Snowing + high winds","Snow","Pedestrian"
"2710","20151321S1315",2015-01-28,2015,"Jan",28,"18:33",18,33,"Wednesday","Slight",3,"Slight","Car occupant","Driver or rider","Male",70,"Unclassified","Single carriageway",30,"Unclassified","Not a Pedestrian","Not a Pedestrian",431198,431471,"E01011467",1,"T or staggered junction","Darkness - lights lit","Snowing + high winds","Snow","Car occupant"
"2711","20151321S1721",2015-01-28,2015,"Jan",28,"23:00",23,0,"Wednesday","Slight",1,"Slight","Car occupant","Driver or rider","Female",22,"Motorway","Slip road",50,"A","Not a Pedestrian","Not a Pedestrian",431830,430451,"E01011469",1,"Slip road","Darkness - lights lit","Fine no high winds","Wet or damp","Car occupant"
"2712","20151321S1733",2015-01-28,2015,"Jan",28,"23:20",23,20,"Wednesday","Slight",1,"Slight","Car occupant","Passenger","Male",22,"Unclassified","Single carriageway",30,"Unclassified","Not a Pedestrian","Not a Pedestrian",432355,439006,"E01011650",2,"Crossroads","Darkness - lights lit","Snowing + high winds","Wet or damp","Car occupant"
"2713","20151321T0198",2015-01-29,2015,"Jan",29,"07:48",7,48,"Thursday","Slight",1,"Slight","Car occupant","Driver or rider","Female",33,"Unclassified","Single carriageway",30,"Unclassified","Not a Pedestrian","Not a Pedestrian",429972,435408,"E01011670",3,"T or staggered junction","Daylight","Fine no high winds","Snow","Car occupant"
"2714","20151321T0327",2015-01-29,2015,"Jan",29,"09:15",9,15,"Thursday","Slight",1,"Slight","Car occupant","Driver or rider","Female",53,"Unclassified","Single carriageway",60,NA,"Not a Pedestrian","Not a Pedestrian",440153,436591,"E01011296",1,"Not at junction or within 20 metres","Daylight","Fine no high winds","Snow","Car occupant"
"2715","20151321T0379",2015-01-29,2015,"Jan",29,"09:36",9,36,"Thursday","Slight",1,"Slight","Car occupant","Driver or rider","Female",20,"Motorway","Dual carriageway",70,NA,"Not a Pedestrian","Not a Pedestrian",439562,434121,"E01011296",1,"Not at junction or within 20 metres","Daylight","Snowing no high winds","Wet or damp","Car occupant"
"2716","20151321T0436",2015-01-29,2015,"Jan",29,"10:35",10,35,"Thursday","Serious",3,"Slight","Car occupant","Driver or rider","Male",41,"A(M)","Dual carriageway",70,NA,"Not a Pedestrian","Not a Pedestrian",441952,443793,"E01011710",2,"Not at junction or within 20 metres","Daylight","Fine no high winds","Wet or damp","Car occupant"
"2717","20151321T0436",2015-01-29,2015,"Jan",29,"10:35",10,35,"Thursday","Serious",3,"Serious","Car occupant","Passenger","Male",43,"A(M)","Dual carriageway",70,NA,"Not a Pedestrian","Not a Pedestrian",441952,443793,"E01011710",2,"Not at junction or within 20 metres","Daylight","Fine no high winds","Wet or damp","Car occupant"
"2718","20151321T0436",2015-01-29,2015,"Jan",29,"10:35",10,35,"Thursday","Serious",3,"Slight","Car occupant","Driver or rider","Male",56,"A(M)","Dual carriageway",70,NA,"Not a Pedestrian","Not a Pedestrian",441952,443793,"E01011710",2,"Not at junction or within 20 metres","Daylight","Fine no high winds","Wet or damp","Car occupant"
"2719","20151321T0922",2015-01-29,2015,"Jan",29,"15:23",15,23,"Thursday","Slight",1,"Slight","Pedestrian","Pedestrian","Female",38,"Unclassified","Single carriageway",30,"Unclassified","In carriageway, crossing elsewhere","Unknown or other",435025,435960,"E01011664",1,"Private drive or entrance","Daylight","Snowing no high winds","Snow","Pedestrian"
"2720","20151321T0573",2015-01-30,2015,"Jan",30,"12:03",12,3,"Friday","Slight",1,"Slight","Car occupant","Driver or rider","Female",22,"A","Dual carriageway",40,"A","Not a Pedestrian","Not a Pedestrian",428118,426285,"E01011550",2,"Roundabout","Daylight","Fine no high winds","Wet or damp","Car occupant"
"2721","20151321U0557",2015-01-30,2015,"Jan",30,"12:30",12,30,"Friday","Slight",1,"Slight","Goods vehicle (7.5 tonnes mgw and over) occupant","Driver or rider","Male",41,"A","Single carriageway",50,"Unclassified","Not a Pedestrian","Not a Pedestrian",432990,439177,"E01011650",2,"Crossroads","Daylight","Fine no high winds","Wet or damp","Bus and goods vehicle occupant"