"","accident_index","date","year","month","day","time","time_hour","time_minute","day_of_week","accident_severity","number_of_casualties","casualty_severity","casualty_type","casualty_class","sex_of_casualty","age_of_casualty","first_road_class","road_type","speed_limit","second_road_class","pedestrian_location","pedestrian_movement","location_easting_osgr","location_northing_osgr","lsoa_of_accident_location","number_of_vehicles","junction_detail","light_conditions","weather_conditions","road_surface_conditions","cas_type"
"2722","20151321U0906",2015-01-30,2015,"Jan",30,"15:30",15,30,"Friday","Serious",2,"Serious","Pedestrian","Pedestrian","Female",38,"Unclassified","Single carriageway",30,NA,"In carriageway, crossing elsewhere","Crossing from nearside - masked by parked or stationary vehicle",438491,430216,"E01011390",1,"Not at junction or within 20 metres","Daylight","Fine no high winds","Frost or ice","Pedestrian"
"2723","20151321U0906",2015-01-30,2015,"Jan",30,"15:30",15,30,"Friday","Serious",2,"Slight","Pedestrian","Pedestrian","Male",8,"Unclassified","Single carriageway",30,NA,"In carriageway, crossing elsewhere","Crossing from nearside - masked by parked or stationary vehicle",438491,430216,"E01011390",1,"Not at junction or within 20 metres","Daylight","Fine no high winds","Frost or ice","Pedestrian"
"2724","20151321U0856",2015-01-30,2015,"Jan",30,"15:39",15,39,"Friday","Slight",2,"Slight","Car occupant","Driver or rider","Male",51,"B","Single carriageway",30,"Unclassified","Not a Pedestrian","Not a Pedestrian",426351,433095,"E01011729",2,"T or staggered junction","Daylight","Fine no high winds","Wet or damp","Car occupant"
"2725","20151321U0856",2015-01-30,2015,"Jan",30,"15:39",15,39,"Friday","Slight",2,"Slight","Car occupant","Driver or rider","Male",49,"B","Single carriageway",30,"Unclassified","Not a Pedestrian","Not a Pedestrian",426351,433095,"E01011729",2,"T or staggered junction","Daylight","Fine no high winds","Wet or damp","Car occupant"
"2726","20151321U1084",2015-01-30,2015,"Jan",30,"17:50",17,50,"Friday","Slight",1,"Slight","Car occupant","Driver or rider","Male",18,"A","Dual carriageway",40,NA,"Not a Pedestrian","Not a Pedestrian",432259,435797,"E01011647",1,"Not at junction or within 20 metres","Darkness - lights lit","Fine no high winds","Frost or ice","Car occupant"
"2727","20151321V0807",2015-01-30,2015,"Jan",30,"19:45",19,45,"Friday","Slight",1,"Slight","Bus or coach occupant (17 or more pass seats)","Passenger","Female",23,"Unclassified","Single carriageway",30,NA,"Not a Pedestrian","Not a Pedestrian",426131,439129,"E01011695",1,"Not at junction or within 20 metres","Darkness - lights lit","Fine no high winds","Dry","Bus and goods vehicle occupant"
"2728","20151321U1696",2015-01-30,2015,"Jan",30,"23:30",23,30,"Friday","Slight",2,"Slight","Taxi/Private hire car occupant","Passenger","Male",49,"A","Roundabout",40,"A","Not a Pedestrian","Not a Pedestrian",428589,432991,"E01011363",2,"Roundabout","Darkness - lights lit","Fine no high winds","Wet or damp","Car occupant"
"2729","20151321U1696",2015-01-30,2015,"Jan",30,"23:30",23,30,"Friday","Slight",2,"Slight","Taxi/Private hire car occupant","Passenger","Female",47,"A","Roundabout",40,"A","Not a Pedestrian","Not a Pedestrian",428589,432991,"E01011363",2,"Roundabout","Darkness - lights lit","Fine no high winds","Wet or damp","Car occupant"
"2730","20151321V0431",2015-01-31,2015,"Jan",31,"08:57",8,57,"Saturday","Slight",2,"Slight","Car occupant","Driver or rider","Female",19,"A","Roundabout",40,"Motorway","Not a Pedestrian","Not a Pedestrian",430762,424534,"E01011537",2,"Roundabout","Daylight","Fine no high winds","Wet or damp","Car occupant"
"2731","20151321V0431",2015-01-31,2015,"Jan",31,"08:57",8,57,"Saturday","Slight",2,"Slight","Car occupant","Passenger","Male",28,"A","Roundabout",40,"Motorway","Not a Pedestrian","Not a Pedestrian",430762,424534,"E01011537",2,"Roundabout","Daylight","Fine no high winds","Wet or damp","Car occupant"
"2732","20151321V0945",2015-01-31,2015,"Jan",31,"13:28",13,28,"Saturday","Serious",1,"Serious","Bus or coach occupant (17 or more pass seats)","Passenger","Male",84,"Unclassified","Single carriageway",30,NA,"Not a Pedestrian","Not a Pedestrian",431170,431454,"E01011467",1,"Not at junction or within 20 metres","Daylight","Fine no high winds","Dry","Bus and goods vehicle occupant"
"2733","2015132240971",2015-01-31,2015,"Jan",31,"13:45",13,45,"Saturday","Serious",1,"Serious","Pedestrian","Pedestrian","Male",23,"Unclassified","Single carriageway",30,"Unclassified","In carriageway, crossing elsewhere","Crossing from driver's nearside",429780,433662,"E01033008",1,"T or staggered junction","Daylight","Fine no high winds","Dry","Pedestrian"
"2734","20151321V0932",2015-01-31,2015,"Jan",31,"15:32",15,32,"Saturday","Slight",1,"Slight","Car occupant","Passenger","Male",40,"Unclassified","Single carriageway",30,"Unclassified","Not a Pedestrian","Not a Pedestrian",432036,435077,"E01011434",2,"Crossroads","Daylight","Fine no high winds","Dry","Car occupant"
"2735","2015132210358",2015-02-01,2015,"Feb",1,"05:28",5,28,"Sunday","Slight",1,"Slight","Car occupant","Driver or rider","Male",30,"Unclassified","Single carriageway",60,NA,"Not a Pedestrian","Not a Pedestrian",422159,440602,"E01011580",1,"Not at junction or within 20 metres","Darkness - no lighting","Fine + high winds","Wet or damp","Car occupant"
"2736","2015132210619",2015-02-01,2015,"Feb",1,"11:25",11,25,"Sunday","Serious",1,"Serious","Motorcycle over 500cc rider or passenger","Driver or rider","Male",77,"Motorway","Dual carriageway",70,NA,"Not a Pedestrian","Not a Pedestrian",426971,426044,"E01011550",1,"Not at junction or within 20 metres","Daylight","Fine no high winds","Dry","Motorcyclist and pillion"
"2737","2015132210723",2015-02-01,2015,"Feb",1,"12:55",12,55,"Sunday","Slight",1,"Slight","Car occupant","Driver or rider","Male",80,"A","Single carriageway",30,"Unclassified","Not a Pedestrian","Not a Pedestrian",426309,435518,"E01011477",1,"T or staggered junction","Daylight","Fine no high winds","Dry","Car occupant"
"2738","2015132211277",2015-02-01,2015,"Feb",1,"18:50",18,50,"Sunday","Slight",1,"Slight","Pedestrian","Pedestrian","Male",54,"A","Single carriageway",30,NA,"Crossing elsewhere within 50m. of pedestrian crossing","Crossing from driver's nearside",430093,431373,"E01011371",1,"Not at junction or within 20 metres","Darkness - lights lit","Fine no high winds","Dry","Pedestrian"
"2739","2015132211294",2015-02-01,2015,"Feb",1,"19:00",19,0,"Sunday","Slight",1,"Slight","Pedestrian","Pedestrian","Female",18,"A","Single carriageway",30,"Unclassified","In carriageway, crossing elsewhere","Crossing from driver's offside",430091,431324,"E01011371",1,"T or staggered junction","Darkness - lights lit","Fine no high winds","Dry","Pedestrian"
"2740","2015132211177",2015-02-01,2015,"Feb",1,"21:50",21,50,"Sunday","Slight",1,"Slight","Car occupant","Driver or rider","Male",57,"Unclassified","Single carriageway",30,NA,"Not a Pedestrian","Not a Pedestrian",430236,433914,"E01033010",2,"Not at junction or within 20 metres","Daylight","Fine no high winds","Dry","Car occupant"
"2741","2015132220171",2015-02-02,2015,"Feb",2,"06:45",6,45,"Monday","Slight",1,"Slight","Car occupant","Driver or rider","Female",51,"A","Dual carriageway",40,NA,"Not a Pedestrian","Not a Pedestrian",429954,436671,"E01011350",2,"Not at junction or within 20 metres","Darkness - lights lit","Fine no high winds","Dry","Car occupant"
"2742","2015132220302",2015-02-02,2015,"Feb",2,"09:16",9,16,"Monday","Slight",1,"Slight","Cyclist","Driver or rider","Male",41,"A","Single carriageway",30,NA,"Not a Pedestrian","Not a Pedestrian",427857,436272,"E01011451",3,"Not at junction or within 20 metres","Daylight","Fine no high winds","Dry","Cyclist"
"2743","2015132220583",2015-02-02,2015,"Feb",2,"12:22",12,22,"Monday","Slight",1,"Slight","Car occupant","Driver or rider","Female",58,"A","Single carriageway",30,"Unclassified","Not a Pedestrian","Not a Pedestrian",431170,440727,"E01011562",2,"Crossroads","Daylight","Fine no high winds","Dry","Car occupant"
"2744","2015132220985",2015-02-02,2015,"Feb",2,"16:00",16,0,"Monday","Slight",1,"Slight","Car occupant","Passenger","Female",25,"Unclassified","Single carriageway",30,"Unclassified","Not a Pedestrian","Not a Pedestrian",429780,431031,"E01011312",2,"T or staggered junction","Daylight","Fine no high winds","Dry","Car occupant"
"2745","2015132221365",2015-02-02,2015,"Feb",2,"19:08",19,8,"Monday","Slight",2,"Slight","Car occupant","Driver or rider","Female",51,"Motorway","Dual carriageway",70,NA,"Not a Pedestrian","Not a Pedestrian",432129,428989,"E01011496",2,"Not at junction or within 20 metres","Darkness - lights lit","Fine no high winds","Wet or damp","Car occupant"
"2746","2015132221365",2015-02-02,2015,"Feb",2,"19:08",19,8,"Monday","Slight",2,"Slight","Car occupant","Passenger","Female",24,"Motorway","Dual carriageway",70,NA,"Not a Pedestrian","Not a Pedestrian",432129,428989,"E01011496",2,"Not at junction or within 20 metres","Darkness - lights lit","Fine no high winds","Wet or damp","Car occupant"
"2747","2015132221378",2015-02-02,2015,"Feb",2,"19:15",19,15,"Monday","Slight",3,"Slight","Car occupant","Driver or rider","Female",25,"A","Dual carriageway",70,NA,"Not a Pedestrian","Not a Pedestrian",420954,434387,"E01011595",3,"Not at junction or within 20 metres","Darkness - lights lit","Fine no high winds","Wet or damp","Car occupant"
"2748","2015132221378",2015-02-02,2015,"Feb",2,"19:15",19,15,"Monday","Slight",3,"Slight","Car occupant","Passenger","Female",23,"A","Dual carriageway",70,NA,"Not a Pedestrian","Not a Pedestrian",420954,434387,"E01011595",3,"Not at junction or within 20 metres","Darkness - lights lit","Fine no high winds","Wet or damp","Car occupant"
"2749","2015132221378",2015-02-02,2015,"Feb",2,"19:15",19,15,"Monday","Slight",3,"Slight","Car occupant","Driver or rider","Male",38,"A","Dual carriageway",70,NA,"Not a Pedestrian","Not a Pedestrian",420954,434387,"E01011595",3,"Not at junction or within 20 metres","Darkness - lights lit","Fine no high winds","Wet or damp","Car occupant"
"2750","2015132230178",2015-02-03,2015,"Feb",3,"08:06",8,6,"Tuesday","Slight",1,"Slight","Cyclist","Driver or rider","Male",24,"Unclassified","Single carriageway",30,"Unclassified","Not a Pedestrian","Not a Pedestrian",431396,434774,"E01033031",3,"T or staggered junction","Daylight","Fine no high winds","Dry","Cyclist"
"2751","2015132230222",2015-02-03,2015,"Feb",3,"08:52",8,52,"Tuesday","Slight",1,"Slight","Pedestrian","Pedestrian","Female",50,"Unclassified","Single carriageway",30,"Unclassified","In carriageway, crossing elsewhere","Crossing from driver's nearside",431886,435476,"E01011428",1,"T or staggered junction","Daylight","Fine no high winds","Dry","Pedestrian"
"2752","2015132230528",2015-02-03,2015,"Feb",3,"12:31",12,31,"Tuesday","Slight",1,"Slight","Motorcycle 50cc and under rider or passenger","Driver or rider","Male",20,"Unclassified","Single carriageway",30,"Unclassified","Not a Pedestrian","Not a Pedestrian",431547,431656,"E01011468",2,"T or staggered junction","Daylight","Fine no high winds","Dry","Motorcyclist and pillion"
"2753","2015132230686",2015-02-03,2015,"Feb",3,"14:02",14,2,"Tuesday","Serious",2,"Serious","Car occupant","Driver or rider","Female",29,"A","Dual carriageway",40,"A","Not a Pedestrian","Not a Pedestrian",430639,434702,"E01011671",2,"Crossroads","Daylight","Fine no high winds","Dry","Car occupant"
"2754","2015132230686",2015-02-03,2015,"Feb",3,"14:02",14,2,"Tuesday","Serious",2,"Slight","Car occupant","Passenger","Female",26,"A","Dual carriageway",40,"A","Not a Pedestrian","Not a Pedestrian",430639,434702,"E01011671",2,"Crossroads","Daylight","Fine no high winds","Dry","Car occupant"
"2755","2015132231452",2015-02-03,2015,"Feb",3,"20:45",20,45,"Tuesday","Slight",1,"Slight","Car occupant","Passenger","Female",21,"Unclassified","Single carriageway",30,"Unclassified","Not a Pedestrian","Not a Pedestrian",427416,435989,"E01032945",2,"Crossroads","Darkness - lights lit","Fine no high winds","Dry","Car occupant"
"2756","2015132231555",2015-02-03,2015,"Feb",3,"22:00",22,0,"Tuesday","Slight",1,"Slight","Motorcycle over 125cc and up to 500cc rider or  passenger","Driver or rider","Male",38,"A","Dual carriageway",40,NA,"Not a Pedestrian","Not a Pedestrian",436174,427827,"E01011635",1,"Not at junction or within 20 metres","Darkness - lights lit","Fine no high winds","Wet or damp","Motorcyclist and pillion"
"2757","2015132240201",2015-02-04,2015,"Feb",4,"08:11",8,11,"Wednesday","Slight",1,"Slight","Car occupant","Driver or rider","Female",40,"Unclassified","Single carriageway",30,"Unclassified","Not a Pedestrian","Not a Pedestrian",429134,432107,"E01011364",2,"T or staggered junction","Daylight","Fine no high winds","Dry","Car occupant"
"2758","2015132240349",2015-02-04,2015,"Feb",4,"10:05",10,5,"Wednesday","Slight",3,"Slight","Car occupant","Driver or rider","Male",57,"Unclassified","Single carriageway",30,"Unclassified","Not a Pedestrian","Not a Pedestrian",428511,432651,"E01011363",2,"T or staggered junction","Daylight","Fine no high winds","Dry","Car occupant"
"2759","2015132240349",2015-02-04,2015,"Feb",4,"10:05",10,5,"Wednesday","Slight",3,"Slight","Car occupant","Driver or rider","Female",41,"Unclassified","Single carriageway",30,"Unclassified","Not a Pedestrian","Not a Pedestrian",428511,432651,"E01011363",2,"T or staggered junction","Daylight","Fine no high winds","Dry","Car occupant"
"2760","2015132240349",2015-02-04,2015,"Feb",4,"10:05",10,5,"Wednesday","Slight",3,"Slight","Car occupant","Passenger","Female",14,"Unclassified","Single carriageway",30,"Unclassified","Not a Pedestrian","Not a Pedestrian",428511,432651,"E01011363",2,"T or staggered junction","Daylight","Fine no high winds","Dry","Car occupant"
"2761","2015132240453",2015-02-04,2015,"Feb",4,"11:45",11,45,"Wednesday","Slight",1,"Slight","Car occupant","Driver or rider","Female",46,"A","Roundabout",30,"Motorway","Not a Pedestrian","Not a Pedestrian",427602,431137,"E01011318",2,"Other junction","Daylight","Fine no high winds","Dry","Car occupant"
"2762","2015132240784",2015-02-04,2015,"Feb",4,"15:10",15,10,"Wednesday","Slight",1,"Slight","Pedestrian","Pedestrian","Male",6,"Unclassified","Single carriageway",20,NA,"In carriageway, crossing elsewhere","Crossing from driver's nearside",435813,433195,"E01011420",1,"Not at junction or within 20 metres","Daylight","Fine no high winds","Dry","Pedestrian"
"2763","2015132240975",2015-02-04,2015,"Feb",4,"17:00",17,0,"Wednesday","Slight",1,"Slight","Car occupant","Driver or rider","Female",46,"A","Dual carriageway",40,"Motorway","Not a Pedestrian","Not a Pedestrian",435870,426026,"E01011636",2,"Roundabout","Daylight","Fine no high winds","Dry","Car occupant"
"2764","2015132241035",2015-02-04,2015,"Feb",4,"17:25",17,25,"Wednesday","Slight",2,"Slight","Car occupant","Driver or rider","Female",59,"Unclassified","Single carriageway",30,"Unclassified","Not a Pedestrian","Not a Pedestrian",428861,433957,"E01011678",2,"T or staggered junction","Darkness - lights lit","Fine no high winds","Dry","Car occupant"
"2765","2015132241035",2015-02-04,2015,"Feb",4,"17:25",17,25,"Wednesday","Slight",2,"Slight","Car occupant","Passenger","Female",59,"Unclassified","Single carriageway",30,"Unclassified","Not a Pedestrian","Not a Pedestrian",428861,433957,"E01011678",2,"T or staggered junction","Darkness - lights lit","Fine no high winds","Dry","Car occupant"
"2766","2015132241082",2015-02-04,2015,"Feb",4,"17:45",17,45,"Wednesday","Slight",1,"Slight","Motorcycle over 500cc rider or passenger","Driver or rider","Male",22,"B","Single carriageway",30,"Unclassified","Not a Pedestrian","Not a Pedestrian",440582,448843,"E01011700",2,"T or staggered junction","Darkness - lights lit","Fine no high winds","Dry","Motorcyclist and pillion"
"2767","2015132241089",2015-02-04,2015,"Feb",4,"18:00",18,0,"Wednesday","Slight",1,"Slight","Pedestrian","Pedestrian","Female",53,"A","Single carriageway",30,"Unclassified","In carriageway, crossing elsewhere","Crossing from driver's nearside",424844,434660,"E01011336",1,"Private drive or entrance","Daylight","Fine no high winds","Dry","Pedestrian"
"2768","2015132241529",2015-02-04,2015,"Feb",4,"22:00",22,0,"Wednesday","Slight",3,"Slight","Car occupant","Driver or rider","Male",38,"A","Single carriageway",30,"Unclassified","Not a Pedestrian","Not a Pedestrian",432468,444999,"E01011561",2,"T or staggered junction","Darkness - lights lit","Fine no high winds","Dry","Car occupant"
"2769","2015132241529",2015-02-04,2015,"Feb",4,"22:00",22,0,"Wednesday","Slight",3,"Slight","Car occupant","Passenger","Female",31,"A","Single carriageway",30,"Unclassified","Not a Pedestrian","Not a Pedestrian",432468,444999,"E01011561",2,"T or staggered junction","Darkness - lights lit","Fine no high winds","Dry","Car occupant"
"2770","2015132241529",2015-02-04,2015,"Feb",4,"22:00",22,0,"Wednesday","Slight",3,"Slight","Car occupant","Driver or rider","Male",27,"A","Single carriageway",30,"Unclassified","Not a Pedestrian","Not a Pedestrian",432468,444999,"E01011561",2,"T or staggered junction","Darkness - lights lit","Fine no high winds","Dry","Car occupant"
"2771","2015132250183",2015-02-05,2015,"Feb",5,"07:00",7,0,"Thursday","Slight",1,"Slight","Cyclist","Driver or rider","Male",15,"B","Single carriageway",30,"Unclassified","Not a Pedestrian","Not a Pedestrian",420401,434126,"E01011597",2,"Crossroads","Daylight","Fine no high winds","Dry","Cyclist"
"2772","2015132250205",2015-02-05,2015,"Feb",5,"07:30",7,30,"Thursday","Slight",2,"Slight","Taxi/Private hire car occupant","Driver or rider","Male",32,"Motorway","Dual carriageway",70,NA,"Not a Pedestrian","Not a Pedestrian",432059,427592,"E01032496",3,"Not at junction or within 20 metres","Daylight","Fine no high winds","Dry","Car occupant"
"2773","2015132250205",2015-02-05,2015,"Feb",5,"07:30",7,30,"Thursday","Slight",2,"Slight","Taxi/Private hire car occupant","Driver or rider","Female",33,"Motorway","Dual carriageway",70,NA,"Not a Pedestrian","Not a Pedestrian",432059,427592,"E01032496",3,"Not at junction or within 20 metres","Daylight","Fine no high winds","Dry","Car occupant"
"2774","2015132250690",2015-02-05,2015,"Feb",5,"13:12",13,12,"Thursday","Slight",1,"Slight","Car occupant","Driver or rider","Female",25,"A","Dual carriageway",40,"Unclassified","Not a Pedestrian","Not a Pedestrian",437590,433203,"E01011411",2,"Roundabout","Daylight","Raining no high winds","Wet or damp","Car occupant"
"2775","2015132250906",2015-02-05,2015,"Feb",5,"15:15",15,15,"Thursday","Serious",2,"Slight","Car occupant","Passenger","Female",25,"Unclassified","Single carriageway",20,"Unclassified","Not a Pedestrian","Not a Pedestrian",424973,435145,"E01011332",2,"T or staggered junction","Daylight","Fine no high winds","Dry","Car occupant"
"2776","2015132250906",2015-02-05,2015,"Feb",5,"15:15",15,15,"Thursday","Serious",2,"Serious","Car occupant","Driver or rider","Female",23,"Unclassified","Single carriageway",20,"Unclassified","Not a Pedestrian","Not a Pedestrian",424973,435145,"E01011332",2,"T or staggered junction","Daylight","Fine no high winds","Dry","Car occupant"
"2777","2015132251136",2015-02-05,2015,"Feb",5,"17:09",17,9,"Thursday","Slight",1,"Slight","Car occupant","Driver or rider","Female",54,"Motorway","Dual carriageway",70,NA,"Not a Pedestrian","Not a Pedestrian",434422,425884,"E01011636",2,"Not at junction or within 20 metres","Darkness - no lighting","Fine no high winds","Wet or damp","Car occupant"
"2778","2015132251205",2015-02-05,2015,"Feb",5,"17:41",17,41,"Thursday","Slight",1,"Slight","Car occupant","Driver or rider","Female",41,"Unclassified","Roundabout",30,"Unclassified","Not a Pedestrian","Not a Pedestrian",426128,437195,"E01011485",3,"Mini-roundabout","Darkness - lights lit","Fine no high winds","Wet or damp","Car occupant"
"2779","2015132251620",2015-02-05,2015,"Feb",5,"21:30",21,30,"Thursday","Slight",2,"Slight","Car occupant","Driver or rider","Male",25,"Unclassified","Dual carriageway",40,"A","Not a Pedestrian","Not a Pedestrian",429069,433635,"E01011678",2,"Roundabout","Darkness - lights lit","Raining no high winds","Wet or damp","Car occupant"
"2780","2015132251620",2015-02-05,2015,"Feb",5,"21:30",21,30,"Thursday","Slight",2,"Slight","Car occupant","Passenger","Female",17,"Unclassified","Dual carriageway",40,"A","Not a Pedestrian","Not a Pedestrian",429069,433635,"E01011678",2,"Roundabout","Darkness - lights lit","Raining no high winds","Wet or damp","Car occupant"
"2781","2015132260181",2015-02-06,2015,"Feb",6,"06:50",6,50,"Friday","Slight",1,"Slight","Cyclist","Driver or rider","Male",26,"A","One way street",30,"Unclassified","Not a Pedestrian","Not a Pedestrian",430849,433188,"E01033034",2,"Private drive or entrance","Daylight","Fine no high winds","Wet or damp","Cyclist"
"2782","2015132260452",2015-02-06,2015,"Feb",6,"10:52",10,52,"Friday","Slight",1,"Slight","Car occupant","Driver or rider","Male",68,"B","Single carriageway",40,NA,"Not a Pedestrian","Not a Pedestrian",433326,429964,"E01011639",2,"Not at junction or within 20 metres","Daylight","Fine no high winds","Wet or damp","Car occupant"
"2783","2015132260479",2015-02-06,2015,"Feb",6,"11:12",11,12,"Friday","Slight",2,"Slight","Car occupant","Driver or rider","Male",25,"Unclassified","Single carriageway",30,NA,"Not a Pedestrian","Not a Pedestrian",431212,436366,"E01011359",2,"Not at junction or within 20 metres","Daylight","Fine no high winds","Dry","Car occupant"
"2784","2015132260479",2015-02-06,2015,"Feb",6,"11:12",11,12,"Friday","Slight",2,"Slight","Car occupant","Passenger","Male",32,"Unclassified","Single carriageway",30,NA,"Not a Pedestrian","Not a Pedestrian",431212,436366,"E01011359",2,"Not at junction or within 20 metres","Daylight","Fine no high winds","Dry","Car occupant"
"2785","2015132261053",2015-02-06,2015,"Feb",6,"15:04",15,4,"Friday","Serious",1,"Serious","Bus or coach occupant (17 or more pass seats)","Passenger","Female",66,"Unclassified","Single carriageway",30,NA,"Not a Pedestrian","Not a Pedestrian",427896,439768,"E01011380",1,"Not at junction or within 20 metres","Daylight","Fine no high winds","Dry","Bus and goods vehicle occupant"
"2786","2015132261225",2015-02-06,2015,"Feb",6,"18:02",18,2,"Friday","Slight",1,"Slight","Pedestrian","Pedestrian","Male",22,"Unclassified","Single carriageway",30,"Unclassified","In centre of carriageway - not on refuge, island or central reservation","Crossing from driver's nearside",432130,435332,"E01011430",1,"T or staggered junction","Daylight","Fine no high winds","Dry","Pedestrian"
"2787","2015132270632",2015-02-07,2015,"Feb",7,"11:35",11,35,"Saturday","Slight",1,"Slight","Cyclist","Driver or rider","Female",26,"Unclassified","Single carriageway",30,"Unclassified","Not a Pedestrian","Not a Pedestrian",432507,436313,"E01011647",2,"T or staggered junction","Daylight","Fine no high winds","Dry","Cyclist"
"2788","2015132270797",2015-02-07,2015,"Feb",7,"14:27",14,27,"Saturday","Slight",1,"Slight","Car occupant","Driver or rider","Female",54,"A","Single carriageway",30,"A","Not a Pedestrian","Not a Pedestrian",432516,427322,"E01032496",2,"Crossroads","Daylight","Fine no high winds","Dry","Car occupant"
"2789","2015132271302",2015-02-07,2015,"Feb",7,"19:20",19,20,"Saturday","Slight",1,"Slight","Car occupant","Driver or rider","Female",51,"A","Single carriageway",30,"A","Not a Pedestrian","Not a Pedestrian",423020,437656,"E01011452",2,"Roundabout","Darkness - lights lit","Fine no high winds","Dry","Car occupant"
"2790","2015132281069",2015-02-08,2015,"Feb",8,"16:50",16,50,"Sunday","Slight",1,"Slight","Cyclist","Driver or rider","Male",24,"Unclassified","Single carriageway",30,"Unclassified","Not a Pedestrian","Not a Pedestrian",429425,435804,"E01011668",2,"T or staggered junction","Daylight","Fine no high winds","Dry","Cyclist"
"2791","2015132290230",2015-02-09,2015,"Feb",9,"08:30",8,30,"Monday","Slight",1,"Slight","Cyclist","Driver or rider","Male",13,"A","Single carriageway",40,NA,"Not a Pedestrian","Not a Pedestrian",424999,427693,"E01011530",2,"Not at junction or within 20 metres","Daylight","Fine no high winds","Wet or damp","Cyclist"
"2792","2015132290931",2015-02-09,2015,"Feb",9,"15:25",15,25,"Monday","Slight",4,"Slight","Car occupant","Driver or rider","Male",63,"Unclassified","Single carriageway",30,"Unclassified","Not a Pedestrian","Not a Pedestrian",429103,438861,"E01011560",2,"Crossroads","Daylight","Fine no high winds","Dry","Car occupant"
"2793","2015132290931",2015-02-09,2015,"Feb",9,"15:25",15,25,"Monday","Slight",4,"Slight","Car occupant","Driver or rider","Female",43,"Unclassified","Single carriageway",30,"Unclassified","Not a Pedestrian","Not a Pedestrian",429103,438861,"E01011560",2,"Crossroads","Daylight","Fine no high winds","Dry","Car occupant"
"2794","2015132290931",2015-02-09,2015,"Feb",9,"15:25",15,25,"Monday","Slight",4,"Slight","Car occupant","Passenger","Male",5,"Unclassified","Single carriageway",30,"Unclassified","Not a Pedestrian","Not a Pedestrian",429103,438861,"E01011560",2,"Crossroads","Daylight","Fine no high winds","Dry","Car occupant"
"2795","2015132290931",2015-02-09,2015,"Feb",9,"15:25",15,25,"Monday","Slight",4,"Slight","Car occupant","Passenger","Female",9,"Unclassified","Single carriageway",30,"Unclassified","Not a Pedestrian","Not a Pedestrian",429103,438861,"E01011560",2,"Crossroads","Daylight","Fine no high winds","Dry","Car occupant"
"2796","2015132291295",2015-02-09,2015,"Feb",9,"18:28",18,28,"Monday","Slight",1,"Slight","Car occupant","Driver or rider","Female",31,"A","Dual carriageway",40,"A","Not a Pedestrian","Not a Pedestrian",430416,432797,"E01033016",2,"T or staggered junction","Darkness - lights lit","Fine no high winds","Dry","Car occupant"
"2797","20151322A0154",2015-02-10,2015,"Feb",10,"06:55",6,55,"Tuesday","Slight",1,"Slight","Car occupant","Driver or rider","Male",52,"A","Single carriageway",60,"B","Not a Pedestrian","Not a Pedestrian",422458,427904,"E01011527",2,"T or staggered junction","Darkness - lighting unknown","Fine no high winds","Dry","Car occupant"
"2798","20151322A0175",2015-02-10,2015,"Feb",10,"07:29",7,29,"Tuesday","Slight",1,"Slight","Car occupant","Driver or rider","Female",40,"Unclassified","Single carriageway",30,"Unclassified","Not a Pedestrian","Not a Pedestrian",422219,433803,"E01011587",3,"T or staggered junction","Daylight","Fine no high winds","Dry","Car occupant"
"2799","20151322A0193",2015-02-10,2015,"Feb",10,"07:40",7,40,"Tuesday","Slight",1,"Slight","Motorcycle over 500cc rider or passenger","Driver or rider","Male",24,"Unclassified","Single carriageway",30,"Unclassified","Not a Pedestrian","Not a Pedestrian",430196,435204,"E01011671",2,"T or staggered junction","Daylight","Fine no high winds","Wet or damp","Motorcyclist and pillion"
"2800","2015132280726",2015-02-10,2015,"Feb",10,"13:11",13,11,"Tuesday","Slight",1,"Slight","Car occupant","Passenger","Male",19,"A","Dual carriageway",70,NA,"Not a Pedestrian","Not a Pedestrian",420981,434344,"E01011595",3,"Not at junction or within 20 metres","Daylight","Fine no high winds","Dry","Car occupant"
"2801","20151322A0807",2015-02-10,2015,"Feb",10,"14:15",14,15,"Tuesday","Slight",1,"Slight","Car occupant","Driver or rider","Female",48,"Unclassified","Single carriageway",30,NA,"Not a Pedestrian","Not a Pedestrian",431825,438836,"E01011508",2,"Not at junction or within 20 metres","Daylight","Fine no high winds","Dry","Car occupant"
"2802","20151322A0818",2015-02-10,2015,"Feb",10,"14:24",14,24,"Tuesday","Slight",1,"Slight","Car occupant","Driver or rider","Female",36,"Motorway","Dual carriageway",50,NA,"Not a Pedestrian","Not a Pedestrian",431806,430481,"E01011469",1,"Not at junction or within 20 metres","Daylight","Fine no high winds","Dry","Car occupant"
"2803","20151322A1419",2015-02-10,2015,"Feb",10,"17:15",17,15,"Tuesday","Slight",2,"Slight","Taxi/Private hire car occupant","Passenger","Female",21,"Unclassified","Unknown",20,NA,"Not a Pedestrian","Not a Pedestrian",432317,436425,"E01011647",1,"Not at junction or within 20 metres","Daylight","Fine no high winds","Dry","Car occupant"
"2804","20151322A1419",2015-02-10,2015,"Feb",10,"17:15",17,15,"Tuesday","Slight",2,"Slight","Taxi/Private hire car occupant","Passenger","Male",2,"Unclassified","Unknown",20,NA,"Not a Pedestrian","Not a Pedestrian",432317,436425,"E01011647",1,"Not at junction or within 20 metres","Daylight","Fine no high winds","Dry","Car occupant"