"","accident_index","date","year","month","day","time","time_hour","time_minute","day_of_week","accident_severity","number_of_casualties","casualty_severity","casualty_type","casualty_class","sex_of_casualty","age_of_casualty","first_road_class","road_type","speed_limit","second_road_class","pedestrian_location","pedestrian_movement","location_easting_osgr","location_northing_osgr","lsoa_of_accident_location","number_of_vehicles","junction_detail","light_conditions","weather_conditions","road_surface_conditions","cas_type"
"2805","20151322A1555",2015-02-10,2015,"Feb",10,"20:35",20,35,"Tuesday","Slight",1,"Slight","Car occupant","Driver or rider","Male",36,"A","Dual carriageway",30,"Unclassified","Not a Pedestrian","Not a Pedestrian",430864,434191,"E01033003",2,"T or staggered junction","Darkness - lights lit","Fine no high winds","Dry","Car occupant"
"2806","20151322B0162",2015-02-11,2015,"Feb",11,"08:58",8,58,"Wednesday","Slight",1,"Slight","Cyclist","Driver or rider","Male",48,"A","Single carriageway",30,NA,"Not a Pedestrian","Not a Pedestrian",422303,428946,"E01011521",1,"Not at junction or within 20 metres","Daylight","Fine no high winds","Wet or damp","Cyclist"
"2807","20151322B0878",2015-02-11,2015,"Feb",11,"15:17",15,17,"Wednesday","Serious",1,"Serious","Taxi/Private hire car occupant","Passenger","Female",23,"Unclassified","Unknown",20,NA,"Not a Pedestrian","Not a Pedestrian",433829,437220,"E01011644",1,"Not at junction or within 20 metres","Daylight","Fine no high winds","Dry","Car occupant"
"2808","20151322C1287",2015-02-11,2015,"Feb",11,"17:37",17,37,"Wednesday","Slight",1,"Slight","Cyclist","Driver or rider","Male",42,"A","Single carriageway",40,NA,"Not a Pedestrian","Not a Pedestrian",424682,444843,"E01011570",2,"Not at junction or within 20 metres","Daylight","Fine no high winds","Dry","Cyclist"
"2809","20151322B1545",2015-02-11,2015,"Feb",11,"21:17",21,17,"Wednesday","Slight",2,"Slight","Car occupant","Driver or rider","Female",22,"A","Single carriageway",30,"Unclassified","Not a Pedestrian","Not a Pedestrian",429956,425128,"E01011537",2,"T or staggered junction","Darkness - lights lit","Fine no high winds","Wet or damp","Car occupant"
"2810","20151322B1545",2015-02-11,2015,"Feb",11,"21:17",21,17,"Wednesday","Slight",2,"Slight","Car occupant","Driver or rider","Female",32,"A","Single carriageway",30,"Unclassified","Not a Pedestrian","Not a Pedestrian",429956,425128,"E01011537",2,"T or staggered junction","Darkness - lights lit","Fine no high winds","Wet or damp","Car occupant"
"2811","20151322C0635",2015-02-12,2015,"Feb",12,"12:44",12,44,"Thursday","Slight",2,"Slight","Car occupant","Driver or rider","Male",23,"Unclassified","Roundabout",30,"Unclassified","Not a Pedestrian","Not a Pedestrian",430934,429947,"E01011472",2,"Roundabout","Daylight","Fine no high winds","Dry","Car occupant"
"2812","20151322C0635",2015-02-12,2015,"Feb",12,"12:44",12,44,"Thursday","Slight",2,"Slight","Car occupant","Passenger","Male",22,"Unclassified","Roundabout",30,"Unclassified","Not a Pedestrian","Not a Pedestrian",430934,429947,"E01011472",2,"Roundabout","Daylight","Fine no high winds","Dry","Car occupant"
"2813","20151322C1019",2015-02-12,2015,"Feb",12,"15:45",15,45,"Thursday","Slight",2,"Slight","Goods vehicle (over 3.5t. and under 7.5t.) occupant","Passenger","Male",21,"Motorway","Dual carriageway",70,NA,"Not a Pedestrian","Not a Pedestrian",433054,425927,"E01011500",2,"Not at junction or within 20 metres","Daylight","Fine no high winds","Dry","Bus and goods vehicle occupant"
"2814","20151322C1019",2015-02-12,2015,"Feb",12,"15:45",15,45,"Thursday","Slight",2,"Slight","Goods vehicle (over 3.5t. and under 7.5t.) occupant","Passenger","Male",24,"Motorway","Dual carriageway",70,NA,"Not a Pedestrian","Not a Pedestrian",433054,425927,"E01011500",2,"Not at junction or within 20 metres","Daylight","Fine no high winds","Dry","Bus and goods vehicle occupant"
"2815","20151322C1257",2015-02-12,2015,"Feb",12,"17:56",17,56,"Thursday","Serious",1,"Serious","Pedestrian","Pedestrian","Male",66,"Unclassified","Single carriageway",30,"Unclassified","Crossing on pedestrian crossing facility","Crossing from driver's nearside",430381,433493,"E01033010",1,"T or staggered junction","Darkness - lights lit","Fine no high winds","Dry","Pedestrian"
"2816","20151322E0472",2015-02-13,2015,"Feb",13,"17:30",17,30,"Friday","Slight",1,"Slight","Pedestrian","Pedestrian","Female",25,"Unclassified","Unknown",20,NA,"Unknown or other","Unknown or other",427324,434641,"E01011482",1,"Not at junction or within 20 metres","Darkness - lighting unknown","Fine no high winds","Wet or damp","Pedestrian"
"2817","20151322D1495",2015-02-13,2015,"Feb",13,"20:35",20,35,"Friday","Slight",3,"Slight","Taxi/Private hire car occupant","Passenger","Female",19,"Unclassified","Single carriageway",30,NA,"Not a Pedestrian","Not a Pedestrian",428127,431168,"E01011369",2,"Not at junction or within 20 metres","Darkness - lights lit","Fine no high winds","Dry","Car occupant"
"2818","20151322D1495",2015-02-13,2015,"Feb",13,"20:35",20,35,"Friday","Slight",3,"Slight","Car occupant","Driver or rider","Male",18,"Unclassified","Single carriageway",30,NA,"Not a Pedestrian","Not a Pedestrian",428127,431168,"E01011369",2,"Not at junction or within 20 metres","Darkness - lights lit","Fine no high winds","Dry","Car occupant"
"2819","20151322D1495",2015-02-13,2015,"Feb",13,"20:35",20,35,"Friday","Slight",3,"Slight","Car occupant","Passenger","Female",21,"Unclassified","Single carriageway",30,NA,"Not a Pedestrian","Not a Pedestrian",428127,431168,"E01011369",2,"Not at junction or within 20 metres","Darkness - lights lit","Fine no high winds","Dry","Car occupant"
"2820","20151322E0071",2015-02-14,2015,"Feb",14,"01:10",1,10,"Saturday","Slight",2,"Slight","Car occupant","Driver or rider","Male",33,"A","Dual carriageway",40,NA,"Not a Pedestrian","Not a Pedestrian",426782,438296,"E01011684",1,"Not at junction or within 20 metres","Darkness - lights lit","Fine no high winds","Wet or damp","Car occupant"
"2821","20151322E0071",2015-02-14,2015,"Feb",14,"01:10",1,10,"Saturday","Slight",2,"Slight","Car occupant","Passenger","Female",33,"A","Dual carriageway",40,NA,"Not a Pedestrian","Not a Pedestrian",426782,438296,"E01011684",1,"Not at junction or within 20 metres","Darkness - lights lit","Fine no high winds","Wet or damp","Car occupant"
"2822","20151322E0455",2015-02-14,2015,"Feb",14,"09:55",9,55,"Saturday","Slight",1,"Slight","Pedestrian","Pedestrian","Male",64,"Unclassified","Single carriageway",20,"Unclassified","In carriageway, crossing elsewhere","Crossing from driver's nearside",427193,433530,"E01011293",1,"T or staggered junction","Daylight","Fine no high winds","Wet or damp","Pedestrian"
"2823","20151322E0588",2015-02-14,2015,"Feb",14,"11:05",11,5,"Saturday","Serious",4,"Serious","Car occupant","Driver or rider","Male",21,"Unclassified","Single carriageway",30,NA,"Not a Pedestrian","Not a Pedestrian",425401,437525,"E01011686",2,"Not at junction or within 20 metres","Daylight","Fine no high winds","Wet or damp","Car occupant"
"2824","20151322E0588",2015-02-14,2015,"Feb",14,"11:05",11,5,"Saturday","Serious",4,"Serious","Car occupant","Passenger","Male",24,"Unclassified","Single carriageway",30,NA,"Not a Pedestrian","Not a Pedestrian",425401,437525,"E01011686",2,"Not at junction or within 20 metres","Daylight","Fine no high winds","Wet or damp","Car occupant"
"2825","20151322E0588",2015-02-14,2015,"Feb",14,"11:05",11,5,"Saturday","Serious",4,"Serious","Car occupant","Driver or rider","Female",26,"Unclassified","Single carriageway",30,NA,"Not a Pedestrian","Not a Pedestrian",425401,437525,"E01011686",2,"Not at junction or within 20 metres","Daylight","Fine no high winds","Wet or damp","Car occupant"
"2826","20151322E0588",2015-02-14,2015,"Feb",14,"11:05",11,5,"Saturday","Serious",4,"Serious","Car occupant","Passenger","Male",34,"Unclassified","Single carriageway",30,NA,"Not a Pedestrian","Not a Pedestrian",425401,437525,"E01011686",2,"Not at junction or within 20 metres","Daylight","Fine no high winds","Wet or damp","Car occupant"
"2827","20151322E1040",2015-02-14,2015,"Feb",14,"15:15",15,15,"Saturday","Slight",1,"Slight","Pedestrian","Pedestrian","Female",12,"A","Dual carriageway",40,NA,"In carriageway, crossing elsewhere","Crossing from driver's nearside",432391,435803,"E01011647",1,"Not at junction or within 20 metres","Daylight","Fine no high winds","Dry","Pedestrian"
"2828","20151322E1172",2015-02-14,2015,"Feb",14,"17:57",17,57,"Saturday","Slight",1,"Slight","Car occupant","Driver or rider","Female",44,"A","Dual carriageway",60,NA,"Not a Pedestrian","Not a Pedestrian",421488,434006,"E01011585",3,"Not at junction or within 20 metres","Darkness - lights lit","Fine no high winds","Wet or damp","Car occupant"
"2829","20151322E1521",2015-02-14,2015,"Feb",14,"22:01",22,1,"Saturday","Slight",1,"Slight","Pedestrian","Pedestrian","Female",21,"A","Single carriageway",30,NA,"Crossing elsewhere within 50m. of pedestrian crossing","Crossing from driver's offside",430790,433473,"E01033011",1,"Not at junction or within 20 metres","Darkness - lights lit","Fine no high winds","Wet or damp","Pedestrian"
"2830","20151322F0293",2015-02-15,2015,"Feb",15,"16:45",16,45,"Sunday","Slight",1,"Slight","Cyclist","Driver or rider","Female",32,"A","Roundabout",30,"Motorway","Not a Pedestrian","Not a Pedestrian",431959,430492,"E01011469",2,"Roundabout","Daylight","Fine no high winds","Dry","Cyclist"
"2831","20151322F1487",2015-02-15,2015,"Feb",15,"16:54",16,54,"Sunday","Slight",1,"Slight","Bus or coach occupant (17 or more pass seats)","Passenger","Female",74,"Unclassified","Single carriageway",20,NA,"Not a Pedestrian","Not a Pedestrian",430738,433521,"E01033011",1,"Not at junction or within 20 metres","Daylight","Fine no high winds","Dry","Bus and goods vehicle occupant"
"2832","20151322F1358",2015-02-15,2015,"Feb",15,"17:15",17,15,"Sunday","Slight",1,"Slight","Motorcycle 50cc and under rider or passenger","Driver or rider","Female",55,"Unclassified","Single carriageway",30,"Unclassified","Not a Pedestrian","Not a Pedestrian",422994,432841,"E01011601",3,"Crossroads","Daylight","Fine no high winds","Dry","Motorcyclist and pillion"
"2833","20151322F1605",2015-02-15,2015,"Feb",15,"22:45",22,45,"Sunday","Slight",1,"Slight","Car occupant","Driver or rider","Female",20,"Motorway","Dual carriageway",70,NA,"Not a Pedestrian","Not a Pedestrian",439069,433979,"E01011410",1,"Not at junction or within 20 metres","Darkness - no lighting","Fine no high winds","Dry","Car occupant"
"2834","20151322G0058",2015-02-16,2015,"Feb",16,"01:10",1,10,"Monday","Slight",3,"Slight","Car occupant","Driver or rider","Male",18,"A","Dual carriageway",70,NA,"Not a Pedestrian","Not a Pedestrian",427471,438609,"E01032876",1,"Not at junction or within 20 metres","Darkness - lights lit","Fine no high winds","Wet or damp","Car occupant"
"2835","20151322G0058",2015-02-16,2015,"Feb",16,"01:10",1,10,"Monday","Slight",3,"Slight","Car occupant","Passenger","Male",18,"A","Dual carriageway",70,NA,"Not a Pedestrian","Not a Pedestrian",427471,438609,"E01032876",1,"Not at junction or within 20 metres","Darkness - lights lit","Fine no high winds","Wet or damp","Car occupant"
"2836","20151322G0058",2015-02-16,2015,"Feb",16,"01:10",1,10,"Monday","Slight",3,"Slight","Car occupant","Passenger","Male",18,"A","Dual carriageway",70,NA,"Not a Pedestrian","Not a Pedestrian",427471,438609,"E01032876",1,"Not at junction or within 20 metres","Darkness - lights lit","Fine no high winds","Wet or damp","Car occupant"
"2837","20151322G0191",2015-02-16,2015,"Feb",16,"06:15",6,15,"Monday","Serious",1,"Serious","Car occupant","Driver or rider","Male",46,"A","Single carriageway",40,NA,"Not a Pedestrian","Not a Pedestrian",439502,426183,"E01011395",1,"Not at junction or within 20 metres","Darkness - lights lit","Raining no high winds","Wet or damp","Car occupant"
"2838","20151322H0163",2015-02-17,2015,"Feb",17,"06:35",6,35,"Tuesday","Slight",1,"Slight","Car occupant","Driver or rider","Male",62,"A","Dual carriageway",30,NA,"Not a Pedestrian","Not a Pedestrian",428750,431550,"E01011366",2,"Not at junction or within 20 metres","Daylight","Fine no high winds","Dry","Car occupant"
"2839","20151322H0208",2015-02-17,2015,"Feb",17,"08:15",8,15,"Tuesday","Slight",1,"Slight","Cyclist","Driver or rider","Female",29,"B","Single carriageway",40,NA,"Not a Pedestrian","Not a Pedestrian",425587,435781,"E01011324",2,"Not at junction or within 20 metres","Daylight","Fine no high winds","Wet or damp","Cyclist"
"2840","20151322H0629",2015-02-17,2015,"Feb",17,"13:13",13,13,"Tuesday","Slight",1,"Slight","Pedestrian","Pedestrian","Male",18,"Unclassified","Single carriageway",30,NA,"In carriageway, crossing elsewhere","Crossing from nearside - masked by parked or stationary vehicle",432374,434799,"E01011433",1,"Not at junction or within 20 metres","Daylight","Fine no high winds","Dry","Pedestrian"
"2841","20151322H0875",2015-02-17,2015,"Feb",17,"15:22",15,22,"Tuesday","Slight",1,"Slight","Car occupant","Driver or rider","Male",51,"Unclassified","Single carriageway",30,NA,"Not a Pedestrian","Not a Pedestrian",426495,427092,"E01011541",1,"Not at junction or within 20 metres","Daylight","Fine no high winds","Dry","Car occupant"
"2842","20151322H0501",2015-02-17,2015,"Feb",17,"19:05",19,5,"Tuesday","Slight",1,"Slight","Cyclist","Driver or rider","Male",29,"A","Single carriageway",30,NA,"Not a Pedestrian","Not a Pedestrian",424346,437171,"E01011453",2,"Not at junction or within 20 metres","Darkness - lights lit","Fine no high winds","Dry","Cyclist"
"2843","20151322H1540",2015-02-17,2015,"Feb",17,"20:48",20,48,"Tuesday","Serious",2,"Serious","Pedestrian","Pedestrian","Female",19,"Unclassified","Single carriageway",30,NA,"In carriageway, crossing elsewhere","Crossing from driver's offside",425061,435708,"E01011326",1,"Not at junction or within 20 metres","Darkness - lights lit","Fine no high winds","Dry","Pedestrian"
"2844","20151322H1540",2015-02-17,2015,"Feb",17,"20:48",20,48,"Tuesday","Serious",2,"Slight","Pedestrian","Pedestrian","Male",20,"Unclassified","Single carriageway",30,NA,"In carriageway, crossing elsewhere","Crossing from driver's offside",425061,435708,"E01011326",1,"Not at junction or within 20 metres","Darkness - lights lit","Fine no high winds","Dry","Pedestrian"
"2845","20151322I0232",2015-02-18,2015,"Feb",18,"08:36",8,36,"Wednesday","Slight",1,"Slight","Motorcycle 125cc and under rider or passenger","Driver or rider","Male",25,"A","Dual carriageway",40,NA,"Not a Pedestrian","Not a Pedestrian",428783,433276,"E01033013",1,"Not at junction or within 20 metres","Daylight","Fine no high winds","Wet or damp","Motorcyclist and pillion"
"2846","20151322I0340",2015-02-18,2015,"Feb",18,"10:15",10,15,"Wednesday","Slight",1,"Slight","Cyclist","Driver or rider","Female",19,"A","Single carriageway",30,"Unclassified","Not a Pedestrian","Not a Pedestrian",427328,437198,"E01011690",2,"T or staggered junction","Daylight","Fine no high winds","Dry","Cyclist"
"2847","20151322I0889",2015-02-18,2015,"Feb",18,"15:15",15,15,"Wednesday","Slight",1,"Slight","Car occupant","Driver or rider","Male",29,"A","Dual carriageway",30,NA,"Not a Pedestrian","Not a Pedestrian",430188,436207,"E01011358",2,"Not at junction or within 20 metres","Daylight","Fine no high winds","Dry","Car occupant"
"2848","20151322I0966",2015-02-18,2015,"Feb",18,"15:47",15,47,"Wednesday","Slight",2,"Slight","Car occupant","Driver or rider","Male",26,"Unclassified","Single carriageway",20,NA,"Not a Pedestrian","Not a Pedestrian",432264,434593,"E01011344",2,"Not at junction or within 20 metres","Daylight","Fine no high winds","Dry","Car occupant"
"2849","20151322I0966",2015-02-18,2015,"Feb",18,"15:47",15,47,"Wednesday","Slight",2,"Slight","Car occupant","Driver or rider","Female",29,"Unclassified","Single carriageway",20,NA,"Not a Pedestrian","Not a Pedestrian",432264,434593,"E01011344",2,"Not at junction or within 20 metres","Daylight","Fine no high winds","Dry","Car occupant"
"2850","20151322I1714",2015-02-18,2015,"Feb",18,"16:20",16,20,"Wednesday","Slight",1,"Slight","Bus or coach occupant (17 or more pass seats)","Passenger","Female",82,"Unclassified","Single carriageway",30,NA,"Not a Pedestrian","Not a Pedestrian",430814,438329,"E01011512",1,"Not at junction or within 20 metres","Daylight","Fine no high winds","Dry","Bus and goods vehicle occupant"
"2851","20151322I1162",2015-02-18,2015,"Feb",18,"17:25",17,25,"Wednesday","Serious",7,"Serious","Car occupant","Driver or rider","Male",52,"Unclassified","Single carriageway",60,NA,"Not a Pedestrian","Not a Pedestrian",443370,433250,"E01011298",2,"Not at junction or within 20 metres","Darkness - no lighting","Fine no high winds","Wet or damp","Car occupant"
"2852","20151322I1162",2015-02-18,2015,"Feb",18,"17:25",17,25,"Wednesday","Serious",7,"Slight","Car occupant","Passenger","Male",10,"Unclassified","Single carriageway",60,NA,"Not a Pedestrian","Not a Pedestrian",443370,433250,"E01011298",2,"Not at junction or within 20 metres","Darkness - no lighting","Fine no high winds","Wet or damp","Car occupant"
"2853","20151322I1162",2015-02-18,2015,"Feb",18,"17:25",17,25,"Wednesday","Serious",7,"Slight","Car occupant","Driver or rider","Male",32,"Unclassified","Single carriageway",60,NA,"Not a Pedestrian","Not a Pedestrian",443370,433250,"E01011298",2,"Not at junction or within 20 metres","Darkness - no lighting","Fine no high winds","Wet or damp","Car occupant"
"2854","20151322I1162",2015-02-18,2015,"Feb",18,"17:25",17,25,"Wednesday","Serious",7,"Slight","Car occupant","Passenger","Female",21,"Unclassified","Single carriageway",60,NA,"Not a Pedestrian","Not a Pedestrian",443370,433250,"E01011298",2,"Not at junction or within 20 metres","Darkness - no lighting","Fine no high winds","Wet or damp","Car occupant"
"2855","20151322I1162",2015-02-18,2015,"Feb",18,"17:25",17,25,"Wednesday","Serious",7,"Serious","Car occupant","Passenger","Male",8,"Unclassified","Single carriageway",60,NA,"Not a Pedestrian","Not a Pedestrian",443370,433250,"E01011298",2,"Not at junction or within 20 metres","Darkness - no lighting","Fine no high winds","Wet or damp","Car occupant"
"2856","20151322I1162",2015-02-18,2015,"Feb",18,"17:25",17,25,"Wednesday","Serious",7,"Slight","Car occupant","Passenger","Male",11,"Unclassified","Single carriageway",60,NA,"Not a Pedestrian","Not a Pedestrian",443370,433250,"E01011298",2,"Not at junction or within 20 metres","Darkness - no lighting","Fine no high winds","Wet or damp","Car occupant"
"2857","20151322I1162",2015-02-18,2015,"Feb",18,"17:25",17,25,"Wednesday","Serious",7,"Slight","Car occupant","Passenger","Female",6,"Unclassified","Single carriageway",60,NA,"Not a Pedestrian","Not a Pedestrian",443370,433250,"E01011298",2,"Not at junction or within 20 metres","Darkness - no lighting","Fine no high winds","Wet or damp","Car occupant"
"2858","20151322J0348",2015-02-19,2015,"Feb",19,"09:25",9,25,"Thursday","Serious",1,"Serious","Van / Goods vehicle (3.5 tonnes mgw or under) occupant","Driver or rider","Male",51,"B","Single carriageway",30,NA,"Not a Pedestrian","Not a Pedestrian",421154,433254,"E01011613",1,"Not at junction or within 20 metres","Daylight","Fine no high winds","Dry","Bus and goods vehicle occupant"
"2859","20151322J0379",2015-02-19,2015,"Feb",19,"09:42",9,42,"Thursday","Slight",3,"Slight","Car occupant","Driver or rider","Male",40,"A","Dual carriageway",40,"Unclassified","Not a Pedestrian","Not a Pedestrian",432279,432587,"E01011625",3,"Crossroads","Daylight","Fine no high winds","Dry","Car occupant"
"2860","20151322J0379",2015-02-19,2015,"Feb",19,"09:42",9,42,"Thursday","Slight",3,"Slight","Car occupant","Driver or rider","Female",47,"A","Dual carriageway",40,"Unclassified","Not a Pedestrian","Not a Pedestrian",432279,432587,"E01011625",3,"Crossroads","Daylight","Fine no high winds","Dry","Car occupant"
"2861","20151322J0379",2015-02-19,2015,"Feb",19,"09:42",9,42,"Thursday","Slight",3,"Slight","Car occupant","Driver or rider","Female",40,"A","Dual carriageway",40,"Unclassified","Not a Pedestrian","Not a Pedestrian",432279,432587,"E01011625",3,"Crossroads","Daylight","Fine no high winds","Dry","Car occupant"
"2862","20151322J0565",2015-02-19,2015,"Feb",19,"12:04",12,4,"Thursday","Slight",1,"Slight","Car occupant","Driver or rider","Male",39,"A(M)","Dual carriageway",70,NA,"Not a Pedestrian","Not a Pedestrian",442162,443341,"E01011712",1,"Not at junction or within 20 metres","Daylight","Raining no high winds","Flood over 3cm. deep","Car occupant"
"2863","20151322J0743",2015-02-19,2015,"Feb",19,"14:13",14,13,"Thursday","Slight",1,"Slight","Pedestrian","Pedestrian","Female",48,"Unclassified","Roundabout",30,"Unclassified","In carriageway, crossing elsewhere","Crossing from nearside - masked by parked or stationary vehicle",424558,439518,"E01011382",1,"T or staggered junction","Daylight","Raining no high winds","Wet or damp","Pedestrian"
"2864","20151322K0007",2015-02-20,2015,"Feb",20,"00:03",0,3,"Friday","Serious",1,"Serious","Cyclist","Driver or rider","Female",25,"Unclassified","Single carriageway",30,"Unclassified","Not a Pedestrian","Not a Pedestrian",430022,435539,"E01011670",2,"T or staggered junction","Darkness - lights lit","Fine no high winds","Wet or damp","Cyclist"
"2865","20151322K0381",2015-02-20,2015,"Feb",20,"10:10",10,10,"Friday","Slight",2,"Slight","Car occupant","Driver or rider","Female",40,"A","Single carriageway",40,"Unclassified","Not a Pedestrian","Not a Pedestrian",425654,443018,"E01032504",2,"T or staggered junction","Daylight","Fine no high winds","Dry","Car occupant"
"2866","20151322K0381",2015-02-20,2015,"Feb",20,"10:10",10,10,"Friday","Slight",2,"Slight","Van / Goods vehicle (3.5 tonnes mgw or under) occupant","Driver or rider","Male",28,"A","Single carriageway",40,"Unclassified","Not a Pedestrian","Not a Pedestrian",425654,443018,"E01032504",2,"T or staggered junction","Daylight","Fine no high winds","Dry","Bus and goods vehicle occupant"
"2867","20151322L1198",2015-02-21,2015,"Feb",21,"08:50",8,50,"Saturday","Slight",1,"Slight","Cyclist","Driver or rider","Female",67,"Unclassified","Single carriageway",30,"Unclassified","Not a Pedestrian","Not a Pedestrian",431194,438140,"E01011516",2,"T or staggered junction","Daylight","Fine no high winds","Dry","Cyclist"
"2868","20151322L0805",2015-02-21,2015,"Feb",21,"14:11",14,11,"Saturday","Slight",1,"Slight","Pedestrian","Pedestrian","Female",45,"Unclassified","Single carriageway",30,NA,"On footway or verge","Unknown or other",421043,434601,"E01011599",1,"Not at junction or within 20 metres","Daylight","Fine no high winds","Dry","Pedestrian"
"2869","20151322L1303",2015-02-21,2015,"Feb",21,"19:23",19,23,"Saturday","Serious",1,"Serious","Pedestrian","Pedestrian","Male",53,"A","Single carriageway",30,"Unclassified","In carriageway, crossing elsewhere","Unknown or other",424220,435597,"E01011323",1,"T or staggered junction","Darkness - lights lit","Fine no high winds","Wet or damp","Pedestrian"
"2870","20151322L1564",2015-02-21,2015,"Feb",21,"22:05",22,5,"Saturday","Serious",1,"Serious","Car occupant","Driver or rider","Female",28,"Motorway","Dual carriageway",70,NA,"Not a Pedestrian","Not a Pedestrian",439750,434129,"E01011296",2,"Not at junction or within 20 metres","Darkness - no lighting","Fine no high winds","Dry","Car occupant"
"2871","20151322M0335",2015-02-22,2015,"Feb",22,"07:02",7,2,"Sunday","Slight",1,"Slight","Van / Goods vehicle (3.5 tonnes mgw or under) occupant","Driver or rider","Male",45,"Unclassified","Single carriageway",30,"A","Not a Pedestrian","Not a Pedestrian",423841,434266,"E01011608",2,"Crossroads","Daylight","Fine no high winds","Dry","Bus and goods vehicle occupant"
"2872","20151322M0577",2015-02-22,2015,"Feb",22,"11:53",11,53,"Sunday","Slight",1,"Slight","Pedestrian","Pedestrian","Male",78,"Unclassified","Single carriageway",30,NA,"In carriageway, crossing elsewhere","Unknown or other",440434,448154,"E01011704",1,"Not at junction or within 20 metres","Daylight","Fine no high winds","Dry","Pedestrian"
"2873","20151322M0972",2015-02-22,2015,"Feb",22,"16:46",16,46,"Sunday","Slight",2,"Slight","Car occupant","Driver or rider","Male",26,"A","Slip road",40,NA,"Not a Pedestrian","Not a Pedestrian",431860,430424,"E01011469",1,"Not at junction or within 20 metres","Daylight","Fine no high winds","Wet or damp","Car occupant"
"2874","20151322M0972",2015-02-22,2015,"Feb",22,"16:46",16,46,"Sunday","Slight",2,"Slight","Car occupant","Passenger","Female",27,"A","Slip road",40,NA,"Not a Pedestrian","Not a Pedestrian",431860,430424,"E01011469",1,"Not at junction or within 20 metres","Daylight","Fine no high winds","Wet or damp","Car occupant"
"2875","20151322N1218",2015-02-23,2015,"Feb",23,"18:19",18,19,"Monday","Slight",1,"Slight","Pedestrian","Pedestrian","Male",44,"Unclassified","Single carriageway",30,NA,"Crossing on pedestrian crossing facility","Crossing from driver's nearside",428385,436496,"E01011693",1,"Not at junction or within 20 metres","Darkness - lights lit","Fine no high winds","Dry","Pedestrian"
"2876","20151322N1481",2015-02-23,2015,"Feb",23,"21:10",21,10,"Monday","Slight",4,"Slight","Car occupant","Driver or rider","Male",53,"A","Single carriageway",50,"Unclassified","Not a Pedestrian","Not a Pedestrian",422226,441980,"E01032503",2,"Other junction","Darkness - lights lit","Raining no high winds","Wet or damp","Car occupant"
"2877","20151322N1481",2015-02-23,2015,"Feb",23,"21:10",21,10,"Monday","Slight",4,"Slight","Car occupant","Driver or rider","Female",43,"A","Single carriageway",50,"Unclassified","Not a Pedestrian","Not a Pedestrian",422226,441980,"E01032503",2,"Other junction","Darkness - lights lit","Raining no high winds","Wet or damp","Car occupant"
"2878","20151322N1481",2015-02-23,2015,"Feb",23,"21:10",21,10,"Monday","Slight",4,"Slight","Car occupant","Passenger","Male",14,"A","Single carriageway",50,"Unclassified","Not a Pedestrian","Not a Pedestrian",422226,441980,"E01032503",2,"Other junction","Darkness - lights lit","Raining no high winds","Wet or damp","Car occupant"
"2879","20151322N1481",2015-02-23,2015,"Feb",23,"21:10",21,10,"Monday","Slight",4,"Slight","Car occupant","Passenger","Male",13,"A","Single carriageway",50,"Unclassified","Not a Pedestrian","Not a Pedestrian",422226,441980,"E01032503",2,"Other junction","Darkness - lights lit","Raining no high winds","Wet or damp","Car occupant"
"2880","20151322Q0596",2015-02-24,2015,"Feb",24,"08:45",8,45,"Tuesday","Slight",2,"Slight","Van / Goods vehicle (3.5 tonnes mgw or under) occupant","Driver or rider","Male",24,"A","Dual carriageway",40,"Unclassified","Not a Pedestrian","Not a Pedestrian",429805,438917,"E01011558",2,"Crossroads","Daylight","Fine no high winds","Dry","Bus and goods vehicle occupant"
"2881","20151322Q0596",2015-02-24,2015,"Feb",24,"08:45",8,45,"Tuesday","Slight",2,"Slight","Van / Goods vehicle (3.5 tonnes mgw or under) occupant","Passenger","Male",31,"A","Dual carriageway",40,"Unclassified","Not a Pedestrian","Not a Pedestrian",429805,438917,"E01011558",2,"Crossroads","Daylight","Fine no high winds","Dry","Bus and goods vehicle occupant"
"2882","20151322O0219",2015-02-24,2015,"Feb",24,"08:50",8,50,"Tuesday","Slight",4,"Slight","Minibus (8 - 16 passenger seats) occupant","Driver or rider","Female",50,"A","Single carriageway",60,NA,"Not a Pedestrian","Not a Pedestrian",437634,438085,"E01011715",3,"Not at junction or within 20 metres","Daylight","Fine no high winds","Wet or damp","Bus and goods vehicle occupant"
"2883","20151322O0219",2015-02-24,2015,"Feb",24,"08:50",8,50,"Tuesday","Slight",4,"Slight","Minibus (8 - 16 passenger seats) occupant","Passenger","Female",22,"A","Single carriageway",60,NA,"Not a Pedestrian","Not a Pedestrian",437634,438085,"E01011715",3,"Not at junction or within 20 metres","Daylight","Fine no high winds","Wet or damp","Bus and goods vehicle occupant"
"2884","20151322O0219",2015-02-24,2015,"Feb",24,"08:50",8,50,"Tuesday","Slight",4,"Slight","Minibus (8 - 16 passenger seats) occupant","Passenger","Female",34,"A","Single carriageway",60,NA,"Not a Pedestrian","Not a Pedestrian",437634,438085,"E01011715",3,"Not at junction or within 20 metres","Daylight","Fine no high winds","Wet or damp","Bus and goods vehicle occupant"