"","accident_index","date","year","month","day","time","time_hour","time_minute","day_of_week","accident_severity","number_of_casualties","casualty_severity","casualty_type","casualty_class","sex_of_casualty","age_of_casualty","first_road_class","road_type","speed_limit","second_road_class","pedestrian_location","pedestrian_movement","location_easting_osgr","location_northing_osgr","lsoa_of_accident_location","number_of_vehicles","junction_detail","light_conditions","weather_conditions","road_surface_conditions","cas_type"
"2885","20151322O0219",2015-02-24,2015,"Feb",24,"08:50",8,50,"Tuesday","Slight",4,"Slight","Car occupant","Driver or rider","Male",29,"A","Single carriageway",60,NA,"Not a Pedestrian","Not a Pedestrian",437634,438085,"E01011715",3,"Not at junction or within 20 metres","Daylight","Fine no high winds","Wet or damp","Car occupant"
"2886","20151322O0220",2015-02-24,2015,"Feb",24,"08:53",8,53,"Tuesday","Slight",1,"Slight","Car occupant","Driver or rider","Male",28,"Unclassified","Single carriageway",30,NA,"Not a Pedestrian","Not a Pedestrian",429101,431733,"E01011366",2,"Not at junction or within 20 metres","Daylight","Fine no high winds","Dry","Car occupant"
"2887","20151322O0431",2015-02-24,2015,"Feb",24,"11:26",11,26,"Tuesday","Slight",1,"Slight","Car occupant","Driver or rider","Male",46,"Unclassified","Single carriageway",30,"Unclassified","Not a Pedestrian","Not a Pedestrian",431899,434893,"E01011677",2,"T or staggered junction","Daylight","Fine no high winds","Dry","Car occupant"
"2888","20151322O0940",2015-02-24,2015,"Feb",24,"17:15",17,15,"Tuesday","Slight",1,"Slight","Pedestrian","Pedestrian","Female",24,"A","Dual carriageway",30,NA,"In carriageway, crossing elsewhere","Crossing from driver's nearside",428460,432444,"E01011363",1,"Not at junction or within 20 metres","Daylight","Fine no high winds","Dry","Pedestrian"
"2889","20151322O2000",2015-02-24,2015,"Feb",24,"20:00",20,0,"Tuesday","Serious",1,"Serious","Goods vehicle (over 3.5t. and under 7.5t.) occupant","Driver or rider","Male",39,"A","Dual carriageway",40,"Unclassified","Not a Pedestrian","Not a Pedestrian",428107,426675,"E01011540",1,"T or staggered junction","Darkness - lights lit","Fine no high winds","Dry","Bus and goods vehicle occupant"
"2890","20151322P0838",2015-02-25,2015,"Feb",25,"08:35",8,35,"Wednesday","Slight",2,"Slight","Car occupant","Driver or rider","Female",27,"Unclassified","Single carriageway",30,"Unclassified","Not a Pedestrian","Not a Pedestrian",435055,428912,"E01011627",2,"T or staggered junction","Daylight","Fine no high winds","Dry","Car occupant"
"2891","20151322P0838",2015-02-25,2015,"Feb",25,"08:35",8,35,"Wednesday","Slight",2,"Slight","Car occupant","Driver or rider","Female",42,"Unclassified","Single carriageway",30,"Unclassified","Not a Pedestrian","Not a Pedestrian",435055,428912,"E01011627",2,"T or staggered junction","Daylight","Fine no high winds","Dry","Car occupant"
"2892","20151322P0597",2015-02-25,2015,"Feb",25,"08:50",8,50,"Wednesday","Slight",1,"Slight","Bus or coach occupant (17 or more pass seats)","Passenger","Female",44,"Unclassified","Single carriageway",30,NA,"Not a Pedestrian","Not a Pedestrian",426250,431949,"E01011737",2,"Not at junction or within 20 metres","Daylight","Fine no high winds","Dry","Bus and goods vehicle occupant"
"2893","20151322P1334",2015-02-25,2015,"Feb",25,"19:20",19,20,"Wednesday","Slight",6,"Slight","Car occupant","Driver or rider","Male",21,"Unclassified","Single carriageway",30,"Unclassified","Not a Pedestrian","Not a Pedestrian",428097,434507,"E01011481",2,"Crossroads","Darkness - lights lit","Fine no high winds","Wet or damp","Car occupant"
"2894","20151322P1334",2015-02-25,2015,"Feb",25,"19:20",19,20,"Wednesday","Slight",6,"Slight","Car occupant","Passenger","Female",52,"Unclassified","Single carriageway",30,"Unclassified","Not a Pedestrian","Not a Pedestrian",428097,434507,"E01011481",2,"Crossroads","Darkness - lights lit","Fine no high winds","Wet or damp","Car occupant"
"2895","20151322P1334",2015-02-25,2015,"Feb",25,"19:20",19,20,"Wednesday","Slight",6,"Slight","Car occupant","Passenger","Female",26,"Unclassified","Single carriageway",30,"Unclassified","Not a Pedestrian","Not a Pedestrian",428097,434507,"E01011481",2,"Crossroads","Darkness - lights lit","Fine no high winds","Wet or damp","Car occupant"
"2896","20151322P1334",2015-02-25,2015,"Feb",25,"19:20",19,20,"Wednesday","Slight",6,"Slight","Taxi/Private hire car occupant","Driver or rider","Male",32,"Unclassified","Single carriageway",30,"Unclassified","Not a Pedestrian","Not a Pedestrian",428097,434507,"E01011481",2,"Crossroads","Darkness - lights lit","Fine no high winds","Wet or damp","Car occupant"
"2897","20151322P1334",2015-02-25,2015,"Feb",25,"19:20",19,20,"Wednesday","Slight",6,"Slight","Taxi/Private hire car occupant","Passenger","Female",39,"Unclassified","Single carriageway",30,"Unclassified","Not a Pedestrian","Not a Pedestrian",428097,434507,"E01011481",2,"Crossroads","Darkness - lights lit","Fine no high winds","Wet or damp","Car occupant"
"2898","20151322P1334",2015-02-25,2015,"Feb",25,"19:20",19,20,"Wednesday","Slight",6,"Slight","Taxi/Private hire car occupant","Passenger","Female",35,"Unclassified","Single carriageway",30,"Unclassified","Not a Pedestrian","Not a Pedestrian",428097,434507,"E01011481",2,"Crossroads","Darkness - lights lit","Fine no high winds","Wet or damp","Car occupant"
"2899","20151322Q0226",2015-02-26,2015,"Feb",26,"07:40",7,40,"Thursday","Slight",2,"Slight","Car occupant","Driver or rider","Male",20,"A","Single carriageway",30,"Unclassified","Not a Pedestrian","Not a Pedestrian",424177,430454,"E01011728",2,"T or staggered junction","Daylight","Fine no high winds","Wet or damp","Car occupant"
"2900","20151322Q0226",2015-02-26,2015,"Feb",26,"07:40",7,40,"Thursday","Slight",2,"Slight","Car occupant","Driver or rider","Female",48,"A","Single carriageway",30,"Unclassified","Not a Pedestrian","Not a Pedestrian",424177,430454,"E01011728",2,"T or staggered junction","Daylight","Fine no high winds","Wet or damp","Car occupant"
"2901","20151322Q0270",2015-02-26,2015,"Feb",26,"08:36",8,36,"Thursday","Slight",1,"Slight","Cyclist","Driver or rider","Male",45,"A","Single carriageway",30,"Unclassified","Not a Pedestrian","Not a Pedestrian",427996,436017,"E01011440",2,"T or staggered junction","Daylight","Fine no high winds","Wet or damp","Cyclist"
"2902","20151322Q0461",2015-02-26,2015,"Feb",26,"11:07",11,7,"Thursday","Serious",1,"Serious","Pedestrian","Pedestrian","Male",20,"Unclassified","Single carriageway",30,NA,"On footway or verge","In carriageway, stationary - not crossing  (standing or playing)",429562,433444,"E01033008",1,"Not at junction or within 20 metres","Daylight","Fine no high winds","Wet or damp","Pedestrian"
"2903","20151322Q0937",2015-02-26,2015,"Feb",26,"16:10",16,10,"Thursday","Slight",5,"Slight","Car occupant","Driver or rider","Male",20,"A","Dual carriageway",60,NA,"Not a Pedestrian","Not a Pedestrian",423521,434343,"E01011337",7,"Not at junction or within 20 metres","Daylight","Fine no high winds","Dry","Car occupant"
"2904","20151322Q0937",2015-02-26,2015,"Feb",26,"16:10",16,10,"Thursday","Slight",5,"Slight","Car occupant","Passenger","Male",46,"A","Dual carriageway",60,NA,"Not a Pedestrian","Not a Pedestrian",423521,434343,"E01011337",7,"Not at junction or within 20 metres","Daylight","Fine no high winds","Dry","Car occupant"
"2905","20151322Q0937",2015-02-26,2015,"Feb",26,"16:10",16,10,"Thursday","Slight",5,"Slight","Car occupant","Driver or rider","Female",37,"A","Dual carriageway",60,NA,"Not a Pedestrian","Not a Pedestrian",423521,434343,"E01011337",7,"Not at junction or within 20 metres","Daylight","Fine no high winds","Dry","Car occupant"
"2906","20151322Q0937",2015-02-26,2015,"Feb",26,"16:10",16,10,"Thursday","Slight",5,"Slight","Car occupant","Driver or rider","Male",39,"A","Dual carriageway",60,NA,"Not a Pedestrian","Not a Pedestrian",423521,434343,"E01011337",7,"Not at junction or within 20 metres","Daylight","Fine no high winds","Dry","Car occupant"
"2907","20151322Q0937",2015-02-26,2015,"Feb",26,"16:10",16,10,"Thursday","Slight",5,"Slight","Car occupant","Passenger","Male",22,"A","Dual carriageway",60,NA,"Not a Pedestrian","Not a Pedestrian",423521,434343,"E01011337",7,"Not at junction or within 20 metres","Daylight","Fine no high winds","Dry","Car occupant"
"2908","20151322Q1166",2015-02-26,2015,"Feb",26,"18:10",18,10,"Thursday","Slight",1,"Slight","Car occupant","Passenger","Male",6,"Unclassified","Single carriageway",30,"Unclassified","Not a Pedestrian","Not a Pedestrian",426260,427860,"E01011533",2,"Other junction","Darkness - lights lit","Fine no high winds","Dry","Car occupant"
"2909","20151322Q1260",2015-02-26,2015,"Feb",26,"19:06",19,6,"Thursday","Slight",1,"Slight","Car occupant","Driver or rider","Male",35,"Unclassified","Single carriageway",30,"Unclassified","Not a Pedestrian","Not a Pedestrian",431980,435603,"E01011428",2,"T or staggered junction","Darkness - lights lit","Fine no high winds","Wet or damp","Car occupant"
"2910","20151322R0286",2015-02-27,2015,"Feb",27,"08:41",8,41,"Friday","Slight",3,"Slight","Car occupant","Driver or rider","Female",45,"Motorway","Dual carriageway",70,NA,"Not a Pedestrian","Not a Pedestrian",427897,431335,"E01011369",3,"Not at junction or within 20 metres","Daylight","Fine no high winds","Dry","Car occupant"
"2911","20151322R0286",2015-02-27,2015,"Feb",27,"08:41",8,41,"Friday","Slight",3,"Slight","Car occupant","Driver or rider","Male",28,"Motorway","Dual carriageway",70,NA,"Not a Pedestrian","Not a Pedestrian",427897,431335,"E01011369",3,"Not at junction or within 20 metres","Daylight","Fine no high winds","Dry","Car occupant"
"2912","20151322R0286",2015-02-27,2015,"Feb",27,"08:41",8,41,"Friday","Slight",3,"Slight","Car occupant","Passenger","Male",25,"Motorway","Dual carriageway",70,NA,"Not a Pedestrian","Not a Pedestrian",427897,431335,"E01011369",3,"Not at junction or within 20 metres","Daylight","Fine no high winds","Dry","Car occupant"
"2913","20151322R1506",2015-02-27,2015,"Feb",27,"20:15",20,15,"Friday","Slight",1,"Slight","Cyclist","Driver or rider","Male",48,"Unclassified","Single carriageway",30,"Unclassified","Not a Pedestrian","Not a Pedestrian",430124,435390,"E01011670",1,"T or staggered junction","Darkness - lights lit","Fine no high winds","Dry","Cyclist"
"2914","20151322R1697",2015-02-27,2015,"Feb",27,"22:25",22,25,"Friday","Slight",1,"Slight","Car occupant","Driver or rider","Male",40,"A","Dual carriageway",70,"A","Not a Pedestrian","Not a Pedestrian",422487,433980,"E01011610",1,"Slip road","Darkness - lights lit","Fine no high winds","Dry","Car occupant"
"2915","20151322S0252",2015-02-28,2015,"Feb",28,"03:22",3,22,"Saturday","Slight",1,"Slight","Pedestrian","Pedestrian","Male",20,"Unclassified","Single carriageway",30,NA,"In carriageway, crossing elsewhere","Crossing from offside - masked by  parked or stationary vehicle",428371,435023,"E01011445",2,"Not at junction or within 20 metres","Darkness - lights lit","Fine no high winds","Dry","Pedestrian"
"2916","2015132310685",2015-02-28,2015,"Feb",28,"10:30",10,30,"Saturday","Serious",1,"Serious","Pedestrian","Pedestrian","Female",90,"Unclassified","Single carriageway",30,NA,"On footway or verge","Unknown or other",422478,434670,"E01011335",1,"Not at junction or within 20 metres","Daylight","Fine no high winds","Dry","Pedestrian"
"2917","20151322S0753",2015-02-28,2015,"Feb",28,"11:00",11,0,"Saturday","Slight",1,"Slight","Car occupant","Driver or rider","Male",36,"A","Dual carriageway",30,"Unclassified","Not a Pedestrian","Not a Pedestrian",430555,435102,"E01011361",2,"Crossroads","Daylight","Fine no high winds","Wet or damp","Car occupant"
"2918","20151322S0907",2015-02-28,2015,"Feb",28,"13:39",13,39,"Saturday","Slight",1,"Slight","Cyclist","Driver or rider","Female",20,"Unclassified","Single carriageway",30,"Unclassified","Not a Pedestrian","Not a Pedestrian",428465,435252,"E01011445",2,"Crossroads","Daylight","Fine no high winds","Dry","Cyclist"
"2919","2015132220546",2015-02-28,2015,"Feb",28,"21:00",21,0,"Saturday","Slight",1,"Slight","Cyclist","Driver or rider","Male",21,"Unclassified","Single carriageway",30,NA,"Not a Pedestrian","Not a Pedestrian",422495,434672,"E01011335",2,"Not at junction or within 20 metres","Darkness - lighting unknown","Fine no high winds","Dry","Cyclist"
"2920","2015132310171",2015-03-01,2015,"Mar",1,"01:53",1,53,"Sunday","Slight",2,"Slight","Car occupant","Driver or rider","Female",54,"Motorway","Dual carriageway",70,NA,"Not a Pedestrian","Not a Pedestrian",435763,425932,"E01011636",2,"Not at junction or within 20 metres","Darkness - lights lit","Fine + high winds","Dry","Car occupant"
"2921","2015132310171",2015-03-01,2015,"Mar",1,"01:53",1,53,"Sunday","Slight",2,"Slight","Car occupant","Passenger","Female",90,"Motorway","Dual carriageway",70,NA,"Not a Pedestrian","Not a Pedestrian",435763,425932,"E01011636",2,"Not at junction or within 20 metres","Darkness - lights lit","Fine + high winds","Dry","Car occupant"
"2922","2015132310434",2015-03-01,2015,"Mar",1,"08:02",8,2,"Sunday","Serious",1,"Serious","Cyclist","Driver or rider","Male",20,"A","Roundabout",40,"A","Not a Pedestrian","Not a Pedestrian",426798,438033,"E01011687",2,"Roundabout","Daylight","Raining + high winds","Wet or damp","Cyclist"
"2923","2015132310816",2015-03-01,2015,"Mar",1,"13:00",13,0,"Sunday","Slight",1,"Slight","Pedestrian","Pedestrian","Female",39,"Unclassified","Single carriageway",20,NA,"Unknown or other","Unknown or other",429996,428144,"E01032498",1,"Not at junction or within 20 metres","Daylight","Raining no high winds","Dry","Pedestrian"
"2924","2015132310981",2015-03-01,2015,"Mar",1,"15:20",15,20,"Sunday","Slight",2,"Slight","Car occupant","Driver or rider","Female",31,"B","Single carriageway",30,NA,"Not a Pedestrian","Not a Pedestrian",433996,433979,"E01011341",3,"Not at junction or within 20 metres","Daylight","Fine no high winds","Wet or damp","Car occupant"
"2925","2015132310981",2015-03-01,2015,"Mar",1,"15:20",15,20,"Sunday","Slight",2,"Slight","Car occupant","Passenger","Female",57,"B","Single carriageway",30,NA,"Not a Pedestrian","Not a Pedestrian",433996,433979,"E01011341",3,"Not at junction or within 20 metres","Daylight","Fine no high winds","Wet or damp","Car occupant"
"2926","2015132320180",2015-03-02,2015,"Mar",2,"07:45",7,45,"Monday","Slight",1,"Slight","Car occupant","Driver or rider","Female",38,"Unclassified","Single carriageway",60,NA,"Not a Pedestrian","Not a Pedestrian",440337,435756,"E01011296",1,"Not at junction or within 20 metres","Daylight","Snowing no high winds","Snow","Car occupant"
"2927","2015132320464",2015-03-02,2015,"Mar",2,"11:20",11,20,"Monday","Serious",4,"Slight","Car occupant","Driver or rider","Female",60,"A","Single carriageway",60,NA,"Not a Pedestrian","Not a Pedestrian",432531,443163,"E01011561",3,"Not at junction or within 20 metres","Daylight","Snowing + high winds","Snow","Car occupant"
"2928","2015132320464",2015-03-02,2015,"Mar",2,"11:20",11,20,"Monday","Serious",4,"Serious","Car occupant","Passenger","Female",82,"A","Single carriageway",60,NA,"Not a Pedestrian","Not a Pedestrian",432531,443163,"E01011561",3,"Not at junction or within 20 metres","Daylight","Snowing + high winds","Snow","Car occupant"
"2929","2015132320464",2015-03-02,2015,"Mar",2,"11:20",11,20,"Monday","Serious",4,"Slight","Car occupant","Driver or rider","Male",80,"A","Single carriageway",60,NA,"Not a Pedestrian","Not a Pedestrian",432531,443163,"E01011561",3,"Not at junction or within 20 metres","Daylight","Snowing + high winds","Snow","Car occupant"
"2930","2015132320464",2015-03-02,2015,"Mar",2,"11:20",11,20,"Monday","Serious",4,"Slight","Car occupant","Driver or rider","Male",44,"A","Single carriageway",60,NA,"Not a Pedestrian","Not a Pedestrian",432531,443163,"E01011561",3,"Not at junction or within 20 metres","Daylight","Snowing + high winds","Snow","Car occupant"
"2931","2015132320601",2015-03-02,2015,"Mar",2,"12:41",12,41,"Monday","Slight",2,"Slight","Car occupant","Passenger","Male",2,"Unclassified","Single carriageway",30,"A","Not a Pedestrian","Not a Pedestrian",431804,435588,"E01011422",2,"T or staggered junction","Daylight","Fine no high winds","Dry","Car occupant"
"2932","2015132320601",2015-03-02,2015,"Mar",2,"12:41",12,41,"Monday","Slight",2,"Slight","Taxi/Private hire car occupant","Passenger","Female",91,"Unclassified","Single carriageway",30,"A","Not a Pedestrian","Not a Pedestrian",431804,435588,"E01011422",2,"T or staggered junction","Daylight","Fine no high winds","Dry","Car occupant"
"2933","2015132321341",2015-03-02,2015,"Mar",2,"19:30",19,30,"Monday","Slight",1,"Slight","Pedestrian","Pedestrian","Male",59,"Unclassified","Single carriageway",20,NA,"In carriageway, crossing elsewhere","Crossing from driver's nearside",430902,435952,"E01011357",1,"Not at junction or within 20 metres","Darkness - lights lit","Fine + high winds","Wet or damp","Pedestrian"
"2934","2015132320213",2015-03-03,2015,"Mar",3,"08:25",8,25,"Tuesday","Slight",2,"Slight","Taxi/Private hire car occupant","Passenger","Male",15,"Unclassified","Single carriageway",30,"Unclassified","Not a Pedestrian","Not a Pedestrian",429103,438857,"E01011560",2,"Crossroads","Daylight","Raining + high winds","Wet or damp","Car occupant"
"2935","2015132320213",2015-03-03,2015,"Mar",3,"08:25",8,25,"Tuesday","Slight",2,"Slight","Taxi/Private hire car occupant","Driver or rider","Male",43,"Unclassified","Single carriageway",30,"Unclassified","Not a Pedestrian","Not a Pedestrian",429103,438857,"E01011560",2,"Crossroads","Daylight","Raining + high winds","Wet or damp","Car occupant"
"2936","2015132330259",2015-03-03,2015,"Mar",3,"09:09",9,9,"Tuesday","Slight",1,"Slight","Car occupant","Passenger","Male",19,"A","Dual carriageway",40,NA,"Not a Pedestrian","Not a Pedestrian",432580,433787,"E01011615",5,"Not at junction or within 20 metres","Daylight","Raining no high winds","Wet or damp","Car occupant"
"2937","2015132330307",2015-03-03,2015,"Mar",3,"09:40",9,40,"Tuesday","Slight",1,"Slight","Car occupant","Driver or rider","Male",24,"A","Dual carriageway",30,"Motorway","Not a Pedestrian","Not a Pedestrian",428526,431536,"E01011366",2,"Roundabout","Daylight","Fine no high winds","Dry","Car occupant"
"2938","2015132330617",2015-03-03,2015,"Mar",3,"13:03",13,3,"Tuesday","Slight",2,"Slight","Car occupant","Driver or rider","Female",42,"A","Dual carriageway",30,"A","Not a Pedestrian","Not a Pedestrian",430679,434587,"E01011671",2,"Crossroads","Daylight","Fine no high winds","Dry","Car occupant"
"2939","2015132330617",2015-03-03,2015,"Mar",3,"13:03",13,3,"Tuesday","Slight",2,"Slight","Car occupant","Driver or rider","Male",83,"A","Dual carriageway",30,"A","Not a Pedestrian","Not a Pedestrian",430679,434587,"E01011671",2,"Crossroads","Daylight","Fine no high winds","Dry","Car occupant"
"2940","2015132340225",2015-03-03,2015,"Mar",3,"15:35",15,35,"Tuesday","Slight",1,"Slight","Car occupant","Driver or rider","Male",57,"Motorway","Slip road",70,"A","Not a Pedestrian","Not a Pedestrian",428609,431575,"E01011366",2,"Roundabout","Daylight","Raining no high winds","Wet or damp","Car occupant"
"2941","2015132330923",2015-03-03,2015,"Mar",3,"15:50",15,50,"Tuesday","Slight",1,"Slight","Car occupant","Passenger","Female",60,"Unclassified","Dual carriageway",30,NA,"Not a Pedestrian","Not a Pedestrian",429845,434638,"E01033005",2,"Not at junction or within 20 metres","Daylight","Fine no high winds","Dry","Car occupant"
"2942","2015132330970",2015-03-03,2015,"Mar",3,"16:36",16,36,"Tuesday","Slight",1,"Slight","Motorcycle 125cc and under rider or passenger","Driver or rider","Male",42,"A","Dual carriageway",40,"Unclassified","Not a Pedestrian","Not a Pedestrian",425685,434208,"E01011286",2,"T or staggered junction","Daylight","Fine no high winds","Dry","Motorcyclist and pillion"
"2943","20151323P0731",2015-03-03,2015,"Mar",3,"19:00",19,0,"Tuesday","Slight",3,"Slight","Car occupant","Driver or rider","Female",20,"Unclassified","Single carriageway",30,"Unclassified","Not a Pedestrian","Not a Pedestrian",428825,435232,"E01011444",2,"T or staggered junction","Darkness - lights lit","Fine no high winds","Dry","Car occupant"
"2944","20151323P0731",2015-03-03,2015,"Mar",3,"19:00",19,0,"Tuesday","Slight",3,"Slight","Car occupant","Passenger","Female",23,"Unclassified","Single carriageway",30,"Unclassified","Not a Pedestrian","Not a Pedestrian",428825,435232,"E01011444",2,"T or staggered junction","Darkness - lights lit","Fine no high winds","Dry","Car occupant"
"2945","20151323P0731",2015-03-03,2015,"Mar",3,"19:00",19,0,"Tuesday","Slight",3,"Slight","Car occupant","Passenger","Female",18,"Unclassified","Single carriageway",30,"Unclassified","Not a Pedestrian","Not a Pedestrian",428825,435232,"E01011444",2,"T or staggered junction","Darkness - lights lit","Fine no high winds","Dry","Car occupant"
"2946","2015132340188",2015-03-04,2015,"Mar",4,"07:08",7,8,"Wednesday","Slight",2,"Slight","Car occupant","Driver or rider","Male",62,"Motorway","Dual carriageway",70,NA,"Not a Pedestrian","Not a Pedestrian",436186,431165,"E01011420",3,"Not at junction or within 20 metres","Daylight","Fine no high winds","Dry","Car occupant"
"2947","2015132340188",2015-03-04,2015,"Mar",4,"07:08",7,8,"Wednesday","Slight",2,"Slight","Car occupant","Driver or rider","Female",23,"Motorway","Dual carriageway",70,NA,"Not a Pedestrian","Not a Pedestrian",436186,431165,"E01011420",3,"Not at junction or within 20 metres","Daylight","Fine no high winds","Dry","Car occupant"
"2948","2015132340457",2015-03-04,2015,"Mar",4,"11:05",11,5,"Wednesday","Slight",1,"Slight","Car occupant","Driver or rider","Male",82,"B","Single carriageway",30,NA,"Not a Pedestrian","Not a Pedestrian",421942,434350,"E01011587",3,"Not at junction or within 20 metres","Daylight","Fine no high winds","Dry","Car occupant"
"2949","2015132341058",2015-03-04,2015,"Mar",4,"16:45",16,45,"Wednesday","Slight",1,"Slight","Cyclist","Driver or rider","Male",26,"B","Single carriageway",30,"Unclassified","Not a Pedestrian","Not a Pedestrian",427824,436518,"E01011692",2,"T or staggered junction","Daylight","Fine no high winds","Dry","Cyclist"
"2950","2015132341183",2015-03-04,2015,"Mar",4,"17:52",17,52,"Wednesday","Slight",1,"Slight","Car occupant","Driver or rider","Female",43,"Unclassified","Single carriageway",30,NA,"Not a Pedestrian","Not a Pedestrian",426544,427134,"E01011541",2,"Not at junction or within 20 metres","Daylight","Fine no high winds","Dry","Car occupant"
"2951","2015132341625",2015-03-04,2015,"Mar",4,"22:16",22,16,"Wednesday","Slight",1,"Slight","Motorcycle 125cc and under rider or passenger","Driver or rider","Male",50,"B","Single carriageway",40,"Unclassified","Not a Pedestrian","Not a Pedestrian",434465,433702,"E01011616",2,"T or staggered junction","Darkness - lights lit","Fine no high winds","Dry","Motorcyclist and pillion"
"2952","2015132341666",2015-03-04,2015,"Mar",4,"22:45",22,45,"Wednesday","Slight",1,"Slight","Car occupant","Driver or rider","Female",23,"Unclassified","Dual carriageway",30,"Unclassified","Not a Pedestrian","Not a Pedestrian",429796,433924,"E01033010",2,"Crossroads","Daylight","Fine no high winds","Dry","Car occupant"
"2953","2015132350375",2015-03-05,2015,"Mar",5,"09:35",9,35,"Thursday","Slight",2,"Slight","Cyclist","Driver or rider","Male",20,"Unclassified","Dual carriageway",30,NA,"Not a Pedestrian","Not a Pedestrian",429198,435175,"E01033005",3,"Not at junction or within 20 metres","Daylight","Fine no high winds","Dry","Cyclist"
"2954","2015132350375",2015-03-05,2015,"Mar",5,"09:35",9,35,"Thursday","Slight",2,"Slight","Cyclist","Driver or rider","Female",19,"Unclassified","Dual carriageway",30,NA,"Not a Pedestrian","Not a Pedestrian",429198,435175,"E01033005",3,"Not at junction or within 20 metres","Daylight","Fine no high winds","Dry","Cyclist"
"2955","2015132351208",2015-03-05,2015,"Mar",5,"12:00",12,0,"Thursday","Slight",1,"Slight","Bus or coach occupant (17 or more pass seats)","Passenger","Female",60,"Unclassified","Single carriageway",30,NA,"Not a Pedestrian","Not a Pedestrian",429853,433793,"E01033008",1,"Not at junction or within 20 metres","Daylight","Fine no high winds","Dry","Bus and goods vehicle occupant"
"2956","2015132350803",2015-03-05,2015,"Mar",5,"13:30",13,30,"Thursday","Slight",1,"Slight","Car occupant","Driver or rider","Male",25,"A","Roundabout",40,"Unclassified","Not a Pedestrian","Not a Pedestrian",429793,438921,"E01011558",2,"Roundabout","Daylight","Fine no high winds","Dry","Car occupant"
"2957","2015132351575",2015-03-05,2015,"Mar",5,"17:15",17,15,"Thursday","Slight",1,"Slight","Bus or coach occupant (17 or more pass seats)","Passenger","Male",46,"Unclassified","Single carriageway",30,NA,"Not a Pedestrian","Not a Pedestrian",426963,439789,"E01011380",1,"Not at junction or within 20 metres","Daylight","Fine no high winds","Dry","Bus and goods vehicle occupant"
"2958","2015132351307",2015-03-05,2015,"Mar",5,"18:10",18,10,"Thursday","Slight",1,"Slight","Car occupant","Driver or rider","Female",60,"Unclassified","Single carriageway",30,NA,"Not a Pedestrian","Not a Pedestrian",423612,437965,"E01011459",1,"Not at junction or within 20 metres","Daylight","Fine no high winds","Dry","Car occupant"
"2959","2015132351681",2015-03-05,2015,"Mar",5,"21:50",21,50,"Thursday","Slight",1,"Slight","Car occupant","Driver or rider","Female",39,"A","Single carriageway",30,NA,"Not a Pedestrian","Not a Pedestrian",422247,442024,"E01032503",2,"Not at junction or within 20 metres","Darkness - lights lit","Fine no high winds","Dry","Car occupant"
"2960","2015132360395",2015-03-06,2015,"Mar",6,"09:50",9,50,"Friday","Slight",2,"Slight","Car occupant","Driver or rider","Female",43,"Unclassified","Single carriageway",30,"Unclassified","Not a Pedestrian","Not a Pedestrian",432063,436089,"E01011642",2,"Crossroads","Daylight","Fine no high winds","Dry","Car occupant"
"2961","2015132360395",2015-03-06,2015,"Mar",6,"09:50",9,50,"Friday","Slight",2,"Slight","Taxi/Private hire car occupant","Driver or rider","Male",57,"Unclassified","Single carriageway",30,"Unclassified","Not a Pedestrian","Not a Pedestrian",432063,436089,"E01011642",2,"Crossroads","Daylight","Fine no high winds","Dry","Car occupant"
"2962","2015132360564",2015-03-06,2015,"Mar",6,"11:38",11,38,"Friday","Serious",2,"Serious","Car occupant","Driver or rider","Male",21,"Unclassified","Single carriageway",30,"B","Not a Pedestrian","Not a Pedestrian",423539,435419,"E01011330",2,"Crossroads","Daylight","Fine no high winds","Dry","Car occupant"
"2963","2015132360564",2015-03-06,2015,"Mar",6,"11:38",11,38,"Friday","Serious",2,"Slight","Car occupant","Passenger","Male",24,"Unclassified","Single carriageway",30,"B","Not a Pedestrian","Not a Pedestrian",423539,435419,"E01011330",2,"Crossroads","Daylight","Fine no high winds","Dry","Car occupant"
"2964","2015132361013",2015-03-06,2015,"Mar",6,"15:35",15,35,"Friday","Slight",1,"Slight","Pedestrian","Pedestrian","Female",3,"Unclassified","Single carriageway",30,"Unclassified","In carriageway, crossing elsewhere","Crossing from offside - masked by  parked or stationary vehicle",440880,447976,"E01011705",1,"T or staggered junction","Daylight","Fine no high winds","Dry","Pedestrian"
"2965","2015132361157",2015-03-06,2015,"Mar",6,"16:45",16,45,"Friday","Slight",1,"Slight","Van / Goods vehicle (3.5 tonnes mgw or under) occupant","Driver or rider","Male",38,"Unclassified","Single carriageway",30,"B","Not a Pedestrian","Not a Pedestrian",425635,433081,"E01011725",2,"T or staggered junction","Daylight","Fine no high winds","Dry","Bus and goods vehicle occupant"
"2966","2015132361483",2015-03-06,2015,"Mar",6,"19:26",19,26,"Friday","Slight",1,"Slight","Car occupant","Driver or rider","Male",26,"Unclassified","Single carriageway",30,NA,"Not a Pedestrian","Not a Pedestrian",428336,431507,"E01011366",2,"Not at junction or within 20 metres","Darkness - lights lit","Fine no high winds","Dry","Car occupant"
"2967","2015132361492",2015-03-06,2015,"Mar",6,"19:30",19,30,"Friday","Slight",1,"Slight","Pedestrian","Pedestrian","Male",20,"Unclassified","Single carriageway",30,"Unclassified","Crossing on pedestrian crossing facility","Crossing from driver's offside",430792,433466,"E01033011",1,"T or staggered junction","Darkness - lights lit","Fine no high winds","Dry","Pedestrian"
"2968","2015132371525",2015-03-07,2015,"Mar",7,"11:45",11,45,"Saturday","Slight",1,"Slight","Bus or coach occupant (17 or more pass seats)","Passenger","Female",84,"B","Single carriageway",30,NA,"Not a Pedestrian","Not a Pedestrian",420578,433838,"E01011599",1,"Not at junction or within 20 metres","Daylight","Fine no high winds","Dry","Bus and goods vehicle occupant"