"","accident_index","date","year","month","day","time","time_hour","time_minute","day_of_week","accident_severity","number_of_casualties","casualty_severity","casualty_type","casualty_class","sex_of_casualty","age_of_casualty","first_road_class","road_type","speed_limit","second_road_class","pedestrian_location","pedestrian_movement","location_easting_osgr","location_northing_osgr","lsoa_of_accident_location","number_of_vehicles","junction_detail","light_conditions","weather_conditions","road_surface_conditions","cas_type"
"3051","20151323N0335",2015-03-23,2015,"Mar",23,"10:35",10,35,"Monday","Slight",1,"Slight","Cyclist","Passenger","Male",8,"Unclassified","Single carriageway",30,"Unclassified","Not a Pedestrian","Not a Pedestrian",425246,428923,"E01011522",2,"T or staggered junction","Daylight","Fine no high winds","Dry","Cyclist"
"3052","20151323N0837",2015-03-23,2015,"Mar",23,"13:50",13,50,"Monday","Slight",1,"Slight","Car occupant","Driver or rider","Female",33,"Motorway","Dual carriageway",70,NA,"Not a Pedestrian","Not a Pedestrian",432911,429583,"E01011470",2,"Not at junction or within 20 metres","Daylight","Fine no high winds","Dry","Car occupant"
"3053","20151323O0692",2015-03-24,2015,"Mar",24,"12:35",12,35,"Tuesday","Slight",2,"Slight","Car occupant","Driver or rider","Female",26,"Unclassified","Single carriageway",30,"B","Not a Pedestrian","Not a Pedestrian",428043,432831,"E01011362",2,"T or staggered junction","Daylight","Fine no high winds","Dry","Car occupant"
"3054","20151323O0692",2015-03-24,2015,"Mar",24,"12:35",12,35,"Tuesday","Slight",2,"Slight","Car occupant","Passenger","Male",53,"Unclassified","Single carriageway",30,"B","Not a Pedestrian","Not a Pedestrian",428043,432831,"E01011362",2,"T or staggered junction","Daylight","Fine no high winds","Dry","Car occupant"
"3055","20151323O0903",2015-03-24,2015,"Mar",24,"15:50",15,50,"Tuesday","Slight",1,"Slight","Car occupant","Driver or rider","Male",39,"Unclassified","Single carriageway",30,"Unclassified","Not a Pedestrian","Not a Pedestrian",430747,435587,"E01011360",2,"Crossroads","Daylight","Fine no high winds","Dry","Car occupant"
"3056","20151323O1054",2015-03-24,2015,"Mar",24,"17:00",17,0,"Tuesday","Slight",1,"Slight","Car occupant","Driver or rider","Male",56,"Unclassified","Single carriageway",30,NA,"Not a Pedestrian","Not a Pedestrian",431063,430402,"E01011471",3,"Not at junction or within 20 metres","Daylight","Fine no high winds","Dry","Car occupant"
"3057","20151323P0419",2015-03-25,2015,"Mar",25,"10:30",10,30,"Wednesday","Slight",1,"Slight","Cyclist","Driver or rider","Male",30,"Unclassified","Single carriageway",30,"Unclassified","Not a Pedestrian","Not a Pedestrian",432473,440147,"E01011566",2,"T or staggered junction","Daylight","Fine no high winds","Dry","Cyclist"
"3058","20151323N0612",2015-03-25,2015,"Mar",25,"12:06",12,6,"Wednesday","Slight",3,"Slight","Car occupant","Driver or rider","Female",31,"A","Single carriageway",30,"Unclassified","Not a Pedestrian","Not a Pedestrian",423866,434265,"E01011608",2,"Slip road","Daylight","Fine no high winds","Dry","Car occupant"
"3059","20151323N0612",2015-03-25,2015,"Mar",25,"12:06",12,6,"Wednesday","Slight",3,"Slight","Car occupant","Passenger","Male",2,"A","Single carriageway",30,"Unclassified","Not a Pedestrian","Not a Pedestrian",423866,434265,"E01011608",2,"Slip road","Daylight","Fine no high winds","Dry","Car occupant"
"3060","20151323N0612",2015-03-25,2015,"Mar",25,"12:06",12,6,"Wednesday","Slight",3,"Slight","Car occupant","Driver or rider","Male",46,"A","Single carriageway",30,"Unclassified","Not a Pedestrian","Not a Pedestrian",423866,434265,"E01011608",2,"Slip road","Daylight","Fine no high winds","Dry","Car occupant"
"3061","20151323P0631",2015-03-25,2015,"Mar",25,"13:07",13,7,"Wednesday","Slight",2,"Slight","Taxi/Private hire car occupant","Driver or rider","Male",57,"Unclassified","Single carriageway",30,NA,"Not a Pedestrian","Not a Pedestrian",432467,436501,"E01011645",2,"Not at junction or within 20 metres","Daylight","Fine no high winds","Dry","Car occupant"
"3062","20151323P0631",2015-03-25,2015,"Mar",25,"13:07",13,7,"Wednesday","Slight",2,"Slight","Car occupant","Driver or rider","Female",27,"Unclassified","Single carriageway",30,NA,"Not a Pedestrian","Not a Pedestrian",432467,436501,"E01011645",2,"Not at junction or within 20 metres","Daylight","Fine no high winds","Dry","Car occupant"
"3063","20151323P0647",2015-03-25,2015,"Mar",25,"13:15",13,15,"Wednesday","Serious",1,"Serious","Pedestrian","Pedestrian","Female",86,"Unclassified","Unknown",20,"Unclassified","Unknown or other","Unknown or other",440020,437467,"E01011309",1,"T or staggered junction","Daylight","Fine no high winds","Dry","Pedestrian"
"3064","20151323P1088",2015-03-25,2015,"Mar",25,"16:10",16,10,"Wednesday","Slight",1,"Slight","Cyclist","Driver or rider","Male",23,"Unclassified","Single carriageway",30,"Unclassified","Not a Pedestrian","Not a Pedestrian",432887,432128,"E01011621",2,"Private drive or entrance","Daylight","Fine no high winds","Dry","Cyclist"
"3065","20151323Q0531",2015-03-26,2015,"Mar",26,"11:35",11,35,"Thursday","Slight",1,"Slight","Car occupant","Driver or rider","Male",46,"Unclassified","Single carriageway",30,NA,"Not a Pedestrian","Not a Pedestrian",433645,432294,"E01011621",2,"Not at junction or within 20 metres","Daylight","Fine no high winds","Dry","Car occupant"
"3066","20151323Q0577",2015-03-26,2015,"Mar",26,"12:00",12,0,"Thursday","Slight",1,"Slight","Cyclist","Driver or rider","Male",24,"A","Dual carriageway",30,NA,"Not a Pedestrian","Not a Pedestrian",430052,432661,"E01033016",2,"Not at junction or within 20 metres","Daylight","Fine no high winds","Dry","Cyclist"
"3067","20151323Q0780",2015-03-26,2015,"Mar",26,"14:07",14,7,"Thursday","Slight",1,"Slight","Car occupant","Driver or rider","Male",39,"Unclassified","Single carriageway",30,"Unclassified","Not a Pedestrian","Not a Pedestrian",427472,436004,"E01011435",3,"T or staggered junction","Daylight","Fine no high winds","Dry","Car occupant"
"3068","20151323Q0798",2015-03-26,2015,"Mar",26,"14:55",14,55,"Thursday","Slight",1,"Slight","Pedestrian","Pedestrian","Female",19,"Unclassified","Single carriageway",20,NA,"In carriageway, crossing elsewhere","Crossing from offside - masked by  parked or stationary vehicle",427762,434693,"E01011483",1,"Not at junction or within 20 metres","Daylight","Fine + high winds","Dry","Pedestrian"
"3069","20151323P1019",2015-03-26,2015,"Mar",26,"16:52",16,52,"Thursday","Slight",1,"Slight","Pedestrian","Pedestrian","Male",67,"Unclassified","Single carriageway",30,NA,"On footway or verge","Unknown or other",424226,438984,"E01011459",1,"Not at junction or within 20 metres","Daylight","Fine no high winds","Dry","Pedestrian"
"3070","20151323Q1449",2015-03-26,2015,"Mar",26,"19:35",19,35,"Thursday","Slight",1,"Slight","Car occupant","Driver or rider","Female",31,"Unclassified","Single carriageway",30,"Unclassified","Not a Pedestrian","Not a Pedestrian",431955,434831,"E01011433",2,"T or staggered junction","Darkness - lights lit","Fine no high winds","Dry","Car occupant"
"3071","20151323R1384",2015-03-27,2015,"Mar",27,"07:48",7,48,"Friday","Slight",2,"Slight","Motorcycle over 125cc and up to 500cc rider or  passenger","Driver or rider","Male",28,"Motorway","Single carriageway",30,"A","Not a Pedestrian","Not a Pedestrian",430565,431807,"E01011364",2,"Slip road","Daylight","Fine no high winds","Dry","Motorcyclist and pillion"
"3072","20151323R1384",2015-03-27,2015,"Mar",27,"07:48",7,48,"Friday","Slight",2,"Slight","Car occupant","Driver or rider","Female",22,"Motorway","Single carriageway",30,"A","Not a Pedestrian","Not a Pedestrian",430565,431807,"E01011364",2,"Slip road","Daylight","Fine no high winds","Dry","Car occupant"
"3073","20151323R0238",2015-03-27,2015,"Mar",27,"08:10",8,10,"Friday","Serious",1,"Serious","Motorcycle 125cc and under rider or passenger","Driver or rider","Male",35,"Unclassified","Single carriageway",30,"Unclassified","Not a Pedestrian","Not a Pedestrian",427378,434918,"E01011482",2,"Crossroads","Daylight","Fine no high winds","Dry","Motorcyclist and pillion"
"3074","20151323R1537",2015-03-27,2015,"Mar",27,"20:30",20,30,"Friday","Serious",5,"Serious","Car occupant","Driver or rider","Male",68,"A","Single carriageway",60,"Unclassified","Not a Pedestrian","Not a Pedestrian",443109,433214,"E01011298",2,"T or staggered junction","Darkness - no lighting","Fine no high winds","Dry","Car occupant"
"3075","20151323R1537",2015-03-27,2015,"Mar",27,"20:30",20,30,"Friday","Serious",5,"Slight","Car occupant","Passenger","Male",71,"A","Single carriageway",60,"Unclassified","Not a Pedestrian","Not a Pedestrian",443109,433214,"E01011298",2,"T or staggered junction","Darkness - no lighting","Fine no high winds","Dry","Car occupant"
"3076","20151323R1537",2015-03-27,2015,"Mar",27,"20:30",20,30,"Friday","Serious",5,"Slight","Car occupant","Passenger","Male",73,"A","Single carriageway",60,"Unclassified","Not a Pedestrian","Not a Pedestrian",443109,433214,"E01011298",2,"T or staggered junction","Darkness - no lighting","Fine no high winds","Dry","Car occupant"
"3077","20151323R1537",2015-03-27,2015,"Mar",27,"20:30",20,30,"Friday","Serious",5,"Slight","Car occupant","Driver or rider","Female",21,"A","Single carriageway",60,"Unclassified","Not a Pedestrian","Not a Pedestrian",443109,433214,"E01011298",2,"T or staggered junction","Darkness - no lighting","Fine no high winds","Dry","Car occupant"
"3078","20151323R1537",2015-03-27,2015,"Mar",27,"20:30",20,30,"Friday","Serious",5,"Slight","Car occupant","Passenger","Female",19,"A","Single carriageway",60,"Unclassified","Not a Pedestrian","Not a Pedestrian",443109,433214,"E01011298",2,"T or staggered junction","Darkness - no lighting","Fine no high winds","Dry","Car occupant"
"3079","20151323S0535",2015-03-28,2015,"Mar",28,"10:15",10,15,"Saturday","Slight",1,"Slight","Motorcycle over 125cc and up to 500cc rider or  passenger","Driver or rider","Male",25,"Unclassified","Single carriageway",30,"Unclassified","Not a Pedestrian","Not a Pedestrian",433968,428869,"E01011639",2,"T or staggered junction","Daylight","Raining no high winds","Wet or damp","Motorcyclist and pillion"
"3080","20151323S0679",2015-03-28,2015,"Mar",28,"12:09",12,9,"Saturday","Slight",2,"Slight","Car occupant","Driver or rider","Female",30,"Unclassified","Single carriageway",20,"Unclassified","Not a Pedestrian","Not a Pedestrian",424419,438120,"E01011460",2,"Crossroads","Daylight","Fine no high winds","Dry","Car occupant"
"3081","20151323S0679",2015-03-28,2015,"Mar",28,"12:09",12,9,"Saturday","Slight",2,"Slight","Car occupant","Driver or rider","Female",48,"Unclassified","Single carriageway",20,"Unclassified","Not a Pedestrian","Not a Pedestrian",424419,438120,"E01011460",2,"Crossroads","Daylight","Fine no high winds","Dry","Car occupant"
"3082","20151323S0782",2015-03-28,2015,"Mar",28,"13:19",13,19,"Saturday","Slight",1,"Slight","Car occupant","Driver or rider","Male",28,"A","Single carriageway",40,"Unclassified","Not a Pedestrian","Not a Pedestrian",432959,439233,"E01011650",3,"Crossroads","Daylight","Fine no high winds","Dry","Car occupant"
"3083","20151323S1082",2015-03-28,2015,"Mar",28,"16:30",16,30,"Saturday","Slight",1,"Slight","Motorcycle over 500cc rider or passenger","Passenger","Male",16,"A","Dual carriageway",70,NA,"Not a Pedestrian","Not a Pedestrian",445458,431585,"E01011299",1,"Not at junction or within 20 metres","Daylight","Fine + high winds","Dry","Motorcyclist and pillion"
"3084","20151323S1440",2015-03-28,2015,"Mar",28,"20:15",20,15,"Saturday","Slight",2,"Slight","Motorcycle over 500cc rider or passenger","Driver or rider","Male",34,"A","Single carriageway",30,"Unclassified","Not a Pedestrian","Not a Pedestrian",428948,435472,"E01011444",2,"Crossroads","Darkness - lights lit","Fine no high winds","Dry","Motorcyclist and pillion"
"3085","20151323S1440",2015-03-28,2015,"Mar",28,"20:15",20,15,"Saturday","Slight",2,"Slight","Motorcycle over 500cc rider or passenger","Passenger","Female",29,"A","Single carriageway",30,"Unclassified","Not a Pedestrian","Not a Pedestrian",428948,435472,"E01011444",2,"Crossroads","Darkness - lights lit","Fine no high winds","Dry","Motorcyclist and pillion"
"3086","20151323S1509",2015-03-28,2015,"Mar",28,"20:57",20,57,"Saturday","Slight",2,"Slight","Car occupant","Driver or rider","Male",39,"Unclassified","Single carriageway",30,NA,"Not a Pedestrian","Not a Pedestrian",421074,441342,"E01011269",2,"Not at junction or within 20 metres","Darkness - lights lit","Raining no high winds","Wet or damp","Car occupant"
"3087","20151323S1509",2015-03-28,2015,"Mar",28,"20:57",20,57,"Saturday","Slight",2,"Slight","Car occupant","Passenger","Male",39,"Unclassified","Single carriageway",30,NA,"Not a Pedestrian","Not a Pedestrian",421074,441342,"E01011269",2,"Not at junction or within 20 metres","Darkness - lights lit","Raining no high winds","Wet or damp","Car occupant"
"3088","20151323P0215",2015-03-29,2015,"Mar",29,"08:30",8,30,"Sunday","Slight",1,"Slight","Pedestrian","Pedestrian","Male",69,"Unclassified","Single carriageway",30,"Unclassified","On footway or verge","Unknown or other",429949,424945,"E01011537",2,"T or staggered junction","Daylight","Fine no high winds","Dry","Pedestrian"
"3089","20151323T0510",2015-03-29,2015,"Mar",29,"11:40",11,40,"Sunday","Slight",4,"Slight","Car occupant","Passenger","Female",18,"Unclassified","Single carriageway",20,NA,"Not a Pedestrian","Not a Pedestrian",425264,432128,"E01011738",2,"Not at junction or within 20 metres","Daylight","Raining no high winds","Wet or damp","Car occupant"
"3090","20151323T0510",2015-03-29,2015,"Mar",29,"11:40",11,40,"Sunday","Slight",4,"Slight","Car occupant","Passenger","Male",2,"Unclassified","Single carriageway",20,NA,"Not a Pedestrian","Not a Pedestrian",425264,432128,"E01011738",2,"Not at junction or within 20 metres","Daylight","Raining no high winds","Wet or damp","Car occupant"
"3091","20151323T0510",2015-03-29,2015,"Mar",29,"11:40",11,40,"Sunday","Slight",4,"Slight","Car occupant","Driver or rider","Male",30,"Unclassified","Single carriageway",20,NA,"Not a Pedestrian","Not a Pedestrian",425264,432128,"E01011738",2,"Not at junction or within 20 metres","Daylight","Raining no high winds","Wet or damp","Car occupant"
"3092","20151323T0510",2015-03-29,2015,"Mar",29,"11:40",11,40,"Sunday","Slight",4,"Slight","Car occupant","Passenger","Female",25,"Unclassified","Single carriageway",20,NA,"Not a Pedestrian","Not a Pedestrian",425264,432128,"E01011738",2,"Not at junction or within 20 metres","Daylight","Raining no high winds","Wet or damp","Car occupant"
"3093","20151323T0535",2015-03-29,2015,"Mar",29,"12:15",12,15,"Sunday","Slight",1,"Slight","Cyclist","Driver or rider","Male",19,"Unclassified","Single carriageway",30,NA,"Not a Pedestrian","Not a Pedestrian",429104,432391,"E01033013",2,"Not at junction or within 20 metres","Daylight","Raining no high winds","Wet or damp","Cyclist"
"3094","20151323T0572",2015-03-29,2015,"Mar",29,"12:50",12,50,"Sunday","Slight",1,"Slight","Cyclist","Driver or rider","Male",40,"Unclassified","Single carriageway",30,"Unclassified","Not a Pedestrian","Not a Pedestrian",430683,432922,"E01033018",2,"T or staggered junction","Daylight","Raining no high winds","Wet or damp","Cyclist"
"3095","20151323T0873",2015-03-29,2015,"Mar",29,"16:20",16,20,"Sunday","Slight",1,"Slight","Cyclist","Driver or rider","Male",4,"Unclassified","Single carriageway",30,"Unclassified","Not a Pedestrian","Not a Pedestrian",432784,435395,"E01011431",2,"Crossroads","Daylight","Fine + high winds","Dry","Cyclist"
"3096","20151323T1348",2015-03-29,2015,"Mar",29,"22:41",22,41,"Sunday","Slight",1,"Slight","Cyclist","Driver or rider","Male",16,"Unclassified","Single carriageway",30,"Unclassified","Not a Pedestrian","Not a Pedestrian",428486,434449,"E01011681",2,"T or staggered junction","Daylight","Fine no high winds","Dry","Cyclist"
"3097","20151323U0260",2015-03-30,2015,"Mar",30,"09:00",9,0,"Monday","Slight",1,"Slight","Pedestrian","Pedestrian","Female",22,"Unclassified","Single carriageway",30,NA,"In carriageway, crossing elsewhere","Crossing from driver's nearside",426034,439482,"E01011388",1,"Not at junction or within 20 metres","Daylight","Fine no high winds","Dry","Pedestrian"
"3098","20151323U0437",2015-03-30,2015,"Mar",30,"11:00",11,0,"Monday","Slight",1,"Slight","Cyclist","Driver or rider","Male",20,"Unclassified","Single carriageway",30,NA,"Not a Pedestrian","Not a Pedestrian",431042,436500,"E01011356",2,"Not at junction or within 20 metres","Daylight","Fine no high winds","Dry","Cyclist"
"3099","20151323U0452",2015-03-30,2015,"Mar",30,"11:10",11,10,"Monday","Slight",1,"Slight","Van / Goods vehicle (3.5 tonnes mgw or under) occupant","Driver or rider","Male",25,"A(M)","Dual carriageway",70,NA,"Not a Pedestrian","Not a Pedestrian",444763,432446,"E01011297",2,"Not at junction or within 20 metres","Daylight","Fine no high winds","Dry","Bus and goods vehicle occupant"
"3100","20151323U1433",2015-03-30,2015,"Mar",30,"18:25",18,25,"Monday","Slight",1,"Slight","Cyclist","Driver or rider","Male",56,"Unclassified","Single carriageway",30,"Unclassified","Not a Pedestrian","Not a Pedestrian",428014,435482,"E01011442",2,"T or staggered junction","Daylight","Raining no high winds","Wet or damp","Cyclist"
"3101","20151323V0433",2015-03-30,2015,"Mar",30,"21:20",21,20,"Monday","Slight",1,"Slight","Cyclist","Driver or rider","Male",31,"Unclassified","Single carriageway",30,"Unclassified","Not a Pedestrian","Not a Pedestrian",430868,436344,"E01011356",2,"T or staggered junction","Darkness - lights lit","Raining no high winds","Wet or damp","Cyclist"
"3102","20151323V0060",2015-03-31,2015,"Mar",31,"01:04",1,4,"Tuesday","Slight",4,"Slight","Car occupant","Passenger","Male",47,"Unclassified","Single carriageway",30,NA,"Not a Pedestrian","Not a Pedestrian",432175,435631,"E01011427",2,"Not at junction or within 20 metres","Darkness - lights lit","Raining + high winds","Wet or damp","Car occupant"
"3103","20151323V0060",2015-03-31,2015,"Mar",31,"01:04",1,4,"Tuesday","Slight",4,"Slight","Car occupant","Passenger","Male",23,"Unclassified","Single carriageway",30,NA,"Not a Pedestrian","Not a Pedestrian",432175,435631,"E01011427",2,"Not at junction or within 20 metres","Darkness - lights lit","Raining + high winds","Wet or damp","Car occupant"
"3104","20151323V0060",2015-03-31,2015,"Mar",31,"01:04",1,4,"Tuesday","Slight",4,"Slight","Car occupant","Passenger","Male",15,"Unclassified","Single carriageway",30,NA,"Not a Pedestrian","Not a Pedestrian",432175,435631,"E01011427",2,"Not at junction or within 20 metres","Darkness - lights lit","Raining + high winds","Wet or damp","Car occupant"
"3105","20151323V0060",2015-03-31,2015,"Mar",31,"01:04",1,4,"Tuesday","Slight",4,"Slight","Car occupant","Passenger","Male",18,"Unclassified","Single carriageway",30,NA,"Not a Pedestrian","Not a Pedestrian",432175,435631,"E01011427",2,"Not at junction or within 20 metres","Darkness - lights lit","Raining + high winds","Wet or damp","Car occupant"
"3106","20151323V0122",2015-03-31,2015,"Mar",31,"02:24",2,24,"Tuesday","Slight",2,"Slight","Car occupant","Driver or rider","Female",41,"A","Dual carriageway",40,"A","Not a Pedestrian","Not a Pedestrian",432021,435878,"E01011647",1,"T or staggered junction","Darkness - lights lit","Raining + high winds","Wet or damp","Car occupant"
"3107","20151323V0122",2015-03-31,2015,"Mar",31,"02:24",2,24,"Tuesday","Slight",2,"Slight","Car occupant","Passenger","Male",39,"A","Dual carriageway",40,"A","Not a Pedestrian","Not a Pedestrian",432021,435878,"E01011647",1,"T or staggered junction","Darkness - lights lit","Raining + high winds","Wet or damp","Car occupant"
"3108","20151323V1162",2015-03-31,2015,"Mar",31,"12:00",12,0,"Tuesday","Slight",1,"Slight","Pedestrian","Pedestrian","Male",39,"Unclassified","Single carriageway",30,NA,"Unknown or other","Crossing from driver's nearside",430113,434139,"E01033010",1,"Not at junction or within 20 metres","Daylight","Fine no high winds","Dry","Pedestrian"
"3109","20151323V1374",2015-03-31,2015,"Mar",31,"19:35",19,35,"Tuesday","Serious",1,"Serious","Pedestrian","Pedestrian","Male",54,"Unclassified","Single carriageway",30,NA,"In carriageway, not crossing","Unknown or other",420537,441180,"E01011269",2,"Not at junction or within 20 metres","Daylight","Fine + high winds","Wet or damp","Pedestrian"
"3110","20151323V1543",2015-03-31,2015,"Mar",31,"20:10",20,10,"Tuesday","Slight",1,"Slight","Car occupant","Driver or rider","Male",32,"Unclassified","Single carriageway",30,"Unclassified","Not a Pedestrian","Not a Pedestrian",432672,436912,"E01011645",2,"More than 4 arms (not roundabout)","Darkness - lights lit","Raining no high winds","Wet or damp","Car occupant"
"3111","2015132410323",2015-04-01,2015,"Apr",1,"07:20",7,20,"Wednesday","Slight",1,"Slight","Car occupant","Driver or rider","Female",19,"Unclassified","Single carriageway",30,NA,"Not a Pedestrian","Not a Pedestrian",429939,427156,"E01011492",2,"Not at junction or within 20 metres","Daylight","Fine no high winds","Dry","Car occupant"
"3112","2015132410244",2015-04-01,2015,"Apr",1,"08:37",8,37,"Wednesday","Serious",1,"Serious","Pedestrian","Pedestrian","Male",29,"Unclassified","Single carriageway",30,NA,"In carriageway, crossing elsewhere","Crossing from driver's nearside",428947,431095,"E01011370",1,"Not at junction or within 20 metres","Daylight","Raining no high winds","Wet or damp","Pedestrian"
"3113","2015132410297",2015-04-01,2015,"Apr",1,"09:18",9,18,"Wednesday","Slight",1,"Slight","Car occupant","Driver or rider","Female",27,"Unclassified","Single carriageway",30,NA,"Not a Pedestrian","Not a Pedestrian",430954,435909,"E01011356",2,"Not at junction or within 20 metres","Daylight","Fine no high winds","Dry","Car occupant"
"3114","2015132410505",2015-04-01,2015,"Apr",1,"11:50",11,50,"Wednesday","Slight",3,"Slight","Car occupant","Driver or rider","Female",36,"A","Single carriageway",60,NA,"Not a Pedestrian","Not a Pedestrian",440579,426178,"E01011395",1,"Not at junction or within 20 metres","Daylight","Fine + high winds","Dry","Car occupant"
"3115","2015132410505",2015-04-01,2015,"Apr",1,"11:50",11,50,"Wednesday","Slight",3,"Slight","Car occupant","Passenger","Male",6,"A","Single carriageway",60,NA,"Not a Pedestrian","Not a Pedestrian",440579,426178,"E01011395",1,"Not at junction or within 20 metres","Daylight","Fine + high winds","Dry","Car occupant"
"3116","2015132410505",2015-04-01,2015,"Apr",1,"11:50",11,50,"Wednesday","Slight",3,"Slight","Car occupant","Passenger","Male",3,"A","Single carriageway",60,NA,"Not a Pedestrian","Not a Pedestrian",440579,426178,"E01011395",1,"Not at junction or within 20 metres","Daylight","Fine + high winds","Dry","Car occupant"
"3117","2015132410581",2015-04-01,2015,"Apr",1,"12:29",12,29,"Wednesday","Serious",1,"Serious","Pedestrian","Pedestrian","Female",75,"Unclassified","Single carriageway",30,"B","Crossing on pedestrian crossing facility","Crossing from driver's nearside",423426,437612,"E01011465",1,"T or staggered junction","Daylight","Fine no high winds","Dry","Pedestrian"
"3118","2015132410639",2015-04-01,2015,"Apr",1,"13:11",13,11,"Wednesday","Slight",2,"Slight","Car occupant","Driver or rider","Male",25,"A","Single carriageway",40,"Unclassified","Not a Pedestrian","Not a Pedestrian",422974,443050,"E01032503",3,"Crossroads","Daylight","Raining no high winds","Wet or damp","Car occupant"
"3119","2015132410639",2015-04-01,2015,"Apr",1,"13:11",13,11,"Wednesday","Slight",2,"Slight","Car occupant","Driver or rider","Male",19,"A","Single carriageway",40,"Unclassified","Not a Pedestrian","Not a Pedestrian",422974,443050,"E01032503",3,"Crossroads","Daylight","Raining no high winds","Wet or damp","Car occupant"
"3120","2015132411078",2015-04-01,2015,"Apr",1,"17:10",17,10,"Wednesday","Slight",1,"Slight","Car occupant","Driver or rider","Male",65,"Unclassified","Single carriageway",30,"Unclassified","Not a Pedestrian","Not a Pedestrian",426560,437636,"E01011687",2,"Crossroads","Daylight","Fine no high winds","Dry","Car occupant"
"3121","2015132420907",2015-04-01,2015,"Apr",1,"17:30",17,30,"Wednesday","Slight",1,"Slight","Cyclist","Driver or rider","Male",22,"Unclassified","Single carriageway",30,"Unclassified","Not a Pedestrian","Not a Pedestrian",433387,436914,"E01011643",2,"T or staggered junction","Daylight","Fine no high winds","Dry","Cyclist"
"3122","20151324U1189",2015-04-01,2015,"Apr",1,"18:25",18,25,"Wednesday","Slight",1,"Slight","Cyclist","Driver or rider","Male",50,"A","Single carriageway",30,"Unclassified","Not a Pedestrian","Not a Pedestrian",418020,442669,"E01011266",2,"T or staggered junction","Daylight","Fine no high winds","Dry","Cyclist"
"3123","2015132411225",2015-04-01,2015,"Apr",1,"18:29",18,29,"Wednesday","Slight",2,"Slight","Car occupant","Passenger","Male",8,"Unclassified","Single carriageway",30,"Unclassified","Not a Pedestrian","Not a Pedestrian",433313,426326,"E01011500",2,"Crossroads","Daylight","Raining no high winds","Wet or damp","Car occupant"
"3124","2015132411225",2015-04-01,2015,"Apr",1,"18:29",18,29,"Wednesday","Slight",2,"Slight","Car occupant","Driver or rider","Male",44,"Unclassified","Single carriageway",30,"Unclassified","Not a Pedestrian","Not a Pedestrian",433313,426326,"E01011500",2,"Crossroads","Daylight","Raining no high winds","Wet or damp","Car occupant"
"3125","2015132411393",2015-04-01,2015,"Apr",1,"20:05",20,5,"Wednesday","Slight",2,"Slight","Car occupant","Driver or rider","Male",24,"Unclassified","Single carriageway",30,"Unclassified","Not a Pedestrian","Not a Pedestrian",431402,435029,"E01011673",3,"Crossroads","Darkness - lights lit","Fine no high winds","Wet or damp","Car occupant"
"3126","2015132411393",2015-04-01,2015,"Apr",1,"20:05",20,5,"Wednesday","Slight",2,"Slight","Car occupant","Driver or rider","Male",25,"Unclassified","Single carriageway",30,"Unclassified","Not a Pedestrian","Not a Pedestrian",431402,435029,"E01011673",3,"Crossroads","Darkness - lights lit","Fine no high winds","Wet or damp","Car occupant"
"3127","2015132420258",2015-04-02,2015,"Apr",2,"08:30",8,30,"Thursday","Slight",1,"Slight","Cyclist","Driver or rider","Male",34,"Unclassified","Dual carriageway",30,"Unclassified","Not a Pedestrian","Not a Pedestrian",432060,435967,"E01011647",2,"T or staggered junction","Daylight","Fine no high winds","Dry","Cyclist"
"3128","2015132420283",2015-04-02,2015,"Apr",2,"08:48",8,48,"Thursday","Slight",1,"Slight","Pedestrian","Pedestrian","Female",20,"Unclassified","Single carriageway",20,"Unclassified","In carriageway, crossing elsewhere","Crossing from driver's offside",427505,435442,"E01011480",1,"T or staggered junction","Daylight","Fine no high winds","Dry","Pedestrian"
"3129","2015132421224",2015-04-02,2015,"Apr",2,"16:45",16,45,"Thursday","Slight",1,"Slight","Cyclist","Driver or rider","Male",29,"Unclassified","Single carriageway",30,"Unclassified","Not a Pedestrian","Not a Pedestrian",430849,434069,"E01033031",2,"Private drive or entrance","Daylight","Fine no high winds","Dry","Cyclist"
"3130","2015132421638",2015-04-02,2015,"Apr",2,"20:30",20,30,"Thursday","Slight",1,"Slight","Cyclist","Driver or rider","Male",38,"Unclassified","Single carriageway",30,"B","Not a Pedestrian","Not a Pedestrian",423192,434656,"E01011337",2,"Crossroads","Darkness - lights lit","Fine no high winds","Dry","Cyclist"
"3131","2015132421679",2015-04-02,2015,"Apr",2,"21:00",21,0,"Thursday","Serious",1,"Serious","Pedestrian","Pedestrian","Male",48,"A","Single carriageway",30,NA,"In carriageway, crossing elsewhere","Crossing from driver's nearside",431916,435768,"E01011422",1,"Not at junction or within 20 metres","Darkness - lights lit","Fine no high winds","Dry","Pedestrian"
"3132","2015132430623",2015-04-03,2015,"Apr",3,"12:36",12,36,"Friday","Slight",1,"Slight","Car occupant","Driver or rider","Male",37,"B","Single carriageway",30,NA,"Not a Pedestrian","Not a Pedestrian",432139,435308,"E01011432",2,"Not at junction or within 20 metres","Daylight","Fine no high winds","Wet or damp","Car occupant"
"3133","2015132441311",2015-04-04,2015,"Apr",4,"19:10",19,10,"Saturday","Slight",1,"Slight","Car occupant","Driver or rider","Male",44,"Unclassified","Single carriageway",30,"Unclassified","Not a Pedestrian","Not a Pedestrian",430801,435344,"E01011360",2,"Crossroads","Daylight","Fine no high winds","Dry","Car occupant"