"","accident_index","date","year","month","day","time","time_hour","time_minute","day_of_week","accident_severity","number_of_casualties","casualty_severity","casualty_type","casualty_class","sex_of_casualty","age_of_casualty","first_road_class","road_type","speed_limit","second_road_class","pedestrian_location","pedestrian_movement","location_easting_osgr","location_northing_osgr","lsoa_of_accident_location","number_of_vehicles","junction_detail","light_conditions","weather_conditions","road_surface_conditions","cas_type"
"3134","2015132441585",2015-04-04,2015,"Apr",4,"21:29",21,29,"Saturday","Serious",4,"Slight","Car occupant","Driver or rider","Male",25,"Unclassified","Single carriageway",30,"Unclassified","Not a Pedestrian","Not a Pedestrian",430486,437095,"E01011352",3,"T or staggered junction","Darkness - lights lit","Fine no high winds","Dry","Car occupant"
"3135","2015132441585",2015-04-04,2015,"Apr",4,"21:29",21,29,"Saturday","Serious",4,"Slight","Car occupant","Driver or rider","Female",20,"Unclassified","Single carriageway",30,"Unclassified","Not a Pedestrian","Not a Pedestrian",430486,437095,"E01011352",3,"T or staggered junction","Darkness - lights lit","Fine no high winds","Dry","Car occupant"
"3136","2015132441585",2015-04-04,2015,"Apr",4,"21:29",21,29,"Saturday","Serious",4,"Slight","Car occupant","Passenger","Female",20,"Unclassified","Single carriageway",30,"Unclassified","Not a Pedestrian","Not a Pedestrian",430486,437095,"E01011352",3,"T or staggered junction","Darkness - lights lit","Fine no high winds","Dry","Car occupant"
"3137","2015132441585",2015-04-04,2015,"Apr",4,"21:29",21,29,"Saturday","Serious",4,"Serious","Pedestrian","Pedestrian","Female",46,"Unclassified","Single carriageway",30,"Unclassified","On footway or verge","Unknown or other",430486,437095,"E01011352",3,"T or staggered junction","Darkness - lights lit","Fine no high winds","Dry","Pedestrian"
"3138","2015132450877",2015-04-05,2015,"Apr",5,"03:00",3,0,"Sunday","Slight",1,"Slight","Pedestrian","Pedestrian","Male",29,"Unclassified","One way street",30,NA,"Unknown or other","Unknown or other",430333,433353,"E01033010",1,"Not at junction or within 20 metres","Darkness - lighting unknown","Fine no high winds","Wet or damp","Pedestrian"
"3139","2015132450446",2015-04-05,2015,"Apr",5,"09:15",9,15,"Sunday","Slight",1,"Slight","Cyclist","Driver or rider","Male",44,"A","Roundabout",40,"A","Not a Pedestrian","Not a Pedestrian",426807,438051,"E01011687",2,"Roundabout","Daylight","Fine no high winds","Dry","Cyclist"
"3140","2015132460843",2015-04-06,2015,"Apr",6,"14:35",14,35,"Monday","Slight",1,"Slight","Car occupant","Passenger","Male",4,"A","Dual carriageway",40,NA,"Not a Pedestrian","Not a Pedestrian",436044,436625,"E01011720",3,"Not at junction or within 20 metres","Daylight","Fine no high winds","Dry","Car occupant"
"3141","2015132460978",2015-04-06,2015,"Apr",6,"15:00",15,0,"Monday","Slight",5,"Slight","Car occupant","Driver or rider","Male",66,"A","Single carriageway",50,"Unclassified","Not a Pedestrian","Not a Pedestrian",442804,430043,"E01011303",2,"Private drive or entrance","Daylight","Fine no high winds","Dry","Car occupant"
"3142","2015132460978",2015-04-06,2015,"Apr",6,"15:00",15,0,"Monday","Slight",5,"Slight","Car occupant","Passenger","Female",69,"A","Single carriageway",50,"Unclassified","Not a Pedestrian","Not a Pedestrian",442804,430043,"E01011303",2,"Private drive or entrance","Daylight","Fine no high winds","Dry","Car occupant"
"3143","2015132460978",2015-04-06,2015,"Apr",6,"15:00",15,0,"Monday","Slight",5,"Slight","Car occupant","Passenger","Male",32,"A","Single carriageway",50,"Unclassified","Not a Pedestrian","Not a Pedestrian",442804,430043,"E01011303",2,"Private drive or entrance","Daylight","Fine no high winds","Dry","Car occupant"
"3144","2015132460978",2015-04-06,2015,"Apr",6,"15:00",15,0,"Monday","Slight",5,"Slight","Car occupant","Passenger","Female",7,"A","Single carriageway",50,"Unclassified","Not a Pedestrian","Not a Pedestrian",442804,430043,"E01011303",2,"Private drive or entrance","Daylight","Fine no high winds","Dry","Car occupant"
"3145","2015132460978",2015-04-06,2015,"Apr",6,"15:00",15,0,"Monday","Slight",5,"Slight","Car occupant","Passenger","Female",27,"A","Single carriageway",50,"Unclassified","Not a Pedestrian","Not a Pedestrian",442804,430043,"E01011303",2,"Private drive or entrance","Daylight","Fine no high winds","Dry","Car occupant"
"3146","2015132460974",2015-04-06,2015,"Apr",6,"15:45",15,45,"Monday","Slight",1,"Slight","Pedestrian","Pedestrian","Female",26,"A","Single carriageway",30,"Unclassified","In carriageway, not crossing","In carriageway, stationary - not crossing  (standing or playing)",430667,433033,"E01033019",1,"T or staggered junction","Daylight","Fine no high winds","Dry","Pedestrian"
"3147","2015132461335",2015-04-06,2015,"Apr",6,"19:04",19,4,"Monday","Slight",2,"Slight","Car occupant","Driver or rider","Male",19,"Unclassified","Single carriageway",30,"Unclassified","Not a Pedestrian","Not a Pedestrian",435316,433760,"E01011417",3,"Private drive or entrance","Daylight","Fine no high winds","Dry","Car occupant"
"3148","2015132461335",2015-04-06,2015,"Apr",6,"19:04",19,4,"Monday","Slight",2,"Slight","Car occupant","Passenger","Female",48,"Unclassified","Single carriageway",30,"Unclassified","Not a Pedestrian","Not a Pedestrian",435316,433760,"E01011417",3,"Private drive or entrance","Daylight","Fine no high winds","Dry","Car occupant"
"3149","2015132461649",2015-04-06,2015,"Apr",6,"20:35",20,35,"Monday","Slight",1,"Slight","Car occupant","Driver or rider","Male",18,"Unclassified","Dual carriageway",30,NA,"Not a Pedestrian","Not a Pedestrian",433143,436137,"E01011648",2,"Not at junction or within 20 metres","Daylight","Fine no high winds","Dry","Car occupant"
"3150","2015132461835",2015-04-06,2015,"Apr",6,"23:35",23,35,"Monday","Slight",2,"Slight","Car occupant","Driver or rider","Male",40,"Unclassified","Single carriageway",30,"Unclassified","Not a Pedestrian","Not a Pedestrian",431328,435459,"E01011361",2,"T or staggered junction","Darkness - lights lit","Fine no high winds","Dry","Car occupant"
"3151","2015132461835",2015-04-06,2015,"Apr",6,"23:35",23,35,"Monday","Slight",2,"Slight","Car occupant","Passenger","Male",34,"Unclassified","Single carriageway",30,"Unclassified","Not a Pedestrian","Not a Pedestrian",431328,435459,"E01011361",2,"T or staggered junction","Darkness - lights lit","Fine no high winds","Dry","Car occupant"
"3152","2015132470212",2015-04-07,2015,"Apr",7,"06:50",6,50,"Tuesday","Serious",5,"Slight","Minibus (8 - 16 passenger seats) occupant","Driver or rider","Male",74,"Unclassified","Single carriageway",60,NA,"Not a Pedestrian","Not a Pedestrian",428477,440937,"E01011554",3,"Not at junction or within 20 metres","Daylight","Fine no high winds","Dry","Bus and goods vehicle occupant"
"3153","2015132470212",2015-04-07,2015,"Apr",7,"06:50",6,50,"Tuesday","Serious",5,"Serious","Minibus (8 - 16 passenger seats) occupant","Passenger","Male",63,"Unclassified","Single carriageway",60,NA,"Not a Pedestrian","Not a Pedestrian",428477,440937,"E01011554",3,"Not at junction or within 20 metres","Daylight","Fine no high winds","Dry","Bus and goods vehicle occupant"
"3154","2015132470212",2015-04-07,2015,"Apr",7,"06:50",6,50,"Tuesday","Serious",5,"Slight","Minibus (8 - 16 passenger seats) occupant","Passenger","Female",69,"Unclassified","Single carriageway",60,NA,"Not a Pedestrian","Not a Pedestrian",428477,440937,"E01011554",3,"Not at junction or within 20 metres","Daylight","Fine no high winds","Dry","Bus and goods vehicle occupant"
"3155","2015132470212",2015-04-07,2015,"Apr",7,"06:50",6,50,"Tuesday","Serious",5,"Slight","Car occupant","Driver or rider","Male",72,"Unclassified","Single carriageway",60,NA,"Not a Pedestrian","Not a Pedestrian",428477,440937,"E01011554",3,"Not at junction or within 20 metres","Daylight","Fine no high winds","Dry","Car occupant"
"3156","2015132470212",2015-04-07,2015,"Apr",7,"06:50",6,50,"Tuesday","Serious",5,"Slight","Car occupant","Passenger","Female",70,"Unclassified","Single carriageway",60,NA,"Not a Pedestrian","Not a Pedestrian",428477,440937,"E01011554",3,"Not at junction or within 20 metres","Daylight","Fine no high winds","Dry","Car occupant"
"3157","2015132470302",2015-04-07,2015,"Apr",7,"08:50",8,50,"Tuesday","Slight",1,"Slight","Car occupant","Driver or rider","Female",25,"A","Roundabout",70,"Unclassified","Not a Pedestrian","Not a Pedestrian",428408,428707,"E01011531",3,"Roundabout","Daylight","Fine no high winds","Dry","Car occupant"
"3158","2015132471090",2015-04-07,2015,"Apr",7,"15:45",15,45,"Tuesday","Slight",1,"Slight","Pedestrian","Pedestrian","Female",20,"Unclassified","Single carriageway",20,NA,"Crossing on pedestrian crossing facility","Crossing from driver's nearside",428333,429426,"E01011531",1,"Not at junction or within 20 metres","Daylight","Fine no high winds","Dry","Pedestrian"
"3159","2015132471402",2015-04-07,2015,"Apr",7,"17:10",17,10,"Tuesday","Slight",1,"Slight","Bus or coach occupant (17 or more pass seats)","Passenger","Male",55,"A","Dual carriageway",30,"B","Not a Pedestrian","Not a Pedestrian",420360,434249,"E01011595",1,"Roundabout","Daylight","Fine no high winds","Dry","Bus and goods vehicle occupant"
"3160","2015132481294",2015-04-08,2015,"Apr",8,"08:00",8,0,"Wednesday","Slight",1,"Slight","Cyclist","Driver or rider","Male",31,"A","Dual carriageway",30,"Unclassified","Not a Pedestrian","Not a Pedestrian",428376,434061,"E01011681",2,"T or staggered junction","Daylight","Fine no high winds","Dry","Cyclist"
"3161","2015132480598",2015-04-08,2015,"Apr",8,"12:26",12,26,"Wednesday","Slight",1,"Slight","Cyclist","Driver or rider","Male",32,"A","Single carriageway",30,"Unclassified","Not a Pedestrian","Not a Pedestrian",431430,435108,"E01011429",2,"T or staggered junction","Daylight","Fine no high winds","Dry","Cyclist"
"3162","2015132480749",2015-04-08,2015,"Apr",8,"13:52",13,52,"Wednesday","Serious",2,"Serious","Car occupant","Driver or rider","Female",18,"Motorway","Dual carriageway",70,NA,"Not a Pedestrian","Not a Pedestrian",434883,431172,"E01011624",3,"Not at junction or within 20 metres","Daylight","Fine no high winds","Dry","Car occupant"
"3163","2015132480749",2015-04-08,2015,"Apr",8,"13:52",13,52,"Wednesday","Serious",2,"Slight","Car occupant","Driver or rider","Female",52,"Motorway","Dual carriageway",70,NA,"Not a Pedestrian","Not a Pedestrian",434883,431172,"E01011624",3,"Not at junction or within 20 metres","Daylight","Fine no high winds","Dry","Car occupant"
"3164","2015132480885",2015-04-08,2015,"Apr",8,"14:50",14,50,"Wednesday","Slight",1,"Slight","Motorcycle over 125cc and up to 500cc rider or  passenger","Driver or rider","Male",76,"A","Single carriageway",40,"Unclassified","Not a Pedestrian","Not a Pedestrian",441176,448799,"E01011700",1,"Roundabout","Daylight","Fine no high winds","Dry","Motorcyclist and pillion"
"3165","2015132481330",2015-04-08,2015,"Apr",8,"18:14",18,14,"Wednesday","Serious",1,"Serious","Motorcycle 125cc and under rider or passenger","Driver or rider","Male",28,"Unclassified","Single carriageway",30,"Unclassified","Not a Pedestrian","Not a Pedestrian",427964,435659,"E01011442",2,"Private drive or entrance","Daylight","Fine no high winds","Dry","Motorcyclist and pillion"
"3166","2015132481683",2015-04-08,2015,"Apr",8,"20:50",20,50,"Wednesday","Slight",1,"Slight","Motorcycle over 500cc rider or passenger","Driver or rider","Male",43,"A","Single carriageway",40,NA,"Not a Pedestrian","Not a Pedestrian",439524,426178,"E01011395",1,"Not at junction or within 20 metres","Darkness - lights lit","Fine no high winds","Dry","Motorcyclist and pillion"
"3167","2015132491283",2015-04-09,2015,"Apr",9,"18:30",18,30,"Thursday","Slight",1,"Slight","Car occupant","Passenger","Female",26,"A","Single carriageway",40,NA,"Not a Pedestrian","Not a Pedestrian",424390,428121,"E01011523",2,"Not at junction or within 20 metres","Daylight","Fine no high winds","Dry","Car occupant"
"3168","20151324B0407",2015-04-10,2015,"Apr",10,"12:40",12,40,"Friday","Slight",1,"Slight","Cyclist","Driver or rider","Male",38,"A","Dual carriageway",30,NA,"Not a Pedestrian","Not a Pedestrian",430715,433742,"E01033011",2,"Not at junction or within 20 metres","Daylight","Fine no high winds","Dry","Cyclist"
"3169","20151324A1196",2015-04-10,2015,"Apr",10,"17:24",17,24,"Friday","Slight",1,"Slight","Motorcycle over 125cc and up to 500cc rider or  passenger","Driver or rider","Female",48,"Unclassified","Single carriageway",30,"Unclassified","Not a Pedestrian","Not a Pedestrian",443052,445597,"E01011711",1,"T or staggered junction","Daylight","Fine no high winds","Dry","Motorcyclist and pillion"
"3170","20151324A1424",2015-04-10,2015,"Apr",10,"19:00",19,0,"Friday","Serious",1,"Serious","Car occupant","Driver or rider","Male",41,"A","Dual carriageway",70,NA,"Not a Pedestrian","Not a Pedestrian",421067,434231,"E01011599",1,"Not at junction or within 20 metres","Daylight","Fine no high winds","Dry","Car occupant"
"3171","20151324A1503",2015-04-10,2015,"Apr",10,"19:37",19,37,"Friday","Slight",1,"Slight","Motorcycle over 125cc and up to 500cc rider or  passenger","Driver or rider","Male",58,"Unclassified","Single carriageway",30,NA,"Not a Pedestrian","Not a Pedestrian",425962,434813,"E01011281",2,"Not at junction or within 20 metres","Daylight","Fine no high winds","Dry","Motorcyclist and pillion"
"3172","20151324A1627",2015-04-10,2015,"Apr",10,"20:43",20,43,"Friday","Slight",1,"Slight","Pedestrian","Pedestrian","Male",35,"Unclassified","Single carriageway",30,NA,"In carriageway, crossing elsewhere","Crossing from nearside - masked by parked or stationary vehicle",433797,434675,"E01011346",1,"Not at junction or within 20 metres","Darkness - lights lit","Fine no high winds","Dry","Pedestrian"
"3173","20151324B0116",2015-04-11,2015,"Apr",11,"01:21",1,21,"Saturday","Slight",2,"Slight","Taxi/Private hire car occupant","Passenger","Female",18,"A","One way street",30,"Unclassified","Not a Pedestrian","Not a Pedestrian",430033,431028,"E01011312",2,"Crossroads","Darkness - lights lit","Fine no high winds","Dry","Car occupant"
"3174","20151324B0116",2015-04-11,2015,"Apr",11,"01:21",1,21,"Saturday","Slight",2,"Slight","Taxi/Private hire car occupant","Passenger","Male",33,"A","One way street",30,"Unclassified","Not a Pedestrian","Not a Pedestrian",430033,431028,"E01011312",2,"Crossroads","Darkness - lights lit","Fine no high winds","Dry","Car occupant"
"3175","20151324B0765",2015-04-11,2015,"Apr",11,"14:10",14,10,"Saturday","Slight",1,"Slight","Car occupant","Driver or rider","Female",23,"Unclassified","Single carriageway",30,NA,"Not a Pedestrian","Not a Pedestrian",428111,435240,"E01011446",2,"Not at junction or within 20 metres","Daylight","Fine no high winds","Dry","Car occupant"
"3176","20151324C0720",2015-04-12,2015,"Apr",12,"13:20",13,20,"Sunday","Slight",1,"Slight","Car occupant","Driver or rider","Female",23,"A(M)","Dual carriageway",70,NA,"Not a Pedestrian","Not a Pedestrian",440671,446022,"E01011707",1,"Not at junction or within 20 metres","Daylight","Raining + high winds","Wet or damp","Car occupant"
"3177","20151324D0142",2015-04-13,2015,"Apr",13,"06:10",6,10,"Monday","Slight",2,"Slight","Taxi/Private hire car occupant","Driver or rider","Male",37,"Unclassified","Slip road",30,"A","Not a Pedestrian","Not a Pedestrian",435790,436358,"E01011661",2,"Roundabout","Daylight","Fine no high winds","Dry","Car occupant"
"3178","20151324D0142",2015-04-13,2015,"Apr",13,"06:10",6,10,"Monday","Slight",2,"Slight","Car occupant","Driver or rider","Male",38,"Unclassified","Slip road",30,"A","Not a Pedestrian","Not a Pedestrian",435790,436358,"E01011661",2,"Roundabout","Daylight","Fine no high winds","Dry","Car occupant"
"3179","20151324D0548",2015-04-13,2015,"Apr",13,"12:15",12,15,"Monday","Slight",2,"Slight","Car occupant","Driver or rider","Female",82,"A","Dual carriageway",70,NA,"Not a Pedestrian","Not a Pedestrian",429653,438791,"E01011559",2,"Not at junction or within 20 metres","Daylight","Fine no high winds","Dry","Car occupant"
"3180","20151324D0548",2015-04-13,2015,"Apr",13,"12:15",12,15,"Monday","Slight",2,"Slight","Car occupant","Driver or rider","Female",23,"A","Dual carriageway",70,NA,"Not a Pedestrian","Not a Pedestrian",429653,438791,"E01011559",2,"Not at junction or within 20 metres","Daylight","Fine no high winds","Dry","Car occupant"
"3181","20151324D1285",2015-04-13,2015,"Apr",13,"18:40",18,40,"Monday","Serious",1,"Serious","Cyclist","Driver or rider","Male",58,"A","Single carriageway",30,NA,"Not a Pedestrian","Not a Pedestrian",418050,442626,"E01011280",2,"Not at junction or within 20 metres","Daylight","Fine no high winds","Dry","Cyclist"
"3182","20151324E0244",2015-04-14,2015,"Apr",14,"08:25",8,25,"Tuesday","Slight",4,"Slight","Van / Goods vehicle (3.5 tonnes mgw or under) occupant","Driver or rider","Male",26,"A","Single carriageway",40,NA,"Not a Pedestrian","Not a Pedestrian",422811,437414,"E01011452",4,"Not at junction or within 20 metres","Daylight","Fine no high winds","Dry","Bus and goods vehicle occupant"
"3183","20151324E0244",2015-04-14,2015,"Apr",14,"08:25",8,25,"Tuesday","Slight",4,"Slight","Car occupant","Driver or rider","Male",44,"A","Single carriageway",40,NA,"Not a Pedestrian","Not a Pedestrian",422811,437414,"E01011452",4,"Not at junction or within 20 metres","Daylight","Fine no high winds","Dry","Car occupant"
"3184","20151324E0244",2015-04-14,2015,"Apr",14,"08:25",8,25,"Tuesday","Slight",4,"Slight","Car occupant","Driver or rider","Female",44,"A","Single carriageway",40,NA,"Not a Pedestrian","Not a Pedestrian",422811,437414,"E01011452",4,"Not at junction or within 20 metres","Daylight","Fine no high winds","Dry","Car occupant"
"3185","20151324E0244",2015-04-14,2015,"Apr",14,"08:25",8,25,"Tuesday","Slight",4,"Slight","Car occupant","Driver or rider","Female",47,"A","Single carriageway",40,NA,"Not a Pedestrian","Not a Pedestrian",422811,437414,"E01011452",4,"Not at junction or within 20 metres","Daylight","Fine no high winds","Dry","Car occupant"
"3186","20151324E0669",2015-04-14,2015,"Apr",14,"13:30",13,30,"Tuesday","Slight",2,"Slight","Van / Goods vehicle (3.5 tonnes mgw or under) occupant","Driver or rider","Male",78,"A","Single carriageway",40,NA,"Not a Pedestrian","Not a Pedestrian",420804,439746,"E01011278",3,"Not at junction or within 20 metres","Daylight","Fine no high winds","Dry","Bus and goods vehicle occupant"
"3187","20151324E0669",2015-04-14,2015,"Apr",14,"13:30",13,30,"Tuesday","Slight",2,"Slight","Car occupant","Driver or rider","Female",57,"A","Single carriageway",40,NA,"Not a Pedestrian","Not a Pedestrian",420804,439746,"E01011278",3,"Not at junction or within 20 metres","Daylight","Fine no high winds","Dry","Car occupant"
"3188","20151324E1093",2015-04-14,2015,"Apr",14,"17:10",17,10,"Tuesday","Slight",1,"Slight","Car occupant","Passenger","Male",9,"Unclassified","Single carriageway",20,"B","Not a Pedestrian","Not a Pedestrian",427019,433118,"E01011292",2,"T or staggered junction","Daylight","Fine no high winds","Dry","Car occupant"
"3189","20151324E1213",2015-04-14,2015,"Apr",14,"18:10",18,10,"Tuesday","Slight",2,"Slight","Car occupant","Driver or rider","Female",25,"A","Dual carriageway",40,NA,"Not a Pedestrian","Not a Pedestrian",433867,436536,"E01011646",2,"Not at junction or within 20 metres","Daylight","Fine no high winds","Dry","Car occupant"
"3190","20151324E1213",2015-04-14,2015,"Apr",14,"18:10",18,10,"Tuesday","Slight",2,"Slight","Car occupant","Driver or rider","Male",33,"A","Dual carriageway",40,NA,"Not a Pedestrian","Not a Pedestrian",433867,436536,"E01011646",2,"Not at junction or within 20 metres","Daylight","Fine no high winds","Dry","Car occupant"
"3191","20151324F0250",2015-04-15,2015,"Apr",15,"08:41",8,41,"Wednesday","Slight",1,"Slight","Car occupant","Driver or rider","Female",42,"A","Roundabout",40,"Unclassified","Not a Pedestrian","Not a Pedestrian",430550,431104,"E01011468",2,"Roundabout","Daylight","Fine no high winds","Dry","Car occupant"
"3192","20151324G0374",2015-04-15,2015,"Apr",15,"10:00",10,0,"Wednesday","Slight",1,"Slight","Car occupant","Passenger","Female",20,"Unclassified","Single carriageway",30,"Unclassified","Not a Pedestrian","Not a Pedestrian",430397,437894,"E01011515",2,"T or staggered junction","Daylight","Fine no high winds","Dry","Car occupant"
"3193","20151324F0417",2015-04-15,2015,"Apr",15,"10:53",10,53,"Wednesday","Slight",1,"Slight","Cyclist","Driver or rider","Male",25,"Unclassified","Single carriageway",30,"Unclassified","Not a Pedestrian","Not a Pedestrian",432713,438564,"E01011653",2,"T or staggered junction","Daylight","Fine no high winds","Dry","Cyclist"
"3194","20151324F1130",2015-04-15,2015,"Apr",15,"17:31",17,31,"Wednesday","Slight",1,"Slight","Car occupant","Driver or rider","Female",37,"Unclassified","Single carriageway",60,NA,"Not a Pedestrian","Not a Pedestrian",423698,442160,"E01032503",1,"Not at junction or within 20 metres","Daylight","Fine no high winds","Dry","Car occupant"
"3195","20151324G0531",2015-04-16,2015,"Apr",16,"11:38",11,38,"Thursday","Slight",2,"Slight","Car occupant","Driver or rider","Male",27,"A","Single carriageway",30,"Unclassified","Not a Pedestrian","Not a Pedestrian",428067,431126,"E01011369",3,"Crossroads","Daylight","Fine no high winds","Dry","Car occupant"
"3196","20151324G0531",2015-04-16,2015,"Apr",16,"11:38",11,38,"Thursday","Slight",2,"Slight","Car occupant","Passenger","Male",30,"A","Single carriageway",30,"Unclassified","Not a Pedestrian","Not a Pedestrian",428067,431126,"E01011369",3,"Crossroads","Daylight","Fine no high winds","Dry","Car occupant"
"3197","20151324G0760",2015-04-16,2015,"Apr",16,"13:58",13,58,"Thursday","Slight",1,"Slight","Cyclist","Driver or rider","Female",51,"A","Single carriageway",30,"A","Not a Pedestrian","Not a Pedestrian",434791,437966,"E01011650",2,"Roundabout","Daylight","Fine no high winds","Dry","Cyclist"
"3198","20151324G1173",2015-04-16,2015,"Apr",16,"14:15",14,15,"Thursday","Slight",1,"Slight","Car occupant","Passenger","Female",87,"Unclassified","Single carriageway",30,NA,"Not a Pedestrian","Not a Pedestrian",431034,437896,"E01011517",1,"Not at junction or within 20 metres","Daylight","Fine no high winds","Dry","Car occupant"
"3199","20151324G1083",2015-04-16,2015,"Apr",16,"14:45",14,45,"Thursday","Slight",2,"Slight","Bus or coach occupant (17 or more pass seats)","Passenger","Male",2,"Unclassified","Dual carriageway",40,"A(M)","Not a Pedestrian","Not a Pedestrian",428934,433424,"E01033015",2,"Slip road","Daylight","Fine no high winds","Dry","Bus and goods vehicle occupant"
"3200","20151324G1083",2015-04-16,2015,"Apr",16,"14:45",14,45,"Thursday","Slight",2,"Slight","Bus or coach occupant (17 or more pass seats)","Passenger","Female",19,"Unclassified","Dual carriageway",40,"A(M)","Not a Pedestrian","Not a Pedestrian",428934,433424,"E01033015",2,"Slip road","Daylight","Fine no high winds","Dry","Bus and goods vehicle occupant"
"3201","20151324G0886",2015-04-16,2015,"Apr",16,"14:55",14,55,"Thursday","Slight",1,"Slight","Car occupant","Driver or rider","Female",47,"A","Single carriageway",30,"Unclassified","Not a Pedestrian","Not a Pedestrian",424393,445320,"E01011570",2,"T or staggered junction","Daylight","Fine no high winds","Dry","Car occupant"
"3202","20151324G1091",2015-04-16,2015,"Apr",16,"16:35",16,35,"Thursday","Slight",1,"Slight","Car occupant","Driver or rider","Male",32,"Unclassified","Single carriageway",60,NA,"Not a Pedestrian","Not a Pedestrian",418483,443818,"E01011279",1,"Not at junction or within 20 metres","Daylight","Fine no high winds","Dry","Car occupant"
"3203","20151324G1597",2015-04-16,2015,"Apr",16,"20:30",20,30,"Thursday","Slight",1,"Slight","Car occupant","Passenger","Female",17,"A","Dual carriageway",40,"Unclassified","Not a Pedestrian","Not a Pedestrian",434696,434565,"E01011341",2,"T or staggered junction","Daylight","Fine no high winds","Dry","Car occupant"
"3204","20151324H1185",2015-04-17,2015,"Apr",17,"10:45",10,45,"Friday","Slight",1,"Slight","Car occupant","Driver or rider","Female",34,"Unclassified","Single carriageway",30,NA,"Not a Pedestrian","Not a Pedestrian",429330,433810,"E01011678",2,"Not at junction or within 20 metres","Daylight","Fine no high winds","Dry","Car occupant"
"3205","20151324H0684",2015-04-17,2015,"Apr",17,"13:15",13,15,"Friday","Slight",1,"Slight","Car occupant","Driver or rider","Female",67,"Unclassified","Single carriageway",30,NA,"Not a Pedestrian","Not a Pedestrian",422230,435514,"E01011593",2,"Not at junction or within 20 metres","Daylight","Fine no high winds","Dry","Car occupant"
"3206","20151324H1400",2015-04-17,2015,"Apr",17,"13:30",13,30,"Friday","Slight",1,"Slight","Cyclist","Driver or rider","Female",12,"A","Single carriageway",30,"Unclassified","Not a Pedestrian","Not a Pedestrian",432700,433838,"E01011615",2,"Private drive or entrance","Daylight","Fine no high winds","Dry","Cyclist"
"3207","20151324H0925",2015-04-17,2015,"Apr",17,"14:30",14,30,"Friday","Slight",1,"Slight","Car occupant","Driver or rider","Female",33,"A","Single carriageway",30,"A","Not a Pedestrian","Not a Pedestrian",428893,425994,"E01011538",3,"Crossroads","Daylight","Fine no high winds","Dry","Car occupant"
"3208","20151324H0866",2015-04-17,2015,"Apr",17,"14:42",14,42,"Friday","Slight",2,"Slight","Car occupant","Driver or rider","Female",25,"A","Roundabout",40,"A","Not a Pedestrian","Not a Pedestrian",428116,426280,"E01011550",2,"Roundabout","Daylight","Fine no high winds","Dry","Car occupant"
"3209","20151324H0866",2015-04-17,2015,"Apr",17,"14:42",14,42,"Friday","Slight",2,"Slight","Car occupant","Passenger","Female",5,"A","Roundabout",40,"A","Not a Pedestrian","Not a Pedestrian",428116,426280,"E01011550",2,"Roundabout","Daylight","Fine no high winds","Dry","Car occupant"
"3210","20151324H1015",2015-04-17,2015,"Apr",17,"15:53",15,53,"Friday","Serious",3,"Serious","Car occupant","Driver or rider","Male",37,"A","Single carriageway",30,"Unclassified","Not a Pedestrian","Not a Pedestrian",438495,430408,"E01011390",2,"T or staggered junction","Daylight","Fine no high winds","Dry","Car occupant"
"3211","20151324H1015",2015-04-17,2015,"Apr",17,"15:53",15,53,"Friday","Serious",3,"Serious","Car occupant","Driver or rider","Male",24,"A","Single carriageway",30,"Unclassified","Not a Pedestrian","Not a Pedestrian",438495,430408,"E01011390",2,"T or staggered junction","Daylight","Fine no high winds","Dry","Car occupant"
"3212","20151324H1015",2015-04-17,2015,"Apr",17,"15:53",15,53,"Friday","Serious",3,"Serious","Car occupant","Passenger","Female",16,"A","Single carriageway",30,"Unclassified","Not a Pedestrian","Not a Pedestrian",438495,430408,"E01011390",2,"T or staggered junction","Daylight","Fine no high winds","Dry","Car occupant"
"3213","20151324H1115",2015-04-17,2015,"Apr",17,"16:40",16,40,"Friday","Slight",1,"Slight","Motorcycle over 500cc rider or passenger","Driver or rider","Male",61,"Unclassified","Single carriageway",30,NA,"Not a Pedestrian","Not a Pedestrian",424732,434896,"E01011282",2,"Not at junction or within 20 metres","Daylight","Fine no high winds","Dry","Motorcyclist and pillion"
"3214","20151324H1125",2015-04-17,2015,"Apr",17,"16:47",16,47,"Friday","Slight",1,"Slight","Pedestrian","Pedestrian","Female",31,"Unclassified","Single carriageway",30,NA,"In carriageway, crossing elsewhere","Crossing from driver's nearside",424586,434644,"E01011336",1,"Not at junction or within 20 metres","Daylight","Fine no high winds","Dry","Pedestrian"
"3215","20151324H1280",2015-04-17,2015,"Apr",17,"17:57",17,57,"Friday","Slight",1,"Slight","Car occupant","Driver or rider","Female",33,"Unclassified","Single carriageway",30,"Unclassified","Not a Pedestrian","Not a Pedestrian",436054,428299,"E01011635",2,"T or staggered junction","Daylight","Fine no high winds","Dry","Car occupant"
"3216","20151324I1142",2015-04-18,2015,"Apr",18,"16:56",16,56,"Saturday","Slight",1,"Slight","Pedestrian","Pedestrian","Male",3,"Unclassified","One way street",30,NA,"Crossing on pedestrian crossing facility","Crossing from driver's nearside",430479,433954,"E01033002",1,"Not at junction or within 20 metres","Daylight","Fine no high winds","Dry","Pedestrian"
"3217","20151324J0248",2015-04-19,2015,"Apr",19,"02:55",2,55,"Sunday","Slight",1,"Slight","Car occupant","Driver or rider","Male",32,"Unclassified","Single carriageway",30,NA,"Not a Pedestrian","Not a Pedestrian",433446,426578,"E01011634",1,"Not at junction or within 20 metres","Darkness - lights lit","Fine no high winds","Dry","Car occupant"