"","accident_index","date","year","month","day","time","time_hour","time_minute","day_of_week","accident_severity","number_of_casualties","casualty_severity","casualty_type","casualty_class","sex_of_casualty","age_of_casualty","first_road_class","road_type","speed_limit","second_road_class","pedestrian_location","pedestrian_movement","location_easting_osgr","location_northing_osgr","lsoa_of_accident_location","number_of_vehicles","junction_detail","light_conditions","weather_conditions","road_surface_conditions","cas_type"
"3383","20151325C1146",2015-05-12,2015,"May",12,"17:50",17,50,"Tuesday","Slight",1,"Slight","Car occupant","Driver or rider","Female",43,"Unclassified","One way street",20,"Unclassified","Not a Pedestrian","Not a Pedestrian",431792,428918,"E01011466",2,"Crossroads","Daylight","Fine no high winds","Dry","Car occupant"
"3384","20151325C1135",2015-05-12,2015,"May",12,"17:51",17,51,"Tuesday","Slight",1,"Slight","Motorcycle 125cc and under rider or passenger","Driver or rider","Male",21,"Unclassified","Single carriageway",30,"Unclassified","Not a Pedestrian","Not a Pedestrian",429601,432563,"E01033032",2,"Crossroads","Daylight","Fine no high winds","Dry","Motorcyclist and pillion"
"3385","20151325D0183",2015-05-13,2015,"May",13,"06:59",6,59,"Wednesday","Serious",1,"Serious","Cyclist","Driver or rider","Male",29,"A","Roundabout",40,"Unclassified","Not a Pedestrian","Not a Pedestrian",421032,444996,"E01011569",2,"Roundabout","Daylight","Fine no high winds","Dry","Cyclist"
"3386","20151325D0214",2015-05-13,2015,"May",13,"07:39",7,39,"Wednesday","Slight",1,"Slight","Cyclist","Driver or rider","Male",47,"Unclassified","Single carriageway",30,"Unclassified","Not a Pedestrian","Not a Pedestrian",422224,435647,"E01011593",2,"T or staggered junction","Daylight","Fine no high winds","Dry","Cyclist"
"3387","20151325D0444",2015-05-13,2015,"May",13,"07:55",7,55,"Wednesday","Slight",1,"Slight","Car occupant","Driver or rider","Male",30,"B","Single carriageway",30,NA,"Not a Pedestrian","Not a Pedestrian",426487,433099,"E01011729",2,"Not at junction or within 20 metres","Daylight","Fine no high winds","Dry","Car occupant"
"3388","20151325D0284",2015-05-13,2015,"May",13,"08:52",8,52,"Wednesday","Slight",1,"Slight","Cyclist","Driver or rider","Male",27,"Unclassified","Single carriageway",30,NA,"Not a Pedestrian","Not a Pedestrian",428493,434486,"E01011483",2,"Not at junction or within 20 metres","Daylight","Fine no high winds","Dry","Cyclist"
"3389","20151325D0337",2015-05-13,2015,"May",13,"09:30",9,30,"Wednesday","Serious",1,"Serious","Car occupant","Driver or rider","Male",27,"A","Single carriageway",60,"Unclassified","Not a Pedestrian","Not a Pedestrian",435428,439801,"E01011311",2,"Crossroads","Daylight","Fine no high winds","Dry","Car occupant"
"3390","20151325D0931",2015-05-13,2015,"May",13,"14:42",14,42,"Wednesday","Slight",1,"Slight","Car occupant","Driver or rider","Male",58,"A","Single carriageway",40,"Unclassified","Not a Pedestrian","Not a Pedestrian",434998,438402,"E01011714",2,"Crossroads","Daylight","Fine no high winds","Dry","Car occupant"
"3391","20151325D1127",2015-05-13,2015,"May",13,"17:00",17,0,"Wednesday","Slight",1,"Slight","Car occupant","Passenger","Female",14,"Unclassified","Single carriageway",30,"Unclassified","Not a Pedestrian","Not a Pedestrian",431990,436033,"E01011422",2,"T or staggered junction","Daylight","Fine no high winds","Dry","Car occupant"
"3392","20151325D1231",2015-05-13,2015,"May",13,"17:20",17,20,"Wednesday","Slight",1,"Slight","Car occupant","Driver or rider","Female",31,"Unclassified","Single carriageway",30,"Unclassified","Not a Pedestrian","Not a Pedestrian",432063,436089,"E01011642",2,"Crossroads","Daylight","Fine no high winds","Dry","Car occupant"
"3393","20151325E0072",2015-05-14,2015,"May",14,"01:12",1,12,"Thursday","Serious",1,"Serious","Car occupant","Driver or rider","Female",35,"A","Dual carriageway",40,NA,"Not a Pedestrian","Not a Pedestrian",428093,430036,"E01011321",1,"Not at junction or within 20 metres","Darkness - lights lit","Fine no high winds","Dry","Car occupant"
"3394","20151325E0099",2015-05-14,2015,"May",14,"02:17",2,17,"Thursday","Slight",1,"Slight","Car occupant","Driver or rider","Male",23,"A","Dual carriageway",40,NA,"Not a Pedestrian","Not a Pedestrian",428574,432162,"E01011366",1,"Not at junction or within 20 metres","Darkness - lights lit","Fine no high winds","Dry","Car occupant"
"3395","20151325E0191",2015-05-14,2015,"May",14,"07:00",7,0,"Thursday","Slight",1,"Slight","Car occupant","Driver or rider","Male",53,"Motorway","Dual carriageway",70,NA,"Not a Pedestrian","Not a Pedestrian",443286,434764,"E01011298",2,"Not at junction or within 20 metres","Daylight","Fine no high winds","Dry","Car occupant"
"3396","20151325E0369",2015-05-14,2015,"May",14,"09:59",9,59,"Thursday","Slight",1,"Slight","Goods vehicle (7.5 tonnes mgw and over) occupant","Driver or rider","Male",39,"Unclassified","Single carriageway",30,NA,"Not a Pedestrian","Not a Pedestrian",424697,437654,"E01011463",1,"Not at junction or within 20 metres","Daylight","Fine no high winds","Dry","Bus and goods vehicle occupant"
"3397","20151325E0537",2015-05-14,2015,"May",14,"11:49",11,49,"Thursday","Slight",1,"Slight","Cyclist","Driver or rider","Male",46,"A","Single carriageway",30,"Unclassified","Not a Pedestrian","Not a Pedestrian",428794,435575,"E01032946",2,"Other junction","Daylight","Fine no high winds","Dry","Cyclist"
"3398","20151325E0944",2015-05-14,2015,"May",14,"15:41",15,41,"Thursday","Slight",1,"Slight","Pedestrian","Pedestrian","Male",16,"A","Dual carriageway",30,NA,"Crossing elsewhere within 50m. of pedestrian crossing","Crossing from driver's nearside",434183,433876,"E01011341",1,"Not at junction or within 20 metres","Daylight","Fine no high winds","Dry","Pedestrian"
"3399","20151325E1184",2015-05-14,2015,"May",14,"17:43",17,43,"Thursday","Slight",1,"Slight","Van / Goods vehicle (3.5 tonnes mgw or under) occupant","Driver or rider","Male",50,"Unclassified","Single carriageway",30,"Unclassified","Not a Pedestrian","Not a Pedestrian",429767,435444,"E01011670",2,"T or staggered junction","Daylight","Fine no high winds","Dry","Bus and goods vehicle occupant"
"3400","20151325E1361",2015-05-14,2015,"May",14,"19:10",19,10,"Thursday","Slight",1,"Slight","Car occupant","Driver or rider","Male",72,"Unclassified","Single carriageway",30,"Unclassified","Not a Pedestrian","Not a Pedestrian",426990,433440,"E01011293",2,"T or staggered junction","Daylight","Fine no high winds","Dry","Car occupant"
"3401","20151325E1610",2015-05-14,2015,"May",14,"21:34",21,34,"Thursday","Slight",2,"Slight","Car occupant","Driver or rider","Male",39,"Unclassified","Single carriageway",30,NA,"Not a Pedestrian","Not a Pedestrian",427407,433760,"E01011284",2,"Not at junction or within 20 metres","Darkness - lights lit","Fine no high winds","Dry","Car occupant"
"3402","20151325E1610",2015-05-14,2015,"May",14,"21:34",21,34,"Thursday","Slight",2,"Slight","Car occupant","Passenger","Female",37,"Unclassified","Single carriageway",30,NA,"Not a Pedestrian","Not a Pedestrian",427407,433760,"E01011284",2,"Not at junction or within 20 metres","Darkness - lights lit","Fine no high winds","Dry","Car occupant"
"3403","20151325F0267",2015-05-15,2015,"May",15,"08:45",8,45,"Friday","Slight",1,"Slight","Cyclist","Driver or rider","Female",19,"A","Single carriageway",30,"Unclassified","Not a Pedestrian","Not a Pedestrian",428719,435612,"E01032946",2,"T or staggered junction","Daylight","Fine no high winds","Dry","Cyclist"
"3404","20151325F0511",2015-05-15,2015,"May",15,"10:15",10,15,"Friday","Serious",1,"Serious","Bus or coach occupant (17 or more pass seats)","Passenger","Female",47,"Unclassified","Unknown",20,NA,"Not a Pedestrian","Not a Pedestrian",430701,433470,"E01033011",1,"Not at junction or within 20 metres","Daylight","Fine no high winds","Dry","Bus and goods vehicle occupant"
"3405","20151325F0662",2015-05-15,2015,"May",15,"13:15",13,15,"Friday","Slight",1,"Slight","Car occupant","Passenger","Female",42,"A","Dual carriageway",40,"Unclassified","Not a Pedestrian","Not a Pedestrian",433170,434034,"E01011340",2,"T or staggered junction","Daylight","Fine no high winds","Dry","Car occupant"
"3406","20151325F0733",2015-05-15,2015,"May",15,"14:06",14,6,"Friday","Slight",2,"Slight","Car occupant","Driver or rider","Female",34,"Unclassified","Single carriageway",30,"Unclassified","Not a Pedestrian","Not a Pedestrian",429889,435204,"E01033005",2,"T or staggered junction","Daylight","Fine no high winds","Dry","Car occupant"
"3407","20151325F0733",2015-05-15,2015,"May",15,"14:06",14,6,"Friday","Slight",2,"Slight","Car occupant","Passenger","Female",23,"Unclassified","Single carriageway",30,"Unclassified","Not a Pedestrian","Not a Pedestrian",429889,435204,"E01033005",2,"T or staggered junction","Daylight","Fine no high winds","Dry","Car occupant"
"3408","20151325F1329",2015-05-15,2015,"May",15,"18:55",18,55,"Friday","Serious",2,"Serious","Motorcycle 50cc and under rider or passenger","Driver or rider","Male",25,"Unclassified","Single carriageway",30,"B","Not a Pedestrian","Not a Pedestrian",430896,436565,"E01011356",2,"Other junction","Daylight","Fine no high winds","Dry","Motorcyclist and pillion"
"3409","20151325F1329",2015-05-15,2015,"May",15,"18:55",18,55,"Friday","Serious",2,"Slight","Car occupant","Driver or rider","Female",27,"Unclassified","Single carriageway",30,"B","Not a Pedestrian","Not a Pedestrian",430896,436565,"E01011356",2,"Other junction","Daylight","Fine no high winds","Dry","Car occupant"
"3410","20151325G1059",2015-05-15,2015,"May",15,"19:20",19,20,"Friday","Slight",1,"Slight","Bus or coach occupant (17 or more pass seats)","Passenger","Female",68,"A","Dual carriageway",40,NA,"Not a Pedestrian","Not a Pedestrian",434609,434506,"E01011341",1,"Not at junction or within 20 metres","Daylight","Fine no high winds","Dry","Bus and goods vehicle occupant"
"3411","20151325G0010",2015-05-16,2015,"May",16,"00:03",0,3,"Saturday","Slight",1,"Slight","Car occupant","Driver or rider","Male",35,"A","Single carriageway",30,NA,"Not a Pedestrian","Not a Pedestrian",422489,429072,"E01011521",2,"Not at junction or within 20 metres","Darkness - lights lit","Fine no high winds","Dry","Car occupant"
"3412","20151325G1009",2015-05-16,2015,"May",16,"09:30",9,30,"Saturday","Slight",1,"Slight","Cyclist","Driver or rider","Female",36,"A","Dual carriageway",30,NA,"Not a Pedestrian","Not a Pedestrian",428588,433884,"E01011363",2,"Not at junction or within 20 metres","Daylight","Fine no high winds","Dry","Cyclist"
"3413","20151325G1025",2015-05-16,2015,"May",16,"13:39",13,39,"Saturday","Slight",3,"Slight","Bus or coach occupant (17 or more pass seats)","Passenger","Female",56,"A","Single carriageway",30,NA,"Not a Pedestrian","Not a Pedestrian",429492,434884,"E01033006",1,"Not at junction or within 20 metres","Daylight","Fine no high winds","Dry","Bus and goods vehicle occupant"
"3414","20151325G1025",2015-05-16,2015,"May",16,"13:39",13,39,"Saturday","Slight",3,"Slight","Bus or coach occupant (17 or more pass seats)","Passenger","Female",20,"A","Single carriageway",30,NA,"Not a Pedestrian","Not a Pedestrian",429492,434884,"E01033006",1,"Not at junction or within 20 metres","Daylight","Fine no high winds","Dry","Bus and goods vehicle occupant"
"3415","20151325G1025",2015-05-16,2015,"May",16,"13:39",13,39,"Saturday","Slight",3,"Slight","Bus or coach occupant (17 or more pass seats)","Passenger","Male",47,"A","Single carriageway",30,NA,"Not a Pedestrian","Not a Pedestrian",429492,434884,"E01033006",1,"Not at junction or within 20 metres","Daylight","Fine no high winds","Dry","Bus and goods vehicle occupant"
"3416","20151325G0958",2015-05-16,2015,"May",16,"15:03",15,3,"Saturday","Slight",1,"Slight","Pedestrian","Pedestrian","Male",35,"Unclassified","Single carriageway",30,"Unclassified","On footway or verge","Unknown or other",430079,433930,"E01033010",1,"T or staggered junction","Daylight","Fine no high winds","Dry","Pedestrian"
"3417","20151325G1123",2015-05-16,2015,"May",16,"16:30",16,30,"Saturday","Slight",1,"Slight","Car occupant","Passenger","Female",20,"Unclassified","Single carriageway",30,NA,"Not a Pedestrian","Not a Pedestrian",431499,433411,"E01033021",2,"Not at junction or within 20 metres","Daylight","Fine no high winds","Dry","Car occupant"
"3418","20151325G1501",2015-05-16,2015,"May",16,"16:35",16,35,"Saturday","Slight",1,"Slight","Bus or coach occupant (17 or more pass seats)","Passenger","Female",30,"A","Dual carriageway",30,"A","Not a Pedestrian","Not a Pedestrian",431178,433690,"E01033011",1,"T or staggered junction","Daylight","Fine no high winds","Dry","Bus and goods vehicle occupant"
"3419","20151325G2075",2015-05-16,2015,"May",16,"23:55",23,55,"Saturday","Slight",1,"Slight","Taxi/Private hire car occupant","Driver or rider","Male",33,"B","Single carriageway",40,NA,"Not a Pedestrian","Not a Pedestrian",423337,434643,"E01011335",2,"Not at junction or within 20 metres","Darkness - lights lit","Fine no high winds","Dry","Car occupant"
"3420","20151325H0790",2015-05-17,2015,"May",17,"13:40",13,40,"Sunday","Slight",2,"Slight","Car occupant","Driver or rider","Male",38,"Unclassified","Single carriageway",30,NA,"Not a Pedestrian","Not a Pedestrian",428577,425388,"E01011535",2,"Not at junction or within 20 metres","Daylight","Fine no high winds","Dry","Car occupant"
"3421","20151325H0790",2015-05-17,2015,"May",17,"13:40",13,40,"Sunday","Slight",2,"Slight","Car occupant","Driver or rider","Male",76,"Unclassified","Single carriageway",30,NA,"Not a Pedestrian","Not a Pedestrian",428577,425388,"E01011535",2,"Not at junction or within 20 metres","Daylight","Fine no high winds","Dry","Car occupant"
"3422","20151325H1098",2015-05-17,2015,"May",17,"16:52",16,52,"Sunday","Slight",2,"Slight","Car occupant","Passenger","Female",37,"Unclassified","Single carriageway",30,"Unclassified","Not a Pedestrian","Not a Pedestrian",425899,435499,"E01011324",3,"T or staggered junction","Daylight","Fine no high winds","Dry","Car occupant"
"3423","20151325H1098",2015-05-17,2015,"May",17,"16:52",16,52,"Sunday","Slight",2,"Slight","Car occupant","Driver or rider","Male",64,"Unclassified","Single carriageway",30,"Unclassified","Not a Pedestrian","Not a Pedestrian",425899,435499,"E01011324",3,"T or staggered junction","Daylight","Fine no high winds","Dry","Car occupant"
"3424","20151325I0249",2015-05-18,2015,"May",18,"08:43",8,43,"Monday","Slight",1,"Slight","Car occupant","Driver or rider","Female",65,"Unclassified","Single carriageway",30,"Unclassified","Not a Pedestrian","Not a Pedestrian",431944,433274,"E01011623",2,"Crossroads","Daylight","Raining no high winds","Wet or damp","Car occupant"
"3425","20151325I0243",2015-05-18,2015,"May",18,"08:48",8,48,"Monday","Slight",1,"Slight","Car occupant","Driver or rider","Male",23,"A","Single carriageway",60,"Unclassified","Not a Pedestrian","Not a Pedestrian",438413,445932,"E01011706",2,"T or staggered junction","Daylight","Fine no high winds","Dry","Car occupant"
"3426","20151325I0280",2015-05-18,2015,"May",18,"09:11",9,11,"Monday","Slight",2,"Slight","Car occupant","Driver or rider","Female",30,"B","Single carriageway",30,"Unclassified","Not a Pedestrian","Not a Pedestrian",422668,428763,"E01011521",3,"T or staggered junction","Daylight","Raining no high winds","Wet or damp","Car occupant"
"3427","20151325I0280",2015-05-18,2015,"May",18,"09:11",9,11,"Monday","Slight",2,"Slight","Car occupant","Driver or rider","Male",57,"B","Single carriageway",30,"Unclassified","Not a Pedestrian","Not a Pedestrian",422668,428763,"E01011521",3,"T or staggered junction","Daylight","Raining no high winds","Wet or damp","Car occupant"
"3428","20151325I0464",2015-05-18,2015,"May",18,"11:26",11,26,"Monday","Slight",1,"Slight","Pedestrian","Pedestrian","Male",86,"Unclassified","Single carriageway",30,"Unclassified","In centre of carriageway - not on refuge, island or central reservation","Walking along in carriageway, back to traffic",440468,448359,"E01011704",1,"Other junction","Daylight","Fine no high winds","Dry","Pedestrian"
"3429","20151325I0612",2015-05-18,2015,"May",18,"13:09",13,9,"Monday","Slight",1,"Slight","Car occupant","Driver or rider","Female",46,"Motorway","Dual carriageway",70,NA,"Not a Pedestrian","Not a Pedestrian",436983,425881,"E01011636",2,"Not at junction or within 20 metres","Daylight","Fine no high winds","Dry","Car occupant"
"3430","20151325I0622",2015-05-18,2015,"May",18,"13:15",13,15,"Monday","Slight",2,"Slight","Car occupant","Driver or rider","Male",85,"A","Single carriageway",30,"Unclassified","Not a Pedestrian","Not a Pedestrian",430700,434587,"E01033003",2,"Crossroads","Daylight","Fine no high winds","Wet or damp","Car occupant"
"3431","20151325I0622",2015-05-18,2015,"May",18,"13:15",13,15,"Monday","Slight",2,"Slight","Bus or coach occupant (17 or more pass seats)","Passenger","Female",17,"A","Single carriageway",30,"Unclassified","Not a Pedestrian","Not a Pedestrian",430700,434587,"E01033003",2,"Crossroads","Daylight","Fine no high winds","Wet or damp","Bus and goods vehicle occupant"
"3432","20151325I0669",2015-05-18,2015,"May",18,"13:51",13,51,"Monday","Slight",1,"Slight","Motorcycle 125cc and under rider or passenger","Driver or rider","Male",46,"A","Dual carriageway",30,NA,"Not a Pedestrian","Not a Pedestrian",428386,426124,"E01011553",2,"Not at junction or within 20 metres","Daylight","Raining no high winds","Wet or damp","Motorcyclist and pillion"
"3433","20151325I0846",2015-05-18,2015,"May",18,"15:46",15,46,"Monday","Slight",1,"Slight","Pedestrian","Pedestrian","Male",6,"Unclassified","Single carriageway",30,"Unclassified","In carriageway, crossing elsewhere","Crossing from driver's nearside",431543,434330,"E01033035",1,"T or staggered junction","Daylight","Fine no high winds","Dry","Pedestrian"
"3434","20151325I1018",2015-05-18,2015,"May",18,"17:05",17,5,"Monday","Slight",1,"Slight","Pedestrian","Pedestrian","Male",16,"Unclassified","Single carriageway",30,NA,"In carriageway, not crossing","In carriageway, stationary - not crossing  (standing or playing)",432229,435572,"E01011430",1,"Not at junction or within 20 metres","Daylight","Fine no high winds","Dry","Pedestrian"
"3435","20151325J0225",2015-05-19,2015,"May",19,"08:50",8,50,"Tuesday","Slight",1,"Slight","Car occupant","Driver or rider","Female",31,"Unclassified","Single carriageway",30,NA,"Not a Pedestrian","Not a Pedestrian",421957,434243,"E01011587",1,"Not at junction or within 20 metres","Daylight","Raining no high winds","Wet or damp","Car occupant"
"3436","20151325J0935",2015-05-19,2015,"May",19,"16:35",16,35,"Tuesday","Slight",1,"Slight","Motorcycle 125cc and under rider or passenger","Driver or rider","Male",22,"Unclassified","Roundabout",30,"Unclassified","Not a Pedestrian","Not a Pedestrian",431289,432078,"E01011467",1,"Roundabout","Daylight","Raining no high winds","Wet or damp","Motorcyclist and pillion"
"3437","20151325J1174",2015-05-19,2015,"May",19,"17:00",17,0,"Tuesday","Slight",1,"Slight","Cyclist","Driver or rider","Male",59,"A","Single carriageway",30,"Unclassified","Not a Pedestrian","Not a Pedestrian",426313,435519,"E01011477",2,"T or staggered junction","Daylight","Fine no high winds","Dry","Cyclist"
"3438","20151325J1004",2015-05-19,2015,"May",19,"17:05",17,5,"Tuesday","Serious",1,"Serious","Pedestrian","Pedestrian","Male",15,"Unclassified","Single carriageway",30,"Unclassified","In carriageway, crossing elsewhere","Crossing from nearside - masked by parked or stationary vehicle",428578,434733,"E01011448",1,"T or staggered junction","Daylight","Fine no high winds","Wet or damp","Pedestrian"
"3439","20151325J1099",2015-05-19,2015,"May",19,"18:00",18,0,"Tuesday","Slight",1,"Slight","Pedestrian","Pedestrian","Female",21,"A","Dual carriageway",30,NA,"In carriageway, crossing elsewhere","Crossing from nearside - masked by parked or stationary vehicle",429360,434964,"E01033005",1,"Not at junction or within 20 metres","Daylight","Fine no high winds","Dry","Pedestrian"
"3440","20151325J1336",2015-05-19,2015,"May",19,"20:31",20,31,"Tuesday","Slight",2,"Slight","Car occupant","Passenger","Female",8,"Unclassified","Single carriageway",30,"Unclassified","Not a Pedestrian","Not a Pedestrian",432960,435673,"E01011424",2,"Crossroads","Daylight","Fine no high winds","Dry","Car occupant"
"3441","20151325J1336",2015-05-19,2015,"May",19,"20:31",20,31,"Tuesday","Slight",2,"Slight","Car occupant","Passenger","Female",6,"Unclassified","Single carriageway",30,"Unclassified","Not a Pedestrian","Not a Pedestrian",432960,435673,"E01011424",2,"Crossroads","Daylight","Fine no high winds","Dry","Car occupant"
"3442","2015132610654",2015-05-20,2015,"May",20,"07:00",7,0,"Wednesday","Slight",1,"Slight","Pedestrian","Pedestrian","Female",26,"A","Dual carriageway",30,NA,"In carriageway, crossing elsewhere","Crossing from driver's nearside",430724,433594,"E01033011",1,"Not at junction or within 20 metres","Daylight","Fine no high winds","Dry","Pedestrian"
"3443","20151325M0803",2015-05-20,2015,"May",20,"08:20",8,20,"Wednesday","Slight",1,"Slight","Bus or coach occupant (17 or more pass seats)","Passenger","Female",34,"A","Dual carriageway",40,NA,"Not a Pedestrian","Not a Pedestrian",427453,425472,"E01011548",2,"Not at junction or within 20 metres","Daylight","Unknown","Dry","Bus and goods vehicle occupant"
"3444","20151325K0724",2015-05-20,2015,"May",20,"14:22",14,22,"Wednesday","Slight",2,"Slight","Car occupant","Passenger","Female",45,"Unclassified","Single carriageway",30,"A","Not a Pedestrian","Not a Pedestrian",428463,431349,"E01011369",2,"Crossroads","Daylight","Fine no high winds","Dry","Car occupant"
"3445","20151325K0724",2015-05-20,2015,"May",20,"14:22",14,22,"Wednesday","Slight",2,"Slight","Car occupant","Passenger","Female",24,"Unclassified","Single carriageway",30,"A","Not a Pedestrian","Not a Pedestrian",428463,431349,"E01011369",2,"Crossroads","Daylight","Fine no high winds","Dry","Car occupant"
"3446","20151325K0986",2015-05-20,2015,"May",20,"16:23",16,23,"Wednesday","Slight",1,"Slight","Car occupant","Driver or rider","Male",40,"A","Single carriageway",30,NA,"Not a Pedestrian","Not a Pedestrian",438312,430243,"E01011391",4,"Not at junction or within 20 metres","Daylight","Fine no high winds","Dry","Car occupant"
"3447","20151325K0995",2015-05-20,2015,"May",20,"16:25",16,25,"Wednesday","Slight",3,"Slight","Car occupant","Passenger","Female",6,"Unclassified","Single carriageway",30,"Unclassified","Not a Pedestrian","Not a Pedestrian",432376,433723,"E01011348",5,"Roundabout","Daylight","Fine no high winds","Dry","Car occupant"
"3448","20151325K0995",2015-05-20,2015,"May",20,"16:25",16,25,"Wednesday","Slight",3,"Slight","Car occupant","Driver or rider","Female",27,"Unclassified","Single carriageway",30,"Unclassified","Not a Pedestrian","Not a Pedestrian",432376,433723,"E01011348",5,"Roundabout","Daylight","Fine no high winds","Dry","Car occupant"
"3449","20151325K0995",2015-05-20,2015,"May",20,"16:25",16,25,"Wednesday","Slight",3,"Slight","Car occupant","Driver or rider","Female",23,"Unclassified","Single carriageway",30,"Unclassified","Not a Pedestrian","Not a Pedestrian",432376,433723,"E01011348",5,"Roundabout","Daylight","Fine no high winds","Dry","Car occupant"
"3450","20151325K1283",2015-05-20,2015,"May",20,"19:02",19,2,"Wednesday","Fatal",2,"Fatal","Car occupant","Driver or rider","Male",25,"Unclassified","Single carriageway",30,"Unclassified","Not a Pedestrian","Not a Pedestrian",431511,435138,"E01011429",3,"T or staggered junction","Daylight","Fine no high winds","Dry","Car occupant"
"3451","20151325K1283",2015-05-20,2015,"May",20,"19:02",19,2,"Wednesday","Fatal",2,"Serious","Car occupant","Driver or rider","Female",46,"Unclassified","Single carriageway",30,"Unclassified","Not a Pedestrian","Not a Pedestrian",431511,435138,"E01011429",3,"T or staggered junction","Daylight","Fine no high winds","Dry","Car occupant"
"3452","20151325K1317",2015-05-20,2015,"May",20,"19:20",19,20,"Wednesday","Slight",1,"Slight","Motorcycle 125cc and under rider or passenger","Driver or rider","Male",29,"A","Single carriageway",30,"Unclassified","Not a Pedestrian","Not a Pedestrian",428940,429856,"E01011320",3,"T or staggered junction","Daylight","Fine no high winds","Dry","Motorcyclist and pillion"
"3453","20151325K1442",2015-05-20,2015,"May",20,"21:35",21,35,"Wednesday","Serious",1,"Serious","Motorcycle over 500cc rider or passenger","Driver or rider","Male",21,"Unclassified","Single carriageway",60,NA,"Not a Pedestrian","Not a Pedestrian",445306,427942,"E01011299",2,"Not at junction or within 20 metres","Darkness - no lighting","Fine no high winds","Dry","Motorcyclist and pillion"
"3454","20151325K1537",2015-05-20,2015,"May",20,"21:35",21,35,"Wednesday","Slight",2,"Slight","Car occupant","Driver or rider","Male",19,"A","Dual carriageway",40,NA,"Not a Pedestrian","Not a Pedestrian",430620,434640,"E01011671",2,"Not at junction or within 20 metres","Darkness - lights lit","Unknown","Wet or damp","Car occupant"
"3455","20151325K1537",2015-05-20,2015,"May",20,"21:35",21,35,"Wednesday","Slight",2,"Slight","Car occupant","Driver or rider","Male",22,"A","Dual carriageway",40,NA,"Not a Pedestrian","Not a Pedestrian",430620,434640,"E01011671",2,"Not at junction or within 20 metres","Darkness - lights lit","Unknown","Wet or damp","Car occupant"
"3456","20151325L0017",2015-05-21,2015,"May",21,"00:14",0,14,"Thursday","Slight",1,"Slight","Car occupant","Driver or rider","Male",27,"A","Single carriageway",30,"B","Not a Pedestrian","Not a Pedestrian",420237,439506,"E01011278",2,"T or staggered junction","Darkness - lights lit","Fine no high winds","Dry","Car occupant"
"3457","20151325L0189",2015-05-21,2015,"May",21,"07:25",7,25,"Thursday","Slight",1,"Slight","Car occupant","Driver or rider","Male",24,"Motorway","Dual carriageway",70,NA,"Not a Pedestrian","Not a Pedestrian",430174,426446,"E01011538",2,"Not at junction or within 20 metres","Daylight","Fine no high winds","Dry","Car occupant"
"3458","20151325L0207",2015-05-21,2015,"May",21,"07:50",7,50,"Thursday","Slight",1,"Slight","Car occupant","Driver or rider","Female",60,"A","Dual carriageway",40,NA,"Not a Pedestrian","Not a Pedestrian",428490,431578,"E01011366",2,"Not at junction or within 20 metres","Daylight","Fine no high winds","Dry","Car occupant"
"3459","20151325L0873",2015-05-21,2015,"May",21,"15:15",15,15,"Thursday","Slight",1,"Slight","Car occupant","Driver or rider","Male",27,"A","Single carriageway",40,"Unclassified","Not a Pedestrian","Not a Pedestrian",427008,440071,"E01011381",2,"T or staggered junction","Daylight","Fine no high winds","Dry","Car occupant"
"3460","20151325L0908",2015-05-21,2015,"May",21,"15:41",15,41,"Thursday","Slight",1,"Slight","Motorcycle 50cc and under rider or passenger","Driver or rider","Male",23,"A","Dual carriageway",40,"A","Not a Pedestrian","Not a Pedestrian",428139,426248,"E01011550",1,"Roundabout","Daylight","Fine no high winds","Dry","Motorcyclist and pillion"
"3461","20151325L1017",2015-05-21,2015,"May",21,"15:41",15,41,"Thursday","Slight",1,"Slight","Car occupant","Driver or rider","Female",55,"A","Roundabout",40,"A","Not a Pedestrian","Not a Pedestrian",427991,430310,"E01011317",2,"Roundabout","Daylight","Fine no high winds","Dry","Car occupant"
"3462","20151325L1075",2015-05-21,2015,"May",21,"16:45",16,45,"Thursday","Slight",1,"Slight","Motorcycle 50cc and under rider or passenger","Driver or rider","Female",31,"Unclassified","Single carriageway",30,NA,"Not a Pedestrian","Not a Pedestrian",432749,434340,"E01011347",1,"Not at junction or within 20 metres","Daylight","Fine no high winds","Dry","Motorcyclist and pillion"
"3463","20151325L1071",2015-05-21,2015,"May",21,"16:48",16,48,"Thursday","Slight",2,"Slight","Van / Goods vehicle (3.5 tonnes mgw or under) occupant","Driver or rider","Male",63,"Motorway","Unknown",70,NA,"Not a Pedestrian","Not a Pedestrian",432940,425954,"E01011500",2,"Not at junction or within 20 metres","Daylight","Fine no high winds","Dry","Bus and goods vehicle occupant"
"3464","20151325L1071",2015-05-21,2015,"May",21,"16:48",16,48,"Thursday","Slight",2,"Slight","Van / Goods vehicle (3.5 tonnes mgw or under) occupant","Passenger","Female",50,"Motorway","Unknown",70,NA,"Not a Pedestrian","Not a Pedestrian",432940,425954,"E01011500",2,"Not at junction or within 20 metres","Daylight","Fine no high winds","Dry","Bus and goods vehicle occupant"