"","accident_index","date","year","month","day","time","time_hour","time_minute","day_of_week","accident_severity","number_of_casualties","casualty_severity","casualty_type","casualty_class","sex_of_casualty","age_of_casualty","first_road_class","road_type","speed_limit","second_road_class","pedestrian_location","pedestrian_movement","location_easting_osgr","location_northing_osgr","lsoa_of_accident_location","number_of_vehicles","junction_detail","light_conditions","weather_conditions","road_surface_conditions","cas_type"
"3465","20151325M0962",2015-05-22,2015,"May",22,"15:57",15,57,"Friday","Serious",1,"Serious","Pedestrian","Pedestrian","Female",34,"Unclassified","Single carriageway",30,"Unclassified","Crossing on pedestrian crossing facility","Crossing from driver's nearside",430369,433493,"E01033010",1,"Other junction","Daylight","Fine no high winds","Dry","Pedestrian"
"3466","20151325M1131",2015-05-22,2015,"May",22,"17:35",17,35,"Friday","Slight",4,"Slight","Car occupant","Driver or rider","Male",17,"A","Single carriageway",30,NA,"Not a Pedestrian","Not a Pedestrian",431672,435366,"E01011429",4,"Not at junction or within 20 metres","Daylight","Fine no high winds","Dry","Car occupant"
"3467","20151325M1131",2015-05-22,2015,"May",22,"17:35",17,35,"Friday","Slight",4,"Slight","Car occupant","Driver or rider","Male",32,"A","Single carriageway",30,NA,"Not a Pedestrian","Not a Pedestrian",431672,435366,"E01011429",4,"Not at junction or within 20 metres","Daylight","Fine no high winds","Dry","Car occupant"
"3468","20151325M1131",2015-05-22,2015,"May",22,"17:35",17,35,"Friday","Slight",4,"Slight","Car occupant","Driver or rider","Female",36,"A","Single carriageway",30,NA,"Not a Pedestrian","Not a Pedestrian",431672,435366,"E01011429",4,"Not at junction or within 20 metres","Daylight","Fine no high winds","Dry","Car occupant"
"3469","20151325M1131",2015-05-22,2015,"May",22,"17:35",17,35,"Friday","Slight",4,"Slight","Car occupant","Driver or rider","Female",55,"A","Single carriageway",30,NA,"Not a Pedestrian","Not a Pedestrian",431672,435366,"E01011429",4,"Not at junction or within 20 metres","Daylight","Fine no high winds","Dry","Car occupant"
"3470","20151325N0970",2015-05-22,2015,"May",22,"21:00",21,0,"Friday","Serious",1,"Serious","Van / Goods vehicle (3.5 tonnes mgw or under) occupant","Driver or rider","Male",37,"Unclassified","Single carriageway",30,"Unclassified","Not a Pedestrian","Not a Pedestrian",427411,435856,"E01032945",2,"T or staggered junction","Daylight","Fine no high winds","Dry","Bus and goods vehicle occupant"
"3471","20151325N0442",2015-05-23,2015,"May",23,"09:32",9,32,"Saturday","Serious",1,"Serious","Car occupant","Driver or rider","Male",28,"B","Single carriageway",30,NA,"Not a Pedestrian","Not a Pedestrian",425806,433073,"E01011725",6,"Not at junction or within 20 metres","Daylight","Fine no high winds","Dry","Car occupant"
"3472","20151325N0803",2015-05-23,2015,"May",23,"13:40",13,40,"Saturday","Slight",1,"Slight","Cyclist","Driver or rider","Male",30,"Unclassified","Single carriageway",40,NA,"Not a Pedestrian","Not a Pedestrian",431827,436440,"E01011642",1,"Not at junction or within 20 metres","Daylight","Fine no high winds","Dry","Cyclist"
"3473","20151325N0964",2015-05-23,2015,"May",23,"15:15",15,15,"Saturday","Slight",2,"Slight","Cyclist","Driver or rider","Male",64,"A","Single carriageway",60,NA,"Not a Pedestrian","Not a Pedestrian",441742,439869,"E01011309",2,"Not at junction or within 20 metres","Daylight","Fine no high winds","Dry","Cyclist"
"3474","20151325N0964",2015-05-23,2015,"May",23,"15:15",15,15,"Saturday","Slight",2,"Slight","Motorcycle 125cc and under rider or passenger","Driver or rider","Male",48,"A","Single carriageway",60,NA,"Not a Pedestrian","Not a Pedestrian",441742,439869,"E01011309",2,"Not at junction or within 20 metres","Daylight","Fine no high winds","Dry","Motorcyclist and pillion"
"3475","20151325O0406",2015-05-24,2015,"May",24,"05:36",5,36,"Sunday","Serious",1,"Serious","Car occupant","Driver or rider","Male",24,"A","Dual carriageway",30,"Unclassified","Not a Pedestrian","Not a Pedestrian",428303,429632,"E01011321",1,"Roundabout","Darkness - lights lit","Fine no high winds","Dry","Car occupant"
"3476","20151325O0515",2015-05-24,2015,"May",24,"09:15",9,15,"Sunday","Slight",1,"Slight","Cyclist","Driver or rider","Male",44,"A","Single carriageway",30,NA,"Not a Pedestrian","Not a Pedestrian",424729,445090,"E01011570",2,"Not at junction or within 20 metres","Daylight","Fine no high winds","Dry","Cyclist"
"3477","20151325O0779",2015-05-24,2015,"May",24,"12:58",12,58,"Sunday","Slight",1,"Slight","Car occupant","Driver or rider","Female",65,"B","Single carriageway",30,"Unclassified","Not a Pedestrian","Not a Pedestrian",428758,437153,"E01011691",2,"T or staggered junction","Daylight","Fine no high winds","Dry","Car occupant"
"3478","20151325O0866",2015-05-24,2015,"May",24,"14:00",14,0,"Sunday","Slight",1,"Slight","Car occupant","Passenger","Female",50,"A","Dual carriageway",30,"Unclassified","Not a Pedestrian","Not a Pedestrian",432188,445001,"E01011561",3,"T or staggered junction","Daylight","Fine no high winds","Dry","Car occupant"
"3479","20151325O1593",2015-05-24,2015,"May",24,"21:00",21,0,"Sunday","Serious",3,"Slight","Car occupant","Driver or rider","Male",20,"Unclassified","Single carriageway",30,NA,"Not a Pedestrian","Not a Pedestrian",435195,442112,"E01011713",1,"Not at junction or within 20 metres","Daylight","Fine no high winds","Dry","Car occupant"
"3480","20151325O1593",2015-05-24,2015,"May",24,"21:00",21,0,"Sunday","Serious",3,"Slight","Car occupant","Passenger","Male",18,"Unclassified","Single carriageway",30,NA,"Not a Pedestrian","Not a Pedestrian",435195,442112,"E01011713",1,"Not at junction or within 20 metres","Daylight","Fine no high winds","Dry","Car occupant"
"3481","20151325O1593",2015-05-24,2015,"May",24,"21:00",21,0,"Sunday","Serious",3,"Serious","Car occupant","Passenger","Male",16,"Unclassified","Single carriageway",30,NA,"Not a Pedestrian","Not a Pedestrian",435195,442112,"E01011713",1,"Not at junction or within 20 metres","Daylight","Fine no high winds","Dry","Car occupant"
"3482","20151325Q0587",2015-05-25,2015,"May",25,"00:30",0,30,"Monday","Slight",1,"Slight","Taxi/Private hire car occupant","Passenger","Female",23,"Unclassified","Single carriageway",30,NA,"Not a Pedestrian","Not a Pedestrian",430065,433812,"E01033010",1,"Not at junction or within 20 metres","Darkness - lights lit","Fine no high winds","Dry","Car occupant"
"3483","20151325P1005",2015-05-25,2015,"May",25,"15:59",15,59,"Monday","Slight",1,"Slight","Cyclist","Driver or rider","Female",24,"Unclassified","Single carriageway",30,"Unclassified","Not a Pedestrian","Not a Pedestrian",428582,437045,"E01011689",2,"Other junction","Daylight","Fine no high winds","Dry","Cyclist"
"3484","20151325P1198",2015-05-25,2015,"May",25,"17:35",17,35,"Monday","Slight",1,"Slight","Cyclist","Driver or rider","Male",43,"Unclassified","Roundabout",40,"A","Not a Pedestrian","Not a Pedestrian",436088,434818,"E01011666",2,"Roundabout","Daylight","Fine no high winds","Dry","Cyclist"
"3485","20151325P1670",2015-05-25,2015,"May",25,"22:50",22,50,"Monday","Serious",1,"Serious","Car occupant","Passenger","Male",24,"B","Single carriageway",30,"Unclassified","Not a Pedestrian","Not a Pedestrian",422569,434703,"E01011335",1,"T or staggered junction","Darkness - lights lit","Fine no high winds","Dry","Car occupant"
"3486","20151325Q0144",2015-05-26,2015,"May",26,"03:51",3,51,"Tuesday","Slight",1,"Slight","Pedestrian","Pedestrian","Male",24,"Unclassified","Dual carriageway",30,NA,"In carriageway, crossing elsewhere","Crossing from driver's offside",429218,433496,"E01033015",1,"Not at junction or within 20 metres","Daylight","Fine no high winds","Dry","Pedestrian"
"3487","2015132640405",2015-05-26,2015,"May",26,"06:32",6,32,"Tuesday","Serious",1,"Serious","Cyclist","Driver or rider","Male",25,"B","Roundabout",30,"Unclassified","Not a Pedestrian","Not a Pedestrian",432780,430385,"E01011468",2,"Roundabout","Daylight","Fine no high winds","Dry","Cyclist"
"3488","20151325Q0385",2015-05-26,2015,"May",26,"10:26",10,26,"Tuesday","Slight",1,"Slight","Van / Goods vehicle (3.5 tonnes mgw or under) occupant","Driver or rider","Male",62,"Unclassified","Single carriageway",30,"Unclassified","Not a Pedestrian","Not a Pedestrian",427354,434825,"E01011482",2,"Crossroads","Daylight","Fine no high winds","Dry","Bus and goods vehicle occupant"
"3489","20151325Q0540",2015-05-26,2015,"May",26,"10:53",10,53,"Tuesday","Slight",1,"Slight","Car occupant","Driver or rider","Male",52,"Unclassified","Single carriageway",30,"Unclassified","Not a Pedestrian","Not a Pedestrian",431914,434804,"E01011677",2,"T or staggered junction","Daylight","Fine no high winds","Dry","Car occupant"
"3490","20151325Q0557",2015-05-26,2015,"May",26,"12:16",12,16,"Tuesday","Slight",1,"Slight","Pedestrian","Pedestrian","Male",7,"Unclassified","Single carriageway",30,NA,"In carriageway, crossing elsewhere","Crossing from driver's nearside",432219,434956,"E01011434",1,"Not at junction or within 20 metres","Daylight","Fine no high winds","Dry","Pedestrian"
"3491","20151325Q1525",2015-05-26,2015,"May",26,"15:10",15,10,"Tuesday","Slight",2,"Slight","Car occupant","Driver or rider","Female",24,"Unclassified","Single carriageway",30,"Unclassified","Not a Pedestrian","Not a Pedestrian",435825,435763,"E01011665",2,"T or staggered junction","Daylight","Fine no high winds","Dry","Car occupant"
"3492","20151325Q1525",2015-05-26,2015,"May",26,"15:10",15,10,"Tuesday","Slight",2,"Slight","Car occupant","Passenger","Female",25,"Unclassified","Single carriageway",30,"Unclassified","Not a Pedestrian","Not a Pedestrian",435825,435763,"E01011665",2,"T or staggered junction","Daylight","Fine no high winds","Dry","Car occupant"
"3493","20151325Q1087",2015-05-26,2015,"May",26,"16:00",16,0,"Tuesday","Serious",1,"Serious","Pedestrian","Pedestrian","Female",2,"Unclassified","Single carriageway",30,NA,"Unknown or other","Unknown or other",429529,430760,"E01011375",1,"Not at junction or within 20 metres","Daylight","Fine no high winds","Dry","Pedestrian"
"3494","20151325Q1104",2015-05-26,2015,"May",26,"17:00",17,0,"Tuesday","Slight",4,"Slight","Car occupant","Driver or rider","Male",56,"Unclassified","Single carriageway",30,"Unclassified","Not a Pedestrian","Not a Pedestrian",429556,431562,"E01011364",2,"T or staggered junction","Daylight","Fine no high winds","Dry","Car occupant"
"3495","20151325Q1104",2015-05-26,2015,"May",26,"17:00",17,0,"Tuesday","Slight",4,"Slight","Car occupant","Passenger","Female",54,"Unclassified","Single carriageway",30,"Unclassified","Not a Pedestrian","Not a Pedestrian",429556,431562,"E01011364",2,"T or staggered junction","Daylight","Fine no high winds","Dry","Car occupant"
"3496","20151325Q1104",2015-05-26,2015,"May",26,"17:00",17,0,"Tuesday","Slight",4,"Slight","Car occupant","Passenger","Female",16,"Unclassified","Single carriageway",30,"Unclassified","Not a Pedestrian","Not a Pedestrian",429556,431562,"E01011364",2,"T or staggered junction","Daylight","Fine no high winds","Dry","Car occupant"
"3497","20151325Q1104",2015-05-26,2015,"May",26,"17:00",17,0,"Tuesday","Slight",4,"Slight","Car occupant","Passenger","Male",21,"Unclassified","Single carriageway",30,"Unclassified","Not a Pedestrian","Not a Pedestrian",429556,431562,"E01011364",2,"T or staggered junction","Daylight","Fine no high winds","Dry","Car occupant"
"3498","20151325Q1233",2015-05-26,2015,"May",26,"18:00",18,0,"Tuesday","Slight",1,"Slight","Cyclist","Driver or rider","Male",29,"A","Single carriageway",30,"Unclassified","Not a Pedestrian","Not a Pedestrian",427569,434540,"E01011482",2,"T or staggered junction","Daylight","Fine no high winds","Dry","Cyclist"
"3499","20151325Q1662",2015-05-26,2015,"May",26,"22:45",22,45,"Tuesday","Slight",1,"Slight","Motorcycle 125cc and under rider or passenger","Driver or rider","Male",51,"Unclassified","Single carriageway",40,"Unclassified","Not a Pedestrian","Not a Pedestrian",436277,445443,"E01011708",2,"T or staggered junction","Darkness - no lighting","Fine no high winds","Dry","Motorcyclist and pillion"
"3500","20151325R0871",2015-05-27,2015,"May",27,"15:00",15,0,"Wednesday","Slight",1,"Slight","Car occupant","Driver or rider","Female",38,"A(M)","Dual carriageway",70,NA,"Not a Pedestrian","Not a Pedestrian",443282,439110,"E01011309",1,"Not at junction or within 20 metres","Daylight","Fine no high winds","Dry","Car occupant"
"3501","20151325R1167",2015-05-27,2015,"May",27,"15:44",15,44,"Wednesday","Slight",1,"Slight","Pedestrian","Pedestrian","Male",31,"Unclassified","Single carriageway",20,"Unclassified","In carriageway, crossing elsewhere","Crossing from driver's nearside",432585,434916,"E01011433",1,"T or staggered junction","Daylight","Fine no high winds","Dry","Pedestrian"
"3502","20151325R0982",2015-05-27,2015,"May",27,"15:45",15,45,"Wednesday","Slight",1,"Slight","Pedestrian","Pedestrian","Male",21,"Unclassified","Single carriageway",30,NA,"In centre of carriageway - not on refuge, island or central reservation","Unknown or other",422694,432251,"E01011607",1,"Not at junction or within 20 metres","Daylight","Fine no high winds","Dry","Pedestrian"
"3503","20151325R1039",2015-05-27,2015,"May",27,"16:25",16,25,"Wednesday","Slight",1,"Slight","Cyclist","Driver or rider","Male",24,"A","Single carriageway",30,"Unclassified","Not a Pedestrian","Not a Pedestrian",427392,434635,"E01011482",2,"T or staggered junction","Daylight","Fine no high winds","Dry","Cyclist"
"3504","20151325R1247",2015-05-27,2015,"May",27,"18:05",18,5,"Wednesday","Slight",1,"Slight","Motorcycle over 500cc rider or passenger","Driver or rider","Male",35,"Unclassified","Single carriageway",30,NA,"Not a Pedestrian","Not a Pedestrian",432124,432883,"E01011625",1,"Not at junction or within 20 metres","Daylight","Fine no high winds","Dry","Motorcyclist and pillion"
"3505","20151325R1226",2015-05-27,2015,"May",27,"18:09",18,9,"Wednesday","Slight",2,"Slight","Car occupant","Driver or rider","Female",32,"A","Dual carriageway",40,NA,"Not a Pedestrian","Not a Pedestrian",424985,434254,"E01032606",3,"Not at junction or within 20 metres","Daylight","Fine no high winds","Dry","Car occupant"
"3506","20151325R1226",2015-05-27,2015,"May",27,"18:09",18,9,"Wednesday","Slight",2,"Slight","Car occupant","Driver or rider","Female",28,"A","Dual carriageway",40,NA,"Not a Pedestrian","Not a Pedestrian",424985,434254,"E01032606",3,"Not at junction or within 20 metres","Daylight","Fine no high winds","Dry","Car occupant"
"3507","20151325R1340",2015-05-27,2015,"May",27,"19:22",19,22,"Wednesday","Serious",1,"Serious","Goods vehicle (7.5 tonnes mgw and over) occupant","Driver or rider","Male",55,"Motorway","Slip road",50,NA,"Not a Pedestrian","Not a Pedestrian",431767,430481,"E01011469",1,"Not at junction or within 20 metres","Daylight","Other","Wet or damp","Bus and goods vehicle occupant"
"3508","20151325S0382",2015-05-28,2015,"May",28,"10:40",10,40,"Thursday","Slight",1,"Slight","Car occupant","Driver or rider","Female",52,"A","Single carriageway",30,"Unclassified","Not a Pedestrian","Not a Pedestrian",429743,434519,"E01033005",2,"Crossroads","Daylight","Fine no high winds","Dry","Car occupant"
"3509","20151325S0610",2015-05-28,2015,"May",28,"10:58",10,58,"Thursday","Slight",1,"Slight","Bus or coach occupant (17 or more pass seats)","Passenger","Female",53,"A","Single carriageway",30,"Unclassified","Not a Pedestrian","Not a Pedestrian",430867,436266,"E01011356",1,"T or staggered junction","Daylight","Fine no high winds","Dry","Bus and goods vehicle occupant"
"3510","20151325S0655",2015-05-28,2015,"May",28,"13:50",13,50,"Thursday","Slight",1,"Slight","Cyclist","Driver or rider","Male",12,"Unclassified","Roundabout",60,NA,"Not a Pedestrian","Not a Pedestrian",428232,440385,"E01011554",2,"Not at junction or within 20 metres","Daylight","Fine no high winds","Dry","Cyclist"
"3511","20151325S0964",2015-05-28,2015,"May",28,"16:32",16,32,"Thursday","Slight",1,"Slight","Motorcycle 125cc and under rider or passenger","Driver or rider","Male",20,"B","Single carriageway",30,"Unclassified","Not a Pedestrian","Not a Pedestrian",421572,434397,"E01011587",2,"Private drive or entrance","Daylight","Fine no high winds","Dry","Motorcyclist and pillion"
"3512","20151325S1123",2015-05-28,2015,"May",28,"17:40",17,40,"Thursday","Slight",2,"Slight","Car occupant","Driver or rider","Male",29,"B","Single carriageway",40,"Unclassified","Not a Pedestrian","Not a Pedestrian",438025,425861,"E01011395",2,"T or staggered junction","Daylight","Fine no high winds","Dry","Car occupant"
"3513","20151325S1123",2015-05-28,2015,"May",28,"17:40",17,40,"Thursday","Slight",2,"Slight","Car occupant","Driver or rider","Female",19,"B","Single carriageway",40,"Unclassified","Not a Pedestrian","Not a Pedestrian",438025,425861,"E01011395",2,"T or staggered junction","Daylight","Fine no high winds","Dry","Car occupant"
"3514","20151325T0653",2015-05-29,2015,"May",29,"12:20",12,20,"Friday","Slight",1,"Slight","Bus or coach occupant (17 or more pass seats)","Passenger","Female",85,"A","Single carriageway",30,NA,"Not a Pedestrian","Not a Pedestrian",424108,435492,"E01011323",1,"Not at junction or within 20 metres","Daylight","Fine no high winds","Dry","Bus and goods vehicle occupant"
"3515","20151325T1379",2015-05-29,2015,"May",29,"20:30",20,30,"Friday","Slight",1,"Slight","Car occupant","Driver or rider","Male",27,"Unclassified","Single carriageway",30,"Unclassified","Not a Pedestrian","Not a Pedestrian",428937,434211,"E01033006",2,"Crossroads","Daylight","Fine no high winds","Dry","Car occupant"
"3516","20151325U0270",2015-05-30,2015,"May",30,"04:00",4,0,"Saturday","Slight",2,"Slight","Taxi/Private hire car occupant","Passenger","Female",25,"A","Dual carriageway",40,"B","Not a Pedestrian","Not a Pedestrian",433113,434026,"E01011340",2,"Crossroads","Darkness - lights lit","Fine no high winds","Dry","Car occupant"
"3517","20151325U0270",2015-05-30,2015,"May",30,"04:00",4,0,"Saturday","Slight",2,"Slight","Taxi/Private hire car occupant","Passenger","Male",27,"A","Dual carriageway",40,"B","Not a Pedestrian","Not a Pedestrian",433113,434026,"E01011340",2,"Crossroads","Darkness - lights lit","Fine no high winds","Dry","Car occupant"
"3518","20151325U0408",2015-05-30,2015,"May",30,"08:35",8,35,"Saturday","Slight",1,"Slight","Pedestrian","Pedestrian","Male",28,"Unclassified","Single carriageway",30,"Unclassified","In carriageway, crossing elsewhere","Crossing from driver's nearside",434006,428850,"E01011639",1,"T or staggered junction","Daylight","Fine no high winds","Dry","Pedestrian"
"3519","20151325U0618",2015-05-30,2015,"May",30,"11:50",11,50,"Saturday","Serious",1,"Serious","Pedestrian","Pedestrian","Male",9,"Unclassified","Single carriageway",30,"Unclassified","In carriageway, crossing elsewhere","Crossing from driver's nearside",431831,432885,"E01011626",1,"T or staggered junction","Daylight","Fine no high winds","Dry","Pedestrian"
"3520","20151325U0766",2015-05-30,2015,"May",30,"13:35",13,35,"Saturday","Serious",1,"Serious","Pedestrian","Pedestrian","Male",17,"A","Single carriageway",40,"Unclassified","In carriageway, crossing elsewhere","Crossing from driver's offside",436731,433817,"E01011412",1,"T or staggered junction","Daylight","Fine no high winds","Dry","Pedestrian"
"3521","20151325U1125",2015-05-30,2015,"May",30,"16:05",16,5,"Saturday","Slight",1,"Slight","Bus or coach occupant (17 or more pass seats)","Passenger","Female",79,"Unclassified","Single carriageway",30,NA,"Not a Pedestrian","Not a Pedestrian",429783,433404,"E01033016",1,"Not at junction or within 20 metres","Daylight","Fine no high winds","Dry","Bus and goods vehicle occupant"
"3522","20151325U1409",2015-05-30,2015,"May",30,"19:50",19,50,"Saturday","Serious",1,"Serious","Pedestrian","Pedestrian","Male",56,"A","Dual carriageway",30,"Unclassified","Crossing elsewhere within 50m. of pedestrian crossing","Crossing from driver's offside",430950,433295,"E01033033",1,"Crossroads","Daylight","Fine no high winds","Dry","Pedestrian"
"3523","20151325V0422",2015-05-31,2015,"May",31,"08:28",8,28,"Sunday","Slight",1,"Slight","Car occupant","Driver or rider","Male",57,"Motorway","Dual carriageway",30,NA,"Not a Pedestrian","Not a Pedestrian",431790,430472,"E01011469",1,"Not at junction or within 20 metres","Daylight","Raining no high winds","Wet or damp","Car occupant"
"3524","20151325V0514",2015-05-31,2015,"May",31,"10:17",10,17,"Sunday","Slight",1,"Slight","Car occupant","Passenger","Female",72,"B","Single carriageway",30,"Unclassified","Not a Pedestrian","Not a Pedestrian",426351,433095,"E01011729",2,"T or staggered junction","Daylight","Fine no high winds","Dry","Car occupant"
"3525","20151325V0520",2015-05-31,2015,"May",31,"10:20",10,20,"Sunday","Slight",1,"Slight","Cyclist","Driver or rider","Male",41,"A","Dual carriageway",40,NA,"Not a Pedestrian","Not a Pedestrian",420780,434394,"E01011595",2,"Not at junction or within 20 metres","Daylight","Fine no high winds","Dry","Cyclist"
"3526","20151325V0900",2015-05-31,2015,"May",31,"14:55",14,55,"Sunday","Slight",1,"Slight","Motorcycle over 500cc rider or passenger","Driver or rider","Male",63,"A","Dual carriageway",40,"Unclassified","Not a Pedestrian","Not a Pedestrian",428825,433309,"E01033013",1,"T or staggered junction","Daylight","Fine + high winds","Dry","Motorcyclist and pillion"
"3527","20151325V0929",2015-05-31,2015,"May",31,"15:17",15,17,"Sunday","Slight",1,"Slight","Car occupant","Driver or rider","Female",22,"Motorway","Dual carriageway",70,"Motorway","Not a Pedestrian","Not a Pedestrian",432200,427231,"E01032495",2,"Slip road","Daylight","Fine no high winds","Dry","Car occupant"
"3528","2015132610127",2015-06-01,2015,"Jun",1,"03:50",3,50,"Monday","Slight",1,"Slight","Car occupant","Passenger","Female",41,"Unclassified","Single carriageway",30,"Unclassified","Not a Pedestrian","Not a Pedestrian",427373,438212,"E01032876",1,"T or staggered junction","Darkness - lights lit","Fine no high winds","Wet or damp","Car occupant"
"3529","2015132610539",2015-06-01,2015,"Jun",1,"12:30",12,30,"Monday","Slight",2,"Slight","Car occupant","Driver or rider","Male",66,"Motorway","Roundabout",70,"Motorway","Not a Pedestrian","Not a Pedestrian",432241,426275,"E01011499",2,"Roundabout","Daylight","Fine no high winds","Dry","Car occupant"
"3530","2015132610539",2015-06-01,2015,"Jun",1,"12:30",12,30,"Monday","Slight",2,"Slight","Car occupant","Passenger","Female",58,"Motorway","Roundabout",70,"Motorway","Not a Pedestrian","Not a Pedestrian",432241,426275,"E01011499",2,"Roundabout","Daylight","Fine no high winds","Dry","Car occupant"
"3531","2015132611091",2015-06-01,2015,"Jun",1,"17:30",17,30,"Monday","Slight",1,"Slight","Car occupant","Driver or rider","Male",51,"A","Dual carriageway",30,"Unclassified","Not a Pedestrian","Not a Pedestrian",428370,428740,"E01011531",2,"Roundabout","Daylight","Fine no high winds","Dry","Car occupant"
"3532","2015132620223",2015-06-02,2015,"Jun",2,"07:39",7,39,"Tuesday","Slight",2,"Slight","Car occupant","Driver or rider","Male",56,"A","Dual carriageway",50,NA,"Not a Pedestrian","Not a Pedestrian",433503,429762,"E01011639",4,"Not at junction or within 20 metres","Daylight","Fine no high winds","Dry","Car occupant"
"3533","2015132620223",2015-06-02,2015,"Jun",2,"07:39",7,39,"Tuesday","Slight",2,"Slight","Car occupant","Passenger","Female",57,"A","Dual carriageway",50,NA,"Not a Pedestrian","Not a Pedestrian",433503,429762,"E01011639",4,"Not at junction or within 20 metres","Daylight","Fine no high winds","Dry","Car occupant"
"3534","2015132620299",2015-06-02,2015,"Jun",2,"08:00",8,0,"Tuesday","Slight",1,"Slight","Cyclist","Driver or rider","Male",29,"Unclassified","Single carriageway",30,NA,"Not a Pedestrian","Not a Pedestrian",430188,433398,"E01033010",2,"Not at junction or within 20 metres","Daylight","Fine no high winds","Dry","Cyclist"
"3535","2015132620256",2015-06-02,2015,"Jun",2,"08:10",8,10,"Tuesday","Slight",1,"Slight","Cyclist","Driver or rider","Male",48,"A","Single carriageway",40,"Unclassified","Not a Pedestrian","Not a Pedestrian",424078,437278,"E01011465",2,"T or staggered junction","Daylight","Fine no high winds","Dry","Cyclist"
"3536","2015132621257",2015-06-02,2015,"Jun",2,"17:48",17,48,"Tuesday","Slight",2,"Slight","Car occupant","Driver or rider","Female",43,"A","Single carriageway",30,"A","Not a Pedestrian","Not a Pedestrian",441102,445725,"E01011707",2,"Roundabout","Daylight","Fine + high winds","Dry","Car occupant"
"3537","2015132621257",2015-06-02,2015,"Jun",2,"17:48",17,48,"Tuesday","Slight",2,"Slight","Car occupant","Driver or rider","Female",45,"A","Single carriageway",30,"A","Not a Pedestrian","Not a Pedestrian",441102,445725,"E01011707",2,"Roundabout","Daylight","Fine + high winds","Dry","Car occupant"
"3538","2015132621363",2015-06-02,2015,"Jun",2,"18:30",18,30,"Tuesday","Slight",2,"Slight","Car occupant","Driver or rider","Female",24,"Unclassified","Slip road",30,"A","Not a Pedestrian","Not a Pedestrian",429405,433925,"E01011678",2,"Slip road","Daylight","Raining + high winds","Wet or damp","Car occupant"
"3539","2015132621363",2015-06-02,2015,"Jun",2,"18:30",18,30,"Tuesday","Slight",2,"Slight","Car occupant","Driver or rider","Female",37,"Unclassified","Slip road",30,"A","Not a Pedestrian","Not a Pedestrian",429405,433925,"E01011678",2,"Slip road","Daylight","Raining + high winds","Wet or damp","Car occupant"
"3540","2015132630303",2015-06-03,2015,"Jun",3,"08:57",8,57,"Wednesday","Slight",1,"Slight","Cyclist","Driver or rider","Male",40,"Unclassified","Single carriageway",30,"Unclassified","Not a Pedestrian","Not a Pedestrian",432055,435968,"E01011647",2,"T or staggered junction","Daylight","Fine no high winds","Dry","Cyclist"
"3541","2015132631535",2015-06-03,2015,"Jun",3,"20:35",20,35,"Wednesday","Serious",4,"Slight","Taxi/Private hire car occupant","Driver or rider","Male",49,"B","Single carriageway",30,"C","Not a Pedestrian","Not a Pedestrian",428712,436506,"E01011691",2,"T or staggered junction","Daylight","Fine no high winds","Dry","Car occupant"
"3542","2015132631535",2015-06-03,2015,"Jun",3,"20:35",20,35,"Wednesday","Serious",4,"Slight","Taxi/Private hire car occupant","Passenger","Female",63,"B","Single carriageway",30,"C","Not a Pedestrian","Not a Pedestrian",428712,436506,"E01011691",2,"T or staggered junction","Daylight","Fine no high winds","Dry","Car occupant"
"3543","2015132631535",2015-06-03,2015,"Jun",3,"20:35",20,35,"Wednesday","Serious",4,"Serious","Taxi/Private hire car occupant","Passenger","Female",68,"B","Single carriageway",30,"C","Not a Pedestrian","Not a Pedestrian",428712,436506,"E01011691",2,"T or staggered junction","Daylight","Fine no high winds","Dry","Car occupant"
"3544","2015132631535",2015-06-03,2015,"Jun",3,"20:35",20,35,"Wednesday","Serious",4,"Slight","Car occupant","Driver or rider","Female",59,"B","Single carriageway",30,"C","Not a Pedestrian","Not a Pedestrian",428712,436506,"E01011691",2,"T or staggered junction","Daylight","Fine no high winds","Dry","Car occupant"
"3545","2015132631660",2015-06-03,2015,"Jun",3,"21:55",21,55,"Wednesday","Slight",1,"Slight","Motorcycle over 500cc rider or passenger","Driver or rider","Male",27,"A","Single carriageway",30,NA,"Not a Pedestrian","Not a Pedestrian",421658,440889,"E01011578",2,"Not at junction or within 20 metres","Daylight","Fine no high winds","Dry","Motorcyclist and pillion"
"3546","2015132640243",2015-06-04,2015,"Jun",4,"07:40",7,40,"Thursday","Slight",1,"Slight","Van / Goods vehicle (3.5 tonnes mgw or under) occupant","Driver or rider","Male",52,"Unclassified","Single carriageway",30,NA,"Not a Pedestrian","Not a Pedestrian",427468,433763,"E01011284",1,"Not at junction or within 20 metres","Daylight","Fine no high winds","Dry","Bus and goods vehicle occupant"
"3547","2015132640274",2015-06-04,2015,"Jun",4,"08:26",8,26,"Thursday","Slight",2,"Slight","Car occupant","Driver or rider","Female",22,"Unclassified","Single carriageway",30,"Unclassified","Not a Pedestrian","Not a Pedestrian",422183,428747,"E01011521",2,"Crossroads","Daylight","Fine no high winds","Dry","Car occupant"
"3548","2015132640274",2015-06-04,2015,"Jun",4,"08:26",8,26,"Thursday","Slight",2,"Slight","Car occupant","Passenger","Female",7,"Unclassified","Single carriageway",30,"Unclassified","Not a Pedestrian","Not a Pedestrian",422183,428747,"E01011521",2,"Crossroads","Daylight","Fine no high winds","Dry","Car occupant"