"","accident_index","date","year","month","day","time","time_hour","time_minute","day_of_week","accident_severity","number_of_casualties","casualty_severity","casualty_type","casualty_class","sex_of_casualty","age_of_casualty","first_road_class","road_type","speed_limit","second_road_class","pedestrian_location","pedestrian_movement","location_easting_osgr","location_northing_osgr","lsoa_of_accident_location","number_of_vehicles","junction_detail","light_conditions","weather_conditions","road_surface_conditions","cas_type"
"3549","2015132640378",2015-06-04,2015,"Jun",4,"10:03",10,3,"Thursday","Slight",1,"Slight","Car occupant","Driver or rider","Male",65,"Unclassified","Single carriageway",30,NA,"Not a Pedestrian","Not a Pedestrian",427438,432800,"E01011732",2,"Not at junction or within 20 metres","Daylight","Fine no high winds","Dry","Car occupant"
"3550","2015132640593",2015-06-04,2015,"Jun",4,"12:14",12,14,"Thursday","Serious",1,"Serious","Cyclist","Driver or rider","Male",67,"A","Single carriageway",30,NA,"Not a Pedestrian","Not a Pedestrian",439602,433042,"E01011399",2,"Not at junction or within 20 metres","Daylight","Fine no high winds","Dry","Cyclist"
"3551","2015132640864",2015-06-04,2015,"Jun",4,"14:44",14,44,"Thursday","Slight",1,"Slight","Car occupant","Passenger","Male",21,"A","Roundabout",30,"Unclassified","Not a Pedestrian","Not a Pedestrian",430756,434758,"E01011671",2,"T or staggered junction","Daylight","Fine no high winds","Dry","Car occupant"
"3552","2015132641217",2015-06-04,2015,"Jun",4,"18:00",18,0,"Thursday","Slight",1,"Slight","Car occupant","Driver or rider","Female",25,"A","Dual carriageway",40,"A","Not a Pedestrian","Not a Pedestrian",428274,429627,"E01011518",2,"Roundabout","Daylight","Fine no high winds","Dry","Car occupant"
"3553","2015132641336",2015-06-04,2015,"Jun",4,"18:37",18,37,"Thursday","Slight",1,"Slight","Pedestrian","Pedestrian","Female",14,"Unclassified","Dual carriageway",30,NA,"Crossing elsewhere within 50m. of pedestrian crossing","Crossing from driver's nearside",430844,433468,"E01033011",1,"Not at junction or within 20 metres","Daylight","Fine no high winds","Dry","Pedestrian"
"3554","2015132641511",2015-06-04,2015,"Jun",4,"19:40",19,40,"Thursday","Slight",1,"Slight","Goods vehicle (over 3.5t. and under 7.5t.) occupant","Driver or rider","Male",24,"Unclassified","Single carriageway",30,NA,"Not a Pedestrian","Not a Pedestrian",430405,437057,"E01011352",1,"Not at junction or within 20 metres","Daylight","Fine no high winds","Dry","Bus and goods vehicle occupant"
"3555","2015132650776",2015-06-05,2015,"Jun",5,"13:30",13,30,"Friday","Serious",4,"Serious","Bus or coach occupant (17 or more pass seats)","Passenger","Male",78,"Unclassified","Single carriageway",30,"A","Not a Pedestrian","Not a Pedestrian",419603,445164,"E01011571",3,"T or staggered junction","Daylight","Fine no high winds","Dry","Bus and goods vehicle occupant"
"3556","2015132650776",2015-06-05,2015,"Jun",5,"13:30",13,30,"Friday","Serious",4,"Slight","Bus or coach occupant (17 or more pass seats)","Passenger","Male",77,"Unclassified","Single carriageway",30,"A","Not a Pedestrian","Not a Pedestrian",419603,445164,"E01011571",3,"T or staggered junction","Daylight","Fine no high winds","Dry","Bus and goods vehicle occupant"
"3557","2015132650776",2015-06-05,2015,"Jun",5,"13:30",13,30,"Friday","Serious",4,"Slight","Bus or coach occupant (17 or more pass seats)","Passenger","Female",20,"Unclassified","Single carriageway",30,"A","Not a Pedestrian","Not a Pedestrian",419603,445164,"E01011571",3,"T or staggered junction","Daylight","Fine no high winds","Dry","Bus and goods vehicle occupant"
"3558","2015132650776",2015-06-05,2015,"Jun",5,"13:30",13,30,"Friday","Serious",4,"Slight","Bus or coach occupant (17 or more pass seats)","Passenger","Male",49,"Unclassified","Single carriageway",30,"A","Not a Pedestrian","Not a Pedestrian",419603,445164,"E01011571",3,"T or staggered junction","Daylight","Fine no high winds","Dry","Bus and goods vehicle occupant"
"3559","2015132651157",2015-06-05,2015,"Jun",5,"13:30",13,30,"Friday","Slight",1,"Slight","Pedestrian","Pedestrian","Male",49,"Unclassified","Single carriageway",30,"Unclassified","In carriageway, not crossing","Unknown or other",432064,436090,"E01011642",1,"T or staggered junction","Daylight","Fine no high winds","Dry","Pedestrian"
"3560","2015132651032",2015-06-05,2015,"Jun",5,"15:22",15,22,"Friday","Serious",1,"Serious","Cyclist","Driver or rider","Male",27,"B","Single carriageway",30,"Unclassified","Not a Pedestrian","Not a Pedestrian",426351,433095,"E01011729",2,"T or staggered junction","Daylight","Fine no high winds","Dry","Cyclist"
"3561","2015132651363",2015-06-05,2015,"Jun",5,"17:36",17,36,"Friday","Slight",1,"Slight","Pedestrian","Pedestrian","Male",10,"Unclassified","Single carriageway",20,"Unclassified","In carriageway, crossing elsewhere","Crossing from driver's offside",431783,435035,"E01011677",1,"Crossroads","Daylight","Fine no high winds","Dry","Pedestrian"
"3562","2015132651458",2015-06-05,2015,"Jun",5,"18:47",18,47,"Friday","Slight",1,"Slight","Cyclist","Driver or rider","Male",19,"Unclassified","Single carriageway",30,"Unclassified","Not a Pedestrian","Not a Pedestrian",440163,448323,"E01011704",2,"T or staggered junction","Daylight","Fine no high winds","Dry","Cyclist"
"3563","2015132660240",2015-06-06,2015,"Jun",6,"04:10",4,10,"Saturday","Slight",1,"Slight","Car occupant","Passenger","Female",19,"A(M)","Dual carriageway",40,NA,"Not a Pedestrian","Not a Pedestrian",429356,433714,"E01033008",1,"Not at junction or within 20 metres","Daylight","Fine no high winds","Dry","Car occupant"
"3564","2015132660776",2015-06-06,2015,"Jun",6,"04:30",4,30,"Saturday","Slight",1,"Slight","Taxi/Private hire car occupant","Passenger","Female",33,"Unclassified","One way street",30,NA,"Not a Pedestrian","Not a Pedestrian",430236,433914,"E01033010",1,"Not at junction or within 20 metres","Daylight","Fine no high winds","Dry","Car occupant"
"3565","2015132660836",2015-06-06,2015,"Jun",6,"14:12",14,12,"Saturday","Slight",3,"Slight","Car occupant","Driver or rider","Female",40,"Unclassified","Single carriageway",50,"A","Not a Pedestrian","Not a Pedestrian",436506,441865,"E01011310",2,"Crossroads","Daylight","Fine no high winds","Dry","Car occupant"
"3566","2015132660836",2015-06-06,2015,"Jun",6,"14:12",14,12,"Saturday","Slight",3,"Slight","Car occupant","Passenger","Male",40,"Unclassified","Single carriageway",50,"A","Not a Pedestrian","Not a Pedestrian",436506,441865,"E01011310",2,"Crossroads","Daylight","Fine no high winds","Dry","Car occupant"
"3567","2015132660836",2015-06-06,2015,"Jun",6,"14:12",14,12,"Saturday","Slight",3,"Slight","Car occupant","Driver or rider","Female",31,"Unclassified","Single carriageway",50,"A","Not a Pedestrian","Not a Pedestrian",436506,441865,"E01011310",2,"Crossroads","Daylight","Fine no high winds","Dry","Car occupant"
"3568","2015132660932",2015-06-06,2015,"Jun",6,"15:15",15,15,"Saturday","Slight",1,"Slight","Motorcycle 125cc and under rider or passenger","Driver or rider","Male",21,"B","Single carriageway",30,"Unclassified","Not a Pedestrian","Not a Pedestrian",422982,428624,"E01011521",2,"T or staggered junction","Daylight","Fine no high winds","Dry","Motorcyclist and pillion"
"3569","2015132661053",2015-06-06,2015,"Jun",6,"16:24",16,24,"Saturday","Slight",1,"Slight","Car occupant","Driver or rider","Male",20,"Unclassified","Single carriageway",30,NA,"Not a Pedestrian","Not a Pedestrian",431597,435556,"E01011429",2,"Not at junction or within 20 metres","Daylight","Fine no high winds","Dry","Car occupant"
"3570","2015132670487",2015-06-06,2015,"Jun",6,"18:18",18,18,"Saturday","Slight",1,"Slight","Cyclist","Driver or rider","Male",48,"A","Single carriageway",30,NA,"Not a Pedestrian","Not a Pedestrian",427305,434679,"E01011482",2,"Not at junction or within 20 metres","Daylight","Fine no high winds","Dry","Cyclist"
"3571","2015132661532",2015-06-06,2015,"Jun",6,"21:00",21,0,"Saturday","Slight",1,"Slight","Pedestrian","Pedestrian","Female",13,"A","Dual carriageway",30,"Unclassified","Crossing on pedestrian crossing facility","Crossing from driver's nearside",430710,431924,"E01011364",1,"T or staggered junction","Daylight","Fine no high winds","Dry","Pedestrian"
"3572","2015132671254",2015-06-07,2015,"Jun",7,"18:53",18,53,"Sunday","Serious",1,"Serious","Cyclist","Driver or rider","Male",21,"A","Single carriageway",30,"Unclassified","Not a Pedestrian","Not a Pedestrian",427608,436802,"E01011694",2,"T or staggered junction","Daylight","Fine no high winds","Dry","Cyclist"
"3573","2015132680601",2015-06-08,2015,"Jun",8,"11:35",11,35,"Monday","Slight",1,"Slight","Bus or coach occupant (17 or more pass seats)","Passenger","Female",87,"Unclassified","Single carriageway",30,NA,"Not a Pedestrian","Not a Pedestrian",428441,432955,"E01011363",2,"Not at junction or within 20 metres","Daylight","Fine no high winds","Dry","Bus and goods vehicle occupant"
"3574","2015132681107",2015-06-08,2015,"Jun",8,"17:02",17,2,"Monday","Slight",1,"Slight","Van / Goods vehicle (3.5 tonnes mgw or under) occupant","Passenger","Male",30,"Unclassified","Single carriageway",30,"Unclassified","Not a Pedestrian","Not a Pedestrian",431396,435449,"E01011361",3,"T or staggered junction","Daylight","Fine no high winds","Dry","Bus and goods vehicle occupant"
"3575","2015132681475",2015-06-08,2015,"Jun",8,"20:15",20,15,"Monday","Serious",1,"Serious","Pedestrian","Pedestrian","Male",63,"A","Dual carriageway",40,"Unclassified","In centre of carriageway - not on refuge, island or central reservation","Crossing from driver's offside",425019,433163,"E01011727",1,"Roundabout","Daylight","Fine no high winds","Dry","Pedestrian"
"3576","2015132690217",2015-06-09,2015,"Jun",9,"07:22",7,22,"Tuesday","Serious",1,"Serious","Motorcycle over 500cc rider or passenger","Driver or rider","Male",28,"A","Dual carriageway",40,"A","Not a Pedestrian","Not a Pedestrian",428698,433115,"E01033013",2,"Roundabout","Daylight","Fine no high winds","Dry","Motorcyclist and pillion"
"3577","2015132690225",2015-06-09,2015,"Jun",9,"07:51",7,51,"Tuesday","Slight",1,"Slight","Cyclist","Driver or rider","Male",27,"A","Single carriageway",30,"B","Not a Pedestrian","Not a Pedestrian",426279,435586,"E01011488",2,"Crossroads","Daylight","Fine no high winds","Dry","Cyclist"
"3578","2015132690265",2015-06-09,2015,"Jun",9,"08:20",8,20,"Tuesday","Slight",1,"Slight","Pedestrian","Pedestrian","Male",48,"A","Dual carriageway",30,"Unclassified","In centre of carriageway - not on refuge, island or central reservation","Crossing from driver's nearside",430879,433361,"E01033033",2,"Crossroads","Daylight","Fine no high winds","Dry","Pedestrian"
"3579","2015132690372",2015-06-09,2015,"Jun",9,"09:50",9,50,"Tuesday","Serious",1,"Serious","Pedestrian","Pedestrian","Female",85,"A","Single carriageway",30,NA,"Unknown or other","Unknown or other",430794,438656,"E01011512",1,"Not at junction or within 20 metres","Daylight","Fine no high winds","Dry","Pedestrian"
"3580","2015132690697",2015-06-09,2015,"Jun",9,"13:26",13,26,"Tuesday","Slight",1,"Slight","Pedestrian","Pedestrian","Male",25,"Unclassified","Single carriageway",30,"Unclassified","In carriageway, crossing elsewhere","Crossing from driver's offside",431880,435770,"E01011422",1,"Crossroads","Daylight","Fine no high winds","Dry","Pedestrian"
"3581","2015132690793",2015-06-09,2015,"Jun",9,"14:28",14,28,"Tuesday","Slight",1,"Slight","Car occupant","Driver or rider","Male",32,"A","One way street",50,"Unclassified","Not a Pedestrian","Not a Pedestrian",436761,437359,"E01011714",2,"T or staggered junction","Daylight","Fine no high winds","Dry","Car occupant"
"3582","2015132690906",2015-06-09,2015,"Jun",9,"14:30",14,30,"Tuesday","Slight",1,"Slight","Van / Goods vehicle (3.5 tonnes mgw or under) occupant","Driver or rider","Male",49,"Unclassified","Single carriageway",30,NA,"Not a Pedestrian","Not a Pedestrian",430214,427370,"E01011492",1,"Not at junction or within 20 metres","Daylight","Fine no high winds","Dry","Bus and goods vehicle occupant"
"3583","2015132691088",2015-06-09,2015,"Jun",9,"15:10",15,10,"Tuesday","Slight",1,"Slight","Car occupant","Driver or rider","Male",53,"Unclassified","Single carriageway",30,"Unclassified","Not a Pedestrian","Not a Pedestrian",421576,440732,"E01011578",2,"Other junction","Daylight","Fine no high winds","Dry","Car occupant"
"3584","2015132691050",2015-06-09,2015,"Jun",9,"16:45",16,45,"Tuesday","Slight",1,"Slight","Pedestrian","Pedestrian","Female",34,"Unclassified","Single carriageway",30,NA,"On footway or verge","Unknown or other",441137,445742,"E01011707",1,"Not at junction or within 20 metres","Daylight","Fine no high winds","Dry","Pedestrian"
"3585","2015132691300",2015-06-09,2015,"Jun",9,"17:50",17,50,"Tuesday","Slight",1,"Slight","Car occupant","Driver or rider","Female",28,"A","Single carriageway",30,"A","Not a Pedestrian","Not a Pedestrian",436167,427712,"E01011635",3,"Roundabout","Daylight","Fine no high winds","Dry","Car occupant"
"3586","2015132691318",2015-06-09,2015,"Jun",9,"18:50",18,50,"Tuesday","Serious",1,"Serious","Cyclist","Driver or rider","Male",44,"A","Single carriageway",30,NA,"Not a Pedestrian","Not a Pedestrian",428897,429815,"E01011320",1,"Not at junction or within 20 metres","Daylight","Fine no high winds","Dry","Cyclist"
"3587","2015132691313",2015-06-09,2015,"Jun",9,"19:17",19,17,"Tuesday","Slight",4,"Slight","Car occupant","Driver or rider","Male",39,"Unclassified","Single carriageway",30,"Unclassified","Not a Pedestrian","Not a Pedestrian",431218,433711,"E01011338",2,"T or staggered junction","Daylight","Fine no high winds","Dry","Car occupant"
"3588","2015132691313",2015-06-09,2015,"Jun",9,"19:17",19,17,"Tuesday","Slight",4,"Slight","Car occupant","Passenger","Male",8,"Unclassified","Single carriageway",30,"Unclassified","Not a Pedestrian","Not a Pedestrian",431218,433711,"E01011338",2,"T or staggered junction","Daylight","Fine no high winds","Dry","Car occupant"
"3589","2015132691313",2015-06-09,2015,"Jun",9,"19:17",19,17,"Tuesday","Slight",4,"Slight","Car occupant","Passenger","Female",25,"Unclassified","Single carriageway",30,"Unclassified","Not a Pedestrian","Not a Pedestrian",431218,433711,"E01011338",2,"T or staggered junction","Daylight","Fine no high winds","Dry","Car occupant"
"3590","2015132691313",2015-06-09,2015,"Jun",9,"19:17",19,17,"Tuesday","Slight",4,"Slight","Car occupant","Passenger","Female",10,"Unclassified","Single carriageway",30,"Unclassified","Not a Pedestrian","Not a Pedestrian",431218,433711,"E01011338",2,"T or staggered junction","Daylight","Fine no high winds","Dry","Car occupant"
"3591","20151326B1663",2015-06-10,2015,"Jun",10,"10:30",10,30,"Wednesday","Slight",2,"Slight","Car occupant","Driver or rider","Female",29,"A","Single carriageway",30,"Unclassified","Not a Pedestrian","Not a Pedestrian",430083,431215,"E01011371",2,"T or staggered junction","Daylight","Unknown","Dry","Car occupant"
"3592","20151326B1663",2015-06-10,2015,"Jun",10,"10:30",10,30,"Wednesday","Slight",2,"Slight","Car occupant","Passenger","Female",26,"A","Single carriageway",30,"Unclassified","Not a Pedestrian","Not a Pedestrian",430083,431215,"E01011371",2,"T or staggered junction","Daylight","Unknown","Dry","Car occupant"
"3593","20151326A0960",2015-06-10,2015,"Jun",10,"15:20",15,20,"Wednesday","Serious",1,"Serious","Cyclist","Driver or rider","Male",47,"A","Single carriageway",30,"Unclassified","Not a Pedestrian","Not a Pedestrian",420345,440471,"E01011277",2,"T or staggered junction","Daylight","Fine no high winds","Dry","Cyclist"
"3594","20151326A1276",2015-06-10,2015,"Jun",10,"17:55",17,55,"Wednesday","Slight",3,"Slight","Car occupant","Driver or rider","Male",58,"Motorway","Dual carriageway",70,NA,"Not a Pedestrian","Not a Pedestrian",435102,425903,"E01011636",3,"Not at junction or within 20 metres","Daylight","Fine no high winds","Dry","Car occupant"
"3595","20151326A1276",2015-06-10,2015,"Jun",10,"17:55",17,55,"Wednesday","Slight",3,"Slight","Car occupant","Driver or rider","Male",46,"Motorway","Dual carriageway",70,NA,"Not a Pedestrian","Not a Pedestrian",435102,425903,"E01011636",3,"Not at junction or within 20 metres","Daylight","Fine no high winds","Dry","Car occupant"
"3596","20151326A1276",2015-06-10,2015,"Jun",10,"17:55",17,55,"Wednesday","Slight",3,"Slight","Car occupant","Driver or rider","Female",41,"Motorway","Dual carriageway",70,NA,"Not a Pedestrian","Not a Pedestrian",435102,425903,"E01011636",3,"Not at junction or within 20 metres","Daylight","Fine no high winds","Dry","Car occupant"
"3597","20151326A1295",2015-06-10,2015,"Jun",10,"18:08",18,8,"Wednesday","Slight",2,"Slight","Car occupant","Driver or rider","Female",46,"A","Dual carriageway",40,NA,"Not a Pedestrian","Not a Pedestrian",432255,435796,"E01011647",4,"Not at junction or within 20 metres","Daylight","Fine no high winds","Dry","Car occupant"
"3598","20151326A1295",2015-06-10,2015,"Jun",10,"18:08",18,8,"Wednesday","Slight",2,"Slight","Car occupant","Driver or rider","Female",24,"A","Dual carriageway",40,NA,"Not a Pedestrian","Not a Pedestrian",432255,435796,"E01011647",4,"Not at junction or within 20 metres","Daylight","Fine no high winds","Dry","Car occupant"
"3599","20151326A1409",2015-06-10,2015,"Jun",10,"19:20",19,20,"Wednesday","Slight",1,"Slight","Goods vehicle (7.5 tonnes mgw and over) occupant","Passenger","Male",20,"Unclassified","Single carriageway",30,"Unclassified","Not a Pedestrian","Not a Pedestrian",428237,436527,"E01011692",2,"Crossroads","Daylight","Fine no high winds","Dry","Bus and goods vehicle occupant"
"3600","20151326A1434",2015-06-10,2015,"Jun",10,"19:20",19,20,"Wednesday","Slight",1,"Slight","Cyclist","Driver or rider","Male",12,"Unclassified","Single carriageway",30,"Unclassified","Not a Pedestrian","Not a Pedestrian",425032,434745,"E01011282",2,"T or staggered junction","Daylight","Fine no high winds","Dry","Cyclist"
"3601","20151326B1713",2015-06-10,2015,"Jun",10,"20:30",20,30,"Wednesday","Slight",1,"Slight","Cyclist","Driver or rider","Female",44,"Unclassified","Single carriageway",30,"Unclassified","Not a Pedestrian","Not a Pedestrian",440552,448563,"E01011704",2,"Crossroads","Daylight","Fine no high winds","Dry","Cyclist"
"3602","20151326A1659",2015-06-10,2015,"Jun",10,"21:15",21,15,"Wednesday","Slight",1,"Slight","Pedestrian","Pedestrian","Male",36,"Unclassified","Single carriageway",30,NA,"In carriageway, not crossing","Unknown or other",420676,445650,"E01011569",1,"Not at junction or within 20 metres","Daylight","Fine no high winds","Dry","Pedestrian"
"3603","20151326B0597",2015-06-11,2015,"Jun",11,"10:41",10,41,"Thursday","Slight",1,"Slight","Bus or coach occupant (17 or more pass seats)","Passenger","Female",3,"A","Dual carriageway",40,NA,"Not a Pedestrian","Not a Pedestrian",420141,434179,"E01011597",1,"Not at junction or within 20 metres","Daylight","Fine no high winds","Dry","Bus and goods vehicle occupant"
"3604","20151326B0948",2015-06-11,2015,"Jun",11,"12:30",12,30,"Thursday","Slight",1,"Slight","Pedestrian","Pedestrian","Female",28,"Unclassified","Single carriageway",30,NA,"In carriageway, crossing elsewhere","Crossing from driver's nearside",430344,433430,"E01033010",1,"Not at junction or within 20 metres","Daylight","Fine no high winds","Dry","Pedestrian"
"3605","20151326B1004",2015-06-11,2015,"Jun",11,"16:00",16,0,"Thursday","Slight",1,"Slight","Pedestrian","Pedestrian","Male",11,"B","Single carriageway",30,NA,"In carriageway, crossing elsewhere","Crossing from driver's offside",432476,434793,"E01011344",1,"Not at junction or within 20 metres","Daylight","Fine no high winds","Dry","Pedestrian"
"3606","20151326B1121",2015-06-11,2015,"Jun",11,"17:00",17,0,"Thursday","Slight",1,"Slight","Cyclist","Driver or rider","Male",11,"A","Single carriageway",30,NA,"Not a Pedestrian","Not a Pedestrian",438308,430239,"E01011391",2,"Not at junction or within 20 metres","Daylight","Fine no high winds","Dry","Cyclist"
"3607","20151326B1200",2015-06-11,2015,"Jun",11,"17:30",17,30,"Thursday","Slight",2,"Slight","Car occupant","Passenger","Female",89,"Unclassified","Single carriageway",40,NA,"Not a Pedestrian","Not a Pedestrian",432494,436612,"E01011645",3,"Not at junction or within 20 metres","Daylight","Fine no high winds","Dry","Car occupant"
"3608","20151326B1200",2015-06-11,2015,"Jun",11,"17:30",17,30,"Thursday","Slight",2,"Slight","Car occupant","Driver or rider","Male",47,"Unclassified","Single carriageway",40,NA,"Not a Pedestrian","Not a Pedestrian",432494,436612,"E01011645",3,"Not at junction or within 20 metres","Daylight","Fine no high winds","Dry","Car occupant"
"3609","20151326B1678",2015-06-11,2015,"Jun",11,"21:10",21,10,"Thursday","Slight",1,"Slight","Car occupant","Driver or rider","Female",43,"Unclassified","Single carriageway",30,NA,"Not a Pedestrian","Not a Pedestrian",432698,438584,"E01011653",1,"Not at junction or within 20 metres","Daylight","Fine no high winds","Dry","Car occupant"
"3610","20151326F1417",2015-06-11,2015,"Jun",11,"22:15",22,15,"Thursday","Slight",2,"Slight","Car occupant","Driver or rider","Female",18,"Unclassified","Dual carriageway",40,NA,"Not a Pedestrian","Not a Pedestrian",435939,434817,"E01011666",2,"Not at junction or within 20 metres","Darkness - lights lit","Fine no high winds","Dry","Car occupant"
"3611","20151326F1417",2015-06-11,2015,"Jun",11,"22:15",22,15,"Thursday","Slight",2,"Slight","Car occupant","Passenger","Male",47,"Unclassified","Dual carriageway",40,NA,"Not a Pedestrian","Not a Pedestrian",435939,434817,"E01011666",2,"Not at junction or within 20 metres","Darkness - lights lit","Fine no high winds","Dry","Car occupant"
"3612","20151326C0245",2015-06-12,2015,"Jun",12,"07:25",7,25,"Friday","Serious",1,"Serious","Motorcycle over 500cc rider or passenger","Driver or rider","Male",43,"A","Dual carriageway",40,"A","Not a Pedestrian","Not a Pedestrian",439263,432415,"E01011402",1,"Roundabout","Daylight","Fine no high winds","Dry","Motorcyclist and pillion"
"3613","20151326C0738",2015-06-12,2015,"Jun",12,"12:55",12,55,"Friday","Slight",1,"Slight","Goods vehicle (7.5 tonnes mgw and over) occupant","Driver or rider","Male",47,"Motorway","Dual carriageway",50,NA,"Not a Pedestrian","Not a Pedestrian",431023,424688,"E01011537",3,"Not at junction or within 20 metres","Daylight","Fine no high winds","Dry","Bus and goods vehicle occupant"
"3614","20151326C0763",2015-06-12,2015,"Jun",12,"13:11",13,11,"Friday","Slight",1,"Slight","Car occupant","Driver or rider","Female",28,"B","Dual carriageway",30,"Unclassified","Not a Pedestrian","Not a Pedestrian",428628,436976,"E01011693",2,"T or staggered junction","Daylight","Fine no high winds","Dry","Car occupant"
"3615","20151326C0867",2015-06-12,2015,"Jun",12,"14:30",14,30,"Friday","Slight",1,"Slight","Car occupant","Driver or rider","Female",34,"A","Single carriageway",30,NA,"Not a Pedestrian","Not a Pedestrian",430062,431110,"E01011371",3,"Not at junction or within 20 metres","Daylight","Fine no high winds","Dry","Car occupant"
"3616","20151326C1198",2015-06-12,2015,"Jun",12,"17:14",17,14,"Friday","Slight",1,"Slight","Car occupant","Driver or rider","Male",44,"Unclassified","Single carriageway",20,"Unclassified","Not a Pedestrian","Not a Pedestrian",428921,430406,"E01011315",2,"T or staggered junction","Daylight","Fine no high winds","Dry","Car occupant"
"3617","20151326C1509",2015-06-12,2015,"Jun",12,"19:26",19,26,"Friday","Slight",2,"Slight","Car occupant","Passenger","Male",5,"Unclassified","Single carriageway",30,NA,"Not a Pedestrian","Not a Pedestrian",434653,435165,"E01011667",1,"Not at junction or within 20 metres","Daylight","Fine no high winds","Dry","Car occupant"
"3618","20151326C1509",2015-06-12,2015,"Jun",12,"19:26",19,26,"Friday","Slight",2,"Slight","Car occupant","Passenger","Female",7,"Unclassified","Single carriageway",30,NA,"Not a Pedestrian","Not a Pedestrian",434653,435165,"E01011667",1,"Not at junction or within 20 metres","Daylight","Fine no high winds","Dry","Car occupant"
"3619","20151326D0053",2015-06-13,2015,"Jun",13,"00:30",0,30,"Saturday","Slight",1,"Slight","Pedestrian","Pedestrian","Male",26,"Unclassified","Single carriageway",30,NA,"On footway or verge","Unknown or other",430381,433427,"E01033011",1,"Not at junction or within 20 metres","Darkness - lights lit","Fine no high winds","Dry","Pedestrian"
"3620","20151326D0197",2015-06-13,2015,"Jun",13,"02:00",2,0,"Saturday","Slight",1,"Slight","Pedestrian","Pedestrian","Female",19,"A","Single carriageway",30,NA,"In carriageway, crossing elsewhere","Crossing from driver's offside",427963,436086,"E01011451",1,"Not at junction or within 20 metres","Darkness - lights lit","Fine no high winds","Dry","Pedestrian"
"3621","20151326D0672",2015-06-13,2015,"Jun",13,"12:40",12,40,"Saturday","Slight",1,"Slight","Car occupant","Driver or rider","Female",47,"B","Single carriageway",30,"Unclassified","Not a Pedestrian","Not a Pedestrian",421490,433086,"E01011605",1,"T or staggered junction","Daylight","Fine no high winds","Wet or damp","Car occupant"
"3622","20151326D0695",2015-06-13,2015,"Jun",13,"13:01",13,1,"Saturday","Serious",1,"Serious","Motorcycle 125cc and under rider or passenger","Driver or rider","Male",24,"Unclassified","Single carriageway",30,NA,"Not a Pedestrian","Not a Pedestrian",427349,430725,"E01011318",1,"Not at junction or within 20 metres","Daylight","Fine no high winds","Dry","Motorcyclist and pillion"
"3623","20151326D0838",2015-06-13,2015,"Jun",13,"14:31",14,31,"Saturday","Slight",1,"Slight","Cyclist","Driver or rider","Male",23,"A","Single carriageway",30,"Unclassified","Not a Pedestrian","Not a Pedestrian",427615,436707,"E01011694",2,"T or staggered junction","Daylight","Fine no high winds","Dry","Cyclist"
"3624","20151326D0996",2015-06-13,2015,"Jun",13,"16:00",16,0,"Saturday","Slight",1,"Slight","Pedestrian","Pedestrian","Male",8,"Unclassified","Single carriageway",30,"Unclassified","In carriageway, crossing elsewhere","Crossing from nearside - masked by parked or stationary vehicle",417459,441468,"E01011270",1,"T or staggered junction","Daylight","Fine no high winds","Wet or damp","Pedestrian"
"3625","20151326D1022",2015-06-13,2015,"Jun",13,"16:20",16,20,"Saturday","Slight",1,"Slight","Motorcycle over 500cc rider or passenger","Driver or rider","Male",48,"B","Slip road",30,"Unclassified","Not a Pedestrian","Not a Pedestrian",433310,426330,"E01011500",2,"Crossroads","Daylight","Fine no high winds","Dry","Motorcyclist and pillion"
"3626","20151326D1157",2015-06-13,2015,"Jun",13,"17:25",17,25,"Saturday","Slight",2,"Slight","Car occupant","Driver or rider","Female",28,"Motorway","Slip road",50,NA,"Not a Pedestrian","Not a Pedestrian",429199,431930,"E01011368",2,"Not at junction or within 20 metres","Daylight","Fine no high winds","Dry","Car occupant"
"3627","20151326D1157",2015-06-13,2015,"Jun",13,"17:25",17,25,"Saturday","Slight",2,"Slight","Car occupant","Driver or rider","Female",39,"Motorway","Slip road",50,NA,"Not a Pedestrian","Not a Pedestrian",429199,431930,"E01011368",2,"Not at junction or within 20 metres","Daylight","Fine no high winds","Dry","Car occupant"
"3628","20151326D1230",2015-06-13,2015,"Jun",13,"17:45",17,45,"Saturday","Slight",1,"Slight","Car occupant","Driver or rider","Male",30,"A","Dual carriageway",40,"Unclassified","Not a Pedestrian","Not a Pedestrian",429396,433845,"E01011678",1,"T or staggered junction","Daylight","Fine no high winds","Dry","Car occupant"
"3629","20151326E0844",2015-06-14,2015,"Jun",14,"14:14",14,14,"Sunday","Slight",2,"Slight","Car occupant","Driver or rider","Male",51,"Unclassified","Single carriageway",30,NA,"Not a Pedestrian","Not a Pedestrian",421399,434070,"E01011587",1,"Not at junction or within 20 metres","Daylight","Fine no high winds","Wet or damp","Car occupant"
"3630","20151326E0844",2015-06-14,2015,"Jun",14,"14:14",14,14,"Sunday","Slight",2,"Slight","Car occupant","Passenger","Female",61,"Unclassified","Single carriageway",30,NA,"Not a Pedestrian","Not a Pedestrian",421399,434070,"E01011587",1,"Not at junction or within 20 metres","Daylight","Fine no high winds","Wet or damp","Car occupant"
"3631","20151326E1022",2015-06-14,2015,"Jun",14,"16:03",16,3,"Sunday","Slight",1,"Slight","Pedestrian","Pedestrian","Male",36,"Unclassified","One way street",30,NA,"On footway or verge","Unknown or other",428598,431156,"E01011369",3,"Not at junction or within 20 metres","Daylight","Fine no high winds","Dry","Pedestrian"