"","accident_index","date","year","month","day","time","time_hour","time_minute","day_of_week","accident_severity","number_of_casualties","casualty_severity","casualty_type","casualty_class","sex_of_casualty","age_of_casualty","first_road_class","road_type","speed_limit","second_road_class","pedestrian_location","pedestrian_movement","location_easting_osgr","location_northing_osgr","lsoa_of_accident_location","number_of_vehicles","junction_detail","light_conditions","weather_conditions","road_surface_conditions","cas_type"
"3632","20151326E1453",2015-06-14,2015,"Jun",14,"20:15",20,15,"Sunday","Slight",1,"Slight","Pedestrian","Pedestrian","Male",84,"Unclassified","Single carriageway",30,NA,"In carriageway, crossing elsewhere","Crossing from driver's nearside",429958,433327,"E01033016",1,"Not at junction or within 20 metres","Daylight","Fine no high winds","Dry","Pedestrian"
"3633","20151326F0205",2015-06-15,2015,"Jun",15,"07:20",7,20,"Monday","Slight",1,"Slight","Car occupant","Driver or rider","Female",48,"Unclassified","Single carriageway",30,"Unclassified","Not a Pedestrian","Not a Pedestrian",422850,433733,"E01011610",2,"T or staggered junction","Daylight","Fine no high winds","Dry","Car occupant"
"3634","20151326F0254",2015-06-15,2015,"Jun",15,"08:20",8,20,"Monday","Slight",1,"Slight","Cyclist","Driver or rider","Male",39,"A","Dual carriageway",30,"Unclassified","Not a Pedestrian","Not a Pedestrian",430840,434004,"E01033031",2,"T or staggered junction","Daylight","Fine no high winds","Dry","Cyclist"
"3635","20151326F0268",2015-06-15,2015,"Jun",15,"08:36",8,36,"Monday","Slight",1,"Slight","Cyclist","Driver or rider","Male",26,"Unclassified","Single carriageway",30,NA,"Not a Pedestrian","Not a Pedestrian",430674,434359,"E01033002",2,"Not at junction or within 20 metres","Daylight","Fine no high winds","Dry","Cyclist"
"3636","20151326F0665",2015-06-15,2015,"Jun",15,"12:50",12,50,"Monday","Serious",1,"Serious","Motorcycle over 125cc and up to 500cc rider or  passenger","Driver or rider","Male",51,"Unclassified","Single carriageway",20,NA,"Not a Pedestrian","Not a Pedestrian",428655,429774,"E01011321",2,"Not at junction or within 20 metres","Daylight","Fine no high winds","Dry","Motorcyclist and pillion"
"3637","20151326F0808",2015-06-15,2015,"Jun",15,"14:14",14,14,"Monday","Slight",1,"Slight","Bus or coach occupant (17 or more pass seats)","Passenger","Female",73,"A","Dual carriageway",40,NA,"Not a Pedestrian","Not a Pedestrian",425225,436513,"E01032493",2,"Not at junction or within 20 metres","Daylight","Fine no high winds","Dry","Bus and goods vehicle occupant"
"3638","20151326F0826",2015-06-15,2015,"Jun",15,"14:25",14,25,"Monday","Serious",1,"Serious","Pedestrian","Pedestrian","Male",43,"Unclassified","Dual carriageway",30,NA,"In carriageway, crossing elsewhere","Crossing from driver's offside",429334,433483,"E01033015",1,"Not at junction or within 20 metres","Daylight","Fine no high winds","Dry","Pedestrian"
"3639","20151326F1272",2015-06-15,2015,"Jun",15,"17:55",17,55,"Monday","Slight",1,"Slight","Car occupant","Driver or rider","Female",41,"A","Roundabout",30,"A","Not a Pedestrian","Not a Pedestrian",423019,437676,"E01011452",2,"Roundabout","Daylight","Fine no high winds","Dry","Car occupant"
"3640","20151326F1396",2015-06-15,2015,"Jun",15,"18:00",18,0,"Monday","Slight",2,"Slight","Car occupant","Driver or rider","Female",21,"Unclassified","Single carriageway",30,NA,"Not a Pedestrian","Not a Pedestrian",427069,435702,"E01011477",2,"Not at junction or within 20 metres","Daylight","Fine no high winds","Dry","Car occupant"
"3641","20151326F1396",2015-06-15,2015,"Jun",15,"18:00",18,0,"Monday","Slight",2,"Slight","Car occupant","Passenger","Male",21,"Unclassified","Single carriageway",30,NA,"Not a Pedestrian","Not a Pedestrian",427069,435702,"E01011477",2,"Not at junction or within 20 metres","Daylight","Fine no high winds","Dry","Car occupant"
"3642","20151326G0512",2015-06-16,2015,"Jun",16,"11:22",11,22,"Tuesday","Slight",1,"Slight","Car occupant","Driver or rider","Female",39,"Motorway","Slip road",70,"Motorway","Not a Pedestrian","Not a Pedestrian",431999,425550,"E01011499",2,"Slip road","Daylight","Fine no high winds","Dry","Car occupant"
"3643","20151326G0960",2015-06-16,2015,"Jun",16,"15:14",15,14,"Tuesday","Serious",1,"Serious","Car occupant","Passenger","Female",30,"Unclassified","Roundabout",30,"Unclassified","Not a Pedestrian","Not a Pedestrian",431413,428535,"E01011466",2,"Roundabout","Daylight","Fine no high winds","Dry","Car occupant"
"3644","20151326G1531",2015-06-16,2015,"Jun",16,"20:05",20,5,"Tuesday","Slight",5,"Slight","Car occupant","Driver or rider","Female",36,"Motorway","Slip road",50,NA,"Not a Pedestrian","Not a Pedestrian",428248,431552,"E01011369",2,"Not at junction or within 20 metres","Daylight","Fine no high winds","Dry","Car occupant"
"3645","20151326G1531",2015-06-16,2015,"Jun",16,"20:05",20,5,"Tuesday","Slight",5,"Slight","Car occupant","Driver or rider","Female",26,"Motorway","Slip road",50,NA,"Not a Pedestrian","Not a Pedestrian",428248,431552,"E01011369",2,"Not at junction or within 20 metres","Daylight","Fine no high winds","Dry","Car occupant"
"3646","20151326G1531",2015-06-16,2015,"Jun",16,"20:05",20,5,"Tuesday","Slight",5,"Slight","Car occupant","Passenger","Female",26,"Motorway","Slip road",50,NA,"Not a Pedestrian","Not a Pedestrian",428248,431552,"E01011369",2,"Not at junction or within 20 metres","Daylight","Fine no high winds","Dry","Car occupant"
"3647","20151326G1531",2015-06-16,2015,"Jun",16,"20:05",20,5,"Tuesday","Slight",5,"Slight","Car occupant","Passenger","Female",24,"Motorway","Slip road",50,NA,"Not a Pedestrian","Not a Pedestrian",428248,431552,"E01011369",2,"Not at junction or within 20 metres","Daylight","Fine no high winds","Dry","Car occupant"
"3648","20151326G1531",2015-06-16,2015,"Jun",16,"20:05",20,5,"Tuesday","Slight",5,"Slight","Car occupant","Passenger","Female",25,"Motorway","Slip road",50,NA,"Not a Pedestrian","Not a Pedestrian",428248,431552,"E01011369",2,"Not at junction or within 20 metres","Daylight","Fine no high winds","Dry","Car occupant"
"3649","20151326G1667",2015-06-16,2015,"Jun",16,"21:13",21,13,"Tuesday","Slight",1,"Slight","Pedestrian","Pedestrian","Male",20,"Unclassified","Single carriageway",20,"Unclassified","In carriageway, crossing elsewhere","Crossing from driver's offside",429219,431646,"E01011368",1,"T or staggered junction","Daylight","Fine no high winds","Dry","Pedestrian"
"3650","20151326H0327",2015-06-17,2015,"Jun",17,"07:55",7,55,"Wednesday","Slight",1,"Slight","Cyclist","Driver or rider","Male",14,"Unclassified","Single carriageway",30,NA,"Not a Pedestrian","Not a Pedestrian",436655,436203,"E01011723",2,"Not at junction or within 20 metres","Daylight","Fine no high winds","Dry","Cyclist"
"3651","20151326H0686",2015-06-17,2015,"Jun",17,"13:19",13,19,"Wednesday","Slight",3,"Slight","Car occupant","Passenger","Female",17,"Unclassified","Single carriageway",20,"Unclassified","Not a Pedestrian","Not a Pedestrian",431380,428527,"E01011502",2,"Other junction","Daylight","Raining no high winds","Wet or damp","Car occupant"
"3652","20151326H0686",2015-06-17,2015,"Jun",17,"13:19",13,19,"Wednesday","Slight",3,"Slight","Car occupant","Passenger","Female",19,"Unclassified","Single carriageway",20,"Unclassified","Not a Pedestrian","Not a Pedestrian",431380,428527,"E01011502",2,"Other junction","Daylight","Raining no high winds","Wet or damp","Car occupant"
"3653","20151326H0686",2015-06-17,2015,"Jun",17,"13:19",13,19,"Wednesday","Slight",3,"Slight","Car occupant","Passenger","Female",16,"Unclassified","Single carriageway",20,"Unclassified","Not a Pedestrian","Not a Pedestrian",431380,428527,"E01011502",2,"Other junction","Daylight","Raining no high winds","Wet or damp","Car occupant"
"3654","20151326H0907",2015-06-17,2015,"Jun",17,"15:31",15,31,"Wednesday","Slight",1,"Slight","Cyclist","Driver or rider","Male",11,"Unclassified","Single carriageway",30,"Unclassified","Not a Pedestrian","Not a Pedestrian",432399,434430,"E01011347",2,"T or staggered junction","Daylight","Fine no high winds","Dry","Cyclist"
"3655","20151326H1237",2015-06-17,2015,"Jun",17,"18:00",18,0,"Wednesday","Slight",1,"Slight","Pedestrian","Pedestrian","Male",3,"Unclassified","Single carriageway",30,NA,"Crossing on pedestrian crossing facility","Crossing from driver's nearside",433561,435941,"E01011421",1,"Not at junction or within 20 metres","Daylight","Fine no high winds","Dry","Pedestrian"
"3656","20151326I0282",2015-06-18,2015,"Jun",18,"08:35",8,35,"Thursday","Serious",1,"Serious","Cyclist","Driver or rider","Male",33,"A","Single carriageway",30,"Unclassified","Not a Pedestrian","Not a Pedestrian",427322,437205,"E01011690",2,"T or staggered junction","Daylight","Fine no high winds","Dry","Cyclist"
"3657","20151326I0374",2015-06-18,2015,"Jun",18,"09:55",9,55,"Thursday","Slight",1,"Slight","Car occupant","Driver or rider","Male",64,"Motorway","Dual carriageway",70,NA,"Not a Pedestrian","Not a Pedestrian",431569,425150,"E01011551",2,"Not at junction or within 20 metres","Daylight","Fine no high winds","Dry","Car occupant"
"3658","20151326H0965",2015-06-18,2015,"Jun",18,"15:45",15,45,"Thursday","Slight",1,"Slight","Bus or coach occupant (17 or more pass seats)","Passenger","Female",67,"Unclassified","One way street",20,"Unclassified","Not a Pedestrian","Not a Pedestrian",430683,433601,"E01033011",2,"Slip road","Daylight","Fine no high winds","Dry","Bus and goods vehicle occupant"
"3659","20151326I0602",2015-06-18,2015,"Jun",18,"15:45",15,45,"Thursday","Slight",1,"Slight","Cyclist","Driver or rider","Male",14,"A","Single carriageway",30,"Unclassified","Not a Pedestrian","Not a Pedestrian",425081,427745,"E01011530",2,"T or staggered junction","Daylight","Fine no high winds","Dry","Cyclist"
"3660","20151326I0292",2015-06-19,2015,"Jun",19,"08:45",8,45,"Friday","Slight",1,"Slight","Motorcycle 125cc and under rider or passenger","Driver or rider","Male",49,"A","Single carriageway",30,NA,"Not a Pedestrian","Not a Pedestrian",426968,437466,"E01011685",2,"Not at junction or within 20 metres","Daylight","Fine no high winds","Dry","Motorcyclist and pillion"
"3661","20151326J0461",2015-06-19,2015,"Jun",19,"10:30",10,30,"Friday","Slight",11,"Slight","Car occupant","Driver or rider","Female",30,"Unclassified","Dual carriageway",30,"Unclassified","Not a Pedestrian","Not a Pedestrian",430875,433474,"E01033011",3,"T or staggered junction","Daylight","Fine no high winds","Dry","Car occupant"
"3662","20151326J0461",2015-06-19,2015,"Jun",19,"10:30",10,30,"Friday","Slight",11,"Slight","Bus or coach occupant (17 or more pass seats)","Passenger","Female",53,"Unclassified","Dual carriageway",30,"Unclassified","Not a Pedestrian","Not a Pedestrian",430875,433474,"E01033011",3,"T or staggered junction","Daylight","Fine no high winds","Dry","Bus and goods vehicle occupant"
"3663","20151326J0461",2015-06-19,2015,"Jun",19,"10:30",10,30,"Friday","Slight",11,"Slight","Bus or coach occupant (17 or more pass seats)","Passenger","Female",57,"Unclassified","Dual carriageway",30,"Unclassified","Not a Pedestrian","Not a Pedestrian",430875,433474,"E01033011",3,"T or staggered junction","Daylight","Fine no high winds","Dry","Bus and goods vehicle occupant"
"3664","20151326J0461",2015-06-19,2015,"Jun",19,"10:30",10,30,"Friday","Slight",11,"Slight","Bus or coach occupant (17 or more pass seats)","Passenger","Female",61,"Unclassified","Dual carriageway",30,"Unclassified","Not a Pedestrian","Not a Pedestrian",430875,433474,"E01033011",3,"T or staggered junction","Daylight","Fine no high winds","Dry","Bus and goods vehicle occupant"
"3665","20151326J0461",2015-06-19,2015,"Jun",19,"10:30",10,30,"Friday","Slight",11,"Slight","Bus or coach occupant (17 or more pass seats)","Passenger","Female",77,"Unclassified","Dual carriageway",30,"Unclassified","Not a Pedestrian","Not a Pedestrian",430875,433474,"E01033011",3,"T or staggered junction","Daylight","Fine no high winds","Dry","Bus and goods vehicle occupant"
"3666","20151326J0461",2015-06-19,2015,"Jun",19,"10:30",10,30,"Friday","Slight",11,"Slight","Bus or coach occupant (17 or more pass seats)","Passenger","Female",68,"Unclassified","Dual carriageway",30,"Unclassified","Not a Pedestrian","Not a Pedestrian",430875,433474,"E01033011",3,"T or staggered junction","Daylight","Fine no high winds","Dry","Bus and goods vehicle occupant"
"3667","20151326J0461",2015-06-19,2015,"Jun",19,"10:30",10,30,"Friday","Slight",11,"Slight","Bus or coach occupant (17 or more pass seats)","Passenger","Male",88,"Unclassified","Dual carriageway",30,"Unclassified","Not a Pedestrian","Not a Pedestrian",430875,433474,"E01033011",3,"T or staggered junction","Daylight","Fine no high winds","Dry","Bus and goods vehicle occupant"
"3668","20151326J0461",2015-06-19,2015,"Jun",19,"10:30",10,30,"Friday","Slight",11,"Slight","Bus or coach occupant (17 or more pass seats)","Passenger","Female",72,"Unclassified","Dual carriageway",30,"Unclassified","Not a Pedestrian","Not a Pedestrian",430875,433474,"E01033011",3,"T or staggered junction","Daylight","Fine no high winds","Dry","Bus and goods vehicle occupant"
"3669","20151326J0461",2015-06-19,2015,"Jun",19,"10:30",10,30,"Friday","Slight",11,"Slight","Bus or coach occupant (17 or more pass seats)","Passenger","Female",56,"Unclassified","Dual carriageway",30,"Unclassified","Not a Pedestrian","Not a Pedestrian",430875,433474,"E01033011",3,"T or staggered junction","Daylight","Fine no high winds","Dry","Bus and goods vehicle occupant"
"3670","20151326J0461",2015-06-19,2015,"Jun",19,"10:30",10,30,"Friday","Slight",11,"Slight","Bus or coach occupant (17 or more pass seats)","Passenger","Female",58,"Unclassified","Dual carriageway",30,"Unclassified","Not a Pedestrian","Not a Pedestrian",430875,433474,"E01033011",3,"T or staggered junction","Daylight","Fine no high winds","Dry","Bus and goods vehicle occupant"
"3671","20151326J0461",2015-06-19,2015,"Jun",19,"10:30",10,30,"Friday","Slight",11,"Slight","Bus or coach occupant (17 or more pass seats)","Passenger","Male",52,"Unclassified","Dual carriageway",30,"Unclassified","Not a Pedestrian","Not a Pedestrian",430875,433474,"E01033011",3,"T or staggered junction","Daylight","Fine no high winds","Dry","Bus and goods vehicle occupant"
"3672","20151326J0691",2015-06-19,2015,"Jun",19,"13:10",13,10,"Friday","Serious",1,"Serious","Bus or coach occupant (17 or more pass seats)","Passenger","Female",93,"Unclassified","Single carriageway",30,NA,"Not a Pedestrian","Not a Pedestrian",425363,437476,"E01032494",1,"Not at junction or within 20 metres","Daylight","Fine no high winds","Dry","Bus and goods vehicle occupant"
"3673","20151326J1182",2015-06-19,2015,"Jun",19,"13:30",13,30,"Friday","Slight",1,"Slight","Bus or coach occupant (17 or more pass seats)","Passenger","Male",53,"Unclassified","Unknown",20,NA,"Not a Pedestrian","Not a Pedestrian",428140,429437,"E01011531",1,"Not at junction or within 20 metres","Daylight","Fine no high winds","Dry","Bus and goods vehicle occupant"
"3674","20151326J1509",2015-06-19,2015,"Jun",19,"14:00",14,0,"Friday","Slight",2,"Slight","Bus or coach occupant (17 or more pass seats)","Passenger","Female",21,"A","Dual carriageway",30,"A","Not a Pedestrian","Not a Pedestrian",428330,429611,"E01011321",1,"Roundabout","Daylight","Fine no high winds","Dry","Bus and goods vehicle occupant"
"3675","20151326J1509",2015-06-19,2015,"Jun",19,"14:00",14,0,"Friday","Slight",2,"Slight","Bus or coach occupant (17 or more pass seats)","Passenger","Female",78,"A","Dual carriageway",30,"A","Not a Pedestrian","Not a Pedestrian",428330,429611,"E01011321",1,"Roundabout","Daylight","Fine no high winds","Dry","Bus and goods vehicle occupant"
"3676","20151326J0404",2015-06-19,2015,"Jun",19,"14:30",14,30,"Friday","Slight",1,"Slight","Car occupant","Driver or rider","Female",38,"A","Single carriageway",40,"A","Not a Pedestrian","Not a Pedestrian",429405,433918,"E01011678",2,"Slip road","Daylight","Fine no high winds","Dry","Car occupant"
"3677","20151326J0996",2015-06-19,2015,"Jun",19,"15:30",15,30,"Friday","Slight",1,"Slight","Pedestrian","Pedestrian","Female",16,"Unclassified","Single carriageway",30,NA,"In carriageway, not crossing","Unknown or other",433752,433788,"E01011617",1,"Not at junction or within 20 metres","Daylight","Fine no high winds","Dry","Pedestrian"
"3678","20151326J1049",2015-06-19,2015,"Jun",19,"15:45",15,45,"Friday","Serious",1,"Serious","Cyclist","Driver or rider","Male",37,"Unclassified","Single carriageway",30,"Unclassified","Not a Pedestrian","Not a Pedestrian",422397,432685,"E01011604",2,"T or staggered junction","Daylight","Fine no high winds","Dry","Cyclist"
"3679","20151326J1155",2015-06-19,2015,"Jun",19,"16:46",16,46,"Friday","Slight",1,"Slight","Cyclist","Driver or rider","Male",44,"A","Roundabout",30,"A","Not a Pedestrian","Not a Pedestrian",426703,431764,"E01011736",2,"Roundabout","Daylight","Fine no high winds","Dry","Cyclist"
"3680","20151326J1367",2015-06-19,2015,"Jun",19,"18:24",18,24,"Friday","Slight",2,"Slight","Car occupant","Driver or rider","Male",26,"Unclassified","Single carriageway",20,NA,"Not a Pedestrian","Not a Pedestrian",427416,436000,"E01032945",2,"Not at junction or within 20 metres","Daylight","Fine no high winds","Dry","Car occupant"
"3681","20151326J1367",2015-06-19,2015,"Jun",19,"18:24",18,24,"Friday","Slight",2,"Slight","Car occupant","Driver or rider","Male",89,"Unclassified","Single carriageway",20,NA,"Not a Pedestrian","Not a Pedestrian",427416,436000,"E01032945",2,"Not at junction or within 20 metres","Daylight","Fine no high winds","Dry","Car occupant"
"3682","20151326K0228",2015-06-20,2015,"Jun",20,"02:54",2,54,"Saturday","Serious",1,"Serious","Car occupant","Passenger","Male",22,"Unclassified","Single carriageway",30,"Unclassified","Not a Pedestrian","Not a Pedestrian",430532,440750,"E01011563",1,"T or staggered junction","Darkness - lights lit","Fine no high winds","Wet or damp","Car occupant"
"3683","20151326K0533",2015-06-20,2015,"Jun",20,"10:40",10,40,"Saturday","Slight",1,"Slight","Motorcycle 125cc and under rider or passenger","Driver or rider","Male",19,"Unclassified","Single carriageway",30,"Unclassified","Not a Pedestrian","Not a Pedestrian",428843,430208,"E01011320",2,"T or staggered junction","Daylight","Fine no high winds","Dry","Motorcyclist and pillion"
"3684","20151326K0580",2015-06-20,2015,"Jun",20,"11:25",11,25,"Saturday","Slight",1,"Slight","Cyclist","Driver or rider","Male",30,"Unclassified","Single carriageway",30,"Unclassified","Not a Pedestrian","Not a Pedestrian",426711,433480,"E01032500",2,"Private drive or entrance","Daylight","Fine no high winds","Wet or damp","Cyclist"
"3685","20151326K0659",2015-06-20,2015,"Jun",20,"12:00",12,0,"Saturday","Slight",1,"Slight","Cyclist","Driver or rider","Male",12,"Unclassified","Single carriageway",30,NA,"Not a Pedestrian","Not a Pedestrian",429104,436720,"E01011450",2,"Not at junction or within 20 metres","Daylight","Fine no high winds","Wet or damp","Cyclist"
"3686","20151326K0953",2015-06-20,2015,"Jun",20,"16:30",16,30,"Saturday","Slight",1,"Slight","Taxi/Private hire car occupant","Passenger","Female",54,"A","Single carriageway",30,"Unclassified","Not a Pedestrian","Not a Pedestrian",429137,433091,"E01033013",2,"T or staggered junction","Daylight","Fine no high winds","Dry","Car occupant"
"3687","20151326K1148",2015-06-20,2015,"Jun",20,"17:01",17,1,"Saturday","Slight",1,"Slight","Motorcycle over 500cc rider or passenger","Driver or rider","Male",40,"A","Dual carriageway",30,"A","Not a Pedestrian","Not a Pedestrian",430651,434685,"E01011671",2,"T or staggered junction","Daylight","Fine no high winds","Dry","Motorcyclist and pillion"
"3688","20151326K1191",2015-06-20,2015,"Jun",20,"17:15",17,15,"Saturday","Slight",3,"Slight","Car occupant","Driver or rider","Male",48,"Unclassified","Single carriageway",30,"Unclassified","Not a Pedestrian","Not a Pedestrian",429542,431239,"E01011373",2,"Crossroads","Daylight","Fine no high winds","Dry","Car occupant"
"3689","20151326K1191",2015-06-20,2015,"Jun",20,"17:15",17,15,"Saturday","Slight",3,"Slight","Car occupant","Passenger","Male",11,"Unclassified","Single carriageway",30,"Unclassified","Not a Pedestrian","Not a Pedestrian",429542,431239,"E01011373",2,"Crossroads","Daylight","Fine no high winds","Dry","Car occupant"
"3690","20151326K1191",2015-06-20,2015,"Jun",20,"17:15",17,15,"Saturday","Slight",3,"Slight","Car occupant","Driver or rider","Male",24,"Unclassified","Single carriageway",30,"Unclassified","Not a Pedestrian","Not a Pedestrian",429542,431239,"E01011373",2,"Crossroads","Daylight","Fine no high winds","Dry","Car occupant"
"3691","20151326L0021",2015-06-21,2015,"Jun",21,"00:15",0,15,"Sunday","Serious",1,"Serious","Pedestrian","Pedestrian","Male",42,"Unclassified","Single carriageway",20,NA,"In centre of carriageway - not on refuge, island or central reservation","Walking along in carriageway, facing traffic",430925,433950,"E01033031",2,"Not at junction or within 20 metres","Darkness - lights unlit","Fine no high winds","Dry","Pedestrian"
"3692","20151326L0484",2015-06-21,2015,"Jun",21,"09:56",9,56,"Sunday","Slight",2,"Slight","Van / Goods vehicle (3.5 tonnes mgw or under) occupant","Driver or rider","Male",26,"Unclassified","Single carriageway",30,"Unclassified","Not a Pedestrian","Not a Pedestrian",431157,438378,"E01011512",2,"T or staggered junction","Daylight","Fine no high winds","Dry","Bus and goods vehicle occupant"
"3693","20151326L0484",2015-06-21,2015,"Jun",21,"09:56",9,56,"Sunday","Slight",2,"Slight","Van / Goods vehicle (3.5 tonnes mgw or under) occupant","Passenger","Male",19,"Unclassified","Single carriageway",30,"Unclassified","Not a Pedestrian","Not a Pedestrian",431157,438378,"E01011512",2,"T or staggered junction","Daylight","Fine no high winds","Dry","Bus and goods vehicle occupant"
"3694","20151326L0730",2015-06-21,2015,"Jun",21,"13:10",13,10,"Sunday","Slight",1,"Slight","Car occupant","Passenger","Male",55,"Motorway","Single carriageway",60,"A","Not a Pedestrian","Not a Pedestrian",435788,425981,"E01011636",2,"Roundabout","Daylight","Fine no high winds","Dry","Car occupant"
"3695","20151326L1046",2015-06-21,2015,"Jun",21,"14:55",14,55,"Sunday","Slight",2,"Slight","Bus or coach occupant (17 or more pass seats)","Passenger","Female",78,"Unclassified","Single carriageway",30,"Unclassified","Not a Pedestrian","Not a Pedestrian",429889,435204,"E01033005",1,"T or staggered junction","Daylight","Fine no high winds","Dry","Bus and goods vehicle occupant"
"3696","20151326L1046",2015-06-21,2015,"Jun",21,"14:55",14,55,"Sunday","Slight",2,"Slight","Bus or coach occupant (17 or more pass seats)","Passenger","Female",79,"Unclassified","Single carriageway",30,"Unclassified","Not a Pedestrian","Not a Pedestrian",429889,435204,"E01033005",1,"T or staggered junction","Daylight","Fine no high winds","Dry","Bus and goods vehicle occupant"
"3697","20151326L0939",2015-06-21,2015,"Jun",21,"15:27",15,27,"Sunday","Slight",1,"Slight","Motorcycle over 125cc and up to 500cc rider or  passenger","Driver or rider","Male",58,"A","Dual carriageway",30,"Unclassified","Not a Pedestrian","Not a Pedestrian",428737,433251,"E01011363",2,"T or staggered junction","Daylight","Fine no high winds","Dry","Motorcyclist and pillion"
"3698","20151326L1146",2015-06-21,2015,"Jun",21,"17:15",17,15,"Sunday","Slight",1,"Slight","Car occupant","Driver or rider","Male",17,"Unclassified","Single carriageway",20,NA,"Not a Pedestrian","Not a Pedestrian",431497,436592,"E01011353",3,"Not at junction or within 20 metres","Daylight","Fine no high winds","Dry","Car occupant"
"3699","20151326L1283",2015-06-21,2015,"Jun",21,"18:43",18,43,"Sunday","Serious",1,"Serious","Cyclist","Driver or rider","Male",45,"Unclassified","Single carriageway",30,NA,"Not a Pedestrian","Not a Pedestrian",431717,434548,"E01011677",2,"Not at junction or within 20 metres","Daylight","Fine no high winds","Dry","Cyclist"
"3700","20151326L1645",2015-06-21,2015,"Jun",21,"22:35",22,35,"Sunday","Slight",1,"Slight","Car occupant","Driver or rider","Male",19,"A","Dual carriageway",70,NA,"Not a Pedestrian","Not a Pedestrian",427434,438600,"E01032876",1,"Not at junction or within 20 metres","Darkness - lights lit","Raining no high winds","Wet or damp","Car occupant"
"3701","20151326L1698",2015-06-21,2015,"Jun",21,"23:30",23,30,"Sunday","Slight",1,"Slight","Pedestrian","Pedestrian","Male",28,"Unclassified","Single carriageway",30,"Unclassified","In carriageway, not crossing","Walking along in carriageway, back to traffic",438510,430220,"E01011390",1,"Crossroads","Darkness - no lighting","Raining no high winds","Wet or damp","Pedestrian"
"3702","20151326M0246",2015-06-22,2015,"Jun",22,"08:00",8,0,"Monday","Serious",1,"Serious","Cyclist","Driver or rider","Female",33,"Unclassified","Single carriageway",30,"Unclassified","Not a Pedestrian","Not a Pedestrian",432055,435968,"E01011647",2,"T or staggered junction","Daylight","Fine no high winds","Dry","Cyclist"
"3703","20151326M0766",2015-06-22,2015,"Jun",22,"14:01",14,1,"Monday","Slight",1,"Slight","Car occupant","Driver or rider","Female",55,"Unclassified","Single carriageway",30,NA,"Not a Pedestrian","Not a Pedestrian",429927,427548,"E01011497",2,"Not at junction or within 20 metres","Daylight","Fine no high winds","Dry","Car occupant"
"3704","20151326M0785",2015-06-22,2015,"Jun",22,"14:14",14,14,"Monday","Slight",1,"Slight","Car occupant","Driver or rider","Male",39,"Motorway","Unknown",70,NA,"Not a Pedestrian","Not a Pedestrian",429105,426413,"E01011538",2,"Not at junction or within 20 metres","Daylight","Fine no high winds","Dry","Car occupant"
"3705","20151326M1114",2015-06-22,2015,"Jun",22,"17:05",17,5,"Monday","Slight",1,"Slight","Car occupant","Driver or rider","Female",72,"A","Single carriageway",40,NA,"Not a Pedestrian","Not a Pedestrian",439077,446067,"E01011706",2,"Not at junction or within 20 metres","Daylight","Fine no high winds","Dry","Car occupant"
"3706","20151326N0240",2015-06-23,2015,"Jun",23,"08:35",8,35,"Tuesday","Slight",1,"Slight","Car occupant","Driver or rider","Female",30,"A","Roundabout",70,"Motorway","Not a Pedestrian","Not a Pedestrian",435904,425849,"E01011636",2,"Roundabout","Daylight","Fine no high winds","Dry","Car occupant"
"3707","20151326N0594",2015-06-23,2015,"Jun",23,"12:39",12,39,"Tuesday","Serious",1,"Serious","Bus or coach occupant (17 or more pass seats)","Passenger","Female",79,"B","Single carriageway",30,"Unclassified","Not a Pedestrian","Not a Pedestrian",428622,436968,"E01011693",2,"Other junction","Daylight","Fine no high winds","Dry","Bus and goods vehicle occupant"
"3708","20151326N0764",2015-06-23,2015,"Jun",23,"14:51",14,51,"Tuesday","Slight",1,"Slight","Car occupant","Driver or rider","Male",26,"A","Single carriageway",30,NA,"Not a Pedestrian","Not a Pedestrian",420950,436847,"E01011589",2,"Not at junction or within 20 metres","Daylight","Fine no high winds","Dry","Car occupant"
"3709","20151326N0954",2015-06-23,2015,"Jun",23,"16:18",16,18,"Tuesday","Slight",1,"Slight","Bus or coach occupant (17 or more pass seats)","Driver or rider","Female",34,"Unclassified","Single carriageway",30,NA,"Not a Pedestrian","Not a Pedestrian",420312,445410,"E01011569",2,"Not at junction or within 20 metres","Daylight","Fine no high winds","Dry","Bus and goods vehicle occupant"
"3710","20151326N0994",2015-06-23,2015,"Jun",23,"16:30",16,30,"Tuesday","Slight",1,"Slight","Car occupant","Driver or rider","Male",68,"A","Single carriageway",60,NA,"Not a Pedestrian","Not a Pedestrian",431229,445931,"E01011561",2,"Not at junction or within 20 metres","Daylight","Fine no high winds","Dry","Car occupant"
"3711","20151326N1257",2015-06-23,2015,"Jun",23,"18:40",18,40,"Tuesday","Slight",1,"Slight","Car occupant","Driver or rider","Male",44,"A","Single carriageway",30,"Unclassified","Not a Pedestrian","Not a Pedestrian",431951,431235,"E01011468",1,"Crossroads","Daylight","Fine no high winds","Dry","Car occupant"
"3712","20151326N1347",2015-06-23,2015,"Jun",23,"19:00",19,0,"Tuesday","Slight",1,"Slight","Cyclist","Driver or rider","Female",26,"A","Roundabout",30,"A","Not a Pedestrian","Not a Pedestrian",420924,434425,"E01011595",2,"Roundabout","Daylight","Fine no high winds","Dry","Cyclist"
"3713","20151326N1521",2015-06-23,2015,"Jun",23,"20:40",20,40,"Tuesday","Serious",1,"Serious","Cyclist","Driver or rider","Male",11,"Unclassified","Single carriageway",30,"Unclassified","Not a Pedestrian","Not a Pedestrian",430960,428233,"E01011490",2,"Roundabout","Daylight","Fine no high winds","Dry","Cyclist"