"","accident_index","date","year","month","day","time","time_hour","time_minute","day_of_week","accident_severity","number_of_casualties","casualty_severity","casualty_type","casualty_class","sex_of_casualty","age_of_casualty","first_road_class","road_type","speed_limit","second_road_class","pedestrian_location","pedestrian_movement","location_easting_osgr","location_northing_osgr","lsoa_of_accident_location","number_of_vehicles","junction_detail","light_conditions","weather_conditions","road_surface_conditions","cas_type"
"3714","20151326N1577",2015-06-23,2015,"Jun",23,"21:15",21,15,"Tuesday","Serious",1,"Serious","Motorcycle over 500cc rider or passenger","Driver or rider","Male",60,"Unclassified","Single carriageway",60,"Unclassified","Not a Pedestrian","Not a Pedestrian",422027,440633,"E01011580",2,"T or staggered junction","Daylight","Fine no high winds","Dry","Motorcyclist and pillion"
"3715","20151326N1703",2015-06-23,2015,"Jun",23,"22:33",22,33,"Tuesday","Slight",3,"Slight","Car occupant","Passenger","Female",68,"Motorway","Dual carriageway",50,NA,"Not a Pedestrian","Not a Pedestrian",431149,424771,"E01011537",2,"Not at junction or within 20 metres","Darkness - no lighting","Fine no high winds","Dry","Car occupant"
"3716","20151326N1703",2015-06-23,2015,"Jun",23,"22:33",22,33,"Tuesday","Slight",3,"Slight","Car occupant","Passenger","Female",42,"Motorway","Dual carriageway",50,NA,"Not a Pedestrian","Not a Pedestrian",431149,424771,"E01011537",2,"Not at junction or within 20 metres","Darkness - no lighting","Fine no high winds","Dry","Car occupant"
"3717","20151326N1703",2015-06-23,2015,"Jun",23,"22:33",22,33,"Tuesday","Slight",3,"Slight","Car occupant","Passenger","Female",32,"Motorway","Dual carriageway",50,NA,"Not a Pedestrian","Not a Pedestrian",431149,424771,"E01011537",2,"Not at junction or within 20 metres","Darkness - no lighting","Fine no high winds","Dry","Car occupant"
"3718","20151326N1743",2015-06-23,2015,"Jun",23,"22:58",22,58,"Tuesday","Slight",1,"Slight","Cyclist","Driver or rider","Male",51,"A","Single carriageway",40,NA,"Not a Pedestrian","Not a Pedestrian",423653,443836,"E01032503",2,"Not at junction or within 20 metres","Daylight","Fine no high winds","Dry","Cyclist"
"3719","20151326O0315",2015-06-24,2015,"Jun",24,"08:50",8,50,"Wednesday","Slight",1,"Slight","Car occupant","Driver or rider","Male",31,"Unclassified","Single carriageway",30,"Unclassified","Not a Pedestrian","Not a Pedestrian",431758,434889,"E01011677",2,"Crossroads","Daylight","Fine no high winds","Dry","Car occupant"
"3720","20151326O0318",2015-06-24,2015,"Jun",24,"08:54",8,54,"Wednesday","Slight",1,"Slight","Cyclist","Driver or rider","Female",24,"Unclassified","Single carriageway",30,NA,"Not a Pedestrian","Not a Pedestrian",425697,432088,"E01011735",2,"Not at junction or within 20 metres","Daylight","Fine no high winds","Dry","Cyclist"
"3721","20151326O0447",2015-06-24,2015,"Jun",24,"10:34",10,34,"Wednesday","Slight",1,"Slight","Car occupant","Driver or rider","Male",87,"Unclassified","Single carriageway",20,NA,"Not a Pedestrian","Not a Pedestrian",429074,439892,"E01011567",3,"Not at junction or within 20 metres","Daylight","Fine no high winds","Dry","Car occupant"
"3722","20151326O0739",2015-06-24,2015,"Jun",24,"13:30",13,30,"Wednesday","Slight",2,"Slight","Car occupant","Driver or rider","Female",32,"Motorway","Roundabout",50,"Motorway","Not a Pedestrian","Not a Pedestrian",432173,426122,"E01011499",2,"Roundabout","Daylight","Fine no high winds","Dry","Car occupant"
"3723","20151326O0739",2015-06-24,2015,"Jun",24,"13:30",13,30,"Wednesday","Slight",2,"Slight","Car occupant","Passenger","Female",22,"Motorway","Roundabout",50,"Motorway","Not a Pedestrian","Not a Pedestrian",432173,426122,"E01011499",2,"Roundabout","Daylight","Fine no high winds","Dry","Car occupant"
"3724","20151326O0772",2015-06-24,2015,"Jun",24,"13:55",13,55,"Wednesday","Slight",1,"Slight","Car occupant","Driver or rider","Male",53,"A","Single carriageway",50,NA,"Not a Pedestrian","Not a Pedestrian",426087,430014,"E01011522",1,"Not at junction or within 20 metres","Daylight","Fine no high winds","Dry","Car occupant"
"3725","20151326O0552",2015-06-24,2015,"Jun",24,"15:10",15,10,"Wednesday","Slight",1,"Slight","Cyclist","Driver or rider","Male",27,"Unclassified","Single carriageway",30,NA,"Not a Pedestrian","Not a Pedestrian",429907,434006,"E01033010",2,"Not at junction or within 20 metres","Daylight","Fine no high winds","Dry","Cyclist"
"3726","20151326O0987",2015-06-24,2015,"Jun",24,"15:50",15,50,"Wednesday","Slight",1,"Slight","Cyclist","Driver or rider","Male",25,"Unclassified","Single carriageway",30,"Unclassified","Not a Pedestrian","Not a Pedestrian",427404,434903,"E01011478",2,"T or staggered junction","Daylight","Fine no high winds","Dry","Cyclist"
"3727","20151326O1142",2015-06-24,2015,"Jun",24,"17:00",17,0,"Wednesday","Slight",3,"Slight","Car occupant","Driver or rider","Female",31,"Unclassified","Single carriageway",60,"Unclassified","Not a Pedestrian","Not a Pedestrian",434619,441230,"E01011713",2,"Crossroads","Daylight","Fine no high winds","Dry","Car occupant"
"3728","20151326O1142",2015-06-24,2015,"Jun",24,"17:00",17,0,"Wednesday","Slight",3,"Slight","Car occupant","Passenger","Female",27,"Unclassified","Single carriageway",60,"Unclassified","Not a Pedestrian","Not a Pedestrian",434619,441230,"E01011713",2,"Crossroads","Daylight","Fine no high winds","Dry","Car occupant"
"3729","20151326O1142",2015-06-24,2015,"Jun",24,"17:00",17,0,"Wednesday","Slight",3,"Slight","Car occupant","Driver or rider","Female",42,"Unclassified","Single carriageway",60,"Unclassified","Not a Pedestrian","Not a Pedestrian",434619,441230,"E01011713",2,"Crossroads","Daylight","Fine no high winds","Dry","Car occupant"
"3730","20151326O1434",2015-06-24,2015,"Jun",24,"19:24",19,24,"Wednesday","Slight",1,"Slight","Cyclist","Driver or rider","Male",24,"Unclassified","Dual carriageway",30,NA,"Not a Pedestrian","Not a Pedestrian",430018,434081,"E01033010",1,"Not at junction or within 20 metres","Daylight","Fine no high winds","Dry","Cyclist"
"3731","20151326P0028",2015-06-25,2015,"Jun",25,"00:13",0,13,"Thursday","Slight",1,"Slight","Cyclist","Driver or rider","Male",38,"Unclassified","Single carriageway",30,NA,"Not a Pedestrian","Not a Pedestrian",423775,435718,"E01011330",2,"Not at junction or within 20 metres","Darkness - lights lit","Fine no high winds","Dry","Cyclist"
"3732","20151326P0292",2015-06-25,2015,"Jun",25,"08:30",8,30,"Thursday","Slight",2,"Slight","Car occupant","Driver or rider","Male",37,"Motorway","Dual carriageway",70,NA,"Not a Pedestrian","Not a Pedestrian",426914,430193,"E01011734",4,"Not at junction or within 20 metres","Daylight","Fine no high winds","Dry","Car occupant"
"3733","20151326P0292",2015-06-25,2015,"Jun",25,"08:30",8,30,"Thursday","Slight",2,"Slight","Car occupant","Driver or rider","Female",19,"Motorway","Dual carriageway",70,NA,"Not a Pedestrian","Not a Pedestrian",426914,430193,"E01011734",4,"Not at junction or within 20 metres","Daylight","Fine no high winds","Dry","Car occupant"
"3734","20151326P0420",2015-06-25,2015,"Jun",25,"21:00",21,0,"Thursday","Slight",1,"Slight","Cyclist","Driver or rider","Male",25,"Unclassified","Single carriageway",30,"Unclassified","Not a Pedestrian","Not a Pedestrian",427996,435578,"E01011442",2,"T or staggered junction","Daylight","Fine no high winds","Dry","Cyclist"
"3735","20151326Q1087",2015-06-26,2015,"Jun",26,"08:20",8,20,"Friday","Slight",2,"Slight","Car occupant","Driver or rider","Male",52,"A","Single carriageway",30,NA,"Not a Pedestrian","Not a Pedestrian",427786,431707,"E01011362",2,"Not at junction or within 20 metres","Daylight","Fine no high winds","Dry","Car occupant"
"3736","20151326Q1087",2015-06-26,2015,"Jun",26,"08:20",8,20,"Friday","Slight",2,"Slight","Car occupant","Passenger","Female",46,"A","Single carriageway",30,NA,"Not a Pedestrian","Not a Pedestrian",427786,431707,"E01011362",2,"Not at junction or within 20 metres","Daylight","Fine no high winds","Dry","Car occupant"
"3737","20151326Q0412",2015-06-26,2015,"Jun",26,"10:15",10,15,"Friday","Slight",1,"Slight","Motorcycle 125cc and under rider or passenger","Driver or rider","Male",28,"Unclassified","Single carriageway",30,"Unclassified","Not a Pedestrian","Not a Pedestrian",425797,428422,"E01011532",2,"T or staggered junction","Daylight","Fine no high winds","Dry","Motorcyclist and pillion"
"3738","20151326Q0554",2015-06-26,2015,"Jun",26,"11:45",11,45,"Friday","Serious",1,"Serious","Cyclist","Driver or rider","Male",48,"B","Single carriageway",30,NA,"Not a Pedestrian","Not a Pedestrian",420472,446287,"E01011584",3,"Not at junction or within 20 metres","Daylight","Fine no high winds","Dry","Cyclist"
"3739","20151326Q1380",2015-06-26,2015,"Jun",26,"12:16",12,16,"Friday","Slight",1,"Slight","Bus or coach occupant (17 or more pass seats)","Passenger","Female",48,"Unclassified","Single carriageway",30,NA,"Not a Pedestrian","Not a Pedestrian",437505,433074,"E01011411",1,"Not at junction or within 20 metres","Daylight","Fine no high winds","Dry","Bus and goods vehicle occupant"
"3740","20151326Q0881",2015-06-26,2015,"Jun",26,"15:04",15,4,"Friday","Slight",4,"Slight","Car occupant","Driver or rider","Female",21,"Motorway","Slip road",50,"Unclassified","Not a Pedestrian","Not a Pedestrian",428267,431558,"E01011369",2,"Slip road","Daylight","Fine no high winds","Dry","Car occupant"
"3741","20151326Q0881",2015-06-26,2015,"Jun",26,"15:04",15,4,"Friday","Slight",4,"Slight","Car occupant","Passenger","Male",21,"Motorway","Slip road",50,"Unclassified","Not a Pedestrian","Not a Pedestrian",428267,431558,"E01011369",2,"Slip road","Daylight","Fine no high winds","Dry","Car occupant"
"3742","20151326Q0881",2015-06-26,2015,"Jun",26,"15:04",15,4,"Friday","Slight",4,"Slight","Car occupant","Passenger","Male",21,"Motorway","Slip road",50,"Unclassified","Not a Pedestrian","Not a Pedestrian",428267,431558,"E01011369",2,"Slip road","Daylight","Fine no high winds","Dry","Car occupant"
"3743","20151326Q0881",2015-06-26,2015,"Jun",26,"15:04",15,4,"Friday","Slight",4,"Slight","Car occupant","Passenger","Female",21,"Motorway","Slip road",50,"Unclassified","Not a Pedestrian","Not a Pedestrian",428267,431558,"E01011369",2,"Slip road","Daylight","Fine no high winds","Dry","Car occupant"
"3744","20151326Q0919",2015-06-26,2015,"Jun",26,"15:30",15,30,"Friday","Slight",1,"Slight","Pedestrian","Pedestrian","Male",12,"Unclassified","Single carriageway",30,NA,"In carriageway, crossing elsewhere","Crossing from offside - masked by  parked or stationary vehicle",433157,436418,"E01011646",1,"Not at junction or within 20 metres","Daylight","Fine no high winds","Dry","Pedestrian"
"3745","20151326Q1013",2015-06-26,2015,"Jun",26,"16:05",16,5,"Friday","Slight",1,"Slight","Cyclist","Driver or rider","Male",16,"A","Dual carriageway",30,"A","Not a Pedestrian","Not a Pedestrian",428972,435464,"E01033005",2,"Crossroads","Daylight","Fine no high winds","Dry","Cyclist"
"3746","20151326Q1040",2015-06-26,2015,"Jun",26,"16:25",16,25,"Friday","Slight",3,"Slight","Car occupant","Driver or rider","Female",22,"A","Single carriageway",30,NA,"Not a Pedestrian","Not a Pedestrian",426797,434986,"E01011482",3,"Not at junction or within 20 metres","Daylight","Fine no high winds","Dry","Car occupant"
"3747","20151326Q1040",2015-06-26,2015,"Jun",26,"16:25",16,25,"Friday","Slight",3,"Slight","Car occupant","Passenger","Female",67,"A","Single carriageway",30,NA,"Not a Pedestrian","Not a Pedestrian",426797,434986,"E01011482",3,"Not at junction or within 20 metres","Daylight","Fine no high winds","Dry","Car occupant"
"3748","20151326Q1040",2015-06-26,2015,"Jun",26,"16:25",16,25,"Friday","Slight",3,"Slight","Car occupant","Driver or rider","Male",26,"A","Single carriageway",30,NA,"Not a Pedestrian","Not a Pedestrian",426797,434986,"E01011482",3,"Not at junction or within 20 metres","Daylight","Fine no high winds","Dry","Car occupant"
"3749","20151326Q1064",2015-06-26,2015,"Jun",26,"16:30",16,30,"Friday","Slight",1,"Slight","Cyclist","Driver or rider","Male",22,"A","Single carriageway",30,"Unclassified","Not a Pedestrian","Not a Pedestrian",428140,435853,"E01032946",2,"T or staggered junction","Daylight","Fine no high winds","Dry","Cyclist"
"3750","20151326Q1200",2015-06-26,2015,"Jun",26,"17:30",17,30,"Friday","Slight",2,"Slight","Car occupant","Driver or rider","Male",49,"Unclassified","Single carriageway",30,"Unclassified","Not a Pedestrian","Not a Pedestrian",428096,434666,"E01011481",2,"T or staggered junction","Daylight","Fine no high winds","Dry","Car occupant"
"3751","20151326Q1200",2015-06-26,2015,"Jun",26,"17:30",17,30,"Friday","Slight",2,"Slight","Car occupant","Passenger","Male",24,"Unclassified","Single carriageway",30,"Unclassified","Not a Pedestrian","Not a Pedestrian",428096,434666,"E01011481",2,"T or staggered junction","Daylight","Fine no high winds","Dry","Car occupant"
"3752","20151326Q1394",2015-06-26,2015,"Jun",26,"19:05",19,5,"Friday","Serious",1,"Serious","Pedestrian","Pedestrian","Female",13,"A","Dual carriageway",40,"Unclassified","In carriageway, crossing elsewhere","Crossing from driver's nearside",419791,434071,"E01011597",1,"T or staggered junction","Daylight","Fine no high winds","Dry","Pedestrian"
"3753","20151326Q1617",2015-06-26,2015,"Jun",26,"21:05",21,5,"Friday","Slight",1,"Slight","Motorcycle 125cc and under rider or passenger","Driver or rider","Male",20,"A","Single carriageway",40,"Unclassified","Not a Pedestrian","Not a Pedestrian",430998,440111,"E01011557",2,"T or staggered junction","Daylight","Fine no high winds","Wet or damp","Motorcyclist and pillion"
"3754","20151326R0374",2015-06-27,2015,"Jun",27,"05:10",5,10,"Saturday","Serious",2,"Serious","Car occupant","Passenger","Male",22,"Unclassified","Single carriageway",30,NA,"Not a Pedestrian","Not a Pedestrian",424839,432201,"E01011738",1,"Not at junction or within 20 metres","Darkness - lights lit","Fine no high winds","Dry","Car occupant"
"3755","20151326R0374",2015-06-27,2015,"Jun",27,"05:10",5,10,"Saturday","Serious",2,"Slight","Car occupant","Passenger","Male",25,"Unclassified","Single carriageway",30,NA,"Not a Pedestrian","Not a Pedestrian",424839,432201,"E01011738",1,"Not at junction or within 20 metres","Darkness - lights lit","Fine no high winds","Dry","Car occupant"
"3756","20151326R0657",2015-06-27,2015,"Jun",27,"11:15",11,15,"Saturday","Slight",1,"Slight","Cyclist","Driver or rider","Male",64,"A","Single carriageway",60,NA,"Not a Pedestrian","Not a Pedestrian",430501,445445,"E01011561",2,"Not at junction or within 20 metres","Daylight","Fine no high winds","Dry","Cyclist"
"3757","20151326R0726",2015-06-27,2015,"Jun",27,"12:09",12,9,"Saturday","Serious",1,"Serious","Motorcycle over 500cc rider or passenger","Driver or rider","Male",42,"A","Dual carriageway",40,"Unclassified","Not a Pedestrian","Not a Pedestrian",435036,434687,"E01011343",2,"Other junction","Daylight","Fine no high winds","Dry","Motorcyclist and pillion"
"3758","20151326R1154",2015-06-27,2015,"Jun",27,"16:40",16,40,"Saturday","Slight",1,"Slight","Car occupant","Driver or rider","Male",32,"Unclassified","Single carriageway",30,NA,"Not a Pedestrian","Not a Pedestrian",431959,435824,"E01011422",3,"Not at junction or within 20 metres","Daylight","Fine no high winds","Dry","Car occupant"
"3759","20151326R0284",2015-06-28,2015,"Jun",28,"03:15",3,15,"Sunday","Serious",1,"Serious","Car occupant","Passenger","Male",24,"Unclassified","Single carriageway",30,NA,"Not a Pedestrian","Not a Pedestrian",423968,434365,"E01011334",1,"Not at junction or within 20 metres","Daylight","Fine no high winds","Dry","Car occupant"
"3760","20151326S1214",2015-06-28,2015,"Jun",28,"16:39",16,39,"Sunday","Slight",1,"Slight","Car occupant","Driver or rider","Female",73,"Unclassified","Single carriageway",30,NA,"Not a Pedestrian","Not a Pedestrian",419123,442183,"E01011279",1,"Not at junction or within 20 metres","Daylight","Fine no high winds","Dry","Car occupant"
"3761","20151326T1020",2015-06-29,2015,"Jun",29,"15:55",15,55,"Monday","Slight",2,"Slight","Pedestrian","Pedestrian","Male",8,"A","Dual carriageway",40,NA,"In carriageway, crossing elsewhere","Crossing from offside - masked by  parked or stationary vehicle",430830,439636,"E01011557",1,"Not at junction or within 20 metres","Daylight","Fine no high winds","Dry","Pedestrian"
"3762","20151326T1020",2015-06-29,2015,"Jun",29,"15:55",15,55,"Monday","Slight",2,"Slight","Pedestrian","Pedestrian","Male",6,"A","Dual carriageway",40,NA,"In carriageway, crossing elsewhere","Crossing from offside - masked by  parked or stationary vehicle",430830,439636,"E01011557",1,"Not at junction or within 20 metres","Daylight","Fine no high winds","Dry","Pedestrian"
"3763","20151326T1075",2015-06-29,2015,"Jun",29,"16:22",16,22,"Monday","Slight",1,"Slight","Goods vehicle (7.5 tonnes mgw and over) occupant","Driver or rider","Male",54,"Motorway","Dual carriageway",70,NA,"Not a Pedestrian","Not a Pedestrian",431487,426453,"E01011499",2,"Not at junction or within 20 metres","Daylight","Fine no high winds","Dry","Bus and goods vehicle occupant"
"3764","20151326T1193",2015-06-29,2015,"Jun",29,"17:10",17,10,"Monday","Slight",3,"Slight","Car occupant","Driver or rider","Male",28,"A","Dual carriageway",40,"Unclassified","Not a Pedestrian","Not a Pedestrian",434423,434378,"E01011341",2,"T or staggered junction","Daylight","Fine no high winds","Dry","Car occupant"
"3765","20151326T1193",2015-06-29,2015,"Jun",29,"17:10",17,10,"Monday","Slight",3,"Slight","Taxi/Private hire car occupant","Passenger","Female",60,"A","Dual carriageway",40,"Unclassified","Not a Pedestrian","Not a Pedestrian",434423,434378,"E01011341",2,"T or staggered junction","Daylight","Fine no high winds","Dry","Car occupant"
"3766","20151326T1193",2015-06-29,2015,"Jun",29,"17:10",17,10,"Monday","Slight",3,"Slight","Taxi/Private hire car occupant","Driver or rider","Male",41,"A","Dual carriageway",40,"Unclassified","Not a Pedestrian","Not a Pedestrian",434423,434378,"E01011341",2,"T or staggered junction","Daylight","Fine no high winds","Dry","Car occupant"
"3767","20151326U0292",2015-06-30,2015,"Jun",30,"07:49",7,49,"Tuesday","Slight",1,"Slight","Pedestrian","Pedestrian","Female",13,"Unclassified","Single carriageway",40,NA,"In carriageway, crossing elsewhere","Crossing from driver's nearside",430506,438550,"E01011514",1,"Not at junction or within 20 metres","Daylight","Fine no high winds","Dry","Pedestrian"
"3768","20151327L0693",2015-06-30,2015,"Jun",30,"10:55",10,55,"Tuesday","Slight",1,"Slight","Pedestrian","Pedestrian","Male",79,"A","Dual carriageway",40,"Unclassified","Crossing elsewhere within 50m. of pedestrian crossing","Crossing from offside - masked by  parked or stationary vehicle",434680,434554,"E01011341",1,"T or staggered junction","Daylight","Fine no high winds","Dry","Pedestrian"
"3769","20151326U1001",2015-06-30,2015,"Jun",30,"14:56",14,56,"Tuesday","Slight",1,"Slight","Car occupant","Passenger","Female",71,"Motorway","Dual carriageway",70,NA,"Not a Pedestrian","Not a Pedestrian",434997,425904,"E01011636",2,"Not at junction or within 20 metres","Daylight","Fine no high winds","Dry","Car occupant"
"3770","20151326U1308",2015-06-30,2015,"Jun",30,"17:15",17,15,"Tuesday","Slight",1,"Slight","Car occupant","Driver or rider","Female",60,"A","Single carriageway",30,NA,"Not a Pedestrian","Not a Pedestrian",431206,440891,"E01011562",4,"Not at junction or within 20 metres","Daylight","Fine no high winds","Dry","Car occupant"
"3771","20151326U1462",2015-06-30,2015,"Jun",30,"17:20",17,20,"Tuesday","Slight",1,"Slight","Bus or coach occupant (17 or more pass seats)","Passenger","Female",23,"Unclassified","Dual carriageway",30,"Unclassified","Not a Pedestrian","Not a Pedestrian",430412,433721,"E01033010",2,"Crossroads","Daylight","Fine no high winds","Dry","Bus and goods vehicle occupant"
"3772","20151326U1636",2015-06-30,2015,"Jun",30,"19:40",19,40,"Tuesday","Slight",1,"Slight","Cyclist","Driver or rider","Male",47,"A","Dual carriageway",70,NA,"Not a Pedestrian","Not a Pedestrian",428742,438566,"E01011513",2,"Not at junction or within 20 metres","Daylight","Fine no high winds","Dry","Cyclist"
"3773","20151326U2121",2015-06-30,2015,"Jun",30,"23:50",23,50,"Tuesday","Serious",1,"Serious","Car occupant","Driver or rider","Male",28,"Unclassified","Single carriageway",30,"Unclassified","Not a Pedestrian","Not a Pedestrian",434786,437577,"E01011656",3,"T or staggered junction","Darkness - lights lit","Fine no high winds","Dry","Car occupant"
"3774","2015132710614",2015-07-01,2015,"Jul",1,"11:32",11,32,"Wednesday","Slight",1,"Slight","Car occupant","Driver or rider","Male",80,"A","Dual carriageway",40,"Unclassified","Not a Pedestrian","Not a Pedestrian",433562,436350,"E01011421",2,"Crossroads","Daylight","Fine no high winds","Dry","Car occupant"
"3775","2015132710687",2015-07-01,2015,"Jul",1,"12:12",12,12,"Wednesday","Slight",1,"Slight","Motorcycle over 500cc rider or passenger","Driver or rider","Male",59,"Unclassified","Single carriageway",30,"Unclassified","Not a Pedestrian","Not a Pedestrian",428580,434974,"E01011448",2,"Crossroads","Daylight","Fine no high winds","Dry","Motorcyclist and pillion"
"3776","2015132711200",2015-07-01,2015,"Jul",1,"16:40",16,40,"Wednesday","Slight",1,"Slight","Cyclist","Driver or rider","Male",13,"Unclassified","Roundabout",30,"Unclassified","Not a Pedestrian","Not a Pedestrian",435058,435039,"E01011667",2,"Mini-roundabout","Daylight","Fine no high winds","Dry","Cyclist"
"3777","2015132711490",2015-07-01,2015,"Jul",1,"18:20",18,20,"Wednesday","Slight",2,"Slight","Car occupant","Driver or rider","Female",28,"A","Dual carriageway",50,NA,"Not a Pedestrian","Not a Pedestrian",421921,436471,"E01011588",2,"Not at junction or within 20 metres","Daylight","Fine no high winds","Dry","Car occupant"
"3778","2015132711490",2015-07-01,2015,"Jul",1,"18:20",18,20,"Wednesday","Slight",2,"Slight","Car occupant","Passenger","Female",29,"A","Dual carriageway",50,NA,"Not a Pedestrian","Not a Pedestrian",421921,436471,"E01011588",2,"Not at junction or within 20 metres","Daylight","Fine no high winds","Dry","Car occupant"
"3779","2015132711658",2015-07-01,2015,"Jul",1,"20:06",20,6,"Wednesday","Slight",1,"Slight","Pedestrian","Pedestrian","Male",9,"Unclassified","Single carriageway",20,NA,"In carriageway, crossing elsewhere","Crossing from driver's offside",420396,433882,"E01011586",1,"Not at junction or within 20 metres","Daylight","Fine no high winds","Dry","Pedestrian"
"3780","2015132711974",2015-07-01,2015,"Jul",1,"22:25",22,25,"Wednesday","Slight",1,"Slight","Pedestrian","Pedestrian","Male",24,"B","Single carriageway",30,"Unclassified","Crossing elsewhere within 50m. of pedestrian crossing","Crossing from driver's offside",432445,434824,"E01011344",1,"T or staggered junction","Daylight","Fine no high winds","Dry","Pedestrian"
"3781","2015132721347",2015-07-02,2015,"Jul",2,"06:45",6,45,"Thursday","Slight",1,"Slight","Cyclist","Driver or rider","Female",48,"B","Single carriageway",50,"Unclassified","Not a Pedestrian","Not a Pedestrian",442244,429934,"E01011303",2,"T or staggered junction","Daylight","Fine no high winds","Dry","Cyclist"
"3782","2015132761336",2015-07-02,2015,"Jul",2,"08:00",8,0,"Thursday","Slight",1,"Slight","Cyclist","Driver or rider","Male",59,"Unclassified","One way street",30,"A","Not a Pedestrian","Not a Pedestrian",432055,435968,"E01011647",2,"T or staggered junction","Daylight","Fine no high winds","Dry","Cyclist"
"3783","2015132720574",2015-07-02,2015,"Jul",2,"08:30",8,30,"Thursday","Slight",2,"Slight","Car occupant","Driver or rider","Female",34,"Unclassified","Single carriageway",30,NA,"Not a Pedestrian","Not a Pedestrian",432215,435565,"E01011430",2,"Not at junction or within 20 metres","Daylight","Fine no high winds","Dry","Car occupant"
"3784","2015132720574",2015-07-02,2015,"Jul",2,"08:30",8,30,"Thursday","Slight",2,"Slight","Car occupant","Passenger","Female",34,"Unclassified","Single carriageway",30,NA,"Not a Pedestrian","Not a Pedestrian",432215,435565,"E01011430",2,"Not at junction or within 20 metres","Daylight","Fine no high winds","Dry","Car occupant"
"3785","2015132720387",2015-07-02,2015,"Jul",2,"09:22",9,22,"Thursday","Slight",1,"Slight","Motorcycle over 500cc rider or passenger","Driver or rider","Male",29,"Unclassified","Single carriageway",30,"Unclassified","Not a Pedestrian","Not a Pedestrian",422183,428750,"E01011521",2,"Crossroads","Daylight","Fine no high winds","Dry","Motorcyclist and pillion"
"3786","2015132720583",2015-07-02,2015,"Jul",2,"11:34",11,34,"Thursday","Slight",1,"Slight","Mobility scooter rider","Driver or rider","Male",81,"Unclassified","Single carriageway",30,"Unclassified","Not a Pedestrian","Not a Pedestrian",429026,431994,"E01011368",2,"Crossroads","Daylight","Fine no high winds","Dry","Others"
"3787","2015132720612",2015-07-02,2015,"Jul",2,"11:45",11,45,"Thursday","Slight",1,"Slight","Goods vehicle (7.5 tonnes mgw and over) occupant","Driver or rider","Male",43,"Unclassified","One way street",30,NA,"Not a Pedestrian","Not a Pedestrian",439632,448219,"E01011702",2,"Not at junction or within 20 metres","Daylight","Fine no high winds","Dry","Bus and goods vehicle occupant"
"3788","2015132720883",2015-07-02,2015,"Jul",2,"14:30",14,30,"Thursday","Slight",1,"Slight","Goods vehicle (7.5 tonnes mgw and over) occupant","Passenger","Male",60,"A(M)","Dual carriageway",70,NA,"Not a Pedestrian","Not a Pedestrian",443663,436862,"E01011297",3,"Not at junction or within 20 metres","Daylight","Fine no high winds","Dry","Bus and goods vehicle occupant"
"3789","2015132720302",2015-07-02,2015,"Jul",2,"16:30",16,30,"Thursday","Slight",1,"Slight","Cyclist","Driver or rider","Female",6,"Unclassified","Single carriageway",30,"Unclassified","Not a Pedestrian","Not a Pedestrian",434422,428873,"E01011628",2,"Private drive or entrance","Daylight","Fine no high winds","Dry","Cyclist"
"3790","2015132721134",2015-07-02,2015,"Jul",2,"16:35",16,35,"Thursday","Slight",1,"Slight","Cyclist","Driver or rider","Male",48,"A","Dual carriageway",40,NA,"Not a Pedestrian","Not a Pedestrian",427888,426259,"E01011550",2,"Not at junction or within 20 metres","Daylight","Fine no high winds","Dry","Cyclist"
"3791","2015132731172",2015-07-02,2015,"Jul",2,"17:05",17,5,"Thursday","Slight",1,"Slight","Cyclist","Driver or rider","Male",26,"Unclassified","Single carriageway",30,NA,"Not a Pedestrian","Not a Pedestrian",429959,433224,"E01033016",2,"Not at junction or within 20 metres","Darkness - lighting unknown","Fine no high winds","Dry","Cyclist"
"3792","2015132711299",2015-07-02,2015,"Jul",2,"17:25",17,25,"Thursday","Slight",1,"Slight","Car occupant","Driver or rider","Male",59,"Unclassified","Single carriageway",30,NA,"Not a Pedestrian","Not a Pedestrian",431853,434722,"E01011677",3,"Not at junction or within 20 metres","Daylight","Fine no high winds","Dry","Car occupant"
"3793","2015132721410",2015-07-02,2015,"Jul",2,"17:40",17,40,"Thursday","Slight",1,"Slight","Pedestrian","Pedestrian","Female",27,"Unclassified","Single carriageway",30,"Unclassified","In carriageway, crossing elsewhere","Crossing from driver's offside",420781,441136,"E01011274",1,"T or staggered junction","Daylight","Raining no high winds","Wet or damp","Pedestrian"
"3794","2015132721500",2015-07-02,2015,"Jul",2,"18:30",18,30,"Thursday","Slight",1,"Slight","Taxi/Private hire car occupant","Passenger","Female",27,"Unclassified","One way street",30,"Unclassified","Not a Pedestrian","Not a Pedestrian",430485,433282,"E01033011",2,"T or staggered junction","Daylight","Fine no high winds","Wet or damp","Car occupant"
"3795","2015132730610",2015-07-03,2015,"Jul",3,"13:30",13,30,"Friday","Slight",1,"Slight","Car occupant","Driver or rider","Male",20,"Unclassified","Single carriageway",30,NA,"Not a Pedestrian","Not a Pedestrian",429041,436497,"E01011450",1,"Not at junction or within 20 metres","Daylight","Fine no high winds","Dry","Car occupant"
"3796","2015132731512",2015-07-03,2015,"Jul",3,"14:30",14,30,"Friday","Slight",1,"Slight","Car occupant","Driver or rider","Male",36,"Motorway","Slip road",70,"Motorway","Not a Pedestrian","Not a Pedestrian",431977,426301,"E01011499",2,"Slip road","Daylight","Fine no high winds","Dry","Car occupant"
"3797","2015132730939",2015-07-03,2015,"Jul",3,"14:35",14,35,"Friday","Slight",1,"Slight","Cyclist","Driver or rider","Female",39,"Unclassified","Single carriageway",30,NA,"Not a Pedestrian","Not a Pedestrian",432519,436680,"E01011645",2,"Not at junction or within 20 metres","Daylight","Fine no high winds","Dry","Cyclist"