"","accident_index","date","year","month","day","time","time_hour","time_minute","day_of_week","accident_severity","number_of_casualties","casualty_severity","casualty_type","casualty_class","sex_of_casualty","age_of_casualty","first_road_class","road_type","speed_limit","second_road_class","pedestrian_location","pedestrian_movement","location_easting_osgr","location_northing_osgr","lsoa_of_accident_location","number_of_vehicles","junction_detail","light_conditions","weather_conditions","road_surface_conditions","cas_type"
"3798","2015132740793",2015-07-03,2015,"Jul",3,"15:30",15,30,"Friday","Slight",1,"Slight","Cyclist","Driver or rider","Female",46,"A","Single carriageway",30,NA,"Not a Pedestrian","Not a Pedestrian",426008,428229,"E01011525",2,"Not at junction or within 20 metres","Daylight","Fine no high winds","Dry","Cyclist"
"3799","2015132731213",2015-07-03,2015,"Jul",3,"16:41",16,41,"Friday","Serious",1,"Serious","Cyclist","Driver or rider","Male",45,"Unclassified","Single carriageway",30,"Unclassified","Not a Pedestrian","Not a Pedestrian",432759,427522,"E01011496",2,"T or staggered junction","Daylight","Fine no high winds","Dry","Cyclist"
"3800","2015132740708",2015-07-04,2015,"Jul",4,"11:10",11,10,"Saturday","Slight",1,"Slight","Van / Goods vehicle (3.5 tonnes mgw or under) occupant","Driver or rider","Male",45,"Unclassified","Single carriageway",20,NA,"Not a Pedestrian","Not a Pedestrian",428922,430240,"E01011315",2,"Not at junction or within 20 metres","Daylight","Fine no high winds","Dry","Bus and goods vehicle occupant"
"3801","2015132740949",2015-07-04,2015,"Jul",4,"13:34",13,34,"Saturday","Serious",2,"Serious","Car occupant","Driver or rider","Male",19,"Unclassified","Single carriageway",30,NA,"Not a Pedestrian","Not a Pedestrian",428967,433871,"E01011678",3,"Not at junction or within 20 metres","Daylight","Fine no high winds","Dry","Car occupant"
"3802","2015132740949",2015-07-04,2015,"Jul",4,"13:34",13,34,"Saturday","Serious",2,"Slight","Van / Goods vehicle (3.5 tonnes mgw or under) occupant","Driver or rider","Male",38,"Unclassified","Single carriageway",30,NA,"Not a Pedestrian","Not a Pedestrian",428967,433871,"E01011678",3,"Not at junction or within 20 metres","Daylight","Fine no high winds","Dry","Bus and goods vehicle occupant"
"3803","20151327T1623",2015-07-04,2015,"Jul",4,"19:30",19,30,"Saturday","Slight",1,"Slight","Cyclist","Driver or rider","Male",8,"Unclassified","Single carriageway",30,NA,"Not a Pedestrian","Not a Pedestrian",439290,426017,"E01011395",2,"Not at junction or within 20 metres","Daylight","Fine no high winds","Dry","Cyclist"
"3804","2015132742206",2015-07-04,2015,"Jul",4,"23:50",23,50,"Saturday","Slight",2,"Slight","Taxi/Private hire car occupant","Driver or rider","Male",62,"Unclassified","Single carriageway",30,"Unclassified","Not a Pedestrian","Not a Pedestrian",430801,435344,"E01011360",2,"T or staggered junction","Darkness - lights lit","Fine no high winds","Dry","Car occupant"
"3805","2015132742206",2015-07-04,2015,"Jul",4,"23:50",23,50,"Saturday","Slight",2,"Slight","Taxi/Private hire car occupant","Passenger","Male",38,"Unclassified","Single carriageway",30,"Unclassified","Not a Pedestrian","Not a Pedestrian",430801,435344,"E01011360",2,"T or staggered junction","Darkness - lights lit","Fine no high winds","Dry","Car occupant"
"3806","2015132751100",2015-07-05,2015,"Jul",5,"16:30",16,30,"Sunday","Slight",2,"Slight","Motorcycle over 500cc rider or passenger","Driver or rider","Male",59,"A","Single carriageway",30,"Unclassified","Not a Pedestrian","Not a Pedestrian",420513,445573,"E01011574",2,"Crossroads","Daylight","Raining no high winds","Wet or damp","Motorcyclist and pillion"
"3807","2015132751100",2015-07-05,2015,"Jul",5,"16:30",16,30,"Sunday","Slight",2,"Slight","Motorcycle over 500cc rider or passenger","Passenger","Female",56,"A","Single carriageway",30,"Unclassified","Not a Pedestrian","Not a Pedestrian",420513,445573,"E01011574",2,"Crossroads","Daylight","Raining no high winds","Wet or damp","Motorcyclist and pillion"
"3808","2015132751543",2015-07-05,2015,"Jul",5,"20:38",20,38,"Sunday","Slight",1,"Slight","Motorcycle 125cc and under rider or passenger","Driver or rider","Male",23,"A","Dual carriageway",40,NA,"Not a Pedestrian","Not a Pedestrian",420462,434288,"E01011595",2,"Not at junction or within 20 metres","Daylight","Fine no high winds","Dry","Motorcyclist and pillion"
"3809","2015132751580",2015-07-05,2015,"Jul",5,"21:03",21,3,"Sunday","Slight",1,"Slight","Pedestrian","Pedestrian","Male",21,"Unclassified","One way street",30,NA,"In carriageway, crossing elsewhere","Crossing from driver's nearside",430576,434780,"E01011671",1,"Not at junction or within 20 metres","Daylight","Fine no high winds","Dry","Pedestrian"
"3810","2015132760551",2015-07-06,2015,"Jul",6,"11:00",11,0,"Monday","Slight",1,"Slight","Car occupant","Driver or rider","Male",48,"A","Single carriageway",40,"Unclassified","Not a Pedestrian","Not a Pedestrian",424878,443536,"E01032503",4,"T or staggered junction","Daylight","Fine no high winds","Dry","Car occupant"
"3811","2015132761703",2015-07-06,2015,"Jul",6,"21:40",21,40,"Monday","Slight",1,"Slight","Motorcycle 125cc and under rider or passenger","Driver or rider","Male",19,"Unclassified","Single carriageway",30,NA,"Not a Pedestrian","Not a Pedestrian",434378,434456,"E01011341",1,"Not at junction or within 20 metres","Daylight","Unknown","Wet or damp","Motorcyclist and pillion"
"3812","2015132761861",2015-07-06,2015,"Jul",6,"23:45",23,45,"Monday","Slight",1,"Slight","Motorcycle 125cc and under rider or passenger","Driver or rider","Male",26,"Unclassified","Single carriageway",30,NA,"Not a Pedestrian","Not a Pedestrian",425680,434799,"E01011281",1,"Not at junction or within 20 metres","Darkness - lights lit","Raining + high winds","Wet or damp","Motorcyclist and pillion"
"3813","2015132770273",2015-07-07,2015,"Jul",7,"07:45",7,45,"Tuesday","Slight",1,"Slight","Cyclist","Driver or rider","Female",25,"Unclassified","Dual carriageway",30,"Unclassified","Not a Pedestrian","Not a Pedestrian",432663,436931,"E01011644",2,"T or staggered junction","Daylight","Fine no high winds","Dry","Cyclist"
"3814","2015132770543",2015-07-07,2015,"Jul",7,"10:45",10,45,"Tuesday","Slight",1,"Slight","Bus or coach occupant (17 or more pass seats)","Passenger","Female",66,"Unclassified","Single carriageway",30,NA,"Not a Pedestrian","Not a Pedestrian",432653,436950,"E01011644",1,"Not at junction or within 20 metres","Daylight","Fine no high winds","Dry","Bus and goods vehicle occupant"
"3815","2015132771109",2015-07-07,2015,"Jul",7,"17:15",17,15,"Tuesday","Slight",1,"Slight","Car occupant","Passenger","Male",33,"A","Single carriageway",30,"Unclassified","Not a Pedestrian","Not a Pedestrian",426416,428501,"E01011528",2,"T or staggered junction","Daylight","Fine no high winds","Dry","Car occupant"
"3816","2015132771166",2015-07-07,2015,"Jul",7,"17:45",17,45,"Tuesday","Slight",1,"Slight","Car occupant","Driver or rider","Male",20,"Motorway","Dual carriageway",70,NA,"Not a Pedestrian","Not a Pedestrian",433188,425906,"E01011500",2,"Not at junction or within 20 metres","Daylight","Fine no high winds","Wet or damp","Car occupant"
"3817","2015132771612",2015-07-07,2015,"Jul",7,"21:29",21,29,"Tuesday","Slight",1,"Slight","Car occupant","Driver or rider","Male",41,"Unclassified","Single carriageway",30,NA,"Not a Pedestrian","Not a Pedestrian",425288,432688,"E01011730",1,"Not at junction or within 20 metres","Darkness - lights lit","Raining + high winds","Wet or damp","Car occupant"
"3818","2015132771973",2015-07-07,2015,"Jul",7,"23:40",23,40,"Tuesday","Serious",1,"Serious","Car occupant","Passenger","Female",39,"Unclassified","Single carriageway",30,NA,"Not a Pedestrian","Not a Pedestrian",436073,428721,"E01032487",4,"Not at junction or within 20 metres","Darkness - lights lit","Raining no high winds","Wet or damp","Car occupant"
"3819","2015132780311",2015-07-08,2015,"Jul",8,"09:25",9,25,"Wednesday","Slight",1,"Slight","Motorcycle over 500cc rider or passenger","Driver or rider","Male",54,"A","Roundabout",30,"A","Not a Pedestrian","Not a Pedestrian",424174,428150,"E01011523",2,"Roundabout","Daylight","Fine no high winds","Dry","Motorcyclist and pillion"
"3820","2015132781255",2015-07-08,2015,"Jul",8,"12:55",12,55,"Wednesday","Slight",1,"Slight","Car occupant","Driver or rider","Female",34,"Motorway","Dual carriageway",70,NA,"Not a Pedestrian","Not a Pedestrian",441247,434629,"E01011297",2,"Not at junction or within 20 metres","Daylight","Fine no high winds","Dry","Car occupant"
"3821","2015132780790",2015-07-08,2015,"Jul",8,"14:26",14,26,"Wednesday","Slight",1,"Slight","Van / Goods vehicle (3.5 tonnes mgw or under) occupant","Driver or rider","Female",35,"Motorway","Single carriageway",30,NA,"Not a Pedestrian","Not a Pedestrian",424053,427952,"E01011523",2,"Not at junction or within 20 metres","Daylight","Fine no high winds","Dry","Bus and goods vehicle occupant"
"3822","2015132781106",2015-07-08,2015,"Jul",8,"17:02",17,2,"Wednesday","Slight",1,"Slight","Pedestrian","Pedestrian","Female",14,"A","Single carriageway",30,"Unclassified","Unknown or other","Crossing from driver's nearside",430841,434008,"E01033031",1,"T or staggered junction","Daylight","Fine no high winds","Dry","Pedestrian"
"3823","2015132790045",2015-07-09,2015,"Jul",9,"00:10",0,10,"Thursday","Slight",1,"Slight","Car occupant","Driver or rider","Female",31,"A","Roundabout",30,"B","Not a Pedestrian","Not a Pedestrian",420937,434447,"E01011595",2,"Roundabout","Darkness - lights lit","Fine no high winds","Dry","Car occupant"
"3824","2015132790012",2015-07-09,2015,"Jul",9,"00:40",0,40,"Thursday","Slight",1,"Slight","Other vehicle occupant","Driver or rider","Male",34,"A","Roundabout",30,"Unclassified","Not a Pedestrian","Not a Pedestrian",429921,437009,"E01011355",2,"Roundabout","Darkness - lights lit","Fine no high winds","Dry","Others"
"3825","2015132790202",2015-07-09,2015,"Jul",9,"06:50",6,50,"Thursday","Slight",1,"Slight","Car occupant","Driver or rider","Female",39,"A","Single carriageway",30,"Unclassified","Not a Pedestrian","Not a Pedestrian",420319,434220,"E01011597",2,"Crossroads","Daylight","Fine no high winds","Dry","Car occupant"
"3826","2015132790214",2015-07-09,2015,"Jul",9,"07:20",7,20,"Thursday","Slight",1,"Slight","Cyclist","Driver or rider","Female",43,"Unclassified","One way street",30,NA,"Not a Pedestrian","Not a Pedestrian",430469,433461,"E01033010",2,"Not at junction or within 20 metres","Daylight","Fine no high winds","Dry","Cyclist"
"3827","2015132790234",2015-07-09,2015,"Jul",9,"07:57",7,57,"Thursday","Slight",3,"Slight","Car occupant","Driver or rider","Female",24,"Motorway","Dual carriageway",70,NA,"Not a Pedestrian","Not a Pedestrian",435148,425912,"E01011636",3,"Not at junction or within 20 metres","Daylight","Fine no high winds","Dry","Car occupant"
"3828","2015132790234",2015-07-09,2015,"Jul",9,"07:57",7,57,"Thursday","Slight",3,"Slight","Car occupant","Driver or rider","Female",19,"Motorway","Dual carriageway",70,NA,"Not a Pedestrian","Not a Pedestrian",435148,425912,"E01011636",3,"Not at junction or within 20 metres","Daylight","Fine no high winds","Dry","Car occupant"
"3829","2015132790234",2015-07-09,2015,"Jul",9,"07:57",7,57,"Thursday","Slight",3,"Slight","Car occupant","Driver or rider","Female",25,"Motorway","Dual carriageway",70,NA,"Not a Pedestrian","Not a Pedestrian",435148,425912,"E01011636",3,"Not at junction or within 20 metres","Daylight","Fine no high winds","Dry","Car occupant"
"3830","2015132790252",2015-07-09,2015,"Jul",9,"08:15",8,15,"Thursday","Serious",1,"Serious","Pedestrian","Pedestrian","Male",11,"B","Single carriageway",40,NA,"In carriageway, not crossing","Walking along in carriageway, facing traffic",432217,426323,"E01011499",1,"Not at junction or within 20 metres","Daylight","Fine no high winds","Dry","Pedestrian"
"3831","2015132790324",2015-07-09,2015,"Jul",9,"09:10",9,10,"Thursday","Slight",1,"Slight","Pedestrian","Pedestrian","Male",30,"Unclassified","Single carriageway",30,"A","Crossing elsewhere within 50m. of pedestrian crossing","Crossing from offside - masked by  parked or stationary vehicle",428959,429802,"E01011320",1,"Crossroads","Daylight","Fine no high winds","Dry","Pedestrian"
"3832","2015132790508",2015-07-09,2015,"Jul",9,"11:15",11,15,"Thursday","Serious",1,"Serious","Cyclist","Driver or rider","Female",22,"A","Single carriageway",30,"Unclassified","Not a Pedestrian","Not a Pedestrian",428792,435576,"E01032946",2,"T or staggered junction","Daylight","Fine no high winds","Dry","Cyclist"
"3833","2015132790575",2015-07-09,2015,"Jul",9,"12:04",12,4,"Thursday","Slight",2,"Slight","Car occupant","Passenger","Female",33,"A","Single carriageway",30,NA,"Not a Pedestrian","Not a Pedestrian",424924,434464,"E01011336",2,"Not at junction or within 20 metres","Daylight","Fine no high winds","Dry","Car occupant"
"3834","2015132790575",2015-07-09,2015,"Jul",9,"12:04",12,4,"Thursday","Slight",2,"Slight","Car occupant","Passenger","Male",2,"A","Single carriageway",30,NA,"Not a Pedestrian","Not a Pedestrian",424924,434464,"E01011336",2,"Not at junction or within 20 metres","Daylight","Fine no high winds","Dry","Car occupant"
"3835","2015132790984",2015-07-09,2015,"Jul",9,"16:05",16,5,"Thursday","Slight",1,"Slight","Pedestrian","Pedestrian","Male",39,"Unclassified","Single carriageway",30,"Unclassified","Unknown or other","Unknown or other",424353,434764,"E01011334",1,"T or staggered junction","Daylight","Fine no high winds","Dry","Pedestrian"
"3836","2015132791886",2015-07-09,2015,"Jul",9,"16:40",16,40,"Thursday","Slight",1,"Slight","Cyclist","Driver or rider","Male",37,"A","Single carriageway",30,"Unclassified","Not a Pedestrian","Not a Pedestrian",417908,443283,"E01011280",2,"Private drive or entrance","Daylight","Unknown","Dry","Cyclist"
"3837","2015132791086",2015-07-09,2015,"Jul",9,"16:48",16,48,"Thursday","Slight",1,"Slight","Car occupant","Driver or rider","Male",36,"B","Single carriageway",30,NA,"Not a Pedestrian","Not a Pedestrian",430489,437179,"E01011352",2,"Not at junction or within 20 metres","Daylight","Fine no high winds","Dry","Car occupant"
"3838","2015132791139",2015-07-09,2015,"Jul",9,"17:11",17,11,"Thursday","Slight",1,"Slight","Cyclist","Driver or rider","Male",25,"Unclassified","Single carriageway",30,NA,"Not a Pedestrian","Not a Pedestrian",428150,435641,"E01032946",2,"Not at junction or within 20 metres","Daylight","Fine no high winds","Dry","Cyclist"
"3839","2015132791287",2015-07-09,2015,"Jul",9,"18:15",18,15,"Thursday","Slight",1,"Slight","Car occupant","Driver or rider","Female",22,"A","Single carriageway",40,NA,"Not a Pedestrian","Not a Pedestrian",424471,437775,"E01011462",2,"Not at junction or within 20 metres","Daylight","Fine no high winds","Dry","Car occupant"
"3840","2015132791712",2015-07-09,2015,"Jul",9,"21:44",21,44,"Thursday","Slight",1,"Slight","Pedestrian","Pedestrian","Female",10,"Unclassified","Roundabout",30,NA,"On refuge, central island or central reservation","Crossing from driver's offside",430380,428424,"E01032497",1,"Not at junction or within 20 metres","Daylight","Fine no high winds","Dry","Pedestrian"
"3841","2015132791877",2015-07-09,2015,"Jul",9,"23:31",23,31,"Thursday","Slight",1,"Slight","Car occupant","Driver or rider","Male",21,"Motorway","Single carriageway",50,NA,"Not a Pedestrian","Not a Pedestrian",434993,425884,"E01011636",1,"Not at junction or within 20 metres","Darkness - lights lit","Fine no high winds","Dry","Car occupant"
"3842","20151327A0275",2015-07-10,2015,"Jul",10,"07:49",7,49,"Friday","Slight",1,"Slight","Car occupant","Driver or rider","Male",90,"Unclassified","One way street",30,NA,"Not a Pedestrian","Not a Pedestrian",433100,436445,"E01011646",2,"Not at junction or within 20 metres","Daylight","Fine no high winds","Dry","Car occupant"
"3843","20151327A0356",2015-07-10,2015,"Jul",10,"08:57",8,57,"Friday","Slight",1,"Slight","Cyclist","Driver or rider","Male",19,"Unclassified","Single carriageway",30,NA,"Not a Pedestrian","Not a Pedestrian",431920,434398,"E01011349",2,"Not at junction or within 20 metres","Daylight","Fine no high winds","Dry","Cyclist"
"3844","20151327A0989",2015-07-10,2015,"Jul",10,"13:10",13,10,"Friday","Slight",1,"Slight","Bus or coach occupant (17 or more pass seats)","Passenger","Male",82,"Unclassified","One way street",30,NA,"Not a Pedestrian","Not a Pedestrian",434207,436563,"E01011658",1,"Not at junction or within 20 metres","Daylight","Fine no high winds","Dry","Bus and goods vehicle occupant"
"3845","20151327A1308",2015-07-10,2015,"Jul",10,"17:00",17,0,"Friday","Slight",1,"Slight","Pedestrian","Pedestrian","Male",11,"Unclassified","Single carriageway",30,NA,"In carriageway, crossing elsewhere","Crossing from driver's nearside",434969,436415,"E01011659",1,"Not at junction or within 20 metres","Daylight","Fine no high winds","Dry","Pedestrian"
"3846","20151327A1349",2015-07-10,2015,"Jul",10,"18:20",18,20,"Friday","Slight",1,"Slight","Car occupant","Driver or rider","Female",27,"B","Single carriageway",40,NA,"Not a Pedestrian","Not a Pedestrian",425011,436080,"E01011326",2,"Not at junction or within 20 metres","Daylight","Fine no high winds","Dry","Car occupant"
"3847","20151327A1402",2015-07-10,2015,"Jul",10,"18:44",18,44,"Friday","Slight",1,"Slight","Pedestrian","Pedestrian","Female",16,"A","Single carriageway",40,"Unclassified","In carriageway, crossing elsewhere","Crossing from driver's offside",435786,436743,"E01011661",1,"T or staggered junction","Daylight","Fine no high winds","Dry","Pedestrian"
"3848","20151327A1570",2015-07-10,2015,"Jul",10,"19:55",19,55,"Friday","Slight",1,"Slight","Car occupant","Driver or rider","Male",19,"A(M)","Slip road",30,"A","Not a Pedestrian","Not a Pedestrian",429464,433847,"E01033008",1,"Slip road","Daylight","Fine no high winds","Dry","Car occupant"
"3849","20151327B0112",2015-07-11,2015,"Jul",11,"01:10",1,10,"Saturday","Slight",1,"Slight","Pedestrian","Pedestrian","Male",22,"Unclassified","Dual carriageway",30,NA,"On refuge, central island or central reservation","Crossing from driver's offside",430267,433395,"E01033010",1,"Not at junction or within 20 metres","Darkness - lights lit","Fine no high winds","Wet or damp","Pedestrian"
"3850","20151327B0507",2015-07-11,2015,"Jul",11,"08:50",8,50,"Saturday","Slight",1,"Slight","Car occupant","Driver or rider","Male",36,"Unclassified","Single carriageway",30,"Unclassified","Not a Pedestrian","Not a Pedestrian",433057,435014,"E01011340",5,"T or staggered junction","Daylight","Fine no high winds","Dry","Car occupant"
"3851","20151327B0838",2015-07-11,2015,"Jul",11,"13:05",13,5,"Saturday","Slight",1,"Slight","Motorcycle over 500cc rider or passenger","Driver or rider","Male",55,"Unclassified","Single carriageway",60,NA,"Not a Pedestrian","Not a Pedestrian",445223,447175,"E01011697",1,"Not at junction or within 20 metres","Daylight","Fine no high winds","Dry","Motorcyclist and pillion"
"3852","20151327B1173",2015-07-11,2015,"Jul",11,"15:35",15,35,"Saturday","Slight",1,"Slight","Car occupant","Driver or rider","Female",22,"Motorway","Roundabout",70,"Motorway","Not a Pedestrian","Not a Pedestrian",432246,426279,"E01011499",2,"Roundabout","Daylight","Fine no high winds","Dry","Car occupant"
"3853","20151327B1158",2015-07-11,2015,"Jul",11,"16:00",16,0,"Saturday","Slight",2,"Slight","Car occupant","Driver or rider","Female",25,"Unclassified","Dual carriageway",40,"Unclassified","Not a Pedestrian","Not a Pedestrian",431521,435147,"E01011429",2,"T or staggered junction","Daylight","Fine no high winds","Dry","Car occupant"
"3854","20151327B1158",2015-07-11,2015,"Jul",11,"16:00",16,0,"Saturday","Slight",2,"Slight","Car occupant","Passenger","Male",28,"Unclassified","Dual carriageway",40,"Unclassified","Not a Pedestrian","Not a Pedestrian",431521,435147,"E01011429",2,"T or staggered junction","Daylight","Fine no high winds","Dry","Car occupant"
"3855","20151327B1936",2015-07-11,2015,"Jul",11,"23:15",23,15,"Saturday","Serious",3,"Serious","Car occupant","Driver or rider","Female",52,"A","Single carriageway",50,NA,"Not a Pedestrian","Not a Pedestrian",425654,429532,"E01011522",1,"Not at junction or within 20 metres","Darkness - lights lit","Fine no high winds","Dry","Car occupant"
"3856","20151327B1936",2015-07-11,2015,"Jul",11,"23:15",23,15,"Saturday","Serious",3,"Slight","Car occupant","Passenger","Female",28,"A","Single carriageway",50,NA,"Not a Pedestrian","Not a Pedestrian",425654,429532,"E01011522",1,"Not at junction or within 20 metres","Darkness - lights lit","Fine no high winds","Dry","Car occupant"
"3857","20151327B1936",2015-07-11,2015,"Jul",11,"23:15",23,15,"Saturday","Serious",3,"Slight","Car occupant","Passenger","Male",33,"A","Single carriageway",50,NA,"Not a Pedestrian","Not a Pedestrian",425654,429532,"E01011522",1,"Not at junction or within 20 metres","Darkness - lights lit","Fine no high winds","Dry","Car occupant"
"3858","20151327C1014",2015-07-12,2015,"Jul",12,"14:54",14,54,"Sunday","Serious",1,"Serious","Motorcycle 125cc and under rider or passenger","Driver or rider","Male",47,"A","Dual carriageway",40,NA,"Not a Pedestrian","Not a Pedestrian",426812,431692,"E01011734",1,"Not at junction or within 20 metres","Daylight","Fine no high winds","Dry","Motorcyclist and pillion"
"3859","20151327C1065",2015-07-12,2015,"Jul",12,"15:28",15,28,"Sunday","Serious",1,"Serious","Car occupant","Driver or rider","Male",48,"A","Single carriageway",30,"Unclassified","Not a Pedestrian","Not a Pedestrian",422910,437538,"E01011452",2,"T or staggered junction","Daylight","Fine no high winds","Dry","Car occupant"
"3860","20151327C1568",2015-07-12,2015,"Jul",12,"19:40",19,40,"Sunday","Slight",1,"Slight","Car occupant","Driver or rider","Female",58,"Unclassified","Single carriageway",30,NA,"Not a Pedestrian","Not a Pedestrian",420646,436684,"E01011588",2,"Not at junction or within 20 metres","Daylight","Fine no high winds","Dry","Car occupant"
"3861","20151327C1603",2015-07-12,2015,"Jul",12,"20:00",20,0,"Sunday","Slight",2,"Slight","Car occupant","Driver or rider","Male",54,"A","Dual carriageway",40,NA,"Not a Pedestrian","Not a Pedestrian",420839,434417,"E01011595",2,"Not at junction or within 20 metres","Daylight","Fine no high winds","Dry","Car occupant"
"3862","20151327C1603",2015-07-12,2015,"Jul",12,"20:00",20,0,"Sunday","Slight",2,"Slight","Car occupant","Passenger","Male",19,"A","Dual carriageway",40,NA,"Not a Pedestrian","Not a Pedestrian",420839,434417,"E01011595",2,"Not at junction or within 20 metres","Daylight","Fine no high winds","Dry","Car occupant"
"3863","20151327F0849",2015-07-13,2015,"Jul",13,"08:46",8,46,"Monday","Slight",1,"Slight","Cyclist","Driver or rider","Male",25,"Unclassified","Single carriageway",30,NA,"Not a Pedestrian","Not a Pedestrian",424200,434492,"E01011334",2,"Not at junction or within 20 metres","Daylight","Fine no high winds","Dry","Cyclist"
"3864","20151327D0677",2015-07-13,2015,"Jul",13,"12:56",12,56,"Monday","Serious",2,"Serious","Car occupant","Driver or rider","Male",37,"Unclassified","Single carriageway",30,"Unclassified","Not a Pedestrian","Not a Pedestrian",422451,432854,"E01011604",2,"T or staggered junction","Daylight","Raining no high winds","Wet or damp","Car occupant"
"3865","20151327D0677",2015-07-13,2015,"Jul",13,"12:56",12,56,"Monday","Serious",2,"Slight","Car occupant","Passenger","Female",31,"Unclassified","Single carriageway",30,"Unclassified","Not a Pedestrian","Not a Pedestrian",422451,432854,"E01011604",2,"T or staggered junction","Daylight","Raining no high winds","Wet or damp","Car occupant"
"3866","20151327D0738",2015-07-13,2015,"Jul",13,"13:26",13,26,"Monday","Slight",1,"Slight","Pedestrian","Pedestrian","Female",65,"Unclassified","Single carriageway",30,"Unclassified","In carriageway, crossing elsewhere","Crossing from driver's offside",432624,436859,"E01011645",1,"T or staggered junction","Daylight","Fine no high winds","Dry","Pedestrian"
"3867","20151327D0963",2015-07-13,2015,"Jul",13,"15:15",15,15,"Monday","Slight",1,"Slight","Cyclist","Driver or rider","Male",22,"Unclassified","Single carriageway",30,NA,"Not a Pedestrian","Not a Pedestrian",427184,434758,"E01011482",2,"Not at junction or within 20 metres","Daylight","Raining no high winds","Wet or damp","Cyclist"
"3868","20151327D1008",2015-07-13,2015,"Jul",13,"15:40",15,40,"Monday","Slight",1,"Slight","Pedestrian","Pedestrian","Male",17,"Unclassified","Dual carriageway",30,NA,"In carriageway, crossing elsewhere","Crossing from driver's offside",433009,433995,"E01011348",1,"Not at junction or within 20 metres","Daylight","Fine no high winds","Dry","Pedestrian"
"3869","20151327D1861",2015-07-13,2015,"Jul",13,"23:59",23,59,"Monday","Fatal",1,"Fatal","Pedestrian","Pedestrian","Male",25,"A","Dual carriageway",40,"Unclassified","Crossing on pedestrian crossing facility","Unknown or other",425594,434233,"E01011286",1,"Other junction","Darkness - lights lit","Fine no high winds","Dry","Pedestrian"
"3870","20151327E0748",2015-07-14,2015,"Jul",14,"13:13",13,13,"Tuesday","Slight",1,"Slight","Car occupant","Driver or rider","Male",37,"Unclassified","One way street",40,"Unclassified","Not a Pedestrian","Not a Pedestrian",430434,435052,"E01011671",2,"T or staggered junction","Daylight","Fine no high winds","Dry","Car occupant"
"3871","20151327E0970",2015-07-14,2015,"Jul",14,"15:55",15,55,"Tuesday","Slight",2,"Slight","Car occupant","Driver or rider","Female",18,"A","Single carriageway",30,"A","Not a Pedestrian","Not a Pedestrian",424930,427641,"E01011530",2,"Crossroads","Daylight","Fine no high winds","Dry","Car occupant"
"3872","20151327E0970",2015-07-14,2015,"Jul",14,"15:55",15,55,"Tuesday","Slight",2,"Slight","Car occupant","Driver or rider","Female",36,"A","Single carriageway",30,"A","Not a Pedestrian","Not a Pedestrian",424930,427641,"E01011530",2,"Crossroads","Daylight","Fine no high winds","Dry","Car occupant"
"3873","20151327E1210",2015-07-14,2015,"Jul",14,"18:10",18,10,"Tuesday","Serious",1,"Serious","Cyclist","Driver or rider","Male",13,"Unclassified","Single carriageway",30,"Unclassified","Not a Pedestrian","Not a Pedestrian",432246,439812,"E01011568",2,"T or staggered junction","Daylight","Fine no high winds","Dry","Cyclist"
"3874","20151327E1351",2015-07-14,2015,"Jul",14,"19:20",19,20,"Tuesday","Slight",1,"Slight","Cyclist","Driver or rider","Male",60,"Unclassified","Single carriageway",30,"Unclassified","Not a Pedestrian","Not a Pedestrian",428623,440712,"E01011554",2,"T or staggered junction","Daylight","Fine no high winds","Dry","Cyclist"
"3875","20151327F0296",2015-07-15,2015,"Jul",15,"07:45",7,45,"Wednesday","Slight",1,"Slight","Bus or coach occupant (17 or more pass seats)","Passenger","Male",1,"A","Dual carriageway",40,"Unclassified","Not a Pedestrian","Not a Pedestrian",434124,433893,"E01011616",2,"Other junction","Daylight","Fine no high winds","Dry","Bus and goods vehicle occupant"
"3876","20151327F0528",2015-07-15,2015,"Jul",15,"09:20",9,20,"Wednesday","Slight",1,"Slight","Car occupant","Driver or rider","Female",29,"Unclassified","Single carriageway",30,NA,"Not a Pedestrian","Not a Pedestrian",436320,428322,"E01011635",2,"Not at junction or within 20 metres","Daylight","Fine no high winds","Dry","Car occupant"
"3877","20151327F1052",2015-07-15,2015,"Jul",15,"15:20",15,20,"Wednesday","Slight",1,"Slight","Car occupant","Driver or rider","Female",63,"Unclassified","Single carriageway",30,"Unclassified","Not a Pedestrian","Not a Pedestrian",424347,438787,"E01011459",2,"T or staggered junction","Daylight","Fine no high winds","Dry","Car occupant"
"3878","20151327G0965",2015-07-15,2015,"Jul",15,"17:20",17,20,"Wednesday","Serious",1,"Serious","Pedestrian","Pedestrian","Male",23,"Unclassified","Single carriageway",30,"Unclassified","On footway or verge","Unknown or other",426916,435445,"E01011480",2,"T or staggered junction","Daylight","Fine no high winds","Dry","Pedestrian"
"3879","20151327F1334",2015-07-15,2015,"Jul",15,"17:40",17,40,"Wednesday","Slight",1,"Slight","Motorcycle 125cc and under rider or passenger","Driver or rider","Female",21,"A","Dual carriageway",40,"A","Not a Pedestrian","Not a Pedestrian",428099,426293,"E01011550",2,"Roundabout","Daylight","Fine no high winds","Dry","Motorcyclist and pillion"
"3880","20151327F1352",2015-07-15,2015,"Jul",15,"17:50",17,50,"Wednesday","Slight",1,"Slight","Pedestrian","Pedestrian","Female",79,"Unclassified","Single carriageway",60,NA,"In carriageway, not crossing","Walking along in carriageway, facing traffic",436020,443793,"E01011713",1,"Not at junction or within 20 metres","Daylight","Fine no high winds","Dry","Pedestrian"