"","accident_index","date","year","month","day","time","time_hour","time_minute","day_of_week","accident_severity","number_of_casualties","casualty_severity","casualty_type","casualty_class","sex_of_casualty","age_of_casualty","first_road_class","road_type","speed_limit","second_road_class","pedestrian_location","pedestrian_movement","location_easting_osgr","location_northing_osgr","lsoa_of_accident_location","number_of_vehicles","junction_detail","light_conditions","weather_conditions","road_surface_conditions","cas_type"
"3881","20151327F1470",2015-07-15,2015,"Jul",15,"18:49",18,49,"Wednesday","Slight",1,"Slight","Car occupant","Driver or rider","Female",23,"Unclassified","Single carriageway",40,NA,"Not a Pedestrian","Not a Pedestrian",429374,436046,"E01011669",2,"Not at junction or within 20 metres","Daylight","Fine no high winds","Dry","Car occupant"
"3882","20151327G0245",2015-07-16,2015,"Jul",16,"07:00",7,0,"Thursday","Fatal",1,"Fatal","Motorcycle over 500cc rider or passenger","Driver or rider","Male",64,"A","Single carriageway",60,"B","Not a Pedestrian","Not a Pedestrian",422461,427899,"E01011527",2,"T or staggered junction","Daylight","Fine no high winds","Dry","Motorcyclist and pillion"
"3883","20151327G0457",2015-07-16,2015,"Jul",16,"10:00",10,0,"Thursday","Serious",1,"Serious","Pedestrian","Pedestrian","Male",80,"Unclassified","Single carriageway",50,"Unclassified","On footway or verge","Unknown or other",422322,433400,"E01011612",1,"Private drive or entrance","Daylight","Fine no high winds","Dry","Pedestrian"
"3884","20151327F0537",2015-07-16,2015,"Jul",16,"10:29",10,29,"Thursday","Slight",1,"Slight","Car occupant","Driver or rider","Female",31,"Unclassified","Single carriageway",30,NA,"Not a Pedestrian","Not a Pedestrian",428289,432860,"E01011363",2,"Not at junction or within 20 metres","Daylight","Fine no high winds","Dry","Car occupant"
"3885","20151327G0775",2015-07-16,2015,"Jul",16,"13:06",13,6,"Thursday","Slight",1,"Slight","Pedestrian","Pedestrian","Female",41,"A","Single carriageway",30,NA,"In carriageway, crossing elsewhere","Crossing from driver's nearside",430351,425089,"E01011537",1,"Not at junction or within 20 metres","Daylight","Fine no high winds","Dry","Pedestrian"
"3886","20151327G1075",2015-07-16,2015,"Jul",16,"15:40",15,40,"Thursday","Slight",1,"Slight","Motorcycle over 500cc rider or passenger","Driver or rider","Male",58,"Unclassified","Single carriageway",30,NA,"Not a Pedestrian","Not a Pedestrian",427292,433460,"E01011293",1,"Not at junction or within 20 metres","Daylight","Fine no high winds","Dry","Motorcyclist and pillion"
"3887","20151327G1994",2015-07-16,2015,"Jul",16,"16:30",16,30,"Thursday","Slight",1,"Slight","Cyclist","Driver or rider","Male",10,"Unclassified","Single carriageway",20,NA,"Not a Pedestrian","Not a Pedestrian",427133,427915,"E01032489",2,"Not at junction or within 20 metres","Daylight","Fine no high winds","Dry","Cyclist"
"3888","20151327G1317",2015-07-16,2015,"Jul",16,"17:32",17,32,"Thursday","Slight",1,"Slight","Motorcycle over 500cc rider or passenger","Driver or rider","Female",47,"A","Slip road",70,"B","Not a Pedestrian","Not a Pedestrian",422300,433933,"E01011610",1,"Slip road","Darkness - lights unlit","Fine no high winds","Dry","Motorcyclist and pillion"
"3889","20151327G1419",2015-07-16,2015,"Jul",16,"18:23",18,23,"Thursday","Slight",1,"Slight","Cyclist","Driver or rider","Male",42,"Unclassified","Single carriageway",30,"A","Not a Pedestrian","Not a Pedestrian",427127,434793,"E01011482",2,"T or staggered junction","Daylight","Fine no high winds","Dry","Cyclist"
"3890","20151327H0716",2015-07-17,2015,"Jul",17,"06:40",6,40,"Friday","Slight",1,"Slight","Car occupant","Driver or rider","Female",46,"B","Single carriageway",30,"Unclassified","Not a Pedestrian","Not a Pedestrian",420851,439838,"E01011278",2,"T or staggered junction","Daylight","Fine no high winds","Dry","Car occupant"
"3891","20151327H0318",2015-07-17,2015,"Jul",17,"08:41",8,41,"Friday","Slight",1,"Slight","Car occupant","Driver or rider","Male",58,"Unclassified","Single carriageway",30,NA,"Not a Pedestrian","Not a Pedestrian",431244,434574,"E01033031",4,"Not at junction or within 20 metres","Daylight","Fine no high winds","Dry","Car occupant"
"3892","20151327H0509",2015-07-17,2015,"Jul",17,"09:45",9,45,"Friday","Slight",1,"Slight","Pedestrian","Pedestrian","Male",24,"Unclassified","Single carriageway",30,"Unclassified","In carriageway, crossing elsewhere","Crossing from driver's nearside",431062,428241,"E01011490",1,"T or staggered junction","Daylight","Fine no high winds","Wet or damp","Pedestrian"
"3893","20151327H1025",2015-07-17,2015,"Jul",17,"15:50",15,50,"Friday","Slight",1,"Slight","Bus or coach occupant (17 or more pass seats)","Passenger","Female",40,"Unclassified","Single carriageway",40,NA,"Not a Pedestrian","Not a Pedestrian",431214,433667,"E01033021",1,"Not at junction or within 20 metres","Daylight","Fine no high winds","Dry","Bus and goods vehicle occupant"
"3894","20151327H1744",2015-07-17,2015,"Jul",17,"16:00",16,0,"Friday","Slight",1,"Slight","Pedestrian","Pedestrian","Female",13,"Unclassified","Single carriageway",30,NA,"In carriageway, crossing elsewhere","Crossing from offside - masked by  parked or stationary vehicle",430306,439336,"E01011558",1,"Not at junction or within 20 metres","Daylight","Fine no high winds","Dry","Pedestrian"
"3895","20151327H1249",2015-07-17,2015,"Jul",17,"17:40",17,40,"Friday","Serious",1,"Serious","Pedestrian","Pedestrian","Male",7,"Unclassified","Single carriageway",30,NA,"In carriageway, crossing elsewhere","Crossing from nearside - masked by parked or stationary vehicle",422391,434767,"E01011335",1,"Not at junction or within 20 metres","Daylight","Fine no high winds","Dry","Pedestrian"
"3896","20151327I0202",2015-07-18,2015,"Jul",18,"02:00",2,0,"Saturday","Slight",1,"Slight","Car occupant","Driver or rider","Male",21,"Unclassified","Single carriageway",30,NA,"Not a Pedestrian","Not a Pedestrian",431644,437780,"E01011654",1,"Not at junction or within 20 metres","Darkness - lights lit","Fine no high winds","Dry","Car occupant"
"3897","20151327I0646",2015-07-18,2015,"Jul",18,"11:32",11,32,"Saturday","Slight",1,"Slight","Cyclist","Driver or rider","Male",36,"Unclassified","Single carriageway",60,NA,"Not a Pedestrian","Not a Pedestrian",427589,440838,"E01011554",2,"Not at junction or within 20 metres","Daylight","Fine no high winds","Dry","Cyclist"
"3898","20151327G0615",2015-07-18,2015,"Jul",18,"11:51",11,51,"Saturday","Slight",1,"Slight","Pedestrian","Pedestrian","Male",10,"Unclassified","Single carriageway",30,NA,"In carriageway, not crossing","Unknown or other",422291,428606,"E01011521",1,"Not at junction or within 20 metres","Daylight","Fine no high winds","Dry","Pedestrian"
"3899","20151327I1438",2015-07-18,2015,"Jul",18,"16:30",16,30,"Saturday","Slight",1,"Slight","Pedestrian","Pedestrian","Female",2,"Unclassified","Single carriageway",30,NA,"In carriageway, crossing elsewhere","Crossing from driver's offside",432245,435440,"E01011430",1,"Not at junction or within 20 metres","Daylight","Fine no high winds","Dry","Pedestrian"
"3900","20151327I1804",2015-07-18,2015,"Jul",18,"23:00",23,0,"Saturday","Slight",1,"Slight","Pedestrian","Pedestrian","Male",37,"A","Dual carriageway",30,"Unclassified","In carriageway, crossing elsewhere","Crossing from driver's offside",430952,433295,"E01033033",1,"Other junction","Darkness - lights lit","Fine no high winds","Dry","Pedestrian"
"3901","20151327J0612",2015-07-19,2015,"Jul",19,"09:10",9,10,"Sunday","Slight",1,"Slight","Pedestrian","Pedestrian","Male",40,"Unclassified","Single carriageway",30,NA,"In carriageway, not crossing","In carriageway, stationary - not crossing  (standing or playing)",422306,433316,"E01011612",1,"Not at junction or within 20 metres","Daylight","Fine no high winds","Dry","Pedestrian"
"3902","20151327J0860",2015-07-19,2015,"Jul",19,"12:48",12,48,"Sunday","Slight",1,"Slight","Pedestrian","Pedestrian","Female",49,"Unclassified","Unknown",20,NA,"Unknown or other","Unknown or other",440810,433663,"E01011396",1,"Not at junction or within 20 metres","Daylight","Fine no high winds","Dry","Pedestrian"
"3903","20151327J1050",2015-07-19,2015,"Jul",19,"14:56",14,56,"Sunday","Slight",1,"Slight","Car occupant","Driver or rider","Female",22,"Motorway","Dual carriageway",70,"Motorway","Not a Pedestrian","Not a Pedestrian",432300,425980,"E01011499",1,"Other junction","Daylight","Fine no high winds","Dry","Car occupant"
"3904","20151327J1015",2015-07-19,2015,"Jul",19,"16:40",16,40,"Sunday","Slight",1,"Slight","Motorcycle over 500cc rider or passenger","Driver or rider","Male",64,"A","Roundabout",40,"A","Not a Pedestrian","Not a Pedestrian",436119,435559,"E01011406",2,"Roundabout","Daylight","Fine no high winds","Dry","Motorcyclist and pillion"
"3905","20151327J1439",2015-07-19,2015,"Jul",19,"19:08",19,8,"Sunday","Slight",1,"Slight","Pedestrian","Pedestrian","Male",8,"Unclassified","Unknown",30,NA,"Unknown or other","Crossing from offside - masked by  parked or stationary vehicle",430147,431774,"E01011364",1,"Not at junction or within 20 metres","Daylight","Fine no high winds","Dry","Pedestrian"
"3906","20151327K0625",2015-07-20,2015,"Jul",20,"07:45",7,45,"Monday","Slight",1,"Slight","Cyclist","Driver or rider","Male",42,"A","Single carriageway",40,"Unclassified","Not a Pedestrian","Not a Pedestrian",425017,428919,"E01011522",2,"T or staggered junction","Daylight","Fine no high winds","Dry","Cyclist"
"3907","20151327K0311",2015-07-20,2015,"Jul",20,"08:00",8,0,"Monday","Slight",2,"Slight","Car occupant","Driver or rider","Female",51,"A","Single carriageway",30,"Unclassified","Not a Pedestrian","Not a Pedestrian",431505,435130,"E01011673",2,"T or staggered junction","Daylight","Fine no high winds","Dry","Car occupant"
"3908","20151327K0311",2015-07-20,2015,"Jul",20,"08:00",8,0,"Monday","Slight",2,"Slight","Car occupant","Driver or rider","Male",22,"A","Single carriageway",30,"Unclassified","Not a Pedestrian","Not a Pedestrian",431505,435130,"E01011673",2,"T or staggered junction","Daylight","Fine no high winds","Dry","Car occupant"
"3909","20151327K0401",2015-07-20,2015,"Jul",20,"09:09",9,9,"Monday","Slight",1,"Slight","Cyclist","Driver or rider","Male",43,"Unclassified","Single carriageway",30,"Unclassified","Not a Pedestrian","Not a Pedestrian",432328,434754,"E01011433",2,"T or staggered junction","Daylight","Fine no high winds","Dry","Cyclist"
"3910","20151327K0528",2015-07-20,2015,"Jul",20,"10:42",10,42,"Monday","Slight",1,"Slight","Car occupant","Driver or rider","Female",69,"A","Single carriageway",60,NA,"Not a Pedestrian","Not a Pedestrian",421084,435303,"E01011590",2,"Not at junction or within 20 metres","Daylight","Fine no high winds","Dry","Car occupant"
"3911","20151327K0579",2015-07-20,2015,"Jul",20,"11:16",11,16,"Monday","Fatal",1,"Fatal","Car occupant","Driver or rider","Male",83,"A","Single carriageway",30,"A","Not a Pedestrian","Not a Pedestrian",424262,445380,"E01011570",2,"T or staggered junction","Daylight","Fine no high winds","Dry","Car occupant"
"3912","20151327K0724",2015-07-20,2015,"Jul",20,"13:45",13,45,"Monday","Slight",1,"Slight","Cyclist","Driver or rider","Male",42,"A","Single carriageway",30,"A","Not a Pedestrian","Not a Pedestrian",426804,438039,"E01011687",2,"Roundabout","Daylight","Fine no high winds","Dry","Cyclist"
"3913","20151327K0878",2015-07-20,2015,"Jul",20,"14:15",14,15,"Monday","Serious",1,"Serious","Cyclist","Driver or rider","Male",58,"A","Dual carriageway",40,"Unclassified","Not a Pedestrian","Not a Pedestrian",430650,438919,"E01011512",2,"Private drive or entrance","Daylight","Fine no high winds","Dry","Cyclist"
"3914","20151327K0916",2015-07-20,2015,"Jul",20,"14:30",14,30,"Monday","Slight",1,"Slight","Pedestrian","Pedestrian","Male",69,"Unclassified","Single carriageway",30,"Unclassified","Unknown or other","Unknown or other",430026,431772,"E01011371",1,"Other junction","Daylight","Fine no high winds","Dry","Pedestrian"
"3915","20151327K1130",2015-07-20,2015,"Jul",20,"16:35",16,35,"Monday","Slight",3,"Slight","Car occupant","Driver or rider","Male",18,"B","Single carriageway",60,NA,"Not a Pedestrian","Not a Pedestrian",421271,436328,"E01011588",1,"Not at junction or within 20 metres","Daylight","Fine no high winds","Dry","Car occupant"
"3916","20151327K1130",2015-07-20,2015,"Jul",20,"16:35",16,35,"Monday","Slight",3,"Slight","Car occupant","Passenger","Male",17,"B","Single carriageway",60,NA,"Not a Pedestrian","Not a Pedestrian",421271,436328,"E01011588",1,"Not at junction or within 20 metres","Daylight","Fine no high winds","Dry","Car occupant"
"3917","20151327K1130",2015-07-20,2015,"Jul",20,"16:35",16,35,"Monday","Slight",3,"Slight","Car occupant","Passenger","Male",15,"B","Single carriageway",60,NA,"Not a Pedestrian","Not a Pedestrian",421271,436328,"E01011588",1,"Not at junction or within 20 metres","Daylight","Fine no high winds","Dry","Car occupant"
"3918","20151327L0738",2015-07-21,2015,"Jul",21,"12:52",12,52,"Tuesday","Slight",1,"Slight","Bus or coach occupant (17 or more pass seats)","Passenger","Female",52,"Unclassified","Single carriageway",30,NA,"Not a Pedestrian","Not a Pedestrian",430483,427501,"E01011492",2,"Not at junction or within 20 metres","Daylight","Fine no high winds","Dry","Bus and goods vehicle occupant"
"3919","20151327L1198",2015-07-21,2015,"Jul",21,"16:00",16,0,"Tuesday","Slight",1,"Slight","Car occupant","Driver or rider","Female",84,"Unclassified","One way street",30,"Unclassified","Not a Pedestrian","Not a Pedestrian",427774,436226,"E01011440",2,"T or staggered junction","Daylight","Unknown","Dry","Car occupant"
"3920","20151327L1209",2015-07-21,2015,"Jul",21,"18:30",18,30,"Tuesday","Slight",1,"Slight","Car occupant","Driver or rider","Male",31,"Unclassified","Single carriageway",20,NA,"Not a Pedestrian","Not a Pedestrian",429518,430389,"E01011316",3,"Not at junction or within 20 metres","Daylight","Fine no high winds","Dry","Car occupant"
"3921","20151327L1304",2015-07-21,2015,"Jul",21,"19:30",19,30,"Tuesday","Slight",2,"Slight","Car occupant","Driver or rider","Male",31,"Unclassified","Single carriageway",30,"Unclassified","Not a Pedestrian","Not a Pedestrian",433191,433961,"E01011617",2,"Private drive or entrance","Daylight","Unknown","Dry","Car occupant"
"3922","20151327L1304",2015-07-21,2015,"Jul",21,"19:30",19,30,"Tuesday","Slight",2,"Slight","Car occupant","Passenger","Female",30,"Unclassified","Single carriageway",30,"Unclassified","Not a Pedestrian","Not a Pedestrian",433191,433961,"E01011617",2,"Private drive or entrance","Daylight","Unknown","Dry","Car occupant"
"3923","20151327M0694",2015-07-22,2015,"Jul",22,"12:56",12,56,"Wednesday","Slight",1,"Slight","Car occupant","Driver or rider","Female",41,"Unclassified","Single carriageway",30,"Unclassified","Not a Pedestrian","Not a Pedestrian",431450,435825,"E01011359",4,"T or staggered junction","Daylight","Fine no high winds","Wet or damp","Car occupant"
"3924","20151327M1604",2015-07-22,2015,"Jul",22,"15:15",15,15,"Wednesday","Slight",1,"Slight","Bus or coach occupant (17 or more pass seats)","Passenger","Female",46,"Unclassified","Single carriageway",30,NA,"Not a Pedestrian","Not a Pedestrian",429147,431787,"E01011368",1,"Not at junction or within 20 metres","Daylight","Fine no high winds","Dry","Bus and goods vehicle occupant"
"3925","20151327M1240",2015-07-22,2015,"Jul",22,"17:40",17,40,"Wednesday","Slight",3,"Slight","Bus or coach occupant (17 or more pass seats)","Passenger","Female",21,"Unclassified","Roundabout",30,"Unclassified","Not a Pedestrian","Not a Pedestrian",435034,435829,"E01011660",2,"Roundabout","Daylight","Fine no high winds","Dry","Bus and goods vehicle occupant"
"3926","20151327M1240",2015-07-22,2015,"Jul",22,"17:40",17,40,"Wednesday","Slight",3,"Slight","Bus or coach occupant (17 or more pass seats)","Passenger","Female",15,"Unclassified","Roundabout",30,"Unclassified","Not a Pedestrian","Not a Pedestrian",435034,435829,"E01011660",2,"Roundabout","Daylight","Fine no high winds","Dry","Bus and goods vehicle occupant"
"3927","20151327M1240",2015-07-22,2015,"Jul",22,"17:40",17,40,"Wednesday","Slight",3,"Slight","Bus or coach occupant (17 or more pass seats)","Passenger","Female",44,"Unclassified","Roundabout",30,"Unclassified","Not a Pedestrian","Not a Pedestrian",435034,435829,"E01011660",2,"Roundabout","Daylight","Fine no high winds","Dry","Bus and goods vehicle occupant"
"3928","20151327N0621",2015-07-23,2015,"Jul",23,"12:15",12,15,"Thursday","Slight",1,"Slight","Cyclist","Driver or rider","Female",57,"Unclassified","Single carriageway",60,NA,"Not a Pedestrian","Not a Pedestrian",443271,438960,"E01011309",2,"Not at junction or within 20 metres","Daylight","Fine no high winds","Dry","Cyclist"
"3929","20151327N0777",2015-07-23,2015,"Jul",23,"13:50",13,50,"Thursday","Slight",1,"Slight","Car occupant","Passenger","Female",20,"A","Single carriageway",30,"Unclassified","Not a Pedestrian","Not a Pedestrian",420931,439497,"E01011580",2,"T or staggered junction","Daylight","Fine no high winds","Dry","Car occupant"
"3930","20151327N1484",2015-07-23,2015,"Jul",23,"19:39",19,39,"Thursday","Slight",1,"Slight","Car occupant","Passenger","Female",66,"A(M)","Dual carriageway",70,NA,"Not a Pedestrian","Not a Pedestrian",440450,446823,"E01011704",2,"Not at junction or within 20 metres","Daylight","Fine no high winds","Dry","Car occupant"
"3931","20151327N1788",2015-07-23,2015,"Jul",23,"22:00",22,0,"Thursday","Slight",2,"Slight","Car occupant","Driver or rider","Female",23,"Motorway","Dual carriageway",70,NA,"Not a Pedestrian","Not a Pedestrian",428487,426413,"E01011538",4,"Not at junction or within 20 metres","Darkness - lights lit","Fine no high winds","Dry","Car occupant"
"3932","20151327N1788",2015-07-23,2015,"Jul",23,"22:00",22,0,"Thursday","Slight",2,"Slight","Car occupant","Driver or rider","Male",50,"Motorway","Dual carriageway",70,NA,"Not a Pedestrian","Not a Pedestrian",428487,426413,"E01011538",4,"Not at junction or within 20 metres","Darkness - lights lit","Fine no high winds","Dry","Car occupant"
"3933","20151327O0249",2015-07-24,2015,"Jul",24,"07:30",7,30,"Friday","Slight",1,"Slight","Pedestrian","Pedestrian","Male",22,"B","Single carriageway",30,"Unclassified","In carriageway, crossing elsewhere","Crossing from offside - masked by  parked or stationary vehicle",428128,432798,"E01011363",1,"T or staggered junction","Daylight","Fine no high winds","Dry","Pedestrian"
"3934","20151327O0273",2015-07-24,2015,"Jul",24,"08:30",8,30,"Friday","Slight",2,"Slight","Car occupant","Driver or rider","Female",30,"Motorway","Dual carriageway",50,"Motorway","Not a Pedestrian","Not a Pedestrian",435915,425861,"E01011636",2,"Slip road","Daylight","Fine no high winds","Dry","Car occupant"
"3935","20151327O0273",2015-07-24,2015,"Jul",24,"08:30",8,30,"Friday","Slight",2,"Slight","Car occupant","Passenger","Female",30,"Motorway","Dual carriageway",50,"Motorway","Not a Pedestrian","Not a Pedestrian",435915,425861,"E01011636",2,"Slip road","Daylight","Fine no high winds","Dry","Car occupant"
"3936","20151327O0307",2015-07-24,2015,"Jul",24,"08:30",8,30,"Friday","Slight",3,"Slight","Car occupant","Driver or rider","Female",57,"A","Dual carriageway",30,"Unclassified","Not a Pedestrian","Not a Pedestrian",436181,434389,"E01011408",2,"T or staggered junction","Daylight","Fine no high winds","Dry","Car occupant"
"3937","20151327O0307",2015-07-24,2015,"Jul",24,"08:30",8,30,"Friday","Slight",3,"Slight","Car occupant","Driver or rider","Female",50,"A","Dual carriageway",30,"Unclassified","Not a Pedestrian","Not a Pedestrian",436181,434389,"E01011408",2,"T or staggered junction","Daylight","Fine no high winds","Dry","Car occupant"
"3938","20151327O0307",2015-07-24,2015,"Jul",24,"08:30",8,30,"Friday","Slight",3,"Slight","Car occupant","Passenger","Female",29,"A","Dual carriageway",30,"Unclassified","Not a Pedestrian","Not a Pedestrian",436181,434389,"E01011408",2,"T or staggered junction","Daylight","Fine no high winds","Dry","Car occupant"
"3939","20151327O0704",2015-07-24,2015,"Jul",24,"12:30",12,30,"Friday","Slight",1,"Slight","Car occupant","Driver or rider","Male",65,"Unclassified","One way street",30,"Unclassified","Not a Pedestrian","Not a Pedestrian",431553,439563,"E01011568",2,"T or staggered junction","Daylight","Fine no high winds","Dry","Car occupant"
"3940","20151327O1253",2015-07-24,2015,"Jul",24,"17:20",17,20,"Friday","Slight",1,"Slight","Motorcycle over 500cc rider or passenger","Driver or rider","Male",30,"Motorway","Dual carriageway",70,NA,"Not a Pedestrian","Not a Pedestrian",431215,424833,"E01011537",2,"Not at junction or within 20 metres","Daylight","Fine no high winds","Dry","Motorcyclist and pillion"
"3941","20151327O1290",2015-07-24,2015,"Jul",24,"17:37",17,37,"Friday","Slight",1,"Slight","Cyclist","Driver or rider","Male",40,"A","Single carriageway",30,"Unclassified","Not a Pedestrian","Not a Pedestrian",427945,436116,"E01011451",2,"T or staggered junction","Daylight","Fine no high winds","Dry","Cyclist"
"3942","20151327O1823",2015-07-24,2015,"Jul",24,"21:55",21,55,"Friday","Slight",1,"Slight","Bus or coach occupant (17 or more pass seats)","Passenger","Female",49,"Unclassified","Dual carriageway",30,NA,"Not a Pedestrian","Not a Pedestrian",433427,434919,"E01011342",1,"Not at junction or within 20 metres","Darkness - lights lit","Fine no high winds","Dry","Bus and goods vehicle occupant"
"3943","20151327P1820",2015-07-25,2015,"Jul",25,"23:22",23,22,"Saturday","Slight",1,"Slight","Bus or coach occupant (17 or more pass seats)","Passenger","Female",38,"Unclassified","Single carriageway",30,"Unclassified","Not a Pedestrian","Not a Pedestrian",430065,433775,"E01033010",2,"Crossroads","Darkness - lights lit","Fine no high winds","Dry","Bus and goods vehicle occupant"
"3944","20151327Q0787",2015-07-26,2015,"Jul",26,"12:30",12,30,"Sunday","Slight",1,"Slight","Pedestrian","Pedestrian","Male",6,"A","Dual carriageway",40,NA,"In carriageway, crossing elsewhere","Crossing from driver's nearside",432110,433583,"E01011623",1,"Not at junction or within 20 metres","Daylight","Other","Dry","Pedestrian"
"3945","20151327R0471",2015-07-27,2015,"Jul",27,"09:00",9,0,"Monday","Slight",1,"Slight","Cyclist","Driver or rider","Male",35,"A","Single carriageway",30,NA,"Not a Pedestrian","Not a Pedestrian",426626,435088,"E01011477",2,"Not at junction or within 20 metres","Daylight","Fine no high winds","Dry","Cyclist"
"3946","20151327R0641",2015-07-27,2015,"Jul",27,"12:50",12,50,"Monday","Slight",1,"Slight","Mobility scooter rider","Driver or rider","Female",74,"Unclassified","Single carriageway",30,NA,"Not a Pedestrian","Not a Pedestrian",433804,434635,"E01011346",2,"Not at junction or within 20 metres","Daylight","Fine no high winds","Dry","Others"
"3947","20151327R0928",2015-07-27,2015,"Jul",27,"14:34",14,34,"Monday","Serious",1,"Serious","Car occupant","Driver or rider","Male",29,"A","Dual carriageway",40,NA,"Not a Pedestrian","Not a Pedestrian",434027,436677,"E01011644",1,"Not at junction or within 20 metres","Daylight","Raining no high winds","Wet or damp","Car occupant"
"3948","20151327R1121",2015-07-27,2015,"Jul",27,"17:21",17,21,"Monday","Slight",1,"Slight","Car occupant","Driver or rider","Male",41,"Motorway","Dual carriageway",50,NA,"Not a Pedestrian","Not a Pedestrian",430523,431270,"E01011374",2,"Not at junction or within 20 metres","Daylight","Raining no high winds","Wet or damp","Car occupant"
"3949","20151327S1433",2015-07-28,2015,"Jul",28,"11:54",11,54,"Tuesday","Slight",1,"Slight","Car occupant","Driver or rider","Male",49,"B","Single carriageway",30,NA,"Not a Pedestrian","Not a Pedestrian",420347,434208,"E01011597",2,"Not at junction or within 20 metres","Daylight","Fine no high winds","Dry","Car occupant"
"3950","20151327S0699",2015-07-28,2015,"Jul",28,"13:25",13,25,"Tuesday","Slight",1,"Slight","Car occupant","Passenger","Male",77,"A","Dual carriageway",40,NA,"Not a Pedestrian","Not a Pedestrian",431031,440331,"E01011563",3,"Not at junction or within 20 metres","Daylight","Raining no high winds","Wet or damp","Car occupant"
"3951","20151327S1173",2015-07-28,2015,"Jul",28,"17:27",17,27,"Tuesday","Serious",1,"Serious","Cyclist","Driver or rider","Male",46,"Unclassified","Single carriageway",30,"Unclassified","Not a Pedestrian","Not a Pedestrian",419577,446222,"E01011582",2,"T or staggered junction","Daylight","Fine no high winds","Dry","Cyclist"
"3952","20151327S1361",2015-07-28,2015,"Jul",28,"19:32",19,32,"Tuesday","Slight",2,"Slight","Car occupant","Driver or rider","Female",44,"Unclassified","Single carriageway",30,NA,"Not a Pedestrian","Not a Pedestrian",430901,436183,"E01011356",2,"Not at junction or within 20 metres","Daylight","Fine no high winds","Dry","Car occupant"
"3953","20151327S1361",2015-07-28,2015,"Jul",28,"19:32",19,32,"Tuesday","Slight",2,"Slight","Cyclist","Driver or rider","Male",42,"Unclassified","Single carriageway",30,NA,"Not a Pedestrian","Not a Pedestrian",430901,436183,"E01011356",2,"Not at junction or within 20 metres","Daylight","Fine no high winds","Dry","Cyclist"
"3954","20151327G1202",2015-07-29,2015,"Jul",29,"07:15",7,15,"Wednesday","Serious",1,"Serious","Cyclist","Driver or rider","Male",47,"B","Single carriageway",30,"Unclassified","Not a Pedestrian","Not a Pedestrian",422345,434594,"E01011335",2,"T or staggered junction","Daylight","Fine no high winds","Dry","Cyclist"
"3955","20151327T0613",2015-07-29,2015,"Jul",29,"07:30",7,30,"Wednesday","Slight",1,"Slight","Cyclist","Driver or rider","Male",30,"Unclassified","Single carriageway",30,NA,"Not a Pedestrian","Not a Pedestrian",424141,437535,"E01011462",2,"Not at junction or within 20 metres","Daylight","Fine no high winds","Dry","Cyclist"
"3956","20151327T0647",2015-07-29,2015,"Jul",29,"12:40",12,40,"Wednesday","Slight",3,"Slight","Car occupant","Driver or rider","Female",27,"Unclassified","Single carriageway",60,NA,"Not a Pedestrian","Not a Pedestrian",439673,430309,"E01011392",2,"Not at junction or within 20 metres","Daylight","Fine no high winds","Dry","Car occupant"
"3957","20151327T0647",2015-07-29,2015,"Jul",29,"12:40",12,40,"Wednesday","Slight",3,"Slight","Car occupant","Driver or rider","Female",21,"Unclassified","Single carriageway",60,NA,"Not a Pedestrian","Not a Pedestrian",439673,430309,"E01011392",2,"Not at junction or within 20 metres","Daylight","Fine no high winds","Dry","Car occupant"
"3958","20151327T0647",2015-07-29,2015,"Jul",29,"12:40",12,40,"Wednesday","Slight",3,"Slight","Car occupant","Passenger","Female",57,"Unclassified","Single carriageway",60,NA,"Not a Pedestrian","Not a Pedestrian",439673,430309,"E01011392",2,"Not at junction or within 20 metres","Daylight","Fine no high winds","Dry","Car occupant"
"3959","20151327T1138",2015-07-29,2015,"Jul",29,"17:08",17,8,"Wednesday","Slight",1,"Slight","Cyclist","Driver or rider","Male",32,"Unclassified","Single carriageway",30,"Unclassified","Not a Pedestrian","Not a Pedestrian",430641,430781,"E01011468",2,"Private drive or entrance","Daylight","Fine no high winds","Dry","Cyclist"
"3960","20151327T1261",2015-07-29,2015,"Jul",29,"18:00",18,0,"Wednesday","Slight",1,"Slight","Cyclist","Driver or rider","Male",38,"Unclassified","Single carriageway",30,NA,"Not a Pedestrian","Not a Pedestrian",426963,439789,"E01011380",2,"Not at junction or within 20 metres","Daylight","Fine no high winds","Dry","Cyclist"
"3961","20151327T1284",2015-07-29,2015,"Jul",29,"18:00",18,0,"Wednesday","Slight",1,"Slight","Car occupant","Driver or rider","Male",31,"B","Roundabout",30,NA,"Not a Pedestrian","Not a Pedestrian",431523,436212,"E01011359",2,"Not at junction or within 20 metres","Daylight","Fine no high winds","Dry","Car occupant"
"3962","20151327U0211",2015-07-30,2015,"Jul",30,"06:34",6,34,"Thursday","Slight",1,"Slight","Cyclist","Driver or rider","Male",34,"A","Roundabout",30,"Unclassified","Not a Pedestrian","Not a Pedestrian",421565,428479,"E01011527",2,"Roundabout","Daylight","Fine no high winds","Dry","Cyclist"
"3963","20151327U0228",2015-07-30,2015,"Jul",30,"07:00",7,0,"Thursday","Slight",2,"Slight","Car occupant","Driver or rider","Female",28,"Unclassified","Single carriageway",30,"Unclassified","Not a Pedestrian","Not a Pedestrian",431402,435029,"E01011673",2,"Crossroads","Daylight","Fine no high winds","Wet or damp","Car occupant"