"","accident_index","date","year","month","day","time","time_hour","time_minute","day_of_week","accident_severity","number_of_casualties","casualty_severity","casualty_type","casualty_class","sex_of_casualty","age_of_casualty","first_road_class","road_type","speed_limit","second_road_class","pedestrian_location","pedestrian_movement","location_easting_osgr","location_northing_osgr","lsoa_of_accident_location","number_of_vehicles","junction_detail","light_conditions","weather_conditions","road_surface_conditions","cas_type"
"3964","20151327U0228",2015-07-30,2015,"Jul",30,"07:00",7,0,"Thursday","Slight",2,"Slight","Car occupant","Driver or rider","Female",25,"Unclassified","Single carriageway",30,"Unclassified","Not a Pedestrian","Not a Pedestrian",431402,435029,"E01011673",2,"Crossroads","Daylight","Fine no high winds","Wet or damp","Car occupant"
"3965","20151327U0988",2015-07-30,2015,"Jul",30,"08:30",8,30,"Thursday","Serious",1,"Serious","Cyclist","Driver or rider","Male",42,"Unclassified","Single carriageway",30,NA,"Not a Pedestrian","Not a Pedestrian",429921,433321,"E01033016",2,"Not at junction or within 20 metres","Daylight","Fine no high winds","Dry","Cyclist"
"3966","20151327U0329",2015-07-30,2015,"Jul",30,"09:15",9,15,"Thursday","Serious",1,"Serious","Goods vehicle (7.5 tonnes mgw and over) occupant","Driver or rider","Male",56,"Motorway","Dual carriageway",70,NA,"Not a Pedestrian","Not a Pedestrian",433725,429723,"E01011639",3,"Not at junction or within 20 metres","Daylight","Fine no high winds","Dry","Bus and goods vehicle occupant"
"3967","20151327U1294",2015-07-30,2015,"Jul",30,"14:00",14,0,"Thursday","Slight",1,"Slight","Car occupant","Driver or rider","Male",25,"A","Dual carriageway",30,NA,"Not a Pedestrian","Not a Pedestrian",429379,430162,"E01011319",2,"Not at junction or within 20 metres","Daylight","Fine no high winds","Dry","Car occupant"
"3968","20151327U0867",2015-07-30,2015,"Jul",30,"15:00",15,0,"Thursday","Slight",1,"Slight","Pedestrian","Pedestrian","Female",23,"Unclassified","Single carriageway",30,NA,"Unknown or other","Crossing from driver's nearside",432732,435740,"E01011424",1,"Not at junction or within 20 metres","Daylight","Fine no high winds","Wet or damp","Pedestrian"
"3969","20151327U0904",2015-07-30,2015,"Jul",30,"15:30",15,30,"Thursday","Slight",2,"Slight","Car occupant","Driver or rider","Male",22,"Unclassified","Single carriageway",30,"Unclassified","Not a Pedestrian","Not a Pedestrian",431419,434088,"E01033035",2,"Crossroads","Daylight","Fine no high winds","Dry","Car occupant"
"3970","20151327U0904",2015-07-30,2015,"Jul",30,"15:30",15,30,"Thursday","Slight",2,"Slight","Car occupant","Passenger","Male",8,"Unclassified","Single carriageway",30,"Unclassified","Not a Pedestrian","Not a Pedestrian",431419,434088,"E01033035",2,"Crossroads","Daylight","Fine no high winds","Dry","Car occupant"
"3971","20151327U1334",2015-07-30,2015,"Jul",30,"18:30",18,30,"Thursday","Slight",2,"Slight","Car occupant","Driver or rider","Female",25,"A","Dual carriageway",40,"Unclassified","Not a Pedestrian","Not a Pedestrian",427452,431884,"E01011734",3,"Other junction","Daylight","Fine no high winds","Dry","Car occupant"
"3972","20151327U1334",2015-07-30,2015,"Jul",30,"18:30",18,30,"Thursday","Slight",2,"Slight","Car occupant","Driver or rider","Male",44,"A","Dual carriageway",40,"Unclassified","Not a Pedestrian","Not a Pedestrian",427452,431884,"E01011734",3,"Other junction","Daylight","Fine no high winds","Dry","Car occupant"
"3973","20151327U1601",2015-07-30,2015,"Jul",30,"20:59",20,59,"Thursday","Serious",1,"Serious","Cyclist","Driver or rider","Male",31,"A","Dual carriageway",40,NA,"Not a Pedestrian","Not a Pedestrian",434612,431472,"E01011624",2,"Not at junction or within 20 metres","Daylight","Fine no high winds","Dry","Cyclist"
"3974","20151327V1148",2015-07-31,2015,"Jul",31,"17:08",17,8,"Friday","Slight",1,"Slight","Car occupant","Driver or rider","Male",30,"Unclassified","Single carriageway",30,NA,"Not a Pedestrian","Not a Pedestrian",424883,434415,"E01032606",2,"Not at junction or within 20 metres","Daylight","Fine no high winds","Dry","Car occupant"
"3975","20151327V1231",2015-07-31,2015,"Jul",31,"17:50",17,50,"Friday","Slight",1,"Slight","Cyclist","Driver or rider","Male",6,"Unclassified","Single carriageway",30,NA,"Not a Pedestrian","Not a Pedestrian",434648,437187,"E01011656",2,"Not at junction or within 20 metres","Daylight","Fine no high winds","Dry","Cyclist"
"3976","20151327V1244",2015-07-31,2015,"Jul",31,"17:55",17,55,"Friday","Slight",1,"Slight","Pedestrian","Pedestrian","Male",10,"A","Single carriageway",40,NA,"In carriageway, crossing elsewhere","Crossing from offside - masked by  parked or stationary vehicle",435832,436503,"E01011661",1,"Not at junction or within 20 metres","Daylight","Fine no high winds","Dry","Pedestrian"
"3977","20151327V1378",2015-07-31,2015,"Jul",31,"19:07",19,7,"Friday","Slight",1,"Slight","Car occupant","Driver or rider","Male",76,"Unclassified","Single carriageway",30,NA,"Not a Pedestrian","Not a Pedestrian",420596,440653,"E01011274",2,"Not at junction or within 20 metres","Daylight","Fine no high winds","Dry","Car occupant"
"3978","20151327V1507",2015-07-31,2015,"Jul",31,"20:15",20,15,"Friday","Slight",1,"Slight","Car occupant","Driver or rider","Female",23,"Unclassified","Single carriageway",30,NA,"Not a Pedestrian","Not a Pedestrian",419144,442193,"E01011279",2,"Not at junction or within 20 metres","Daylight","Fine no high winds","Dry","Car occupant"
"3979","20151327V1717",2015-07-31,2015,"Jul",31,"22:00",22,0,"Friday","Serious",5,"Serious","Car occupant","Driver or rider","Male",22,"A(M)","Dual carriageway",70,NA,"Not a Pedestrian","Not a Pedestrian",443636,436684,"E01011297",5,"Not at junction or within 20 metres","Darkness - lights lit","Fine no high winds","Dry","Car occupant"
"3980","20151327V1717",2015-07-31,2015,"Jul",31,"22:00",22,0,"Friday","Serious",5,"Slight","Car occupant","Passenger","Male",19,"A(M)","Dual carriageway",70,NA,"Not a Pedestrian","Not a Pedestrian",443636,436684,"E01011297",5,"Not at junction or within 20 metres","Darkness - lights lit","Fine no high winds","Dry","Car occupant"
"3981","20151327V1717",2015-07-31,2015,"Jul",31,"22:00",22,0,"Friday","Serious",5,"Slight","Bus or coach occupant (17 or more pass seats)","Passenger","Male",21,"A(M)","Dual carriageway",70,NA,"Not a Pedestrian","Not a Pedestrian",443636,436684,"E01011297",5,"Not at junction or within 20 metres","Darkness - lights lit","Fine no high winds","Dry","Bus and goods vehicle occupant"
"3982","20151327V1717",2015-07-31,2015,"Jul",31,"22:00",22,0,"Friday","Serious",5,"Slight","Bus or coach occupant (17 or more pass seats)","Passenger","Female",44,"A(M)","Dual carriageway",70,NA,"Not a Pedestrian","Not a Pedestrian",443636,436684,"E01011297",5,"Not at junction or within 20 metres","Darkness - lights lit","Fine no high winds","Dry","Bus and goods vehicle occupant"
"3983","20151327V1717",2015-07-31,2015,"Jul",31,"22:00",22,0,"Friday","Serious",5,"Slight","Bus or coach occupant (17 or more pass seats)","Passenger","Female",25,"A(M)","Dual carriageway",70,NA,"Not a Pedestrian","Not a Pedestrian",443636,436684,"E01011297",5,"Not at junction or within 20 metres","Darkness - lights lit","Fine no high winds","Dry","Bus and goods vehicle occupant"
"3984","2015132810380",2015-08-01,2015,"Aug",1,"05:45",5,45,"Saturday","Serious",4,"Serious","Taxi/Private hire car occupant","Driver or rider","Male",38,"Unclassified","Single carriageway",30,NA,"Not a Pedestrian","Not a Pedestrian",428880,440028,"E01011554",2,"Not at junction or within 20 metres","Daylight","Fine no high winds","Wet or damp","Car occupant"
"3985","2015132810380",2015-08-01,2015,"Aug",1,"05:45",5,45,"Saturday","Serious",4,"Slight","Taxi/Private hire car occupant","Driver or rider","Male",39,"Unclassified","Single carriageway",30,NA,"Not a Pedestrian","Not a Pedestrian",428880,440028,"E01011554",2,"Not at junction or within 20 metres","Daylight","Fine no high winds","Wet or damp","Car occupant"
"3986","2015132810380",2015-08-01,2015,"Aug",1,"05:45",5,45,"Saturday","Serious",4,"Serious","Taxi/Private hire car occupant","Passenger","Female",33,"Unclassified","Single carriageway",30,NA,"Not a Pedestrian","Not a Pedestrian",428880,440028,"E01011554",2,"Not at junction or within 20 metres","Daylight","Fine no high winds","Wet or damp","Car occupant"
"3987","2015132810380",2015-08-01,2015,"Aug",1,"05:45",5,45,"Saturday","Serious",4,"Serious","Taxi/Private hire car occupant","Passenger","Female",26,"Unclassified","Single carriageway",30,NA,"Not a Pedestrian","Not a Pedestrian",428880,440028,"E01011554",2,"Not at junction or within 20 metres","Daylight","Fine no high winds","Wet or damp","Car occupant"
"3988","2015132811197",2015-08-01,2015,"Aug",1,"17:02",17,2,"Saturday","Slight",3,"Slight","Car occupant","Passenger","Female",55,"A","Single carriageway",60,"Unclassified","Not a Pedestrian","Not a Pedestrian",433822,445036,"E01011708",2,"T or staggered junction","Daylight","Fine no high winds","Wet or damp","Car occupant"
"3989","2015132811197",2015-08-01,2015,"Aug",1,"17:02",17,2,"Saturday","Slight",3,"Slight","Car occupant","Driver or rider","Male",57,"A","Single carriageway",60,"Unclassified","Not a Pedestrian","Not a Pedestrian",433822,445036,"E01011708",2,"T or staggered junction","Daylight","Fine no high winds","Wet or damp","Car occupant"
"3990","2015132811197",2015-08-01,2015,"Aug",1,"17:02",17,2,"Saturday","Slight",3,"Slight","Car occupant","Driver or rider","Male",22,"A","Single carriageway",60,"Unclassified","Not a Pedestrian","Not a Pedestrian",433822,445036,"E01011708",2,"T or staggered junction","Daylight","Fine no high winds","Wet or damp","Car occupant"
"3991","2015132811294",2015-08-01,2015,"Aug",1,"18:00",18,0,"Saturday","Slight",1,"Slight","Car occupant","Passenger","Female",64,"Unclassified","Single carriageway",30,"Unclassified","Not a Pedestrian","Not a Pedestrian",440616,433553,"E01011400",2,"Other junction","Daylight","Fine no high winds","Dry","Car occupant"
"3992","2015132811362",2015-08-01,2015,"Aug",1,"18:45",18,45,"Saturday","Slight",1,"Slight","Cyclist","Driver or rider","Female",11,"Unclassified","Single carriageway",30,"Unclassified","Not a Pedestrian","Not a Pedestrian",428534,434388,"E01011681",2,"T or staggered junction","Daylight","Fine no high winds","Dry","Cyclist"
"3993","2015132811596",2015-08-01,2015,"Aug",1,"21:00",21,0,"Saturday","Slight",1,"Slight","Cyclist","Driver or rider","Male",25,"Unclassified","Single carriageway",30,NA,"Not a Pedestrian","Not a Pedestrian",430684,445492,"E01011561",2,"Not at junction or within 20 metres","Daylight","Fine no high winds","Dry","Cyclist"
"3994","2015132841265",2015-08-02,2015,"Aug",2,"11:15",11,15,"Sunday","Slight",1,"Slight","Motorcycle over 500cc rider or passenger","Driver or rider","Male",45,"A","Single carriageway",40,"Unclassified","Not a Pedestrian","Not a Pedestrian",428967,425979,"E01011538",2,"T or staggered junction","Daylight","Fine no high winds","Dry","Motorcyclist and pillion"
"3995","2015132820644",2015-08-02,2015,"Aug",2,"11:30",11,30,"Sunday","Slight",2,"Slight","Car occupant","Driver or rider","Female",29,"A","Dual carriageway",30,"Unclassified","Not a Pedestrian","Not a Pedestrian",430749,434686,"E01011671",2,"T or staggered junction","Daylight","Fine no high winds","Dry","Car occupant"
"3996","2015132820644",2015-08-02,2015,"Aug",2,"11:30",11,30,"Sunday","Slight",2,"Slight","Car occupant","Passenger","Female",52,"A","Dual carriageway",30,"Unclassified","Not a Pedestrian","Not a Pedestrian",430749,434686,"E01011671",2,"T or staggered junction","Daylight","Fine no high winds","Dry","Car occupant"
"3997","2015132820919",2015-08-02,2015,"Aug",2,"14:30",14,30,"Sunday","Slight",1,"Slight","Car occupant","Driver or rider","Male",20,"A","Roundabout",30,"A","Not a Pedestrian","Not a Pedestrian",442987,431656,"E01011299",2,"Roundabout","Daylight","Fine no high winds","Dry","Car occupant"
"3998","2015132821068",2015-08-02,2015,"Aug",2,"16:47",16,47,"Sunday","Slight",1,"Slight","Car occupant","Driver or rider","Female",18,"A","Single carriageway",60,NA,"Not a Pedestrian","Not a Pedestrian",420894,434532,"E01011595",4,"Not at junction or within 20 metres","Daylight","Fine no high winds","Dry","Car occupant"
"3999","2015132821477",2015-08-02,2015,"Aug",2,"20:45",20,45,"Sunday","Slight",1,"Slight","Van / Goods vehicle (3.5 tonnes mgw or under) occupant","Driver or rider","Male",47,"Unclassified","Single carriageway",30,NA,"Not a Pedestrian","Not a Pedestrian",420280,439453,"E01011457",3,"Not at junction or within 20 metres","Daylight","Fine no high winds","Dry","Bus and goods vehicle occupant"
"4000","2015132830449",2015-08-03,2015,"Aug",3,"10:37",10,37,"Monday","Slight",1,"Slight","Car occupant","Driver or rider","Male",77,"Unclassified","Single carriageway",20,NA,"Not a Pedestrian","Not a Pedestrian",428395,437481,"E01011689",1,"Not at junction or within 20 metres","Daylight","Fine no high winds","Dry","Car occupant"
"4001","2015132831173",2015-08-03,2015,"Aug",3,"17:05",17,5,"Monday","Slight",2,"Slight","Car occupant","Passenger","Female",16,"Unclassified","Single carriageway",30,"Unclassified","Not a Pedestrian","Not a Pedestrian",431884,435515,"E01011428",3,"T or staggered junction","Daylight","Fine no high winds","Dry","Car occupant"
"4002","2015132831173",2015-08-03,2015,"Aug",3,"17:05",17,5,"Monday","Slight",2,"Slight","Car occupant","Passenger","Female",54,"Unclassified","Single carriageway",30,"Unclassified","Not a Pedestrian","Not a Pedestrian",431884,435515,"E01011428",3,"T or staggered junction","Daylight","Fine no high winds","Dry","Car occupant"
"4003","2015132831632",2015-08-03,2015,"Aug",3,"20:41",20,41,"Monday","Serious",1,"Serious","Motorcycle 50cc and under rider or passenger","Passenger","Male",16,"Unclassified","Single carriageway",30,"Unclassified","Not a Pedestrian","Not a Pedestrian",431305,428461,"E01011490",2,"Roundabout","Daylight","Fine no high winds","Dry","Motorcyclist and pillion"
"4004","2015132840283",2015-08-04,2015,"Aug",4,"08:20",8,20,"Tuesday","Slight",1,"Slight","Car occupant","Driver or rider","Female",28,"Unclassified","Single carriageway",30,NA,"Not a Pedestrian","Not a Pedestrian",420239,436042,"E01011590",3,"Not at junction or within 20 metres","Daylight","Fine no high winds","Dry","Car occupant"
"4005","2015132840780",2015-08-04,2015,"Aug",4,"14:25",14,25,"Tuesday","Serious",2,"Slight","Car occupant","Passenger","Female",56,"Unclassified","Single carriageway",30,"Unclassified","Not a Pedestrian","Not a Pedestrian",432009,436160,"E01011642",2,"Crossroads","Daylight","Fine no high winds","Dry","Car occupant"
"4006","2015132840780",2015-08-04,2015,"Aug",4,"14:25",14,25,"Tuesday","Serious",2,"Serious","Car occupant","Passenger","Female",23,"Unclassified","Single carriageway",30,"Unclassified","Not a Pedestrian","Not a Pedestrian",432009,436160,"E01011642",2,"Crossroads","Daylight","Fine no high winds","Dry","Car occupant"
"4007","2015132841076",2015-08-04,2015,"Aug",4,"17:07",17,7,"Tuesday","Slight",1,"Slight","Motorcycle over 125cc and up to 500cc rider or  passenger","Driver or rider","Male",65,"Unclassified","Single carriageway",30,"Unclassified","Not a Pedestrian","Not a Pedestrian",425890,426590,"E01011546",2,"Other junction","Daylight","Fine no high winds","Dry","Motorcyclist and pillion"
"4008","2015132841122",2015-08-04,2015,"Aug",4,"17:26",17,26,"Tuesday","Slight",1,"Slight","Cyclist","Driver or rider","Male",42,"Unclassified","Dual carriageway",30,"Unclassified","Not a Pedestrian","Not a Pedestrian",430861,434357,"E01033003",2,"T or staggered junction","Daylight","Fine no high winds","Dry","Cyclist"
"4009","2015132841140",2015-08-04,2015,"Aug",4,"17:35",17,35,"Tuesday","Slight",2,"Slight","Motorcycle over 500cc rider or passenger","Driver or rider","Male",54,"A","Single carriageway",30,NA,"Not a Pedestrian","Not a Pedestrian",417752,444431,"E01011573",2,"Not at junction or within 20 metres","Daylight","Fine no high winds","Dry","Motorcyclist and pillion"
"4010","2015132841140",2015-08-04,2015,"Aug",4,"17:35",17,35,"Tuesday","Slight",2,"Slight","Motorcycle over 500cc rider or passenger","Passenger","Female",53,"A","Single carriageway",30,NA,"Not a Pedestrian","Not a Pedestrian",417752,444431,"E01011573",2,"Not at junction or within 20 metres","Daylight","Fine no high winds","Dry","Motorcyclist and pillion"
"4011","2015132841249",2015-08-04,2015,"Aug",4,"18:00",18,0,"Tuesday","Slight",1,"Slight","Motorcycle over 500cc rider or passenger","Driver or rider","Male",29,"A","Roundabout",40,"A","Not a Pedestrian","Not a Pedestrian",435991,428230,"E01011635",2,"Roundabout","Daylight","Fine no high winds","Dry","Motorcyclist and pillion"
"4012","2015132850880",2015-08-05,2015,"Aug",5,"14:35",14,35,"Wednesday","Slight",1,"Slight","Car occupant","Passenger","Male",8,"A","One way street",30,NA,"Not a Pedestrian","Not a Pedestrian",430694,434934,"E01011671",1,"Not at junction or within 20 metres","Daylight","Fine no high winds","Dry","Car occupant"
"4013","2015132850970",2015-08-05,2015,"Aug",5,"15:20",15,20,"Wednesday","Slight",1,"Slight","Car occupant","Passenger","Male",37,"A","Roundabout",40,"B","Not a Pedestrian","Not a Pedestrian",433525,429804,"E01011639",2,"Roundabout","Daylight","Fine no high winds","Dry","Car occupant"
"4014","2015132851437",2015-08-05,2015,"Aug",5,"17:58",17,58,"Wednesday","Slight",2,"Slight","Car occupant","Driver or rider","Male",26,"A","Dual carriageway",60,NA,"Not a Pedestrian","Not a Pedestrian",423262,434221,"E01011609",1,"Not at junction or within 20 metres","Daylight","Fine no high winds","Wet or damp","Car occupant"
"4015","2015132851437",2015-08-05,2015,"Aug",5,"17:58",17,58,"Wednesday","Slight",2,"Slight","Car occupant","Passenger","Female",26,"A","Dual carriageway",60,NA,"Not a Pedestrian","Not a Pedestrian",423262,434221,"E01011609",1,"Not at junction or within 20 metres","Daylight","Fine no high winds","Wet or damp","Car occupant"
"4016","2015132851496",2015-08-05,2015,"Aug",5,"19:15",19,15,"Wednesday","Slight",1,"Slight","Cyclist","Driver or rider","Male",42,"Unclassified","Single carriageway",30,"Unclassified","Not a Pedestrian","Not a Pedestrian",428836,440136,"E01011554",2,"T or staggered junction","Daylight","Fine no high winds","Dry","Cyclist"
"4017","2015132851885",2015-08-05,2015,"Aug",5,"22:55",22,55,"Wednesday","Slight",1,"Slight","Cyclist","Driver or rider","Male",19,"Unclassified","Single carriageway",30,"Unclassified","Not a Pedestrian","Not a Pedestrian",428685,434949,"E01011444",2,"Crossroads","Darkness - lights lit","Fine no high winds","Dry","Cyclist"
"4018","2015132860986",2015-08-06,2015,"Aug",6,"15:20",15,20,"Thursday","Slight",1,"Slight","Car occupant","Driver or rider","Male",82,"Unclassified","Single carriageway",30,"Unclassified","Not a Pedestrian","Not a Pedestrian",427145,433515,"E01011293",2,"T or staggered junction","Daylight","Fine no high winds","Dry","Car occupant"
"4019","2015132861519",2015-08-06,2015,"Aug",6,"19:40",19,40,"Thursday","Slight",2,"Slight","Motorcycle 50cc and under rider or passenger","Driver or rider","Male",24,"B","Single carriageway",30,NA,"Not a Pedestrian","Not a Pedestrian",425795,433074,"E01011725",2,"Not at junction or within 20 metres","Daylight","Fine no high winds","Dry","Motorcyclist and pillion"
"4020","2015132861519",2015-08-06,2015,"Aug",6,"19:40",19,40,"Thursday","Slight",2,"Slight","Car occupant","Passenger","Male",84,"B","Single carriageway",30,NA,"Not a Pedestrian","Not a Pedestrian",425795,433074,"E01011725",2,"Not at junction or within 20 metres","Daylight","Fine no high winds","Dry","Car occupant"
"4021","2015132861531",2015-08-06,2015,"Aug",6,"19:47",19,47,"Thursday","Fatal",6,"Slight","Van / Goods vehicle (3.5 tonnes mgw or under) occupant","Driver or rider","Male",46,"A","Dual carriageway",70,NA,"Not a Pedestrian","Not a Pedestrian",445830,431302,"E01011299",2,"Not at junction or within 20 metres","Daylight","Fine no high winds","Dry","Bus and goods vehicle occupant"
"4022","2015132861531",2015-08-06,2015,"Aug",6,"19:47",19,47,"Thursday","Fatal",6,"Fatal","Other vehicle occupant","Driver or rider","Male",26,"A","Dual carriageway",70,NA,"Not a Pedestrian","Not a Pedestrian",445830,431302,"E01011299",2,"Not at junction or within 20 metres","Daylight","Fine no high winds","Dry","Others"
"4023","2015132861531",2015-08-06,2015,"Aug",6,"19:47",19,47,"Thursday","Fatal",6,"Serious","Other vehicle occupant","Passenger","Male",50,"A","Dual carriageway",70,NA,"Not a Pedestrian","Not a Pedestrian",445830,431302,"E01011299",2,"Not at junction or within 20 metres","Daylight","Fine no high winds","Dry","Others"
"4024","2015132861531",2015-08-06,2015,"Aug",6,"19:47",19,47,"Thursday","Fatal",6,"Serious","Other vehicle occupant","Passenger","Male",7,"A","Dual carriageway",70,NA,"Not a Pedestrian","Not a Pedestrian",445830,431302,"E01011299",2,"Not at junction or within 20 metres","Daylight","Fine no high winds","Dry","Others"
"4025","2015132861531",2015-08-06,2015,"Aug",6,"19:47",19,47,"Thursday","Fatal",6,"Serious","Other vehicle occupant","Passenger","Male",5,"A","Dual carriageway",70,NA,"Not a Pedestrian","Not a Pedestrian",445830,431302,"E01011299",2,"Not at junction or within 20 metres","Daylight","Fine no high winds","Dry","Others"
"4026","2015132861531",2015-08-06,2015,"Aug",6,"19:47",19,47,"Thursday","Fatal",6,"Slight","Other vehicle occupant","Passenger","Male",8,"A","Dual carriageway",70,NA,"Not a Pedestrian","Not a Pedestrian",445830,431302,"E01011299",2,"Not at junction or within 20 metres","Daylight","Fine no high winds","Dry","Others"
"4027","2015132870836",2015-08-07,2015,"Aug",7,"14:00",14,0,"Friday","Slight",1,"Slight","Car occupant","Driver or rider","Male",59,"Motorway","Dual carriageway",70,NA,"Not a Pedestrian","Not a Pedestrian",427097,426123,"E01011550",1,"Not at junction or within 20 metres","Daylight","Fine no high winds","Dry","Car occupant"
"4028","2015132871233",2015-08-07,2015,"Aug",7,"17:20",17,20,"Friday","Serious",1,"Serious","Cyclist","Driver or rider","Male",31,"Unclassified","Single carriageway",30,"Unclassified","Not a Pedestrian","Not a Pedestrian",430215,434923,"E01011671",2,"T or staggered junction","Daylight","Fine no high winds","Dry","Cyclist"
"4029","2015132880547",2015-08-08,2015,"Aug",8,"09:04",9,4,"Saturday","Slight",1,"Slight","Cyclist","Driver or rider","Male",42,"Unclassified","Single carriageway",30,"Unclassified","Not a Pedestrian","Not a Pedestrian",437045,438288,"E01011715",2,"T or staggered junction","Daylight","Fine no high winds","Dry","Cyclist"
"4030","2015132880744",2015-08-08,2015,"Aug",8,"11:36",11,36,"Saturday","Slight",1,"Slight","Motorcycle 125cc and under rider or passenger","Driver or rider","Male",33,"A","Single carriageway",30,NA,"Not a Pedestrian","Not a Pedestrian",429757,425596,"E01011538",2,"Not at junction or within 20 metres","Daylight","Fine no high winds","Dry","Motorcyclist and pillion"
"4031","2015132880803",2015-08-08,2015,"Aug",8,"12:15",12,15,"Saturday","Slight",1,"Slight","Motorcycle over 500cc rider or passenger","Driver or rider","Male",46,"A(M)","Dual carriageway",70,NA,"Not a Pedestrian","Not a Pedestrian",441346,445094,"E01011707",2,"Not at junction or within 20 metres","Daylight","Fine no high winds","Dry","Motorcyclist and pillion"
"4032","2015132881570",2015-08-08,2015,"Aug",8,"20:03",20,3,"Saturday","Slight",1,"Slight","Car occupant","Driver or rider","Male",34,"Unclassified","Single carriageway",30,NA,"Not a Pedestrian","Not a Pedestrian",427084,432526,"E01011732",3,"Not at junction or within 20 metres","Daylight","Fine no high winds","Dry","Car occupant"
"4033","2015132880909",2015-08-08,2015,"Aug",8,"20:25",20,25,"Saturday","Slight",1,"Slight","Cyclist","Driver or rider","Male",39,"A","Single carriageway",30,"B","Not a Pedestrian","Not a Pedestrian",427744,436450,"E01011692",2,"T or staggered junction","Daylight","Fine no high winds","Dry","Cyclist"
"4034","2015132881871",2015-08-08,2015,"Aug",8,"22:25",22,25,"Saturday","Slight",1,"Slight","Pedestrian","Pedestrian","Female",22,"Unclassified","Single carriageway",30,NA,"In carriageway, crossing elsewhere","Crossing from driver's nearside",431225,435476,"E01011361",1,"Not at junction or within 20 metres","Darkness - lights lit","Fine no high winds","Dry","Pedestrian"
"4035","2015132990726",2015-08-09,2015,"Aug",9,"11:35",11,35,"Sunday","Slight",1,"Slight","Car occupant","Driver or rider","Female",73,"Unclassified","Single carriageway",30,"Unclassified","Not a Pedestrian","Not a Pedestrian",431793,428918,"E01011466",2,"Crossroads","Daylight","Fine no high winds","Dry","Car occupant"
"4036","2015132880776",2015-08-09,2015,"Aug",9,"12:11",12,11,"Sunday","Slight",2,"Slight","Motorcycle over 125cc and up to 500cc rider or  passenger","Driver or rider","Male",24,"Unclassified","Unknown",30,NA,"Not a Pedestrian","Not a Pedestrian",434718,430438,"E01011639",2,"Not at junction or within 20 metres","Daylight","Fine no high winds","Dry","Motorcyclist and pillion"
"4037","2015132880776",2015-08-09,2015,"Aug",9,"12:11",12,11,"Sunday","Slight",2,"Slight","Motorcycle over 125cc and up to 500cc rider or  passenger","Driver or rider","Male",24,"Unclassified","Unknown",30,NA,"Not a Pedestrian","Not a Pedestrian",434718,430438,"E01011639",2,"Not at junction or within 20 metres","Daylight","Fine no high winds","Dry","Motorcyclist and pillion"
"4038","2015132890778",2015-08-09,2015,"Aug",9,"12:15",12,15,"Sunday","Slight",3,"Slight","Car occupant","Passenger","Male",16,"Unclassified","Single carriageway",30,"Unclassified","Not a Pedestrian","Not a Pedestrian",432768,436182,"E01011648",2,"Crossroads","Daylight","Fine no high winds","Dry","Car occupant"
"4039","2015132890778",2015-08-09,2015,"Aug",9,"12:15",12,15,"Sunday","Slight",3,"Slight","Car occupant","Passenger","Male",17,"Unclassified","Single carriageway",30,"Unclassified","Not a Pedestrian","Not a Pedestrian",432768,436182,"E01011648",2,"Crossroads","Daylight","Fine no high winds","Dry","Car occupant"
"4040","2015132890778",2015-08-09,2015,"Aug",9,"12:15",12,15,"Sunday","Slight",3,"Slight","Car occupant","Driver or rider","Female",27,"Unclassified","Single carriageway",30,"Unclassified","Not a Pedestrian","Not a Pedestrian",432768,436182,"E01011648",2,"Crossroads","Daylight","Fine no high winds","Dry","Car occupant"
"4041","2015132890804",2015-08-09,2015,"Aug",9,"12:31",12,31,"Sunday","Serious",2,"Serious","Motorcycle over 500cc rider or passenger","Driver or rider","Male",26,"A","Dual carriageway",30,"Motorway","Not a Pedestrian","Not a Pedestrian",424061,428051,"E01011523",2,"T or staggered junction","Daylight","Fine no high winds","Dry","Motorcyclist and pillion"
"4042","2015132890804",2015-08-09,2015,"Aug",9,"12:31",12,31,"Sunday","Serious",2,"Slight","Car occupant","Driver or rider","Female",39,"A","Dual carriageway",30,"Motorway","Not a Pedestrian","Not a Pedestrian",424061,428051,"E01011523",2,"T or staggered junction","Daylight","Fine no high winds","Dry","Car occupant"
"4043","20151328A0761",2015-08-10,2015,"Aug",10,"14:11",14,11,"Monday","Slight",2,"Slight","Car occupant","Passenger","Female",61,"A(M)","Dual carriageway",70,NA,"Not a Pedestrian","Not a Pedestrian",441226,445346,"E01011707",2,"Not at junction or within 20 metres","Daylight","Raining no high winds","Wet or damp","Car occupant"
"4044","20151328A0761",2015-08-10,2015,"Aug",10,"14:11",14,11,"Monday","Slight",2,"Slight","Car occupant","Passenger","Female",57,"A(M)","Dual carriageway",70,NA,"Not a Pedestrian","Not a Pedestrian",441226,445346,"E01011707",2,"Not at junction or within 20 metres","Daylight","Raining no high winds","Wet or damp","Car occupant"
"4045","20151328A1122",2015-08-10,2015,"Aug",10,"16:32",16,32,"Monday","Slight",1,"Slight","Cyclist","Driver or rider","Female",32,"Unclassified","Single carriageway",30,"A","Not a Pedestrian","Not a Pedestrian",427786,436379,"E01011440",2,"T or staggered junction","Daylight","Fine no high winds","Dry","Cyclist"
"4046","20151328A1253",2015-08-10,2015,"Aug",10,"18:27",18,27,"Monday","Slight",1,"Slight","Cyclist","Driver or rider","Male",11,"Unclassified","Single carriageway",30,"Unclassified","Not a Pedestrian","Not a Pedestrian",431057,430936,"E01011468",2,"T or staggered junction","Daylight","Fine no high winds","Dry","Cyclist"
"4047","20151328B0254",2015-08-11,2015,"Aug",11,"07:09",7,9,"Tuesday","Slight",1,"Slight","Goods vehicle (7.5 tonnes mgw and over) occupant","Driver or rider","Male",43,"A","Single carriageway",30,NA,"Not a Pedestrian","Not a Pedestrian",426472,444748,"E01011576",2,"Not at junction or within 20 metres","Daylight","Fine no high winds","Dry","Bus and goods vehicle occupant"