"","accident_index","date","year","month","day","time","time_hour","time_minute","day_of_week","accident_severity","number_of_casualties","casualty_severity","casualty_type","casualty_class","sex_of_casualty","age_of_casualty","first_road_class","road_type","speed_limit","second_road_class","pedestrian_location","pedestrian_movement","location_easting_osgr","location_northing_osgr","lsoa_of_accident_location","number_of_vehicles","junction_detail","light_conditions","weather_conditions","road_surface_conditions","cas_type"
"4048","20151328B0277",2015-08-11,2015,"Aug",11,"07:30",7,30,"Tuesday","Slight",1,"Slight","Motorcycle 125cc and under rider or passenger","Driver or rider","Male",18,"B","Single carriageway",30,"B","Not a Pedestrian","Not a Pedestrian",421366,433144,"E01011605",2,"T or staggered junction","Daylight","Fine no high winds","Dry","Motorcyclist and pillion"
"4049","20151328B0271",2015-08-11,2015,"Aug",11,"07:49",7,49,"Tuesday","Slight",1,"Slight","Cyclist","Driver or rider","Male",27,"A","Single carriageway",30,"Unclassified","Not a Pedestrian","Not a Pedestrian",427127,434793,"E01011482",2,"T or staggered junction","Daylight","Fine no high winds","Dry","Cyclist"
"4050","20151328C1608",2015-08-11,2015,"Aug",11,"10:30",10,30,"Tuesday","Slight",1,"Slight","Pedestrian","Pedestrian","Female",44,"Unclassified","Single carriageway",30,"Unclassified","In carriageway, crossing elsewhere","Crossing from driver's offside",429470,433620,"E01033008",1,"T or staggered junction","Daylight","Fine no high winds","Dry","Pedestrian"
"4051","20151328B0526",2015-08-11,2015,"Aug",11,"11:00",11,0,"Tuesday","Slight",1,"Slight","Car occupant","Driver or rider","Female",74,"Unclassified","Single carriageway",30,"Unclassified","Not a Pedestrian","Not a Pedestrian",427615,437092,"E01011690",2,"T or staggered junction","Daylight","Fine no high winds","Dry","Car occupant"
"4052","20151328B0652",2015-08-11,2015,"Aug",11,"12:27",12,27,"Tuesday","Slight",2,"Slight","Car occupant","Driver or rider","Female",18,"B","Single carriageway",30,"Unclassified","Not a Pedestrian","Not a Pedestrian",426638,433093,"E01032607",2,"Crossroads","Daylight","Fine no high winds","Dry","Car occupant"
"4053","20151328B0652",2015-08-11,2015,"Aug",11,"12:27",12,27,"Tuesday","Slight",2,"Slight","Car occupant","Passenger","Male",59,"B","Single carriageway",30,"Unclassified","Not a Pedestrian","Not a Pedestrian",426638,433093,"E01032607",2,"Crossroads","Daylight","Fine no high winds","Dry","Car occupant"
"4054","20151328B0655",2015-08-11,2015,"Aug",11,"12:32",12,32,"Tuesday","Slight",5,"Slight","Car occupant","Driver or rider","Female",51,"Unclassified","Single carriageway",30,"Motorway","Not a Pedestrian","Not a Pedestrian",429146,431791,"E01011366",2,"T or staggered junction","Daylight","Fine no high winds","Dry","Car occupant"
"4055","20151328B0655",2015-08-11,2015,"Aug",11,"12:32",12,32,"Tuesday","Slight",5,"Slight","Car occupant","Driver or rider","Female",33,"Unclassified","Single carriageway",30,"Motorway","Not a Pedestrian","Not a Pedestrian",429146,431791,"E01011366",2,"T or staggered junction","Daylight","Fine no high winds","Dry","Car occupant"
"4056","20151328B0655",2015-08-11,2015,"Aug",11,"12:32",12,32,"Tuesday","Slight",5,"Slight","Car occupant","Passenger","Female",1,"Unclassified","Single carriageway",30,"Motorway","Not a Pedestrian","Not a Pedestrian",429146,431791,"E01011366",2,"T or staggered junction","Daylight","Fine no high winds","Dry","Car occupant"
"4057","20151328B0655",2015-08-11,2015,"Aug",11,"12:32",12,32,"Tuesday","Slight",5,"Slight","Car occupant","Passenger","Male",5,"Unclassified","Single carriageway",30,"Motorway","Not a Pedestrian","Not a Pedestrian",429146,431791,"E01011366",2,"T or staggered junction","Daylight","Fine no high winds","Dry","Car occupant"
"4058","20151328B0655",2015-08-11,2015,"Aug",11,"12:32",12,32,"Tuesday","Slight",5,"Slight","Car occupant","Passenger","Male",10,"Unclassified","Single carriageway",30,"Motorway","Not a Pedestrian","Not a Pedestrian",429146,431791,"E01011366",2,"T or staggered junction","Daylight","Fine no high winds","Dry","Car occupant"
"4059","20151328B0825",2015-08-11,2015,"Aug",11,"14:02",14,2,"Tuesday","Slight",3,"Slight","Car occupant","Driver or rider","Male",29,"A","Roundabout",40,"A","Not a Pedestrian","Not a Pedestrian",428112,426283,"E01011550",2,"T or staggered junction","Daylight","Fine no high winds","Dry","Car occupant"
"4060","20151328B0825",2015-08-11,2015,"Aug",11,"14:02",14,2,"Tuesday","Slight",3,"Slight","Car occupant","Driver or rider","Female",53,"A","Roundabout",40,"A","Not a Pedestrian","Not a Pedestrian",428112,426283,"E01011550",2,"T or staggered junction","Daylight","Fine no high winds","Dry","Car occupant"
"4061","20151328B0825",2015-08-11,2015,"Aug",11,"14:02",14,2,"Tuesday","Slight",3,"Slight","Car occupant","Passenger","Female",2,"A","Roundabout",40,"A","Not a Pedestrian","Not a Pedestrian",428112,426283,"E01011550",2,"T or staggered junction","Daylight","Fine no high winds","Dry","Car occupant"
"4062","20151328B0951",2015-08-11,2015,"Aug",11,"15:10",15,10,"Tuesday","Slight",1,"Slight","Car occupant","Driver or rider","Female",86,"Unclassified","Single carriageway",30,NA,"Not a Pedestrian","Not a Pedestrian",431559,434355,"E01033035",3,"Not at junction or within 20 metres","Daylight","Fine no high winds","Dry","Car occupant"
"4063","20151328B0524",2015-08-11,2015,"Aug",11,"15:45",15,45,"Tuesday","Slight",1,"Slight","Car occupant","Driver or rider","Female",28,"A","Single carriageway",30,"Unclassified","Not a Pedestrian","Not a Pedestrian",426322,435515,"E01011477",3,"T or staggered junction","Daylight","Fine no high winds","Dry","Car occupant"
"4064","20151328B1090",2015-08-11,2015,"Aug",11,"16:29",16,29,"Tuesday","Slight",1,"Slight","Cyclist","Driver or rider","Male",23,"A","Single carriageway",30,NA,"Not a Pedestrian","Not a Pedestrian",438681,445842,"E01011706",2,"Not at junction or within 20 metres","Daylight","Fine no high winds","Dry","Cyclist"
"4065","20151328B0900",2015-08-11,2015,"Aug",11,"16:45",16,45,"Tuesday","Slight",1,"Slight","Car occupant","Driver or rider","Female",20,"A","Single carriageway",30,"Unclassified","Not a Pedestrian","Not a Pedestrian",431754,435518,"E01011429",2,"T or staggered junction","Daylight","Fine no high winds","Dry","Car occupant"
"4066","20151328B1275",2015-08-11,2015,"Aug",11,"17:49",17,49,"Tuesday","Slight",1,"Slight","Pedestrian","Pedestrian","Male",9,"Unclassified","Dual carriageway",40,NA,"In carriageway, crossing elsewhere","Crossing from nearside - masked by parked or stationary vehicle",435998,434797,"E01011345",1,"Not at junction or within 20 metres","Daylight","Fine no high winds","Dry","Pedestrian"
"4067","20151328C0509",2015-08-12,2015,"Aug",12,"11:11",11,11,"Wednesday","Slight",1,"Slight","Pedestrian","Pedestrian","Male",3,"A","Single carriageway",40,"Unclassified","Crossing on pedestrian crossing facility","Crossing from driver's nearside",423090,437694,"E01011465",1,"Other junction","Daylight","Fine no high winds","Dry","Pedestrian"
"4068","20151328C0603",2015-08-12,2015,"Aug",12,"12:00",12,0,"Wednesday","Slight",1,"Slight","Car occupant","Driver or rider","Male",45,"Unclassified","Single carriageway",30,NA,"Not a Pedestrian","Not a Pedestrian",431885,435553,"E01011428",2,"Not at junction or within 20 metres","Daylight","Fine no high winds","Dry","Car occupant"
"4069","20151328C0619",2015-08-12,2015,"Aug",12,"12:27",12,27,"Wednesday","Serious",1,"Serious","Cyclist","Driver or rider","Female",32,"A","Roundabout",40,"A","Not a Pedestrian","Not a Pedestrian",426856,438042,"E01011685",2,"Roundabout","Daylight","Fine no high winds","Dry","Cyclist"
"4070","20151328C0746",2015-08-12,2015,"Aug",12,"12:45",12,45,"Wednesday","Slight",1,"Slight","Van / Goods vehicle (3.5 tonnes mgw or under) occupant","Driver or rider","Male",24,"Unclassified","Single carriageway",30,NA,"Not a Pedestrian","Not a Pedestrian",430894,436421,"E01011356",2,"Not at junction or within 20 metres","Daylight","Fine no high winds","Dry","Bus and goods vehicle occupant"
"4071","20151328C1081",2015-08-12,2015,"Aug",12,"16:00",16,0,"Wednesday","Slight",1,"Slight","Cyclist","Driver or rider","Male",6,"B","Single carriageway",30,NA,"Not a Pedestrian","Not a Pedestrian",441883,430161,"E01011304",2,"Not at junction or within 20 metres","Daylight","Fine no high winds","Dry","Cyclist"
"4072","20151328C1656",2015-08-12,2015,"Aug",12,"16:56",16,56,"Wednesday","Slight",1,"Slight","Bus or coach occupant (17 or more pass seats)","Passenger","Female",60,"Unclassified","Single carriageway",30,NA,"Not a Pedestrian","Not a Pedestrian",429862,433524,"E01033010",1,"Not at junction or within 20 metres","Daylight","Fine no high winds","Dry","Bus and goods vehicle occupant"
"4073","20151328C1627",2015-08-12,2015,"Aug",12,"20:54",20,54,"Wednesday","Slight",1,"Slight","Motorcycle 50cc and under rider or passenger","Driver or rider","Male",18,"Unclassified","Roundabout",30,"Unclassified","Not a Pedestrian","Not a Pedestrian",429053,430470,"E01011313",2,"Roundabout","Daylight","Fine no high winds","Dry","Motorcyclist and pillion"
"4074","20151328D0153",2015-08-13,2015,"Aug",13,"03:30",3,30,"Thursday","Slight",1,"Slight","Car occupant","Driver or rider","Male",66,"A","One way street",60,NA,"Not a Pedestrian","Not a Pedestrian",432543,442835,"E01011561",1,"Not at junction or within 20 metres","Darkness - no lighting","Fine no high winds","Dry","Car occupant"
"4075","20151328D0380",2015-08-13,2015,"Aug",13,"10:02",10,2,"Thursday","Slight",1,"Slight","Pedestrian","Pedestrian","Male",90,"B","Single carriageway",30,"Unclassified","In carriageway, crossing elsewhere","Crossing from driver's offside",418962,441738,"E01011265",1,"Crossroads","Daylight","Fine no high winds","Dry","Pedestrian"
"4076","20151328D1274",2015-08-13,2015,"Aug",13,"14:30",14,30,"Thursday","Slight",2,"Slight","Taxi/Private hire car occupant","Passenger","Male",23,"Unclassified","Single carriageway",30,NA,"Not a Pedestrian","Not a Pedestrian",431591,430912,"E01011468",2,"Not at junction or within 20 metres","Daylight","Fine no high winds","Dry","Car occupant"
"4077","20151328D1274",2015-08-13,2015,"Aug",13,"14:30",14,30,"Thursday","Slight",2,"Slight","Taxi/Private hire car occupant","Passenger","Female",21,"Unclassified","Single carriageway",30,NA,"Not a Pedestrian","Not a Pedestrian",431591,430912,"E01011468",2,"Not at junction or within 20 metres","Daylight","Fine no high winds","Dry","Car occupant"
"4078","20151328D1126",2015-08-13,2015,"Aug",13,"17:18",17,18,"Thursday","Serious",1,"Serious","Pedestrian","Pedestrian","Male",10,"Unclassified","Single carriageway",30,NA,"In carriageway, crossing elsewhere","Crossing from nearside - masked by parked or stationary vehicle",432105,435417,"E01011430",1,"Not at junction or within 20 metres","Daylight","Fine no high winds","Dry","Pedestrian"
"4079","20151328D1243",2015-08-13,2015,"Aug",13,"18:10",18,10,"Thursday","Slight",1,"Slight","Motorcycle 125cc and under rider or passenger","Driver or rider","Male",21,"Unclassified","Single carriageway",30,"Unclassified","Not a Pedestrian","Not a Pedestrian",427377,434919,"E01011482",2,"Crossroads","Daylight","Raining no high winds","Wet or damp","Motorcyclist and pillion"
"4080","20151328D1457",2015-08-13,2015,"Aug",13,"19:59",19,59,"Thursday","Slight",2,"Slight","Car occupant","Driver or rider","Male",21,"A","Single carriageway",40,"Unclassified","Not a Pedestrian","Not a Pedestrian",440172,433414,"E01011396",2,"T or staggered junction","Daylight","Fine no high winds","Dry","Car occupant"
"4081","20151328D1457",2015-08-13,2015,"Aug",13,"19:59",19,59,"Thursday","Slight",2,"Slight","Car occupant","Driver or rider","Female",70,"A","Single carriageway",40,"Unclassified","Not a Pedestrian","Not a Pedestrian",440172,433414,"E01011396",2,"T or staggered junction","Daylight","Fine no high winds","Dry","Car occupant"
"4082","20151328E0566",2015-08-14,2015,"Aug",14,"11:40",11,40,"Friday","Slight",1,"Slight","Pedestrian","Pedestrian","Female",20,"Unclassified","Single carriageway",30,NA,"On footway or verge","Unknown or other",432543,435255,"E01011431",1,"Not at junction or within 20 metres","Daylight","Raining no high winds","Wet or damp","Pedestrian"
"4083","20151328E0626",2015-08-14,2015,"Aug",14,"12:21",12,21,"Friday","Slight",3,"Slight","Car occupant","Driver or rider","Female",44,"Unclassified","Single carriageway",30,"Unclassified","Not a Pedestrian","Not a Pedestrian",434156,428669,"E01011639",2,"T or staggered junction","Daylight","Raining no high winds","Wet or damp","Car occupant"
"4084","20151328E0626",2015-08-14,2015,"Aug",14,"12:21",12,21,"Friday","Slight",3,"Slight","Car occupant","Passenger","Female",18,"Unclassified","Single carriageway",30,"Unclassified","Not a Pedestrian","Not a Pedestrian",434156,428669,"E01011639",2,"T or staggered junction","Daylight","Raining no high winds","Wet or damp","Car occupant"
"4085","20151328E0626",2015-08-14,2015,"Aug",14,"12:21",12,21,"Friday","Slight",3,"Slight","Car occupant","Passenger","Male",19,"Unclassified","Single carriageway",30,"Unclassified","Not a Pedestrian","Not a Pedestrian",434156,428669,"E01011639",2,"T or staggered junction","Daylight","Raining no high winds","Wet or damp","Car occupant"
"4086","20151328E0675",2015-08-14,2015,"Aug",14,"12:50",12,50,"Friday","Slight",1,"Slight","Car occupant","Driver or rider","Female",49,"A","Single carriageway",30,"Unclassified","Not a Pedestrian","Not a Pedestrian",431183,431861,"E01011467",2,"Private drive or entrance","Daylight","Raining no high winds","Wet or damp","Car occupant"
"4087","20151328E1032",2015-08-14,2015,"Aug",14,"15:25",15,25,"Friday","Slight",1,"Slight","Pedestrian","Pedestrian","Female",36,"Unclassified","Single carriageway",30,NA,"On refuge, central island or central reservation","Crossing from driver's offside",432516,436686,"E01011645",1,"Not at junction or within 20 metres","Daylight","Fine no high winds","Dry","Pedestrian"
"4088","20151328H0763",2015-08-14,2015,"Aug",14,"16:35",16,35,"Friday","Slight",1,"Slight","Car occupant","Driver or rider","Male",41,"Unclassified","Dual carriageway",40,"Unclassified","Not a Pedestrian","Not a Pedestrian",428722,429698,"E01011321",2,"T or staggered junction","Daylight","Fine no high winds","Dry","Car occupant"
"4089","20151328E1105",2015-08-14,2015,"Aug",14,"16:45",16,45,"Friday","Slight",1,"Slight","Pedestrian","Pedestrian","Female",24,"Unclassified","Single carriageway",30,NA,"Crossing on pedestrian crossing facility","Crossing from driver's nearside",431732,434572,"E01011677",1,"Not at junction or within 20 metres","Daylight","Raining no high winds","Wet or damp","Pedestrian"
"4090","20151328E1134",2015-08-14,2015,"Aug",14,"17:05",17,5,"Friday","Slight",1,"Slight","Car occupant","Driver or rider","Female",34,"A","Single carriageway",30,"A","Not a Pedestrian","Not a Pedestrian",428549,431412,"E01011369",2,"Other junction","Daylight","Raining no high winds","Wet or damp","Car occupant"
"4091","20151328E1468",2015-08-14,2015,"Aug",14,"20:15",20,15,"Friday","Slight",1,"Slight","Car occupant","Driver or rider","Female",28,"Motorway","Slip road",50,NA,"Not a Pedestrian","Not a Pedestrian",431812,430459,"E01011469",1,"Not at junction or within 20 metres","Daylight","Raining no high winds","Wet or damp","Car occupant"
"4092","20151328E1461",2015-08-14,2015,"Aug",14,"20:19",20,19,"Friday","Slight",5,"Slight","Car occupant","Driver or rider","Male",46,"Unclassified","Single carriageway",40,"Unclassified","Not a Pedestrian","Not a Pedestrian",422297,440473,"E01011580",2,"T or staggered junction","Daylight","Raining no high winds","Wet or damp","Car occupant"
"4093","20151328E1461",2015-08-14,2015,"Aug",14,"20:19",20,19,"Friday","Slight",5,"Slight","Car occupant","Passenger","Male",75,"Unclassified","Single carriageway",40,"Unclassified","Not a Pedestrian","Not a Pedestrian",422297,440473,"E01011580",2,"T or staggered junction","Daylight","Raining no high winds","Wet or damp","Car occupant"
"4094","20151328E1461",2015-08-14,2015,"Aug",14,"20:19",20,19,"Friday","Slight",5,"Slight","Car occupant","Passenger","Male",35,"Unclassified","Single carriageway",40,"Unclassified","Not a Pedestrian","Not a Pedestrian",422297,440473,"E01011580",2,"T or staggered junction","Daylight","Raining no high winds","Wet or damp","Car occupant"
"4095","20151328E1461",2015-08-14,2015,"Aug",14,"20:19",20,19,"Friday","Slight",5,"Slight","Car occupant","Driver or rider","Male",31,"Unclassified","Single carriageway",40,"Unclassified","Not a Pedestrian","Not a Pedestrian",422297,440473,"E01011580",2,"T or staggered junction","Daylight","Raining no high winds","Wet or damp","Car occupant"
"4096","20151328E1461",2015-08-14,2015,"Aug",14,"20:19",20,19,"Friday","Slight",5,"Slight","Car occupant","Passenger","Female",3,"Unclassified","Single carriageway",40,"Unclassified","Not a Pedestrian","Not a Pedestrian",422297,440473,"E01011580",2,"T or staggered junction","Daylight","Raining no high winds","Wet or damp","Car occupant"
"4097","20151328F0233",2015-08-15,2015,"Aug",15,"02:41",2,41,"Saturday","Slight",1,"Slight","Car occupant","Driver or rider","Male",26,"A","Dual carriageway",40,NA,"Not a Pedestrian","Not a Pedestrian",426861,433797,"E01032499",1,"Not at junction or within 20 metres","Daylight","Fine no high winds","Dry","Car occupant"
"4098","20151328F0973",2015-08-15,2015,"Aug",15,"15:05",15,5,"Saturday","Slight",1,"Slight","Car occupant","Driver or rider","Female",58,"Unclassified","Single carriageway",30,"B","Not a Pedestrian","Not a Pedestrian",430003,438579,"E01011514",2,"T or staggered junction","Daylight","Fine no high winds","Dry","Car occupant"
"4099","20151328F1263",2015-08-15,2015,"Aug",15,"18:25",18,25,"Saturday","Serious",1,"Serious","Motorcycle 125cc and under rider or passenger","Driver or rider","Male",18,"Unclassified","Single carriageway",30,NA,"Not a Pedestrian","Not a Pedestrian",421596,439398,"E01011457",1,"Not at junction or within 20 metres","Daylight","Fine no high winds","Dry","Motorcyclist and pillion"
"4100","20151328F0609",2015-08-15,2015,"Aug",15,"21:30",21,30,"Saturday","Slight",1,"Slight","Cyclist","Driver or rider","Female",36,"A","Single carriageway",30,NA,"Not a Pedestrian","Not a Pedestrian",426089,431603,"E01011737",2,"Not at junction or within 20 metres","Daylight","Fine no high winds","Wet or damp","Cyclist"
"4101","20151328G0519",2015-08-16,2015,"Aug",16,"09:55",9,55,"Sunday","Slight",1,"Slight","Motorcycle over 500cc rider or passenger","Driver or rider","Female",61,"C","Single carriageway",40,"Unclassified","Not a Pedestrian","Not a Pedestrian",441686,448925,"E01011704",1,"T or staggered junction","Daylight","Fine no high winds","Dry","Motorcyclist and pillion"
"4102","20151328G0583",2015-08-16,2015,"Aug",16,"10:50",10,50,"Sunday","Slight",2,"Slight","Car occupant","Driver or rider","Male",21,"Unclassified","Single carriageway",30,"Unclassified","Not a Pedestrian","Not a Pedestrian",428983,439125,"E01011560",2,"Crossroads","Daylight","Fine no high winds","Dry","Car occupant"
"4103","20151328G0583",2015-08-16,2015,"Aug",16,"10:50",10,50,"Sunday","Slight",2,"Slight","Car occupant","Passenger","Male",26,"Unclassified","Single carriageway",30,"Unclassified","Not a Pedestrian","Not a Pedestrian",428983,439125,"E01011560",2,"Crossroads","Daylight","Fine no high winds","Dry","Car occupant"
"4104","20151328G1096",2015-08-16,2015,"Aug",16,"16:20",16,20,"Sunday","Slight",2,"Slight","Car occupant","Driver or rider","Male",78,"Unclassified","Single carriageway",40,NA,"Not a Pedestrian","Not a Pedestrian",420343,436252,"E01011590",1,"Not at junction or within 20 metres","Daylight","Fine no high winds","Dry","Car occupant"
"4105","20151328G1096",2015-08-16,2015,"Aug",16,"16:20",16,20,"Sunday","Slight",2,"Slight","Car occupant","Passenger","Male",43,"Unclassified","Single carriageway",40,NA,"Not a Pedestrian","Not a Pedestrian",420343,436252,"E01011590",1,"Not at junction or within 20 metres","Daylight","Fine no high winds","Dry","Car occupant"
"4106","20151328G1201",2015-08-16,2015,"Aug",16,"17:15",17,15,"Sunday","Serious",2,"Serious","Car occupant","Passenger","Female",64,"A","Dual carriageway",40,"A","Not a Pedestrian","Not a Pedestrian",427784,430722,"E01011369",3,"T or staggered junction","Daylight","Fine no high winds","Dry","Car occupant"
"4107","20151328G1201",2015-08-16,2015,"Aug",16,"17:15",17,15,"Sunday","Serious",2,"Slight","Car occupant","Driver or rider","Female",23,"A","Dual carriageway",40,"A","Not a Pedestrian","Not a Pedestrian",427784,430722,"E01011369",3,"T or staggered junction","Daylight","Fine no high winds","Dry","Car occupant"
"4108","20151328G1408",2015-08-16,2015,"Aug",16,"19:12",19,12,"Sunday","Slight",1,"Slight","Pedestrian","Pedestrian","Female",27,"Unclassified","Dual carriageway",30,NA,"In carriageway, not crossing","Unknown or other",422826,432541,"E01011607",1,"Not at junction or within 20 metres","Daylight","Fine no high winds","Dry","Pedestrian"
"4109","20151328H0312",2015-08-17,2015,"Aug",17,"08:50",8,50,"Monday","Serious",1,"Serious","Pedestrian","Pedestrian","Male",10,"Unclassified","Single carriageway",30,NA,"In carriageway, crossing elsewhere","Crossing from driver's nearside",425152,437563,"E01011464",1,"Not at junction or within 20 metres","Daylight","Fine no high winds","Dry","Pedestrian"
"4110","20151328H0373",2015-08-17,2015,"Aug",17,"09:34",9,34,"Monday","Slight",1,"Slight","Car occupant","Driver or rider","Female",32,"A","Single carriageway",30,"Unclassified","Not a Pedestrian","Not a Pedestrian",426283,435588,"E01011488",2,"Crossroads","Daylight","Fine no high winds","Dry","Car occupant"
"4111","20151328H0677",2015-08-17,2015,"Aug",17,"12:38",12,38,"Monday","Serious",1,"Serious","Cyclist","Driver or rider","Male",31,"Unclassified","One way street",30,NA,"Not a Pedestrian","Not a Pedestrian",436819,443884,"E01011713",2,"Not at junction or within 20 metres","Daylight","Fine no high winds","Dry","Cyclist"
"4112","20151328H0788",2015-08-17,2015,"Aug",17,"13:30",13,30,"Monday","Slight",1,"Slight","Car occupant","Passenger","Female",28,"A","Roundabout",30,"A","Not a Pedestrian","Not a Pedestrian",428808,432670,"E01033013",2,"Roundabout","Daylight","Fine no high winds","Dry","Car occupant"
"4113","20151328H1072",2015-08-17,2015,"Aug",17,"16:00",16,0,"Monday","Slight",1,"Slight","Cyclist","Driver or rider","Male",48,"Unclassified","Dual carriageway",40,"Unclassified","Not a Pedestrian","Not a Pedestrian",430233,435116,"E01011671",2,"T or staggered junction","Daylight","Fine no high winds","Dry","Cyclist"
"4114","20151328H1115",2015-08-17,2015,"Aug",17,"16:28",16,28,"Monday","Slight",2,"Slight","Minibus (8 - 16 passenger seats) occupant","Passenger","Female",40,"A","Single carriageway",30,NA,"Not a Pedestrian","Not a Pedestrian",419771,441329,"E01011273",2,"Not at junction or within 20 metres","Daylight","Fine no high winds","Dry","Bus and goods vehicle occupant"
"4115","20151328H1115",2015-08-17,2015,"Aug",17,"16:28",16,28,"Monday","Slight",2,"Slight","Minibus (8 - 16 passenger seats) occupant","Passenger","Male",68,"A","Single carriageway",30,NA,"Not a Pedestrian","Not a Pedestrian",419771,441329,"E01011273",2,"Not at junction or within 20 metres","Daylight","Fine no high winds","Dry","Bus and goods vehicle occupant"
"4116","20151328H1370",2015-08-17,2015,"Aug",17,"18:54",18,54,"Monday","Slight",3,"Slight","Car occupant","Driver or rider","Female",47,"Motorway","Dual carriageway",70,NA,"Not a Pedestrian","Not a Pedestrian",432115,427471,"E01032496",3,"Not at junction or within 20 metres","Daylight","Fine no high winds","Dry","Car occupant"
"4117","20151328H1370",2015-08-17,2015,"Aug",17,"18:54",18,54,"Monday","Slight",3,"Slight","Car occupant","Passenger","Male",58,"Motorway","Dual carriageway",70,NA,"Not a Pedestrian","Not a Pedestrian",432115,427471,"E01032496",3,"Not at junction or within 20 metres","Daylight","Fine no high winds","Dry","Car occupant"
"4118","20151328H1370",2015-08-17,2015,"Aug",17,"18:54",18,54,"Monday","Slight",3,"Slight","Car occupant","Driver or rider","Female",51,"Motorway","Dual carriageway",70,NA,"Not a Pedestrian","Not a Pedestrian",432115,427471,"E01032496",3,"Not at junction or within 20 metres","Daylight","Fine no high winds","Dry","Car occupant"
"4119","20151328I0514",2015-08-18,2015,"Aug",18,"11:50",11,50,"Tuesday","Slight",3,"Slight","Car occupant","Driver or rider","Female",35,"A","Dual carriageway",40,NA,"Not a Pedestrian","Not a Pedestrian",436981,433592,"E01011418",4,"Not at junction or within 20 metres","Daylight","Raining no high winds","Wet or damp","Car occupant"
"4120","20151328I0514",2015-08-18,2015,"Aug",18,"11:50",11,50,"Tuesday","Slight",3,"Slight","Car occupant","Driver or rider","Male",50,"A","Dual carriageway",40,NA,"Not a Pedestrian","Not a Pedestrian",436981,433592,"E01011418",4,"Not at junction or within 20 metres","Daylight","Raining no high winds","Wet or damp","Car occupant"
"4121","20151328I0514",2015-08-18,2015,"Aug",18,"11:50",11,50,"Tuesday","Slight",3,"Slight","Car occupant","Driver or rider","Female",68,"A","Dual carriageway",40,NA,"Not a Pedestrian","Not a Pedestrian",436981,433592,"E01011418",4,"Not at junction or within 20 metres","Daylight","Raining no high winds","Wet or damp","Car occupant"
"4122","20151328I0517",2015-08-18,2015,"Aug",18,"11:57",11,57,"Tuesday","Slight",1,"Slight","Bus or coach occupant (17 or more pass seats)","Passenger","Female",50,"A","Single carriageway",30,"Unclassified","Not a Pedestrian","Not a Pedestrian",431884,435694,"E01011428",2,"T or staggered junction","Daylight","Fine no high winds","Dry","Bus and goods vehicle occupant"
"4123","20151328I0529",2015-08-18,2015,"Aug",18,"12:00",12,0,"Tuesday","Serious",2,"Serious","Van / Goods vehicle (3.5 tonnes mgw or under) occupant","Passenger","Male",37,"A","Dual carriageway",70,"Unclassified","Not a Pedestrian","Not a Pedestrian",421995,433957,"E01011587",3,"Slip road","Daylight","Raining no high winds","Wet or damp","Bus and goods vehicle occupant"
"4124","20151328I0529",2015-08-18,2015,"Aug",18,"12:00",12,0,"Tuesday","Serious",2,"Slight","Van / Goods vehicle (3.5 tonnes mgw or under) occupant","Driver or rider","Male",26,"A","Dual carriageway",70,"Unclassified","Not a Pedestrian","Not a Pedestrian",421995,433957,"E01011587",3,"Slip road","Daylight","Raining no high winds","Wet or damp","Bus and goods vehicle occupant"
"4125","20151328I0976",2015-08-18,2015,"Aug",18,"17:05",17,5,"Tuesday","Slight",1,"Slight","Motorcycle 50cc and under rider or passenger","Driver or rider","Male",17,"Unclassified","Single carriageway",30,"Unclassified","Not a Pedestrian","Not a Pedestrian",429615,429894,"E01011322",2,"T or staggered junction","Daylight","Raining no high winds","Wet or damp","Motorcyclist and pillion"
"4126","20151328I1014",2015-08-18,2015,"Aug",18,"17:25",17,25,"Tuesday","Serious",1,"Serious","Motorcycle 125cc and under rider or passenger","Driver or rider","Male",49,"A","Single carriageway",40,"Unclassified","Not a Pedestrian","Not a Pedestrian",427906,432216,"E01011362",2,"Private drive or entrance","Daylight","Fine no high winds","Dry","Motorcyclist and pillion"
"4127","20151328I1018",2015-08-18,2015,"Aug",18,"18:15",18,15,"Tuesday","Serious",1,"Serious","Pedestrian","Pedestrian","Female",65,"Unclassified","Dual carriageway",30,NA,"In carriageway, crossing elsewhere","Crossing from driver's nearside",431952,435864,"E01011422",1,"Not at junction or within 20 metres","Daylight","Raining no high winds","Wet or damp","Pedestrian"
"4128","20151328I1156",2015-08-18,2015,"Aug",18,"18:35",18,35,"Tuesday","Fatal",2,"Slight","Car occupant","Driver or rider","Male",29,"A","Single carriageway",50,NA,"Not a Pedestrian","Not a Pedestrian",425886,429886,"E01011522",2,"Not at junction or within 20 metres","Daylight","Fine no high winds","Wet or damp","Car occupant"
"4129","20151328I1156",2015-08-18,2015,"Aug",18,"18:35",18,35,"Tuesday","Fatal",2,"Fatal","Cyclist","Driver or rider","Male",41,"A","Single carriageway",50,NA,"Not a Pedestrian","Not a Pedestrian",425886,429886,"E01011522",2,"Not at junction or within 20 metres","Daylight","Fine no high winds","Wet or damp","Cyclist"