"","accident_index","date","year","month","day","time","time_hour","time_minute","day_of_week","accident_severity","number_of_casualties","casualty_severity","casualty_type","casualty_class","sex_of_casualty","age_of_casualty","first_road_class","road_type","speed_limit","second_road_class","pedestrian_location","pedestrian_movement","location_easting_osgr","location_northing_osgr","lsoa_of_accident_location","number_of_vehicles","junction_detail","light_conditions","weather_conditions","road_surface_conditions","cas_type"
"4130","20151328J0003",2015-08-19,2015,"Aug",19,"00:01",0,1,"Wednesday","Slight",2,"Slight","Car occupant","Driver or rider","Male",33,"A(M)","Dual carriageway",70,NA,"Not a Pedestrian","Not a Pedestrian",443279,439542,"E01011309",2,"Not at junction or within 20 metres","Darkness - lights lit","Raining no high winds","Wet or damp","Car occupant"
"4131","20151328J0003",2015-08-19,2015,"Aug",19,"00:01",0,1,"Wednesday","Slight",2,"Slight","Car occupant","Driver or rider","Male",22,"A(M)","Dual carriageway",70,NA,"Not a Pedestrian","Not a Pedestrian",443279,439542,"E01011309",2,"Not at junction or within 20 metres","Darkness - lights lit","Raining no high winds","Wet or damp","Car occupant"
"4132","20151328J0351",2015-08-19,2015,"Aug",19,"09:30",9,30,"Wednesday","Slight",2,"Slight","Car occupant","Driver or rider","Male",24,"A","Dual carriageway",40,"A","Not a Pedestrian","Not a Pedestrian",426727,431737,"E01011734",2,"Roundabout","Daylight","Fine no high winds","Dry","Car occupant"
"4133","20151328J0351",2015-08-19,2015,"Aug",19,"09:30",9,30,"Wednesday","Slight",2,"Slight","Car occupant","Driver or rider","Female",60,"A","Dual carriageway",40,"A","Not a Pedestrian","Not a Pedestrian",426727,431737,"E01011734",2,"Roundabout","Daylight","Fine no high winds","Dry","Car occupant"
"4134","20151328J0709",2015-08-19,2015,"Aug",19,"13:25",13,25,"Wednesday","Slight",1,"Slight","Motorcycle 125cc and under rider or passenger","Driver or rider","Male",25,"Motorway","Slip road",50,NA,"Not a Pedestrian","Not a Pedestrian",430465,431602,"E01011371",1,"Not at junction or within 20 metres","Daylight","Fine no high winds","Dry","Motorcyclist and pillion"
"4135","20151328J0744",2015-08-19,2015,"Aug",19,"13:43",13,43,"Wednesday","Slight",1,"Slight","Cyclist","Driver or rider","Male",7,"Unclassified","Single carriageway",30,NA,"Not a Pedestrian","Not a Pedestrian",431371,429676,"E01011474",2,"Not at junction or within 20 metres","Daylight","Fine no high winds","Wet or damp","Cyclist"
"4136","20151328J1509",2015-08-19,2015,"Aug",19,"20:55",20,55,"Wednesday","Slight",2,"Slight","Car occupant","Driver or rider","Male",40,"A","Single carriageway",40,"Unclassified","Not a Pedestrian","Not a Pedestrian",425939,438113,"E01011684",2,"T or staggered junction","Darkness - lights lit","Raining no high winds","Wet or damp","Car occupant"
"4137","20151328J1509",2015-08-19,2015,"Aug",19,"20:55",20,55,"Wednesday","Slight",2,"Slight","Car occupant","Driver or rider","Female",23,"A","Single carriageway",40,"Unclassified","Not a Pedestrian","Not a Pedestrian",425939,438113,"E01011684",2,"T or staggered junction","Darkness - lights lit","Raining no high winds","Wet or damp","Car occupant"
"4138","20151328K9999",2015-08-20,2015,"Aug",20,"06:59",6,59,"Thursday","Serious",2,"Serious","Car occupant","Driver or rider","Male",39,"A(M)","Dual carriageway",70,NA,"Not a Pedestrian","Not a Pedestrian",443200,439744,"E01011309",1,"Not at junction or within 20 metres","Daylight","Fine no high winds","Dry","Car occupant"
"4139","20151328K9999",2015-08-20,2015,"Aug",20,"06:59",6,59,"Thursday","Serious",2,"Serious","Car occupant","Passenger","Female",38,"A(M)","Dual carriageway",70,NA,"Not a Pedestrian","Not a Pedestrian",443200,439744,"E01011309",1,"Not at junction or within 20 metres","Daylight","Fine no high winds","Dry","Car occupant"
"4140","20151328K0249",2015-08-20,2015,"Aug",20,"07:40",7,40,"Thursday","Slight",1,"Slight","Car occupant","Driver or rider","Male",26,"Unclassified","Single carriageway",30,"Unclassified","Not a Pedestrian","Not a Pedestrian",420308,445750,"E01011584",2,"T or staggered junction","Daylight","Fine no high winds","Dry","Car occupant"
"4141","20151328K0353",2015-08-20,2015,"Aug",20,"08:30",8,30,"Thursday","Slight",1,"Slight","Pedestrian","Pedestrian","Male",36,"Unclassified","Single carriageway",30,NA,"In carriageway, not crossing","Unknown or other",436895,432971,"E01011418",2,"Not at junction or within 20 metres","Daylight","Fine no high winds","Dry","Pedestrian"
"4142","20151328K1148",2015-08-20,2015,"Aug",20,"17:12",17,12,"Thursday","Slight",1,"Slight","Cyclist","Driver or rider","Male",23,"Unclassified","Dual carriageway",30,"Unclassified","Not a Pedestrian","Not a Pedestrian",430692,434525,"E01033003",2,"T or staggered junction","Daylight","Fine no high winds","Dry","Cyclist"
"4143","20151328K1218",2015-08-20,2015,"Aug",20,"17:40",17,40,"Thursday","Serious",1,"Serious","Cyclist","Driver or rider","Male",57,"A","Single carriageway",30,"Unclassified","Not a Pedestrian","Not a Pedestrian",430842,434106,"E01033003",2,"T or staggered junction","Daylight","Fine no high winds","Dry","Cyclist"
"4144","20151328K1315",2015-08-20,2015,"Aug",20,"18:20",18,20,"Thursday","Serious",1,"Serious","Pedestrian","Pedestrian","Male",9,"Unclassified","Single carriageway",30,NA,"In carriageway, crossing elsewhere","Crossing from nearside - masked by parked or stationary vehicle",421113,434889,"E01011599",1,"Not at junction or within 20 metres","Daylight","Fine no high winds","Dry","Pedestrian"
"4145","20151328L0945",2015-08-21,2015,"Aug",21,"14:45",14,45,"Friday","Slight",1,"Slight","Pedestrian","Pedestrian","Female",78,"A","Dual carriageway",40,NA,"Crossing elsewhere within 50m. of pedestrian crossing","Crossing from driver's offside",420816,434408,"E01011595",2,"Not at junction or within 20 metres","Daylight","Fine no high winds","Dry","Pedestrian"
"4146","20151328L1266",2015-08-21,2015,"Aug",21,"17:20",17,20,"Friday","Slight",2,"Slight","Car occupant","Driver or rider","Male",65,"A","Single carriageway",30,"B","Not a Pedestrian","Not a Pedestrian",426283,435578,"E01011488",2,"Crossroads","Daylight","Fine no high winds","Dry","Car occupant"
"4147","20151328L1266",2015-08-21,2015,"Aug",21,"17:20",17,20,"Friday","Slight",2,"Slight","Car occupant","Driver or rider","Male",39,"A","Single carriageway",30,"B","Not a Pedestrian","Not a Pedestrian",426283,435578,"E01011488",2,"Crossroads","Daylight","Fine no high winds","Dry","Car occupant"
"4148","20151328L1727",2015-08-21,2015,"Aug",21,"21:36",21,36,"Friday","Slight",1,"Slight","Bus or coach occupant (17 or more pass seats)","Passenger","Male",31,"Unclassified","Roundabout",30,"Unclassified","Not a Pedestrian","Not a Pedestrian",431912,434798,"E01011677",2,"Mini-roundabout","Darkness - lights lit","Fine no high winds","Dry","Bus and goods vehicle occupant"
"4149","20151328M0218",2015-08-22,2015,"Aug",22,"02:13",2,13,"Saturday","Slight",2,"Slight","Car occupant","Driver or rider","Male",42,"Unclassified","Single carriageway",30,NA,"Not a Pedestrian","Not a Pedestrian",432043,434943,"E01011433",2,"Not at junction or within 20 metres","Darkness - lights lit","Fine no high winds","Dry","Car occupant"
"4150","20151328M0218",2015-08-22,2015,"Aug",22,"02:13",2,13,"Saturday","Slight",2,"Slight","Car occupant","Passenger","Male",47,"Unclassified","Single carriageway",30,NA,"Not a Pedestrian","Not a Pedestrian",432043,434943,"E01011433",2,"Not at junction or within 20 metres","Darkness - lights lit","Fine no high winds","Dry","Car occupant"
"4151","20151328M0945",2015-08-22,2015,"Aug",22,"08:10",8,10,"Saturday","Slight",1,"Slight","Taxi/Private hire car occupant","Driver or rider","Male",39,"Unclassified","Single carriageway",20,"Unclassified","Not a Pedestrian","Not a Pedestrian",430835,435505,"E01011360",3,"Crossroads","Daylight","Fine no high winds","Dry","Car occupant"
"4152","20151328N0761",2015-08-22,2015,"Aug",22,"09:30",9,30,"Saturday","Slight",1,"Slight","Pedestrian","Pedestrian","Male",35,"Unclassified","Single carriageway",30,NA,"Unknown or other","Unknown or other",440779,433654,"E01011396",1,"Not at junction or within 20 metres","Darkness - lights lit","Raining no high winds","Wet or damp","Pedestrian"
"4153","20151328M1141",2015-08-22,2015,"Aug",22,"15:40",15,40,"Saturday","Slight",1,"Slight","Car occupant","Driver or rider","Female",42,"Unclassified","Dual carriageway",30,NA,"Not a Pedestrian","Not a Pedestrian",429414,433778,"E01033008",2,"Not at junction or within 20 metres","Daylight","Fine no high winds","Dry","Car occupant"
"4154","20151328M1246",2015-08-22,2015,"Aug",22,"16:40",16,40,"Saturday","Slight",1,"Slight","Car occupant","Driver or rider","Female",44,"Unclassified","Single carriageway",30,NA,"Not a Pedestrian","Not a Pedestrian",428006,435553,"E01011442",2,"Not at junction or within 20 metres","Daylight","Raining no high winds","Wet or damp","Car occupant"
"4155","20151328M1394",2015-08-22,2015,"Aug",22,"17:55",17,55,"Saturday","Slight",1,"Slight","Car occupant","Passenger","Female",58,"Motorway","Dual carriageway",70,NA,"Not a Pedestrian","Not a Pedestrian",430493,426488,"E01011499",4,"Not at junction or within 20 metres","Daylight","Raining no high winds","Flood over 3cm. deep","Car occupant"
"4156","20151328M1466",2015-08-22,2015,"Aug",22,"18:25",18,25,"Saturday","Serious",1,"Serious","Pedestrian","Pedestrian","Female",19,"Unclassified","Single carriageway",30,NA,"In carriageway, crossing elsewhere","Crossing from offside - masked by  parked or stationary vehicle",440519,429004,"E01011308",1,"Not at junction or within 20 metres","Daylight","Raining no high winds","Wet or damp","Pedestrian"
"4157","20151328M1758",2015-08-22,2015,"Aug",22,"21:00",21,0,"Saturday","Serious",1,"Serious","Pedestrian","Pedestrian","Male",45,"Unclassified","Single carriageway",30,NA,"On footway or verge","Unknown or other",434273,428314,"E01011629",1,"Not at junction or within 20 metres","Darkness - lights lit","Raining no high winds","Wet or damp","Pedestrian"
"4158","20151328N0591",2015-08-23,2015,"Aug",23,"10:00",10,0,"Sunday","Slight",2,"Slight","Car occupant","Driver or rider","Male",50,"Motorway","Dual carriageway",70,NA,"Not a Pedestrian","Not a Pedestrian",431953,427842,"E01011490",2,"Not at junction or within 20 metres","Daylight","Fine no high winds","Dry","Car occupant"
"4159","20151328N0591",2015-08-23,2015,"Aug",23,"10:00",10,0,"Sunday","Slight",2,"Slight","Car occupant","Passenger","Male",46,"Motorway","Dual carriageway",70,NA,"Not a Pedestrian","Not a Pedestrian",431953,427842,"E01011490",2,"Not at junction or within 20 metres","Daylight","Fine no high winds","Dry","Car occupant"
"4160","20151328N0725",2015-08-23,2015,"Aug",23,"11:29",11,29,"Sunday","Slight",2,"Slight","Cyclist","Driver or rider","Female",33,"Unclassified","Single carriageway",30,NA,"Not a Pedestrian","Not a Pedestrian",426065,435591,"E01011477",2,"Not at junction or within 20 metres","Daylight","Fine no high winds","Dry","Cyclist"
"4161","20151328N0725",2015-08-23,2015,"Aug",23,"11:29",11,29,"Sunday","Slight",2,"Slight","Cyclist","Passenger","Female",33,"Unclassified","Single carriageway",30,NA,"Not a Pedestrian","Not a Pedestrian",426065,435591,"E01011477",2,"Not at junction or within 20 metres","Daylight","Fine no high winds","Dry","Cyclist"
"4162","20151328N1279",2015-08-23,2015,"Aug",23,"17:00",17,0,"Sunday","Slight",1,"Slight","Motorcycle 125cc and under rider or passenger","Driver or rider","Male",21,"Unclassified","Single carriageway",30,NA,"Not a Pedestrian","Not a Pedestrian",437014,438948,"E01011311",1,"Not at junction or within 20 metres","Daylight","Fine no high winds","Dry","Motorcyclist and pillion"
"4163","20151328N1488",2015-08-23,2015,"Aug",23,"18:54",18,54,"Sunday","Slight",3,"Slight","Car occupant","Driver or rider","Male",24,"Motorway","Dual carriageway",70,NA,"Not a Pedestrian","Not a Pedestrian",431933,427841,"E01011490",1,"Not at junction or within 20 metres","Daylight","Raining no high winds","Flood over 3cm. deep","Car occupant"
"4164","20151328N1488",2015-08-23,2015,"Aug",23,"18:54",18,54,"Sunday","Slight",3,"Slight","Car occupant","Passenger","Female",38,"Motorway","Dual carriageway",70,NA,"Not a Pedestrian","Not a Pedestrian",431933,427841,"E01011490",1,"Not at junction or within 20 metres","Daylight","Raining no high winds","Flood over 3cm. deep","Car occupant"
"4165","20151328N1488",2015-08-23,2015,"Aug",23,"18:54",18,54,"Sunday","Slight",3,"Slight","Car occupant","Passenger","Male",22,"Motorway","Dual carriageway",70,NA,"Not a Pedestrian","Not a Pedestrian",431933,427841,"E01011490",1,"Not at junction or within 20 metres","Daylight","Raining no high winds","Flood over 3cm. deep","Car occupant"
"4166","20151328O0036",2015-08-24,2015,"Aug",24,"00:55",0,55,"Monday","Slight",2,"Slight","Car occupant","Driver or rider","Male",17,"Unclassified","Single carriageway",40,"Unclassified","Not a Pedestrian","Not a Pedestrian",432661,436921,"E01011645",1,"T or staggered junction","Darkness - lights lit","Fine no high winds","Wet or damp","Car occupant"
"4167","20151328O0036",2015-08-24,2015,"Aug",24,"00:55",0,55,"Monday","Slight",2,"Slight","Car occupant","Passenger","Female",15,"Unclassified","Single carriageway",40,"Unclassified","Not a Pedestrian","Not a Pedestrian",432661,436921,"E01011645",1,"T or staggered junction","Darkness - lights lit","Fine no high winds","Wet or damp","Car occupant"
"4168","20151328O0292",2015-08-24,2015,"Aug",24,"08:23",8,23,"Monday","Slight",1,"Slight","Cyclist","Driver or rider","Female",24,"B","Single carriageway",60,NA,"Not a Pedestrian","Not a Pedestrian",425800,435682,"E01011324",2,"Not at junction or within 20 metres","Daylight","Fine no high winds","Dry","Cyclist"
"4169","20151328O0312",2015-08-24,2015,"Aug",24,"08:40",8,40,"Monday","Serious",1,"Serious","Cyclist","Driver or rider","Male",28,"Unclassified","Single carriageway",30,"Unclassified","Not a Pedestrian","Not a Pedestrian",430801,435344,"E01011360",2,"T or staggered junction","Daylight","Fine no high winds","Dry","Cyclist"
"4170","20151328M0706",2015-08-24,2015,"Aug",24,"11:30",11,30,"Monday","Serious",1,"Serious","Motorcycle 125cc and under rider or passenger","Driver or rider","Male",20,"A","Single carriageway",30,"Unclassified","Not a Pedestrian","Not a Pedestrian",424791,434815,"E01011282",2,"T or staggered junction","Daylight","Fine no high winds","Dry","Motorcyclist and pillion"
"4171","20151328P1694",2015-08-24,2015,"Aug",24,"14:00",14,0,"Monday","Slight",1,"Slight","Car occupant","Driver or rider","Male",26,"Unclassified","Single carriageway",30,NA,"Not a Pedestrian","Not a Pedestrian",427259,433586,"E01011293",2,"Not at junction or within 20 metres","Daylight","Fine no high winds","Dry","Car occupant"
"4172","20151328O1194",2015-08-24,2015,"Aug",24,"17:30",17,30,"Monday","Slight",1,"Slight","Car occupant","Driver or rider","Female",65,"Unclassified","Single carriageway",60,NA,"Not a Pedestrian","Not a Pedestrian",443241,428077,"E01011299",2,"Not at junction or within 20 metres","Daylight","Fine no high winds","Dry","Car occupant"
"4173","20151328O1239",2015-08-24,2015,"Aug",24,"17:40",17,40,"Monday","Slight",1,"Slight","Cyclist","Driver or rider","Male",12,"Unclassified","Single carriageway",30,NA,"Not a Pedestrian","Not a Pedestrian",432889,435852,"E01011424",2,"Not at junction or within 20 metres","Daylight","Fine no high winds","Dry","Cyclist"
"4174","20151328O1407",2015-08-24,2015,"Aug",24,"19:24",19,24,"Monday","Slight",1,"Slight","Taxi/Private hire car occupant","Passenger","Female",9,"Unclassified","Single carriageway",20,NA,"Not a Pedestrian","Not a Pedestrian",428531,437059,"E01011689",1,"Not at junction or within 20 metres","Daylight","Fine no high winds","Dry","Car occupant"
"4175","20151328P0237",2015-08-25,2015,"Aug",25,"07:15",7,15,"Tuesday","Slight",1,"Slight","Cyclist","Driver or rider","Male",23,"A","Single carriageway",30,"Unclassified","Not a Pedestrian","Not a Pedestrian",422543,429121,"E01011521",2,"T or staggered junction","Daylight","Fine no high winds","Dry","Cyclist"
"4176","20151328P0248",2015-08-25,2015,"Aug",25,"08:14",8,14,"Tuesday","Slight",1,"Slight","Cyclist","Driver or rider","Male",41,"Unclassified","Single carriageway",30,"Unclassified","Not a Pedestrian","Not a Pedestrian",432052,439745,"E01011568",2,"T or staggered junction","Daylight","Fine no high winds","Dry","Cyclist"
"4177","20151328P1592",2015-08-25,2015,"Aug",25,"08:40",8,40,"Tuesday","Serious",1,"Serious","Motorcycle 125cc and under rider or passenger","Driver or rider","Male",40,"A","Dual carriageway",40,"A","Not a Pedestrian","Not a Pedestrian",430747,439249,"E01011556",2,"Roundabout","Daylight","Fine no high winds","Dry","Motorcyclist and pillion"
"4178","20151328P0542",2015-08-25,2015,"Aug",25,"11:30",11,30,"Tuesday","Slight",1,"Slight","Bus or coach occupant (17 or more pass seats)","Passenger","Female",21,"Unclassified","Single carriageway",30,NA,"Not a Pedestrian","Not a Pedestrian",430922,433485,"E01033011",1,"Not at junction or within 20 metres","Daylight","Fine no high winds","Dry","Bus and goods vehicle occupant"
"4179","20151328P0644",2015-08-25,2015,"Aug",25,"12:30",12,30,"Tuesday","Slight",1,"Slight","Cyclist","Driver or rider","Female",50,"Unclassified","Single carriageway",30,"Unclassified","Not a Pedestrian","Not a Pedestrian",418968,446441,"E01011582",2,"T or staggered junction","Daylight","Fine no high winds","Dry","Cyclist"
"4180","20151328P1035",2015-08-25,2015,"Aug",25,"13:00",13,0,"Tuesday","Slight",1,"Slight","Bus or coach occupant (17 or more pass seats)","Passenger","Female",78,"Unclassified","Single carriageway",40,NA,"Not a Pedestrian","Not a Pedestrian",423042,443001,"E01032503",1,"Not at junction or within 20 metres","Daylight","Fine no high winds","Dry","Bus and goods vehicle occupant"
"4181","20151328P1194",2015-08-25,2015,"Aug",25,"17:00",17,0,"Tuesday","Slight",1,"Slight","Car occupant","Driver or rider","Male",24,"Unclassified","Single carriageway",30,"Unclassified","Not a Pedestrian","Not a Pedestrian",426143,437279,"E01011484",2,"T or staggered junction","Daylight","Fine no high winds","Dry","Car occupant"
"4182","20151328P1682",2015-08-25,2015,"Aug",25,"21:20",21,20,"Tuesday","Slight",2,"Slight","Car occupant","Passenger","Male",23,"Unclassified","Single carriageway",30,NA,"Not a Pedestrian","Not a Pedestrian",430360,433457,"E01033010",2,"Not at junction or within 20 metres","Darkness - lights lit","Fine no high winds","Dry","Car occupant"
"4183","20151328P1682",2015-08-25,2015,"Aug",25,"21:20",21,20,"Tuesday","Slight",2,"Slight","Car occupant","Passenger","Female",4,"Unclassified","Single carriageway",30,NA,"Not a Pedestrian","Not a Pedestrian",430360,433457,"E01033010",2,"Not at junction or within 20 metres","Darkness - lights lit","Fine no high winds","Dry","Car occupant"
"4184","20151328Q0414",2015-08-26,2015,"Aug",26,"07:30",7,30,"Wednesday","Slight",1,"Slight","Car occupant","Driver or rider","Male",33,"A","Single carriageway",60,"A","Not a Pedestrian","Not a Pedestrian",431246,445733,"E01011561",2,"T or staggered junction","Daylight","Raining no high winds","Wet or damp","Car occupant"
"4185","20151328Q0269",2015-08-26,2015,"Aug",26,"08:45",8,45,"Wednesday","Slight",1,"Slight","Cyclist","Driver or rider","Male",26,"Unclassified","Single carriageway",30,"Unclassified","Not a Pedestrian","Not a Pedestrian",431749,435501,"E01011429",2,"T or staggered junction","Daylight","Fine no high winds","Dry","Cyclist"
"4186","20151328Q0934",2015-08-26,2015,"Aug",26,"15:29",15,29,"Wednesday","Slight",1,"Slight","Cyclist","Driver or rider","Male",29,"A","Single carriageway",30,"Unclassified","Not a Pedestrian","Not a Pedestrian",427569,436873,"E01011694",2,"T or staggered junction","Daylight","Fine no high winds","Dry","Cyclist"
"4187","20151328R0800",2015-08-27,2015,"Aug",27,"13:45",13,45,"Thursday","Slight",1,"Slight","Motorcycle 50cc and under rider or passenger","Driver or rider","Male",18,"B","Single carriageway",30,NA,"Not a Pedestrian","Not a Pedestrian",418669,441467,"E01011271",1,"Not at junction or within 20 metres","Daylight","Fine no high winds","Dry","Motorcyclist and pillion"
"4188","20151328R1320",2015-08-27,2015,"Aug",27,"18:10",18,10,"Thursday","Slight",1,"Slight","Cyclist","Driver or rider","Female",20,"Unclassified","Single carriageway",30,"Unclassified","Not a Pedestrian","Not a Pedestrian",428690,434948,"E01033006",2,"Crossroads","Daylight","Fine no high winds","Dry","Cyclist"
"4189","20151328R1455",2015-08-27,2015,"Aug",27,"19:22",19,22,"Thursday","Slight",1,"Slight","Car occupant","Passenger","Female",65,"A","Single carriageway",40,"Unclassified","Not a Pedestrian","Not a Pedestrian",432532,443146,"E01011561",2,"T or staggered junction","Daylight","Fine no high winds","Dry","Car occupant"
"4190","20151328S0308",2015-08-28,2015,"Aug",28,"08:26",8,26,"Friday","Slight",2,"Slight","Car occupant","Driver or rider","Male",47,"Unclassified","Single carriageway",30,"Unclassified","Not a Pedestrian","Not a Pedestrian",428097,434512,"E01011481",2,"Crossroads","Daylight","Fine no high winds","Dry","Car occupant"
"4191","20151328S0308",2015-08-28,2015,"Aug",28,"08:26",8,26,"Friday","Slight",2,"Slight","Car occupant","Driver or rider","Female",26,"Unclassified","Single carriageway",30,"Unclassified","Not a Pedestrian","Not a Pedestrian",428097,434512,"E01011481",2,"Crossroads","Daylight","Fine no high winds","Dry","Car occupant"
"4192","20151328S0333",2015-08-28,2015,"Aug",28,"08:30",8,30,"Friday","Slight",2,"Slight","Car occupant","Driver or rider","Female",34,"Unclassified","Single carriageway",30,"Unclassified","Not a Pedestrian","Not a Pedestrian",427832,435806,"E01011435",2,"Crossroads","Daylight","Fine no high winds","Dry","Car occupant"
"4193","20151328S0333",2015-08-28,2015,"Aug",28,"08:30",8,30,"Friday","Slight",2,"Slight","Car occupant","Driver or rider","Male",40,"Unclassified","Single carriageway",30,"Unclassified","Not a Pedestrian","Not a Pedestrian",427832,435806,"E01011435",2,"Crossroads","Daylight","Fine no high winds","Dry","Car occupant"
"4194","20151328S1024",2015-08-28,2015,"Aug",28,"16:18",16,18,"Friday","Slight",2,"Slight","Car occupant","Driver or rider","Female",31,"Motorway","Dual carriageway",50,NA,"Not a Pedestrian","Not a Pedestrian",430273,431943,"E01011364",3,"Not at junction or within 20 metres","Daylight","Fine no high winds","Dry","Car occupant"
"4195","20151328S1024",2015-08-28,2015,"Aug",28,"16:18",16,18,"Friday","Slight",2,"Slight","Car occupant","Driver or rider","Male",45,"Motorway","Dual carriageway",50,NA,"Not a Pedestrian","Not a Pedestrian",430273,431943,"E01011364",3,"Not at junction or within 20 metres","Daylight","Fine no high winds","Dry","Car occupant"
"4196","20151328S1153",2015-08-28,2015,"Aug",28,"17:30",17,30,"Friday","Slight",1,"Slight","Car occupant","Driver or rider","Female",33,"A","Single carriageway",30,NA,"Not a Pedestrian","Not a Pedestrian",431555,435193,"E01011429",2,"Not at junction or within 20 metres","Daylight","Fine no high winds","Dry","Car occupant"
"4197","20151328S1305",2015-08-28,2015,"Aug",28,"18:25",18,25,"Friday","Slight",2,"Slight","Car occupant","Driver or rider","Female",18,"B","Dual carriageway",40,NA,"Not a Pedestrian","Not a Pedestrian",434686,433571,"E01011415",2,"Not at junction or within 20 metres","Daylight","Fine no high winds","Dry","Car occupant"
"4198","20151328S1305",2015-08-28,2015,"Aug",28,"18:25",18,25,"Friday","Slight",2,"Slight","Motorcycle over 500cc rider or passenger","Passenger","Female",40,"B","Dual carriageway",40,NA,"Not a Pedestrian","Not a Pedestrian",434686,433571,"E01011415",2,"Not at junction or within 20 metres","Daylight","Fine no high winds","Dry","Motorcyclist and pillion"
"4199","20151328S1405",2015-08-28,2015,"Aug",28,"19:49",19,49,"Friday","Slight",1,"Slight","Motorcycle 125cc and under rider or passenger","Driver or rider","Male",23,"Unclassified","Single carriageway",30,"Unclassified","Not a Pedestrian","Not a Pedestrian",425105,434211,"E01032606",2,"T or staggered junction","Daylight","Fine no high winds","Dry","Motorcyclist and pillion"
"4200","20151328S1653",2015-08-28,2015,"Aug",28,"21:15",21,15,"Friday","Serious",1,"Serious","Cyclist","Driver or rider","Male",29,"Unclassified","Roundabout",30,"Unclassified","Not a Pedestrian","Not a Pedestrian",433650,435307,"E01011339",2,"Roundabout","Darkness - lights lit","Fine no high winds","Dry","Cyclist"
"4201","20151328S1821",2015-08-28,2015,"Aug",28,"23:01",23,1,"Friday","Slight",1,"Slight","Van / Goods vehicle (3.5 tonnes mgw or under) occupant","Driver or rider","Female",33,"Motorway","Dual carriageway",70,NA,"Not a Pedestrian","Not a Pedestrian",425498,428680,"E01011522",1,"Not at junction or within 20 metres","Darkness - lights lit","Fine no high winds","Dry","Bus and goods vehicle occupant"
"4202","20151328T0569",2015-08-29,2015,"Aug",29,"10:20",10,20,"Saturday","Slight",3,"Slight","Car occupant","Driver or rider","Female",62,"A","Dual carriageway",30,"Unclassified","Not a Pedestrian","Not a Pedestrian",436184,434391,"E01011408",2,"T or staggered junction","Daylight","Fine no high winds","Dry","Car occupant"
"4203","20151328T0569",2015-08-29,2015,"Aug",29,"10:20",10,20,"Saturday","Slight",3,"Slight","Car occupant","Passenger","Female",81,"A","Dual carriageway",30,"Unclassified","Not a Pedestrian","Not a Pedestrian",436184,434391,"E01011408",2,"T or staggered junction","Daylight","Fine no high winds","Dry","Car occupant"
"4204","20151328T0569",2015-08-29,2015,"Aug",29,"10:20",10,20,"Saturday","Slight",3,"Slight","Car occupant","Passenger","Male",28,"A","Dual carriageway",30,"Unclassified","Not a Pedestrian","Not a Pedestrian",436184,434391,"E01011408",2,"T or staggered junction","Daylight","Fine no high winds","Dry","Car occupant"
"4205","20151328T1552",2015-08-29,2015,"Aug",29,"19:45",19,45,"Saturday","Serious",1,"Serious","Cyclist","Driver or rider","Male",71,"Unclassified","Single carriageway",60,NA,"Not a Pedestrian","Not a Pedestrian",442464,447890,"E01011697",2,"Not at junction or within 20 metres","Daylight","Fine no high winds","Dry","Cyclist"
"4206","20151328T2037",2015-08-29,2015,"Aug",29,"23:40",23,40,"Saturday","Slight",3,"Slight","Car occupant","Driver or rider","Male",21,"A","Dual carriageway",30,NA,"Not a Pedestrian","Not a Pedestrian",429080,433631,"E01011678",1,"Not at junction or within 20 metres","Darkness - lights lit","Fine no high winds","Dry","Car occupant"
"4207","20151328T2037",2015-08-29,2015,"Aug",29,"23:40",23,40,"Saturday","Slight",3,"Slight","Car occupant","Passenger","Male",20,"A","Dual carriageway",30,NA,"Not a Pedestrian","Not a Pedestrian",429080,433631,"E01011678",1,"Not at junction or within 20 metres","Darkness - lights lit","Fine no high winds","Dry","Car occupant"
"4208","20151328T2037",2015-08-29,2015,"Aug",29,"23:40",23,40,"Saturday","Slight",3,"Slight","Car occupant","Passenger","Male",21,"A","Dual carriageway",30,NA,"Not a Pedestrian","Not a Pedestrian",429080,433631,"E01011678",1,"Not at junction or within 20 metres","Darkness - lights lit","Fine no high winds","Dry","Car occupant"
"4209","20151328U0680",2015-08-30,2015,"Aug",30,"12:33",12,33,"Sunday","Slight",1,"Slight","Pedestrian","Pedestrian","Female",30,"Unclassified","Single carriageway",30,"Unclassified","In carriageway, crossing elsewhere","Crossing from driver's nearside",426219,427803,"E01011541",1,"T or staggered junction","Daylight","Fine no high winds","Dry","Pedestrian"
"4210","20151328U0756",2015-08-30,2015,"Aug",30,"13:28",13,28,"Sunday","Slight",1,"Slight","Motorcycle over 500cc rider or passenger","Driver or rider","Male",57,"A","Roundabout",40,"Unclassified","Not a Pedestrian","Not a Pedestrian",420308,434268,"E01011597",2,"Other junction","Daylight","Fine no high winds","Dry","Motorcyclist and pillion"
"4211","20151328U0864",2015-08-30,2015,"Aug",30,"14:15",14,15,"Sunday","Slight",2,"Slight","Car occupant","Passenger","Female",31,"A","Dual carriageway",40,"Unclassified","Not a Pedestrian","Not a Pedestrian",434438,434385,"E01011341",2,"Slip road","Daylight","Fine no high winds","Dry","Car occupant"
"4212","20151328U0864",2015-08-30,2015,"Aug",30,"14:15",14,15,"Sunday","Slight",2,"Slight","Car occupant","Passenger","Female",10,"A","Dual carriageway",40,"Unclassified","Not a Pedestrian","Not a Pedestrian",434438,434385,"E01011341",2,"Slip road","Daylight","Fine no high winds","Dry","Car occupant"
"4213","20151328U1212",2015-08-30,2015,"Aug",30,"17:50",17,50,"Sunday","Serious",2,"Serious","Motorcycle over 500cc rider or passenger","Driver or rider","Male",36,"Unclassified","Single carriageway",30,NA,"Not a Pedestrian","Not a Pedestrian",429152,429305,"E01011493",1,"Not at junction or within 20 metres","Daylight","Fine no high winds","Dry","Motorcyclist and pillion"