"","accident_index","date","year","month","day","time","time_hour","time_minute","day_of_week","accident_severity","number_of_casualties","casualty_severity","casualty_type","casualty_class","sex_of_casualty","age_of_casualty","first_road_class","road_type","speed_limit","second_road_class","pedestrian_location","pedestrian_movement","location_easting_osgr","location_northing_osgr","lsoa_of_accident_location","number_of_vehicles","junction_detail","light_conditions","weather_conditions","road_surface_conditions","cas_type"
"4214","20151328U1212",2015-08-30,2015,"Aug",30,"17:50",17,50,"Sunday","Serious",2,"Serious","Pedestrian","Pedestrian","Male",10,"Unclassified","Single carriageway",30,NA,"In centre of carriageway - not on refuge, island or central reservation","Crossing from driver's offside",429152,429305,"E01011493",1,"Not at junction or within 20 metres","Daylight","Fine no high winds","Dry","Pedestrian"
"4215","20151328U1232",2015-08-30,2015,"Aug",30,"18:05",18,5,"Sunday","Slight",3,"Slight","Car occupant","Driver or rider","Male",57,"Unclassified","Dual carriageway",30,"A","Not a Pedestrian","Not a Pedestrian",429008,433567,"E01011678",2,"T or staggered junction","Daylight","Fine no high winds","Dry","Car occupant"
"4216","20151328U1232",2015-08-30,2015,"Aug",30,"18:05",18,5,"Sunday","Slight",3,"Slight","Car occupant","Passenger","Female",49,"Unclassified","Dual carriageway",30,"A","Not a Pedestrian","Not a Pedestrian",429008,433567,"E01011678",2,"T or staggered junction","Daylight","Fine no high winds","Dry","Car occupant"
"4217","20151328U1232",2015-08-30,2015,"Aug",30,"18:05",18,5,"Sunday","Slight",3,"Slight","Car occupant","Driver or rider","Male",29,"Unclassified","Dual carriageway",30,"A","Not a Pedestrian","Not a Pedestrian",429008,433567,"E01011678",2,"T or staggered junction","Daylight","Fine no high winds","Dry","Car occupant"
"4218","20151328V0788",2015-08-31,2015,"Aug",31,"13:31",13,31,"Monday","Slight",1,"Slight","Car occupant","Driver or rider","Male",24,"Unclassified","Single carriageway",30,NA,"Not a Pedestrian","Not a Pedestrian",424870,437363,"E01011464",4,"Not at junction or within 20 metres","Daylight","Fine no high winds","Dry","Car occupant"
"4219","2015132910178",2015-09-01,2015,"Sep",1,"06:15",6,15,"Tuesday","Fatal",1,"Fatal","Motorcycle 125cc and under rider or passenger","Driver or rider","Male",44,"A","Dual carriageway",40,"A","Not a Pedestrian","Not a Pedestrian",427529,426263,"E01011550",2,"Other junction","Daylight","Fine no high winds","Wet or damp","Motorcyclist and pillion"
"4220","2015132910295",2015-09-01,2015,"Sep",1,"09:13",9,13,"Tuesday","Slight",1,"Slight","Pedestrian","Pedestrian","Male",35,"A","Dual carriageway",40,NA,"In carriageway, not crossing","Unknown or other",425627,434251,"E01011283",1,"Not at junction or within 20 metres","Daylight","Fine no high winds","Dry","Pedestrian"
"4221","2015132911520",2015-09-01,2015,"Sep",1,"15:20",15,20,"Tuesday","Slight",1,"Slight","Minibus (8 - 16 passenger seats) occupant","Driver or rider","Female",42,"A","Single carriageway",30,"Unclassified","Not a Pedestrian","Not a Pedestrian",426275,435799,"E01011488",2,"T or staggered junction","Daylight","Fine no high winds","Dry","Bus and goods vehicle occupant"
"4222","2015132911181",2015-09-01,2015,"Sep",1,"17:57",17,57,"Tuesday","Slight",1,"Slight","Car occupant","Driver or rider","Female",18,"Unclassified","Single carriageway",30,"Unclassified","Not a Pedestrian","Not a Pedestrian",428160,430064,"E01011317",2,"T or staggered junction","Daylight","Fine no high winds","Dry","Car occupant"
"4223","2015132911358",2015-09-01,2015,"Sep",1,"19:24",19,24,"Tuesday","Slight",1,"Slight","Pedestrian","Pedestrian","Male",68,"B","Unknown",30,NA,"Unknown or other","Walking along in carriageway, back to traffic",428750,437049,"E01011691",1,"Not at junction or within 20 metres","Darkness - lights lit","Raining no high winds","Wet or damp","Pedestrian"
"4224","2015132911428",2015-09-01,2015,"Sep",1,"20:33",20,33,"Tuesday","Serious",1,"Serious","Motorcycle over 500cc rider or passenger","Driver or rider","Male",46,"Unclassified","Single carriageway",30,"Unclassified","Not a Pedestrian","Not a Pedestrian",432581,434909,"E01011433",2,"T or staggered junction","Darkness - lights lit","Fine no high winds","Wet or damp","Motorcyclist and pillion"
"4225","2015132911470",2015-09-01,2015,"Sep",1,"20:55",20,55,"Tuesday","Slight",1,"Slight","Cyclist","Driver or rider","Male",22,"Unclassified","Single carriageway",30,NA,"Not a Pedestrian","Not a Pedestrian",431317,433910,"E01033031",2,"Not at junction or within 20 metres","Darkness - lights lit","Fine no high winds","Wet or damp","Cyclist"
"4226","2015132920325",2015-09-02,2015,"Sep",2,"07:04",7,4,"Wednesday","Slight",1,"Slight","Cyclist","Driver or rider","Female",25,"A","Single carriageway",30,"Unclassified","Not a Pedestrian","Not a Pedestrian",428576,434242,"E01011681",2,"T or staggered junction","Daylight","Fine no high winds","Dry","Cyclist"
"4227","2015132920290",2015-09-02,2015,"Sep",2,"08:32",8,32,"Wednesday","Serious",1,"Serious","Cyclist","Driver or rider","Male",27,"B","Single carriageway",30,NA,"Not a Pedestrian","Not a Pedestrian",426265,433084,"E01011729",2,"Not at junction or within 20 metres","Daylight","Fine no high winds","Dry","Cyclist"
"4228","2015132920513",2015-09-02,2015,"Sep",2,"11:30",11,30,"Wednesday","Slight",1,"Slight","Car occupant","Driver or rider","Female",37,"A","Roundabout",40,"Motorway","Not a Pedestrian","Not a Pedestrian",428539,431538,"E01011366",2,"Roundabout","Daylight","Fine no high winds","Dry","Car occupant"
"4229","2015132921626",2015-09-02,2015,"Sep",2,"16:31",16,31,"Wednesday","Slight",1,"Slight","Car occupant","Passenger","Female",58,"Unclassified","Single carriageway",30,NA,"Not a Pedestrian","Not a Pedestrian",427867,437283,"E01011690",1,"Not at junction or within 20 metres","Daylight","Fine no high winds","Dry","Car occupant"
"4230","2015132921170",2015-09-02,2015,"Sep",2,"17:35",17,35,"Wednesday","Slight",1,"Slight","Pedestrian","Pedestrian","Male",27,"Unclassified","Single carriageway",30,NA,"In carriageway, not crossing","Walking along in carriageway, back to traffic",431962,435043,"E01011434",1,"Not at junction or within 20 metres","Daylight","Fine no high winds","Dry","Pedestrian"
"4231","2015132921255",2015-09-02,2015,"Sep",2,"18:00",18,0,"Wednesday","Slight",1,"Slight","Cyclist","Driver or rider","Male",49,"Unclassified","Single carriageway",30,"Unclassified","Not a Pedestrian","Not a Pedestrian",423447,437675,"E01011465",2,"Other junction","Daylight","Raining no high winds","Wet or damp","Cyclist"
"4232","2015132921225",2015-09-02,2015,"Sep",2,"18:13",18,13,"Wednesday","Slight",1,"Slight","Pedestrian","Pedestrian","Male",27,"Unclassified","Single carriageway",30,NA,"In carriageway, crossing elsewhere","Crossing from nearside - masked by parked or stationary vehicle",430184,433397,"E01033010",1,"Not at junction or within 20 metres","Daylight","Fine no high winds","Dry","Pedestrian"
"4233","2015132921300",2015-09-02,2015,"Sep",2,"18:30",18,30,"Wednesday","Slight",1,"Slight","Car occupant","Driver or rider","Male",20,"Unclassified","Single carriageway",30,"A","Not a Pedestrian","Not a Pedestrian",427062,431803,"E01011736",2,"Crossroads","Daylight","Fine no high winds","Dry","Car occupant"
"4234","2015132921318",2015-09-02,2015,"Sep",2,"19:10",19,10,"Wednesday","Slight",1,"Slight","Bus or coach occupant (17 or more pass seats)","Passenger","Female",47,"Unclassified","Single carriageway",30,"Unclassified","Not a Pedestrian","Not a Pedestrian",423552,433923,"E01011611",2,"T or staggered junction","Daylight","Fine no high winds","Dry","Bus and goods vehicle occupant"
"4235","2015132930390",2015-09-03,2015,"Sep",3,"10:15",10,15,"Thursday","Slight",1,"Slight","Car occupant","Driver or rider","Female",38,"A","Single carriageway",40,NA,"Not a Pedestrian","Not a Pedestrian",422351,436905,"E01011452",2,"Not at junction or within 20 metres","Daylight","Fine no high winds","Dry","Car occupant"
"4236","2015132930529",2015-09-03,2015,"Sep",3,"11:56",11,56,"Thursday","Slight",1,"Slight","Motorcycle 125cc and under rider or passenger","Driver or rider","Male",17,"A","Single carriageway",30,NA,"Not a Pedestrian","Not a Pedestrian",431228,432845,"E01033034",2,"Not at junction or within 20 metres","Daylight","Fine no high winds","Dry","Motorcyclist and pillion"
"4237","2015132930587",2015-09-03,2015,"Sep",3,"12:23",12,23,"Thursday","Slight",4,"Slight","Car occupant","Driver or rider","Female",35,"A","Dual carriageway",30,"B","Not a Pedestrian","Not a Pedestrian",428568,427785,"E01011540",2,"Roundabout","Daylight","Fine no high winds","Dry","Car occupant"
"4238","2015132930587",2015-09-03,2015,"Sep",3,"12:23",12,23,"Thursday","Slight",4,"Slight","Car occupant","Passenger","Male",8,"A","Dual carriageway",30,"B","Not a Pedestrian","Not a Pedestrian",428568,427785,"E01011540",2,"Roundabout","Daylight","Fine no high winds","Dry","Car occupant"
"4239","2015132930587",2015-09-03,2015,"Sep",3,"12:23",12,23,"Thursday","Slight",4,"Slight","Car occupant","Passenger","Female",1,"A","Dual carriageway",30,"B","Not a Pedestrian","Not a Pedestrian",428568,427785,"E01011540",2,"Roundabout","Daylight","Fine no high winds","Dry","Car occupant"
"4240","2015132930587",2015-09-03,2015,"Sep",3,"12:23",12,23,"Thursday","Slight",4,"Slight","Car occupant","Passenger","Female",26,"A","Dual carriageway",30,"B","Not a Pedestrian","Not a Pedestrian",428568,427785,"E01011540",2,"Roundabout","Daylight","Fine no high winds","Dry","Car occupant"
"4241","2015132940397",2015-09-03,2015,"Sep",3,"16:45",16,45,"Thursday","Slight",1,"Slight","Cyclist","Driver or rider","Male",41,"Unclassified","Single carriageway",30,NA,"Not a Pedestrian","Not a Pedestrian",430718,433603,"E01033011",2,"Not at junction or within 20 metres","Daylight","Fine no high winds","Dry","Cyclist"
"4242","2015132961012",2015-09-04,2015,"Sep",4,"15:56",15,56,"Friday","Slight",1,"Slight","Car occupant","Driver or rider","Female",22,"Unclassified","Single carriageway",30,"Unclassified","Not a Pedestrian","Not a Pedestrian",433502,434028,"E01011617",2,"Other junction","Daylight","Fine no high winds","Dry","Car occupant"
"4243","2015132941054",2015-09-04,2015,"Sep",4,"16:54",16,54,"Friday","Slight",1,"Slight","Car occupant","Driver or rider","Female",60,"A","Single carriageway",40,NA,"Not a Pedestrian","Not a Pedestrian",425498,436398,"E01011485",3,"Not at junction or within 20 metres","Daylight","Fine no high winds","Dry","Car occupant"
"4244","2015132941227",2015-09-04,2015,"Sep",4,"18:34",18,34,"Friday","Slight",1,"Slight","Car occupant","Passenger","Female",41,"A","Dual carriageway",40,NA,"Not a Pedestrian","Not a Pedestrian",426507,433928,"E01032608",2,"Not at junction or within 20 metres","Daylight","Fine no high winds","Dry","Car occupant"
"4245","2015132931234",2015-09-04,2015,"Sep",4,"18:43",18,43,"Friday","Serious",1,"Serious","Pedestrian","Pedestrian","Female",9,"Unclassified","Single carriageway",20,NA,"In carriageway, crossing elsewhere","Crossing from nearside - masked by parked or stationary vehicle",434904,437073,"E01011657",1,"Not at junction or within 20 metres","Daylight","Fine no high winds","Dry","Pedestrian"
"4246","2015132941276",2015-09-04,2015,"Sep",4,"19:10",19,10,"Friday","Serious",3,"Slight","Car occupant","Driver or rider","Female",28,"Unclassified","Single carriageway",30,"Unclassified","Not a Pedestrian","Not a Pedestrian",426432,433303,"E01032607",2,"T or staggered junction","Daylight","Fine no high winds","Dry","Car occupant"
"4247","2015132941276",2015-09-04,2015,"Sep",4,"19:10",19,10,"Friday","Serious",3,"Slight","Car occupant","Passenger","Male",23,"Unclassified","Single carriageway",30,"Unclassified","Not a Pedestrian","Not a Pedestrian",426432,433303,"E01032607",2,"T or staggered junction","Daylight","Fine no high winds","Dry","Car occupant"
"4248","2015132941276",2015-09-04,2015,"Sep",4,"19:10",19,10,"Friday","Serious",3,"Serious","Motorcycle 125cc and under rider or passenger","Driver or rider","Male",16,"Unclassified","Single carriageway",30,"Unclassified","Not a Pedestrian","Not a Pedestrian",426432,433303,"E01032607",2,"T or staggered junction","Daylight","Fine no high winds","Dry","Motorcyclist and pillion"
"4249","2015132941759",2015-09-04,2015,"Sep",4,"23:53",23,53,"Friday","Slight",1,"Slight","Car occupant","Driver or rider","Female",37,"A","Single carriageway",30,"Unclassified","Not a Pedestrian","Not a Pedestrian",421635,440843,"E01011578",2,"Crossroads","Daylight","Fine no high winds","Dry","Car occupant"
"4250","2015132950323",2015-09-05,2015,"Sep",5,"07:00",7,0,"Saturday","Slight",1,"Slight","Motorcycle over 500cc rider or passenger","Driver or rider","Male",23,"A(M)","Dual carriageway",70,"Motorway","Not a Pedestrian","Not a Pedestrian",443613,435496,"E01011297",1,"Other junction","Daylight","Fine no high winds","Wet or damp","Motorcyclist and pillion"
"4251","2015132950836",2015-09-05,2015,"Sep",5,"13:56",13,56,"Saturday","Slight",1,"Slight","Car occupant","Passenger","Female",24,"Unclassified","Single carriageway",30,"Unclassified","Not a Pedestrian","Not a Pedestrian",431089,435718,"E01011361",2,"Crossroads","Daylight","Fine no high winds","Dry","Car occupant"
"4252","2015132951290",2015-09-05,2015,"Sep",5,"15:05",15,5,"Saturday","Serious",1,"Serious","Bus or coach occupant (17 or more pass seats)","Passenger","Female",74,"Unclassified","Single carriageway",30,NA,"Not a Pedestrian","Not a Pedestrian",424263,439001,"E01011459",2,"Not at junction or within 20 metres","Daylight","Fine no high winds","Dry","Bus and goods vehicle occupant"
"4253","2015132951011",2015-09-05,2015,"Sep",5,"15:45",15,45,"Saturday","Serious",1,"Serious","Cyclist","Driver or rider","Male",44,"Unclassified","Dual carriageway",30,"A(M)","Not a Pedestrian","Not a Pedestrian",429002,433564,"E01011363",2,"Slip road","Daylight","Fine no high winds","Dry","Cyclist"
"4254","2015132951293",2015-09-05,2015,"Sep",5,"17:50",17,50,"Saturday","Slight",1,"Slight","Car occupant","Driver or rider","Male",39,"Unclassified","Single carriageway",30,NA,"Not a Pedestrian","Not a Pedestrian",429701,434344,"E01033008",2,"Not at junction or within 20 metres","Daylight","Fine no high winds","Dry","Car occupant"
"4255","2015132951501",2015-09-05,2015,"Sep",5,"20:55",20,55,"Saturday","Serious",1,"Serious","Car occupant","Driver or rider","Male",34,"Motorway","Dual carriageway",70,NA,"Not a Pedestrian","Not a Pedestrian",427969,426432,"E01011550",2,"Not at junction or within 20 metres","Darkness - lights lit","Fine no high winds","Dry","Car occupant"
"4256","2015132951528",2015-09-05,2015,"Sep",5,"22:00",22,0,"Saturday","Serious",3,"Serious","Car occupant","Driver or rider","Male",25,"A","Unknown",30,NA,"Not a Pedestrian","Not a Pedestrian",432600,428270,"E01011496",2,"Not at junction or within 20 metres","Darkness - lights unlit","Fine no high winds","Dry","Car occupant"
"4257","2015132951528",2015-09-05,2015,"Sep",5,"22:00",22,0,"Saturday","Serious",3,"Serious","Car occupant","Passenger","Male",22,"A","Unknown",30,NA,"Not a Pedestrian","Not a Pedestrian",432600,428270,"E01011496",2,"Not at junction or within 20 metres","Darkness - lights unlit","Fine no high winds","Dry","Car occupant"
"4258","2015132951528",2015-09-05,2015,"Sep",5,"22:00",22,0,"Saturday","Serious",3,"Serious","Car occupant","Passenger","Male",18,"A","Unknown",30,NA,"Not a Pedestrian","Not a Pedestrian",432600,428270,"E01011496",2,"Not at junction or within 20 metres","Darkness - lights unlit","Fine no high winds","Dry","Car occupant"
"4259","2015132951660",2015-09-05,2015,"Sep",5,"22:30",22,30,"Saturday","Serious",4,"Slight","Car occupant","Driver or rider","Male",18,"B","Single carriageway",30,"Unclassified","Not a Pedestrian","Not a Pedestrian",423855,429475,"E01011520",2,"Other junction","Darkness - lights lit","Fine no high winds","Dry","Car occupant"
"4260","2015132951660",2015-09-05,2015,"Sep",5,"22:30",22,30,"Saturday","Serious",4,"Slight","Car occupant","Passenger","Male",20,"B","Single carriageway",30,"Unclassified","Not a Pedestrian","Not a Pedestrian",423855,429475,"E01011520",2,"Other junction","Darkness - lights lit","Fine no high winds","Dry","Car occupant"
"4261","2015132951660",2015-09-05,2015,"Sep",5,"22:30",22,30,"Saturday","Serious",4,"Serious","Car occupant","Driver or rider","Male",20,"B","Single carriageway",30,"Unclassified","Not a Pedestrian","Not a Pedestrian",423855,429475,"E01011520",2,"Other junction","Darkness - lights lit","Fine no high winds","Dry","Car occupant"
"4262","2015132951660",2015-09-05,2015,"Sep",5,"22:30",22,30,"Saturday","Serious",4,"Serious","Car occupant","Passenger","Male",18,"B","Single carriageway",30,"Unclassified","Not a Pedestrian","Not a Pedestrian",423855,429475,"E01011520",2,"Other junction","Darkness - lights lit","Fine no high winds","Dry","Car occupant"
"4263","2015132960386",2015-09-06,2015,"Sep",6,"07:20",7,20,"Sunday","Slight",1,"Slight","Cyclist","Driver or rider","Male",27,"A","Roundabout",40,"Unclassified","Not a Pedestrian","Not a Pedestrian",429775,438891,"E01011558",2,"Roundabout","Daylight","Fine no high winds","Dry","Cyclist"
"4264","2015132980881",2015-09-06,2015,"Sep",6,"18:06",18,6,"Sunday","Slight",4,"Slight","Car occupant","Driver or rider","Male",23,"A","Dual carriageway",40,"B","Not a Pedestrian","Not a Pedestrian",440006,432388,"E01011402",2,"T or staggered junction","Daylight","Fine no high winds","Dry","Car occupant"
"4265","2015132980881",2015-09-06,2015,"Sep",6,"18:06",18,6,"Sunday","Slight",4,"Slight","Car occupant","Passenger","Female",53,"A","Dual carriageway",40,"B","Not a Pedestrian","Not a Pedestrian",440006,432388,"E01011402",2,"T or staggered junction","Daylight","Fine no high winds","Dry","Car occupant"
"4266","2015132980881",2015-09-06,2015,"Sep",6,"18:06",18,6,"Sunday","Slight",4,"Slight","Car occupant","Passenger","Female",21,"A","Dual carriageway",40,"B","Not a Pedestrian","Not a Pedestrian",440006,432388,"E01011402",2,"T or staggered junction","Daylight","Fine no high winds","Dry","Car occupant"
"4267","2015132980881",2015-09-06,2015,"Sep",6,"18:06",18,6,"Sunday","Slight",4,"Slight","Car occupant","Passenger","Male",1,"A","Dual carriageway",40,"B","Not a Pedestrian","Not a Pedestrian",440006,432388,"E01011402",2,"T or staggered junction","Daylight","Fine no high winds","Dry","Car occupant"
"4268","2015132961648",2015-09-06,2015,"Sep",6,"21:33",21,33,"Sunday","Slight",1,"Slight","Car occupant","Driver or rider","Female",48,"Unclassified","Single carriageway",30,"Unclassified","Not a Pedestrian","Not a Pedestrian",429922,427806,"E01011494",2,"Mini-roundabout","Darkness - lights lit","Fine no high winds","Dry","Car occupant"
"4269","2015132961690",2015-09-06,2015,"Sep",6,"22:00",22,0,"Sunday","Slight",6,"Slight","Car occupant","Driver or rider","Female",24,"Unclassified","Dual carriageway",30,"A","Not a Pedestrian","Not a Pedestrian",429369,433782,"E01011678",2,"Crossroads","Darkness - lights lit","Fine no high winds","Wet or damp","Car occupant"
"4270","2015132961690",2015-09-06,2015,"Sep",6,"22:00",22,0,"Sunday","Slight",6,"Slight","Car occupant","Passenger","Female",52,"Unclassified","Dual carriageway",30,"A","Not a Pedestrian","Not a Pedestrian",429369,433782,"E01011678",2,"Crossroads","Darkness - lights lit","Fine no high winds","Wet or damp","Car occupant"
"4271","2015132961690",2015-09-06,2015,"Sep",6,"22:00",22,0,"Sunday","Slight",6,"Slight","Car occupant","Driver or rider","Male",33,"Unclassified","Dual carriageway",30,"A","Not a Pedestrian","Not a Pedestrian",429369,433782,"E01011678",2,"Crossroads","Darkness - lights lit","Fine no high winds","Wet or damp","Car occupant"
"4272","2015132961690",2015-09-06,2015,"Sep",6,"22:00",22,0,"Sunday","Slight",6,"Slight","Car occupant","Passenger","Female",43,"Unclassified","Dual carriageway",30,"A","Not a Pedestrian","Not a Pedestrian",429369,433782,"E01011678",2,"Crossroads","Darkness - lights lit","Fine no high winds","Wet or damp","Car occupant"
"4273","2015132961690",2015-09-06,2015,"Sep",6,"22:00",22,0,"Sunday","Slight",6,"Slight","Car occupant","Passenger","Female",21,"Unclassified","Dual carriageway",30,"A","Not a Pedestrian","Not a Pedestrian",429369,433782,"E01011678",2,"Crossroads","Darkness - lights lit","Fine no high winds","Wet or damp","Car occupant"
"4274","2015132961690",2015-09-06,2015,"Sep",6,"22:00",22,0,"Sunday","Slight",6,"Slight","Car occupant","Passenger","Female",17,"Unclassified","Dual carriageway",30,"A","Not a Pedestrian","Not a Pedestrian",429369,433782,"E01011678",2,"Crossroads","Darkness - lights lit","Fine no high winds","Wet or damp","Car occupant"
"4275","2015132970351",2015-09-07,2015,"Sep",7,"06:45",6,45,"Monday","Slight",1,"Slight","Cyclist","Driver or rider","Female",34,"Unclassified","Roundabout",30,"Unclassified","Not a Pedestrian","Not a Pedestrian",426191,437503,"E01011687",2,"Roundabout","Daylight","Fine no high winds","Dry","Cyclist"
"4276","2015132970690",2015-09-07,2015,"Sep",7,"13:53",13,53,"Monday","Slight",1,"Slight","Car occupant","Driver or rider","Female",39,"A","Dual carriageway",40,"Unclassified","Not a Pedestrian","Not a Pedestrian",429788,430628,"E01011322",3,"T or staggered junction","Daylight","Fine no high winds","Dry","Car occupant"
"4277","2015132971431",2015-09-07,2015,"Sep",7,"20:25",20,25,"Monday","Slight",1,"Slight","Car occupant","Passenger","Female",50,"Unclassified","Single carriageway",30,NA,"Not a Pedestrian","Not a Pedestrian",429613,433801,"E01033008",2,"Not at junction or within 20 metres","Darkness - lights lit","Fine no high winds","Dry","Car occupant"
"4278","2015132981012",2015-09-08,2015,"Sep",8,"08:55",8,55,"Tuesday","Slight",1,"Slight","Taxi/Private hire car occupant","Passenger","Female",24,"Unclassified","Single carriageway",30,"Unclassified","Not a Pedestrian","Not a Pedestrian",431483,435011,"E01011673",2,"T or staggered junction","Daylight","Fine no high winds","Dry","Car occupant"
"4279","2015132980475",2015-09-08,2015,"Sep",8,"11:24",11,24,"Tuesday","Slight",1,"Slight","Car occupant","Driver or rider","Male",84,"Unclassified","Single carriageway",30,NA,"Not a Pedestrian","Not a Pedestrian",440208,432953,"E01011396",1,"Not at junction or within 20 metres","Daylight","Fine no high winds","Dry","Car occupant"
"4280","2015132980756",2015-09-08,2015,"Sep",8,"14:40",14,40,"Tuesday","Serious",2,"Slight","Car occupant","Driver or rider","Male",21,"Unclassified","Single carriageway",60,NA,"Not a Pedestrian","Not a Pedestrian",415382,443006,"E01011270",2,"Not at junction or within 20 metres","Daylight","Fine no high winds","Dry","Car occupant"
"4281","2015132980756",2015-09-08,2015,"Sep",8,"14:40",14,40,"Tuesday","Serious",2,"Serious","Car occupant","Driver or rider","Male",66,"Unclassified","Single carriageway",60,NA,"Not a Pedestrian","Not a Pedestrian",415382,443006,"E01011270",2,"Not at junction or within 20 metres","Daylight","Fine no high winds","Dry","Car occupant"
"4282","2015132981412",2015-09-08,2015,"Sep",8,"20:20",20,20,"Tuesday","Slight",1,"Slight","Car occupant","Driver or rider","Female",20,"A","One way street",30,"Unclassified","Not a Pedestrian","Not a Pedestrian",430059,433940,"E01033010",3,"Crossroads","Darkness - lights lit","Fine no high winds","Dry","Car occupant"
"4283","2015132990248",2015-09-09,2015,"Sep",9,"08:20",8,20,"Wednesday","Slight",1,"Slight","Car occupant","Driver or rider","Female",22,"A","Dual carriageway",70,NA,"Not a Pedestrian","Not a Pedestrian",428435,428631,"E01011540",3,"Not at junction or within 20 metres","Daylight","Fine no high winds","Dry","Car occupant"
"4284","2015132990960",2015-09-09,2015,"Sep",9,"10:30",10,30,"Wednesday","Slight",1,"Slight","Car occupant","Driver or rider","Female",31,"A","Dual carriageway",30,"Unclassified","Not a Pedestrian","Not a Pedestrian",428056,434296,"E01011483",2,"Crossroads","Daylight","Fine no high winds","Dry","Car occupant"
"4285","2015132990494",2015-09-09,2015,"Sep",9,"11:11",11,11,"Wednesday","Slight",1,"Slight","Car occupant","Driver or rider","Female",23,"A","Dual carriageway",40,NA,"Not a Pedestrian","Not a Pedestrian",425373,434324,"E01011286",3,"Not at junction or within 20 metres","Daylight","Fine no high winds","Dry","Car occupant"
"4286","2015132990869",2015-09-09,2015,"Sep",9,"14:54",14,54,"Wednesday","Slight",1,"Slight","Motorcycle 125cc and under rider or passenger","Driver or rider","Male",20,"Unclassified","Single carriageway",30,"Unclassified","Not a Pedestrian","Not a Pedestrian",434959,436880,"E01011657",1,"Crossroads","Daylight","Fine no high winds","Dry","Motorcyclist and pillion"
"4287","2015132971036",2015-09-09,2015,"Sep",9,"17:00",17,0,"Wednesday","Slight",1,"Slight","Pedestrian","Pedestrian","Male",43,"Unclassified","Roundabout",30,"Unclassified","In carriageway, crossing elsewhere","Crossing from driver's nearside",419622,433581,"E01011597",1,"Roundabout","Daylight","Fine no high winds","Dry","Pedestrian"
"4288","2015132991731",2015-09-09,2015,"Sep",9,"23:00",23,0,"Wednesday","Slight",2,"Slight","Car occupant","Driver or rider","Male",24,"A(M)","Dual carriageway",70,NA,"Not a Pedestrian","Not a Pedestrian",444803,433399,"E01011297",1,"Not at junction or within 20 metres","Darkness - no lighting","Fine no high winds","Dry","Car occupant"
"4289","2015132991731",2015-09-09,2015,"Sep",9,"23:00",23,0,"Wednesday","Slight",2,"Slight","Car occupant","Passenger","Female",23,"A(M)","Dual carriageway",70,NA,"Not a Pedestrian","Not a Pedestrian",444803,433399,"E01011297",1,"Not at junction or within 20 metres","Darkness - no lighting","Fine no high winds","Dry","Car occupant"
"4290","20151329A0073",2015-09-10,2015,"Sep",10,"01:25",1,25,"Thursday","Slight",1,"Slight","Pedestrian","Pedestrian","Male",32,"Unclassified","Single carriageway",30,"A","On footway or verge","Unknown or other",431339,435069,"E01011429",3,"T or staggered junction","Darkness - lights lit","Fine no high winds","Dry","Pedestrian"
"4291","20151329A0661",2015-09-10,2015,"Sep",10,"12:59",12,59,"Thursday","Slight",1,"Slight","Pedestrian","Pedestrian","Female",22,"Unclassified","Single carriageway",30,NA,"On footway or verge","Unknown or other",432542,435640,"E01011427",1,"Not at junction or within 20 metres","Daylight","Fine no high winds","Dry","Pedestrian"
"4292","20151329A1314",2015-09-10,2015,"Sep",10,"17:00",17,0,"Thursday","Serious",1,"Serious","Bus or coach occupant (17 or more pass seats)","Passenger","Female",83,"Unclassified","Single carriageway",30,NA,"Not a Pedestrian","Not a Pedestrian",429915,433797,"E01033010",1,"Not at junction or within 20 metres","Daylight","Fine no high winds","Dry","Bus and goods vehicle occupant"
"4293","20151329A1112",2015-09-10,2015,"Sep",10,"17:10",17,10,"Thursday","Slight",2,"Slight","Car occupant","Driver or rider","Male",41,"Unclassified","One way street",30,"A","Not a Pedestrian","Not a Pedestrian",430605,434567,"E01011671",2,"T or staggered junction","Daylight","Fine no high winds","Dry","Car occupant"
"4294","20151329A1112",2015-09-10,2015,"Sep",10,"17:10",17,10,"Thursday","Slight",2,"Slight","Car occupant","Passenger","Male",30,"Unclassified","One way street",30,"A","Not a Pedestrian","Not a Pedestrian",430605,434567,"E01011671",2,"T or staggered junction","Daylight","Fine no high winds","Dry","Car occupant"
"4295","20151329A1185",2015-09-10,2015,"Sep",10,"17:30",17,30,"Thursday","Slight",1,"Slight","Pedestrian","Pedestrian","Male",54,"Unclassified","Single carriageway",30,NA,"On footway or verge","Unknown or other",430368,427966,"E01011492",1,"Not at junction or within 20 metres","Daylight","Fine no high winds","Dry","Pedestrian"
"4296","20151329A1232",2015-09-10,2015,"Sep",10,"18:05",18,5,"Thursday","Serious",1,"Serious","Motorcycle 125cc and under rider or passenger","Driver or rider","Male",18,"A","Single carriageway",30,NA,"Not a Pedestrian","Not a Pedestrian",433840,427713,"E01011634",1,"Not at junction or within 20 metres","Daylight","Fine no high winds","Dry","Motorcyclist and pillion"
"4297","20151329B0203",2015-09-11,2015,"Sep",11,"06:00",6,0,"Friday","Slight",2,"Slight","Car occupant","Driver or rider","Female",45,"Unclassified","Single carriageway",30,NA,"Not a Pedestrian","Not a Pedestrian",434333,425851,"E01011634",1,"Not at junction or within 20 metres","Daylight","Fine no high winds","Dry","Car occupant"