"","accident_index","date","year","month","day","time","time_hour","time_minute","day_of_week","accident_severity","number_of_casualties","casualty_severity","casualty_type","casualty_class","sex_of_casualty","age_of_casualty","first_road_class","road_type","speed_limit","second_road_class","pedestrian_location","pedestrian_movement","location_easting_osgr","location_northing_osgr","lsoa_of_accident_location","number_of_vehicles","junction_detail","light_conditions","weather_conditions","road_surface_conditions","cas_type"
"4298","20151329B0203",2015-09-11,2015,"Sep",11,"06:00",6,0,"Friday","Slight",2,"Slight","Car occupant","Passenger","Male",21,"Unclassified","Single carriageway",30,NA,"Not a Pedestrian","Not a Pedestrian",434333,425851,"E01011634",1,"Not at junction or within 20 metres","Daylight","Fine no high winds","Dry","Car occupant"
"4299","20151329B0237",2015-09-11,2015,"Sep",11,"07:18",7,18,"Friday","Slight",1,"Slight","Pedestrian","Pedestrian","Female",31,"Unclassified","Single carriageway",30,NA,"In carriageway, crossing elsewhere","Crossing from nearside - masked by parked or stationary vehicle",420579,445267,"E01011574",1,"Not at junction or within 20 metres","Daylight","Raining no high winds","Wet or damp","Pedestrian"
"4300","20151329B0288",2015-09-11,2015,"Sep",11,"08:16",8,16,"Friday","Slight",1,"Slight","Cyclist","Driver or rider","Male",35,"B","Single carriageway",30,"Unclassified","Not a Pedestrian","Not a Pedestrian",431833,435987,"E01011422",2,"T or staggered junction","Daylight","Fine no high winds","Dry","Cyclist"
"4301","20151329B0695",2015-09-11,2015,"Sep",11,"11:00",11,0,"Friday","Slight",1,"Slight","Motorcycle 125cc and under rider or passenger","Driver or rider","Male",20,"Unclassified","Single carriageway",20,"Unclassified","Not a Pedestrian","Not a Pedestrian",431518,429235,"E01011475",2,"T or staggered junction","Daylight","Fine no high winds","Dry","Motorcyclist and pillion"
"4302","20151329B0532",2015-09-11,2015,"Sep",11,"11:07",11,7,"Friday","Slight",1,"Slight","Car occupant","Driver or rider","Male",30,"Unclassified","Single carriageway",60,"Unclassified","Not a Pedestrian","Not a Pedestrian",437356,430142,"E01011402",1,"T or staggered junction","Daylight","Fine no high winds","Dry","Car occupant"
"4303","20151329B0557",2015-09-11,2015,"Sep",11,"11:20",11,20,"Friday","Slight",2,"Slight","Car occupant","Driver or rider","Female",33,"A","Dual carriageway",40,"Unclassified","Not a Pedestrian","Not a Pedestrian",430356,438557,"E01011514",2,"Crossroads","Daylight","Fine no high winds","Dry","Car occupant"
"4304","20151329B0557",2015-09-11,2015,"Sep",11,"11:20",11,20,"Friday","Slight",2,"Slight","Car occupant","Driver or rider","Female",40,"A","Dual carriageway",40,"Unclassified","Not a Pedestrian","Not a Pedestrian",430356,438557,"E01011514",2,"Crossroads","Daylight","Fine no high winds","Dry","Car occupant"
"4305","20151329B0793",2015-09-11,2015,"Sep",11,"13:41",13,41,"Friday","Slight",1,"Slight","Cyclist","Driver or rider","Male",41,"Unclassified","Roundabout",30,"A","Not a Pedestrian","Not a Pedestrian",428743,432714,"E01033013",2,"Roundabout","Daylight","Fine no high winds","Dry","Cyclist"
"4306","20151329B0999",2015-09-11,2015,"Sep",11,"15:27",15,27,"Friday","Slight",1,"Slight","Car occupant","Driver or rider","Female",20,"Unclassified","Single carriageway",30,NA,"Not a Pedestrian","Not a Pedestrian",423664,433428,"E01011614",3,"Not at junction or within 20 metres","Daylight","Fine no high winds","Dry","Car occupant"
"4307","20151329B1119",2015-09-11,2015,"Sep",11,"16:26",16,26,"Friday","Serious",1,"Serious","Motorcycle over 500cc rider or passenger","Driver or rider","Male",52,"A","Single carriageway",50,NA,"Not a Pedestrian","Not a Pedestrian",440133,445949,"E01011696",1,"Not at junction or within 20 metres","Daylight","Fine no high winds","Dry","Motorcyclist and pillion"
"4308","20151329B1209",2015-09-11,2015,"Sep",11,"17:08",17,8,"Friday","Slight",1,"Slight","Motorcycle over 500cc rider or passenger","Driver or rider","Male",59,"Motorway","Dual carriageway",70,NA,"Not a Pedestrian","Not a Pedestrian",433009,425935,"E01011500",2,"Not at junction or within 20 metres","Daylight","Fine no high winds","Dry","Motorcyclist and pillion"
"4309","20151329B1368",2015-09-11,2015,"Sep",11,"18:40",18,40,"Friday","Slight",1,"Slight","Motorcycle 125cc and under rider or passenger","Driver or rider","Male",25,"A(M)","Dual carriageway",40,NA,"Not a Pedestrian","Not a Pedestrian",429702,434348,"E01033005",3,"Not at junction or within 20 metres","Daylight","Fine no high winds","Dry","Motorcyclist and pillion"
"4310","20151329B1442",2015-09-11,2015,"Sep",11,"19:20",19,20,"Friday","Slight",2,"Slight","Agricultural vehicle occupant","Driver or rider","Male",23,"Unclassified","Roundabout",30,"Unclassified","Not a Pedestrian","Not a Pedestrian",445372,446876,"E01011697",1,"Roundabout","Daylight","Fine no high winds","Dry","Others"
"4311","20151329B1442",2015-09-11,2015,"Sep",11,"19:20",19,20,"Friday","Slight",2,"Slight","Agricultural vehicle occupant","Passenger","Female",17,"Unclassified","Roundabout",30,"Unclassified","Not a Pedestrian","Not a Pedestrian",445372,446876,"E01011697",1,"Roundabout","Daylight","Fine no high winds","Dry","Others"
"4312","20151329B1877",2015-09-11,2015,"Sep",11,"23:30",23,30,"Friday","Slight",1,"Slight","Pedestrian","Pedestrian","Female",39,"Unclassified","Single carriageway",30,NA,"Unknown or other","Unknown or other",421665,433865,"E01011585",1,"Not at junction or within 20 metres","Darkness - lights lit","Fine no high winds","Dry","Pedestrian"
"4313","20151329C0164",2015-09-12,2015,"Sep",12,"02:00",2,0,"Saturday","Slight",1,"Slight","Pedestrian","Pedestrian","Male",28,"A","Dual carriageway",30,NA,"In carriageway, crossing elsewhere","Crossing from driver's nearside",430060,433991,"E01033010",1,"Not at junction or within 20 metres","Daylight","Fine no high winds","Dry","Pedestrian"
"4314","20151329C0363",2015-09-12,2015,"Sep",12,"07:41",7,41,"Saturday","Slight",1,"Slight","Car occupant","Driver or rider","Male",26,"Unclassified","Single carriageway",60,NA,"Not a Pedestrian","Not a Pedestrian",424441,442060,"E01032503",1,"Not at junction or within 20 metres","Daylight","Raining no high winds","Wet or damp","Car occupant"
"4315","20151329C1032",2015-09-12,2015,"Sep",12,"16:09",16,9,"Saturday","Slight",1,"Slight","Car occupant","Driver or rider","Female",32,"B","Single carriageway",30,"Unclassified","Not a Pedestrian","Not a Pedestrian",426224,433074,"E01011729",2,"T or staggered junction","Daylight","Fine no high winds","Dry","Car occupant"
"4316","20151329C1141",2015-09-12,2015,"Sep",12,"17:11",17,11,"Saturday","Slight",1,"Slight","Bus or coach occupant (17 or more pass seats)","Passenger","Female",84,"A","Dual carriageway",40,"Unclassified","Not a Pedestrian","Not a Pedestrian",432552,433803,"E01011348",2,"Slip road","Daylight","Fine no high winds","Dry","Bus and goods vehicle occupant"
"4317","20151329C1467",2015-09-12,2015,"Sep",12,"20:38",20,38,"Saturday","Slight",1,"Slight","Car occupant","Driver or rider","Female",21,"A","Dual carriageway",30,"Unclassified","Not a Pedestrian","Not a Pedestrian",425950,426791,"E01011546",2,"T or staggered junction","Darkness - lights lit","Fine no high winds","Dry","Car occupant"
"4318","20151329C1490",2015-09-12,2015,"Sep",12,"20:45",20,45,"Saturday","Slight",2,"Slight","Car occupant","Driver or rider","Female",55,"A","Single carriageway",30,"Unclassified","Not a Pedestrian","Not a Pedestrian",431711,435435,"E01011429",3,"T or staggered junction","Darkness - lights lit","Fine no high winds","Dry","Car occupant"
"4319","20151329C1490",2015-09-12,2015,"Sep",12,"20:45",20,45,"Saturday","Slight",2,"Slight","Car occupant","Driver or rider","Female",46,"A","Single carriageway",30,"Unclassified","Not a Pedestrian","Not a Pedestrian",431711,435435,"E01011429",3,"T or staggered junction","Darkness - lights lit","Fine no high winds","Dry","Car occupant"
"4320","20151329D0126",2015-09-13,2015,"Sep",13,"02:45",2,45,"Sunday","Slight",2,"Slight","Car occupant","Passenger","Female",18,"Unclassified","Single carriageway",30,NA,"Not a Pedestrian","Not a Pedestrian",429900,435437,"E01011670",1,"Not at junction or within 20 metres","Darkness - lights lit","Fine no high winds","Dry","Car occupant"
"4321","20151329D0126",2015-09-13,2015,"Sep",13,"02:45",2,45,"Sunday","Slight",2,"Slight","Car occupant","Passenger","Female",18,"Unclassified","Single carriageway",30,NA,"Not a Pedestrian","Not a Pedestrian",429900,435437,"E01011670",1,"Not at junction or within 20 metres","Darkness - lights lit","Fine no high winds","Dry","Car occupant"
"4322","20151329D0492",2015-09-13,2015,"Sep",13,"10:34",10,34,"Sunday","Slight",5,"Slight","Car occupant","Driver or rider","Male",33,"A","Roundabout",30,"B","Not a Pedestrian","Not a Pedestrian",425997,428216,"E01011525",2,"Roundabout","Daylight","Fine no high winds","Dry","Car occupant"
"4323","20151329D0492",2015-09-13,2015,"Sep",13,"10:34",10,34,"Sunday","Slight",5,"Slight","Car occupant","Passenger","Female",25,"A","Roundabout",30,"B","Not a Pedestrian","Not a Pedestrian",425997,428216,"E01011525",2,"Roundabout","Daylight","Fine no high winds","Dry","Car occupant"
"4324","20151329D0492",2015-09-13,2015,"Sep",13,"10:34",10,34,"Sunday","Slight",5,"Slight","Car occupant","Passenger","Female",9,"A","Roundabout",30,"B","Not a Pedestrian","Not a Pedestrian",425997,428216,"E01011525",2,"Roundabout","Daylight","Fine no high winds","Dry","Car occupant"
"4325","20151329D0492",2015-09-13,2015,"Sep",13,"10:34",10,34,"Sunday","Slight",5,"Slight","Car occupant","Passenger","Male",6,"A","Roundabout",30,"B","Not a Pedestrian","Not a Pedestrian",425997,428216,"E01011525",2,"Roundabout","Daylight","Fine no high winds","Dry","Car occupant"
"4326","20151329D0492",2015-09-13,2015,"Sep",13,"10:34",10,34,"Sunday","Slight",5,"Slight","Car occupant","Passenger","Male",1,"A","Roundabout",30,"B","Not a Pedestrian","Not a Pedestrian",425997,428216,"E01011525",2,"Roundabout","Daylight","Fine no high winds","Dry","Car occupant"
"4327","20151329D0509",2015-09-13,2015,"Sep",13,"10:45",10,45,"Sunday","Slight",1,"Slight","Car occupant","Passenger","Female",54,"A","Single carriageway",50,NA,"Not a Pedestrian","Not a Pedestrian",436797,443822,"E01011713",3,"Not at junction or within 20 metres","Daylight","Fine no high winds","Dry","Car occupant"
"4328","20151329D0855",2015-09-13,2015,"Sep",13,"14:48",14,48,"Sunday","Slight",1,"Slight","Car occupant","Driver or rider","Male",83,"Unclassified","Single carriageway",30,NA,"Not a Pedestrian","Not a Pedestrian",429481,432217,"E01033032",2,"Not at junction or within 20 metres","Daylight","Fine no high winds","Dry","Car occupant"
"4329","20151329D1016",2015-09-13,2015,"Sep",13,"16:15",16,15,"Sunday","Slight",1,"Slight","Motorcycle over 500cc rider or passenger","Driver or rider","Male",26,"Motorway","Dual carriageway",50,NA,"Not a Pedestrian","Not a Pedestrian",430481,424268,"E01011537",2,"Not at junction or within 20 metres","Daylight","Fine no high winds","Dry","Motorcyclist and pillion"
"4330","20151329D1278",2015-09-13,2015,"Sep",13,"18:39",18,39,"Sunday","Slight",2,"Slight","Car occupant","Driver or rider","Male",51,"Unclassified","Single carriageway",30,"Unclassified","Not a Pedestrian","Not a Pedestrian",434713,428888,"E01011628",2,"Crossroads","Daylight","Fine no high winds","Wet or damp","Car occupant"
"4331","20151329D1278",2015-09-13,2015,"Sep",13,"18:39",18,39,"Sunday","Slight",2,"Slight","Bus or coach occupant (17 or more pass seats)","Driver or rider","Male",40,"Unclassified","Single carriageway",30,"Unclassified","Not a Pedestrian","Not a Pedestrian",434713,428888,"E01011628",2,"Crossroads","Daylight","Fine no high winds","Wet or damp","Bus and goods vehicle occupant"
"4332","20151329E0874",2015-09-14,2015,"Sep",14,"15:30",15,30,"Monday","Slight",1,"Slight","Motorcycle 50cc and under rider or passenger","Driver or rider","Male",26,"A","Roundabout",50,"A","Not a Pedestrian","Not a Pedestrian",431966,430483,"E01011470",2,"Roundabout","Daylight","Fine no high winds","Dry","Motorcyclist and pillion"
"4333","20151329E1059",2015-09-14,2015,"Sep",14,"17:06",17,6,"Monday","Slight",1,"Slight","Pedestrian","Pedestrian","Male",9,"C","Single carriageway",30,NA,"In carriageway, crossing elsewhere","Crossing from offside - masked by  parked or stationary vehicle",431610,434429,"E01033035",1,"Not at junction or within 20 metres","Daylight","Fine no high winds","Dry","Pedestrian"
"4334","20151329E1196",2015-09-14,2015,"Sep",14,"18:25",18,25,"Monday","Slight",1,"Slight","Pedestrian","Pedestrian","Male",55,"B","Single carriageway",30,"Unclassified","In carriageway, crossing elsewhere","Crossing from driver's nearside",431626,436139,"E01011359",1,"T or staggered junction","Daylight","Fine no high winds","Dry","Pedestrian"
"4335","20151329C1267",2015-09-14,2015,"Sep",14,"18:30",18,30,"Monday","Serious",1,"Serious","Cyclist","Driver or rider","Male",16,"Unclassified","One way street",20,"Unclassified","Not a Pedestrian","Not a Pedestrian",428209,434608,"E01011481",2,"T or staggered junction","Daylight","Fine no high winds","Dry","Cyclist"
"4336","20151329F0015",2015-09-15,2015,"Sep",15,"00:20",0,20,"Tuesday","Slight",1,"Slight","Car occupant","Passenger","Female",21,"A","Roundabout",40,"A","Not a Pedestrian","Not a Pedestrian",426829,438036,"E01011687",2,"Roundabout","Darkness - lights lit","Raining no high winds","Wet or damp","Car occupant"
"4337","20151329F0031",2015-09-15,2015,"Sep",15,"00:52",0,52,"Tuesday","Slight",1,"Slight","Car occupant","Driver or rider","Male",21,"B","Single carriageway",30,"Unclassified","Not a Pedestrian","Not a Pedestrian",428045,432829,"E01011362",2,"T or staggered junction","Darkness - lights lit","Fine no high winds","Wet or damp","Car occupant"
"4338","20151329F0104",2015-09-15,2015,"Sep",15,"04:05",4,5,"Tuesday","Slight",2,"Slight","Car occupant","Driver or rider","Male",24,"A","Single carriageway",40,"A","Not a Pedestrian","Not a Pedestrian",424932,427648,"E01011530",2,"Crossroads","Darkness - lights lit","Raining no high winds","Wet or damp","Car occupant"
"4339","20151329F0104",2015-09-15,2015,"Sep",15,"04:05",4,5,"Tuesday","Slight",2,"Slight","Car occupant","Driver or rider","Female",37,"A","Single carriageway",40,"A","Not a Pedestrian","Not a Pedestrian",424932,427648,"E01011530",2,"Crossroads","Darkness - lights lit","Raining no high winds","Wet or damp","Car occupant"
"4340","20151329F0215",2015-09-15,2015,"Sep",15,"08:33",8,33,"Tuesday","Slight",1,"Slight","Car occupant","Driver or rider","Female",37,"Unclassified","Single carriageway",60,"Unclassified","Not a Pedestrian","Not a Pedestrian",418982,443894,"E01011279",2,"T or staggered junction","Daylight","Fine no high winds","Wet or damp","Car occupant"
"4341","20151329F0880",2015-09-15,2015,"Sep",15,"15:15",15,15,"Tuesday","Slight",1,"Slight","Motorcycle 125cc and under rider or passenger","Driver or rider","Male",27,"Unclassified","Dual carriageway",30,"Unclassified","Not a Pedestrian","Not a Pedestrian",424968,427556,"E01011530",2,"T or staggered junction","Daylight","Fine no high winds","Dry","Motorcyclist and pillion"
"4342","20151329F1021",2015-09-15,2015,"Sep",15,"16:25",16,25,"Tuesday","Serious",1,"Serious","Pedestrian","Pedestrian","Male",13,"A","Dual carriageway",40,NA,"In carriageway, crossing elsewhere","Crossing from driver's nearside",435779,436767,"E01011661",1,"Not at junction or within 20 metres","Daylight","Fine no high winds","Dry","Pedestrian"
"4343","20151329G0199",2015-09-16,2015,"Sep",16,"07:51",7,51,"Wednesday","Serious",1,"Serious","Motorcycle 125cc and under rider or passenger","Driver or rider","Male",27,"Unclassified","Single carriageway",30,"Unclassified","Not a Pedestrian","Not a Pedestrian",432311,427593,"E01011502",2,"T or staggered junction","Daylight","Fine no high winds","Dry","Motorcyclist and pillion"
"4344","20151329G0265",2015-09-16,2015,"Sep",16,"08:41",8,41,"Wednesday","Serious",1,"Serious","Pedestrian","Pedestrian","Male",10,"Unclassified","Single carriageway",30,"Unclassified","Crossing elsewhere within 50m. of pedestrian crossing","Crossing from nearside - masked by parked or stationary vehicle",428836,440125,"E01011554",2,"T or staggered junction","Daylight","Fine no high winds","Dry","Pedestrian"
"4345","20151329G0450",2015-09-16,2015,"Sep",16,"10:44",10,44,"Wednesday","Slight",1,"Slight","Cyclist","Driver or rider","Female",29,"A","Dual carriageway",40,NA,"Not a Pedestrian","Not a Pedestrian",426813,438102,"E01011684",2,"Not at junction or within 20 metres","Daylight","Fine no high winds","Dry","Cyclist"
"4346","20151329G1010",2015-09-16,2015,"Sep",16,"15:10",15,10,"Wednesday","Slight",1,"Slight","Car occupant","Driver or rider","Male",64,"Unclassified","Dual carriageway",30,"Unclassified","Not a Pedestrian","Not a Pedestrian",432640,435858,"E01011424",2,"T or staggered junction","Daylight","Fine no high winds","Dry","Car occupant"
"4347","20151329G1226",2015-09-16,2015,"Sep",16,"17:30",17,30,"Wednesday","Serious",1,"Serious","Motorcycle 125cc and under rider or passenger","Driver or rider","Male",27,"A","Single carriageway",40,"Unclassified","Not a Pedestrian","Not a Pedestrian",422226,441978,"E01032503",3,"T or staggered junction","Daylight","Fine no high winds","Dry","Motorcyclist and pillion"
"4348","20151329G1335",2015-09-16,2015,"Sep",16,"18:34",18,34,"Wednesday","Serious",1,"Serious","Cyclist","Driver or rider","Male",55,"Unclassified","Single carriageway",30,"Unclassified","Not a Pedestrian","Not a Pedestrian",431995,435769,"E01011428",2,"T or staggered junction","Daylight","Fine no high winds","Dry","Cyclist"
"4349","20151329H0945",2015-09-17,2015,"Sep",17,"08:00",8,0,"Thursday","Slight",1,"Slight","Bus or coach occupant (17 or more pass seats)","Passenger","Female",30,"Unclassified","Single carriageway",30,"Unclassified","Not a Pedestrian","Not a Pedestrian",430850,435449,"E01011360",2,"Crossroads","Daylight","Fine no high winds","Dry","Bus and goods vehicle occupant"
"4350","20151329H0537",2015-09-17,2015,"Sep",17,"11:35",11,35,"Thursday","Slight",1,"Slight","Car occupant","Driver or rider","Female",40,"A","Dual carriageway",40,NA,"Not a Pedestrian","Not a Pedestrian",424391,428123,"E01011523",2,"Not at junction or within 20 metres","Daylight","Fine no high winds","Dry","Car occupant"
"4351","20151329H0584",2015-09-17,2015,"Sep",17,"12:12",12,12,"Thursday","Fatal",1,"Fatal","Motorcycle over 500cc rider or passenger","Driver or rider","Male",40,"A","Single carriageway",60,"Unclassified","Not a Pedestrian","Not a Pedestrian",440032,439599,"E01011309",2,"T or staggered junction","Daylight","Fine no high winds","Dry","Motorcyclist and pillion"
"4352","20151329H1050",2015-09-17,2015,"Sep",17,"14:00",14,0,"Thursday","Slight",1,"Slight","Cyclist","Driver or rider","Male",41,"A","Single carriageway",30,NA,"Not a Pedestrian","Not a Pedestrian",430861,434159,"E01033031",2,"Not at junction or within 20 metres","Daylight","Fine no high winds","Dry","Cyclist"
"4353","20151329H0917",2015-09-17,2015,"Sep",17,"15:15",15,15,"Thursday","Slight",1,"Slight","Pedestrian","Pedestrian","Male",36,"A","Single carriageway",30,"Unclassified","Crossing on pedestrian crossing facility","Crossing from driver's offside",428957,435474,"E01011443",1,"Crossroads","Daylight","Fine no high winds","Dry","Pedestrian"
"4354","20151329H1123",2015-09-17,2015,"Sep",17,"17:00",17,0,"Thursday","Slight",1,"Slight","Car occupant","Driver or rider","Female",59,"Unclassified","Single carriageway",30,"Unclassified","Not a Pedestrian","Not a Pedestrian",424185,438896,"E01011459",2,"T or staggered junction","Daylight","Fine no high winds","Dry","Car occupant"
"4355","20151329H1238",2015-09-17,2015,"Sep",17,"17:52",17,52,"Thursday","Slight",1,"Slight","Car occupant","Driver or rider","Female",54,"A","Single carriageway",30,"B","Not a Pedestrian","Not a Pedestrian",426292,435590,"E01011477",2,"Crossroads","Daylight","Fine no high winds","Dry","Car occupant"
"4356","20151329I0228",2015-09-18,2015,"Sep",18,"07:43",7,43,"Friday","Slight",1,"Slight","Cyclist","Driver or rider","Male",46,"A","One way street",40,"Unclassified","Not a Pedestrian","Not a Pedestrian",432524,427558,"E01011496",2,"Crossroads","Daylight","Fine no high winds","Dry","Cyclist"
"4357","20151329I0565",2015-09-18,2015,"Sep",18,"11:54",11,54,"Friday","Serious",2,"Slight","Car occupant","Driver or rider","Male",71,"A","Dual carriageway",40,"Unclassified","Not a Pedestrian","Not a Pedestrian",426565,431853,"E01011736",2,"T or staggered junction","Daylight","Fine no high winds","Dry","Car occupant"
"4358","20151329I0565",2015-09-18,2015,"Sep",18,"11:54",11,54,"Friday","Serious",2,"Serious","Motorcycle over 500cc rider or passenger","Driver or rider","Male",47,"A","Dual carriageway",40,"Unclassified","Not a Pedestrian","Not a Pedestrian",426565,431853,"E01011736",2,"T or staggered junction","Daylight","Fine no high winds","Dry","Motorcyclist and pillion"
"4359","20151329I0752",2015-09-18,2015,"Sep",18,"12:55",12,55,"Friday","Slight",2,"Slight","Car occupant","Driver or rider","Male",25,"A","Single carriageway",40,"Unclassified","Not a Pedestrian","Not a Pedestrian",428855,425992,"E01011538",2,"T or staggered junction","Daylight","Fine no high winds","Dry","Car occupant"
"4360","20151329I0752",2015-09-18,2015,"Sep",18,"12:55",12,55,"Friday","Slight",2,"Slight","Car occupant","Passenger","Female",18,"A","Single carriageway",40,"Unclassified","Not a Pedestrian","Not a Pedestrian",428855,425992,"E01011538",2,"T or staggered junction","Daylight","Fine no high winds","Dry","Car occupant"
"4361","20151329I0871",2015-09-18,2015,"Sep",18,"14:50",14,50,"Friday","Slight",1,"Slight","Car occupant","Driver or rider","Female",41,"A","Dual carriageway",40,NA,"Not a Pedestrian","Not a Pedestrian",426498,431868,"E01011734",2,"Not at junction or within 20 metres","Daylight","Fine no high winds","Dry","Car occupant"
"4362","20151329I1271",2015-09-18,2015,"Sep",18,"16:30",16,30,"Friday","Slight",1,"Slight","Car occupant","Driver or rider","Male",53,"Unclassified","Single carriageway",30,"Unclassified","Not a Pedestrian","Not a Pedestrian",425169,434220,"E01011286",2,"T or staggered junction","Daylight","Fine no high winds","Dry","Car occupant"
"4363","20151329I1126",2015-09-18,2015,"Sep",18,"16:48",16,48,"Friday","Slight",1,"Slight","Cyclist","Driver or rider","Male",53,"A","Single carriageway",30,"Unclassified","Not a Pedestrian","Not a Pedestrian",425577,443074,"E01011576",2,"T or staggered junction","Daylight","Fine no high winds","Dry","Cyclist"
"4364","20151329I1263",2015-09-18,2015,"Sep",18,"17:40",17,40,"Friday","Slight",1,"Slight","Cyclist","Driver or rider","Female",11,"Unclassified","Single carriageway",30,"Unclassified","Not a Pedestrian","Not a Pedestrian",436997,435940,"E01011722",2,"T or staggered junction","Daylight","Raining no high winds","Wet or damp","Cyclist"
"4365","20151329I1418",2015-09-18,2015,"Sep",18,"19:19",19,19,"Friday","Slight",1,"Slight","Motorcycle over 500cc rider or passenger","Driver or rider","Male",22,"A","Single carriageway",60,"Unclassified","Not a Pedestrian","Not a Pedestrian",445337,431640,"E01011299",2,"Roundabout","Darkness - lights lit","Fine no high winds","Dry","Motorcyclist and pillion"
"4366","20151329I1693",2015-09-18,2015,"Sep",18,"21:45",21,45,"Friday","Slight",2,"Slight","Car occupant","Driver or rider","Male",49,"Unclassified","Single carriageway",30,NA,"Not a Pedestrian","Not a Pedestrian",435719,436233,"E01011661",2,"Not at junction or within 20 metres","Darkness - lights lit","Fine no high winds","Dry","Car occupant"
"4367","20151329I1693",2015-09-18,2015,"Sep",18,"21:45",21,45,"Friday","Slight",2,"Slight","Bus or coach occupant (17 or more pass seats)","Passenger","Male",41,"Unclassified","Single carriageway",30,NA,"Not a Pedestrian","Not a Pedestrian",435719,436233,"E01011661",2,"Not at junction or within 20 metres","Darkness - lights lit","Fine no high winds","Dry","Bus and goods vehicle occupant"
"4368","20151329J0315",2015-09-19,2015,"Sep",19,"05:15",5,15,"Saturday","Slight",1,"Slight","Car occupant","Driver or rider","Male",46,"Unclassified","Single carriageway",30,"Unclassified","Not a Pedestrian","Not a Pedestrian",430431,433760,"E01033010",2,"T or staggered junction","Darkness - lights lit","Fine no high winds","Dry","Car occupant"
"4369","20151329J0358",2015-09-19,2015,"Sep",19,"06:50",6,50,"Saturday","Slight",1,"Slight","Car occupant","Driver or rider","Female",47,"A","Single carriageway",30,"A","Not a Pedestrian","Not a Pedestrian",432197,444977,"E01011561",2,"T or staggered junction","Daylight","Fine no high winds","Dry","Car occupant"
"4370","20151329J0836",2015-09-19,2015,"Sep",19,"13:44",13,44,"Saturday","Slight",1,"Slight","Car occupant","Driver or rider","Male",94,"A","Single carriageway",40,"Unclassified","Not a Pedestrian","Not a Pedestrian",432240,439375,"E01011651",3,"T or staggered junction","Daylight","Fine no high winds","Dry","Car occupant"
"4371","20151329J0924",2015-09-19,2015,"Sep",19,"14:35",14,35,"Saturday","Slight",4,"Slight","Car occupant","Driver or rider","Male",42,"Motorway","Dual carriageway",70,NA,"Not a Pedestrian","Not a Pedestrian",429884,426397,"E01011538",3,"Not at junction or within 20 metres","Daylight","Fine no high winds","Dry","Car occupant"
"4372","20151329J0924",2015-09-19,2015,"Sep",19,"14:35",14,35,"Saturday","Slight",4,"Slight","Car occupant","Passenger","Female",37,"Motorway","Dual carriageway",70,NA,"Not a Pedestrian","Not a Pedestrian",429884,426397,"E01011538",3,"Not at junction or within 20 metres","Daylight","Fine no high winds","Dry","Car occupant"
"4373","20151329J0924",2015-09-19,2015,"Sep",19,"14:35",14,35,"Saturday","Slight",4,"Slight","Car occupant","Driver or rider","Male",41,"Motorway","Dual carriageway",70,NA,"Not a Pedestrian","Not a Pedestrian",429884,426397,"E01011538",3,"Not at junction or within 20 metres","Daylight","Fine no high winds","Dry","Car occupant"
"4374","20151329J0924",2015-09-19,2015,"Sep",19,"14:35",14,35,"Saturday","Slight",4,"Slight","Car occupant","Passenger","Male",39,"Motorway","Dual carriageway",70,NA,"Not a Pedestrian","Not a Pedestrian",429884,426397,"E01011538",3,"Not at junction or within 20 metres","Daylight","Fine no high winds","Dry","Car occupant"
"4375","20151329L0713",2015-09-19,2015,"Sep",19,"18:00",18,0,"Saturday","Slight",1,"Slight","Pedestrian","Pedestrian","Male",43,"Unclassified","Single carriageway",30,NA,"Unknown or other","Unknown or other",430676,433455,"E01033011",1,"Not at junction or within 20 metres","Daylight","Fine no high winds","Dry","Pedestrian"
"4376","20151329J1389",2015-09-19,2015,"Sep",19,"19:00",19,0,"Saturday","Slight",2,"Slight","Car occupant","Driver or rider","Female",30,"A","Dual carriageway",40,"Unclassified","Not a Pedestrian","Not a Pedestrian",428855,425992,"E01011538",2,"T or staggered junction","Daylight","Fine no high winds","Dry","Car occupant"
"4377","20151329J1389",2015-09-19,2015,"Sep",19,"19:00",19,0,"Saturday","Slight",2,"Slight","Car occupant","Passenger","Male",1,"A","Dual carriageway",40,"Unclassified","Not a Pedestrian","Not a Pedestrian",428855,425992,"E01011538",2,"T or staggered junction","Daylight","Fine no high winds","Dry","Car occupant"
"4378","20151329K0492",2015-09-20,2015,"Sep",20,"08:50",8,50,"Sunday","Slight",1,"Slight","Motorcycle over 125cc and up to 500cc rider or  passenger","Driver or rider","Male",26,"A","Dual carriageway",40,"Unclassified","Not a Pedestrian","Not a Pedestrian",425641,434241,"E01011283",2,"T or staggered junction","Daylight","Fine no high winds","Dry","Motorcyclist and pillion"
"4379","20151329K0871",2015-09-20,2015,"Sep",20,"13:20",13,20,"Sunday","Slight",2,"Slight","Car occupant","Passenger","Female",78,"A","Single carriageway",30,"Unclassified","Not a Pedestrian","Not a Pedestrian",419542,441601,"E01011265",2,"T or staggered junction","Daylight","Fine no high winds","Dry","Car occupant"
"4380","20151329K0871",2015-09-20,2015,"Sep",20,"13:20",13,20,"Sunday","Slight",2,"Slight","Car occupant","Driver or rider","Female",56,"A","Single carriageway",30,"Unclassified","Not a Pedestrian","Not a Pedestrian",419542,441601,"E01011265",2,"T or staggered junction","Daylight","Fine no high winds","Dry","Car occupant"