"","accident_index","date","year","month","day","time","time_hour","time_minute","day_of_week","accident_severity","number_of_casualties","casualty_severity","casualty_type","casualty_class","sex_of_casualty","age_of_casualty","first_road_class","road_type","speed_limit","second_road_class","pedestrian_location","pedestrian_movement","location_easting_osgr","location_northing_osgr","lsoa_of_accident_location","number_of_vehicles","junction_detail","light_conditions","weather_conditions","road_surface_conditions","cas_type"
"4381","20151329K0893",2015-09-20,2015,"Sep",20,"13:35",13,35,"Sunday","Slight",1,"Slight","Pedestrian","Pedestrian","Female",25,"A","Dual carriageway",40,"Unclassified","Crossing elsewhere within 50m. of pedestrian crossing","Crossing from nearside - masked by parked or stationary vehicle",434173,433874,"E01011341",1,"T or staggered junction","Daylight","Fine no high winds","Dry","Pedestrian"
"4382","20151329K1679",2015-09-20,2015,"Sep",20,"13:44",13,44,"Sunday","Slight",1,"Slight","Bus or coach occupant (17 or more pass seats)","Passenger","Female",3,"A","Dual carriageway",40,NA,"Not a Pedestrian","Not a Pedestrian",435211,434783,"E01011343",1,"Not at junction or within 20 metres","Daylight","Fine no high winds","Dry","Bus and goods vehicle occupant"
"4383","20151329K0968",2015-09-20,2015,"Sep",20,"14:19",14,19,"Sunday","Slight",1,"Slight","Car occupant","Driver or rider","Female",18,"A","Roundabout",40,"Unclassified","Not a Pedestrian","Not a Pedestrian",428426,428659,"E01011540",3,"Roundabout","Daylight","Fine no high winds","Dry","Car occupant"
"4384","20151329K1138",2015-09-20,2015,"Sep",20,"15:40",15,40,"Sunday","Slight",1,"Slight","Cyclist","Driver or rider","Male",39,"Unclassified","Roundabout",30,"Unclassified","Not a Pedestrian","Not a Pedestrian",426524,427203,"E01011541",2,"Roundabout","Daylight","Fine no high winds","Dry","Cyclist"
"4385","20151329L0236",2015-09-21,2015,"Sep",21,"07:45",7,45,"Monday","Slight",1,"Slight","Cyclist","Driver or rider","Male",24,"A","One way street",30,NA,"Not a Pedestrian","Not a Pedestrian",431439,432632,"E01011626",2,"Not at junction or within 20 metres","Daylight","Raining no high winds","Wet or damp","Cyclist"
"4386","20151329L0289",2015-09-21,2015,"Sep",21,"08:40",8,40,"Monday","Slight",1,"Slight","Motorcycle 125cc and under rider or passenger","Driver or rider","Male",20,"Unclassified","Single carriageway",30,"A","Not a Pedestrian","Not a Pedestrian",428438,435713,"E01032946",2,"T or staggered junction","Daylight","Fine no high winds","Dry","Motorcyclist and pillion"
"4387","20151329L0302",2015-09-21,2015,"Sep",21,"08:45",8,45,"Monday","Serious",1,"Serious","Cyclist","Driver or rider","Male",39,"A","Single carriageway",30,NA,"Not a Pedestrian","Not a Pedestrian",424524,437059,"E01011453",2,"Not at junction or within 20 metres","Darkness - lights lit","Raining no high winds","Wet or damp","Cyclist"
"4388","20151329L0820",2015-09-21,2015,"Sep",21,"14:40",14,40,"Monday","Slight",4,"Slight","Car occupant","Driver or rider","Male",23,"Unclassified","Single carriageway",30,"Unclassified","Not a Pedestrian","Not a Pedestrian",427555,434481,"E01011482",2,"T or staggered junction","Daylight","Fine no high winds","Dry","Car occupant"
"4389","20151329L0820",2015-09-21,2015,"Sep",21,"14:40",14,40,"Monday","Slight",4,"Slight","Car occupant","Passenger","Male",21,"Unclassified","Single carriageway",30,"Unclassified","Not a Pedestrian","Not a Pedestrian",427555,434481,"E01011482",2,"T or staggered junction","Daylight","Fine no high winds","Dry","Car occupant"
"4390","20151329L0820",2015-09-21,2015,"Sep",21,"14:40",14,40,"Monday","Slight",4,"Slight","Car occupant","Passenger","Male",21,"Unclassified","Single carriageway",30,"Unclassified","Not a Pedestrian","Not a Pedestrian",427555,434481,"E01011482",2,"T or staggered junction","Daylight","Fine no high winds","Dry","Car occupant"
"4391","20151329L0820",2015-09-21,2015,"Sep",21,"14:40",14,40,"Monday","Slight",4,"Slight","Car occupant","Passenger","Male",21,"Unclassified","Single carriageway",30,"Unclassified","Not a Pedestrian","Not a Pedestrian",427555,434481,"E01011482",2,"T or staggered junction","Daylight","Fine no high winds","Dry","Car occupant"
"4392","20151329L1253",2015-09-21,2015,"Sep",21,"18:52",18,52,"Monday","Serious",1,"Serious","Cyclist","Driver or rider","Male",18,"Unclassified","Single carriageway",30,NA,"Not a Pedestrian","Not a Pedestrian",434498,436877,"E01011656",2,"Not at junction or within 20 metres","Daylight","Fine no high winds","Dry","Cyclist"
"4393","20151329L1356",2015-09-21,2015,"Sep",21,"19:50",19,50,"Monday","Serious",2,"Serious","Car occupant","Driver or rider","Male",31,"Motorway","Dual carriageway",70,NA,"Not a Pedestrian","Not a Pedestrian",435110,431313,"E01011420",3,"Not at junction or within 20 metres","Darkness - no lighting","Fine no high winds","Dry","Car occupant"
"4394","20151329L1356",2015-09-21,2015,"Sep",21,"19:50",19,50,"Monday","Serious",2,"Serious","Car occupant","Passenger","Male",50,"Motorway","Dual carriageway",70,NA,"Not a Pedestrian","Not a Pedestrian",435110,431313,"E01011420",3,"Not at junction or within 20 metres","Darkness - no lighting","Fine no high winds","Dry","Car occupant"
"4395","20151329M0248",2015-09-22,2015,"Sep",22,"08:26",8,26,"Tuesday","Slight",1,"Slight","Cyclist","Driver or rider","Male",21,"Unclassified","Single carriageway",30,"Unclassified","Not a Pedestrian","Not a Pedestrian",426315,436546,"E01011485",2,"T or staggered junction","Daylight","Fine no high winds","Dry","Cyclist"
"4396","20151329M0392",2015-09-22,2015,"Sep",22,"10:00",10,0,"Tuesday","Slight",1,"Slight","Car occupant","Driver or rider","Female",37,"Unclassified","Single carriageway",30,"Unclassified","Not a Pedestrian","Not a Pedestrian",423461,437691,"E01011465",3,"Private drive or entrance","Daylight","Fine no high winds","Dry","Car occupant"
"4397","20151329M0947",2015-09-22,2015,"Sep",22,"15:30",15,30,"Tuesday","Slight",1,"Slight","Cyclist","Driver or rider","Male",23,"Unclassified","Single carriageway",30,"Unclassified","Not a Pedestrian","Not a Pedestrian",428199,436527,"E01011692",2,"Other junction","Daylight","Fine no high winds","Dry","Cyclist"
"4398","20151329M1530",2015-09-22,2015,"Sep",22,"20:49",20,49,"Tuesday","Serious",3,"Serious","Car occupant","Driver or rider","Male",33,"Unclassified","Single carriageway",30,NA,"Not a Pedestrian","Not a Pedestrian",433640,433238,"E01011622",2,"Not at junction or within 20 metres","Daylight","Fine no high winds","Dry","Car occupant"
"4399","20151329M1530",2015-09-22,2015,"Sep",22,"20:49",20,49,"Tuesday","Serious",3,"Slight","Car occupant","Driver or rider","Male",20,"Unclassified","Single carriageway",30,NA,"Not a Pedestrian","Not a Pedestrian",433640,433238,"E01011622",2,"Not at junction or within 20 metres","Daylight","Fine no high winds","Dry","Car occupant"
"4400","20151329M1530",2015-09-22,2015,"Sep",22,"20:49",20,49,"Tuesday","Serious",3,"Slight","Car occupant","Passenger","Male",20,"Unclassified","Single carriageway",30,NA,"Not a Pedestrian","Not a Pedestrian",433640,433238,"E01011622",2,"Not at junction or within 20 metres","Daylight","Fine no high winds","Dry","Car occupant"
"4401","20151329N0219",2015-09-23,2015,"Sep",23,"07:52",7,52,"Wednesday","Slight",2,"Slight","Van / Goods vehicle (3.5 tonnes mgw or under) occupant","Driver or rider","Male",32,"Motorway","Dual carriageway",70,NA,"Not a Pedestrian","Not a Pedestrian",432784,425976,"E01011500",3,"Not at junction or within 20 metres","Daylight","Fine no high winds","Dry","Bus and goods vehicle occupant"
"4402","20151329N0219",2015-09-23,2015,"Sep",23,"07:52",7,52,"Wednesday","Slight",2,"Slight","Van / Goods vehicle (3.5 tonnes mgw or under) occupant","Passenger","Male",58,"Motorway","Dual carriageway",70,NA,"Not a Pedestrian","Not a Pedestrian",432784,425976,"E01011500",3,"Not at junction or within 20 metres","Daylight","Fine no high winds","Dry","Bus and goods vehicle occupant"
"4403","20151329N0241",2015-09-23,2015,"Sep",23,"08:15",8,15,"Wednesday","Slight",1,"Slight","Cyclist","Driver or rider","Male",56,"A","Roundabout",30,"A","Not a Pedestrian","Not a Pedestrian",426840,438069,"E01011685",2,"Roundabout","Daylight","Fine no high winds","Dry","Cyclist"
"4404","20151329N0274",2015-09-23,2015,"Sep",23,"08:40",8,40,"Wednesday","Slight",1,"Slight","Car occupant","Driver or rider","Female",40,"A","One way street",30,NA,"Not a Pedestrian","Not a Pedestrian",432957,427611,"E01011634",2,"Not at junction or within 20 metres","Daylight","Fine no high winds","Dry","Car occupant"
"4405","20151329N0282",2015-09-23,2015,"Sep",23,"08:50",8,50,"Wednesday","Slight",1,"Slight","Cyclist","Driver or rider","Male",29,"A","Single carriageway",30,"Unclassified","Not a Pedestrian","Not a Pedestrian",419600,441576,"E01011267",2,"T or staggered junction","Daylight","Fine no high winds","Dry","Cyclist"
"4406","20151329N0387",2015-09-23,2015,"Sep",23,"10:01",10,1,"Wednesday","Slight",1,"Slight","Cyclist","Driver or rider","Male",29,"A","Dual carriageway",30,"A","Not a Pedestrian","Not a Pedestrian",428418,432486,"E01011363",2,"Roundabout","Daylight","Fine no high winds","Dry","Cyclist"
"4407","20151329N0597",2015-09-23,2015,"Sep",23,"11:58",11,58,"Wednesday","Slight",1,"Slight","Car occupant","Driver or rider","Female",34,"A","Single carriageway",40,"Unclassified","Not a Pedestrian","Not a Pedestrian",432247,439384,"E01011650",4,"T or staggered junction","Daylight","Fine no high winds","Dry","Car occupant"
"4408","20151329N0764",2015-09-23,2015,"Sep",23,"13:50",13,50,"Wednesday","Serious",1,"Serious","Cyclist","Driver or rider","Female",18,"A","Single carriageway",30,"Unclassified","Not a Pedestrian","Not a Pedestrian",429369,434956,"E01033005",2,"T or staggered junction","Daylight","Raining no high winds","Wet or damp","Cyclist"
"4409","20151329N1154",2015-09-23,2015,"Sep",23,"17:08",17,8,"Wednesday","Slight",1,"Slight","Pedestrian","Pedestrian","Male",21,"Unclassified","Single carriageway",30,NA,"In carriageway, crossing elsewhere","Crossing from driver's nearside",423852,438277,"E01011459",1,"Not at junction or within 20 metres","Daylight","Fine no high winds","Dry","Pedestrian"
"4410","20151329O0365",2015-09-24,2015,"Sep",24,"08:45",8,45,"Thursday","Slight",1,"Slight","Cyclist","Driver or rider","Male",18,"A","Single carriageway",30,"Unclassified","Not a Pedestrian","Not a Pedestrian",431963,435813,"E01011428",2,"Crossroads","Daylight","Fine no high winds","Dry","Cyclist"
"4411","20151329O0301",2015-09-24,2015,"Sep",24,"09:15",9,15,"Thursday","Slight",1,"Slight","Pedestrian","Pedestrian","Male",45,"B","One way street",30,NA,"Unknown or other","Walking along in carriageway, back to traffic",428254,432850,"E01011363",1,"Not at junction or within 20 metres","Daylight","Fine no high winds","Dry","Pedestrian"
"4412","20151329O0447",2015-09-24,2015,"Sep",24,"10:50",10,50,"Thursday","Serious",1,"Serious","Pedestrian","Pedestrian","Male",95,"B","Single carriageway",30,NA,"In carriageway, crossing elsewhere","Crossing from driver's nearside",426836,435705,"E01011489",1,"Not at junction or within 20 metres","Daylight","Fine no high winds","Dry","Pedestrian"
"4413","20151329O0511",2015-09-24,2015,"Sep",24,"11:35",11,35,"Thursday","Slight",1,"Slight","Van / Goods vehicle (3.5 tonnes mgw or under) occupant","Driver or rider","Male",41,"Motorway","Dual carriageway",70,NA,"Not a Pedestrian","Not a Pedestrian",441662,434623,"E01011297",2,"Not at junction or within 20 metres","Daylight","Fine no high winds","Dry","Bus and goods vehicle occupant"
"4414","20151329O0769",2015-09-24,2015,"Sep",24,"14:12",14,12,"Thursday","Slight",1,"Slight","Pedestrian","Pedestrian","Female",67,"B","Single carriageway",30,NA,"Crossing on pedestrian crossing facility","Crossing from driver's nearside",428647,436996,"E01011691",1,"Not at junction or within 20 metres","Daylight","Fine no high winds","Dry","Pedestrian"
"4415","20151329O0815",2015-09-24,2015,"Sep",24,"14:20",14,20,"Thursday","Slight",1,"Slight","Car occupant","Driver or rider","Male",25,"Unclassified","Single carriageway",30,"Unclassified","Not a Pedestrian","Not a Pedestrian",430527,435282,"E01011357",1,"T or staggered junction","Daylight","Fine no high winds","Dry","Car occupant"
"4416","20151329O1008",2015-09-24,2015,"Sep",24,"14:45",14,45,"Thursday","Slight",1,"Slight","Pedestrian","Pedestrian","Male",11,"Unclassified","Single carriageway",30,"Unclassified","Unknown or other","Crossing from driver's nearside",428450,438232,"E01011513",1,"T or staggered junction","Daylight","Fine no high winds","Dry","Pedestrian"
"4417","20151329O1748",2015-09-24,2015,"Sep",24,"22:55",22,55,"Thursday","Slight",1,"Slight","Pedestrian","Pedestrian","Male",21,"A","Single carriageway",30,NA,"In carriageway, crossing elsewhere","Crossing from driver's nearside",428764,434060,"E01011681",1,"Not at junction or within 20 metres","Darkness - lights lit","Fine no high winds","Wet or damp","Pedestrian"
"4418","20151329P0053",2015-09-25,2015,"Sep",25,"00:52",0,52,"Friday","Slight",1,"Slight","Pedestrian","Pedestrian","Female",21,"Unclassified","Single carriageway",30,NA,"Unknown or other","Unknown or other",429931,433172,"E01033016",1,"Not at junction or within 20 metres","Darkness - lighting unknown","Fine no high winds","Dry","Pedestrian"
"4419","20151329P0260",2015-09-25,2015,"Sep",25,"07:50",7,50,"Friday","Slight",1,"Slight","Car occupant","Passenger","Female",65,"A","Dual carriageway",30,"A","Not a Pedestrian","Not a Pedestrian",428531,431378,"E01011370",3,"Other junction","Daylight","Fine no high winds","Dry","Car occupant"
"4420","20151329P0514",2015-09-25,2015,"Sep",25,"11:00",11,0,"Friday","Slight",1,"Slight","Pedestrian","Pedestrian","Male",30,"Unclassified","Single carriageway",30,NA,"Crossing elsewhere within 50m. of pedestrian crossing","Crossing from driver's nearside",427395,435004,"E01011482",1,"Not at junction or within 20 metres","Daylight","Fine no high winds","Dry","Pedestrian"
"4421","20151329P0758",2015-09-25,2015,"Sep",25,"13:25",13,25,"Friday","Serious",1,"Serious","Pedestrian","Pedestrian","Female",3,"Unclassified","One way street",20,NA,"Crossing on pedestrian crossing facility","Crossing from offside - masked by  parked or stationary vehicle",421650,434201,"E01011587",1,"Not at junction or within 20 metres","Daylight","Fine no high winds","Dry","Pedestrian"
"4422","20151329P0771",2015-09-25,2015,"Sep",25,"13:33",13,33,"Friday","Slight",1,"Slight","Pedestrian","Pedestrian","Male",21,"Unclassified","Dual carriageway",30,"Unclassified","In carriageway, crossing elsewhere","Crossing from driver's nearside",429427,433462,"E01033015",1,"T or staggered junction","Daylight","Fine no high winds","Dry","Pedestrian"
"4423","20151329P0906",2015-09-25,2015,"Sep",25,"14:57",14,57,"Friday","Slight",1,"Slight","Pedestrian","Pedestrian","Female",14,"Unclassified","Single carriageway",30,"Unclassified","On footway or verge","Unknown or other",426379,437875,"E01011687",1,"T or staggered junction","Daylight","Fine no high winds","Dry","Pedestrian"
"4424","20151329P1306",2015-09-25,2015,"Sep",25,"18:12",18,12,"Friday","Slight",1,"Slight","Cyclist","Driver or rider","Male",25,"A","Single carriageway",30,"Unclassified","Not a Pedestrian","Not a Pedestrian",432855,435962,"E01011424",3,"T or staggered junction","Daylight","Fine no high winds","Dry","Cyclist"
"4425","20151329P1440",2015-09-25,2015,"Sep",25,"19:20",19,20,"Friday","Serious",1,"Serious","Motorcycle 125cc and under rider or passenger","Driver or rider","Male",17,"Unclassified","Single carriageway",30,NA,"Not a Pedestrian","Not a Pedestrian",434603,436787,"E01011656",3,"Not at junction or within 20 metres","Daylight","Fine no high winds","Dry","Motorcyclist and pillion"
"4426","20151329Q0551",2015-09-26,2015,"Sep",26,"09:46",9,46,"Saturday","Slight",1,"Slight","Cyclist","Driver or rider","Male",25,"A","Single carriageway",30,"Unclassified","Not a Pedestrian","Not a Pedestrian",427528,434564,"E01011482",2,"T or staggered junction","Daylight","Fine no high winds","Dry","Cyclist"
"4427","20151329Q1780",2015-09-26,2015,"Sep",26,"21:15",21,15,"Saturday","Slight",1,"Slight","Car occupant","Driver or rider","Female",18,"A","Dual carriageway",40,NA,"Not a Pedestrian","Not a Pedestrian",429760,430605,"E01011316",2,"Not at junction or within 20 metres","Darkness - lights lit","Fine no high winds","Dry","Car occupant"
"4428","20151329Q1865",2015-09-26,2015,"Sep",26,"22:05",22,5,"Saturday","Slight",1,"Slight","Car occupant","Driver or rider","Male",19,"A","Roundabout",30,"Unclassified","Not a Pedestrian","Not a Pedestrian",430882,434356,"E01033003",1,"Roundabout","Darkness - lights lit","Fine no high winds","Dry","Car occupant"
"4429","20151329R0523",2015-09-27,2015,"Sep",27,"09:35",9,35,"Sunday","Slight",2,"Slight","Other vehicle occupant","Driver or rider","Male",31,"Unclassified","Single carriageway",30,"A","Not a Pedestrian","Not a Pedestrian",419848,441185,"E01011275",2,"T or staggered junction","Daylight","Fine no high winds","Dry","Others"
"4430","20151329R0523",2015-09-27,2015,"Sep",27,"09:35",9,35,"Sunday","Slight",2,"Slight","Other vehicle occupant","Passenger","Male",29,"Unclassified","Single carriageway",30,"A","Not a Pedestrian","Not a Pedestrian",419848,441185,"E01011275",2,"T or staggered junction","Daylight","Fine no high winds","Dry","Others"
"4431","20151329R1632",2015-09-27,2015,"Sep",27,"20:30",20,30,"Sunday","Slight",1,"Slight","Car occupant","Driver or rider","Male",34,"Unclassified","Single carriageway",30,"Unclassified","Not a Pedestrian","Not a Pedestrian",430223,433402,"E01033010",3,"Other junction","Darkness - lights lit","Fine no high winds","Dry","Car occupant"
"4432","20151329S0278",2015-09-28,2015,"Sep",28,"08:25",8,25,"Monday","Slight",1,"Slight","Car occupant","Driver or rider","Male",25,"Unclassified","Dual carriageway",30,NA,"Not a Pedestrian","Not a Pedestrian",430972,433449,"E01033011",2,"Not at junction or within 20 metres","Daylight","Fine no high winds","Dry","Car occupant"
"4433","20151329S0321",2015-09-28,2015,"Sep",28,"09:09",9,9,"Monday","Slight",2,"Slight","Car occupant","Driver or rider","Male",41,"A","Dual carriageway",40,"Unclassified","Not a Pedestrian","Not a Pedestrian",432156,433604,"E01011349",2,"Other junction","Daylight","Fog or mist","Dry","Car occupant"
"4434","20151329S0321",2015-09-28,2015,"Sep",28,"09:09",9,9,"Monday","Slight",2,"Slight","Car occupant","Driver or rider","Male",40,"A","Dual carriageway",40,"Unclassified","Not a Pedestrian","Not a Pedestrian",432156,433604,"E01011349",2,"Other junction","Daylight","Fog or mist","Dry","Car occupant"
"4435","20151329S0705",2015-09-28,2015,"Sep",28,"13:03",13,3,"Monday","Slight",1,"Slight","Car occupant","Driver or rider","Male",22,"Unclassified","Single carriageway",30,NA,"Not a Pedestrian","Not a Pedestrian",425255,434968,"E01011295",2,"Not at junction or within 20 metres","Daylight","Fine no high winds","Dry","Car occupant"
"4436","20151329S0810",2015-09-28,2015,"Sep",28,"13:55",13,55,"Monday","Slight",1,"Slight","Motorcycle 125cc and under rider or passenger","Driver or rider","Male",20,"Unclassified","Single carriageway",30,"Unclassified","Not a Pedestrian","Not a Pedestrian",426433,433303,"E01032607",2,"Crossroads","Daylight","Fine no high winds","Dry","Motorcyclist and pillion"
"4437","20151329T0587",2015-09-28,2015,"Sep",28,"19:25",19,25,"Monday","Slight",1,"Slight","Cyclist","Driver or rider","Male",57,"A","Dual carriageway",70,NA,"Not a Pedestrian","Not a Pedestrian",428104,426692,"E01011540",2,"Not at junction or within 20 metres","Daylight","Fine no high winds","Dry","Cyclist"
"4438","20151329T0840",2015-09-29,2015,"Sep",29,"14:15",14,15,"Tuesday","Slight",1,"Slight","Cyclist","Driver or rider","Male",38,"A","Single carriageway",30,"Unclassified","Not a Pedestrian","Not a Pedestrian",426979,433736,"E01011284",2,"T or staggered junction","Daylight","Fine no high winds","Dry","Cyclist"
"4439","20151329T0233",2015-09-29,2015,"Sep",29,"15:16",15,16,"Tuesday","Slight",1,"Slight","Pedestrian","Pedestrian","Male",11,"A","Single carriageway",30,NA,"In carriageway, crossing elsewhere","Crossing from offside - masked by  parked or stationary vehicle",425150,427781,"E01011530",1,"Not at junction or within 20 metres","Daylight","Fine no high winds","Dry","Pedestrian"
"4440","20151329T1049",2015-09-29,2015,"Sep",29,"16:28",16,28,"Tuesday","Serious",1,"Serious","Pedestrian","Pedestrian","Female",22,"Unclassified","Dual carriageway",30,"Unclassified","In centre of carriageway - not on refuge, island or central reservation","Crossing from driver's offside",429249,433847,"E01011678",1,"Crossroads","Daylight","Fine no high winds","Dry","Pedestrian"
"4441","20151329T1512",2015-09-29,2015,"Sep",29,"20:25",20,25,"Tuesday","Slight",1,"Slight","Taxi/Private hire car occupant","Driver or rider","Male",44,"Unclassified","Single carriageway",30,NA,"Not a Pedestrian","Not a Pedestrian",433433,436145,"E01011421",2,"Not at junction or within 20 metres","Darkness - lighting unknown","Fine no high winds","Dry","Car occupant"
"4442","20151329U0252",2015-09-30,2015,"Sep",30,"08:10",8,10,"Wednesday","Slight",1,"Slight","Motorcycle 125cc and under rider or passenger","Driver or rider","Female",50,"A","Roundabout",40,"A","Not a Pedestrian","Not a Pedestrian",426843,437981,"E01011687",2,"Roundabout","Daylight","Fine no high winds","Dry","Motorcyclist and pillion"
"4443","20151329U0973",2015-09-30,2015,"Sep",30,"16:15",16,15,"Wednesday","Slight",1,"Slight","Car occupant","Driver or rider","Female",25,"Motorway","Dual carriageway",70,NA,"Not a Pedestrian","Not a Pedestrian",437088,431068,"E01011402",2,"Not at junction or within 20 metres","Daylight","Fine no high winds","Dry","Car occupant"
"4444","20151329U1315",2015-09-30,2015,"Sep",30,"16:35",16,35,"Wednesday","Slight",1,"Slight","Bus or coach occupant (17 or more pass seats)","Passenger","Female",31,"Unclassified","Single carriageway",30,NA,"Not a Pedestrian","Not a Pedestrian",431330,433910,"E01011338",1,"Not at junction or within 20 metres","Daylight","Fine no high winds","Dry","Bus and goods vehicle occupant"
"4445","20151329U1142",2015-09-30,2015,"Sep",30,"17:00",17,0,"Wednesday","Slight",1,"Slight","Motorcycle 125cc and under rider or passenger","Driver or rider","Male",25,"Unclassified","Single carriageway",30,"Unclassified","Not a Pedestrian","Not a Pedestrian",430928,428718,"E01032497",2,"T or staggered junction","Daylight","Fine no high winds","Dry","Motorcyclist and pillion"
"4446","2015132A10551",2015-09-30,2015,"Sep",30,"19:25",19,25,"Wednesday","Slight",1,"Slight","Pedestrian","Pedestrian","Female",52,"Unclassified","Single carriageway",30,NA,"In carriageway, not crossing","In carriageway, stationary - not crossing  (standing or playing)",431632,437331,"E01011641",1,"Not at junction or within 20 metres","Darkness - lighting unknown","Fine no high winds","Dry","Pedestrian"
"4447","20151329U1551",2015-09-30,2015,"Sep",30,"19:50",19,50,"Wednesday","Slight",1,"Slight","Cyclist","Driver or rider","Male",30,"A","Roundabout",40,"A","Not a Pedestrian","Not a Pedestrian",430748,439242,"E01011556",2,"Roundabout","Darkness - lights lit","Fine no high winds","Dry","Cyclist"
"4448","2015132A10280",2015-10-01,2015,"Oct",1,"08:49",8,49,"Thursday","Slight",1,"Slight","Cyclist","Driver or rider","Female",22,"A","Dual carriageway",30,"Unclassified","Not a Pedestrian","Not a Pedestrian",429921,432733,"E01033032",2,"T or staggered junction","Daylight","Fine no high winds","Dry","Cyclist"
"4449","2015132A10941",2015-10-01,2015,"Oct",1,"13:25",13,25,"Thursday","Serious",1,"Serious","Pedestrian","Pedestrian","Male",36,"A","Dual carriageway",40,"Unclassified","In centre of carriageway - not on refuge, island or central reservation","Crossing from nearside - masked by parked or stationary vehicle",428776,433265,"E01033013",1,"Other junction","Daylight","Fine no high winds","Dry","Pedestrian"
"4450","2015132A10847",2015-10-01,2015,"Oct",1,"14:40",14,40,"Thursday","Slight",1,"Slight","Bus or coach occupant (17 or more pass seats)","Passenger","Female",90,"B","Single carriageway",30,"Unclassified","Not a Pedestrian","Not a Pedestrian",421479,434424,"E01011587",2,"T or staggered junction","Daylight","Fine no high winds","Dry","Bus and goods vehicle occupant"
"4451","2015132A10865",2015-10-01,2015,"Oct",1,"14:49",14,49,"Thursday","Slight",1,"Slight","Car occupant","Driver or rider","Male",40,"Unclassified","Single carriageway",30,"Unclassified","Not a Pedestrian","Not a Pedestrian",432167,434618,"E01011677",2,"Roundabout","Daylight","Fine no high winds","Dry","Car occupant"
"4452","2015132AS0812",2015-10-01,2015,"Oct",1,"16:00",16,0,"Thursday","Slight",1,"Slight","Car occupant","Driver or rider","Female",31,"Unclassified","Single carriageway",30,NA,"Not a Pedestrian","Not a Pedestrian",429608,434238,"E01033008",2,"Not at junction or within 20 metres","Daylight","Fine no high winds","Dry","Car occupant"
"4453","2015132A11231",2015-10-01,2015,"Oct",1,"17:45",17,45,"Thursday","Slight",1,"Slight","Motorcycle 125cc and under rider or passenger","Driver or rider","Male",21,"B","Single carriageway",30,"Unclassified","Not a Pedestrian","Not a Pedestrian",427474,435844,"E01032945",2,"T or staggered junction","Daylight","Fine no high winds","Dry","Motorcyclist and pillion"
"4454","2015132A11360",2015-10-01,2015,"Oct",1,"18:45",18,45,"Thursday","Serious",1,"Serious","Motorcycle 125cc and under rider or passenger","Driver or rider","Male",26,"Unclassified","Single carriageway",30,"Unclassified","Not a Pedestrian","Not a Pedestrian",429028,437515,"E01011513",3,"Crossroads","Darkness - lights lit","Fine no high winds","Dry","Motorcyclist and pillion"
"4455","2015132A20240",2015-10-02,2015,"Oct",2,"07:57",7,57,"Friday","Slight",1,"Slight","Pedestrian","Pedestrian","Female",23,"Unclassified","Single carriageway",30,"Unclassified","In carriageway, crossing elsewhere","Crossing from driver's nearside",431206,436843,"E01011353",1,"Mini-roundabout","Daylight","Fine no high winds","Dry","Pedestrian"
"4456","2015132A20277",2015-10-02,2015,"Oct",2,"08:34",8,34,"Friday","Slight",1,"Slight","Car occupant","Driver or rider","Male",31,"Unclassified","Single carriageway",30,"Unclassified","Not a Pedestrian","Not a Pedestrian",432009,436160,"E01011642",3,"Crossroads","Daylight","Fine no high winds","Dry","Car occupant"
"4457","2015132A20668",2015-10-02,2015,"Oct",2,"12:34",12,34,"Friday","Slight",1,"Slight","Car occupant","Driver or rider","Male",64,"A","Dual carriageway",40,NA,"Not a Pedestrian","Not a Pedestrian",427565,431205,"E01011318",2,"Not at junction or within 20 metres","Daylight","Fine no high winds","Dry","Car occupant"
"4458","2015132A10743",2015-10-02,2015,"Oct",2,"13:00",13,0,"Friday","Slight",1,"Slight","Car occupant","Driver or rider","Male",27,"Unclassified","Single carriageway",40,"A","Not a Pedestrian","Not a Pedestrian",421643,440837,"E01011580",2,"Crossroads","Daylight","Fine no high winds","Dry","Car occupant"
"4459","2015132A20797",2015-10-02,2015,"Oct",2,"13:40",13,40,"Friday","Slight",1,"Slight","Motorcycle 125cc and under rider or passenger","Driver or rider","Male",20,"Unclassified","One way street",30,"Unclassified","Not a Pedestrian","Not a Pedestrian",429842,433436,"E01033016",2,"T or staggered junction","Daylight","Fine no high winds","Dry","Motorcyclist and pillion"
"4460","2015132A21135",2015-10-02,2015,"Oct",2,"16:25",16,25,"Friday","Slight",1,"Slight","Pedestrian","Pedestrian","Male",18,"Unclassified","One way street",30,"Unclassified","Crossing elsewhere within 50m. of pedestrian crossing","Crossing from driver's offside",429794,433824,"E01033008",1,"Crossroads","Daylight","Fine no high winds","Dry","Pedestrian"
"4461","2015132A30585",2015-10-02,2015,"Oct",2,"16:35",16,35,"Friday","Slight",1,"Slight","Bus or coach occupant (17 or more pass seats)","Passenger","Female",37,"Unclassified","Single carriageway",30,NA,"Not a Pedestrian","Not a Pedestrian",430367,433464,"E01033011",2,"Not at junction or within 20 metres","Daylight","Fine no high winds","Dry","Bus and goods vehicle occupant"
"4462","2015132A21234",2015-10-02,2015,"Oct",2,"17:19",17,19,"Friday","Slight",1,"Slight","Cyclist","Driver or rider","Male",14,"Unclassified","Single carriageway",30,NA,"Not a Pedestrian","Not a Pedestrian",440390,433428,"E01011396",2,"Not at junction or within 20 metres","Daylight","Fine no high winds","Dry","Cyclist"
"4463","2015132A21292",2015-10-02,2015,"Oct",2,"17:50",17,50,"Friday","Slight",1,"Slight","Car occupant","Passenger","Male",35,"A","Dual carriageway",40,NA,"Not a Pedestrian","Not a Pedestrian",430418,434479,"E01033002",1,"Not at junction or within 20 metres","Daylight","Fine no high winds","Dry","Car occupant"