"","accident_index","date","year","month","day","time","time_hour","time_minute","day_of_week","accident_severity","number_of_casualties","casualty_severity","casualty_type","casualty_class","sex_of_casualty","age_of_casualty","first_road_class","road_type","speed_limit","second_road_class","pedestrian_location","pedestrian_movement","location_easting_osgr","location_northing_osgr","lsoa_of_accident_location","number_of_vehicles","junction_detail","light_conditions","weather_conditions","road_surface_conditions","cas_type"
"4464","2015132A21316",2015-10-02,2015,"Oct",2,"18:08",18,8,"Friday","Slight",1,"Slight","Pedestrian","Pedestrian","Male",68,"Unclassified","Single carriageway",30,"A","In carriageway, crossing elsewhere","Crossing from driver's nearside",436197,433584,"E01011414",1,"T or staggered junction","Daylight","Fine no high winds","Dry","Pedestrian"
"4465","2015132A21536",2015-10-02,2015,"Oct",2,"18:20",18,20,"Friday","Slight",1,"Slight","Cyclist","Driver or rider","Male",32,"Unclassified","Single carriageway",30,"Unclassified","Not a Pedestrian","Not a Pedestrian",430024,435540,"E01011670",2,"T or staggered junction","Daylight","Fine no high winds","Dry","Cyclist"
"4466","2015132A21667",2015-10-02,2015,"Oct",2,"21:30",21,30,"Friday","Slight",1,"Slight","Car occupant","Driver or rider","Female",52,"A","Single carriageway",30,"B","Not a Pedestrian","Not a Pedestrian",425630,426890,"E01011534",2,"T or staggered junction","Darkness - lights lit","Fine no high winds","Dry","Car occupant"
"4467","2015132A31306",2015-10-03,2015,"Oct",3,"18:15",18,15,"Saturday","Slight",1,"Slight","Taxi/Private hire car occupant","Driver or rider","Male",48,"Unclassified","Single carriageway",30,"Unclassified","Not a Pedestrian","Not a Pedestrian",432439,435196,"E01011432",2,"T or staggered junction","Daylight","Fine no high winds","Dry","Car occupant"
"4468","2015132A31682",2015-10-03,2015,"Oct",3,"22:10",22,10,"Saturday","Serious",1,"Serious","Motorcycle 50cc and under rider or passenger","Driver or rider","Male",32,"A","Slip road",40,"Motorway","Not a Pedestrian","Not a Pedestrian",428944,433429,"E01033015",2,"Slip road","Darkness - lights lit","Fine no high winds","Wet or damp","Motorcyclist and pillion"
"4469","2015132A41070",2015-10-04,2015,"Oct",4,"13:25",13,25,"Sunday","Slight",1,"Slight","Bus or coach occupant (17 or more pass seats)","Driver or rider","Male",50,"A","Dual carriageway",30,"A","Not a Pedestrian","Not a Pedestrian",430084,432872,"E01033016",2,"T or staggered junction","Daylight","Fine no high winds","Dry","Bus and goods vehicle occupant"
"4470","2015132A40920",2015-10-04,2015,"Oct",4,"14:00",14,0,"Sunday","Slight",1,"Slight","Car occupant","Driver or rider","Female",64,"Unclassified","Single carriageway",30,"Unclassified","Not a Pedestrian","Not a Pedestrian",435568,436777,"E01011661",2,"T or staggered junction","Daylight","Fine no high winds","Dry","Car occupant"
"4471","2015132A41245",2015-10-04,2015,"Oct",4,"17:20",17,20,"Sunday","Serious",1,"Serious","Motorcycle 50cc and under rider or passenger","Driver or rider","Male",16,"Unclassified","Single carriageway",30,NA,"Not a Pedestrian","Not a Pedestrian",429896,433409,"E01033016",2,"Not at junction or within 20 metres","Daylight","Fine no high winds","Dry","Motorcyclist and pillion"
"4472","2015132A50234",2015-10-05,2015,"Oct",5,"08:43",8,43,"Monday","Slight",1,"Slight","Pedestrian","Pedestrian","Female",50,"A","Dual carriageway",40,NA,"In carriageway, crossing elsewhere","Crossing from nearside - masked by parked or stationary vehicle",434517,434425,"E01011341",1,"Not at junction or within 20 metres","Daylight","Raining no high winds","Wet or damp","Pedestrian"
"4473","2015132A50696",2015-10-05,2015,"Oct",5,"13:55",13,55,"Monday","Slight",2,"Slight","Car occupant","Driver or rider","Male",54,"A","Dual carriageway",40,NA,"Not a Pedestrian","Not a Pedestrian",428865,429791,"E01011320",2,"Not at junction or within 20 metres","Daylight","Fine no high winds","Wet or damp","Car occupant"
"4474","2015132A50696",2015-10-05,2015,"Oct",5,"13:55",13,55,"Monday","Slight",2,"Slight","Car occupant","Driver or rider","Male",63,"A","Dual carriageway",40,NA,"Not a Pedestrian","Not a Pedestrian",428865,429791,"E01011320",2,"Not at junction or within 20 metres","Daylight","Fine no high winds","Wet or damp","Car occupant"
"4475","2015132A50872",2015-10-05,2015,"Oct",5,"15:35",15,35,"Monday","Slight",1,"Slight","Minibus (8 - 16 passenger seats) occupant","Driver or rider","Male",48,"Motorway","Slip road",70,"Motorway","Not a Pedestrian","Not a Pedestrian",442607,434522,"E01011297",2,"Slip road","Daylight","Fine no high winds","Wet or damp","Bus and goods vehicle occupant"
"4476","2015132A51409",2015-10-05,2015,"Oct",5,"20:28",20,28,"Monday","Slight",3,"Slight","Car occupant","Driver or rider","Male",21,"Unclassified","Single carriageway",30,NA,"Not a Pedestrian","Not a Pedestrian",428557,434262,"E01011681",2,"Not at junction or within 20 metres","Darkness - lights lit","Raining no high winds","Wet or damp","Car occupant"
"4477","2015132A51409",2015-10-05,2015,"Oct",5,"20:28",20,28,"Monday","Slight",3,"Slight","Car occupant","Passenger","Male",23,"Unclassified","Single carriageway",30,NA,"Not a Pedestrian","Not a Pedestrian",428557,434262,"E01011681",2,"Not at junction or within 20 metres","Darkness - lights lit","Raining no high winds","Wet or damp","Car occupant"
"4478","2015132A51409",2015-10-05,2015,"Oct",5,"20:28",20,28,"Monday","Slight",3,"Slight","Car occupant","Driver or rider","Male",33,"Unclassified","Single carriageway",30,NA,"Not a Pedestrian","Not a Pedestrian",428557,434262,"E01011681",2,"Not at junction or within 20 metres","Darkness - lights lit","Raining no high winds","Wet or damp","Car occupant"
"4479","2015132A60236",2015-10-06,2015,"Oct",6,"08:36",8,36,"Tuesday","Serious",1,"Serious","Pedestrian","Pedestrian","Female",86,"A","Dual carriageway",40,NA,"Crossing on pedestrian crossing facility","Crossing from driver's nearside",420642,434362,"E01011595",1,"Not at junction or within 20 metres","Daylight","Fine no high winds","Wet or damp","Pedestrian"
"4480","2015132A60248",2015-10-06,2015,"Oct",6,"08:45",8,45,"Tuesday","Slight",1,"Slight","Car occupant","Driver or rider","Female",44,"Unclassified","Single carriageway",40,NA,"Not a Pedestrian","Not a Pedestrian",431506,430620,"E01011470",1,"Not at junction or within 20 metres","Daylight","Fine no high winds","Wet or damp","Car occupant"
"4481","2015132A60478",2015-10-06,2015,"Oct",6,"11:15",11,15,"Tuesday","Slight",1,"Slight","Car occupant","Driver or rider","Male",23,"A","Dual carriageway",30,"A","Not a Pedestrian","Not a Pedestrian",424207,428249,"E01011523",2,"Roundabout","Daylight","Fine no high winds","Dry","Car occupant"
"4482","2015132A60899",2015-10-06,2015,"Oct",6,"15:30",15,30,"Tuesday","Slight",3,"Slight","Car occupant","Driver or rider","Female",50,"Unclassified","Single carriageway",30,"Unclassified","Not a Pedestrian","Not a Pedestrian",430785,433346,"E01033011",2,"Other junction","Daylight","Raining no high winds","Wet or damp","Car occupant"
"4483","2015132A60899",2015-10-06,2015,"Oct",6,"15:30",15,30,"Tuesday","Slight",3,"Slight","Car occupant","Passenger","Male",37,"Unclassified","Single carriageway",30,"Unclassified","Not a Pedestrian","Not a Pedestrian",430785,433346,"E01033011",2,"Other junction","Daylight","Raining no high winds","Wet or damp","Car occupant"
"4484","2015132A60899",2015-10-06,2015,"Oct",6,"15:30",15,30,"Tuesday","Slight",3,"Slight","Van / Goods vehicle (3.5 tonnes mgw or under) occupant","Driver or rider","Male",30,"Unclassified","Single carriageway",30,"Unclassified","Not a Pedestrian","Not a Pedestrian",430785,433346,"E01033011",2,"Other junction","Daylight","Raining no high winds","Wet or damp","Bus and goods vehicle occupant"
"4485","2015132A61073",2015-10-06,2015,"Oct",6,"16:45",16,45,"Tuesday","Slight",1,"Slight","Car occupant","Driver or rider","Female",53,"Unclassified","Single carriageway",30,NA,"Not a Pedestrian","Not a Pedestrian",431305,437098,"E01011353",2,"Not at junction or within 20 metres","Daylight","Raining no high winds","Wet or damp","Car occupant"
"4486","2015132A61193",2015-10-06,2015,"Oct",6,"17:45",17,45,"Tuesday","Slight",3,"Slight","Car occupant","Driver or rider","Male",24,"A","Single carriageway",30,NA,"Not a Pedestrian","Not a Pedestrian",433938,427690,"E01011633",3,"Not at junction or within 20 metres","Daylight","Fine no high winds","Wet or damp","Car occupant"
"4487","2015132A61193",2015-10-06,2015,"Oct",6,"17:45",17,45,"Tuesday","Slight",3,"Slight","Car occupant","Passenger","Male",17,"A","Single carriageway",30,NA,"Not a Pedestrian","Not a Pedestrian",433938,427690,"E01011633",3,"Not at junction or within 20 metres","Daylight","Fine no high winds","Wet or damp","Car occupant"
"4488","2015132A61193",2015-10-06,2015,"Oct",6,"17:45",17,45,"Tuesday","Slight",3,"Slight","Car occupant","Driver or rider","Female",61,"A","Single carriageway",30,NA,"Not a Pedestrian","Not a Pedestrian",433938,427690,"E01011633",3,"Not at junction or within 20 metres","Daylight","Fine no high winds","Wet or damp","Car occupant"
"4489","2015132A61395",2015-10-06,2015,"Oct",6,"19:30",19,30,"Tuesday","Serious",2,"Serious","Pedestrian","Pedestrian","Female",66,"Unclassified","Single carriageway",30,"B","In carriageway, crossing elsewhere","Crossing from driver's nearside",421719,432926,"E01011602",1,"T or staggered junction","Darkness - lights lit","Raining no high winds","Wet or damp","Pedestrian"
"4490","2015132A61395",2015-10-06,2015,"Oct",6,"19:30",19,30,"Tuesday","Serious",2,"Serious","Pedestrian","Pedestrian","Male",68,"Unclassified","Single carriageway",30,"B","In carriageway, crossing elsewhere","Crossing from driver's nearside",421719,432926,"E01011602",1,"T or staggered junction","Darkness - lights lit","Raining no high winds","Wet or damp","Pedestrian"
"4491","2015132A61452",2015-10-06,2015,"Oct",6,"20:00",20,0,"Tuesday","Slight",2,"Slight","Car occupant","Driver or rider","Male",43,"Unclassified","Single carriageway",30,NA,"Not a Pedestrian","Not a Pedestrian",428601,430771,"E01011369",2,"Not at junction or within 20 metres","Darkness - lights lit","Fine no high winds","Wet or damp","Car occupant"
"4492","2015132A61452",2015-10-06,2015,"Oct",6,"20:00",20,0,"Tuesday","Slight",2,"Slight","Car occupant","Driver or rider","Female",23,"Unclassified","Single carriageway",30,NA,"Not a Pedestrian","Not a Pedestrian",428601,430771,"E01011369",2,"Not at junction or within 20 metres","Darkness - lights lit","Fine no high winds","Wet or damp","Car occupant"
"4493","2015132A70269",2015-10-07,2015,"Oct",7,"08:35",8,35,"Wednesday","Slight",1,"Slight","Cyclist","Driver or rider","Male",51,"Unclassified","Single carriageway",30,"Unclassified","Not a Pedestrian","Not a Pedestrian",426105,433597,"E01032608",3,"T or staggered junction","Daylight","Fine no high winds","Wet or damp","Cyclist"
"4494","2015132A70698",2015-10-07,2015,"Oct",7,"09:45",9,45,"Wednesday","Slight",1,"Slight","Pedestrian","Pedestrian","Male",39,"Unclassified","Single carriageway",30,NA,"Unknown or other","Unknown or other",424547,429015,"E01011523",1,"Not at junction or within 20 metres","Daylight","Raining no high winds","Wet or damp","Pedestrian"
"4495","2015132A70703",2015-10-07,2015,"Oct",7,"13:40",13,40,"Wednesday","Slight",3,"Slight","Car occupant","Driver or rider","Male",27,"Unclassified","Single carriageway",40,"Unclassified","Not a Pedestrian","Not a Pedestrian",431292,437138,"E01011504",2,"Crossroads","Daylight","Raining no high winds","Wet or damp","Car occupant"
"4496","2015132A70703",2015-10-07,2015,"Oct",7,"13:40",13,40,"Wednesday","Slight",3,"Slight","Car occupant","Passenger","Male",21,"Unclassified","Single carriageway",40,"Unclassified","Not a Pedestrian","Not a Pedestrian",431292,437138,"E01011504",2,"Crossroads","Daylight","Raining no high winds","Wet or damp","Car occupant"
"4497","2015132A70703",2015-10-07,2015,"Oct",7,"13:40",13,40,"Wednesday","Slight",3,"Slight","Car occupant","Passenger","Male",23,"Unclassified","Single carriageway",40,"Unclassified","Not a Pedestrian","Not a Pedestrian",431292,437138,"E01011504",2,"Crossroads","Daylight","Raining no high winds","Wet or damp","Car occupant"
"4498","2015132A70752",2015-10-07,2015,"Oct",7,"14:00",14,0,"Wednesday","Serious",4,"Serious","Car occupant","Driver or rider","Female",76,"A","Single carriageway",40,NA,"Not a Pedestrian","Not a Pedestrian",438488,427256,"E01011393",2,"Not at junction or within 20 metres","Daylight","Raining no high winds","Wet or damp","Car occupant"
"4499","2015132A70752",2015-10-07,2015,"Oct",7,"14:00",14,0,"Wednesday","Serious",4,"Serious","Car occupant","Passenger","Male",74,"A","Single carriageway",40,NA,"Not a Pedestrian","Not a Pedestrian",438488,427256,"E01011393",2,"Not at junction or within 20 metres","Daylight","Raining no high winds","Wet or damp","Car occupant"
"4500","2015132A70752",2015-10-07,2015,"Oct",7,"14:00",14,0,"Wednesday","Serious",4,"Slight","Car occupant","Driver or rider","Male",50,"A","Single carriageway",40,NA,"Not a Pedestrian","Not a Pedestrian",438488,427256,"E01011393",2,"Not at junction or within 20 metres","Daylight","Raining no high winds","Wet or damp","Car occupant"
"4501","2015132A70752",2015-10-07,2015,"Oct",7,"14:00",14,0,"Wednesday","Serious",4,"Slight","Car occupant","Passenger","Male",56,"A","Single carriageway",40,NA,"Not a Pedestrian","Not a Pedestrian",438488,427256,"E01011393",2,"Not at junction or within 20 metres","Daylight","Raining no high winds","Wet or damp","Car occupant"
"4502","2015132A71031",2015-10-07,2015,"Oct",7,"16:47",16,47,"Wednesday","Slight",2,"Slight","Cyclist","Driver or rider","Male",14,"Unclassified","Single carriageway",30,NA,"Not a Pedestrian","Not a Pedestrian",423267,434694,"E01011335",2,"Not at junction or within 20 metres","Daylight","Fine no high winds","Dry","Cyclist"
"4503","2015132A71031",2015-10-07,2015,"Oct",7,"16:47",16,47,"Wednesday","Slight",2,"Slight","Cyclist","Passenger","Male",14,"Unclassified","Single carriageway",30,NA,"Not a Pedestrian","Not a Pedestrian",423267,434694,"E01011335",2,"Not at junction or within 20 metres","Daylight","Fine no high winds","Dry","Cyclist"
"4504","2015132A71118",2015-10-07,2015,"Oct",7,"17:24",17,24,"Wednesday","Slight",1,"Slight","Car occupant","Driver or rider","Female",36,"Motorway","Dual carriageway",50,NA,"Not a Pedestrian","Not a Pedestrian",430464,431103,"E01011468",2,"Not at junction or within 20 metres","Daylight","Fine no high winds","Dry","Car occupant"
"4505","2015132A91554",2015-10-07,2015,"Oct",7,"18:44",18,44,"Wednesday","Slight",1,"Slight","Pedestrian","Pedestrian","Male",14,"A","Dual carriageway",40,NA,"In carriageway, crossing elsewhere","Crossing from driver's offside",419828,434056,"E01011597",1,"Not at junction or within 20 metres","Darkness - lights lit","Fine no high winds","Dry","Pedestrian"
"4506","2015132A80044",2015-10-07,2015,"Oct",7,"22:43",22,43,"Wednesday","Serious",1,"Serious","Cyclist","Driver or rider","Male",44,"A","Single carriageway",30,"Unclassified","Not a Pedestrian","Not a Pedestrian",420467,440317,"E01011278",2,"T or staggered junction","Darkness - lights lit","Fine no high winds","Dry","Cyclist"
"4507","2015132A80237",2015-10-08,2015,"Oct",8,"08:26",8,26,"Thursday","Slight",1,"Slight","Minibus (8 - 16 passenger seats) occupant","Driver or rider","Male",51,"Motorway","Dual carriageway",70,NA,"Not a Pedestrian","Not a Pedestrian",434561,425892,"E01011636",3,"Not at junction or within 20 metres","Daylight","Fine no high winds","Dry","Bus and goods vehicle occupant"
"4508","2015132A80246",2015-10-08,2015,"Oct",8,"08:30",8,30,"Thursday","Slight",1,"Slight","Car occupant","Driver or rider","Male",26,"Unclassified","Single carriageway",40,"Unclassified","Not a Pedestrian","Not a Pedestrian",438293,432224,"E01011402",2,"T or staggered junction","Daylight","Fine no high winds","Dry","Car occupant"
"4509","2015132A80670",2015-10-08,2015,"Oct",8,"12:55",12,55,"Thursday","Slight",1,"Slight","Pedestrian","Pedestrian","Female",88,"Unclassified","Single carriageway",30,"Unclassified","In carriageway, crossing elsewhere","Unknown or other",426289,427273,"E01011541",1,"T or staggered junction","Daylight","Fine no high winds","Dry","Pedestrian"
"4510","2015132A81559",2015-10-08,2015,"Oct",8,"20:25",20,25,"Thursday","Serious",1,"Serious","Motorcycle 125cc and under rider or passenger","Driver or rider","Male",19,"Unclassified","Single carriageway",30,"A","Not a Pedestrian","Not a Pedestrian",436377,428379,"E01032487",2,"T or staggered junction","Darkness - lights lit","Fine no high winds","Wet or damp","Motorcyclist and pillion"
"4511","2015132A90714",2015-10-09,2015,"Oct",9,"10:31",10,31,"Friday","Slight",1,"Slight","Bus or coach occupant (17 or more pass seats)","Passenger","Female",59,"A","Dual carriageway",40,"Unclassified","Not a Pedestrian","Not a Pedestrian",433179,434013,"E01011617",2,"T or staggered junction","Daylight","Fine no high winds","Dry","Bus and goods vehicle occupant"
"4512","2015132A90876",2015-10-09,2015,"Oct",9,"11:30",11,30,"Friday","Slight",1,"Slight","Pedestrian","Pedestrian","Male",11,"Unclassified","Single carriageway",30,NA,"Crossing on pedestrian crossing facility","Crossing from driver's nearside",440389,433345,"E01011396",1,"Not at junction or within 20 metres","Daylight","Fine no high winds","Dry","Pedestrian"
"4513","2015132A90632",2015-10-09,2015,"Oct",9,"12:05",12,5,"Friday","Slight",1,"Slight","Cyclist","Driver or rider","Male",21,"A","Single carriageway",30,"Unclassified","Not a Pedestrian","Not a Pedestrian",427996,436017,"E01011440",2,"T or staggered junction","Daylight","Fine no high winds","Dry","Cyclist"
"4514","2015132A90651",2015-10-09,2015,"Oct",9,"12:20",12,20,"Friday","Slight",1,"Slight","Agricultural vehicle occupant","Driver or rider","Male",38,"Unclassified","Single carriageway",30,"Unclassified","Not a Pedestrian","Not a Pedestrian",429832,439181,"E01011559",2,"Crossroads","Daylight","Fine no high winds","Dry","Others"
"4515","2015132A90740",2015-10-09,2015,"Oct",9,"13:21",13,21,"Friday","Serious",1,"Serious","Taxi/Private hire car occupant","Driver or rider","Male",51,"Unclassified","Single carriageway",30,NA,"Not a Pedestrian","Not a Pedestrian",436268,435078,"E01011408",2,"Not at junction or within 20 metres","Daylight","Fine no high winds","Dry","Car occupant"
"4516","2015132A90950",2015-10-09,2015,"Oct",9,"15:00",15,0,"Friday","Slight",2,"Slight","Car occupant","Driver or rider","Female",86,"A","Single carriageway",30,"Unclassified","Not a Pedestrian","Not a Pedestrian",442020,445791,"E01011707",2,"T or staggered junction","Daylight","Fine no high winds","Dry","Car occupant"
"4517","2015132A90950",2015-10-09,2015,"Oct",9,"15:00",15,0,"Friday","Slight",2,"Slight","Car occupant","Driver or rider","Female",40,"A","Single carriageway",30,"Unclassified","Not a Pedestrian","Not a Pedestrian",442020,445791,"E01011707",2,"T or staggered junction","Daylight","Fine no high winds","Dry","Car occupant"
"4518","2015132A91011",2015-10-09,2015,"Oct",9,"15:30",15,30,"Friday","Slight",1,"Slight","Car occupant","Driver or rider","Female",64,"Unclassified","Single carriageway",30,"A","Not a Pedestrian","Not a Pedestrian",434798,429057,"E01011628",3,"Other junction","Daylight","Fine no high winds","Dry","Car occupant"
"4519","2015132A91513",2015-10-09,2015,"Oct",9,"19:25",19,25,"Friday","Serious",1,"Serious","Motorcycle over 500cc rider or passenger","Driver or rider","Male",45,"Unclassified","Single carriageway",30,"A","Not a Pedestrian","Not a Pedestrian",424916,434422,"E01032606",2,"Roundabout","Darkness - lights lit","Fine no high winds","Dry","Motorcyclist and pillion"
"4520","2015132AA0285",2015-10-10,2015,"Oct",10,"08:32",8,32,"Saturday","Slight",1,"Slight","Pedestrian","Pedestrian","Female",2,"Unclassified","Single carriageway",30,NA,"Crossing on pedestrian crossing facility","Crossing from driver's nearside",423164,433823,"E01011609",1,"Not at junction or within 20 metres","Daylight","Fine no high winds","Dry","Pedestrian"
"4521","2015132AA0712",2015-10-10,2015,"Oct",10,"09:40",9,40,"Saturday","Slight",1,"Slight","Bus or coach occupant (17 or more pass seats)","Passenger","Female",28,"Unclassified","Single carriageway",30,NA,"Not a Pedestrian","Not a Pedestrian",430040,431778,"E01011364",1,"Not at junction or within 20 metres","Daylight","Fine no high winds","Dry","Bus and goods vehicle occupant"
"4522","2015132AA0651",2015-10-10,2015,"Oct",10,"11:00",11,0,"Saturday","Slight",2,"Slight","Car occupant","Driver or rider","Male",70,"A","Single carriageway",30,"Unclassified","Not a Pedestrian","Not a Pedestrian",442622,426481,"E01011299",2,"Other junction","Daylight","Fine no high winds","Dry","Car occupant"
"4523","2015132AA0651",2015-10-10,2015,"Oct",10,"11:00",11,0,"Saturday","Slight",2,"Slight","Car occupant","Passenger","Female",68,"A","Single carriageway",30,"Unclassified","Not a Pedestrian","Not a Pedestrian",442622,426481,"E01011299",2,"Other junction","Daylight","Fine no high winds","Dry","Car occupant"
"4524","2015132AA0734",2015-10-10,2015,"Oct",10,"12:10",12,10,"Saturday","Slight",1,"Slight","Cyclist","Driver or rider","Male",39,"Unclassified","Single carriageway",30,"Unclassified","Not a Pedestrian","Not a Pedestrian",419912,445376,"E01011574",2,"T or staggered junction","Daylight","Fine no high winds","Dry","Cyclist"
"4525","2015132AB0107",2015-10-11,2015,"Oct",11,"01:09",1,9,"Sunday","Slight",1,"Slight","Pedestrian","Pedestrian","Male",19,"A","Single carriageway",30,"Unclassified","Unknown or other","Unknown or other",428337,435747,"E01011442",1,"T or staggered junction","Darkness - lights lit","Fine no high winds","Dry","Pedestrian"
"4526","2015132AB0401",2015-10-11,2015,"Oct",11,"06:50",6,50,"Sunday","Slight",1,"Slight","Car occupant","Driver or rider","Male",23,"A","Dual carriageway",40,NA,"Not a Pedestrian","Not a Pedestrian",424567,433733,"E01011739",1,"Not at junction or within 20 metres","Daylight","Fine no high winds","Wet or damp","Car occupant"
"4527","2015132AB0929",2015-10-11,2015,"Oct",11,"15:10",15,10,"Sunday","Slight",1,"Slight","Car occupant","Driver or rider","Male",24,"A","Single carriageway",40,"A","Not a Pedestrian","Not a Pedestrian",427479,431311,"E01011318",2,"Crossroads","Daylight","Fine no high winds","Dry","Car occupant"
"4528","2015132AB1240",2015-10-11,2015,"Oct",11,"18:33",18,33,"Sunday","Serious",2,"Serious","Car occupant","Driver or rider","Male",39,"Unclassified","Roundabout",30,"A","Not a Pedestrian","Not a Pedestrian",441091,433567,"E01011400",2,"Roundabout","Daylight","Fine no high winds","Dry","Car occupant"
"4529","2015132AB1240",2015-10-11,2015,"Oct",11,"18:33",18,33,"Sunday","Serious",2,"Slight","Car occupant","Passenger","Male",40,"Unclassified","Roundabout",30,"A","Not a Pedestrian","Not a Pedestrian",441091,433567,"E01011400",2,"Roundabout","Daylight","Fine no high winds","Dry","Car occupant"
"4530","2015132AC1053",2015-10-12,2015,"Oct",12,"08:30",8,30,"Monday","Serious",1,"Serious","Cyclist","Driver or rider","Male",53,"Unclassified","Single carriageway",30,"Unclassified","Not a Pedestrian","Not a Pedestrian",431248,429667,"E01011473",2,"Crossroads","Daylight","Fine no high winds","Dry","Cyclist"
"4531","2015132AC0875",2015-10-12,2015,"Oct",12,"14:55",14,55,"Monday","Serious",1,"Serious","Cyclist","Driver or rider","Male",11,"Unclassified","Single carriageway",20,NA,"Not a Pedestrian","Not a Pedestrian",429130,429517,"E01011322",2,"Not at junction or within 20 metres","Daylight","Fine no high winds","Dry","Cyclist"
"4532","2015132AC1023",2015-10-12,2015,"Oct",12,"16:09",16,9,"Monday","Slight",1,"Slight","Car occupant","Passenger","Female",58,"A","Single carriageway",30,NA,"Not a Pedestrian","Not a Pedestrian",429586,434728,"E01033006",2,"Not at junction or within 20 metres","Daylight","Fine no high winds","Dry","Car occupant"
"4533","2015132AC1034",2015-10-12,2015,"Oct",12,"16:13",16,13,"Monday","Slight",1,"Slight","Car occupant","Driver or rider","Male",34,"Motorway","Dual carriageway",70,NA,"Not a Pedestrian","Not a Pedestrian",434637,425891,"E01011636",5,"Not at junction or within 20 metres","Daylight","Fine no high winds","Dry","Car occupant"
"4534","2015132AC1190",2015-10-12,2015,"Oct",12,"17:45",17,45,"Monday","Slight",2,"Slight","Car occupant","Driver or rider","Female",48,"Motorway","Roundabout",40,"A","Not a Pedestrian","Not a Pedestrian",431954,430321,"E01011469",3,"Roundabout","Daylight","Fine no high winds","Dry","Car occupant"
"4535","2015132AC1190",2015-10-12,2015,"Oct",12,"17:45",17,45,"Monday","Slight",2,"Slight","Car occupant","Driver or rider","Male",28,"Motorway","Roundabout",40,"A","Not a Pedestrian","Not a Pedestrian",431954,430321,"E01011469",3,"Roundabout","Daylight","Fine no high winds","Dry","Car occupant"
"4536","2015132AC1188",2015-10-12,2015,"Oct",12,"17:50",17,50,"Monday","Slight",2,"Slight","Car occupant","Driver or rider","Female",41,"Unclassified","Single carriageway",30,"Unclassified","Not a Pedestrian","Not a Pedestrian",429965,435402,"E01011670",2,"T or staggered junction","Daylight","Fine no high winds","Dry","Car occupant"
"4537","2015132AC1188",2015-10-12,2015,"Oct",12,"17:50",17,50,"Monday","Slight",2,"Slight","Car occupant","Passenger","Female",3,"Unclassified","Single carriageway",30,"Unclassified","Not a Pedestrian","Not a Pedestrian",429965,435402,"E01011670",2,"T or staggered junction","Daylight","Fine no high winds","Dry","Car occupant"
"4538","2015132AC1253",2015-10-12,2015,"Oct",12,"18:20",18,20,"Monday","Slight",2,"Slight","Car occupant","Driver or rider","Male",38,"A","Roundabout",40,"A","Not a Pedestrian","Not a Pedestrian",435899,436390,"E01011720",1,"Roundabout","Daylight","Fine no high winds","Dry","Car occupant"
"4539","2015132AC1253",2015-10-12,2015,"Oct",12,"18:20",18,20,"Monday","Slight",2,"Slight","Car occupant","Passenger","Male",9,"A","Roundabout",40,"A","Not a Pedestrian","Not a Pedestrian",435899,436390,"E01011720",1,"Roundabout","Daylight","Fine no high winds","Dry","Car occupant"
"4540","2015132AD0104",2015-10-13,2015,"Oct",13,"03:15",3,15,"Tuesday","Slight",1,"Slight","Car occupant","Driver or rider","Male",24,"A","Roundabout",30,"Unclassified","Not a Pedestrian","Not a Pedestrian",427934,426303,"E01011550",2,"Roundabout","Darkness - lights lit","Fine no high winds","Dry","Car occupant"
"4541","2015132AD0298",2015-10-13,2015,"Oct",13,"09:30",9,30,"Tuesday","Slight",3,"Slight","Car occupant","Driver or rider","Female",65,"A","Dual carriageway",40,"Unclassified","Not a Pedestrian","Not a Pedestrian",434708,434566,"E01011341",3,"T or staggered junction","Daylight","Fine no high winds","Dry","Car occupant"
"4542","2015132AD0298",2015-10-13,2015,"Oct",13,"09:30",9,30,"Tuesday","Slight",3,"Slight","Car occupant","Driver or rider","Male",47,"A","Dual carriageway",40,"Unclassified","Not a Pedestrian","Not a Pedestrian",434708,434566,"E01011341",3,"T or staggered junction","Daylight","Fine no high winds","Dry","Car occupant"
"4543","2015132AD0298",2015-10-13,2015,"Oct",13,"09:30",9,30,"Tuesday","Slight",3,"Slight","Car occupant","Driver or rider","Male",33,"A","Dual carriageway",40,"Unclassified","Not a Pedestrian","Not a Pedestrian",434708,434566,"E01011341",3,"T or staggered junction","Daylight","Fine no high winds","Dry","Car occupant"
"4544","2015132AD0524",2015-10-13,2015,"Oct",13,"12:05",12,5,"Tuesday","Slight",1,"Slight","Car occupant","Driver or rider","Female",29,"A","Dual carriageway",40,NA,"Not a Pedestrian","Not a Pedestrian",434023,429403,"E01011639",2,"Not at junction or within 20 metres","Daylight","Fine no high winds","Dry","Car occupant"
"4545","2015132AD1171",2015-10-13,2015,"Oct",13,"17:40",17,40,"Tuesday","Slight",1,"Slight","Motorcycle 125cc and under rider or passenger","Driver or rider","Male",23,"A","Single carriageway",30,"B","Not a Pedestrian","Not a Pedestrian",427895,436199,"E01011451",2,"Crossroads","Daylight","Fine no high winds","Dry","Motorcyclist and pillion"
"4546","2015132AD1570",2015-10-13,2015,"Oct",13,"21:15",21,15,"Tuesday","Slight",3,"Slight","Car occupant","Driver or rider","Male",23,"A","Dual carriageway",60,"Unclassified","Not a Pedestrian","Not a Pedestrian",420535,434324,"E01011595",1,"T or staggered junction","Darkness - lights lit","Fine no high winds","Dry","Car occupant"