"","accident_index","date","year","month","day","time","time_hour","time_minute","day_of_week","accident_severity","number_of_casualties","casualty_severity","casualty_type","casualty_class","sex_of_casualty","age_of_casualty","first_road_class","road_type","speed_limit","second_road_class","pedestrian_location","pedestrian_movement","location_easting_osgr","location_northing_osgr","lsoa_of_accident_location","number_of_vehicles","junction_detail","light_conditions","weather_conditions","road_surface_conditions","cas_type"
"4547","2015132AD1570",2015-10-13,2015,"Oct",13,"21:15",21,15,"Tuesday","Slight",3,"Slight","Car occupant","Passenger","Male",21,"A","Dual carriageway",60,"Unclassified","Not a Pedestrian","Not a Pedestrian",420535,434324,"E01011595",1,"T or staggered junction","Darkness - lights lit","Fine no high winds","Dry","Car occupant"
"4548","2015132AD1570",2015-10-13,2015,"Oct",13,"21:15",21,15,"Tuesday","Slight",3,"Slight","Car occupant","Passenger","Male",16,"A","Dual carriageway",60,"Unclassified","Not a Pedestrian","Not a Pedestrian",420535,434324,"E01011595",1,"T or staggered junction","Darkness - lights lit","Fine no high winds","Dry","Car occupant"
"4549","2015132AD1760",2015-10-13,2015,"Oct",13,"23:45",23,45,"Tuesday","Slight",1,"Slight","Car occupant","Driver or rider","Male",26,"A","Dual carriageway",40,NA,"Not a Pedestrian","Not a Pedestrian",428445,428687,"E01011493",1,"Not at junction or within 20 metres","Darkness - lights lit","Fine no high winds","Dry","Car occupant"
"4550","2015132AE0178",2015-10-14,2015,"Oct",14,"07:15",7,15,"Wednesday","Slight",4,"Slight","Car occupant","Driver or rider","Male",32,"Motorway","Slip road",50,"A","Not a Pedestrian","Not a Pedestrian",430263,431974,"E01011364",4,"Slip road","Daylight","Fine no high winds","Dry","Car occupant"
"4551","2015132AE0178",2015-10-14,2015,"Oct",14,"07:15",7,15,"Wednesday","Slight",4,"Slight","Car occupant","Driver or rider","Female",49,"Motorway","Slip road",50,"A","Not a Pedestrian","Not a Pedestrian",430263,431974,"E01011364",4,"Slip road","Daylight","Fine no high winds","Dry","Car occupant"
"4552","2015132AE0178",2015-10-14,2015,"Oct",14,"07:15",7,15,"Wednesday","Slight",4,"Slight","Car occupant","Driver or rider","Male",70,"Motorway","Slip road",50,"A","Not a Pedestrian","Not a Pedestrian",430263,431974,"E01011364",4,"Slip road","Daylight","Fine no high winds","Dry","Car occupant"
"4553","2015132AE0178",2015-10-14,2015,"Oct",14,"07:15",7,15,"Wednesday","Slight",4,"Slight","Car occupant","Driver or rider","Female",43,"Motorway","Slip road",50,"A","Not a Pedestrian","Not a Pedestrian",430263,431974,"E01011364",4,"Slip road","Daylight","Fine no high winds","Dry","Car occupant"
"4554","2015132AE0206",2015-10-14,2015,"Oct",14,"08:00",8,0,"Wednesday","Slight",1,"Slight","Pedestrian","Pedestrian","Female",41,"A","Single carriageway",40,NA,"Crossing on pedestrian crossing facility","Crossing from driver's nearside",428475,426079,"E01011553",1,"Not at junction or within 20 metres","Daylight","Fine no high winds","Dry","Pedestrian"
"4555","2015132AE0251",2015-10-14,2015,"Oct",14,"08:30",8,30,"Wednesday","Slight",1,"Slight","Cyclist","Driver or rider","Female",35,"Unclassified","Single carriageway",30,NA,"Not a Pedestrian","Not a Pedestrian",436155,435548,"E01011406",2,"Not at junction or within 20 metres","Daylight","Fine no high winds","Dry","Cyclist"
"4556","2015132AE0799",2015-10-14,2015,"Oct",14,"14:34",14,34,"Wednesday","Serious",1,"Serious","Pedestrian","Pedestrian","Female",54,"A","Single carriageway",40,"Unclassified","Crossing elsewhere within 50m. of pedestrian crossing","Crossing from driver's nearside",423489,437599,"E01011465",1,"T or staggered junction","Daylight","Fine no high winds","Dry","Pedestrian"
"4557","2015132AE0804",2015-10-14,2015,"Oct",14,"14:35",14,35,"Wednesday","Slight",1,"Slight","Car occupant","Driver or rider","Female",52,"A","Single carriageway",30,NA,"Not a Pedestrian","Not a Pedestrian",426281,435634,"E01011488",2,"Not at junction or within 20 metres","Daylight","Fine no high winds","Dry","Car occupant"
"4558","2015132AE0900",2015-10-14,2015,"Oct",14,"15:30",15,30,"Wednesday","Serious",1,"Serious","Pedestrian","Pedestrian","Male",5,"Unclassified","Single carriageway",30,"Unclassified","Crossing on pedestrian crossing facility","Crossing from driver's nearside",428650,430793,"E01011369",1,"T or staggered junction","Daylight","Fine no high winds","Dry","Pedestrian"
"4559","2015132AK0404",2015-10-14,2015,"Oct",14,"16:31",16,31,"Wednesday","Slight",1,"Slight","Car occupant","Driver or rider","Female",58,"Motorway","Dual carriageway",70,NA,"Not a Pedestrian","Not a Pedestrian",443626,435548,"E01011297",3,"Not at junction or within 20 metres","Daylight","Fine no high winds","Dry","Car occupant"
"4560","2015132AE1073",2015-10-14,2015,"Oct",14,"16:51",16,51,"Wednesday","Slight",1,"Slight","Pedestrian","Pedestrian","Female",44,"Unclassified","Single carriageway",30,NA,"Unknown or other","Unknown or other",431293,434132,"E01033035",1,"Not at junction or within 20 metres","Daylight","Fine no high winds","Dry","Pedestrian"
"4561","2015132AG1095",2015-10-14,2015,"Oct",14,"19:00",19,0,"Wednesday","Slight",1,"Slight","Pedestrian","Pedestrian","Female",24,"Unclassified","Single carriageway",30,NA,"On footway or verge","Unknown or other",427039,435697,"E01011477",1,"Not at junction or within 20 metres","Darkness - lights lit","Fine no high winds","Dry","Pedestrian"
"4562","2015132AF0300",2015-10-15,2015,"Oct",15,"09:15",9,15,"Thursday","Serious",1,"Serious","Motorcycle 125cc and under rider or passenger","Driver or rider","Male",19,"A","Dual carriageway",70,NA,"Not a Pedestrian","Not a Pedestrian",427369,438564,"E01032876",1,"Not at junction or within 20 metres","Daylight","Raining no high winds","Wet or damp","Motorcyclist and pillion"
"4563","2015132AF0324",2015-10-15,2015,"Oct",15,"09:36",9,36,"Thursday","Serious",2,"Serious","Car occupant","Driver or rider","Male",30,"Unclassified","Single carriageway",30,"Unclassified","Not a Pedestrian","Not a Pedestrian",430517,427594,"E01011492",1,"Crossroads","Daylight","Raining + high winds","Wet or damp","Car occupant"
"4564","2015132AF0324",2015-10-15,2015,"Oct",15,"09:36",9,36,"Thursday","Serious",2,"Slight","Car occupant","Passenger","Female",35,"Unclassified","Single carriageway",30,"Unclassified","Not a Pedestrian","Not a Pedestrian",430517,427594,"E01011492",1,"Crossroads","Daylight","Raining + high winds","Wet or damp","Car occupant"
"4565","2015132AF0371",2015-10-15,2015,"Oct",15,"10:09",10,9,"Thursday","Slight",1,"Slight","Car occupant","Driver or rider","Female",44,"Motorway","Dual carriageway",70,NA,"Not a Pedestrian","Not a Pedestrian",443465,434991,"E01011297",1,"Not at junction or within 20 metres","Daylight","Raining no high winds","Wet or damp","Car occupant"
"4566","2015132AF0910",2015-10-15,2015,"Oct",15,"15:30",15,30,"Thursday","Serious",2,"Serious","Pedestrian","Pedestrian","Female",42,"Unclassified","Single carriageway",30,NA,"In carriageway, not crossing","In carriageway, stationary - not crossing  (standing or playing)",426864,435189,"E01011480",2,"Not at junction or within 20 metres","Daylight","Fine no high winds","Dry","Pedestrian"
"4567","2015132AF0910",2015-10-15,2015,"Oct",15,"15:30",15,30,"Thursday","Serious",2,"Serious","Pedestrian","Pedestrian","Male",4,"Unclassified","Single carriageway",30,NA,"In carriageway, not crossing","In carriageway, stationary - not crossing  (standing or playing)",426864,435189,"E01011480",2,"Not at junction or within 20 metres","Daylight","Fine no high winds","Dry","Pedestrian"
"4568","2015132AF1595",2015-10-15,2015,"Oct",15,"16:30",16,30,"Thursday","Slight",1,"Slight","Cyclist","Driver or rider","Male",41,"A","Single carriageway",30,"Unclassified","Not a Pedestrian","Not a Pedestrian",430839,434003,"E01033031",2,"T or staggered junction","Daylight","Fine no high winds","Dry","Cyclist"
"4569","2015132AF1281",2015-10-15,2015,"Oct",15,"18:36",18,36,"Thursday","Slight",1,"Slight","Cyclist","Driver or rider","Male",23,"A","One way street",30,"Unclassified","Not a Pedestrian","Not a Pedestrian",428194,435790,"E01032946",2,"T or staggered junction","Darkness - lights lit","Fine no high winds","Wet or damp","Cyclist"
"4570","2015132AG0029",2015-10-16,2015,"Oct",16,"00:09",0,9,"Friday","Slight",1,"Slight","Cyclist","Driver or rider","Male",23,"Unclassified","Single carriageway",40,"Unclassified","Not a Pedestrian","Not a Pedestrian",432368,436367,"E01011647",2,"T or staggered junction","Darkness - lights lit","Fine no high winds","Dry","Cyclist"
"4571","2015132AG1083",2015-10-16,2015,"Oct",16,"16:21",16,21,"Friday","Slight",1,"Slight","Car occupant","Driver or rider","Female",50,"A","Single carriageway",30,"Unclassified","Not a Pedestrian","Not a Pedestrian",425020,433161,"E01011727",3,"Roundabout","Daylight","Fine no high winds","Dry","Car occupant"
"4572","2015132AG1407",2015-10-16,2015,"Oct",16,"19:00",19,0,"Friday","Slight",1,"Slight","Motorcycle 125cc and under rider or passenger","Driver or rider","Male",26,"A","Dual carriageway",30,NA,"Not a Pedestrian","Not a Pedestrian",428864,429785,"E01011320",2,"Not at junction or within 20 metres","Darkness - lighting unknown","Fine no high winds","Dry","Motorcyclist and pillion"
"4573","2015132AG1456",2015-10-16,2015,"Oct",16,"19:30",19,30,"Friday","Slight",1,"Slight","Car occupant","Driver or rider","Female",29,"Motorway","Dual carriageway",70,"Motorway","Not a Pedestrian","Not a Pedestrian",432199,427256,"E01032495",2,"Other junction","Daylight","Fine no high winds","Dry","Car occupant"
"4574","2015132AG1546",2015-10-16,2015,"Oct",16,"20:20",20,20,"Friday","Serious",1,"Serious","Pedestrian","Pedestrian","Female",64,"Unclassified","Single carriageway",30,"Unclassified","In centre of carriageway - not on refuge, island or central reservation","Crossing from driver's nearside",420261,445051,"E01011574",1,"Other junction","Darkness - no lighting","Fine no high winds","Dry","Pedestrian"
"4575","2015132AH0626",2015-10-17,2015,"Oct",17,"06:45",6,45,"Saturday","Slight",1,"Slight","Car occupant","Driver or rider","Female",27,"Unclassified","Roundabout",30,"A","Not a Pedestrian","Not a Pedestrian",428510,433053,"E01011363",2,"Roundabout","Daylight","Fine no high winds","Dry","Car occupant"
"4576","2015132AH0439",2015-10-17,2015,"Oct",17,"08:35",8,35,"Saturday","Fatal",1,"Fatal","Pedestrian","Pedestrian","Female",82,"A","Single carriageway",40,"Unclassified","On footway or verge","Unknown or other",441634,431830,"E01011302",1,"T or staggered junction","Daylight","Fine no high winds","Wet or damp","Pedestrian"
"4577","2015132AH1152",2015-10-17,2015,"Oct",17,"17:20",17,20,"Saturday","Slight",1,"Slight","Pedestrian","Pedestrian","Male",36,"Unclassified","Single carriageway",30,NA,"Unknown or other","Walking along in carriageway, facing traffic",428827,431592,"E01011366",1,"Not at junction or within 20 metres","Daylight","Fine no high winds","Dry","Pedestrian"
"4578","2015132AI1048",2015-10-17,2015,"Oct",17,"19:10",19,10,"Saturday","Slight",1,"Slight","Car occupant","Driver or rider","Female",21,"Unclassified","Single carriageway",30,NA,"Not a Pedestrian","Not a Pedestrian",428955,433877,"E01011678",2,"Not at junction or within 20 metres","Darkness - lights lit","Raining no high winds","Wet or damp","Car occupant"
"4579","2015132AI0023",2015-10-18,2015,"Oct",18,"00:13",0,13,"Sunday","Slight",1,"Slight","Pedestrian","Pedestrian","Male",26,"Unclassified","Single carriageway",30,NA,"Crossing on pedestrian crossing facility","Crossing from driver's offside",429970,433307,"E01033016",1,"Not at junction or within 20 metres","Darkness - lights lit","Fine no high winds","Dry","Pedestrian"
"4580","2015132AI0037",2015-10-18,2015,"Oct",18,"00:21",0,21,"Sunday","Serious",1,"Serious","Pedestrian","Pedestrian","Male",19,"A","Dual carriageway",30,NA,"Crossing on pedestrian crossing facility","Crossing from driver's offside",430477,433951,"E01033002",1,"Not at junction or within 20 metres","Darkness - lights lit","Fine no high winds","Dry","Pedestrian"
"4581","2015132AI0163",2015-10-18,2015,"Oct",18,"01:27",1,27,"Sunday","Slight",1,"Slight","Car occupant","Driver or rider","Female",18,"Unclassified","Single carriageway",30,"Unclassified","Not a Pedestrian","Not a Pedestrian",430065,433775,"E01033010",2,"Crossroads","Darkness - lights lit","Fine no high winds","Dry","Car occupant"
"4582","2015132AI0812",2015-10-18,2015,"Oct",18,"13:22",13,22,"Sunday","Slight",2,"Slight","Car occupant","Driver or rider","Female",24,"Unclassified","Single carriageway",30,NA,"Not a Pedestrian","Not a Pedestrian",427861,435837,"E01011435",3,"Not at junction or within 20 metres","Daylight","Fine no high winds","Dry","Car occupant"
"4583","2015132AI0812",2015-10-18,2015,"Oct",18,"13:22",13,22,"Sunday","Slight",2,"Slight","Car occupant","Passenger","Female",29,"Unclassified","Single carriageway",30,NA,"Not a Pedestrian","Not a Pedestrian",427861,435837,"E01011435",3,"Not at junction or within 20 metres","Daylight","Fine no high winds","Dry","Car occupant"
"4584","2015132AI1359",2015-10-18,2015,"Oct",18,"18:30",18,30,"Sunday","Slight",1,"Slight","Pedestrian","Pedestrian","Male",33,"Unclassified","Single carriageway",20,NA,"In carriageway, crossing elsewhere","Crossing from driver's offside",434656,435482,"E01011662",1,"Not at junction or within 20 metres","Darkness - lights lit","Fine no high winds","Dry","Pedestrian"
"4585","2015132AI1422",2015-10-18,2015,"Oct",18,"19:00",19,0,"Sunday","Slight",1,"Slight","Cyclist","Driver or rider","Male",22,"Unclassified","Single carriageway",30,NA,"Not a Pedestrian","Not a Pedestrian",427744,434081,"E01011284",2,"Not at junction or within 20 metres","Darkness - no lighting","Fine no high winds","Dry","Cyclist"
"4586","2015132AJ1602",2015-10-19,2015,"Oct",19,"05:25",5,25,"Monday","Slight",1,"Slight","Cyclist","Driver or rider","Male",44,"Unclassified","Single carriageway",30,"Unclassified","Not a Pedestrian","Not a Pedestrian",429381,433470,"E01033015",2,"T or staggered junction","Darkness - lights lit","Fine no high winds","Dry","Cyclist"
"4587","2015132AJ0230",2015-10-19,2015,"Oct",19,"08:20",8,20,"Monday","Slight",1,"Slight","Motorcycle 125cc and under rider or passenger","Driver or rider","Female",25,"B","Single carriageway",30,"Unclassified","Not a Pedestrian","Not a Pedestrian",425652,435732,"E01011324",2,"T or staggered junction","Daylight","Fine no high winds","Dry","Motorcyclist and pillion"
"4588","2015132AJ0618",2015-10-19,2015,"Oct",19,"12:20",12,20,"Monday","Slight",1,"Slight","Motorcycle over 500cc rider or passenger","Driver or rider","Male",45,"A","Single carriageway",60,NA,"Not a Pedestrian","Not a Pedestrian",432919,444983,"E01011561",1,"Not at junction or within 20 metres","Daylight","Fine no high winds","Wet or damp","Motorcyclist and pillion"
"4589","2015132AK0270",2015-10-20,2015,"Oct",20,"08:30",8,30,"Tuesday","Slight",1,"Slight","Pedestrian","Pedestrian","Female",15,"Unclassified","Single carriageway",30,"Unclassified","In carriageway, crossing elsewhere","Crossing from nearside - masked by parked or stationary vehicle",426017,437500,"E01011686",1,"T or staggered junction","Daylight","Fine no high winds","Dry","Pedestrian"
"4590","2015132AK0412",2015-10-20,2015,"Oct",20,"10:03",10,3,"Tuesday","Slight",1,"Slight","Car occupant","Driver or rider","Female",56,"A","Single carriageway",30,NA,"Not a Pedestrian","Not a Pedestrian",434513,445062,"E01011708",2,"Not at junction or within 20 metres","Daylight","Fine no high winds","Dry","Car occupant"
"4591","2015132AK0624",2015-10-20,2015,"Oct",20,"12:15",12,15,"Tuesday","Slight",2,"Slight","Car occupant","Driver or rider","Female",32,"Motorway","Dual carriageway",70,NA,"Not a Pedestrian","Not a Pedestrian",434144,425871,"E01011634",2,"Not at junction or within 20 metres","Daylight","Fine no high winds","Dry","Car occupant"
"4592","2015132AK0624",2015-10-20,2015,"Oct",20,"12:15",12,15,"Tuesday","Slight",2,"Slight","Car occupant","Passenger","Female",1,"Motorway","Dual carriageway",70,NA,"Not a Pedestrian","Not a Pedestrian",434144,425871,"E01011634",2,"Not at junction or within 20 metres","Daylight","Fine no high winds","Dry","Car occupant"
"4593","2015132AK0631",2015-10-20,2015,"Oct",20,"12:19",12,19,"Tuesday","Slight",2,"Slight","Car occupant","Driver or rider","Male",23,"Motorway","Dual carriageway",70,NA,"Not a Pedestrian","Not a Pedestrian",434023,425868,"E01011634",2,"Not at junction or within 20 metres","Daylight","Fine no high winds","Dry","Car occupant"
"4594","2015132AK0631",2015-10-20,2015,"Oct",20,"12:19",12,19,"Tuesday","Slight",2,"Slight","Van / Goods vehicle (3.5 tonnes mgw or under) occupant","Driver or rider","Male",31,"Motorway","Dual carriageway",70,NA,"Not a Pedestrian","Not a Pedestrian",434023,425868,"E01011634",2,"Not at junction or within 20 metres","Daylight","Fine no high winds","Dry","Bus and goods vehicle occupant"
"4595","2015132AK0748",2015-10-20,2015,"Oct",20,"13:20",13,20,"Tuesday","Slight",2,"Slight","Car occupant","Driver or rider","Male",49,"Unclassified","Single carriageway",30,"Unclassified","Not a Pedestrian","Not a Pedestrian",432587,434442,"E01011347",3,"T or staggered junction","Daylight","Fine no high winds","Dry","Car occupant"
"4596","2015132AK0748",2015-10-20,2015,"Oct",20,"13:20",13,20,"Tuesday","Slight",2,"Slight","Car occupant","Driver or rider","Female",33,"Unclassified","Single carriageway",30,"Unclassified","Not a Pedestrian","Not a Pedestrian",432587,434442,"E01011347",3,"T or staggered junction","Daylight","Fine no high winds","Dry","Car occupant"
"4597","2015132AK0796",2015-10-20,2015,"Oct",20,"14:00",14,0,"Tuesday","Slight",1,"Slight","Car occupant","Driver or rider","Female",52,"A","Single carriageway",30,"Unclassified","Not a Pedestrian","Not a Pedestrian",423666,437574,"E01011465",2,"T or staggered junction","Daylight","Fine no high winds","Dry","Car occupant"
"4598","2015132AK0961",2015-10-20,2015,"Oct",20,"15:20",15,20,"Tuesday","Serious",1,"Serious","Cyclist","Driver or rider","Male",15,"A","Dual carriageway",30,NA,"Not a Pedestrian","Not a Pedestrian",424906,427696,"E01011530",2,"Not at junction or within 20 metres","Daylight","Fine no high winds","Dry","Cyclist"
"4599","2015132AK1084",2015-10-20,2015,"Oct",20,"16:15",16,15,"Tuesday","Slight",2,"Slight","Car occupant","Driver or rider","Female",40,"A","Dual carriageway",30,NA,"Not a Pedestrian","Not a Pedestrian",437175,433462,"E01011418",5,"Not at junction or within 20 metres","Daylight","Fine no high winds","Dry","Car occupant"
"4600","2015132AK1084",2015-10-20,2015,"Oct",20,"16:15",16,15,"Tuesday","Slight",2,"Slight","Car occupant","Driver or rider","Female",36,"A","Dual carriageway",30,NA,"Not a Pedestrian","Not a Pedestrian",437175,433462,"E01011418",5,"Not at junction or within 20 metres","Daylight","Fine no high winds","Dry","Car occupant"
"4601","2015132AE0404",2015-10-20,2015,"Oct",20,"16:30",16,30,"Tuesday","Slight",1,"Slight","Car occupant","Driver or rider","Female",30,"Motorway","Dual carriageway",50,NA,"Not a Pedestrian","Not a Pedestrian",431999,428440,"E01011502",3,"Not at junction or within 20 metres","Daylight","Fine no high winds","Dry","Car occupant"
"4602","2015132AS0994",2015-10-20,2015,"Oct",20,"17:30",17,30,"Tuesday","Serious",1,"Serious","Pedestrian","Pedestrian","Male",20,"Unclassified","Single carriageway",30,NA,"In carriageway, not crossing","Unknown or other",430002,433384,"E01033010",1,"Not at junction or within 20 metres","Darkness - lights lit","Fine no high winds","Dry","Pedestrian"
"4603","2015132AL0121",2015-10-21,2015,"Oct",21,"04:00",4,0,"Wednesday","Slight",2,"Slight","Car occupant","Passenger","Female",53,"A","Roundabout",40,"A","Not a Pedestrian","Not a Pedestrian",426801,438043,"E01011687",2,"Roundabout","Darkness - lights lit","Fine no high winds","Dry","Car occupant"
"4604","2015132AL0121",2015-10-21,2015,"Oct",21,"04:00",4,0,"Wednesday","Slight",2,"Slight","Car occupant","Passenger","Male",45,"A","Roundabout",40,"A","Not a Pedestrian","Not a Pedestrian",426801,438043,"E01011687",2,"Roundabout","Darkness - lights lit","Fine no high winds","Dry","Car occupant"
"4605","2015132AL0728",2015-10-21,2015,"Oct",21,"13:45",13,45,"Wednesday","Slight",1,"Slight","Motorcycle 125cc and under rider or passenger","Driver or rider","Male",27,"Unclassified","Single carriageway",30,"Unclassified","Not a Pedestrian","Not a Pedestrian",428791,435161,"E01011444",3,"T or staggered junction","Daylight","Fine no high winds","Dry","Motorcyclist and pillion"
"4606","2015132AL1191",2015-10-21,2015,"Oct",21,"16:18",16,18,"Wednesday","Serious",1,"Serious","Motorcycle over 500cc rider or passenger","Driver or rider","Male",62,"Motorway","Dual carriageway",50,NA,"Not a Pedestrian","Not a Pedestrian",427928,431350,"E01011369",1,"Not at junction or within 20 metres","Daylight","Fine no high winds","Dry","Motorcyclist and pillion"
"4607","2015132AL1245",2015-10-21,2015,"Oct",21,"18:00",18,0,"Wednesday","Slight",2,"Slight","Car occupant","Driver or rider","Female",23,"A","Dual carriageway",60,NA,"Not a Pedestrian","Not a Pedestrian",421813,436319,"E01011588",2,"Not at junction or within 20 metres","Darkness - lights lit","Fine no high winds","Dry","Car occupant"
"4608","2015132AL1245",2015-10-21,2015,"Oct",21,"18:00",18,0,"Wednesday","Slight",2,"Slight","Car occupant","Driver or rider","Male",34,"A","Dual carriageway",60,NA,"Not a Pedestrian","Not a Pedestrian",421813,436319,"E01011588",2,"Not at junction or within 20 metres","Darkness - lights lit","Fine no high winds","Dry","Car occupant"
"4609","2015132AM0246",2015-10-22,2015,"Oct",22,"07:35",7,35,"Thursday","Serious",1,"Serious","Cyclist","Driver or rider","Male",48,"A","Single carriageway",40,NA,"Not a Pedestrian","Not a Pedestrian",424608,437003,"E01032494",1,"Not at junction or within 20 metres","Daylight","Fine no high winds","Dry","Cyclist"
"4610","2015132AM0849",2015-10-22,2015,"Oct",22,"14:00",14,0,"Thursday","Slight",1,"Slight","Car occupant","Driver or rider","Male",26,"Unclassified","Unknown",20,NA,"Not a Pedestrian","Not a Pedestrian",419642,433866,"E01011597",2,"Not at junction or within 20 metres","Daylight","Fine no high winds","Dry","Car occupant"
"4611","2015132AM0942",2015-10-22,2015,"Oct",22,"14:45",14,45,"Thursday","Serious",1,"Serious","Car occupant","Driver or rider","Female",27,"Unclassified","Single carriageway",30,NA,"Not a Pedestrian","Not a Pedestrian",424172,438671,"E01011459",3,"Not at junction or within 20 metres","Daylight","Fine no high winds","Dry","Car occupant"
"4612","2015132AM1211",2015-10-22,2015,"Oct",22,"16:30",16,30,"Thursday","Slight",1,"Slight","Car occupant","Driver or rider","Female",42,"C","Single carriageway",30,"Unclassified","Not a Pedestrian","Not a Pedestrian",428501,434555,"E01011448",2,"T or staggered junction","Daylight","Fine no high winds","Dry","Car occupant"
"4613","2015132AM1432",2015-10-22,2015,"Oct",22,"19:02",19,2,"Thursday","Slight",1,"Slight","Cyclist","Driver or rider","Male",37,"Unclassified","Dual carriageway",40,NA,"Not a Pedestrian","Not a Pedestrian",434263,433849,"E01011341",3,"Not at junction or within 20 metres","Darkness - lights lit","Fine no high winds","Dry","Cyclist"
"4614","2015132AN0465",2015-10-23,2015,"Oct",23,"10:56",10,56,"Friday","Slight",1,"Slight","Car occupant","Passenger","Female",28,"Unclassified","Single carriageway",30,NA,"Not a Pedestrian","Not a Pedestrian",429907,433957,"E01033010",2,"Not at junction or within 20 metres","Daylight","Fine no high winds","Dry","Car occupant"
"4615","2015132AN0938",2015-10-23,2015,"Oct",23,"15:15",15,15,"Friday","Slight",2,"Slight","Bus or coach occupant (17 or more pass seats)","Passenger","Female",35,"Unclassified","Single carriageway",30,NA,"Not a Pedestrian","Not a Pedestrian",430044,434041,"E01033010",3,"Not at junction or within 20 metres","Daylight","Fine no high winds","Dry","Bus and goods vehicle occupant"
"4616","2015132AN0938",2015-10-23,2015,"Oct",23,"15:15",15,15,"Friday","Slight",2,"Slight","Bus or coach occupant (17 or more pass seats)","Passenger","Female",5,"Unclassified","Single carriageway",30,NA,"Not a Pedestrian","Not a Pedestrian",430044,434041,"E01033010",3,"Not at junction or within 20 metres","Daylight","Fine no high winds","Dry","Bus and goods vehicle occupant"
"4617","2015132AN0992",2015-10-23,2015,"Oct",23,"15:35",15,35,"Friday","Slight",1,"Slight","Car occupant","Passenger","Female",44,"A","Dual carriageway",30,NA,"Not a Pedestrian","Not a Pedestrian",425217,437871,"E01011464",3,"Not at junction or within 20 metres","Daylight","Fine no high winds","Dry","Car occupant"
"4618","2015132AN1235",2015-10-23,2015,"Oct",23,"17:35",17,35,"Friday","Slight",1,"Slight","Cyclist","Driver or rider","Female",31,"Unclassified","Single carriageway",30,"Unclassified","Not a Pedestrian","Not a Pedestrian",429147,433846,"E01011678",2,"T or staggered junction","Darkness - lights lit","Fine no high winds","Dry","Cyclist"
"4619","2015132AN1475",2015-10-23,2015,"Oct",23,"19:30",19,30,"Friday","Slight",2,"Slight","Car occupant","Driver or rider","Male",26,"Unclassified","Single carriageway",30,"Unclassified","Not a Pedestrian","Not a Pedestrian",430951,427707,"E01032495",2,"T or staggered junction","Darkness - lights lit","Fine no high winds","Dry","Car occupant"
"4620","2015132AN1475",2015-10-23,2015,"Oct",23,"19:30",19,30,"Friday","Slight",2,"Slight","Car occupant","Driver or rider","Female",23,"Unclassified","Single carriageway",30,"Unclassified","Not a Pedestrian","Not a Pedestrian",430951,427707,"E01032495",2,"T or staggered junction","Darkness - lights lit","Fine no high winds","Dry","Car occupant"
"4621","2015132AN1780",2015-10-23,2015,"Oct",23,"22:11",22,11,"Friday","Slight",1,"Slight","Cyclist","Driver or rider","Female",50,"Unclassified","Single carriageway",30,"Unclassified","Not a Pedestrian","Not a Pedestrian",429474,433665,"E01033008",2,"Other junction","Darkness - lights lit","Fine no high winds","Dry","Cyclist"
"4622","2015132AO0245",2015-10-24,2015,"Oct",24,"02:42",2,42,"Saturday","Slight",1,"Slight","Van / Goods vehicle (3.5 tonnes mgw or under) occupant","Driver or rider","Male",32,"A","Single carriageway",30,"Unclassified","Not a Pedestrian","Not a Pedestrian",421765,439066,"E01011457",1,"T or staggered junction","Darkness - lights lit","Fine no high winds","Dry","Bus and goods vehicle occupant"
"4623","2015132AO0398",2015-10-24,2015,"Oct",24,"06:35",6,35,"Saturday","Serious",1,"Serious","Motorcycle 125cc and under rider or passenger","Driver or rider","Male",22,"A","Single carriageway",40,"Unclassified","Not a Pedestrian","Not a Pedestrian",423419,437626,"E01011465",2,"T or staggered junction","Darkness - lights lit","Fine no high winds","Wet or damp","Motorcyclist and pillion"
"4624","2015132AO0536",2015-10-24,2015,"Oct",24,"09:57",9,57,"Saturday","Slight",1,"Slight","Pedestrian","Pedestrian","Female",85,"Unclassified","Single carriageway",30,"Unclassified","In carriageway, crossing elsewhere","Crossing from driver's nearside",431525,440091,"E01011562",1,"T or staggered junction","Daylight","Raining no high winds","Wet or damp","Pedestrian"
"4625","2015132AO1520",2015-10-24,2015,"Oct",24,"22:00",22,0,"Saturday","Slight",1,"Slight","Pedestrian","Pedestrian","Female",51,"Unclassified","Single carriageway",30,"Unclassified","Crossing elsewhere within 50m. of pedestrian crossing","Crossing from driver's offside",427089,433506,"E01011293",1,"T or staggered junction","Darkness - lights lit","Fine no high winds","Dry","Pedestrian"
"4626","2015132AP0422",2015-10-25,2015,"Oct",25,"07:35",7,35,"Sunday","Slight",3,"Slight","Car occupant","Driver or rider","Female",56,"Unclassified","Single carriageway",30,"Unclassified","Not a Pedestrian","Not a Pedestrian",430372,437936,"E01011515",2,"T or staggered junction","Daylight","Fine no high winds","Dry","Car occupant"
"4627","2015132AP0422",2015-10-25,2015,"Oct",25,"07:35",7,35,"Sunday","Slight",3,"Slight","Car occupant","Driver or rider","Male",54,"Unclassified","Single carriageway",30,"Unclassified","Not a Pedestrian","Not a Pedestrian",430372,437936,"E01011515",2,"T or staggered junction","Daylight","Fine no high winds","Dry","Car occupant"
"4628","2015132AP0422",2015-10-25,2015,"Oct",25,"07:35",7,35,"Sunday","Slight",3,"Slight","Car occupant","Passenger","Female",74,"Unclassified","Single carriageway",30,"Unclassified","Not a Pedestrian","Not a Pedestrian",430372,437936,"E01011515",2,"T or staggered junction","Daylight","Fine no high winds","Dry","Car occupant"