"","accident_index","date","year","month","day","time","time_hour","time_minute","day_of_week","accident_severity","number_of_casualties","casualty_severity","casualty_type","casualty_class","sex_of_casualty","age_of_casualty","first_road_class","road_type","speed_limit","second_road_class","pedestrian_location","pedestrian_movement","location_easting_osgr","location_northing_osgr","lsoa_of_accident_location","number_of_vehicles","junction_detail","light_conditions","weather_conditions","road_surface_conditions","cas_type"
"4712","2015132B31235",2015-11-03,2015,"Nov",3,"05:30",5,30,"Tuesday","Slight",1,"Slight","Car occupant","Driver or rider","Male",55,"A","Dual carriageway",40,NA,"Not a Pedestrian","Not a Pedestrian",434507,434433,"E01011341",2,"Not at junction or within 20 metres","Darkness - lights lit","Fine no high winds","Dry","Car occupant"
"4713","2015132B30168",2015-11-03,2015,"Nov",3,"06:35",6,35,"Tuesday","Slight",1,"Slight","Car occupant","Driver or rider","Male",20,"A","Roundabout",40,"A","Not a Pedestrian","Not a Pedestrian",421497,428511,"E01011527",2,"Roundabout","Daylight","Fine no high winds","Wet or damp","Car occupant"
"4714","2015132B30205",2015-11-03,2015,"Nov",3,"07:41",7,41,"Tuesday","Slight",1,"Slight","Car occupant","Driver or rider","Male",23,"A","Single carriageway",30,"Unclassified","Not a Pedestrian","Not a Pedestrian",425223,437872,"E01011464",2,"T or staggered junction","Daylight","Fine no high winds","Wet or damp","Car occupant"
"4715","2015132B30390",2015-11-03,2015,"Nov",3,"09:50",9,50,"Tuesday","Slight",1,"Slight","Cyclist","Driver or rider","Male",36,"A","Dual carriageway",40,"Unclassified","Not a Pedestrian","Not a Pedestrian",419957,434112,"E01011597",2,"T or staggered junction","Daylight","Fog or mist","Wet or damp","Cyclist"
"4716","2015132B31033",2015-11-03,2015,"Nov",3,"15:55",15,55,"Tuesday","Slight",1,"Slight","Car occupant","Driver or rider","Female",83,"Unclassified","Single carriageway",30,"Unclassified","Not a Pedestrian","Not a Pedestrian",425411,440435,"E01011377",2,"T or staggered junction","Daylight","Fine no high winds","Wet or damp","Car occupant"
"4717","2015132B31062",2015-11-03,2015,"Nov",3,"16:00",16,0,"Tuesday","Slight",1,"Slight","Car occupant","Driver or rider","Male",33,"A","Dual carriageway",30,"A","Not a Pedestrian","Not a Pedestrian",430650,434694,"E01011671",1,"T or staggered junction","Daylight","Fine no high winds","Wet or damp","Car occupant"
"4718","2015132B31360",2015-11-03,2015,"Nov",3,"18:30",18,30,"Tuesday","Slight",1,"Slight","Cyclist","Driver or rider","Male",30,"A","Single carriageway",30,"Unclassified","Not a Pedestrian","Not a Pedestrian",422323,436361,"E01011591",2,"Crossroads","Darkness - lights lit","Fine no high winds","Dry","Cyclist"
"4719","2015132B40247",2015-11-04,2015,"Nov",4,"08:20",8,20,"Wednesday","Slight",1,"Slight","Taxi/Private hire car occupant","Passenger","Male",18,"Unclassified","Single carriageway",30,NA,"Not a Pedestrian","Not a Pedestrian",430926,434129,"E01033031",2,"Not at junction or within 20 metres","Daylight","Fine no high winds","Dry","Car occupant"
"4720","2015132B40948",2015-11-04,2015,"Nov",4,"15:42",15,42,"Wednesday","Slight",2,"Slight","Bus or coach occupant (17 or more pass seats)","Driver or rider","Male",57,"Unclassified","Single carriageway",30,"Unclassified","Not a Pedestrian","Not a Pedestrian",430002,438589,"E01011514",2,"T or staggered junction","Daylight","Fine no high winds","Dry","Bus and goods vehicle occupant"
"4721","2015132B40948",2015-11-04,2015,"Nov",4,"15:42",15,42,"Wednesday","Slight",2,"Slight","Car occupant","Driver or rider","Female",45,"Unclassified","Single carriageway",30,"Unclassified","Not a Pedestrian","Not a Pedestrian",430002,438589,"E01011514",2,"T or staggered junction","Daylight","Fine no high winds","Dry","Car occupant"
"4722","2015132B41115",2015-11-04,2015,"Nov",4,"17:10",17,10,"Wednesday","Slight",1,"Slight","Car occupant","Driver or rider","Male",24,"B","Single carriageway",30,"B","Not a Pedestrian","Not a Pedestrian",430899,436562,"E01011356",2,"T or staggered junction","Darkness - lights lit","Fine no high winds","Dry","Car occupant"
"4723","2015132B50207",2015-11-04,2015,"Nov",4,"17:10",17,10,"Wednesday","Slight",1,"Slight","Bus or coach occupant (17 or more pass seats)","Passenger","Female",62,"Unclassified","Single carriageway",30,"Unclassified","Not a Pedestrian","Not a Pedestrian",427125,435708,"E01032945",1,"Crossroads","Darkness - lights lit","Fine no high winds","Dry","Bus and goods vehicle occupant"
"4724","2015132B41157",2015-11-04,2015,"Nov",4,"17:35",17,35,"Wednesday","Slight",1,"Slight","Cyclist","Driver or rider","Male",40,"A","Single carriageway",40,"Unclassified","Not a Pedestrian","Not a Pedestrian",427974,431950,"E01011362",2,"T or staggered junction","Darkness - lights lit","Fine no high winds","Dry","Cyclist"
"4725","2015132BH0810",2015-11-04,2015,"Nov",4,"17:45",17,45,"Wednesday","Slight",1,"Slight","Bus or coach occupant (17 or more pass seats)","Passenger","Female",31,"B","Single carriageway",30,"Unclassified","Not a Pedestrian","Not a Pedestrian",428045,432829,"E01011362",1,"T or staggered junction","Darkness - lights lit","Fine no high winds","Dry","Bus and goods vehicle occupant"
"4726","2015132B41445",2015-11-04,2015,"Nov",4,"19:05",19,5,"Wednesday","Slight",1,"Slight","Car occupant","Passenger","Male",16,"Unclassified","Single carriageway",30,"Unclassified","Not a Pedestrian","Not a Pedestrian",436564,435579,"E01011406",2,"Crossroads","Darkness - lights lit","Fine no high winds","Dry","Car occupant"
"4727","2015132B50287",2015-11-05,2015,"Nov",5,"07:00",7,0,"Thursday","Slight",1,"Slight","Car occupant","Driver or rider","Male",31,"Unclassified","Single carriageway",30,"Unclassified","Not a Pedestrian","Not a Pedestrian",424993,432898,"E01011727",2,"Crossroads","Daylight","Fine no high winds","Wet or damp","Car occupant"
"4728","2015132B50528",2015-11-05,2015,"Nov",5,"11:12",11,12,"Thursday","Serious",1,"Serious","Pedestrian","Pedestrian","Male",71,"A","Dual carriageway",40,NA,"Crossing on pedestrian crossing facility","Crossing from driver's nearside",433179,434037,"E01011340",1,"Not at junction or within 20 metres","Daylight","Fine no high winds","Dry","Pedestrian"
"4729","2015132B50991",2015-11-05,2015,"Nov",5,"15:14",15,14,"Thursday","Fatal",2,"Fatal","Car occupant","Driver or rider","Male",75,"A","Single carriageway",40,NA,"Not a Pedestrian","Not a Pedestrian",437339,437841,"E01011715",2,"Not at junction or within 20 metres","Daylight","Raining no high winds","Wet or damp","Car occupant"
"4730","2015132B50991",2015-11-05,2015,"Nov",5,"15:14",15,14,"Thursday","Fatal",2,"Serious","Car occupant","Passenger","Female",72,"A","Single carriageway",40,NA,"Not a Pedestrian","Not a Pedestrian",437339,437841,"E01011715",2,"Not at junction or within 20 metres","Daylight","Raining no high winds","Wet or damp","Car occupant"
"4731","2015132B51068",2015-11-05,2015,"Nov",5,"15:50",15,50,"Thursday","Slight",1,"Slight","Car occupant","Driver or rider","Male",28,"Unclassified","Single carriageway",30,NA,"Not a Pedestrian","Not a Pedestrian",432349,439062,"E01011650",4,"Not at junction or within 20 metres","Daylight","Raining no high winds","Wet or damp","Car occupant"
"4732","2015132B51307",2015-11-05,2015,"Nov",5,"17:50",17,50,"Thursday","Serious",4,"Serious","Car occupant","Driver or rider","Female",35,"Motorway","Dual carriageway",70,NA,"Not a Pedestrian","Not a Pedestrian",425228,426669,"E01011534",4,"Not at junction or within 20 metres","Darkness - lights lit","Other","Wet or damp","Car occupant"
"4733","2015132B51307",2015-11-05,2015,"Nov",5,"17:50",17,50,"Thursday","Serious",4,"Slight","Goods vehicle (7.5 tonnes mgw and over) occupant","Driver or rider","Male",47,"Motorway","Dual carriageway",70,NA,"Not a Pedestrian","Not a Pedestrian",425228,426669,"E01011534",4,"Not at junction or within 20 metres","Darkness - lights lit","Other","Wet or damp","Bus and goods vehicle occupant"
"4734","2015132B51307",2015-11-05,2015,"Nov",5,"17:50",17,50,"Thursday","Serious",4,"Slight","Car occupant","Driver or rider","Male",55,"Motorway","Dual carriageway",70,NA,"Not a Pedestrian","Not a Pedestrian",425228,426669,"E01011534",4,"Not at junction or within 20 metres","Darkness - lights lit","Other","Wet or damp","Car occupant"
"4735","2015132B51307",2015-11-05,2015,"Nov",5,"17:50",17,50,"Thursday","Serious",4,"Slight","Goods vehicle (7.5 tonnes mgw and over) occupant","Driver or rider","Male",53,"Motorway","Dual carriageway",70,NA,"Not a Pedestrian","Not a Pedestrian",425228,426669,"E01011534",4,"Not at junction or within 20 metres","Darkness - lights lit","Other","Wet or damp","Bus and goods vehicle occupant"
"4736","2015132B60512",2015-11-05,2015,"Nov",5,"17:50",17,50,"Thursday","Slight",1,"Slight","Car occupant","Driver or rider","Female",47,"Unclassified","Single carriageway",30,NA,"Not a Pedestrian","Not a Pedestrian",427766,434970,"E01011481",2,"Not at junction or within 20 metres","Darkness - lights lit","Fine no high winds","Wet or damp","Car occupant"
"4737","2015132B60151",2015-11-06,2015,"Nov",6,"01:38",1,38,"Friday","Slight",1,"Slight","Pedestrian","Pedestrian","Male",25,"Unclassified","Single carriageway",30,"Unclassified","In carriageway, crossing elsewhere","Crossing from driver's offside",427552,434483,"E01011482",1,"T or staggered junction","Darkness - lights lit","Fine no high winds","Wet or damp","Pedestrian"
"4738","2015132B60312",2015-11-06,2015,"Nov",6,"07:44",7,44,"Friday","Slight",1,"Slight","Motorcycle 125cc and under rider or passenger","Driver or rider","Male",24,"Unclassified","Single carriageway",30,"Unclassified","Not a Pedestrian","Not a Pedestrian",422332,433404,"E01011612",2,"T or staggered junction","Daylight","Fine no high winds","Wet or damp","Motorcyclist and pillion"
"4739","2015132B60373",2015-11-06,2015,"Nov",6,"08:35",8,35,"Friday","Slight",4,"Slight","Taxi/Private hire car occupant","Driver or rider","Male",33,"Unclassified","Single carriageway",30,"Unclassified","Not a Pedestrian","Not a Pedestrian",420654,441119,"E01011274",2,"T or staggered junction","Daylight","Raining no high winds","Wet or damp","Car occupant"
"4740","2015132B60373",2015-11-06,2015,"Nov",6,"08:35",8,35,"Friday","Slight",4,"Slight","Taxi/Private hire car occupant","Passenger","Female",17,"Unclassified","Single carriageway",30,"Unclassified","Not a Pedestrian","Not a Pedestrian",420654,441119,"E01011274",2,"T or staggered junction","Daylight","Raining no high winds","Wet or damp","Car occupant"
"4741","2015132B60373",2015-11-06,2015,"Nov",6,"08:35",8,35,"Friday","Slight",4,"Slight","Taxi/Private hire car occupant","Passenger","Female",17,"Unclassified","Single carriageway",30,"Unclassified","Not a Pedestrian","Not a Pedestrian",420654,441119,"E01011274",2,"T or staggered junction","Daylight","Raining no high winds","Wet or damp","Car occupant"
"4742","2015132B60373",2015-11-06,2015,"Nov",6,"08:35",8,35,"Friday","Slight",4,"Slight","Taxi/Private hire car occupant","Driver or rider","Male",56,"Unclassified","Single carriageway",30,"Unclassified","Not a Pedestrian","Not a Pedestrian",420654,441119,"E01011274",2,"T or staggered junction","Daylight","Raining no high winds","Wet or damp","Car occupant"
"4743","2015132B60660",2015-11-06,2015,"Nov",6,"11:50",11,50,"Friday","Slight",1,"Slight","Pedestrian","Pedestrian","Male",56,"Unclassified","Single carriageway",30,NA,"In carriageway, not crossing","In carriageway, stationary - not crossing  (standing or playing)",426617,431876,"E01011736",1,"Not at junction or within 20 metres","Daylight","Raining no high winds","Wet or damp","Pedestrian"
"4744","2015132B61618",2015-11-06,2015,"Nov",6,"19:55",19,55,"Friday","Serious",1,"Serious","Cyclist","Driver or rider","Male",13,"B","Single carriageway",30,"Unclassified","Not a Pedestrian","Not a Pedestrian",423176,434676,"E01011335",2,"Crossroads","Darkness - lights lit","Fine no high winds","Wet or damp","Cyclist"
"4745","2015132B70250",2015-11-07,2015,"Nov",7,"03:10",3,10,"Saturday","Slight",2,"Slight","Car occupant","Driver or rider","Female",20,"Unclassified","One way street",30,NA,"Not a Pedestrian","Not a Pedestrian",431118,433633,"E01033011",2,"Not at junction or within 20 metres","Daylight","Fine no high winds","Dry","Car occupant"
"4746","2015132B70250",2015-11-07,2015,"Nov",7,"03:10",3,10,"Saturday","Slight",2,"Slight","Car occupant","Passenger","Male",18,"Unclassified","One way street",30,NA,"Not a Pedestrian","Not a Pedestrian",431118,433633,"E01033011",2,"Not at junction or within 20 metres","Daylight","Fine no high winds","Dry","Car occupant"
"4747","2015132B70416",2015-11-07,2015,"Nov",7,"07:50",7,50,"Saturday","Slight",2,"Slight","Car occupant","Driver or rider","Male",31,"A(M)","Dual carriageway",70,NA,"Not a Pedestrian","Not a Pedestrian",441130,449040,"E01011700",1,"Not at junction or within 20 metres","Daylight","Raining no high winds","Flood over 3cm. deep","Car occupant"
"4748","2015132B70416",2015-11-07,2015,"Nov",7,"07:50",7,50,"Saturday","Slight",2,"Slight","Car occupant","Passenger","Female",26,"A(M)","Dual carriageway",70,NA,"Not a Pedestrian","Not a Pedestrian",441130,449040,"E01011700",1,"Not at junction or within 20 metres","Daylight","Raining no high winds","Flood over 3cm. deep","Car occupant"
"4749","2015132B70719",2015-11-07,2015,"Nov",7,"11:55",11,55,"Saturday","Slight",1,"Slight","Car occupant","Passenger","Male",7,"Unclassified","Single carriageway",30,"Unclassified","Not a Pedestrian","Not a Pedestrian",431559,428496,"E01011502",2,"Crossroads","Daylight","Fine no high winds","Dry","Car occupant"
"4750","2015132B71013",2015-11-07,2015,"Nov",7,"14:45",14,45,"Saturday","Slight",1,"Slight","Car occupant","Driver or rider","Male",42,"A","Single carriageway",30,NA,"Not a Pedestrian","Not a Pedestrian",429957,432913,"E01033016",2,"Not at junction or within 20 metres","Daylight","Fine no high winds","Dry","Car occupant"
"4751","2015132B71066",2015-11-07,2015,"Nov",7,"15:27",15,27,"Saturday","Slight",1,"Slight","Car occupant","Passenger","Female",18,"Unclassified","Single carriageway",30,NA,"Not a Pedestrian","Not a Pedestrian",422063,432631,"E01011604",2,"Not at junction or within 20 metres","Daylight","Fine + high winds","Wet or damp","Car occupant"
"4752","2015132B71117",2015-11-07,2015,"Nov",7,"16:00",16,0,"Saturday","Slight",1,"Slight","Pedestrian","Pedestrian","Female",24,"Unclassified","Single carriageway",30,"Unclassified","Crossing in zig-zag approach lines","Crossing from driver's nearside",429949,433073,"E01033016",1,"T or staggered junction","Daylight","Fine + high winds","Dry","Pedestrian"
"4753","2015132B71315",2015-11-07,2015,"Nov",7,"18:06",18,6,"Saturday","Serious",1,"Serious","Motorcycle 125cc and under rider or passenger","Driver or rider","Male",29,"A","Single carriageway",60,"B","Not a Pedestrian","Not a Pedestrian",422463,427903,"E01011527",2,"T or staggered junction","Darkness - lights lit","Fine no high winds","Wet or damp","Motorcyclist and pillion"
"4754","2015132B71352",2015-11-07,2015,"Nov",7,"18:20",18,20,"Saturday","Slight",1,"Slight","Car occupant","Driver or rider","Male",22,"B","Single carriageway",30,"Unclassified","Not a Pedestrian","Not a Pedestrian",432186,435226,"E01011432",2,"Crossroads","Darkness - lights lit","Fine no high winds","Dry","Car occupant"
"4755","2015132B71377",2015-11-07,2015,"Nov",7,"18:40",18,40,"Saturday","Slight",2,"Slight","Pedestrian","Pedestrian","Female",34,"Unclassified","Single carriageway",20,"Unclassified","On footway or verge","Unknown or other",429654,431850,"E01011364",1,"T or staggered junction","Darkness - lighting unknown","Fine no high winds","Dry","Pedestrian"
"4756","2015132B71377",2015-11-07,2015,"Nov",7,"18:40",18,40,"Saturday","Slight",2,"Slight","Pedestrian","Pedestrian","Female",15,"Unclassified","Single carriageway",20,"Unclassified","On footway or verge","Unknown or other",429654,431850,"E01011364",1,"T or staggered junction","Darkness - lighting unknown","Fine no high winds","Dry","Pedestrian"
"4757","2015132B71514",2015-11-07,2015,"Nov",7,"19:40",19,40,"Saturday","Slight",1,"Slight","Car occupant","Driver or rider","Female",50,"Unclassified","Single carriageway",30,"Unclassified","Not a Pedestrian","Not a Pedestrian",432186,435226,"E01011432",2,"Crossroads","Darkness - lights lit","Fine no high winds","Dry","Car occupant"
"4758","2015132B80248",2015-11-08,2015,"Nov",8,"03:15",3,15,"Sunday","Slight",3,"Slight","Car occupant","Driver or rider","Female",25,"A","Dual carriageway",40,NA,"Not a Pedestrian","Not a Pedestrian",428448,433345,"E01011363",1,"Not at junction or within 20 metres","Darkness - lights lit","Raining no high winds","Wet or damp","Car occupant"
"4759","2015132B80248",2015-11-08,2015,"Nov",8,"03:15",3,15,"Sunday","Slight",3,"Slight","Car occupant","Passenger","Male",29,"A","Dual carriageway",40,NA,"Not a Pedestrian","Not a Pedestrian",428448,433345,"E01011363",1,"Not at junction or within 20 metres","Darkness - lights lit","Raining no high winds","Wet or damp","Car occupant"
"4760","2015132B80248",2015-11-08,2015,"Nov",8,"03:15",3,15,"Sunday","Slight",3,"Slight","Car occupant","Passenger","Female",26,"A","Dual carriageway",40,NA,"Not a Pedestrian","Not a Pedestrian",428448,433345,"E01011363",1,"Not at junction or within 20 metres","Darkness - lights lit","Raining no high winds","Wet or damp","Car occupant"
"4761","2015132B80662",2015-11-08,2015,"Nov",8,"12:05",12,5,"Sunday","Slight",1,"Slight","Car occupant","Driver or rider","Male",29,"Unclassified","Single carriageway",30,"Unclassified","Not a Pedestrian","Not a Pedestrian",432555,434675,"E01011344",2,"T or staggered junction","Daylight","Fine + high winds","Dry","Car occupant"
"4762","2015132B80835",2015-11-08,2015,"Nov",8,"13:55",13,55,"Sunday","Slight",7,"Slight","Car occupant","Driver or rider","Male",30,"Unclassified","Single carriageway",30,"Unclassified","Not a Pedestrian","Not a Pedestrian",431880,435456,"E01011429",2,"T or staggered junction","Daylight","Fine no high winds","Wet or damp","Car occupant"
"4763","2015132B80835",2015-11-08,2015,"Nov",8,"13:55",13,55,"Sunday","Slight",7,"Slight","Car occupant","Passenger","Male",45,"Unclassified","Single carriageway",30,"Unclassified","Not a Pedestrian","Not a Pedestrian",431880,435456,"E01011429",2,"T or staggered junction","Daylight","Fine no high winds","Wet or damp","Car occupant"
"4764","2015132B80835",2015-11-08,2015,"Nov",8,"13:55",13,55,"Sunday","Slight",7,"Slight","Bus or coach occupant (17 or more pass seats)","Passenger","Male",80,"Unclassified","Single carriageway",30,"Unclassified","Not a Pedestrian","Not a Pedestrian",431880,435456,"E01011429",2,"T or staggered junction","Daylight","Fine no high winds","Wet or damp","Bus and goods vehicle occupant"
"4765","2015132B80835",2015-11-08,2015,"Nov",8,"13:55",13,55,"Sunday","Slight",7,"Slight","Bus or coach occupant (17 or more pass seats)","Passenger","Male",75,"Unclassified","Single carriageway",30,"Unclassified","Not a Pedestrian","Not a Pedestrian",431880,435456,"E01011429",2,"T or staggered junction","Daylight","Fine no high winds","Wet or damp","Bus and goods vehicle occupant"
"4766","2015132B80835",2015-11-08,2015,"Nov",8,"13:55",13,55,"Sunday","Slight",7,"Slight","Bus or coach occupant (17 or more pass seats)","Passenger","Male",74,"Unclassified","Single carriageway",30,"Unclassified","Not a Pedestrian","Not a Pedestrian",431880,435456,"E01011429",2,"T or staggered junction","Daylight","Fine no high winds","Wet or damp","Bus and goods vehicle occupant"
"4767","2015132B80835",2015-11-08,2015,"Nov",8,"13:55",13,55,"Sunday","Slight",7,"Slight","Bus or coach occupant (17 or more pass seats)","Passenger","Male",90,"Unclassified","Single carriageway",30,"Unclassified","Not a Pedestrian","Not a Pedestrian",431880,435456,"E01011429",2,"T or staggered junction","Daylight","Fine no high winds","Wet or damp","Bus and goods vehicle occupant"
"4768","2015132B80835",2015-11-08,2015,"Nov",8,"13:55",13,55,"Sunday","Slight",7,"Slight","Bus or coach occupant (17 or more pass seats)","Driver or rider","Male",53,"Unclassified","Single carriageway",30,"Unclassified","Not a Pedestrian","Not a Pedestrian",431880,435456,"E01011429",2,"T or staggered junction","Daylight","Fine no high winds","Wet or damp","Bus and goods vehicle occupant"
"4769","2015132B81095",2015-11-08,2015,"Nov",8,"16:26",16,26,"Sunday","Slight",1,"Slight","Car occupant","Driver or rider","Female",19,"Unclassified","Single carriageway",60,NA,"Not a Pedestrian","Not a Pedestrian",435048,432589,"E01011420",1,"Not at junction or within 20 metres","Daylight","Raining no high winds","Wet or damp","Car occupant"
"4770","2015132B81284",2015-11-08,2015,"Nov",8,"18:34",18,34,"Sunday","Slight",1,"Slight","Motorcycle over 125cc and up to 500cc rider or  passenger","Driver or rider","Male",29,"Unclassified","Single carriageway",30,"Unclassified","Not a Pedestrian","Not a Pedestrian",427125,435704,"E01011480",2,"Crossroads","Darkness - lights lit","Raining no high winds","Wet or damp","Motorcyclist and pillion"
"4771","2015132B90225",2015-11-09,2015,"Nov",9,"08:30",8,30,"Monday","Slight",1,"Slight","Van / Goods vehicle (3.5 tonnes mgw or under) occupant","Driver or rider","Male",51,"Unclassified","Dual carriageway",30,"Unclassified","Not a Pedestrian","Not a Pedestrian",433470,434901,"E01011342",2,"T or staggered junction","Daylight","Raining + high winds","Wet or damp","Bus and goods vehicle occupant"
"4772","2015132B90816",2015-11-09,2015,"Nov",9,"14:26",14,26,"Monday","Slight",1,"Slight","Car occupant","Driver or rider","Male",54,"Unclassified","Single carriageway",30,NA,"Not a Pedestrian","Not a Pedestrian",430039,434055,"E01033010",2,"Not at junction or within 20 metres","Daylight","Raining no high winds","Wet or damp","Car occupant"
"4773","2015132B91352",2015-11-09,2015,"Nov",9,"19:00",19,0,"Monday","Slight",1,"Slight","Car occupant","Driver or rider","Female",30,"Motorway","Dual carriageway",50,"Unclassified","Not a Pedestrian","Not a Pedestrian",428625,431579,"E01011366",2,"T or staggered junction","Daylight","Fine no high winds","Dry","Car occupant"
"4774","2015132BA0301",2015-11-10,2015,"Nov",10,"08:30",8,30,"Tuesday","Slight",1,"Slight","Cyclist","Driver or rider","Male",36,"A","Single carriageway",30,"Unclassified","Not a Pedestrian","Not a Pedestrian",426378,435440,"E01011477",2,"T or staggered junction","Daylight","Fine no high winds","Wet or damp","Cyclist"
"4775","2015132BA0983",2015-11-10,2015,"Nov",10,"15:00",15,0,"Tuesday","Slight",1,"Slight","Pedestrian","Pedestrian","Female",12,"Unclassified","Single carriageway",30,"Unclassified","In carriageway, crossing elsewhere","Crossing from driver's nearside",426445,433292,"E01032607",1,"Crossroads","Daylight","Fine no high winds","Dry","Pedestrian"
"4776","2015132BA1549",2015-11-10,2015,"Nov",10,"17:25",17,25,"Tuesday","Slight",1,"Slight","Bus or coach occupant (17 or more pass seats)","Passenger","Male",75,"Unclassified","Single carriageway",30,NA,"Not a Pedestrian","Not a Pedestrian",431092,428138,"E01011490",1,"Not at junction or within 20 metres","Darkness - lights lit","Fine no high winds","Dry","Bus and goods vehicle occupant"
"4777","2015132BB0282",2015-11-11,2015,"Nov",11,"08:10",8,10,"Wednesday","Slight",1,"Slight","Pedestrian","Pedestrian","Female",35,"Unclassified","Single carriageway",30,"Unclassified","In carriageway, crossing elsewhere","Crossing from driver's nearside",431196,434847,"E01011673",1,"T or staggered junction","Daylight","Fine no high winds","Dry","Pedestrian"
"4778","2015132BB0307",2015-11-11,2015,"Nov",11,"08:30",8,30,"Wednesday","Serious",1,"Serious","Pedestrian","Pedestrian","Male",8,"B","Single carriageway",30,NA,"Crossing elsewhere within 50m. of pedestrian crossing","Crossing from driver's offside",433003,434149,"E01011348",1,"Not at junction or within 20 metres","Daylight","Fine no high winds","Dry","Pedestrian"
"4779","2015132BB0304",2015-11-11,2015,"Nov",11,"08:31",8,31,"Wednesday","Slight",1,"Slight","Car occupant","Driver or rider","Female",45,"Motorway","Dual carriageway",70,NA,"Not a Pedestrian","Not a Pedestrian",432294,426758,"E01011499",2,"Not at junction or within 20 metres","Daylight","Fine no high winds","Dry","Car occupant"
"4780","2015132BB0688",2015-11-11,2015,"Nov",11,"12:45",12,45,"Wednesday","Slight",1,"Slight","Car occupant","Driver or rider","Female",25,"Unclassified","Roundabout",20,"Unclassified","Not a Pedestrian","Not a Pedestrian",435058,435039,"E01011667",2,"Mini-roundabout","Daylight","Fine no high winds","Dry","Car occupant"
"4781","2015132BB0895",2015-11-11,2015,"Nov",11,"14:40",14,40,"Wednesday","Slight",1,"Slight","Car occupant","Driver or rider","Female",50,"A","Roundabout",40,"A","Not a Pedestrian","Not a Pedestrian",439307,432403,"E01011402",2,"Roundabout","Daylight","Fine no high winds","Dry","Car occupant"
"4782","2015132BB1225",2015-11-11,2015,"Nov",11,"17:15",17,15,"Wednesday","Slight",1,"Slight","Cyclist","Driver or rider","Male",21,"Unclassified","Single carriageway",30,NA,"Not a Pedestrian","Not a Pedestrian",427563,436327,"E01011694",2,"Not at junction or within 20 metres","Darkness - lights lit","Fine no high winds","Dry","Cyclist"
"4783","2015132BB1223",2015-11-11,2015,"Nov",11,"17:20",17,20,"Wednesday","Slight",1,"Slight","Cyclist","Driver or rider","Male",12,"Unclassified","Single carriageway",30,NA,"Not a Pedestrian","Not a Pedestrian",436167,436173,"E01011724",2,"Not at junction or within 20 metres","Darkness - lights lit","Raining + high winds","Wet or damp","Cyclist"
"4784","2015132BB1280",2015-11-11,2015,"Nov",11,"17:38",17,38,"Wednesday","Serious",1,"Serious","Motorcycle over 125cc and up to 500cc rider or  passenger","Driver or rider","Male",24,"A","Single carriageway",40,NA,"Not a Pedestrian","Not a Pedestrian",427226,426421,"E01011550",2,"Not at junction or within 20 metres","Darkness - lights lit","Raining + high winds","Wet or damp","Motorcyclist and pillion"
"4785","2015132BB1413",2015-11-11,2015,"Nov",11,"18:41",18,41,"Wednesday","Slight",2,"Slight","Car occupant","Driver or rider","Male",65,"Unclassified","Roundabout",30,"Unclassified","Not a Pedestrian","Not a Pedestrian",436092,434828,"E01011666",2,"Roundabout","Darkness - lights lit","Raining + high winds","Wet or damp","Car occupant"
"4786","2015132BB1413",2015-11-11,2015,"Nov",11,"18:41",18,41,"Wednesday","Slight",2,"Slight","Car occupant","Passenger","Male",62,"Unclassified","Roundabout",30,"Unclassified","Not a Pedestrian","Not a Pedestrian",436092,434828,"E01011666",2,"Roundabout","Darkness - lights lit","Raining + high winds","Wet or damp","Car occupant"
"4787","2015132BC0243",2015-11-12,2015,"Nov",12,"07:40",7,40,"Thursday","Slight",1,"Slight","Car occupant","Driver or rider","Male",18,"Unclassified","Single carriageway",30,"Unclassified","Not a Pedestrian","Not a Pedestrian",432113,432880,"E01011625",2,"T or staggered junction","Daylight","Fine no high winds","Dry","Car occupant"
"4788","2015132BC0304",2015-11-12,2015,"Nov",12,"08:45",8,45,"Thursday","Slight",2,"Slight","Car occupant","Driver or rider","Male",20,"A","Dual carriageway",40,"Unclassified","Not a Pedestrian","Not a Pedestrian",435110,428940,"E01011627",2,"Crossroads","Daylight","Fine no high winds","Dry","Car occupant"
"4789","2015132BC0304",2015-11-12,2015,"Nov",12,"08:45",8,45,"Thursday","Slight",2,"Slight","Car occupant","Driver or rider","Female",48,"A","Dual carriageway",40,"Unclassified","Not a Pedestrian","Not a Pedestrian",435110,428940,"E01011627",2,"Crossroads","Daylight","Fine no high winds","Dry","Car occupant"
"4790","2015132BC0740",2015-11-12,2015,"Nov",12,"13:07",13,7,"Thursday","Slight",1,"Slight","Van / Goods vehicle (3.5 tonnes mgw or under) occupant","Passenger","Male",11,"A","Dual carriageway",40,NA,"Not a Pedestrian","Not a Pedestrian",431450,432413,"E01011621",2,"Not at junction or within 20 metres","Daylight","Fine no high winds","Dry","Bus and goods vehicle occupant"
"4791","2015132BC0752",2015-11-12,2015,"Nov",12,"13:23",13,23,"Thursday","Slight",4,"Slight","Car occupant","Driver or rider","Female",32,"A","Roundabout",30,NA,"Not a Pedestrian","Not a Pedestrian",428622,432989,"E01011363",2,"Not at junction or within 20 metres","Daylight","Fine no high winds","Dry","Car occupant"