"","accident_index","date","year","month","day","time","time_hour","time_minute","day_of_week","accident_severity","number_of_casualties","casualty_severity","casualty_type","casualty_class","sex_of_casualty","age_of_casualty","first_road_class","road_type","speed_limit","second_road_class","pedestrian_location","pedestrian_movement","location_easting_osgr","location_northing_osgr","lsoa_of_accident_location","number_of_vehicles","junction_detail","light_conditions","weather_conditions","road_surface_conditions","cas_type"
"4792","2015132BC0752",2015-11-12,2015,"Nov",12,"13:23",13,23,"Thursday","Slight",4,"Slight","Car occupant","Driver or rider","Male",22,"A","Roundabout",30,NA,"Not a Pedestrian","Not a Pedestrian",428622,432989,"E01011363",2,"Not at junction or within 20 metres","Daylight","Fine no high winds","Dry","Car occupant"
"4793","2015132BC0752",2015-11-12,2015,"Nov",12,"13:23",13,23,"Thursday","Slight",4,"Slight","Car occupant","Passenger","Male",22,"A","Roundabout",30,NA,"Not a Pedestrian","Not a Pedestrian",428622,432989,"E01011363",2,"Not at junction or within 20 metres","Daylight","Fine no high winds","Dry","Car occupant"
"4794","2015132BC0752",2015-11-12,2015,"Nov",12,"13:23",13,23,"Thursday","Slight",4,"Slight","Car occupant","Passenger","Male",22,"A","Roundabout",30,NA,"Not a Pedestrian","Not a Pedestrian",428622,432989,"E01011363",2,"Not at junction or within 20 metres","Daylight","Fine no high winds","Dry","Car occupant"
"4795","2015132BC0912",2015-11-12,2015,"Nov",12,"15:00",15,0,"Thursday","Slight",1,"Slight","Car occupant","Driver or rider","Male",42,"A(M)","Dual carriageway",70,NA,"Not a Pedestrian","Not a Pedestrian",440533,447383,"E01011704",1,"Not at junction or within 20 metres","Daylight","Fine no high winds","Dry","Car occupant"
"4796","2015132BC1009",2015-11-12,2015,"Nov",12,"15:44",15,44,"Thursday","Slight",3,"Slight","Car occupant","Driver or rider","Female",58,"Unclassified","Single carriageway",60,NA,"Not a Pedestrian","Not a Pedestrian",423458,442293,"E01032503",2,"Not at junction or within 20 metres","Daylight","Fine no high winds","Wet or damp","Car occupant"
"4797","2015132BC1009",2015-11-12,2015,"Nov",12,"15:44",15,44,"Thursday","Slight",3,"Slight","Car occupant","Passenger","Female",60,"Unclassified","Single carriageway",60,NA,"Not a Pedestrian","Not a Pedestrian",423458,442293,"E01032503",2,"Not at junction or within 20 metres","Daylight","Fine no high winds","Wet or damp","Car occupant"
"4798","2015132BC1009",2015-11-12,2015,"Nov",12,"15:44",15,44,"Thursday","Slight",3,"Slight","Taxi/Private hire car occupant","Driver or rider","Male",53,"Unclassified","Single carriageway",60,NA,"Not a Pedestrian","Not a Pedestrian",423458,442293,"E01032503",2,"Not at junction or within 20 metres","Daylight","Fine no high winds","Wet or damp","Car occupant"
"4799","2015132BC1284",2015-11-12,2015,"Nov",12,"16:45",16,45,"Thursday","Slight",1,"Slight","Car occupant","Driver or rider","Female",28,"A","Roundabout",30,"Unclassified","Not a Pedestrian","Not a Pedestrian",435841,436400,"E01011661",2,"Roundabout","Darkness - lights lit","Raining + high winds","Wet or damp","Car occupant"
"4800","2015132BC1369",2015-11-12,2015,"Nov",12,"18:29",18,29,"Thursday","Slight",1,"Slight","Car occupant","Driver or rider","Male",22,"Unclassified","Single carriageway",30,NA,"Not a Pedestrian","Not a Pedestrian",431140,434384,"E01033031",2,"Not at junction or within 20 metres","Daylight","Fine no high winds","Wet or damp","Car occupant"
"4801","2015132BD0821",2015-11-13,2015,"Nov",13,"14:08",14,8,"Friday","Slight",1,"Slight","Pedestrian","Pedestrian","Female",19,"A","Dual carriageway",40,NA,"Crossing elsewhere within 50m. of pedestrian crossing","Crossing from nearside - masked by parked or stationary vehicle",432668,435896,"E01011648",1,"Not at junction or within 20 metres","Daylight","Raining + high winds","Wet or damp","Pedestrian"
"4802","2015132BD1081",2015-11-13,2015,"Nov",13,"16:14",16,14,"Friday","Slight",1,"Slight","Pedestrian","Pedestrian","Male",22,"Unclassified","Single carriageway",30,"Unclassified","Crossing on pedestrian crossing facility","Crossing from driver's nearside",432224,434658,"E01011344",1,"T or staggered junction","Darkness - lights lit","Raining + high winds","Wet or damp","Pedestrian"
"4803","2015132BD1177",2015-11-13,2015,"Nov",13,"17:04",17,4,"Friday","Slight",1,"Slight","Car occupant","Driver or rider","Male",30,"A(M)","Dual carriageway",70,NA,"Not a Pedestrian","Not a Pedestrian",443330,438897,"E01011309",3,"Not at junction or within 20 metres","Darkness - lights lit","Raining + high winds","Wet or damp","Car occupant"
"4804","2015132BD1209",2015-11-13,2015,"Nov",13,"17:15",17,15,"Friday","Slight",1,"Slight","Car occupant","Driver or rider","Female",79,"A","Dual carriageway",60,"B","Not a Pedestrian","Not a Pedestrian",422458,433985,"E01011610",1,"Slip road","Darkness - lights lit","Raining no high winds","Wet or damp","Car occupant"
"4805","2015132BH0300",2015-11-13,2015,"Nov",13,"17:50",17,50,"Friday","Slight",1,"Slight","Cyclist","Driver or rider","Male",44,"A","Single carriageway",30,"Unclassified","Not a Pedestrian","Not a Pedestrian",431440,431608,"E01011468",2,"T or staggered junction","Darkness - lights lit","Raining + high winds","Wet or damp","Cyclist"
"4806","2015132BD1431",2015-11-13,2015,"Nov",13,"19:00",19,0,"Friday","Slight",1,"Slight","Cyclist","Driver or rider","Female",49,"Unclassified","Single carriageway",30,NA,"Not a Pedestrian","Not a Pedestrian",431272,434140,"E01033035",2,"Not at junction or within 20 metres","Darkness - lights lit","Raining + high winds","Wet or damp","Cyclist"
"4807","2015132BD1623",2015-11-13,2015,"Nov",13,"21:20",21,20,"Friday","Slight",4,"Slight","Car occupant","Driver or rider","Female",27,"Unclassified","Single carriageway",30,NA,"Not a Pedestrian","Not a Pedestrian",429155,435471,"E01033005",2,"Not at junction or within 20 metres","Darkness - lights lit","Raining + high winds","Wet or damp","Car occupant"
"4808","2015132BD1623",2015-11-13,2015,"Nov",13,"21:20",21,20,"Friday","Slight",4,"Slight","Car occupant","Passenger","Male",9,"Unclassified","Single carriageway",30,NA,"Not a Pedestrian","Not a Pedestrian",429155,435471,"E01033005",2,"Not at junction or within 20 metres","Darkness - lights lit","Raining + high winds","Wet or damp","Car occupant"
"4809","2015132BD1623",2015-11-13,2015,"Nov",13,"21:20",21,20,"Friday","Slight",4,"Slight","Car occupant","Driver or rider","Female",60,"Unclassified","Single carriageway",30,NA,"Not a Pedestrian","Not a Pedestrian",429155,435471,"E01033005",2,"Not at junction or within 20 metres","Darkness - lights lit","Raining + high winds","Wet or damp","Car occupant"
"4810","2015132BD1623",2015-11-13,2015,"Nov",13,"21:20",21,20,"Friday","Slight",4,"Slight","Car occupant","Passenger","Male",39,"Unclassified","Single carriageway",30,NA,"Not a Pedestrian","Not a Pedestrian",429155,435471,"E01033005",2,"Not at junction or within 20 metres","Darkness - lights lit","Raining + high winds","Wet or damp","Car occupant"
"4811","2015132BE1514",2015-11-14,2015,"Nov",14,"10:00",10,0,"Saturday","Serious",1,"Serious","Pedestrian","Pedestrian","Male",81,"A","Dual carriageway",40,NA,"Crossing on pedestrian crossing facility","Crossing from driver's nearside",432723,433867,"E01011615",1,"Not at junction or within 20 metres","Daylight","Raining no high winds","Wet or damp","Pedestrian"
"4812","2015132BE0875",2015-11-14,2015,"Nov",14,"14:15",14,15,"Saturday","Slight",1,"Slight","Car occupant","Driver or rider","Male",34,"Motorway","Dual carriageway",70,"A","Not a Pedestrian","Not a Pedestrian",428285,426396,"E01011553",3,"Slip road","Daylight","Raining + high winds","Wet or damp","Car occupant"
"4813","2015132BE1319",2015-11-14,2015,"Nov",14,"18:51",18,51,"Saturday","Slight",1,"Slight","Car occupant","Passenger","Male",22,"Unclassified","Single carriageway",30,"Unclassified","Not a Pedestrian","Not a Pedestrian",428990,428661,"E01011493",1,"T or staggered junction","Darkness - lights lit","Raining no high winds","Wet or damp","Car occupant"
"4814","2015132BE1442",2015-11-14,2015,"Nov",14,"19:55",19,55,"Saturday","Slight",1,"Slight","Car occupant","Driver or rider","Male",20,"Unclassified","Single carriageway",30,NA,"Not a Pedestrian","Not a Pedestrian",427708,435024,"E01011479",2,"Not at junction or within 20 metres","Darkness - lights lit","Raining + high winds","Wet or damp","Car occupant"
"4815","2015132BE1731",2015-11-14,2015,"Nov",14,"23:05",23,5,"Saturday","Slight",2,"Slight","Pedestrian","Pedestrian","Female",21,"A","Single carriageway",30,NA,"Unknown or other","Unknown or other",430674,434359,"E01033002",1,"Not at junction or within 20 metres","Darkness - lights lit","Raining + high winds","Wet or damp","Pedestrian"
"4816","2015132BE1731",2015-11-14,2015,"Nov",14,"23:05",23,5,"Saturday","Slight",2,"Slight","Pedestrian","Pedestrian","Female",21,"A","Single carriageway",30,NA,"Unknown or other","Unknown or other",430674,434359,"E01033002",1,"Not at junction or within 20 metres","Darkness - lights lit","Raining + high winds","Wet or damp","Pedestrian"
"4817","2015132BF0288",2015-11-15,2015,"Nov",15,"04:55",4,55,"Sunday","Serious",2,"Slight","Car occupant","Driver or rider","Male",20,"Unclassified","Single carriageway",30,"Unclassified","Not a Pedestrian","Not a Pedestrian",428498,434548,"E01011483",1,"T or staggered junction","Darkness - lights lit","Raining + high winds","Wet or damp","Car occupant"
"4818","2015132BF0288",2015-11-15,2015,"Nov",15,"04:55",4,55,"Sunday","Serious",2,"Serious","Car occupant","Passenger","Male",21,"Unclassified","Single carriageway",30,"Unclassified","Not a Pedestrian","Not a Pedestrian",428498,434548,"E01011483",1,"T or staggered junction","Darkness - lights lit","Raining + high winds","Wet or damp","Car occupant"
"4819","2015132BF0776",2015-11-15,2015,"Nov",15,"12:30",12,30,"Sunday","Slight",7,"Slight","Car occupant","Driver or rider","Male",30,"Unclassified","Single carriageway",30,"Unclassified","Not a Pedestrian","Not a Pedestrian",433580,435853,"E01011421",2,"T or staggered junction","Daylight","Raining no high winds","Wet or damp","Car occupant"
"4820","2015132BF0776",2015-11-15,2015,"Nov",15,"12:30",12,30,"Sunday","Slight",7,"Slight","Car occupant","Passenger","Female",34,"Unclassified","Single carriageway",30,"Unclassified","Not a Pedestrian","Not a Pedestrian",433580,435853,"E01011421",2,"T or staggered junction","Daylight","Raining no high winds","Wet or damp","Car occupant"
"4821","2015132BF0776",2015-11-15,2015,"Nov",15,"12:30",12,30,"Sunday","Slight",7,"Slight","Car occupant","Passenger","Male",9,"Unclassified","Single carriageway",30,"Unclassified","Not a Pedestrian","Not a Pedestrian",433580,435853,"E01011421",2,"T or staggered junction","Daylight","Raining no high winds","Wet or damp","Car occupant"
"4822","2015132BF0776",2015-11-15,2015,"Nov",15,"12:30",12,30,"Sunday","Slight",7,"Slight","Car occupant","Passenger","Female",4,"Unclassified","Single carriageway",30,"Unclassified","Not a Pedestrian","Not a Pedestrian",433580,435853,"E01011421",2,"T or staggered junction","Daylight","Raining no high winds","Wet or damp","Car occupant"
"4823","2015132BF0776",2015-11-15,2015,"Nov",15,"12:30",12,30,"Sunday","Slight",7,"Slight","Car occupant","Driver or rider","Male",53,"Unclassified","Single carriageway",30,"Unclassified","Not a Pedestrian","Not a Pedestrian",433580,435853,"E01011421",2,"T or staggered junction","Daylight","Raining no high winds","Wet or damp","Car occupant"
"4824","2015132BF0776",2015-11-15,2015,"Nov",15,"12:30",12,30,"Sunday","Slight",7,"Slight","Car occupant","Passenger","Female",53,"Unclassified","Single carriageway",30,"Unclassified","Not a Pedestrian","Not a Pedestrian",433580,435853,"E01011421",2,"T or staggered junction","Daylight","Raining no high winds","Wet or damp","Car occupant"
"4825","2015132BF0776",2015-11-15,2015,"Nov",15,"12:30",12,30,"Sunday","Slight",7,"Slight","Car occupant","Passenger","Female",23,"Unclassified","Single carriageway",30,"Unclassified","Not a Pedestrian","Not a Pedestrian",433580,435853,"E01011421",2,"T or staggered junction","Daylight","Raining no high winds","Wet or damp","Car occupant"
"4826","2015132BF1123",2015-11-15,2015,"Nov",15,"15:45",15,45,"Sunday","Slight",1,"Slight","Pedestrian","Pedestrian","Female",8,"Unclassified","Single carriageway",30,"Unclassified","In carriageway, crossing elsewhere","Crossing from driver's offside",433722,428556,"E01011632",1,"T or staggered junction","Daylight","Raining + high winds","Wet or damp","Pedestrian"
"4827","2015132BG0075",2015-11-16,2015,"Nov",16,"01:42",1,42,"Monday","Serious",1,"Serious","Car occupant","Passenger","Female",17,"Unclassified","Single carriageway",30,NA,"Not a Pedestrian","Not a Pedestrian",429918,430403,"E01011322",1,"Not at junction or within 20 metres","Darkness - lights lit","Fine no high winds","Wet or damp","Car occupant"
"4828","2015132BG1050",2015-11-16,2015,"Nov",16,"15:20",15,20,"Monday","Slight",2,"Slight","Pedestrian","Pedestrian","Male",5,"A","Dual carriageway",40,"A","Crossing on pedestrian crossing facility","Crossing from driver's nearside",427501,425512,"E01011548",1,"Crossroads","Daylight","Fine no high winds","Dry","Pedestrian"
"4829","2015132BG1050",2015-11-16,2015,"Nov",16,"15:20",15,20,"Monday","Slight",2,"Slight","Pedestrian","Pedestrian","Female",33,"A","Dual carriageway",40,"A","Crossing on pedestrian crossing facility","Crossing from driver's nearside",427501,425512,"E01011548",1,"Crossroads","Daylight","Fine no high winds","Dry","Pedestrian"
"4830","2015132BG1141",2015-11-16,2015,"Nov",16,"16:36",16,36,"Monday","Slight",1,"Slight","Car occupant","Driver or rider","Female",39,"A","Dual carriageway",30,NA,"Not a Pedestrian","Not a Pedestrian",431012,432318,"E01033018",1,"Not at junction or within 20 metres","Daylight","Fine no high winds","Wet or damp","Car occupant"
"4831","2015132BG1160",2015-11-16,2015,"Nov",16,"16:45",16,45,"Monday","Slight",2,"Slight","Car occupant","Driver or rider","Male",22,"Motorway","Dual carriageway",50,NA,"Not a Pedestrian","Not a Pedestrian",430518,431245,"E01011374",2,"Not at junction or within 20 metres","Daylight","Fine no high winds","Dry","Car occupant"
"4832","2015132BG1160",2015-11-16,2015,"Nov",16,"16:45",16,45,"Monday","Slight",2,"Slight","Van / Goods vehicle (3.5 tonnes mgw or under) occupant","Driver or rider","Male",19,"Motorway","Dual carriageway",50,NA,"Not a Pedestrian","Not a Pedestrian",430518,431245,"E01011374",2,"Not at junction or within 20 metres","Daylight","Fine no high winds","Dry","Bus and goods vehicle occupant"
"4833","2015132BH0484",2015-11-17,2015,"Nov",17,"10:44",10,44,"Tuesday","Slight",1,"Slight","Van / Goods vehicle (3.5 tonnes mgw or under) occupant","Driver or rider","Male",31,"A","Single carriageway",30,"Unclassified","Not a Pedestrian","Not a Pedestrian",427062,431803,"E01011736",3,"T or staggered junction","Daylight","Raining + high winds","Wet or damp","Bus and goods vehicle occupant"
"4834","2015132BH1229",2015-11-17,2015,"Nov",17,"17:54",17,54,"Tuesday","Slight",2,"Slight","Pedestrian","Pedestrian","Female",3,"A","Single carriageway",30,NA,"Crossing on pedestrian crossing facility","Crossing from driver's nearside",430086,431334,"E01011371",1,"Not at junction or within 20 metres","Darkness - lights lit","Raining + high winds","Wet or damp","Pedestrian"
"4835","2015132BH1229",2015-11-17,2015,"Nov",17,"17:54",17,54,"Tuesday","Slight",2,"Slight","Pedestrian","Pedestrian","Female",4,"A","Single carriageway",30,NA,"Crossing on pedestrian crossing facility","Crossing from driver's nearside",430086,431334,"E01011371",1,"Not at junction or within 20 metres","Darkness - lights lit","Raining + high winds","Wet or damp","Pedestrian"
"4836","2015132BH1389",2015-11-17,2015,"Nov",17,"19:10",19,10,"Tuesday","Slight",2,"Slight","Car occupant","Driver or rider","Female",27,"A","Single carriageway",30,"Unclassified","Not a Pedestrian","Not a Pedestrian",427007,440385,"E01011381",2,"Private drive or entrance","Darkness - lights lit","Fine no high winds","Dry","Car occupant"
"4837","2015132BH1389",2015-11-17,2015,"Nov",17,"19:10",19,10,"Tuesday","Slight",2,"Slight","Car occupant","Driver or rider","Female",30,"A","Single carriageway",30,"Unclassified","Not a Pedestrian","Not a Pedestrian",427007,440385,"E01011381",2,"Private drive or entrance","Darkness - lights lit","Fine no high winds","Dry","Car occupant"
"4838","2015132BH1707",2015-11-17,2015,"Nov",17,"22:30",22,30,"Tuesday","Slight",1,"Slight","Car occupant","Driver or rider","Male",32,"Motorway","Unknown",50,NA,"Not a Pedestrian","Not a Pedestrian",431812,430459,"E01011469",1,"Not at junction or within 20 metres","Darkness - lights lit","Raining + high winds","Wet or damp","Car occupant"
"4839","2015132BI0170",2015-11-18,2015,"Nov",18,"06:40",6,40,"Wednesday","Slight",1,"Slight","Car occupant","Driver or rider","Male",23,"Motorway","Unknown",70,NA,"Not a Pedestrian","Not a Pedestrian",434993,425884,"E01011636",1,"Not at junction or within 20 metres","Daylight","Fine no high winds","Dry","Car occupant"
"4840","2015132BI0187",2015-11-18,2015,"Nov",18,"07:15",7,15,"Wednesday","Slight",5,"Slight","Car occupant","Driver or rider","Male",23,"Unclassified","Single carriageway",30,NA,"Not a Pedestrian","Not a Pedestrian",441820,427813,"E01011307",2,"Not at junction or within 20 metres","Daylight","Fine no high winds","Dry","Car occupant"
"4841","2015132BI0187",2015-11-18,2015,"Nov",18,"07:15",7,15,"Wednesday","Slight",5,"Slight","Bus or coach occupant (17 or more pass seats)","Driver or rider","Male",45,"Unclassified","Single carriageway",30,NA,"Not a Pedestrian","Not a Pedestrian",441820,427813,"E01011307",2,"Not at junction or within 20 metres","Daylight","Fine no high winds","Dry","Bus and goods vehicle occupant"
"4842","2015132BI0187",2015-11-18,2015,"Nov",18,"07:15",7,15,"Wednesday","Slight",5,"Slight","Bus or coach occupant (17 or more pass seats)","Passenger","Male",53,"Unclassified","Single carriageway",30,NA,"Not a Pedestrian","Not a Pedestrian",441820,427813,"E01011307",2,"Not at junction or within 20 metres","Daylight","Fine no high winds","Dry","Bus and goods vehicle occupant"
"4843","2015132BI0187",2015-11-18,2015,"Nov",18,"07:15",7,15,"Wednesday","Slight",5,"Slight","Bus or coach occupant (17 or more pass seats)","Passenger","Female",36,"Unclassified","Single carriageway",30,NA,"Not a Pedestrian","Not a Pedestrian",441820,427813,"E01011307",2,"Not at junction or within 20 metres","Daylight","Fine no high winds","Dry","Bus and goods vehicle occupant"
"4844","2015132BI0187",2015-11-18,2015,"Nov",18,"07:15",7,15,"Wednesday","Slight",5,"Slight","Bus or coach occupant (17 or more pass seats)","Passenger","Female",43,"Unclassified","Single carriageway",30,NA,"Not a Pedestrian","Not a Pedestrian",441820,427813,"E01011307",2,"Not at junction or within 20 metres","Daylight","Fine no high winds","Dry","Bus and goods vehicle occupant"
"4845","2015132BI0260",2015-11-18,2015,"Nov",18,"08:34",8,34,"Wednesday","Serious",1,"Serious","Cyclist","Driver or rider","Male",47,"Unclassified","Single carriageway",30,"Unclassified","Not a Pedestrian","Not a Pedestrian",430892,438631,"E01011512",2,"T or staggered junction","Daylight","Raining + high winds","Wet or damp","Cyclist"
"4846","2015132BI0836",2015-11-18,2015,"Nov",18,"14:33",14,33,"Wednesday","Slight",2,"Slight","Car occupant","Driver or rider","Female",55,"Unclassified","Single carriageway",30,"Unclassified","Not a Pedestrian","Not a Pedestrian",429000,436847,"E01011691",2,"Crossroads","Daylight","Fine no high winds","Dry","Car occupant"
"4847","2015132BI0836",2015-11-18,2015,"Nov",18,"14:33",14,33,"Wednesday","Slight",2,"Slight","Car occupant","Driver or rider","Male",26,"Unclassified","Single carriageway",30,"Unclassified","Not a Pedestrian","Not a Pedestrian",429000,436847,"E01011691",2,"Crossroads","Daylight","Fine no high winds","Dry","Car occupant"
"4848","2015132BI0875",2015-11-18,2015,"Nov",18,"14:59",14,59,"Wednesday","Serious",1,"Serious","Pedestrian","Pedestrian","Female",83,"Unclassified","Single carriageway",20,NA,"In carriageway, crossing elsewhere","Crossing from driver's offside",440643,448250,"E01011705",1,"Not at junction or within 20 metres","Daylight","Raining + high winds","Wet or damp","Pedestrian"
"4849","2015132BI1134",2015-11-18,2015,"Nov",18,"17:17",17,17,"Wednesday","Slight",1,"Slight","Pedestrian","Pedestrian","Female",46,"Unclassified","Single carriageway",30,NA,"Crossing on pedestrian crossing facility","Crossing from driver's offside",431660,437523,"E01011504",1,"Not at junction or within 20 metres","Darkness - lights lit","Raining + high winds","Wet or damp","Pedestrian"
"4850","2015132BI1494",2015-11-18,2015,"Nov",18,"19:25",19,25,"Wednesday","Slight",1,"Slight","Car occupant","Driver or rider","Female",38,"Motorway","Dual carriageway",50,NA,"Not a Pedestrian","Not a Pedestrian",435433,425914,"E01011636",2,"Not at junction or within 20 metres","Darkness - lighting unknown","Raining + high winds","Wet or damp","Car occupant"
"4851","2015132BI1443",2015-11-18,2015,"Nov",18,"19:45",19,45,"Wednesday","Slight",1,"Slight","Car occupant","Driver or rider","Female",24,"Unclassified","Single carriageway",40,"Unclassified","Not a Pedestrian","Not a Pedestrian",427418,435988,"E01032945",2,"T or staggered junction","Darkness - lights lit","Raining no high winds","Wet or damp","Car occupant"
"4852","2015132BI1536",2015-11-18,2015,"Nov",18,"20:40",20,40,"Wednesday","Slight",1,"Slight","Pedestrian","Pedestrian","Male",14,"Unclassified","Single carriageway",30,NA,"In carriageway, crossing elsewhere","Crossing from driver's nearside",431375,433950,"E01033031",1,"Not at junction or within 20 metres","Darkness - lights lit","Raining + high winds","Wet or damp","Pedestrian"
"4853","2015132BI1595",2015-11-18,2015,"Nov",18,"21:24",21,24,"Wednesday","Slight",1,"Slight","Car occupant","Driver or rider","Female",33,"Motorway","Dual carriageway",70,NA,"Not a Pedestrian","Not a Pedestrian",427385,430844,"E01011318",3,"Not at junction or within 20 metres","Darkness - lights lit","Other","Frost or ice","Car occupant"
"4854","2015132BI1762",2015-11-18,2015,"Nov",18,"21:25",21,25,"Wednesday","Slight",1,"Slight","Car occupant","Passenger","Female",80,"Motorway","Dual carriageway",70,NA,"Not a Pedestrian","Not a Pedestrian",427374,430840,"E01011318",2,"Not at junction or within 20 metres","Darkness - lights lit","Other","Frost or ice","Car occupant"
"4855","2015132BJ0203",2015-11-19,2015,"Nov",19,"07:15",7,15,"Thursday","Slight",1,"Slight","Motorcycle 125cc and under rider or passenger","Driver or rider","Male",27,"A","Single carriageway",30,"Unclassified","Not a Pedestrian","Not a Pedestrian",427896,436200,"E01011451",2,"Crossroads","Darkness - lights lit","Fine no high winds","Dry","Motorcyclist and pillion"
"4856","2015132BJ0235",2015-11-19,2015,"Nov",19,"08:10",8,10,"Thursday","Slight",3,"Slight","Car occupant","Driver or rider","Male",39,"Unclassified","Single carriageway",30,"Unclassified","Not a Pedestrian","Not a Pedestrian",428905,429928,"E01011320",2,"T or staggered junction","Daylight","Fine + high winds","Dry","Car occupant"
"4857","2015132BJ0235",2015-11-19,2015,"Nov",19,"08:10",8,10,"Thursday","Slight",3,"Slight","Car occupant","Passenger","Female",15,"Unclassified","Single carriageway",30,"Unclassified","Not a Pedestrian","Not a Pedestrian",428905,429928,"E01011320",2,"T or staggered junction","Daylight","Fine + high winds","Dry","Car occupant"
"4858","2015132BJ0235",2015-11-19,2015,"Nov",19,"08:10",8,10,"Thursday","Slight",3,"Slight","Car occupant","Passenger","Female",12,"Unclassified","Single carriageway",30,"Unclassified","Not a Pedestrian","Not a Pedestrian",428905,429928,"E01011320",2,"T or staggered junction","Daylight","Fine + high winds","Dry","Car occupant"
"4859","2015132BJ0466",2015-11-19,2015,"Nov",19,"10:56",10,56,"Thursday","Slight",2,"Slight","Car occupant","Driver or rider","Female",70,"B","Single carriageway",30,"B","Not a Pedestrian","Not a Pedestrian",426284,435583,"E01011488",2,"Crossroads","Daylight","Raining + high winds","Wet or damp","Car occupant"
"4860","2015132BJ0466",2015-11-19,2015,"Nov",19,"10:56",10,56,"Thursday","Slight",2,"Slight","Car occupant","Driver or rider","Male",30,"B","Single carriageway",30,"B","Not a Pedestrian","Not a Pedestrian",426284,435583,"E01011488",2,"Crossroads","Daylight","Raining + high winds","Wet or damp","Car occupant"
"4861","2015132BI1085",2015-11-19,2015,"Nov",19,"16:15",16,15,"Thursday","Serious",1,"Serious","Cyclist","Driver or rider","Male",17,"Unclassified","Single carriageway",30,"Unclassified","Not a Pedestrian","Not a Pedestrian",429238,425698,"E01011552",2,"T or staggered junction","Daylight","Fine no high winds","Wet or damp","Cyclist"
"4862","2015132BJ1200",2015-11-19,2015,"Nov",19,"17:50",17,50,"Thursday","Slight",1,"Slight","Pedestrian","Pedestrian","Female",9,"Unclassified","Single carriageway",30,NA,"In carriageway, crossing elsewhere","Crossing from offside - masked by  parked or stationary vehicle",431276,433844,"E01033031",1,"Not at junction or within 20 metres","Darkness - lights lit","Raining no high winds","Wet or damp","Pedestrian"
"4863","2015132BJ1323",2015-11-19,2015,"Nov",19,"19:15",19,15,"Thursday","Slight",1,"Slight","Car occupant","Driver or rider","Male",44,"Unclassified","Roundabout",40,"Unclassified","Not a Pedestrian","Not a Pedestrian",436082,434821,"E01011666",2,"Roundabout","Darkness - lights lit","Raining no high winds","Wet or damp","Car occupant"
"4864","2015132BI1508",2015-11-19,2015,"Nov",19,"19:20",19,20,"Thursday","Slight",1,"Slight","Pedestrian","Pedestrian","Female",30,"Unclassified","Single carriageway",30,NA,"In carriageway, not crossing","In carriageway, stationary - not crossing  (standing or playing)",440631,448059,"E01011704",1,"Not at junction or within 20 metres","Darkness - lights lit","Raining + high winds","Wet or damp","Pedestrian"
"4865","2015132BJ1340",2015-11-19,2015,"Nov",19,"19:20",19,20,"Thursday","Slight",1,"Slight","Car occupant","Driver or rider","Female",19,"Unclassified","Single carriageway",30,"B","Not a Pedestrian","Not a Pedestrian",430894,436566,"E01011356",2,"More than 4 arms (not roundabout)","Darkness - lights lit","Fine no high winds","Dry","Car occupant"
"4866","2015132BK0205",2015-11-20,2015,"Nov",20,"06:38",6,38,"Friday","Slight",1,"Slight","Motorcycle 50cc and under rider or passenger","Driver or rider","Female",35,"A","Single carriageway",30,"Unclassified","Not a Pedestrian","Not a Pedestrian",430111,431741,"E01011371",2,"Crossroads","Darkness - lights lit","Fine no high winds","Dry","Motorcyclist and pillion"
"4867","2015132BK0930",2015-11-20,2015,"Nov",20,"15:10",15,10,"Friday","Slight",2,"Slight","Car occupant","Driver or rider","Male",51,"A","Single carriageway",40,"Unclassified","Not a Pedestrian","Not a Pedestrian",430611,434566,"E01011671",3,"T or staggered junction","Daylight","Raining no high winds","Wet or damp","Car occupant"
"4868","2015132BK0930",2015-11-20,2015,"Nov",20,"15:10",15,10,"Friday","Slight",2,"Slight","Car occupant","Driver or rider","Male",46,"A","Single carriageway",40,"Unclassified","Not a Pedestrian","Not a Pedestrian",430611,434566,"E01011671",3,"T or staggered junction","Daylight","Raining no high winds","Wet or damp","Car occupant"
"4869","2015132BK1188",2015-11-20,2015,"Nov",20,"17:05",17,5,"Friday","Slight",1,"Slight","Car occupant","Driver or rider","Male",38,"Unclassified","Dual carriageway",30,NA,"Not a Pedestrian","Not a Pedestrian",431321,429000,"E01011475",2,"Not at junction or within 20 metres","Darkness - lights lit","Raining no high winds","Wet or damp","Car occupant"
"4870","2015132BK1222",2015-11-20,2015,"Nov",20,"17:24",17,24,"Friday","Slight",1,"Slight","Pedestrian","Pedestrian","Male",21,"A","Dual carriageway",30,"Unclassified","Crossing on pedestrian crossing facility","Crossing from driver's offside",430171,432846,"E01033016",1,"Crossroads","Darkness - lights lit","Raining no high winds","Wet or damp","Pedestrian"
"4871","2015132BL0890",2015-11-21,2015,"Nov",21,"14:00",14,0,"Saturday","Slight",1,"Slight","Car occupant","Driver or rider","Female",24,"Motorway","Dual carriageway",70,NA,"Not a Pedestrian","Not a Pedestrian",435309,431299,"E01011420",1,"Not at junction or within 20 metres","Daylight","Fine + high winds","Dry","Car occupant"
"4872","2015132BL0963",2015-11-21,2015,"Nov",21,"15:10",15,10,"Saturday","Slight",3,"Slight","Car occupant","Driver or rider","Male",36,"A","Single carriageway",50,"Unclassified","Not a Pedestrian","Not a Pedestrian",442878,430634,"E01011299",2,"T or staggered junction","Daylight","Fine no high winds","Wet or damp","Car occupant"