"","accident_index","date","year","month","day","time","time_hour","time_minute","day_of_week","accident_severity","number_of_casualties","casualty_severity","casualty_type","casualty_class","sex_of_casualty","age_of_casualty","first_road_class","road_type","speed_limit","second_road_class","pedestrian_location","pedestrian_movement","location_easting_osgr","location_northing_osgr","lsoa_of_accident_location","number_of_vehicles","junction_detail","light_conditions","weather_conditions","road_surface_conditions","cas_type"
"4873","2015132BL0963",2015-11-21,2015,"Nov",21,"15:10",15,10,"Saturday","Slight",3,"Slight","Car occupant","Driver or rider","Male",71,"A","Single carriageway",50,"Unclassified","Not a Pedestrian","Not a Pedestrian",442878,430634,"E01011299",2,"T or staggered junction","Daylight","Fine no high winds","Wet or damp","Car occupant"
"4874","2015132BL0963",2015-11-21,2015,"Nov",21,"15:10",15,10,"Saturday","Slight",3,"Slight","Car occupant","Passenger","Female",66,"A","Single carriageway",50,"Unclassified","Not a Pedestrian","Not a Pedestrian",442878,430634,"E01011299",2,"T or staggered junction","Daylight","Fine no high winds","Wet or damp","Car occupant"
"4875","2015132BL1032",2015-11-21,2015,"Nov",21,"15:38",15,38,"Saturday","Slight",1,"Slight","Pedestrian","Pedestrian","Male",11,"Unclassified","Single carriageway",20,NA,"In carriageway, crossing elsewhere","Crossing from offside - masked by  parked or stationary vehicle",430982,433819,"E01033031",1,"Not at junction or within 20 metres","Daylight","Fine no high winds","Wet or damp","Pedestrian"
"4876","2015132BL1175",2015-11-21,2015,"Nov",21,"16:50",16,50,"Saturday","Serious",2,"Serious","Pedestrian","Pedestrian","Female",14,"Unclassified","Single carriageway",30,NA,"In carriageway, crossing elsewhere","Crossing from driver's offside",429938,427199,"E01011492",1,"Not at junction or within 20 metres","Darkness - lights lit","Fine no high winds","Dry","Pedestrian"
"4877","2015132BL1175",2015-11-21,2015,"Nov",21,"16:50",16,50,"Saturday","Serious",2,"Slight","Motorcycle 125cc and under rider or passenger","Driver or rider","Male",18,"Unclassified","Single carriageway",30,NA,"Not a Pedestrian","Not a Pedestrian",429938,427199,"E01011492",1,"Not at junction or within 20 metres","Darkness - lights lit","Fine no high winds","Dry","Motorcyclist and pillion"
"4878","2015132BL1215",2015-11-21,2015,"Nov",21,"17:10",17,10,"Saturday","Slight",1,"Slight","Car occupant","Passenger","Female",11,"A","Single carriageway",40,NA,"Not a Pedestrian","Not a Pedestrian",424330,437178,"E01011453",3,"Not at junction or within 20 metres","Darkness - lights lit","Fine no high winds","Dry","Car occupant"
"4879","2015132BL1480",2015-11-21,2015,"Nov",21,"20:00",20,0,"Saturday","Slight",1,"Slight","Car occupant","Driver or rider","Female",51,"Unclassified","Single carriageway",30,"Unclassified","Not a Pedestrian","Not a Pedestrian",423529,437895,"E01011465",3,"T or staggered junction","Darkness - lights lit","Fine no high winds","Wet or damp","Car occupant"
"4880","2015132BM0042",2015-11-22,2015,"Nov",22,"00:24",0,24,"Sunday","Slight",2,"Slight","Car occupant","Driver or rider","Male",30,"B","One way street",30,"A","Not a Pedestrian","Not a Pedestrian",431962,435833,"E01011422",2,"Crossroads","Darkness - lights lit","Fine no high winds","Wet or damp","Car occupant"
"4881","2015132BM0042",2015-11-22,2015,"Nov",22,"00:24",0,24,"Sunday","Slight",2,"Slight","Car occupant","Passenger","Female",19,"B","One way street",30,"A","Not a Pedestrian","Not a Pedestrian",431962,435833,"E01011422",2,"Crossroads","Darkness - lights lit","Fine no high winds","Wet or damp","Car occupant"
"4882","2015132BM0566",2015-11-22,2015,"Nov",22,"11:00",11,0,"Sunday","Slight",1,"Slight","Car occupant","Driver or rider","Male",18,"Unclassified","Single carriageway",30,NA,"Not a Pedestrian","Not a Pedestrian",432748,436873,"E01011643",3,"Not at junction or within 20 metres","Daylight","Fine no high winds","Dry","Car occupant"
"4883","2015132BM0768",2015-11-22,2015,"Nov",22,"14:00",14,0,"Sunday","Slight",1,"Slight","Car occupant","Driver or rider","Male",28,"Unclassified","Roundabout",30,"Unclassified","Not a Pedestrian","Not a Pedestrian",433988,435146,"E01011339",2,"Mini-roundabout","Daylight","Fine no high winds","Dry","Car occupant"
"4884","2015132BN0158",2015-11-23,2015,"Nov",23,"07:01",7,1,"Monday","Slight",1,"Slight","Car occupant","Driver or rider","Male",23,"Motorway","Dual carriageway",70,NA,"Not a Pedestrian","Not a Pedestrian",437885,433000,"E01011402",1,"Not at junction or within 20 metres","Darkness - lights lit","Fine no high winds","Dry","Car occupant"
"4885","2015132BO1148",2015-11-23,2015,"Nov",23,"14:50",14,50,"Monday","Slight",1,"Slight","Car occupant","Driver or rider","Female",27,"Unclassified","Single carriageway",30,"Unclassified","Not a Pedestrian","Not a Pedestrian",427435,433446,"E01011293",2,"T or staggered junction","Daylight","Fine no high winds","Dry","Car occupant"
"4886","2015132BN1013",2015-11-23,2015,"Nov",23,"16:20",16,20,"Monday","Slight",2,"Slight","Car occupant","Passenger","Female",33,"A","Dual carriageway",30,NA,"Not a Pedestrian","Not a Pedestrian",428998,433540,"E01011363",2,"Not at junction or within 20 metres","Daylight","Fine no high winds","Wet or damp","Car occupant"
"4887","2015132BN1013",2015-11-23,2015,"Nov",23,"16:20",16,20,"Monday","Slight",2,"Slight","Car occupant","Passenger","Female",14,"A","Dual carriageway",30,NA,"Not a Pedestrian","Not a Pedestrian",428998,433540,"E01011363",2,"Not at junction or within 20 metres","Daylight","Fine no high winds","Wet or damp","Car occupant"
"4888","2015132BN1292",2015-11-23,2015,"Nov",23,"18:28",18,28,"Monday","Slight",1,"Slight","Taxi/Private hire car occupant","Driver or rider","Male",55,"Unclassified","Roundabout",30,"Unclassified","Not a Pedestrian","Not a Pedestrian",431912,434798,"E01011677",2,"Roundabout","Darkness - lights lit","Fine no high winds","Dry","Car occupant"
"4889","2015132BN1303",2015-11-23,2015,"Nov",23,"19:00",19,0,"Monday","Slight",1,"Slight","Pedestrian","Pedestrian","Female",56,"Unclassified","Single carriageway",30,"Unclassified","In carriageway, crossing elsewhere","Unknown or other",426397,435875,"E01011488",1,"T or staggered junction","Darkness - lights lit","Raining no high winds","Wet or damp","Pedestrian"
"4890","2015132BN1348",2015-11-23,2015,"Nov",23,"19:20",19,20,"Monday","Slight",1,"Slight","Cyclist","Driver or rider","Male",27,"B","Single carriageway",30,"Unclassified","Not a Pedestrian","Not a Pedestrian",421613,434396,"E01011598",2,"T or staggered junction","Darkness - lights lit","Fine no high winds","Wet or damp","Cyclist"
"4891","2015132BO0148",2015-11-24,2015,"Nov",24,"05:25",5,25,"Tuesday","Serious",1,"Serious","Cyclist","Driver or rider","Male",47,"A","Single carriageway",40,"Unclassified","Not a Pedestrian","Not a Pedestrian",433142,426326,"E01011500",2,"Crossroads","Darkness - lights lit","Fine no high winds","Wet or damp","Cyclist"
"4892","2015132BO0180",2015-11-24,2015,"Nov",24,"06:48",6,48,"Tuesday","Slight",1,"Slight","Car occupant","Driver or rider","Male",24,"Unclassified","Roundabout",30,"B","Not a Pedestrian","Not a Pedestrian",425059,433375,"E01011727",2,"Roundabout","Darkness - lights lit","Raining no high winds","Wet or damp","Car occupant"
"4893","2015132BO0258",2015-11-24,2015,"Nov",24,"08:39",8,39,"Tuesday","Slight",2,"Slight","Van / Goods vehicle (3.5 tonnes mgw or under) occupant","Driver or rider","Male",54,"Motorway","Dual carriageway",70,NA,"Not a Pedestrian","Not a Pedestrian",434074,429952,"E01011639",3,"Not at junction or within 20 metres","Daylight","Fine no high winds","Wet or damp","Bus and goods vehicle occupant"
"4894","2015132BO0258",2015-11-24,2015,"Nov",24,"08:39",8,39,"Tuesday","Slight",2,"Slight","Van / Goods vehicle (3.5 tonnes mgw or under) occupant","Driver or rider","Male",53,"Motorway","Dual carriageway",70,NA,"Not a Pedestrian","Not a Pedestrian",434074,429952,"E01011639",3,"Not at junction or within 20 metres","Daylight","Fine no high winds","Wet or damp","Bus and goods vehicle occupant"
"4895","2015132BO0324",2015-11-24,2015,"Nov",24,"09:30",9,30,"Tuesday","Slight",1,"Slight","Car occupant","Driver or rider","Female",24,"A","Dual carriageway",40,"Motorway","Not a Pedestrian","Not a Pedestrian",435811,425811,"E01011636",2,"Roundabout","Daylight","Fine no high winds","Wet or damp","Car occupant"
"4896","2015132BO0557",2015-11-24,2015,"Nov",24,"09:50",9,50,"Tuesday","Slight",2,"Slight","Bus or coach occupant (17 or more pass seats)","Driver or rider","Female",37,"A","Single carriageway",30,NA,"Not a Pedestrian","Not a Pedestrian",430120,431833,"E01011364",2,"Not at junction or within 20 metres","Daylight","Raining no high winds","Wet or damp","Bus and goods vehicle occupant"
"4897","2015132BO0557",2015-11-24,2015,"Nov",24,"09:50",9,50,"Tuesday","Slight",2,"Slight","Bus or coach occupant (17 or more pass seats)","Passenger","Male",20,"A","Single carriageway",30,NA,"Not a Pedestrian","Not a Pedestrian",430120,431833,"E01011364",2,"Not at junction or within 20 metres","Daylight","Raining no high winds","Wet or damp","Bus and goods vehicle occupant"
"4898","2015132BO0396",2015-11-24,2015,"Nov",24,"10:15",10,15,"Tuesday","Slight",1,"Slight","Car occupant","Driver or rider","Female",37,"Unclassified","Single carriageway",40,"Unclassified","Not a Pedestrian","Not a Pedestrian",424184,432478,"E01011728",2,"T or staggered junction","Daylight","Fine no high winds","Dry","Car occupant"
"4899","2015132BO0556",2015-11-24,2015,"Nov",24,"11:58",11,58,"Tuesday","Slight",1,"Slight","Cyclist","Driver or rider","Male",36,"B","Single carriageway",30,NA,"Not a Pedestrian","Not a Pedestrian",432296,430888,"E01011470",2,"Not at junction or within 20 metres","Daylight","Raining no high winds","Wet or damp","Cyclist"
"4900","2015132BO0767",2015-11-24,2015,"Nov",24,"13:05",13,5,"Tuesday","Slight",1,"Slight","Pedestrian","Pedestrian","Male",32,"Unclassified","Single carriageway",30,NA,"On footway or verge","Unknown or other",433005,432644,"E01011621",1,"Not at junction or within 20 metres","Daylight","Fine no high winds","Wet or damp","Pedestrian"
"4901","2015132BO1175",2015-11-24,2015,"Nov",24,"17:47",17,47,"Tuesday","Slight",2,"Slight","Car occupant","Driver or rider","Female",61,"A","Dual carriageway",40,NA,"Not a Pedestrian","Not a Pedestrian",436976,433594,"E01011418",2,"Not at junction or within 20 metres","Darkness - lights lit","Fine no high winds","Dry","Car occupant"
"4902","2015132BO1175",2015-11-24,2015,"Nov",24,"17:47",17,47,"Tuesday","Slight",2,"Slight","Car occupant","Driver or rider","Female",31,"A","Dual carriageway",40,NA,"Not a Pedestrian","Not a Pedestrian",436976,433594,"E01011418",2,"Not at junction or within 20 metres","Darkness - lights lit","Fine no high winds","Dry","Car occupant"
"4903","2015132BO1598",2015-11-24,2015,"Nov",24,"22:11",22,11,"Tuesday","Slight",1,"Slight","Car occupant","Passenger","Female",19,"Unclassified","Single carriageway",30,"Unclassified","Not a Pedestrian","Not a Pedestrian",434870,437185,"E01011656",2,"T or staggered junction","Darkness - lights lit","Fine no high winds","Dry","Car occupant"
"4904","2015132BP0231",2015-11-25,2015,"Nov",25,"07:45",7,45,"Wednesday","Slight",1,"Slight","Motorcycle over 500cc rider or passenger","Driver or rider","Male",27,"A","Dual carriageway",30,NA,"Not a Pedestrian","Not a Pedestrian",424890,427729,"E01011530",3,"Not at junction or within 20 metres","Daylight","Fine no high winds","Dry","Motorcyclist and pillion"
"4905","2015132BK0414",2015-11-25,2015,"Nov",25,"10:05",10,5,"Wednesday","Slight",1,"Slight","Pedestrian","Pedestrian","Female",42,"Unclassified","Single carriageway",30,NA,"Unknown or other","Unknown or other",434547,434521,"E01011341",1,"Not at junction or within 20 metres","Daylight","Fine no high winds","Wet or damp","Pedestrian"
"4906","2015132BP0668",2015-11-25,2015,"Nov",25,"12:38",12,38,"Wednesday","Slight",1,"Slight","Cyclist","Driver or rider","Female",37,"A","Single carriageway",30,"B","Not a Pedestrian","Not a Pedestrian",427900,436185,"E01011440",2,"T or staggered junction","Daylight","Fine no high winds","Wet or damp","Cyclist"
"4907","2015132BP1052",2015-11-25,2015,"Nov",25,"16:02",16,2,"Wednesday","Slight",1,"Slight","Cyclist","Driver or rider","Male",61,"Unclassified","Roundabout",30,"Unclassified","Not a Pedestrian","Not a Pedestrian",434360,428231,"E01011633",2,"Mini-roundabout","Daylight","Fine no high winds","Dry","Cyclist"
"4908","2015132BQ0098",2015-11-26,2015,"Nov",26,"02:20",2,20,"Thursday","Slight",1,"Slight","Taxi/Private hire car occupant","Passenger","Male",23,"Unclassified","Single carriageway",30,NA,"Not a Pedestrian","Not a Pedestrian",430536,433702,"E01033010",2,"Not at junction or within 20 metres","Darkness - lights lit","Fine no high winds","Wet or damp","Car occupant"
"4909","2015132BQ0250",2015-11-26,2015,"Nov",26,"08:38",8,38,"Thursday","Slight",5,"Slight","Bus or coach occupant (17 or more pass seats)","Passenger","Female",20,"B","Roundabout",40,"A","Not a Pedestrian","Not a Pedestrian",428502,433030,"E01011363",3,"T or staggered junction","Daylight","Fine no high winds","Dry","Bus and goods vehicle occupant"
"4910","2015132BQ0250",2015-11-26,2015,"Nov",26,"08:38",8,38,"Thursday","Slight",5,"Slight","Bus or coach occupant (17 or more pass seats)","Passenger","Male",16,"B","Roundabout",40,"A","Not a Pedestrian","Not a Pedestrian",428502,433030,"E01011363",3,"T or staggered junction","Daylight","Fine no high winds","Dry","Bus and goods vehicle occupant"
"4911","2015132BQ0250",2015-11-26,2015,"Nov",26,"08:38",8,38,"Thursday","Slight",5,"Slight","Bus or coach occupant (17 or more pass seats)","Passenger","Female",21,"B","Roundabout",40,"A","Not a Pedestrian","Not a Pedestrian",428502,433030,"E01011363",3,"T or staggered junction","Daylight","Fine no high winds","Dry","Bus and goods vehicle occupant"
"4912","2015132BQ0250",2015-11-26,2015,"Nov",26,"08:38",8,38,"Thursday","Slight",5,"Slight","Car occupant","Driver or rider","Female",20,"B","Roundabout",40,"A","Not a Pedestrian","Not a Pedestrian",428502,433030,"E01011363",3,"T or staggered junction","Daylight","Fine no high winds","Dry","Car occupant"
"4913","2015132BQ0250",2015-11-26,2015,"Nov",26,"08:38",8,38,"Thursday","Slight",5,"Slight","Car occupant","Passenger","Female",39,"B","Roundabout",40,"A","Not a Pedestrian","Not a Pedestrian",428502,433030,"E01011363",3,"T or staggered junction","Daylight","Fine no high winds","Dry","Car occupant"
"4914","2015132BQ0268",2015-11-26,2015,"Nov",26,"08:49",8,49,"Thursday","Slight",1,"Slight","Car occupant","Driver or rider","Male",26,"A","Dual carriageway",40,NA,"Not a Pedestrian","Not a Pedestrian",424124,428117,"E01011523",3,"Not at junction or within 20 metres","Darkness - lights lit","Fine no high winds","Dry","Car occupant"
"4915","2015132BQ0270",2015-11-26,2015,"Nov",26,"09:00",9,0,"Thursday","Slight",1,"Slight","Car occupant","Driver or rider","Male",23,"Unclassified","Single carriageway",30,"Unclassified","Not a Pedestrian","Not a Pedestrian",428199,434922,"E01011449",2,"T or staggered junction","Daylight","Fine no high winds","Dry","Car occupant"
"4916","2015132BQ0325",2015-11-26,2015,"Nov",26,"09:23",9,23,"Thursday","Slight",2,"Slight","Bus or coach occupant (17 or more pass seats)","Passenger","Female",29,"Unclassified","Single carriageway",30,NA,"Not a Pedestrian","Not a Pedestrian",429762,439293,"E01011559",2,"Not at junction or within 20 metres","Daylight","Fine no high winds","Dry","Bus and goods vehicle occupant"
"4917","2015132BQ0325",2015-11-26,2015,"Nov",26,"09:23",9,23,"Thursday","Slight",2,"Slight","Bus or coach occupant (17 or more pass seats)","Passenger","Male",48,"Unclassified","Single carriageway",30,NA,"Not a Pedestrian","Not a Pedestrian",429762,439293,"E01011559",2,"Not at junction or within 20 metres","Daylight","Fine no high winds","Dry","Bus and goods vehicle occupant"
"4918","2015132BQ0998",2015-11-26,2015,"Nov",26,"16:00",16,0,"Thursday","Slight",1,"Slight","Pedestrian","Pedestrian","Female",19,"A","Single carriageway",30,NA,"Crossing elsewhere within 50m. of pedestrian crossing","Crossing from driver's nearside",429534,434846,"E01033006",1,"Not at junction or within 20 metres","Daylight","Fine no high winds","Dry","Pedestrian"
"4919","2015132BQ1051",2015-11-26,2015,"Nov",26,"16:23",16,23,"Thursday","Slight",1,"Slight","Cyclist","Driver or rider","Male",21,"Unclassified","Single carriageway",30,"Unclassified","Not a Pedestrian","Not a Pedestrian",429785,434112,"E01033010",3,"T or staggered junction","Darkness - lights lit","Fine no high winds","Wet or damp","Cyclist"
"4920","2015132BQ1071",2015-11-26,2015,"Nov",26,"16:33",16,33,"Thursday","Slight",1,"Slight","Motorcycle over 500cc rider or passenger","Driver or rider","Male",23,"A","Dual carriageway",40,"A","Not a Pedestrian","Not a Pedestrian",428156,426250,"E01011553",2,"Roundabout","Darkness - lights lit","Fine no high winds","Wet or damp","Motorcyclist and pillion"
"4921","2015132BQ1122",2015-11-26,2015,"Nov",26,"16:56",16,56,"Thursday","Slight",3,"Slight","Van / Goods vehicle (3.5 tonnes mgw or under) occupant","Driver or rider","Male",32,"Motorway","Dual carriageway",70,NA,"Not a Pedestrian","Not a Pedestrian",434993,425884,"E01011636",3,"Not at junction or within 20 metres","Darkness - lights lit","Fine no high winds","Wet or damp","Bus and goods vehicle occupant"
"4922","2015132BQ1122",2015-11-26,2015,"Nov",26,"16:56",16,56,"Thursday","Slight",3,"Slight","Car occupant","Driver or rider","Male",45,"Motorway","Dual carriageway",70,NA,"Not a Pedestrian","Not a Pedestrian",434993,425884,"E01011636",3,"Not at junction or within 20 metres","Darkness - lights lit","Fine no high winds","Wet or damp","Car occupant"
"4923","2015132BQ1122",2015-11-26,2015,"Nov",26,"16:56",16,56,"Thursday","Slight",3,"Slight","Car occupant","Driver or rider","Male",56,"Motorway","Dual carriageway",70,NA,"Not a Pedestrian","Not a Pedestrian",434993,425884,"E01011636",3,"Not at junction or within 20 metres","Darkness - lights lit","Fine no high winds","Wet or damp","Car occupant"
"4924","2015132BQ1184",2015-11-26,2015,"Nov",26,"17:30",17,30,"Thursday","Slight",1,"Slight","Van / Goods vehicle (3.5 tonnes mgw or under) occupant","Driver or rider","Male",49,"A","Single carriageway",30,NA,"Not a Pedestrian","Not a Pedestrian",427587,431974,"E01011362",2,"Not at junction or within 20 metres","Darkness - lights lit","Fine no high winds","Wet or damp","Bus and goods vehicle occupant"
"4925","2015132BQ1207",2015-11-26,2015,"Nov",26,"17:39",17,39,"Thursday","Slight",1,"Slight","Car occupant","Driver or rider","Male",20,"A","Dual carriageway",40,NA,"Not a Pedestrian","Not a Pedestrian",428553,432144,"E01011366",2,"Not at junction or within 20 metres","Darkness - lights lit","Fine no high winds","Wet or damp","Car occupant"
"4926","2015132BR0193",2015-11-27,2015,"Nov",27,"06:00",6,0,"Friday","Slight",2,"Slight","Car occupant","Driver or rider","Male",25,"A","Single carriageway",30,"Unclassified","Not a Pedestrian","Not a Pedestrian",428923,429885,"E01011320",3,"Crossroads","Daylight","Fine no high winds","Wet or damp","Car occupant"
"4927","2015132BR0193",2015-11-27,2015,"Nov",27,"06:00",6,0,"Friday","Slight",2,"Slight","Taxi/Private hire car occupant","Driver or rider","Male",37,"A","Single carriageway",30,"Unclassified","Not a Pedestrian","Not a Pedestrian",428923,429885,"E01011320",3,"Crossroads","Daylight","Fine no high winds","Wet or damp","Car occupant"
"4928","2015132BR0219",2015-11-27,2015,"Nov",27,"07:01",7,1,"Friday","Slight",1,"Slight","Cyclist","Driver or rider","Male",25,"A","Single carriageway",30,"Unclassified","Not a Pedestrian","Not a Pedestrian",430508,432879,"E01033018",2,"T or staggered junction","Darkness - lights lit","Fine no high winds","Dry","Cyclist"
"4929","2015132BR0258",2015-11-27,2015,"Nov",27,"07:59",7,59,"Friday","Slight",1,"Slight","Taxi/Private hire car occupant","Passenger","Female",61,"Unclassified","Single carriageway",30,NA,"Not a Pedestrian","Not a Pedestrian",434207,433658,"E01011622",1,"Not at junction or within 20 metres","Daylight","Fine no high winds","Wet or damp","Car occupant"
"4930","2015132BR0342",2015-11-27,2015,"Nov",27,"08:30",8,30,"Friday","Serious",1,"Serious","Pedestrian","Pedestrian","Male",29,"A","Dual carriageway",40,NA,"In carriageway, crossing elsewhere","Crossing from driver's nearside",430359,434442,"E01033002",1,"Not at junction or within 20 metres","Daylight","Fine no high winds","Wet or damp","Pedestrian"
"4931","2015132BR0360",2015-11-27,2015,"Nov",27,"09:15",9,15,"Friday","Slight",1,"Slight","Car occupant","Driver or rider","Female",19,"Unclassified","Single carriageway",30,"Unclassified","Not a Pedestrian","Not a Pedestrian",424867,435482,"E01011332",2,"Private drive or entrance","Daylight","Fine no high winds","Wet or damp","Car occupant"
"4932","2015132BR0722",2015-11-27,2015,"Nov",27,"13:00",13,0,"Friday","Slight",1,"Slight","Car occupant","Driver or rider","Male",69,"Unclassified","Single carriageway",60,NA,"Not a Pedestrian","Not a Pedestrian",444575,427872,"E01011299",1,"Not at junction or within 20 metres","Daylight","Fine no high winds","Dry","Car occupant"
"4933","2015132BR0953",2015-11-27,2015,"Nov",27,"14:55",14,55,"Friday","Slight",1,"Slight","Car occupant","Driver or rider","Male",52,"Motorway","Dual carriageway",50,NA,"Not a Pedestrian","Not a Pedestrian",431798,425391,"E01011551",2,"Not at junction or within 20 metres","Daylight","Fine no high winds","Dry","Car occupant"
"4934","2015132BR0965",2015-11-27,2015,"Nov",27,"15:05",15,5,"Friday","Slight",1,"Slight","Car occupant","Driver or rider","Female",63,"A","Roundabout",40,"A","Not a Pedestrian","Not a Pedestrian",427932,426305,"E01011550",2,"Roundabout","Daylight","Fine no high winds","Wet or damp","Car occupant"
"4935","20151331F0582",2015-11-27,2015,"Nov",27,"16:00",16,0,"Friday","Slight",1,"Slight","Pedestrian","Pedestrian","Female",76,"Unclassified","Single carriageway",30,"Unclassified","In carriageway, crossing elsewhere","Unknown or other",430278,434811,"E01011671",1,"T or staggered junction","Darkness - lights lit","Fine no high winds","Dry","Pedestrian"
"4936","2015132BR1717",2015-11-27,2015,"Nov",27,"22:22",22,22,"Friday","Slight",2,"Slight","Car occupant","Driver or rider","Female",22,"Unclassified","Single carriageway",30,"Unclassified","Not a Pedestrian","Not a Pedestrian",429928,432977,"E01033016",2,"T or staggered junction","Darkness - lights lit","Raining no high winds","Wet or damp","Car occupant"
"4937","2015132BR1717",2015-11-27,2015,"Nov",27,"22:22",22,22,"Friday","Slight",2,"Slight","Car occupant","Driver or rider","Female",20,"Unclassified","Single carriageway",30,"Unclassified","Not a Pedestrian","Not a Pedestrian",429928,432977,"E01033016",2,"T or staggered junction","Darkness - lights lit","Raining no high winds","Wet or damp","Car occupant"
"4938","2015132BR1877",2015-11-27,2015,"Nov",27,"23:55",23,55,"Friday","Serious",1,"Serious","Taxi/Private hire car occupant","Passenger","Male",22,"A","Single carriageway",30,NA,"Not a Pedestrian","Not a Pedestrian",429435,433841,"E01033008",1,"Not at junction or within 20 metres","Darkness - lights lit","Fine no high winds","Wet or damp","Car occupant"
"4939","2015132BS0653",2015-11-28,2015,"Nov",28,"11:20",11,20,"Saturday","Slight",1,"Slight","Car occupant","Passenger","Female",71,"B","Single carriageway",30,"Unclassified","Not a Pedestrian","Not a Pedestrian",430201,438774,"E01011510",2,"T or staggered junction","Daylight","Fine no high winds","Dry","Car occupant"
"4940","2015132BS1043",2015-11-28,2015,"Nov",28,"13:40",13,40,"Saturday","Slight",2,"Slight","Car occupant","Driver or rider","Female",25,"A","Single carriageway",30,"Unclassified","Not a Pedestrian","Not a Pedestrian",431506,435135,"E01011429",2,"T or staggered junction","Daylight","Fine no high winds","Wet or damp","Car occupant"
"4941","2015132BS1043",2015-11-28,2015,"Nov",28,"13:40",13,40,"Saturday","Slight",2,"Slight","Car occupant","Passenger","Female",51,"A","Single carriageway",30,"Unclassified","Not a Pedestrian","Not a Pedestrian",431506,435135,"E01011429",2,"T or staggered junction","Daylight","Fine no high winds","Wet or damp","Car occupant"
"4942","2015132BS0858",2015-11-28,2015,"Nov",28,"13:45",13,45,"Saturday","Serious",1,"Serious","Motorcycle 125cc and under rider or passenger","Driver or rider","Male",26,"Unclassified","Single carriageway",40,NA,"Not a Pedestrian","Not a Pedestrian",422646,440085,"E01032503",1,"Not at junction or within 20 metres","Daylight","Raining no high winds","Wet or damp","Motorcyclist and pillion"
"4943","2015132BS0976",2015-11-28,2015,"Nov",28,"15:09",15,9,"Saturday","Slight",1,"Slight","Car occupant","Driver or rider","Male",20,"Unclassified","Single carriageway",30,"Unclassified","Not a Pedestrian","Not a Pedestrian",428510,434481,"E01011681",5,"T or staggered junction","Daylight","Fine no high winds","Dry","Car occupant"
"4944","2015132BS0979",2015-11-28,2015,"Nov",28,"15:10",15,10,"Saturday","Slight",4,"Slight","Car occupant","Driver or rider","Male",49,"A","Single carriageway",40,NA,"Not a Pedestrian","Not a Pedestrian",436167,427561,"E01011635",4,"Not at junction or within 20 metres","Daylight","Raining no high winds","Wet or damp","Car occupant"
"4945","2015132BS0979",2015-11-28,2015,"Nov",28,"15:10",15,10,"Saturday","Slight",4,"Slight","Car occupant","Driver or rider","Female",25,"A","Single carriageway",40,NA,"Not a Pedestrian","Not a Pedestrian",436167,427561,"E01011635",4,"Not at junction or within 20 metres","Daylight","Raining no high winds","Wet or damp","Car occupant"
"4946","2015132BS0979",2015-11-28,2015,"Nov",28,"15:10",15,10,"Saturday","Slight",4,"Slight","Car occupant","Passenger","Female",3,"A","Single carriageway",40,NA,"Not a Pedestrian","Not a Pedestrian",436167,427561,"E01011635",4,"Not at junction or within 20 metres","Daylight","Raining no high winds","Wet or damp","Car occupant"
"4947","2015132BS0979",2015-11-28,2015,"Nov",28,"15:10",15,10,"Saturday","Slight",4,"Slight","Car occupant","Passenger","Female",30,"A","Single carriageway",40,NA,"Not a Pedestrian","Not a Pedestrian",436167,427561,"E01011635",4,"Not at junction or within 20 metres","Daylight","Raining no high winds","Wet or damp","Car occupant"
"4948","2015132BS1064",2015-11-28,2015,"Nov",28,"16:30",16,30,"Saturday","Slight",1,"Slight","Car occupant","Driver or rider","Female",23,"A","Dual carriageway",50,NA,"Not a Pedestrian","Not a Pedestrian",423852,434291,"E01011334",1,"Not at junction or within 20 metres","Darkness - lights lit","Raining + high winds","Wet or damp","Car occupant"
"4949","2015132BS1124",2015-11-28,2015,"Nov",28,"16:50",16,50,"Saturday","Slight",1,"Slight","Car occupant","Driver or rider","Male",30,"B","Single carriageway",30,"Unclassified","Not a Pedestrian","Not a Pedestrian",428128,432798,"E01011363",2,"T or staggered junction","Darkness - lights lit","Raining + high winds","Wet or damp","Car occupant"
"4950","2015132BS1390",2015-11-28,2015,"Nov",28,"19:15",19,15,"Saturday","Slight",1,"Slight","Pedestrian","Pedestrian","Female",15,"Unclassified","Single carriageway",30,"Unclassified","In carriageway, crossing elsewhere","Crossing from driver's offside",429915,433662,"E01033010",1,"Other junction","Darkness - lights lit","Raining no high winds","Dry","Pedestrian"
"4951","2015132BT0323",2015-11-29,2015,"Nov",29,"04:15",4,15,"Sunday","Slight",1,"Slight","Taxi/Private hire car occupant","Passenger","Female",25,"Unclassified","Single carriageway",30,NA,"Not a Pedestrian","Not a Pedestrian",430273,433087,"E01033016",2,"Not at junction or within 20 metres","Darkness - lights lit","Raining + high winds","Wet or damp","Car occupant"
"4952","2015132BT0625",2015-11-29,2015,"Nov",29,"11:25",11,25,"Sunday","Slight",1,"Slight","Car occupant","Driver or rider","Female",50,"Unclassified","Single carriageway",30,"Unclassified","Not a Pedestrian","Not a Pedestrian",428480,437171,"E01011689",2,"Crossroads","Daylight","Raining + high winds","Wet or damp","Car occupant"
"4953","2015132BT0731",2015-11-29,2015,"Nov",29,"12:43",12,43,"Sunday","Slight",2,"Slight","Van / Goods vehicle (3.5 tonnes mgw or under) occupant","Driver or rider","Male",35,"Unclassified","Single carriageway",20,NA,"Not a Pedestrian","Not a Pedestrian",431592,430746,"E01011470",2,"Not at junction or within 20 metres","Daylight","Raining + high winds","Wet or damp","Bus and goods vehicle occupant"