"","accident_index","date","year","month","day","time","time_hour","time_minute","day_of_week","accident_severity","number_of_casualties","casualty_severity","casualty_type","casualty_class","sex_of_casualty","age_of_casualty","first_road_class","road_type","speed_limit","second_road_class","pedestrian_location","pedestrian_movement","location_easting_osgr","location_northing_osgr","lsoa_of_accident_location","number_of_vehicles","junction_detail","light_conditions","weather_conditions","road_surface_conditions","cas_type"
"4954","2015132BT0731",2015-11-29,2015,"Nov",29,"12:43",12,43,"Sunday","Slight",2,"Slight","Car occupant","Driver or rider","Male",32,"Unclassified","Single carriageway",20,NA,"Not a Pedestrian","Not a Pedestrian",431592,430746,"E01011470",2,"Not at junction or within 20 metres","Daylight","Raining + high winds","Wet or damp","Car occupant"
"4955","2015132BT0848",2015-11-29,2015,"Nov",29,"13:35",13,35,"Sunday","Slight",3,"Slight","Car occupant","Driver or rider","Female",35,"A","Single carriageway",30,"Unclassified","Not a Pedestrian","Not a Pedestrian",430300,425100,"E01011537",2,"T or staggered junction","Daylight","Raining no high winds","Wet or damp","Car occupant"
"4956","2015132BT0848",2015-11-29,2015,"Nov",29,"13:35",13,35,"Sunday","Slight",3,"Slight","Car occupant","Passenger","Female",34,"A","Single carriageway",30,"Unclassified","Not a Pedestrian","Not a Pedestrian",430300,425100,"E01011537",2,"T or staggered junction","Daylight","Raining no high winds","Wet or damp","Car occupant"
"4957","2015132BT0848",2015-11-29,2015,"Nov",29,"13:35",13,35,"Sunday","Slight",3,"Slight","Car occupant","Driver or rider","Female",60,"A","Single carriageway",30,"Unclassified","Not a Pedestrian","Not a Pedestrian",430300,425100,"E01011537",2,"T or staggered junction","Daylight","Raining no high winds","Wet or damp","Car occupant"
"4958","2015132BT0933",2015-11-29,2015,"Nov",29,"14:08",14,8,"Sunday","Slight",1,"Slight","Car occupant","Passenger","Female",10,"Unclassified","Single carriageway",30,"A","Not a Pedestrian","Not a Pedestrian",426312,435588,"E01011488",2,"Crossroads","Daylight","Raining + high winds","Wet or damp","Car occupant"
"4959","2015132BU0184",2015-11-30,2015,"Nov",30,"06:55",6,55,"Monday","Slight",1,"Slight","Motorcycle over 500cc rider or passenger","Driver or rider","Male",33,"Unclassified","Single carriageway",30,"Unclassified","Not a Pedestrian","Not a Pedestrian",428098,434518,"E01011481",2,"Crossroads","Darkness - lights lit","Raining + high winds","Wet or damp","Motorcyclist and pillion"
"4960","2015132BU0201",2015-11-30,2015,"Nov",30,"07:20",7,20,"Monday","Serious",1,"Serious","Motorcycle 125cc and under rider or passenger","Driver or rider","Male",43,"A","Single carriageway",40,"Unclassified","Not a Pedestrian","Not a Pedestrian",432521,427552,"E01032496",2,"Crossroads","Darkness - lights lit","Raining no high winds","Wet or damp","Motorcyclist and pillion"
"4961","2015132BU0217",2015-11-30,2015,"Nov",30,"07:50",7,50,"Monday","Slight",1,"Slight","Pedestrian","Pedestrian","Female",14,"B","Single carriageway",30,"Unclassified","Crossing on pedestrian crossing facility","Crossing from driver's nearside",427907,432906,"E01011294",1,"Other junction","Daylight","Fine no high winds","Wet or damp","Pedestrian"
"4962","2015132BU0358",2015-11-30,2015,"Nov",30,"09:05",9,5,"Monday","Slight",1,"Slight","Cyclist","Driver or rider","Male",15,"Unclassified","Single carriageway",30,"Unclassified","Not a Pedestrian","Not a Pedestrian",430990,431745,"E01011467",2,"T or staggered junction","Daylight","Raining no high winds","Wet or damp","Cyclist"
"4963","2015132BU0477",2015-11-30,2015,"Nov",30,"11:15",11,15,"Monday","Slight",1,"Slight","Car occupant","Driver or rider","Female",66,"Motorway","Dual carriageway",70,NA,"Not a Pedestrian","Not a Pedestrian",425804,429069,"E01011522",1,"Not at junction or within 20 metres","Daylight","Raining no high winds","Wet or damp","Car occupant"
"4964","2015132BU0482",2015-11-30,2015,"Nov",30,"11:19",11,19,"Monday","Slight",1,"Slight","Pedestrian","Pedestrian","Female",19,"A","Single carriageway",30,NA,"In carriageway, crossing elsewhere","Unknown or other",428880,435527,"E01011443",1,"Not at junction or within 20 metres","Daylight","Raining no high winds","Wet or damp","Pedestrian"
"4965","2015132BU1305",2015-11-30,2015,"Nov",30,"13:05",13,5,"Monday","Slight",1,"Slight","Car occupant","Driver or rider","Male",31,"Motorway","Dual carriageway",70,NA,"Not a Pedestrian","Not a Pedestrian",427995,426432,"E01011550",2,"Not at junction or within 20 metres","Daylight","Raining no high winds","Wet or damp","Car occupant"
"4966","2015132BU1099",2015-11-30,2015,"Nov",30,"16:10",16,10,"Monday","Slight",1,"Slight","Bus or coach occupant (17 or more pass seats)","Passenger","Male",1,"Unclassified","Single carriageway",30,NA,"Not a Pedestrian","Not a Pedestrian",441009,433139,"E01011403",1,"Not at junction or within 20 metres","Darkness - lights lit","Raining no high winds","Wet or damp","Bus and goods vehicle occupant"
"4967","2015132BU1105",2015-11-30,2015,"Nov",30,"17:19",17,19,"Monday","Slight",1,"Slight","Car occupant","Driver or rider","Male",22,"Unclassified","Single carriageway",30,"Unclassified","Not a Pedestrian","Not a Pedestrian",424066,434687,"E01011334",2,"Crossroads","Darkness - lights lit","Fine no high winds","Dry","Car occupant"
"4968","2015132BU1340",2015-11-30,2015,"Nov",30,"19:49",19,49,"Monday","Slight",2,"Slight","Taxi/Private hire car occupant","Driver or rider","Male",42,"Unclassified","Single carriageway",30,"Unclassified","Not a Pedestrian","Not a Pedestrian",429392,435491,"E01011668",2,"T or staggered junction","Darkness - lights lit","Fine no high winds","Wet or damp","Car occupant"
"4969","2015132BU1340",2015-11-30,2015,"Nov",30,"19:49",19,49,"Monday","Slight",2,"Slight","Taxi/Private hire car occupant","Passenger","Male",20,"Unclassified","Single carriageway",30,"Unclassified","Not a Pedestrian","Not a Pedestrian",429392,435491,"E01011668",2,"T or staggered junction","Darkness - lights lit","Fine no high winds","Wet or damp","Car occupant"
"4970","2015132C10189",2015-12-01,2015,"Dec",1,"06:55",6,55,"Tuesday","Slight",1,"Slight","Pedestrian","Pedestrian","Female",25,"Unclassified","Unknown",30,NA,"In centre of carriageway - not on refuge, island or central reservation","In carriageway, stationary - not crossing  (standing or playing)",429832,432950,"E01033016",1,"Not at junction or within 20 metres","Darkness - lights lit","Fine no high winds","Wet or damp","Pedestrian"
"4971","2015132C10186",2015-12-01,2015,"Dec",1,"07:15",7,15,"Tuesday","Slight",1,"Slight","Car occupant","Driver or rider","Male",17,"A","Roundabout",30,"B","Not a Pedestrian","Not a Pedestrian",428584,427781,"E01011538",2,"Roundabout","Darkness - lights lit","Raining + high winds","Wet or damp","Car occupant"
"4972","2015132C10469",2015-12-01,2015,"Dec",1,"11:30",11,30,"Tuesday","Serious",2,"Serious","Car occupant","Driver or rider","Male",26,"A","Single carriageway",30,"Unclassified","Not a Pedestrian","Not a Pedestrian",436277,441298,"E01011311",3,"T or staggered junction","Daylight","Fine + high winds","Wet or damp","Car occupant"
"4973","2015132C10469",2015-12-01,2015,"Dec",1,"11:30",11,30,"Tuesday","Serious",2,"Slight","Car occupant","Driver or rider","Female",81,"A","Single carriageway",30,"Unclassified","Not a Pedestrian","Not a Pedestrian",436277,441298,"E01011311",3,"T or staggered junction","Daylight","Fine + high winds","Wet or damp","Car occupant"
"4974","2015132C10681",2015-12-01,2015,"Dec",1,"13:32",13,32,"Tuesday","Serious",1,"Serious","Car occupant","Driver or rider","Female",38,"A","Single carriageway",50,NA,"Not a Pedestrian","Not a Pedestrian",422175,436702,"E01011589",2,"Not at junction or within 20 metres","Daylight","Fine no high winds","Wet or damp","Car occupant"
"4975","2015132C10746",2015-12-01,2015,"Dec",1,"14:00",14,0,"Tuesday","Slight",2,"Slight","Van / Goods vehicle (3.5 tonnes mgw or under) occupant","Driver or rider","Male",24,"Motorway","Roundabout",50,"A","Not a Pedestrian","Not a Pedestrian",431887,430498,"E01011470",2,"Roundabout","Daylight","Fine no high winds","Wet or damp","Bus and goods vehicle occupant"
"4976","2015132C10746",2015-12-01,2015,"Dec",1,"14:00",14,0,"Tuesday","Slight",2,"Slight","Car occupant","Driver or rider","Male",43,"Motorway","Roundabout",50,"A","Not a Pedestrian","Not a Pedestrian",431887,430498,"E01011470",2,"Roundabout","Daylight","Fine no high winds","Wet or damp","Car occupant"
"4977","2015132C11522",2015-12-01,2015,"Dec",1,"15:12",15,12,"Tuesday","Slight",1,"Slight","Car occupant","Driver or rider","Female",32,"B","Single carriageway",30,"A","Not a Pedestrian","Not a Pedestrian",433519,429830,"E01011639",2,"Roundabout","Daylight","Fine no high winds","Dry","Car occupant"
"4978","2015132C11317",2015-12-01,2015,"Dec",1,"16:40",16,40,"Tuesday","Slight",3,"Slight","Bus or coach occupant (17 or more pass seats)","Passenger","Female",16,"A","Dual carriageway",30,NA,"Not a Pedestrian","Not a Pedestrian",428296,434108,"E01011363",2,"Not at junction or within 20 metres","Darkness - lights lit","Fine no high winds","Dry","Bus and goods vehicle occupant"
"4979","2015132C11317",2015-12-01,2015,"Dec",1,"16:40",16,40,"Tuesday","Slight",3,"Slight","Bus or coach occupant (17 or more pass seats)","Passenger","Male",25,"A","Dual carriageway",30,NA,"Not a Pedestrian","Not a Pedestrian",428296,434108,"E01011363",2,"Not at junction or within 20 metres","Darkness - lights lit","Fine no high winds","Dry","Bus and goods vehicle occupant"
"4980","2015132C11317",2015-12-01,2015,"Dec",1,"16:40",16,40,"Tuesday","Slight",3,"Slight","Bus or coach occupant (17 or more pass seats)","Passenger","Female",22,"A","Dual carriageway",30,NA,"Not a Pedestrian","Not a Pedestrian",428296,434108,"E01011363",2,"Not at junction or within 20 metres","Darkness - lights lit","Fine no high winds","Dry","Bus and goods vehicle occupant"
"4981","2015132C11484",2015-12-01,2015,"Dec",1,"20:20",20,20,"Tuesday","Slight",1,"Slight","Car occupant","Driver or rider","Female",22,"A","Single carriageway",30,"Unclassified","Not a Pedestrian","Not a Pedestrian",429389,434944,"E01033005",4,"T or staggered junction","Darkness - lights lit","Fine no high winds","Wet or damp","Car occupant"
"4982","2015132C20084",2015-12-02,2015,"Dec",2,"01:30",1,30,"Wednesday","Slight",1,"Slight","Taxi/Private hire car occupant","Driver or rider","Male",23,"Unclassified","Single carriageway",20,"Unclassified","Not a Pedestrian","Not a Pedestrian",431887,435580,"E01011428",2,"T or staggered junction","Darkness - lights lit","Fine no high winds","Dry","Car occupant"
"4983","2015132C20227",2015-12-02,2015,"Dec",2,"07:10",7,10,"Wednesday","Slight",1,"Slight","Cyclist","Driver or rider","Male",26,"Unclassified","Dual carriageway",40,"A","Not a Pedestrian","Not a Pedestrian",430129,437791,"E01011515",2,"T or staggered junction","Daylight","Fine no high winds","Dry","Cyclist"
"4984","2015132C21000",2015-12-02,2015,"Dec",2,"15:30",15,30,"Wednesday","Slight",1,"Slight","Pedestrian","Pedestrian","Male",11,"Unclassified","Single carriageway",30,NA,"In carriageway, crossing elsewhere","Crossing from driver's nearside",443338,437122,"E01011297",1,"Not at junction or within 20 metres","Daylight","Fine no high winds","Dry","Pedestrian"
"4985","2015132C21914",2015-12-02,2015,"Dec",2,"23:31",23,31,"Wednesday","Serious",1,"Serious","Pedestrian","Pedestrian","Male",18,"A","Single carriageway",30,"Unclassified","Crossing elsewhere within 50m. of pedestrian crossing","Crossing from driver's nearside",430043,434169,"E01033010",1,"T or staggered junction","Darkness - lights lit","Fine no high winds","Dry","Pedestrian"
"4986","2015132C30765",2015-12-03,2015,"Dec",3,"07:35",7,35,"Thursday","Slight",1,"Slight","Car occupant","Driver or rider","Male",23,"A","One way street",40,NA,"Not a Pedestrian","Not a Pedestrian",427804,436351,"E01011440",2,"Not at junction or within 20 metres","Daylight","Fine no high winds","Dry","Car occupant"
"4987","2015132C30219",2015-12-03,2015,"Dec",3,"07:50",7,50,"Thursday","Slight",1,"Slight","Motorcycle over 125cc and up to 500cc rider or  passenger","Driver or rider","Male",57,"Unclassified","One way street",30,NA,"Not a Pedestrian","Not a Pedestrian",430638,433341,"E01033011",2,"Not at junction or within 20 metres","Daylight","Raining no high winds","Wet or damp","Motorcyclist and pillion"
"4988","2015132C30590",2015-12-03,2015,"Dec",3,"11:15",11,15,"Thursday","Slight",1,"Slight","Bus or coach occupant (17 or more pass seats)","Passenger","Female",87,"A","Dual carriageway",40,NA,"Not a Pedestrian","Not a Pedestrian",426856,437568,"E01011685",1,"Not at junction or within 20 metres","Daylight","Fine no high winds","Wet or damp","Bus and goods vehicle occupant"
"4989","2015132C31250",2015-12-03,2015,"Dec",3,"18:11",18,11,"Thursday","Slight",1,"Slight","Car occupant","Driver or rider","Female",25,"Motorway","Dual carriageway",50,NA,"Not a Pedestrian","Not a Pedestrian",431983,428389,"E01011502",2,"Not at junction or within 20 metres","Darkness - lights lit","Raining no high winds","Wet or damp","Car occupant"
"4990","2015132C31320",2015-12-03,2015,"Dec",3,"18:46",18,46,"Thursday","Slight",2,"Slight","Car occupant","Driver or rider","Male",23,"Unclassified","Single carriageway",30,NA,"Not a Pedestrian","Not a Pedestrian",426489,433249,"E01032607",2,"Not at junction or within 20 metres","Darkness - lights lit","Raining + high winds","Wet or damp","Car occupant"
"4991","2015132C31320",2015-12-03,2015,"Dec",3,"18:46",18,46,"Thursday","Slight",2,"Slight","Car occupant","Driver or rider","Male",30,"Unclassified","Single carriageway",30,NA,"Not a Pedestrian","Not a Pedestrian",426489,433249,"E01032607",2,"Not at junction or within 20 metres","Darkness - lights lit","Raining + high winds","Wet or damp","Car occupant"
"4992","2015132C31335",2015-12-03,2015,"Dec",3,"18:54",18,54,"Thursday","Slight",3,"Slight","Car occupant","Driver or rider","Male",48,"Motorway","Dual carriageway",70,NA,"Not a Pedestrian","Not a Pedestrian",426888,426039,"E01011550",4,"Not at junction or within 20 metres","Darkness - lights lit","Raining no high winds","Wet or damp","Car occupant"
"4993","2015132C31335",2015-12-03,2015,"Dec",3,"18:54",18,54,"Thursday","Slight",3,"Slight","Car occupant","Driver or rider","Male",29,"Motorway","Dual carriageway",70,NA,"Not a Pedestrian","Not a Pedestrian",426888,426039,"E01011550",4,"Not at junction or within 20 metres","Darkness - lights lit","Raining no high winds","Wet or damp","Car occupant"
"4994","2015132C31335",2015-12-03,2015,"Dec",3,"18:54",18,54,"Thursday","Slight",3,"Slight","Car occupant","Passenger","Female",26,"Motorway","Dual carriageway",70,NA,"Not a Pedestrian","Not a Pedestrian",426888,426039,"E01011550",4,"Not at junction or within 20 metres","Darkness - lights lit","Raining no high winds","Wet or damp","Car occupant"
"4995","2015132C31377",2015-12-03,2015,"Dec",3,"19:00",19,0,"Thursday","Slight",1,"Slight","Car occupant","Driver or rider","Male",23,"A","Dual carriageway",70,NA,"Not a Pedestrian","Not a Pedestrian",421312,434068,"E01011585",3,"Not at junction or within 20 metres","Darkness - lights lit","Fine no high winds","Dry","Car occupant"
"4996","2015132C40221",2015-12-04,2015,"Dec",4,"07:30",7,30,"Friday","Slight",3,"Slight","Car occupant","Passenger","Female",75,"A","Dual carriageway",30,"A","Not a Pedestrian","Not a Pedestrian",430982,433151,"E01033033",2,"T or staggered junction","Daylight","Fine no high winds","Dry","Car occupant"
"4997","2015132C40221",2015-12-04,2015,"Dec",4,"07:30",7,30,"Friday","Slight",3,"Slight","Car occupant","Driver or rider","Male",75,"A","Dual carriageway",30,"A","Not a Pedestrian","Not a Pedestrian",430982,433151,"E01033033",2,"T or staggered junction","Daylight","Fine no high winds","Dry","Car occupant"
"4998","2015132C40221",2015-12-04,2015,"Dec",4,"07:30",7,30,"Friday","Slight",3,"Slight","Car occupant","Driver or rider","Male",55,"A","Dual carriageway",30,"A","Not a Pedestrian","Not a Pedestrian",430982,433151,"E01033033",2,"T or staggered junction","Daylight","Fine no high winds","Dry","Car occupant"
"4999","2015132C40377",2015-12-04,2015,"Dec",4,"09:40",9,40,"Friday","Slight",1,"Slight","Pedestrian","Pedestrian","Female",59,"Unclassified","Single carriageway",30,NA,"Unknown or other","Unknown or other",434382,433423,"E01011616",1,"Not at junction or within 20 metres","Daylight","Fine no high winds","Dry","Pedestrian"
"5000","2015132C40998",2015-12-04,2015,"Dec",4,"15:50",15,50,"Friday","Slight",1,"Slight","Pedestrian","Pedestrian","Female",14,"B","Single carriageway",30,NA,"In carriageway, crossing elsewhere","Crossing from driver's offside",431953,435849,"E01011422",1,"Not at junction or within 20 metres","Daylight","Fine no high winds","Dry","Pedestrian"
"5001","2015132CA0787",2015-12-04,2015,"Dec",4,"17:40",17,40,"Friday","Slight",1,"Slight","Car occupant","Driver or rider","Female",27,"Unclassified","Single carriageway",30,NA,"Not a Pedestrian","Not a Pedestrian",430407,433467,"E01033011",2,"Not at junction or within 20 metres","Darkness - lights lit","Raining no high winds","Wet or damp","Car occupant"
"5002","2015132C41132",2015-12-04,2015,"Dec",4,"18:51",18,51,"Friday","Slight",1,"Slight","Pedestrian","Pedestrian","Male",62,"Unclassified","Single carriageway",30,"Unclassified","In carriageway, not crossing","In carriageway, stationary - not crossing  (standing or playing)",428777,430890,"E01011370",1,"T or staggered junction","Darkness - lights lit","Fine + high winds","Dry","Pedestrian"
"5003","2015132C41528",2015-12-04,2015,"Dec",4,"20:57",20,57,"Friday","Slight",1,"Slight","Cyclist","Driver or rider","Male",23,"A","Single carriageway",30,"Unclassified","Not a Pedestrian","Not a Pedestrian",429972,434197,"E01033010",2,"T or staggered junction","Darkness - lights lit","Fine + high winds","Dry","Cyclist"
"5004","2015132C41715",2015-12-04,2015,"Dec",4,"22:57",22,57,"Friday","Serious",2,"Serious","Motorcycle 125cc and under rider or passenger","Passenger","Male",20,"Unclassified","Single carriageway",30,"Unclassified","Not a Pedestrian","Not a Pedestrian",435874,436060,"E01011661",2,"Crossroads","Darkness - lights lit","Fine + high winds","Dry","Motorcyclist and pillion"
"5005","2015132C41715",2015-12-04,2015,"Dec",4,"22:57",22,57,"Friday","Serious",2,"Serious","Motorcycle 125cc and under rider or passenger","Driver or rider","Male",19,"Unclassified","Single carriageway",30,"Unclassified","Not a Pedestrian","Not a Pedestrian",435874,436060,"E01011661",2,"Crossroads","Darkness - lights lit","Fine + high winds","Dry","Motorcyclist and pillion"
"5006","2015132C50683",2015-12-05,2015,"Dec",5,"11:50",11,50,"Saturday","Slight",3,"Slight","Car occupant","Driver or rider","Female",30,"A","Single carriageway",40,"Unclassified","Not a Pedestrian","Not a Pedestrian",425228,437874,"E01011464",2,"Other junction","Daylight","Fine + high winds","Wet or damp","Car occupant"
"5007","2015132C50683",2015-12-05,2015,"Dec",5,"11:50",11,50,"Saturday","Slight",3,"Slight","Car occupant","Driver or rider","Female",30,"A","Single carriageway",40,"Unclassified","Not a Pedestrian","Not a Pedestrian",425228,437874,"E01011464",2,"Other junction","Daylight","Fine + high winds","Wet or damp","Car occupant"
"5008","2015132C50683",2015-12-05,2015,"Dec",5,"11:50",11,50,"Saturday","Slight",3,"Slight","Car occupant","Passenger","Female",40,"A","Single carriageway",40,"Unclassified","Not a Pedestrian","Not a Pedestrian",425228,437874,"E01011464",2,"Other junction","Daylight","Fine + high winds","Wet or damp","Car occupant"
"5009","2015132C50690",2015-12-05,2015,"Dec",5,"12:00",12,0,"Saturday","Slight",2,"Slight","Car occupant","Driver or rider","Male",22,"Unclassified","Single carriageway",30,"Unclassified","Not a Pedestrian","Not a Pedestrian",428094,434857,"E01011447",2,"T or staggered junction","Daylight","Fine no high winds","Wet or damp","Car occupant"
"5010","2015132C50690",2015-12-05,2015,"Dec",5,"12:00",12,0,"Saturday","Slight",2,"Slight","Car occupant","Driver or rider","Male",26,"Unclassified","Single carriageway",30,"Unclassified","Not a Pedestrian","Not a Pedestrian",428094,434857,"E01011447",2,"T or staggered junction","Daylight","Fine no high winds","Wet or damp","Car occupant"
"5011","2015132C40837",2015-12-05,2015,"Dec",5,"14:30",14,30,"Saturday","Slight",2,"Slight","Car occupant","Driver or rider","Female",30,"A","Single carriageway",30,"Unclassified","Not a Pedestrian","Not a Pedestrian",432028,430984,"E01011468",2,"T or staggered junction","Daylight","Fine no high winds","Dry","Car occupant"
"5012","2015132C40837",2015-12-05,2015,"Dec",5,"14:30",14,30,"Saturday","Slight",2,"Slight","Car occupant","Passenger","Female",1,"A","Single carriageway",30,"Unclassified","Not a Pedestrian","Not a Pedestrian",432028,430984,"E01011468",2,"T or staggered junction","Daylight","Fine no high winds","Dry","Car occupant"
"5013","2015132C51096",2015-12-05,2015,"Dec",5,"15:45",15,45,"Saturday","Slight",1,"Slight","Car occupant","Driver or rider","Male",25,"Unclassified","Single carriageway",30,"Unclassified","Not a Pedestrian","Not a Pedestrian",429294,435223,"E01033005",2,"T or staggered junction","Daylight","Fine no high winds","Wet or damp","Car occupant"
"5014","2015132C51261",2015-12-05,2015,"Dec",5,"17:47",17,47,"Saturday","Slight",2,"Slight","Car occupant","Driver or rider","Male",20,"A","Single carriageway",40,NA,"Not a Pedestrian","Not a Pedestrian",425469,429290,"E01011522",1,"Not at junction or within 20 metres","Darkness - lights lit","Fine + high winds","Wet or damp","Car occupant"
"5015","2015132C51261",2015-12-05,2015,"Dec",5,"17:47",17,47,"Saturday","Slight",2,"Slight","Car occupant","Passenger","Male",18,"A","Single carriageway",40,NA,"Not a Pedestrian","Not a Pedestrian",425469,429290,"E01011522",1,"Not at junction or within 20 metres","Darkness - lights lit","Fine + high winds","Wet or damp","Car occupant"
"5016","2015132C51300",2015-12-05,2015,"Dec",5,"18:15",18,15,"Saturday","Slight",1,"Slight","Cyclist","Driver or rider","Female",23,"A","Single carriageway",40,"Unclassified","Not a Pedestrian","Not a Pedestrian",428140,435853,"E01032946",2,"T or staggered junction","Darkness - lights lit","Fine + high winds","Dry","Cyclist"
"5017","2015132C60906",2015-12-06,2015,"Dec",6,"15:10",15,10,"Sunday","Slight",1,"Slight","Pedestrian","Pedestrian","Female",14,"Unclassified","Single carriageway",30,NA,"Crossing elsewhere within 50m. of pedestrian crossing","Crossing from driver's nearside",430536,433407,"E01033011",1,"Not at junction or within 20 metres","Daylight","Fine no high winds","Dry","Pedestrian"
"5018","2015132C61101",2015-12-06,2015,"Dec",6,"17:10",17,10,"Sunday","Slight",1,"Slight","Car occupant","Driver or rider","Female",27,"A","Single carriageway",50,NA,"Not a Pedestrian","Not a Pedestrian",432542,442817,"E01011561",1,"Not at junction or within 20 metres","Darkness - no lighting","Fine + high winds","Dry","Car occupant"
"5019","2015132C61285",2015-12-06,2015,"Dec",6,"19:15",19,15,"Sunday","Slight",1,"Slight","Car occupant","Driver or rider","Male",63,"A","Single carriageway",30,"Unclassified","Not a Pedestrian","Not a Pedestrian",420894,436914,"E01011589",2,"T or staggered junction","Darkness - lights lit","Fine no high winds","Dry","Car occupant"
"5020","2015132C70305",2015-12-07,2015,"Dec",7,"08:54",8,54,"Monday","Slight",1,"Slight","Car occupant","Passenger","Male",9,"Unclassified","Single carriageway",30,NA,"Not a Pedestrian","Not a Pedestrian",427511,435902,"E01032945",1,"Not at junction or within 20 metres","Daylight","Fine no high winds","Wet or damp","Car occupant"
"5021","2015132C71035",2015-12-07,2015,"Dec",7,"16:00",16,0,"Monday","Slight",1,"Slight","Car occupant","Passenger","Male",16,"Unclassified","Single carriageway",30,"Unclassified","Not a Pedestrian","Not a Pedestrian",425210,433524,"E01011725",2,"Private drive or entrance","Darkness - lighting unknown","Fine no high winds","Dry","Car occupant"
"5022","2015132C71294",2015-12-07,2015,"Dec",7,"18:14",18,14,"Monday","Slight",1,"Slight","Car occupant","Passenger","Female",90,"A","Single carriageway",50,"Unclassified","Not a Pedestrian","Not a Pedestrian",442308,439968,"E01011309",2,"Private drive or entrance","Darkness - no lighting","Fine no high winds","Wet or damp","Car occupant"
"5023","2015132C71319",2015-12-07,2015,"Dec",7,"18:20",18,20,"Monday","Slight",1,"Slight","Cyclist","Driver or rider","Female",27,"Unclassified","Single carriageway",30,"Unclassified","Not a Pedestrian","Not a Pedestrian",428400,434390,"E01011681",2,"T or staggered junction","Darkness - lights lit","Fine no high winds","Dry","Cyclist"
"5024","2015132C71717",2015-12-07,2015,"Dec",7,"21:40",21,40,"Monday","Slight",1,"Slight","Car occupant","Driver or rider","Male",46,"Motorway","Dual carriageway",70,"Motorway","Not a Pedestrian","Not a Pedestrian",428443,426406,"E01011553",3,"Slip road","Darkness - lights lit","Fine no high winds","Wet or damp","Car occupant"
"5025","2015132C71780",2015-12-07,2015,"Dec",7,"22:25",22,25,"Monday","Serious",3,"Serious","Car occupant","Passenger","Male",18,"Unclassified","Single carriageway",30,"Unclassified","Not a Pedestrian","Not a Pedestrian",431082,434211,"E01033031",2,"Crossroads","Darkness - lights lit","Fine no high winds","Wet or damp","Car occupant"
"5026","2015132C71780",2015-12-07,2015,"Dec",7,"22:25",22,25,"Monday","Serious",3,"Slight","Car occupant","Driver or rider","Male",18,"Unclassified","Single carriageway",30,"Unclassified","Not a Pedestrian","Not a Pedestrian",431082,434211,"E01033031",2,"Crossroads","Darkness - lights lit","Fine no high winds","Wet or damp","Car occupant"
"5027","2015132C71780",2015-12-07,2015,"Dec",7,"22:25",22,25,"Monday","Serious",3,"Slight","Car occupant","Passenger","Female",18,"Unclassified","Single carriageway",30,"Unclassified","Not a Pedestrian","Not a Pedestrian",431082,434211,"E01033031",2,"Crossroads","Darkness - lights lit","Fine no high winds","Wet or damp","Car occupant"
"5028","2015132C80140",2015-12-08,2015,"Dec",8,"04:25",4,25,"Tuesday","Slight",1,"Slight","Car occupant","Driver or rider","Male",36,"B","Single carriageway",40,"Unclassified","Not a Pedestrian","Not a Pedestrian",427525,433024,"E01011292",2,"T or staggered junction","Darkness - lights lit","Raining no high winds","Wet or damp","Car occupant"
"5029","2015132C80224",2015-12-08,2015,"Dec",8,"07:40",7,40,"Tuesday","Slight",1,"Slight","Pedestrian","Pedestrian","Male",13,"A","Single carriageway",30,NA,"Crossing on pedestrian crossing facility","Crossing from offside - masked by  parked or stationary vehicle",419992,440922,"E01011275",1,"Not at junction or within 20 metres","Darkness - lights lit","Unknown","Dry","Pedestrian"
"5030","2015132C80693",2015-12-08,2015,"Dec",8,"13:30",13,30,"Tuesday","Slight",1,"Slight","Bus or coach occupant (17 or more pass seats)","Passenger","Female",64,"Unclassified","Single carriageway",30,"Unclassified","Not a Pedestrian","Not a Pedestrian",429764,435449,"E01011670",1,"T or staggered junction","Daylight","Fine no high winds","Dry","Bus and goods vehicle occupant"
"5031","2015132C80757",2015-12-08,2015,"Dec",8,"14:07",14,7,"Tuesday","Slight",1,"Slight","Cyclist","Driver or rider","Male",28,"Unclassified","Single carriageway",30,"Unclassified","Not a Pedestrian","Not a Pedestrian",436947,434716,"E01011409",2,"Private drive or entrance","Daylight","Fine no high winds","Wet or damp","Cyclist"
"5032","2015132C80917",2015-12-08,2015,"Dec",8,"15:30",15,30,"Tuesday","Slight",1,"Slight","Pedestrian","Pedestrian","Male",37,"A","Dual carriageway",40,"Unclassified","Crossing on pedestrian crossing facility","Crossing from driver's nearside",432679,435878,"E01011424",1,"T or staggered junction","Daylight","Fine no high winds","Dry","Pedestrian"
"5033","2015132C80921",2015-12-08,2015,"Dec",8,"15:35",15,35,"Tuesday","Slight",1,"Slight","Car occupant","Driver or rider","Female",35,"Unclassified","Single carriageway",30,NA,"Not a Pedestrian","Not a Pedestrian",420572,444910,"E01011569",2,"Not at junction or within 20 metres","Daylight","Fine no high winds","Wet or damp","Car occupant"
"5034","2015132C81064",2015-12-08,2015,"Dec",8,"16:50",16,50,"Tuesday","Slight",2,"Slight","Car occupant","Passenger","Male",2,"A","Dual carriageway",40,"A","Not a Pedestrian","Not a Pedestrian",427664,431151,"E01011369",2,"Roundabout","Darkness - lights lit","Raining no high winds","Wet or damp","Car occupant"