"","accident_index","date","year","month","day","time","time_hour","time_minute","day_of_week","accident_severity","number_of_casualties","casualty_severity","casualty_type","casualty_class","sex_of_casualty","age_of_casualty","first_road_class","road_type","speed_limit","second_road_class","pedestrian_location","pedestrian_movement","location_easting_osgr","location_northing_osgr","lsoa_of_accident_location","number_of_vehicles","junction_detail","light_conditions","weather_conditions","road_surface_conditions","cas_type"
"5035","2015132C81064",2015-12-08,2015,"Dec",8,"16:50",16,50,"Tuesday","Slight",2,"Slight","Car occupant","Driver or rider","Female",36,"A","Dual carriageway",40,"A","Not a Pedestrian","Not a Pedestrian",427664,431151,"E01011369",2,"Roundabout","Darkness - lights lit","Raining no high winds","Wet or damp","Car occupant"
"5036","2015132C81114",2015-12-08,2015,"Dec",8,"17:19",17,19,"Tuesday","Slight",1,"Slight","Car occupant","Passenger","Female",11,"Motorway","Dual carriageway",70,NA,"Not a Pedestrian","Not a Pedestrian",435433,425914,"E01011636",4,"Not at junction or within 20 metres","Darkness - lights lit","Fine no high winds","Wet or damp","Car occupant"
"5037","2015132C90959",2015-12-09,2015,"Dec",9,"07:30",7,30,"Wednesday","Slight",1,"Slight","Minibus (8 - 16 passenger seats) occupant","Driver or rider","Male",23,"A","Dual carriageway",30,"Unclassified","Not a Pedestrian","Not a Pedestrian",428907,433719,"E01011678",2,"T or staggered junction","Daylight","Fine no high winds","Dry","Bus and goods vehicle occupant"
"5038","2015132C90884",2015-12-09,2015,"Dec",9,"15:25",15,25,"Wednesday","Serious",1,"Serious","Pedestrian","Pedestrian","Male",14,"Unclassified","Single carriageway",20,NA,"In carriageway, crossing elsewhere","Crossing from driver's nearside",436093,436589,"E01011720",1,"Not at junction or within 20 metres","Daylight","Fine + high winds","Dry","Pedestrian"
"5039","2015132CA0494",2015-12-09,2015,"Dec",9,"16:15",16,15,"Wednesday","Serious",2,"Slight","Car occupant","Driver or rider","Male",36,"Unclassified","Single carriageway",30,"A","Not a Pedestrian","Not a Pedestrian",423851,434261,"E01011608",2,"Mini-roundabout","Daylight","Fine no high winds","Dry","Car occupant"
"5040","2015132CA0494",2015-12-09,2015,"Dec",9,"16:15",16,15,"Wednesday","Serious",2,"Serious","Car occupant","Driver or rider","Female",26,"Unclassified","Single carriageway",30,"A","Not a Pedestrian","Not a Pedestrian",423851,434261,"E01011608",2,"Mini-roundabout","Daylight","Fine no high winds","Dry","Car occupant"
"5041","2015132C91008",2015-12-09,2015,"Dec",9,"16:36",16,36,"Wednesday","Slight",1,"Slight","Car occupant","Driver or rider","Male",42,"Unclassified","Single carriageway",30,"Unclassified","Not a Pedestrian","Not a Pedestrian",432429,433586,"E01011618",2,"Crossroads","Darkness - lights lit","Fine no high winds","Wet or damp","Car occupant"
"5042","2015132CB1705",2015-12-10,2015,"Dec",10,"00:50",0,50,"Thursday","Slight",1,"Slight","Car occupant","Passenger","Female",19,"Unclassified","Single carriageway",30,NA,"Not a Pedestrian","Not a Pedestrian",424744,434979,"E01011282",1,"Not at junction or within 20 metres","Darkness - lighting unknown","Fine no high winds","Dry","Car occupant"
"5043","2015132CA0204",2015-12-10,2015,"Dec",10,"06:58",6,58,"Thursday","Slight",1,"Slight","Cyclist","Driver or rider","Male",18,"Unclassified","Slip road",30,"Unclassified","Not a Pedestrian","Not a Pedestrian",428746,432716,"E01033013",2,"Roundabout","Darkness - lights lit","Raining + high winds","Wet or damp","Cyclist"
"5044","2015132CA0225",2015-12-10,2015,"Dec",10,"07:14",7,14,"Thursday","Serious",1,"Serious","Cyclist","Driver or rider","Female",22,"Unclassified","Single carriageway",30,"Unclassified","Not a Pedestrian","Not a Pedestrian",425543,439941,"E01011377",2,"T or staggered junction","Darkness - lighting unknown","Raining + high winds","Wet or damp","Cyclist"
"5045","2015132CA0671",2015-12-10,2015,"Dec",10,"12:40",12,40,"Thursday","Slight",1,"Slight","Car occupant","Driver or rider","Female",21,"A","Dual carriageway",40,"Unclassified","Not a Pedestrian","Not a Pedestrian",428598,432796,"E01011363",2,"Slip road","Daylight","Fine no high winds","Dry","Car occupant"
"5046","2015132CA0814",2015-12-10,2015,"Dec",10,"14:16",14,16,"Thursday","Slight",1,"Slight","Bus or coach occupant (17 or more pass seats)","Passenger","Female",88,"A","Single carriageway",30,NA,"Not a Pedestrian","Not a Pedestrian",430032,434105,"E01033010",1,"Not at junction or within 20 metres","Daylight","Fine no high winds","Dry","Bus and goods vehicle occupant"
"5047","2015132CA0861",2015-12-10,2015,"Dec",10,"14:35",14,35,"Thursday","Slight",2,"Slight","Car occupant","Driver or rider","Male",35,"Unclassified","Dual carriageway",40,"Unclassified","Not a Pedestrian","Not a Pedestrian",436015,434796,"E01011345",3,"T or staggered junction","Daylight","Fine no high winds","Wet or damp","Car occupant"
"5048","2015132CA0861",2015-12-10,2015,"Dec",10,"14:35",14,35,"Thursday","Slight",2,"Slight","Car occupant","Passenger","Male",36,"Unclassified","Dual carriageway",40,"Unclassified","Not a Pedestrian","Not a Pedestrian",436015,434796,"E01011345",3,"T or staggered junction","Daylight","Fine no high winds","Wet or damp","Car occupant"
"5049","2015132CA0926",2015-12-10,2015,"Dec",10,"15:21",15,21,"Thursday","Slight",1,"Slight","Car occupant","Driver or rider","Female",60,"A","Dual carriageway",40,"Unclassified","Not a Pedestrian","Not a Pedestrian",433002,436054,"E01011648",4,"T or staggered junction","Daylight","Fine no high winds","Dry","Car occupant"
"5050","2015132CA1397",2015-12-10,2015,"Dec",10,"19:55",19,55,"Thursday","Serious",1,"Serious","Pedestrian","Pedestrian","Male",51,"Unclassified","Single carriageway",30,"Unclassified","In carriageway, not crossing","Walking along in carriageway, back to traffic",430041,434037,"E01033010",1,"Other junction","Darkness - lights lit","Other","Wet or damp","Pedestrian"
"5051","2015132CA1703",2015-12-10,2015,"Dec",10,"23:47",23,47,"Thursday","Slight",4,"Slight","Car occupant","Driver or rider","Male",69,"A","Dual carriageway",40,"A","Not a Pedestrian","Not a Pedestrian",430775,434664,"E01011671",3,"T or staggered junction","Darkness - lights lit","Fine no high winds","Wet or damp","Car occupant"
"5052","2015132CA1703",2015-12-10,2015,"Dec",10,"23:47",23,47,"Thursday","Slight",4,"Slight","Car occupant","Passenger","Male",67,"A","Dual carriageway",40,"A","Not a Pedestrian","Not a Pedestrian",430775,434664,"E01011671",3,"T or staggered junction","Darkness - lights lit","Fine no high winds","Wet or damp","Car occupant"
"5053","2015132CA1703",2015-12-10,2015,"Dec",10,"23:47",23,47,"Thursday","Slight",4,"Slight","Car occupant","Passenger","Male",29,"A","Dual carriageway",40,"A","Not a Pedestrian","Not a Pedestrian",430775,434664,"E01011671",3,"T or staggered junction","Darkness - lights lit","Fine no high winds","Wet or damp","Car occupant"
"5054","2015132CA1703",2015-12-10,2015,"Dec",10,"23:47",23,47,"Thursday","Slight",4,"Slight","Car occupant","Passenger","Male",79,"A","Dual carriageway",40,"A","Not a Pedestrian","Not a Pedestrian",430775,434664,"E01011671",3,"T or staggered junction","Darkness - lights lit","Fine no high winds","Wet or damp","Car occupant"
"5055","2015132CB0222",2015-12-11,2015,"Dec",11,"07:42",7,42,"Friday","Slight",2,"Slight","Car occupant","Driver or rider","Male",19,"Unclassified","Single carriageway",30,"Unclassified","Not a Pedestrian","Not a Pedestrian",429189,431919,"E01011368",2,"T or staggered junction","Daylight","Fine no high winds","Dry","Car occupant"
"5056","2015132CB0222",2015-12-11,2015,"Dec",11,"07:42",7,42,"Friday","Slight",2,"Slight","Car occupant","Passenger","Male",19,"Unclassified","Single carriageway",30,"Unclassified","Not a Pedestrian","Not a Pedestrian",429189,431919,"E01011368",2,"T or staggered junction","Daylight","Fine no high winds","Dry","Car occupant"
"5057","2015132CB0493",2015-12-11,2015,"Dec",11,"10:00",10,0,"Friday","Slight",1,"Slight","Bus or coach occupant (17 or more pass seats)","Passenger","Male",83,"Unclassified","Single carriageway",30,NA,"Not a Pedestrian","Not a Pedestrian",421485,434460,"E01011587",1,"Not at junction or within 20 metres","Daylight","Fine no high winds","Dry","Bus and goods vehicle occupant"
"5058","2015132CB0443",2015-12-11,2015,"Dec",11,"10:45",10,45,"Friday","Serious",1,"Serious","Pedestrian","Pedestrian","Male",60,"A","Dual carriageway",30,"Unclassified","Crossing on pedestrian crossing facility","Crossing from driver's nearside",431002,433143,"E01033034",1,"T or staggered junction","Daylight","Fine no high winds","Dry","Pedestrian"
"5059","2015132CB0688",2015-12-11,2015,"Dec",11,"13:19",13,19,"Friday","Slight",1,"Slight","Car occupant","Driver or rider","Female",25,"A","Single carriageway",40,NA,"Not a Pedestrian","Not a Pedestrian",432542,443036,"E01011561",2,"Not at junction or within 20 metres","Daylight","Fine no high winds","Wet or damp","Car occupant"
"5060","2015132CB1167",2015-12-11,2015,"Dec",11,"13:50",13,50,"Friday","Slight",1,"Slight","Bus or coach occupant (17 or more pass seats)","Passenger","Female",35,"Unclassified","Single carriageway",30,NA,"Not a Pedestrian","Not a Pedestrian",426596,436242,"E01011489",1,"Not at junction or within 20 metres","Daylight","Fine no high winds","Dry","Bus and goods vehicle occupant"
"5061","2015132CB1207",2015-12-11,2015,"Dec",11,"18:36",18,36,"Friday","Slight",1,"Slight","Pedestrian","Pedestrian","Female",19,"A","Dual carriageway",40,"Unclassified","Crossing in zig-zag approach lines","Crossing from driver's nearside",425005,433180,"E01011727",1,"Mini-roundabout","Darkness - lights lit","Raining no high winds","Wet or damp","Pedestrian"
"5062","2015132CB1494",2015-12-11,2015,"Dec",11,"21:45",21,45,"Friday","Slight",1,"Slight","Car occupant","Driver or rider","Female",37,"Unclassified","One way street",30,"Unclassified","Not a Pedestrian","Not a Pedestrian",428023,434262,"E01011483",2,"Private drive or entrance","Darkness - lights lit","Fine no high winds","Dry","Car occupant"
"5063","2015132CC0066",2015-12-12,2015,"Dec",12,"00:39",0,39,"Saturday","Slight",1,"Slight","Car occupant","Driver or rider","Female",26,"Unclassified","Dual carriageway",30,"Unclassified","Not a Pedestrian","Not a Pedestrian",429432,433462,"E01033015",3,"T or staggered junction","Darkness - lights lit","Fine no high winds","Dry","Car occupant"
"5064","2015132CC0588",2015-12-12,2015,"Dec",12,"11:20",11,20,"Saturday","Slight",2,"Slight","Taxi/Private hire car occupant","Passenger","Male",16,"B","Single carriageway",30,"Unclassified","Not a Pedestrian","Not a Pedestrian",426145,435591,"E01011477",2,"T or staggered junction","Daylight","Raining no high winds","Wet or damp","Car occupant"
"5065","2015132CC0588",2015-12-12,2015,"Dec",12,"11:20",11,20,"Saturday","Slight",2,"Slight","Taxi/Private hire car occupant","Passenger","Male",21,"B","Single carriageway",30,"Unclassified","Not a Pedestrian","Not a Pedestrian",426145,435591,"E01011477",2,"T or staggered junction","Daylight","Raining no high winds","Wet or damp","Car occupant"
"5066","2015132CC0687",2015-12-12,2015,"Dec",12,"12:30",12,30,"Saturday","Slight",1,"Slight","Cyclist","Driver or rider","Male",17,"Unclassified","Single carriageway",30,NA,"Not a Pedestrian","Not a Pedestrian",431803,433161,"E01033021",2,"Not at junction or within 20 metres","Daylight","Fine no high winds","Wet or damp","Cyclist"
"5067","2015132CC0878",2015-12-12,2015,"Dec",12,"14:45",14,45,"Saturday","Slight",3,"Slight","Car occupant","Driver or rider","Female",39,"A","Single carriageway",30,NA,"Not a Pedestrian","Not a Pedestrian",428749,426005,"E01011552",2,"Not at junction or within 20 metres","Daylight","Raining + high winds","Wet or damp","Car occupant"
"5068","2015132CC0878",2015-12-12,2015,"Dec",12,"14:45",14,45,"Saturday","Slight",3,"Slight","Car occupant","Passenger","Male",16,"A","Single carriageway",30,NA,"Not a Pedestrian","Not a Pedestrian",428749,426005,"E01011552",2,"Not at junction or within 20 metres","Daylight","Raining + high winds","Wet or damp","Car occupant"
"5069","2015132CC0878",2015-12-12,2015,"Dec",12,"14:45",14,45,"Saturday","Slight",3,"Slight","Car occupant","Driver or rider","Male",40,"A","Single carriageway",30,NA,"Not a Pedestrian","Not a Pedestrian",428749,426005,"E01011552",2,"Not at junction or within 20 metres","Daylight","Raining + high winds","Wet or damp","Car occupant"
"5070","2015132CC1312",2015-12-12,2015,"Dec",12,"18:55",18,55,"Saturday","Slight",1,"Slight","Car occupant","Driver or rider","Male",18,"Unclassified","Single carriageway",40,NA,"Not a Pedestrian","Not a Pedestrian",442158,443130,"E01011712",1,"Not at junction or within 20 metres","Daylight","Raining + high winds","Wet or damp","Car occupant"
"5071","2015132CD0019",2015-12-13,2015,"Dec",13,"00:05",0,5,"Sunday","Slight",1,"Slight","Car occupant","Driver or rider","Male",32,"Unclassified","Unknown",20,NA,"Not a Pedestrian","Not a Pedestrian",431307,428718,"E01011466",2,"Not at junction or within 20 metres","Darkness - lighting unknown","Fine no high winds","Dry","Car occupant"
"5072","2015132CD0162",2015-12-13,2015,"Dec",13,"01:39",1,39,"Sunday","Slight",1,"Slight","Pedestrian","Pedestrian","Female",49,"Unclassified","Single carriageway",30,"Unclassified","In carriageway, crossing elsewhere","Crossing from driver's offside",429788,433696,"E01033008",1,"T or staggered junction","Darkness - lights lit","Fine no high winds","Wet or damp","Pedestrian"
"5073","2015132CD1209",2015-12-13,2015,"Dec",13,"18:47",18,47,"Sunday","Slight",2,"Slight","Car occupant","Driver or rider","Male",58,"A","Single carriageway",60,"Unclassified","Not a Pedestrian","Not a Pedestrian",438952,431558,"E01011402",2,"T or staggered junction","Darkness - no lighting","Fog or mist","Wet or damp","Car occupant"
"5074","2015132CD1209",2015-12-13,2015,"Dec",13,"18:47",18,47,"Sunday","Slight",2,"Slight","Motorcycle 125cc and under rider or passenger","Driver or rider","Male",24,"A","Single carriageway",60,"Unclassified","Not a Pedestrian","Not a Pedestrian",438952,431558,"E01011402",2,"T or staggered junction","Darkness - no lighting","Fog or mist","Wet or damp","Motorcyclist and pillion"
"5075","2015132CD1381",2015-12-13,2015,"Dec",13,"21:25",21,25,"Sunday","Slight",1,"Slight","Pedestrian","Pedestrian","Male",18,"Unclassified","Single carriageway",30,NA,"In carriageway, crossing elsewhere","Unknown or other",420239,445372,"E01011569",1,"Not at junction or within 20 metres","Darkness - lights lit","Fine no high winds","Wet or damp","Pedestrian"
"5076","2015132CE0274",2015-12-14,2015,"Dec",14,"08:51",8,51,"Monday","Slight",2,"Slight","Car occupant","Passenger","Male",8,"Unclassified","Single carriageway",30,"Unclassified","Not a Pedestrian","Not a Pedestrian",429087,431248,"E01011370",2,"T or staggered junction","Daylight","Fine no high winds","Wet or damp","Car occupant"
"5077","2015132CE0274",2015-12-14,2015,"Dec",14,"08:51",8,51,"Monday","Slight",2,"Slight","Car occupant","Driver or rider","Female",36,"Unclassified","Single carriageway",30,"Unclassified","Not a Pedestrian","Not a Pedestrian",429087,431248,"E01011370",2,"T or staggered junction","Daylight","Fine no high winds","Wet or damp","Car occupant"
"5078","2015132CE1022",2015-12-14,2015,"Dec",14,"16:15",16,15,"Monday","Slight",1,"Slight","Car occupant","Driver or rider","Female",20,"A","Dual carriageway",40,NA,"Not a Pedestrian","Not a Pedestrian",427757,430772,"E01011318",3,"Not at junction or within 20 metres","Daylight","Fine + high winds","Dry","Car occupant"
"5079","2015132CE1231",2015-12-14,2015,"Dec",14,"18:05",18,5,"Monday","Slight",1,"Slight","Car occupant","Driver or rider","Female",37,"Unclassified","Single carriageway",30,"Unclassified","Not a Pedestrian","Not a Pedestrian",429028,431994,"E01011368",3,"Crossroads","Darkness - lights lit","Fine no high winds","Wet or damp","Car occupant"
"5080","2015132CE1364",2015-12-14,2015,"Dec",14,"19:10",19,10,"Monday","Slight",1,"Slight","Cyclist","Driver or rider","Male",50,"Unclassified","Single carriageway",30,"Unclassified","Not a Pedestrian","Not a Pedestrian",420203,445376,"E01011569",2,"T or staggered junction","Darkness - lights lit","Fine no high winds","Dry","Cyclist"
"5081","2015132CF0862",2015-12-14,2015,"Dec",14,"20:25",20,25,"Monday","Slight",1,"Slight","Car occupant","Driver or rider","Male",39,"B","Single carriageway",30,"Unclassified","Not a Pedestrian","Not a Pedestrian",432099,435537,"E01011430",2,"T or staggered junction","Darkness - lighting unknown","Fine no high winds","Dry","Car occupant"
"5082","2015132CF0356",2015-12-15,2015,"Dec",15,"09:50",9,50,"Tuesday","Serious",1,"Serious","Cyclist","Driver or rider","Male",24,"Unclassified","Dual carriageway",30,NA,"Not a Pedestrian","Not a Pedestrian",429627,433789,"E01033008",2,"Not at junction or within 20 metres","Daylight","Raining no high winds","Wet or damp","Cyclist"
"5083","2015132CF0612",2015-12-15,2015,"Dec",15,"12:45",12,45,"Tuesday","Slight",1,"Slight","Taxi/Private hire car occupant","Driver or rider","Male",29,"Unclassified","Single carriageway",30,NA,"Not a Pedestrian","Not a Pedestrian",431046,435189,"E01011361",2,"Not at junction or within 20 metres","Daylight","Fine no high winds","Dry","Car occupant"
"5084","2015132CG0387",2015-12-15,2015,"Dec",15,"13:00",13,0,"Tuesday","Slight",1,"Slight","Car occupant","Driver or rider","Male",62,"A","Single carriageway",30,"Unclassified","Not a Pedestrian","Not a Pedestrian",427322,437205,"E01011690",2,"T or staggered junction","Daylight","Fine no high winds","Wet or damp","Car occupant"
"5085","2015132CF0912",2015-12-15,2015,"Dec",15,"15:28",15,28,"Tuesday","Slight",3,"Slight","Car occupant","Driver or rider","Male",25,"Unclassified","Single carriageway",30,NA,"Not a Pedestrian","Not a Pedestrian",432509,434338,"E01011347",2,"Not at junction or within 20 metres","Daylight","Fog or mist","Wet or damp","Car occupant"
"5086","2015132CF0912",2015-12-15,2015,"Dec",15,"15:28",15,28,"Tuesday","Slight",3,"Slight","Car occupant","Passenger","Male",62,"Unclassified","Single carriageway",30,NA,"Not a Pedestrian","Not a Pedestrian",432509,434338,"E01011347",2,"Not at junction or within 20 metres","Daylight","Fog or mist","Wet or damp","Car occupant"
"5087","2015132CF0912",2015-12-15,2015,"Dec",15,"15:28",15,28,"Tuesday","Slight",3,"Slight","Car occupant","Passenger","Female",21,"Unclassified","Single carriageway",30,NA,"Not a Pedestrian","Not a Pedestrian",432509,434338,"E01011347",2,"Not at junction or within 20 metres","Daylight","Fog or mist","Wet or damp","Car occupant"
"5088","2015132CF0993",2015-12-15,2015,"Dec",15,"16:16",16,16,"Tuesday","Slight",1,"Slight","Cyclist","Driver or rider","Male",34,"A","Single carriageway",30,"Unclassified","Not a Pedestrian","Not a Pedestrian",431078,431992,"E01011467",2,"T or staggered junction","Darkness - lights lit","Fog or mist","Wet or damp","Cyclist"
"5089","2015132CF1137",2015-12-15,2015,"Dec",15,"17:36",17,36,"Tuesday","Slight",1,"Slight","Car occupant","Driver or rider","Male",59,"A","Single carriageway",30,NA,"Not a Pedestrian","Not a Pedestrian",438405,430332,"E01011390",3,"Not at junction or within 20 metres","Darkness - lights lit","Fine no high winds","Wet or damp","Car occupant"
"5090","2015132CF1571",2015-12-15,2015,"Dec",15,"21:57",21,57,"Tuesday","Slight",1,"Slight","Pedestrian","Pedestrian","Female",47,"Unclassified","Single carriageway",30,NA,"Unknown or other","Unknown or other",426150,437489,"E01011484",2,"Not at junction or within 20 metres","Darkness - lights lit","Fine no high winds","Wet or damp","Pedestrian"
"5091","2015132CG0376",2015-12-16,2015,"Dec",16,"09:45",9,45,"Wednesday","Slight",2,"Slight","Car occupant","Driver or rider","Female",26,"Unclassified","Single carriageway",30,"B","Not a Pedestrian","Not a Pedestrian",428836,436574,"E01011691",2,"Crossroads","Daylight","Fine no high winds","Wet or damp","Car occupant"
"5092","2015132CG0376",2015-12-16,2015,"Dec",16,"09:45",9,45,"Wednesday","Slight",2,"Slight","Car occupant","Driver or rider","Male",49,"Unclassified","Single carriageway",30,"B","Not a Pedestrian","Not a Pedestrian",428836,436574,"E01011691",2,"Crossroads","Daylight","Fine no high winds","Wet or damp","Car occupant"
"5093","2015132CG0477",2015-12-16,2015,"Dec",16,"11:00",11,0,"Wednesday","Slight",1,"Slight","Car occupant","Driver or rider","Male",48,"Motorway","Slip road",50,"A","Not a Pedestrian","Not a Pedestrian",431855,430429,"E01011469",1,"Roundabout","Daylight","Raining no high winds","Wet or damp","Car occupant"
"5094","2015132CG0587",2015-12-16,2015,"Dec",16,"12:10",12,10,"Wednesday","Slight",1,"Slight","Car occupant","Passenger","Male",54,"A","Dual carriageway",40,NA,"Not a Pedestrian","Not a Pedestrian",433008,433993,"E01011348",2,"Not at junction or within 20 metres","Daylight","Fine no high winds","Dry","Car occupant"
"5095","2015132CH0471",2015-12-16,2015,"Dec",16,"14:10",14,10,"Wednesday","Serious",1,"Serious","Bus or coach occupant (17 or more pass seats)","Passenger","Female",81,"A","Single carriageway",30,NA,"Not a Pedestrian","Not a Pedestrian",430820,438604,"E01011512",1,"Not at junction or within 20 metres","Daylight","Fine no high winds","Dry","Bus and goods vehicle occupant"
"5096","2015132CH0481",2015-12-17,2015,"Dec",17,"10:20",10,20,"Thursday","Serious",3,"Slight","Car occupant","Driver or rider","Male",43,"A","Single carriageway",30,NA,"Not a Pedestrian","Not a Pedestrian",430953,435057,"E01011361",2,"Not at junction or within 20 metres","Daylight","Fine no high winds","Dry","Car occupant"
"5097","2015132CH0481",2015-12-17,2015,"Dec",17,"10:20",10,20,"Thursday","Serious",3,"Slight","Taxi/Private hire car occupant","Driver or rider","Male",66,"A","Single carriageway",30,NA,"Not a Pedestrian","Not a Pedestrian",430953,435057,"E01011361",2,"Not at junction or within 20 metres","Daylight","Fine no high winds","Dry","Car occupant"
"5098","2015132CH0481",2015-12-17,2015,"Dec",17,"10:20",10,20,"Thursday","Serious",3,"Serious","Taxi/Private hire car occupant","Passenger","Female",21,"A","Single carriageway",30,NA,"Not a Pedestrian","Not a Pedestrian",430953,435057,"E01011361",2,"Not at junction or within 20 metres","Daylight","Fine no high winds","Dry","Car occupant"
"5099","2015132CH1122",2015-12-17,2015,"Dec",17,"16:40",16,40,"Thursday","Slight",1,"Slight","Car occupant","Driver or rider","Female",51,"Motorway","Dual carriageway",70,NA,"Not a Pedestrian","Not a Pedestrian",431952,428444,"E01011502",2,"Not at junction or within 20 metres","Darkness - lights lit","Fine no high winds","Dry","Car occupant"
"5100","2015132CH1219",2015-12-17,2015,"Dec",17,"17:20",17,20,"Thursday","Slight",1,"Slight","Car occupant","Driver or rider","Female",31,"Unclassified","Single carriageway",30,NA,"Not a Pedestrian","Not a Pedestrian",436721,429138,"E01011637",2,"Not at junction or within 20 metres","Darkness - lights lit","Fine no high winds","Wet or damp","Car occupant"
"5101","2015132CI0293",2015-12-18,2015,"Dec",18,"08:31",8,31,"Friday","Slight",2,"Slight","Car occupant","Driver or rider","Female",47,"A","Single carriageway",30,"Unclassified","Not a Pedestrian","Not a Pedestrian",428939,429857,"E01011320",2,"Crossroads","Daylight","Fine + high winds","Dry","Car occupant"
"5102","2015132CI0293",2015-12-18,2015,"Dec",18,"08:31",8,31,"Friday","Slight",2,"Slight","Car occupant","Driver or rider","Female",30,"A","Single carriageway",30,"Unclassified","Not a Pedestrian","Not a Pedestrian",428939,429857,"E01011320",2,"Crossroads","Daylight","Fine + high winds","Dry","Car occupant"
"5103","2015132CI0385",2015-12-18,2015,"Dec",18,"09:50",9,50,"Friday","Serious",1,"Serious","Pedestrian","Pedestrian","Female",85,"Unclassified","Single carriageway",30,NA,"In carriageway, crossing elsewhere","Crossing from driver's nearside",436482,429188,"E01011638",1,"Not at junction or within 20 metres","Daylight","Fine no high winds","Dry","Pedestrian"
"5104","2015132CI0779",2015-12-18,2015,"Dec",18,"13:55",13,55,"Friday","Serious",1,"Serious","Cyclist","Driver or rider","Female",26,"A","Single carriageway",30,NA,"Not a Pedestrian","Not a Pedestrian",431379,435084,"E01011429",2,"Not at junction or within 20 metres","Daylight","Fine + high winds","Dry","Cyclist"
"5105","2015132CI1228",2015-12-18,2015,"Dec",18,"17:36",17,36,"Friday","Slight",1,"Slight","Car occupant","Passenger","Male",51,"Unclassified","Single carriageway",30,"Unclassified","Not a Pedestrian","Not a Pedestrian",429309,430711,"E01011316",2,"T or staggered junction","Darkness - lights lit","Fine no high winds","Wet or damp","Car occupant"
"5106","2015132CK0498",2015-12-19,2015,"Dec",19,"15:10",15,10,"Saturday","Slight",1,"Slight","Cyclist","Driver or rider","Male",52,"Unclassified","Single carriageway",30,NA,"Not a Pedestrian","Not a Pedestrian",429768,433292,"E01033016",2,"Not at junction or within 20 metres","Daylight","Fine no high winds","Dry","Cyclist"
"5107","2015132CJ1718",2015-12-19,2015,"Dec",19,"20:28",20,28,"Saturday","Slight",3,"Slight","Car occupant","Passenger","Male",47,"A","Single carriageway",60,NA,"Not a Pedestrian","Not a Pedestrian",420838,434753,"E01011595",2,"Not at junction or within 20 metres","Darkness - lights lit","Fine no high winds","Wet or damp","Car occupant"
"5108","2015132CJ1718",2015-12-19,2015,"Dec",19,"20:28",20,28,"Saturday","Slight",3,"Slight","Car occupant","Passenger","Male",64,"A","Single carriageway",60,NA,"Not a Pedestrian","Not a Pedestrian",420838,434753,"E01011595",2,"Not at junction or within 20 metres","Darkness - lights lit","Fine no high winds","Wet or damp","Car occupant"
"5109","2015132CJ1718",2015-12-19,2015,"Dec",19,"20:28",20,28,"Saturday","Slight",3,"Slight","Car occupant","Passenger","Male",67,"A","Single carriageway",60,NA,"Not a Pedestrian","Not a Pedestrian",420838,434753,"E01011595",2,"Not at junction or within 20 metres","Darkness - lights lit","Fine no high winds","Wet or damp","Car occupant"
"5110","2015132CK0136",2015-12-20,2015,"Dec",20,"01:07",1,7,"Sunday","Slight",1,"Slight","Motorcycle 125cc and under rider or passenger","Driver or rider","Male",22,"A","Single carriageway",30,"A","Not a Pedestrian","Not a Pedestrian",424237,428246,"E01011523",2,"Roundabout","Darkness - lights lit","Other","Wet or damp","Motorcyclist and pillion"
"5111","2015132CK0544",2015-12-20,2015,"Dec",20,"09:22",9,22,"Sunday","Slight",2,"Slight","Pedestrian","Pedestrian","Female",44,"Unclassified","Single carriageway",30,"Unclassified","In carriageway, crossing elsewhere","Crossing from driver's nearside",430031,433374,"E01033010",1,"T or staggered junction","Daylight","Fine no high winds","Dry","Pedestrian"
"5112","2015132CK0544",2015-12-20,2015,"Dec",20,"09:22",9,22,"Sunday","Slight",2,"Slight","Pedestrian","Pedestrian","Male",65,"Unclassified","Single carriageway",30,"Unclassified","In carriageway, crossing elsewhere","Crossing from driver's nearside",430031,433374,"E01033010",1,"T or staggered junction","Daylight","Fine no high winds","Dry","Pedestrian"
"5113","2015132CK0711",2015-12-20,2015,"Dec",20,"11:45",11,45,"Sunday","Serious",1,"Serious","Pedestrian","Pedestrian","Male",81,"Unclassified","Single carriageway",30,"Unclassified","In carriageway, crossing elsewhere","Crossing from driver's nearside",426156,427655,"E01011541",1,"T or staggered junction","Darkness - lights lit","Fine no high winds","Dry","Pedestrian"
"5114","2015132CK1147",2015-12-20,2015,"Dec",20,"16:20",16,20,"Sunday","Slight",1,"Slight","Car occupant","Passenger","Female",17,"A","Dual carriageway",40,"Unclassified","Not a Pedestrian","Not a Pedestrian",429564,430340,"E01011319",3,"T or staggered junction","Darkness - lights lit","Fine no high winds","Wet or damp","Car occupant"
"5115","2015132CK1600",2015-12-20,2015,"Dec",20,"21:00",21,0,"Sunday","Slight",1,"Slight","Car occupant","Passenger","Female",52,"Unclassified","Single carriageway",30,"Unclassified","Not a Pedestrian","Not a Pedestrian",432580,434904,"E01011433",3,"T or staggered junction","Darkness - lights lit","Fine no high winds","Dry","Car occupant"
"5116","2015132CL0035",2015-12-21,2015,"Dec",21,"00:36",0,36,"Monday","Slight",1,"Slight","Car occupant","Passenger","Female",13,"A(M)","Dual carriageway",70,NA,"Not a Pedestrian","Not a Pedestrian",443614,436435,"E01011297",1,"Not at junction or within 20 metres","Darkness - lights lit","Fine + high winds","Dry","Car occupant"