"","accident_index","date","year","month","day","time","time_hour","time_minute","day_of_week","accident_severity","number_of_casualties","casualty_severity","casualty_type","casualty_class","sex_of_casualty","age_of_casualty","first_road_class","road_type","speed_limit","second_road_class","pedestrian_location","pedestrian_movement","location_easting_osgr","location_northing_osgr","lsoa_of_accident_location","number_of_vehicles","junction_detail","light_conditions","weather_conditions","road_surface_conditions","cas_type"
"5117","2015132CL0447",2015-12-21,2015,"Dec",21,"11:10",11,10,"Monday","Slight",1,"Slight","Bus or coach occupant (17 or more pass seats)","Passenger","Female",80,"A","Dual carriageway",40,NA,"Not a Pedestrian","Not a Pedestrian",428500,428280,"E01011540",2,"Not at junction or within 20 metres","Daylight","Fine no high winds","Dry","Bus and goods vehicle occupant"
"5118","2015132CL0448",2015-12-21,2015,"Dec",21,"11:10",11,10,"Monday","Slight",1,"Slight","Pedestrian","Pedestrian","Female",14,"A","Single carriageway",40,NA,"Unknown or other","Crossing from driver's nearside",423517,437590,"E01011465",1,"Not at junction or within 20 metres","Daylight","Fine no high winds","Wet or damp","Pedestrian"
"5119","2015132CL0741",2015-12-21,2015,"Dec",21,"14:00",14,0,"Monday","Slight",1,"Slight","Car occupant","Driver or rider","Female",58,"A","Dual carriageway",30,NA,"Not a Pedestrian","Not a Pedestrian",428418,434025,"E01011681",4,"Not at junction or within 20 metres","Daylight","Fine no high winds","Wet or damp","Car occupant"
"5120","2015132CL0787",2015-12-21,2015,"Dec",21,"14:20",14,20,"Monday","Slight",1,"Slight","Car occupant","Driver or rider","Female",42,"Unclassified","Single carriageway",30,"Unclassified","Not a Pedestrian","Not a Pedestrian",433168,435237,"E01011339",2,"T or staggered junction","Daylight","Fine no high winds","Wet or damp","Car occupant"
"5121","2015132CL0875",2015-12-21,2015,"Dec",21,"15:14",15,14,"Monday","Slight",2,"Slight","Car occupant","Driver or rider","Female",44,"Unclassified","Single carriageway",30,"Unclassified","Not a Pedestrian","Not a Pedestrian",435490,426742,"E01011636",2,"T or staggered junction","Daylight","Fine no high winds","Wet or damp","Car occupant"
"5122","2015132CL0875",2015-12-21,2015,"Dec",21,"15:14",15,14,"Monday","Slight",2,"Slight","Car occupant","Driver or rider","Male",69,"Unclassified","Single carriageway",30,"Unclassified","Not a Pedestrian","Not a Pedestrian",435490,426742,"E01011636",2,"T or staggered junction","Daylight","Fine no high winds","Wet or damp","Car occupant"
"5123","2015132CL0977",2015-12-21,2015,"Dec",21,"16:15",16,15,"Monday","Slight",1,"Slight","Van / Goods vehicle (3.5 tonnes mgw or under) occupant","Driver or rider","Male",35,"Unclassified","Single carriageway",30,NA,"Not a Pedestrian","Not a Pedestrian",422342,433468,"E01011612",2,"Not at junction or within 20 metres","Darkness - lights lit","Fine no high winds","Dry","Bus and goods vehicle occupant"
"5124","20151331H1381",2015-12-21,2015,"Dec",21,"16:50",16,50,"Monday","Slight",1,"Slight","Cyclist","Driver or rider","Male",55,"Unclassified","Dual carriageway",40,"Unclassified","Not a Pedestrian","Not a Pedestrian",424719,434444,"E01011336",2,"T or staggered junction","Darkness - lights lit","Fine no high winds","Dry","Cyclist"
"5125","2015132CM0419",2015-12-22,2015,"Dec",22,"10:25",10,25,"Tuesday","Serious",1,"Serious","Pedestrian","Pedestrian","Male",9,"Unclassified","Single carriageway",30,"Unclassified","In carriageway, crossing elsewhere","Crossing from nearside - masked by parked or stationary vehicle",431882,435291,"E01011428",2,"T or staggered junction","Daylight","Fine no high winds","Dry","Pedestrian"
"5126","2015132CM0840",2015-12-22,2015,"Dec",22,"14:50",14,50,"Tuesday","Slight",1,"Slight","Taxi/Private hire car occupant","Passenger","Female",47,"A","Dual carriageway",70,"Motorway","Not a Pedestrian","Not a Pedestrian",427649,430977,"E01011318",3,"Roundabout","Daylight","Fine no high winds","Wet or damp","Car occupant"
"5127","2015132CM0978",2015-12-22,2015,"Dec",22,"16:05",16,5,"Tuesday","Slight",1,"Slight","Pedestrian","Pedestrian","Female",68,"Unclassified","Single carriageway",30,"Unclassified","In carriageway, crossing elsewhere","Crossing from driver's offside",426589,427686,"E01032492",1,"Crossroads","Darkness - lights lit","Raining no high winds","Wet or damp","Pedestrian"
"5128","2015132CM1419",2015-12-22,2015,"Dec",22,"16:31",16,31,"Tuesday","Slight",1,"Slight","Bus or coach occupant (17 or more pass seats)","Passenger","Male",7,"Unclassified","Single carriageway",30,NA,"Not a Pedestrian","Not a Pedestrian",425432,440019,"E01011377",1,"Not at junction or within 20 metres","Darkness - lights lit","Raining no high winds","Wet or damp","Bus and goods vehicle occupant"
"5129","2015132CM1097",2015-12-22,2015,"Dec",22,"17:15",17,15,"Tuesday","Slight",1,"Slight","Car occupant","Driver or rider","Female",49,"A(M)","Dual carriageway",40,NA,"Not a Pedestrian","Not a Pedestrian",429239,433655,"E01033008",2,"Not at junction or within 20 metres","Daylight","Fine no high winds","Wet or damp","Car occupant"
"5130","2015132CM1178",2015-12-22,2015,"Dec",22,"18:05",18,5,"Tuesday","Slight",1,"Slight","Cyclist","Driver or rider","Male",27,"Unclassified","Single carriageway",30,"Unclassified","Not a Pedestrian","Not a Pedestrian",428520,434985,"E01011448",2,"T or staggered junction","Darkness - lights lit","Fine no high winds","Wet or damp","Cyclist"
"5131","2015132CM1638",2015-12-22,2015,"Dec",22,"22:53",22,53,"Tuesday","Serious",1,"Serious","Pedestrian","Pedestrian","Male",45,"Unclassified","Single carriageway",30,"Unclassified","In carriageway, crossing elsewhere","Crossing from driver's offside",427985,434203,"E01011483",1,"T or staggered junction","Darkness - lights lit","Fine no high winds","Wet or damp","Pedestrian"
"5132","2015132CN0238",2015-12-23,2015,"Dec",23,"07:19",7,19,"Wednesday","Slight",2,"Slight","Car occupant","Driver or rider","Male",24,"Unclassified","Single carriageway",30,"Unclassified","Not a Pedestrian","Not a Pedestrian",424993,432898,"E01011727",2,"Crossroads","Daylight","Fine no high winds","Wet or damp","Car occupant"
"5133","2015132CN0238",2015-12-23,2015,"Dec",23,"07:19",7,19,"Wednesday","Slight",2,"Slight","Car occupant","Driver or rider","Male",36,"Unclassified","Single carriageway",30,"Unclassified","Not a Pedestrian","Not a Pedestrian",424993,432898,"E01011727",2,"Crossroads","Daylight","Fine no high winds","Wet or damp","Car occupant"
"5134","2015132CN0342",2015-12-23,2015,"Dec",23,"09:43",9,43,"Wednesday","Slight",1,"Slight","Motorcycle 125cc and under rider or passenger","Driver or rider","Male",30,"B","Single carriageway",30,"A","Not a Pedestrian","Not a Pedestrian",423730,435623,"E01011330",2,"Crossroads","Daylight","Fine no high winds","Wet or damp","Motorcyclist and pillion"
"5135","2015132CN0441",2015-12-23,2015,"Dec",23,"10:20",10,20,"Wednesday","Slight",1,"Slight","Pedestrian","Pedestrian","Male",70,"Unclassified","Unknown",20,NA,"Unknown or other","Unknown or other",429689,438939,"E01011559",1,"Not at junction or within 20 metres","Daylight","Fine no high winds","Dry","Pedestrian"
"5136","2015132CN0448",2015-12-23,2015,"Dec",23,"11:00",11,0,"Wednesday","Slight",2,"Slight","Taxi/Private hire car occupant","Driver or rider","Male",49,"Unclassified","Single carriageway",30,"Unclassified","Not a Pedestrian","Not a Pedestrian",426538,435388,"E01011477",2,"T or staggered junction","Daylight","Fine no high winds","Dry","Car occupant"
"5137","2015132CN0448",2015-12-23,2015,"Dec",23,"11:00",11,0,"Wednesday","Slight",2,"Slight","Car occupant","Driver or rider","Female",54,"Unclassified","Single carriageway",30,"Unclassified","Not a Pedestrian","Not a Pedestrian",426538,435388,"E01011477",2,"T or staggered junction","Daylight","Fine no high winds","Dry","Car occupant"
"5138","2015132CN0714",2015-12-23,2015,"Dec",23,"13:50",13,50,"Wednesday","Slight",1,"Slight","Bus or coach occupant (17 or more pass seats)","Passenger","Male",6,"A","Dual carriageway",30,NA,"Not a Pedestrian","Not a Pedestrian",435973,436533,"E01011720",1,"Not at junction or within 20 metres","Daylight","Fine no high winds","Dry","Bus and goods vehicle occupant"
"5139","2015132CN0871",2015-12-23,2015,"Dec",23,"14:00",14,0,"Wednesday","Slight",1,"Slight","Pedestrian","Pedestrian","Female",15,"A","Single carriageway",30,NA,"In carriageway, crossing elsewhere","Crossing from driver's nearside",427907,431010,"E01011369",1,"Not at junction or within 20 metres","Daylight","Fine no high winds","Dry","Pedestrian"
"5140","2015132CN1062",2015-12-23,2015,"Dec",23,"16:20",16,20,"Wednesday","Slight",1,"Slight","Pedestrian","Pedestrian","Female",42,"Unclassified","Single carriageway",30,"A","Crossing on pedestrian crossing facility","Crossing from driver's offside",431907,435729,"E01011428",1,"T or staggered junction","Darkness - lights lit","Raining no high winds","Wet or damp","Pedestrian"
"5141","2015132CN1006",2015-12-23,2015,"Dec",23,"16:21",16,21,"Wednesday","Slight",2,"Slight","Car occupant","Driver or rider","Male",24,"Unclassified","Single carriageway",30,"Unclassified","Not a Pedestrian","Not a Pedestrian",431483,435011,"E01011673",2,"Crossroads","Darkness - lights lit","Fine no high winds","Dry","Car occupant"
"5142","2015132CN1006",2015-12-23,2015,"Dec",23,"16:21",16,21,"Wednesday","Slight",2,"Slight","Car occupant","Driver or rider","Female",52,"Unclassified","Single carriageway",30,"Unclassified","Not a Pedestrian","Not a Pedestrian",431483,435011,"E01011673",2,"Crossroads","Darkness - lights lit","Fine no high winds","Dry","Car occupant"
"5143","2015132CN1090",2015-12-23,2015,"Dec",23,"17:00",17,0,"Wednesday","Slight",1,"Slight","Pedestrian","Pedestrian","Male",9,"Unclassified","Single carriageway",30,"Unclassified","In carriageway, crossing elsewhere","Crossing from driver's nearside",426990,433440,"E01011293",1,"T or staggered junction","Daylight","Fine no high winds","Wet or damp","Pedestrian"
"5144","2015132CN1204",2015-12-23,2015,"Dec",23,"18:15",18,15,"Wednesday","Slight",8,"Slight","Car occupant","Driver or rider","Female",30,"A","Dual carriageway",40,NA,"Not a Pedestrian","Not a Pedestrian",428502,433279,"E01011363",5,"Not at junction or within 20 metres","Darkness - lights lit","Fine no high winds","Dry","Car occupant"
"5145","2015132CN1204",2015-12-23,2015,"Dec",23,"18:15",18,15,"Wednesday","Slight",8,"Slight","Car occupant","Passenger","Female",28,"A","Dual carriageway",40,NA,"Not a Pedestrian","Not a Pedestrian",428502,433279,"E01011363",5,"Not at junction or within 20 metres","Darkness - lights lit","Fine no high winds","Dry","Car occupant"
"5146","2015132CN1204",2015-12-23,2015,"Dec",23,"18:15",18,15,"Wednesday","Slight",8,"Slight","Car occupant","Driver or rider","Male",37,"A","Dual carriageway",40,NA,"Not a Pedestrian","Not a Pedestrian",428502,433279,"E01011363",5,"Not at junction or within 20 metres","Darkness - lights lit","Fine no high winds","Dry","Car occupant"
"5147","2015132CN1204",2015-12-23,2015,"Dec",23,"18:15",18,15,"Wednesday","Slight",8,"Slight","Car occupant","Passenger","Male",14,"A","Dual carriageway",40,NA,"Not a Pedestrian","Not a Pedestrian",428502,433279,"E01011363",5,"Not at junction or within 20 metres","Darkness - lights lit","Fine no high winds","Dry","Car occupant"
"5148","2015132CN1204",2015-12-23,2015,"Dec",23,"18:15",18,15,"Wednesday","Slight",8,"Slight","Car occupant","Driver or rider","Female",18,"A","Dual carriageway",40,NA,"Not a Pedestrian","Not a Pedestrian",428502,433279,"E01011363",5,"Not at junction or within 20 metres","Darkness - lights lit","Fine no high winds","Dry","Car occupant"
"5149","2015132CN1204",2015-12-23,2015,"Dec",23,"18:15",18,15,"Wednesday","Slight",8,"Slight","Car occupant","Driver or rider","Male",35,"A","Dual carriageway",40,NA,"Not a Pedestrian","Not a Pedestrian",428502,433279,"E01011363",5,"Not at junction or within 20 metres","Darkness - lights lit","Fine no high winds","Dry","Car occupant"
"5150","2015132CN1204",2015-12-23,2015,"Dec",23,"18:15",18,15,"Wednesday","Slight",8,"Slight","Car occupant","Driver or rider","Male",31,"A","Dual carriageway",40,NA,"Not a Pedestrian","Not a Pedestrian",428502,433279,"E01011363",5,"Not at junction or within 20 metres","Darkness - lights lit","Fine no high winds","Dry","Car occupant"
"5151","2015132CN1204",2015-12-23,2015,"Dec",23,"18:15",18,15,"Wednesday","Slight",8,"Slight","Car occupant","Passenger","Female",31,"A","Dual carriageway",40,NA,"Not a Pedestrian","Not a Pedestrian",428502,433279,"E01011363",5,"Not at junction or within 20 metres","Darkness - lights lit","Fine no high winds","Dry","Car occupant"
"5152","2015132CN1711",2015-12-23,2015,"Dec",23,"22:55",22,55,"Wednesday","Slight",1,"Slight","Car occupant","Driver or rider","Male",40,"Unclassified","Single carriageway",30,"Unclassified","Not a Pedestrian","Not a Pedestrian",430920,435615,"E01011360",2,"T or staggered junction","Darkness - lights lit","Fine no high winds","Wet or damp","Car occupant"
"5153","2015132CO0389",2015-12-24,2015,"Dec",24,"09:38",9,38,"Thursday","Slight",1,"Slight","Car occupant","Driver or rider","Female",57,"Unclassified","Roundabout",30,"Unclassified","Not a Pedestrian","Not a Pedestrian",430524,431159,"E01011468",2,"Roundabout","Daylight","Raining no high winds","Wet or damp","Car occupant"
"5154","2015132CO0673",2015-12-24,2015,"Dec",24,"13:10",13,10,"Thursday","Slight",1,"Slight","Car occupant","Passenger","Female",58,"A","Dual carriageway",40,"Unclassified","Not a Pedestrian","Not a Pedestrian",429448,433778,"E01033008",2,"T or staggered junction","Daylight","Fine no high winds","Dry","Car occupant"
"5155","2015132CO0853",2015-12-24,2015,"Dec",24,"15:08",15,8,"Thursday","Slight",1,"Slight","Car occupant","Driver or rider","Female",46,"A","Roundabout",40,"A","Not a Pedestrian","Not a Pedestrian",423045,437665,"E01011452",2,"Roundabout","Daylight","Fine no high winds","Dry","Car occupant"
"5156","2015132CO0979",2015-12-24,2015,"Dec",24,"16:40",16,40,"Thursday","Slight",1,"Slight","Car occupant","Passenger","Female",42,"A","Single carriageway",30,"Unclassified","Not a Pedestrian","Not a Pedestrian",424885,434430,"E01032606",2,"T or staggered junction","Darkness - lights lit","Fine no high winds","Dry","Car occupant"
"5157","2015132CO1392",2015-12-24,2015,"Dec",24,"21:42",21,42,"Thursday","Slight",2,"Slight","Pedestrian","Pedestrian","Female",17,"Unclassified","Single carriageway",60,NA,"On footway or verge","Unknown or other",436073,438337,"E01011714",1,"Not at junction or within 20 metres","Darkness - no lighting","Fine no high winds","Wet or damp","Pedestrian"
"5158","2015132CO1392",2015-12-24,2015,"Dec",24,"21:42",21,42,"Thursday","Slight",2,"Slight","Pedestrian","Pedestrian","Male",17,"Unclassified","Single carriageway",60,NA,"On footway or verge","Unknown or other",436073,438337,"E01011714",1,"Not at junction or within 20 metres","Darkness - no lighting","Fine no high winds","Wet or damp","Pedestrian"
"5159","2015132CP0484",2015-12-25,2015,"Dec",25,"12:05",12,5,"Friday","Serious",1,"Serious","Motorcycle 125cc and under rider or passenger","Driver or rider","Female",44,"Unclassified","Single carriageway",30,"Unclassified","Not a Pedestrian","Not a Pedestrian",435542,438370,"E01011714",3,"Crossroads","Daylight","Raining no high winds","Wet or damp","Motorcyclist and pillion"
"5160","2015132CP0705",2015-12-25,2015,"Dec",25,"16:46",16,46,"Friday","Slight",2,"Slight","Car occupant","Driver or rider","Male",37,"Motorway","Dual carriageway",70,NA,"Not a Pedestrian","Not a Pedestrian",436167,431152,"E01011420",1,"Not at junction or within 20 metres","Darkness - no lighting","Raining no high winds","Wet or damp","Car occupant"
"5161","2015132CP0705",2015-12-25,2015,"Dec",25,"16:46",16,46,"Friday","Slight",2,"Slight","Car occupant","Passenger","Female",55,"Motorway","Dual carriageway",70,NA,"Not a Pedestrian","Not a Pedestrian",436167,431152,"E01011420",1,"Not at junction or within 20 metres","Darkness - no lighting","Raining no high winds","Wet or damp","Car occupant"
"5162","2015132CP0706",2015-12-25,2015,"Dec",25,"17:00",17,0,"Friday","Slight",1,"Slight","Car occupant","Driver or rider","Male",55,"Motorway","Dual carriageway",70,NA,"Not a Pedestrian","Not a Pedestrian",436058,431193,"E01011420",2,"Not at junction or within 20 metres","Darkness - no lighting","Raining no high winds","Wet or damp","Car occupant"
"5163","2015132CP0945",2015-12-25,2015,"Dec",25,"20:04",20,4,"Friday","Slight",1,"Slight","Car occupant","Passenger","Female",19,"Motorway","Slip road",50,NA,"Not a Pedestrian","Not a Pedestrian",431824,430456,"E01011469",1,"Not at junction or within 20 metres","Darkness - lights lit","Raining no high winds","Wet or damp","Car occupant"
"5164","2015132CQ0155",2015-12-26,2015,"Dec",26,"02:05",2,5,"Saturday","Slight",1,"Slight","Car occupant","Driver or rider","Male",30,"Unclassified","Single carriageway",20,NA,"Not a Pedestrian","Not a Pedestrian",429829,431493,"E01011371",2,"Not at junction or within 20 metres","Darkness - lights lit","Raining no high winds","Wet or damp","Car occupant"
"5165","2015132CQ0615",2015-12-26,2015,"Dec",26,"11:00",11,0,"Saturday","Slight",4,"Slight","Other vehicle occupant","Driver or rider","Male",43,"Unclassified","Dual carriageway",30,"A","Not a Pedestrian","Not a Pedestrian",432029,435855,"E01011427",2,"T or staggered junction","Daylight","Raining no high winds","Wet or damp","Others"
"5166","2015132CQ0615",2015-12-26,2015,"Dec",26,"11:00",11,0,"Saturday","Slight",4,"Slight","Other vehicle occupant","Passenger","Male",39,"Unclassified","Dual carriageway",30,"A","Not a Pedestrian","Not a Pedestrian",432029,435855,"E01011427",2,"T or staggered junction","Daylight","Raining no high winds","Wet or damp","Others"
"5167","2015132CQ0615",2015-12-26,2015,"Dec",26,"11:00",11,0,"Saturday","Slight",4,"Slight","Car occupant","Driver or rider","Male",40,"Unclassified","Dual carriageway",30,"A","Not a Pedestrian","Not a Pedestrian",432029,435855,"E01011427",2,"T or staggered junction","Daylight","Raining no high winds","Wet or damp","Car occupant"
"5168","2015132CQ0615",2015-12-26,2015,"Dec",26,"11:00",11,0,"Saturday","Slight",4,"Slight","Car occupant","Passenger","Female",34,"Unclassified","Dual carriageway",30,"A","Not a Pedestrian","Not a Pedestrian",432029,435855,"E01011427",2,"T or staggered junction","Daylight","Raining no high winds","Wet or damp","Car occupant"
"5169","2015132CQ0643",2015-12-26,2015,"Dec",26,"11:20",11,20,"Saturday","Slight",1,"Slight","Bus or coach occupant (17 or more pass seats)","Passenger","Female",48,"Unclassified","One way street",20,"Unclassified","Not a Pedestrian","Not a Pedestrian",429939,433786,"E01033010",2,"Crossroads","Daylight","Fine no high winds","Wet or damp","Bus and goods vehicle occupant"
"5170","2015132CQ0796",2015-12-26,2015,"Dec",26,"12:45",12,45,"Saturday","Slight",1,"Slight","Car occupant","Driver or rider","Female",59,"A","Dual carriageway",30,NA,"Not a Pedestrian","Not a Pedestrian",430740,433546,"E01033011",1,"Not at junction or within 20 metres","Daylight","Raining no high winds","Wet or damp","Car occupant"
"5171","2015132CQ0836",2015-12-26,2015,"Dec",26,"13:20",13,20,"Saturday","Slight",2,"Slight","Car occupant","Driver or rider","Female",41,"A(M)","Dual carriageway",70,NA,"Not a Pedestrian","Not a Pedestrian",440572,446161,"E01011704",1,"Not at junction or within 20 metres","Daylight","Raining no high winds","Wet or damp","Car occupant"
"5172","2015132CQ0836",2015-12-26,2015,"Dec",26,"13:20",13,20,"Saturday","Slight",2,"Slight","Car occupant","Passenger","Male",12,"A(M)","Dual carriageway",70,NA,"Not a Pedestrian","Not a Pedestrian",440572,446161,"E01011704",1,"Not at junction or within 20 metres","Daylight","Raining no high winds","Wet or damp","Car occupant"
"5173","2015132CQ0972",2015-12-26,2015,"Dec",26,"14:25",14,25,"Saturday","Slight",1,"Slight","Pedestrian","Pedestrian","Female",4,"Unclassified","One way street",20,NA,"In carriageway, crossing elsewhere","Crossing from driver's offside",430576,433604,"E01033010",1,"Not at junction or within 20 metres","Daylight","Raining + high winds","Wet or damp","Pedestrian"
"5174","2015132CQ1139",2015-12-26,2015,"Dec",26,"16:04",16,4,"Saturday","Serious",1,"Serious","Motorcycle 125cc and under rider or passenger","Driver or rider","Male",43,"Unclassified","Single carriageway",30,"Unclassified","Not a Pedestrian","Not a Pedestrian",432438,435044,"E01011432",2,"Crossroads","Darkness - lights lit","Fine no high winds","Dry","Motorcyclist and pillion"
"5175","2015132CQ1393",2015-12-26,2015,"Dec",26,"18:40",18,40,"Saturday","Slight",2,"Slight","Car occupant","Driver or rider","Male",34,"A","Dual carriageway",40,NA,"Not a Pedestrian","Not a Pedestrian",421940,441462,"E01011578",3,"Not at junction or within 20 metres","Darkness - lights lit","Raining + high winds","Wet or damp","Car occupant"
"5176","2015132CQ1393",2015-12-26,2015,"Dec",26,"18:40",18,40,"Saturday","Slight",2,"Slight","Car occupant","Driver or rider","Male",33,"A","Dual carriageway",40,NA,"Not a Pedestrian","Not a Pedestrian",421940,441462,"E01011578",3,"Not at junction or within 20 metres","Darkness - lights lit","Raining + high winds","Wet or damp","Car occupant"
"5177","2015132CQ1505",2015-12-26,2015,"Dec",26,"19:48",19,48,"Saturday","Slight",2,"Slight","Car occupant","Passenger","Female",1,"A","Dual carriageway",40,"B","Not a Pedestrian","Not a Pedestrian",425254,432973,"E01011727",2,"Crossroads","Darkness - lights lit","Raining no high winds","Wet or damp","Car occupant"
"5178","2015132CQ1505",2015-12-26,2015,"Dec",26,"19:48",19,48,"Saturday","Slight",2,"Slight","Car occupant","Passenger","Female",21,"A","Dual carriageway",40,"B","Not a Pedestrian","Not a Pedestrian",425254,432973,"E01011727",2,"Crossroads","Darkness - lights lit","Raining no high winds","Wet or damp","Car occupant"
"5179","2015132CR1128",2015-12-27,2015,"Dec",27,"15:38",15,38,"Sunday","Slight",1,"Slight","Car occupant","Driver or rider","Male",21,"A(M)","Dual carriageway",70,NA,"Not a Pedestrian","Not a Pedestrian",443068,441002,"E01011712",1,"Not at junction or within 20 metres","Daylight","Raining no high winds","Wet or damp","Car occupant"
"5180","2015132CS0359",2015-12-28,2015,"Dec",28,"11:00",11,0,"Monday","Slight",1,"Slight","Car occupant","Driver or rider","Female",22,"A","Single carriageway",30,"Unclassified","Not a Pedestrian","Not a Pedestrian",430032,431022,"E01011312",2,"T or staggered junction","Daylight","Fine no high winds","Wet or damp","Car occupant"
"5181","2015132CT0716",2015-12-29,2015,"Dec",29,"13:45",13,45,"Tuesday","Serious",1,"Serious","Motorcycle over 500cc rider or passenger","Driver or rider","Male",46,"A","Dual carriageway",30,"Unclassified","Not a Pedestrian","Not a Pedestrian",438941,431535,"E01011402",2,"T or staggered junction","Daylight","Fine no high winds","Wet or damp","Motorcyclist and pillion"
"5182","2015132CT1455",2015-12-29,2015,"Dec",29,"20:44",20,44,"Tuesday","Slight",1,"Slight","Car occupant","Driver or rider","Male",24,"Motorway","Dual carriageway",70,NA,"Not a Pedestrian","Not a Pedestrian",433149,425902,"E01011500",1,"Not at junction or within 20 metres","Darkness - lights lit","Fine no high winds","Wet or damp","Car occupant"
"5183","2015132CU0971",2015-12-30,2015,"Dec",30,"15:00",15,0,"Wednesday","Slight",1,"Slight","Pedestrian","Pedestrian","Female",61,"A","Single carriageway",30,"Unclassified","In carriageway, crossing elsewhere","Unknown or other",427873,434381,"E01011483",1,"T or staggered junction","Daylight","Raining no high winds","Wet or damp","Pedestrian"
"5184","2015132CV0503",2015-12-30,2015,"Dec",30,"15:55",15,55,"Wednesday","Slight",1,"Slight","Goods vehicle (over 3.5t. and under 7.5t.) occupant","Driver or rider","Male",46,"A","Dual carriageway",40,NA,"Not a Pedestrian","Not a Pedestrian",432002,433573,"E01011623",2,"Not at junction or within 20 metres","Darkness - lights lit","Fine no high winds","Wet or damp","Bus and goods vehicle occupant"
"5185","2015132CU1159",2015-12-30,2015,"Dec",30,"17:58",17,58,"Wednesday","Slight",1,"Slight","Pedestrian","Pedestrian","Female",75,"A","Dual carriageway",40,NA,"Crossing on pedestrian crossing facility","Crossing from driver's offside",437458,433290,"E01011411",1,"Not at junction or within 20 metres","Darkness - lights lit","Fine no high winds","Wet or damp","Pedestrian"
"5186","2015132CU1359",2015-12-30,2015,"Dec",30,"20:10",20,10,"Wednesday","Serious",1,"Serious","Pedestrian","Pedestrian","Male",61,"Unclassified","Single carriageway",30,NA,"In carriageway, crossing elsewhere","Crossing from driver's offside",426075,435596,"E01011477",1,"Not at junction or within 20 metres","Daylight","Raining no high winds","Wet or damp","Pedestrian"
"5187","2015132CV0400",2015-12-31,2015,"Dec",31,"10:31",10,31,"Thursday","Slight",1,"Slight","Car occupant","Driver or rider","Female",83,"Unclassified","Single carriageway",30,"Unclassified","Not a Pedestrian","Not a Pedestrian",432065,436093,"E01011642",2,"Crossroads","Daylight","Fine no high winds","Wet or damp","Car occupant"
"5188","2015132CV0848",2015-12-31,2015,"Dec",31,"14:20",14,20,"Thursday","Slight",1,"Slight","Bus or coach occupant (17 or more pass seats)","Passenger","Female",89,"Unclassified","Single carriageway",20,NA,"Not a Pedestrian","Not a Pedestrian",419854,446481,"E01011583",1,"Not at junction or within 20 metres","Daylight","Fine no high winds","Wet or damp","Bus and goods vehicle occupant"
"5189","2015132CV1152",2015-12-31,2015,"Dec",31,"19:08",19,8,"Thursday","Slight",6,"Slight","Taxi/Private hire car occupant","Driver or rider","Male",30,"C","Single carriageway",30,"Unclassified","Not a Pedestrian","Not a Pedestrian",430942,435672,"E01011361",3,"T or staggered junction","Darkness - lights lit","Raining no high winds","Wet or damp","Car occupant"
"5190","2015132CV1152",2015-12-31,2015,"Dec",31,"19:08",19,8,"Thursday","Slight",6,"Slight","Taxi/Private hire car occupant","Passenger","Male",23,"C","Single carriageway",30,"Unclassified","Not a Pedestrian","Not a Pedestrian",430942,435672,"E01011361",3,"T or staggered junction","Darkness - lights lit","Raining no high winds","Wet or damp","Car occupant"
"5191","2015132CV1152",2015-12-31,2015,"Dec",31,"19:08",19,8,"Thursday","Slight",6,"Slight","Taxi/Private hire car occupant","Passenger","Female",21,"C","Single carriageway",30,"Unclassified","Not a Pedestrian","Not a Pedestrian",430942,435672,"E01011361",3,"T or staggered junction","Darkness - lights lit","Raining no high winds","Wet or damp","Car occupant"
"5192","2015132CV1152",2015-12-31,2015,"Dec",31,"19:08",19,8,"Thursday","Slight",6,"Slight","Taxi/Private hire car occupant","Passenger","Male",4,"C","Single carriageway",30,"Unclassified","Not a Pedestrian","Not a Pedestrian",430942,435672,"E01011361",3,"T or staggered junction","Darkness - lights lit","Raining no high winds","Wet or damp","Car occupant"
"5193","2015132CV1152",2015-12-31,2015,"Dec",31,"19:08",19,8,"Thursday","Slight",6,"Slight","Taxi/Private hire car occupant","Passenger","Female",4,"C","Single carriageway",30,"Unclassified","Not a Pedestrian","Not a Pedestrian",430942,435672,"E01011361",3,"T or staggered junction","Darkness - lights lit","Raining no high winds","Wet or damp","Car occupant"
"5194","2015132CV1152",2015-12-31,2015,"Dec",31,"19:08",19,8,"Thursday","Slight",6,"Slight","Car occupant","Driver or rider","Male",26,"C","Single carriageway",30,"Unclassified","Not a Pedestrian","Not a Pedestrian",430942,435672,"E01011361",3,"T or staggered junction","Darkness - lights lit","Raining no high winds","Wet or damp","Car occupant"
"5195","2015132CV1424",2015-12-31,2015,"Dec",31,"22:08",22,8,"Thursday","Slight",2,"Slight","Car occupant","Driver or rider","Female",23,"A","Dual carriageway",30,"B","Not a Pedestrian","Not a Pedestrian",431965,435834,"E01011422",2,"Crossroads","Darkness - lights lit","Fine no high winds","Dry","Car occupant"
"5196","2015132CV1424",2015-12-31,2015,"Dec",31,"22:08",22,8,"Thursday","Slight",2,"Slight","Car occupant","Passenger","Female",23,"A","Dual carriageway",30,"B","Not a Pedestrian","Not a Pedestrian",431965,435834,"E01011422",2,"Crossroads","Darkness - lights lit","Fine no high winds","Dry","Car occupant"
"5197","2016133111091",2016-01-01,2016,"Jan",1,"09:56",9,56,"Friday","Slight",1,"Slight","Cyclist","Driver or rider","Male",57,"A","Roundabout",40,"Unclassified","Not a Pedestrian","Not a Pedestrian",439313,432376,"E01011402",2,"Roundabout","Daylight","Fine no high winds","Wet or damp","Cyclist"