"","accident_index","date","year","month","day","time","time_hour","time_minute","day_of_week","accident_severity","number_of_casualties","casualty_severity","casualty_type","casualty_class","sex_of_casualty","age_of_casualty","first_road_class","road_type","speed_limit","second_road_class","pedestrian_location","pedestrian_movement","location_easting_osgr","location_northing_osgr","lsoa_of_accident_location","number_of_vehicles","junction_detail","light_conditions","weather_conditions","road_surface_conditions","cas_type"
"5361","20161331Q0218",2016-01-26,2016,"Jan",26,"08:25",8,25,"Tuesday","Slight",1,"Slight","Pedestrian","Pedestrian","Male",28,"Unclassified","Single carriageway",30,NA,"Crossing in zig-zag approach lines","Crossing from driver's nearside",427302,435777,"E01032945",1,"Not at junction or within 20 metres","Daylight","Raining no high winds","Wet or damp","Pedestrian"
"5362","20161331Q1371",2016-01-26,2016,"Jan",26,"10:21",10,21,"Tuesday","Slight",1,"Slight","Bus or coach occupant (17 or more pass seats)","Passenger","Female",46,"Unclassified","Single carriageway",30,NA,"Not a Pedestrian","Not a Pedestrian",431285,433868,"E01033031",1,"Not at junction or within 20 metres","Daylight","Fine no high winds","Wet or damp","Bus and goods vehicle occupant"
"5363","20161331R1032",2016-01-26,2016,"Jan",26,"10:50",10,50,"Tuesday","Slight",3,"Slight","Car occupant","Passenger","Female",19,"Unclassified","Single carriageway",30,NA,"Not a Pedestrian","Not a Pedestrian",428639,435192,"E01011444",2,"Not at junction or within 20 metres","Daylight","Unknown","Dry","Car occupant"
"5364","20161331R1032",2016-01-26,2016,"Jan",26,"10:50",10,50,"Tuesday","Slight",3,"Slight","Car occupant","Passenger","Male",19,"Unclassified","Single carriageway",30,NA,"Not a Pedestrian","Not a Pedestrian",428639,435192,"E01011444",2,"Not at junction or within 20 metres","Daylight","Unknown","Dry","Car occupant"
"5365","20161331R1032",2016-01-26,2016,"Jan",26,"10:50",10,50,"Tuesday","Slight",3,"Slight","Car occupant","Passenger","Female",19,"Unclassified","Single carriageway",30,NA,"Not a Pedestrian","Not a Pedestrian",428639,435192,"E01011444",2,"Not at junction or within 20 metres","Daylight","Unknown","Dry","Car occupant"
"5366","20161331Q0748",2016-01-26,2016,"Jan",26,"14:00",14,0,"Tuesday","Slight",1,"Slight","Pedestrian","Pedestrian","Male",21,"Unclassified","Single carriageway",30,NA,"In carriageway, not crossing","Unknown or other",426197,433182,"E01011729",1,"Not at junction or within 20 metres","Daylight","Unknown","Dry","Pedestrian"
"5367","20161331Q1048",2016-01-26,2016,"Jan",26,"16:40",16,40,"Tuesday","Slight",1,"Slight","Car occupant","Driver or rider","Female",59,"Unclassified","Single carriageway",30,"Unclassified","Not a Pedestrian","Not a Pedestrian",429848,432293,"E01033032",2,"Crossroads","Darkness - lights lit","Fine no high winds","Dry","Car occupant"
"5368","20161331T0680",2016-01-27,2016,"Jan",27,"15:29",15,29,"Wednesday","Slight",1,"Slight","Pedestrian","Pedestrian","Male",26,"Unclassified","Single carriageway",30,NA,"Crossing elsewhere within 50m. of pedestrian crossing","Crossing from offside - masked by  parked or stationary vehicle",428972,435484,"E01011443",1,"Not at junction or within 20 metres","Daylight","Unknown","Dry","Pedestrian"
"5369","20161331R1533",2016-01-27,2016,"Jan",27,"20:05",20,5,"Wednesday","Slight",1,"Slight","Car occupant","Driver or rider","Male",40,"Unclassified","Single carriageway",30,"Unclassified","Not a Pedestrian","Not a Pedestrian",440744,428684,"E01011308",2,"T or staggered junction","Daylight","Fine no high winds","Dry","Car occupant"
"5370","20161331R1458",2016-01-27,2016,"Jan",27,"20:15",20,15,"Wednesday","Slight",1,"Slight","Car occupant","Passenger","Female",43,"Unclassified","Single carriageway",30,NA,"Not a Pedestrian","Not a Pedestrian",422870,432283,"E01011601",2,"Not at junction or within 20 metres","Daylight","Unknown","Dry","Car occupant"
"5371","20161331R1561",2016-01-27,2016,"Jan",27,"21:22",21,22,"Wednesday","Slight",1,"Slight","Car occupant","Driver or rider","Female",28,"Motorway","Dual carriageway",50,NA,"Not a Pedestrian","Not a Pedestrian",428866,431649,"E01011366",2,"Not at junction or within 20 metres","Darkness - lights lit","Fine no high winds","Dry","Car occupant"
"5372","20161331S0136",2016-01-28,2016,"Jan",28,"02:54",2,54,"Thursday","Serious",1,"Serious","Cyclist","Driver or rider","Male",41,"Unclassified","Single carriageway",30,NA,"Not a Pedestrian","Not a Pedestrian",430554,431061,"E01011468",2,"Not at junction or within 20 metres","Darkness - lights lit","Fine no high winds","Dry","Cyclist"
"5373","20161331S0469",2016-01-28,2016,"Jan",28,"10:23",10,23,"Thursday","Slight",1,"Slight","Cyclist","Driver or rider","Male",50,"Unclassified","Single carriageway",30,"Unclassified","Not a Pedestrian","Not a Pedestrian",435929,435500,"E01011665",2,"T or staggered junction","Daylight","Fine no high winds","Wet or damp","Cyclist"
"5374","20161331S1268",2016-01-28,2016,"Jan",28,"16:10",16,10,"Thursday","Slight",1,"Slight","Cyclist","Driver or rider","Male",21,"A","Dual carriageway",30,"Unclassified","Not a Pedestrian","Not a Pedestrian",429309,435021,"E01033006",2,"T or staggered junction","Daylight","Fine no high winds","Wet or damp","Cyclist"
"5375","20161331S1218",2016-01-28,2016,"Jan",28,"17:30",17,30,"Thursday","Slight",2,"Slight","Car occupant","Driver or rider","Male",48,"A","Dual carriageway",40,NA,"Not a Pedestrian","Not a Pedestrian",432689,433854,"E01011615",2,"Not at junction or within 20 metres","Darkness - lights lit","Raining + high winds","Wet or damp","Car occupant"
"5376","20161331S1218",2016-01-28,2016,"Jan",28,"17:30",17,30,"Thursday","Slight",2,"Slight","Car occupant","Passenger","Female",36,"A","Dual carriageway",40,NA,"Not a Pedestrian","Not a Pedestrian",432689,433854,"E01011615",2,"Not at junction or within 20 metres","Darkness - lights lit","Raining + high winds","Wet or damp","Car occupant"
"5377","20161331S1231",2016-01-28,2016,"Jan",28,"17:40",17,40,"Thursday","Serious",1,"Serious","Pedestrian","Pedestrian","Female",30,"B","Dual carriageway",30,"Unclassified","Crossing on pedestrian crossing facility","Crossing from driver's offside",428231,436525,"E01011692",1,"T or staggered junction","Darkness - lights lit","Unknown","Dry","Pedestrian"
"5378","20161331S1341",2016-01-28,2016,"Jan",28,"18:39",18,39,"Thursday","Slight",1,"Slight","Cyclist","Driver or rider","Female",43,"Unclassified","Single carriageway",30,"B","Not a Pedestrian","Not a Pedestrian",432284,435051,"E01011432",2,"Crossroads","Darkness - lights lit","Raining no high winds","Wet or damp","Cyclist"
"5379","20161331T0329",2016-01-28,2016,"Jan",28,"19:40",19,40,"Thursday","Slight",1,"Slight","Cyclist","Driver or rider","Male",47,"B","Single carriageway",30,"B","Not a Pedestrian","Not a Pedestrian",427821,436511,"E01011440",2,"T or staggered junction","Darkness - lights lit","Unknown","Dry","Cyclist"
"5380","20161331S1678",2016-01-28,2016,"Jan",28,"22:19",22,19,"Thursday","Slight",1,"Slight","Pedestrian","Pedestrian","Male",20,"Unclassified","One way street",30,NA,"Crossing on pedestrian crossing facility","Crossing from driver's nearside",429788,433491,"E01033016",1,"Not at junction or within 20 metres","Darkness - lights lit","Fine no high winds","Wet or damp","Pedestrian"
"5381","20161331T0239",2016-01-29,2016,"Jan",29,"07:40",7,40,"Friday","Slight",1,"Slight","Motorcycle 50cc and under rider or passenger","Driver or rider","Male",18,"Unclassified","Single carriageway",30,NA,"Not a Pedestrian","Not a Pedestrian",425235,432958,"E01011727",2,"Not at junction or within 20 metres","Daylight","Fine no high winds","Wet or damp","Motorcyclist and pillion"
"5382","20161331T0267",2016-01-29,2016,"Jan",29,"08:00",8,0,"Friday","Slight",1,"Slight","Car occupant","Driver or rider","Female",22,"Unclassified","Single carriageway",30,"Unclassified","Not a Pedestrian","Not a Pedestrian",436483,435032,"E01011406",3,"T or staggered junction","Darkness - lights lit","Fine no high winds","Dry","Car occupant"
"5383","20161331T0287",2016-01-29,2016,"Jan",29,"08:15",8,15,"Friday","Slight",1,"Slight","Motorcycle 125cc and under rider or passenger","Driver or rider","Male",26,"Unclassified","Single carriageway",30,NA,"Not a Pedestrian","Not a Pedestrian",430535,433451,"E01033010",1,"Not at junction or within 20 metres","Darkness - lights lit","Unknown","Dry","Motorcyclist and pillion"
"5384","20161331T0338",2016-01-29,2016,"Jan",29,"08:59",8,59,"Friday","Slight",1,"Slight","Pedestrian","Pedestrian","Female",22,"A","One way street",30,NA,"In carriageway, crossing elsewhere","Crossing from offside - masked by  parked or stationary vehicle",429810,434420,"E01033005",1,"Not at junction or within 20 metres","Daylight","Fine no high winds","Wet or damp","Pedestrian"
"5385","20161331T0435",2016-01-29,2016,"Jan",29,"10:07",10,7,"Friday","Slight",1,"Slight","Car occupant","Driver or rider","Female",29,"Unclassified","Dual carriageway",30,"A","Not a Pedestrian","Not a Pedestrian",424679,433610,"E01011727",2,"Roundabout","Daylight","Raining + high winds","Wet or damp","Car occupant"
"5386","20161331T0591",2016-01-29,2016,"Jan",29,"11:45",11,45,"Friday","Slight",1,"Slight","Car occupant","Driver or rider","Female",38,"A","Dual carriageway",30,NA,"Not a Pedestrian","Not a Pedestrian",431324,431708,"E01011467",2,"Not at junction or within 20 metres","Daylight","Fine + high winds","Wet or damp","Car occupant"
"5387","20161331T1056",2016-01-29,2016,"Jan",29,"15:40",15,40,"Friday","Slight",1,"Slight","Cyclist","Driver or rider","Male",21,"Unclassified","Single carriageway",30,"A","Not a Pedestrian","Not a Pedestrian",432945,433980,"E01011348",2,"T or staggered junction","Daylight","Fine + high winds","Dry","Cyclist"
"5388","20161331T1234",2016-01-29,2016,"Jan",29,"17:11",17,11,"Friday","Slight",4,"Slight","Car occupant","Driver or rider","Female",25,"A(M)","Dual carriageway",70,NA,"Not a Pedestrian","Not a Pedestrian",443097,440631,"E01011712",4,"Not at junction or within 20 metres","Darkness - no lighting","Fine no high winds","Wet or damp","Car occupant"
"5389","20161331T1234",2016-01-29,2016,"Jan",29,"17:11",17,11,"Friday","Slight",4,"Slight","Car occupant","Driver or rider","Male",41,"A(M)","Dual carriageway",70,NA,"Not a Pedestrian","Not a Pedestrian",443097,440631,"E01011712",4,"Not at junction or within 20 metres","Darkness - no lighting","Fine no high winds","Wet or damp","Car occupant"
"5390","20161331T1234",2016-01-29,2016,"Jan",29,"17:11",17,11,"Friday","Slight",4,"Slight","Car occupant","Driver or rider","Male",23,"A(M)","Dual carriageway",70,NA,"Not a Pedestrian","Not a Pedestrian",443097,440631,"E01011712",4,"Not at junction or within 20 metres","Darkness - no lighting","Fine no high winds","Wet or damp","Car occupant"
"5391","20161331T1234",2016-01-29,2016,"Jan",29,"17:11",17,11,"Friday","Slight",4,"Slight","Car occupant","Driver or rider","Female",24,"A(M)","Dual carriageway",70,NA,"Not a Pedestrian","Not a Pedestrian",443097,440631,"E01011712",4,"Not at junction or within 20 metres","Darkness - no lighting","Fine no high winds","Wet or damp","Car occupant"
"5392","2016133210421",2016-01-29,2016,"Jan",29,"18:00",18,0,"Friday","Slight",1,"Slight","Car occupant","Driver or rider","Female",23,"A","Dual carriageway",30,"Unclassified","Not a Pedestrian","Not a Pedestrian",429812,438919,"E01011558",2,"Roundabout","Darkness - lights lit","Unknown","Dry","Car occupant"
"5393","20161331T1394",2016-01-29,2016,"Jan",29,"18:26",18,26,"Friday","Slight",1,"Slight","Cyclist","Driver or rider","Male",24,"Unclassified","Single carriageway",30,"Unclassified","Not a Pedestrian","Not a Pedestrian",432291,436287,"E01011647",2,"T or staggered junction","Darkness - lights lit","Unknown","Dry","Cyclist"
"5394","20161331T1516",2016-01-29,2016,"Jan",29,"19:30",19,30,"Friday","Slight",1,"Slight","Pedestrian","Pedestrian","Male",70,"Unclassified","Single carriageway",30,"Unclassified","In carriageway, crossing elsewhere","Crossing from driver's nearside",428534,437104,"E01011689",1,"T or staggered junction","Darkness - lights lit","Fine + high winds","Dry","Pedestrian"
"5395","20161331T1712",2016-01-29,2016,"Jan",29,"21:10",21,10,"Friday","Slight",1,"Slight","Taxi/Private hire car occupant","Driver or rider","Male",33,"B","Single carriageway",30,"Unclassified","Not a Pedestrian","Not a Pedestrian",422903,434711,"E01011328",2,"T or staggered junction","Darkness - lights lit","Unknown","Dry","Car occupant"
"5396","20161331U0278",2016-01-30,2016,"Jan",30,"04:30",4,30,"Saturday","Serious",1,"Serious","Van / Goods vehicle (3.5 tonnes mgw or under) occupant","Driver or rider","Male",35,"B","Single carriageway",30,"Unclassified","Not a Pedestrian","Not a Pedestrian",426797,433071,"E01011729",1,"T or staggered junction","Darkness - lighting unknown","Unknown","Dry","Bus and goods vehicle occupant"
"5397","20161331U0525",2016-01-30,2016,"Jan",30,"10:40",10,40,"Saturday","Slight",1,"Slight","Pedestrian","Pedestrian","Female",81,"B","Single carriageway",30,"Unclassified","In carriageway, crossing elsewhere","Unknown or other",422627,433537,"E01011610",1,"Private drive or entrance","Daylight","Fine no high winds","Wet or damp","Pedestrian"
"5398","20161331U0881",2016-01-30,2016,"Jan",30,"12:45",12,45,"Saturday","Slight",1,"Slight","Cyclist","Driver or rider","Male",33,"A","Dual carriageway",30,"Unclassified","Not a Pedestrian","Not a Pedestrian",435951,435475,"E01011665",2,"T or staggered junction","Daylight","Snowing + high winds","Wet or damp","Cyclist"
"5399","20161331U1291",2016-01-30,2016,"Jan",30,"18:55",18,55,"Saturday","Slight",1,"Slight","Car occupant","Driver or rider","Male",48,"Motorway","Slip road",50,"A","Not a Pedestrian","Not a Pedestrian",431825,430454,"E01011469",1,"Slip road","Darkness - lights lit","Snowing no high winds","Wet or damp","Car occupant"
"5400","20161331V0671",2016-01-31,2016,"Jan",31,"11:46",11,46,"Sunday","Slight",1,"Slight","Pedestrian","Pedestrian","Male",28,"Unclassified","Single carriageway",30,"Unclassified","In carriageway, crossing elsewhere","Crossing from driver's nearside",420275,445365,"E01011569",1,"T or staggered junction","Daylight","Fine no high winds","Wet or damp","Pedestrian"
"5401","20161331V0635",2016-01-31,2016,"Jan",31,"11:55",11,55,"Sunday","Slight",5,"Slight","Car occupant","Driver or rider","Female",37,"Unclassified","Single carriageway",30,"Unclassified","Not a Pedestrian","Not a Pedestrian",431404,435028,"E01011673",2,"Crossroads","Daylight","Fine no high winds","Wet or damp","Car occupant"
"5402","20161331V0635",2016-01-31,2016,"Jan",31,"11:55",11,55,"Sunday","Slight",5,"Slight","Car occupant","Driver or rider","Male",28,"Unclassified","Single carriageway",30,"Unclassified","Not a Pedestrian","Not a Pedestrian",431404,435028,"E01011673",2,"Crossroads","Daylight","Fine no high winds","Wet or damp","Car occupant"
"5403","20161331V0635",2016-01-31,2016,"Jan",31,"11:55",11,55,"Sunday","Slight",5,"Slight","Car occupant","Passenger","Female",20,"Unclassified","Single carriageway",30,"Unclassified","Not a Pedestrian","Not a Pedestrian",431404,435028,"E01011673",2,"Crossroads","Daylight","Fine no high winds","Wet or damp","Car occupant"
"5404","20161331V0635",2016-01-31,2016,"Jan",31,"11:55",11,55,"Sunday","Slight",5,"Slight","Car occupant","Passenger","Female",7,"Unclassified","Single carriageway",30,"Unclassified","Not a Pedestrian","Not a Pedestrian",431404,435028,"E01011673",2,"Crossroads","Daylight","Fine no high winds","Wet or damp","Car occupant"
"5405","20161331V0635",2016-01-31,2016,"Jan",31,"11:55",11,55,"Sunday","Slight",5,"Slight","Car occupant","Passenger","Male",6,"Unclassified","Single carriageway",30,"Unclassified","Not a Pedestrian","Not a Pedestrian",431404,435028,"E01011673",2,"Crossroads","Daylight","Fine no high winds","Wet or damp","Car occupant"
"5406","20161331V0877",2016-01-31,2016,"Jan",31,"14:50",14,50,"Sunday","Slight",1,"Slight","Cyclist","Driver or rider","Male",41,"Unclassified","Single carriageway",40,NA,"Not a Pedestrian","Not a Pedestrian",425664,439612,"E01011379",2,"Not at junction or within 20 metres","Daylight","Fine no high winds","Dry","Cyclist"
"5407","20161331V1251",2016-01-31,2016,"Jan",31,"15:35",15,35,"Sunday","Slight",1,"Slight","Pedestrian","Pedestrian","Male",20,"Unclassified","Single carriageway",30,NA,"Unknown or other","Unknown or other",430036,434078,"E01033010",1,"Not at junction or within 20 metres","Daylight","Fine + high winds","Dry","Pedestrian"
"5408","20161331V1126",2016-01-31,2016,"Jan",31,"17:34",17,34,"Sunday","Slight",1,"Slight","Car occupant","Driver or rider","Male",64,"A","Dual carriageway",40,"Unclassified","Not a Pedestrian","Not a Pedestrian",429948,436664,"E01011350",1,"Roundabout","Darkness - lights lit","Fine no high winds","Wet or damp","Car occupant"
"5409","2016133261396",2016-01-31,2016,"Jan",31,"19:25",19,25,"Sunday","Serious",1,"Serious","Cyclist","Driver or rider","Male",25,"Unclassified","One way street",40,"Unclassified","Not a Pedestrian","Not a Pedestrian",436229,435593,"E01011724",2,"T or staggered junction","Darkness - lights lit","Raining no high winds","Wet or damp","Cyclist"
"5410","2016133210161",2016-02-01,2016,"Feb",1,"05:00",5,0,"Monday","Slight",1,"Slight","Car occupant","Driver or rider","Male",34,"Unclassified","Single carriageway",30,NA,"Not a Pedestrian","Not a Pedestrian",440272,449564,"E01011698",2,"Not at junction or within 20 metres","Darkness - lights lit","Fine + high winds","Wet or damp","Car occupant"
"5411","2016133210475",2016-02-01,2016,"Feb",1,"10:39",10,39,"Monday","Slight",1,"Slight","Pedestrian","Pedestrian","Male",28,"Unclassified","Dual carriageway",30,"A","Crossing on pedestrian crossing facility","Crossing from driver's nearside",431026,433540,"E01033011",1,"T or staggered junction","Daylight","Fine no high winds","Wet or damp","Pedestrian"
"5412","2016133210607",2016-02-01,2016,"Feb",1,"12:05",12,5,"Monday","Slight",2,"Slight","Car occupant","Driver or rider","Female",52,"Unclassified","Dual carriageway",40,"Unclassified","Not a Pedestrian","Not a Pedestrian",435675,434795,"E01011343",3,"Crossroads","Daylight","Fine + high winds","Dry","Car occupant"
"5413","2016133210607",2016-02-01,2016,"Feb",1,"12:05",12,5,"Monday","Slight",2,"Slight","Car occupant","Driver or rider","Female",66,"Unclassified","Dual carriageway",40,"Unclassified","Not a Pedestrian","Not a Pedestrian",435675,434795,"E01011343",3,"Crossroads","Daylight","Fine + high winds","Dry","Car occupant"
"5414","2016133211478",2016-02-01,2016,"Feb",1,"15:10",15,10,"Monday","Slight",1,"Slight","Pedestrian","Pedestrian","Female",26,"Unclassified","Single carriageway",30,NA,"On footway or verge","Unknown or other",426743,427878,"E01032489",1,"Not at junction or within 20 metres","Daylight","Fine no high winds","Dry","Pedestrian"
"5415","2016133210942",2016-02-01,2016,"Feb",1,"15:30",15,30,"Monday","Slight",1,"Slight","Pedestrian","Pedestrian","Female",85,"Unclassified","Single carriageway",30,"Unclassified","In carriageway, crossing elsewhere","Crossing from driver's offside",431881,435453,"E01011429",1,"T or staggered junction","Daylight","Fine + high winds","Dry","Pedestrian"
"5416","2016133210980",2016-02-01,2016,"Feb",1,"15:45",15,45,"Monday","Slight",3,"Slight","Car occupant","Passenger","Male",6,"Unclassified","Single carriageway",30,"Unclassified","Not a Pedestrian","Not a Pedestrian",432858,435382,"E01011424",2,"Crossroads","Daylight","Unknown","Dry","Car occupant"
"5417","2016133210980",2016-02-01,2016,"Feb",1,"15:45",15,45,"Monday","Slight",3,"Slight","Car occupant","Passenger","Female",9,"Unclassified","Single carriageway",30,"Unclassified","Not a Pedestrian","Not a Pedestrian",432858,435382,"E01011424",2,"Crossroads","Daylight","Unknown","Dry","Car occupant"
"5418","2016133210980",2016-02-01,2016,"Feb",1,"15:45",15,45,"Monday","Slight",3,"Slight","Car occupant","Passenger","Female",10,"Unclassified","Single carriageway",30,"Unclassified","Not a Pedestrian","Not a Pedestrian",432858,435382,"E01011424",2,"Crossroads","Daylight","Unknown","Dry","Car occupant"
"5419","2016133231343",2016-02-02,2016,"Feb",2,"06:45",6,45,"Tuesday","Slight",1,"Slight","Taxi/Private hire car occupant","Driver or rider","Male",36,"Unclassified","Single carriageway",30,NA,"Not a Pedestrian","Not a Pedestrian",429464,433392,"E01033015",3,"Not at junction or within 20 metres","Daylight","Fine no high winds","Dry","Car occupant"
"5420","2016133220231",2016-02-02,2016,"Feb",2,"08:10",8,10,"Tuesday","Slight",1,"Slight","Car occupant","Driver or rider","Male",31,"Motorway","Dual carriageway",70,"Motorway","Not a Pedestrian","Not a Pedestrian",432173,425966,"E01011499",2,"Slip road","Daylight","Fine + high winds","Dry","Car occupant"
"5421","2016133220493",2016-02-02,2016,"Feb",2,"11:26",11,26,"Tuesday","Slight",1,"Slight","Car occupant","Driver or rider","Female",73,"Motorway","Slip road",70,"A","Not a Pedestrian","Not a Pedestrian",430785,424533,"E01011537",2,"Roundabout","Daylight","Fine no high winds","Dry","Car occupant"
"5422","2016133221429",2016-02-02,2016,"Feb",2,"18:00",18,0,"Tuesday","Slight",1,"Slight","Cyclist","Driver or rider","Male",41,"A","Single carriageway",30,"Unclassified","Not a Pedestrian","Not a Pedestrian",427896,436200,"E01011451",2,"Crossroads","Darkness - lights lit","Unknown","Wet or damp","Cyclist"
"5423","2016133221533",2016-02-02,2016,"Feb",2,"22:05",22,5,"Tuesday","Slight",1,"Slight","Motorcycle over 125cc and up to 500cc rider or  passenger","Driver or rider","Male",24,"Unclassified","Single carriageway",30,"Unclassified","Not a Pedestrian","Not a Pedestrian",431966,435835,"E01011422",2,"T or staggered junction","Darkness - lights lit","Other","Wet or damp","Motorcyclist and pillion"
"5424","2016133240312",2016-02-03,2016,"Feb",3,"08:45",8,45,"Wednesday","Slight",1,"Slight","Car occupant","Driver or rider","Female",30,"Unclassified","Single carriageway",30,NA,"Not a Pedestrian","Not a Pedestrian",431583,429064,"E01011476",2,"Not at junction or within 20 metres","Daylight","Fine no high winds","Wet or damp","Car occupant"
"5425","2016133230884",2016-02-03,2016,"Feb",3,"09:20",9,20,"Wednesday","Serious",1,"Serious","Cyclist","Driver or rider","Male",24,"Unclassified","Single carriageway",30,"Unclassified","Not a Pedestrian","Not a Pedestrian",422305,443629,"E01032503",2,"T or staggered junction","Daylight","Fine no high winds","Wet or damp","Cyclist"
"5426","2016133230901",2016-02-03,2016,"Feb",3,"11:45",11,45,"Wednesday","Slight",1,"Slight","Pedestrian","Pedestrian","Female",86,"Unclassified","Unknown",20,NA,"On footway or verge","Unknown or other",419911,445189,"E01011574",1,"Not at junction or within 20 metres","Daylight","Fine no high winds","Wet or damp","Pedestrian"
"5427","2016133230777",2016-02-03,2016,"Feb",3,"12:15",12,15,"Wednesday","Serious",1,"Serious","Pedestrian","Pedestrian","Female",86,"Unclassified","Single carriageway",20,"Unclassified","In carriageway, crossing elsewhere","Crossing from driver's offside",426013,433936,"E01032499",1,"T or staggered junction","Daylight","Fine no high winds","Dry","Pedestrian"
"5428","2016133230659",2016-02-03,2016,"Feb",3,"13:06",13,6,"Wednesday","Slight",2,"Slight","Car occupant","Passenger","Female",28,"Unclassified","Single carriageway",30,NA,"Not a Pedestrian","Not a Pedestrian",429466,427604,"E01011493",2,"Not at junction or within 20 metres","Daylight","Fine no high winds","Dry","Car occupant"
"5429","2016133230659",2016-02-03,2016,"Feb",3,"13:06",13,6,"Wednesday","Slight",2,"Slight","Car occupant","Driver or rider","Male",48,"Unclassified","Single carriageway",30,NA,"Not a Pedestrian","Not a Pedestrian",429466,427604,"E01011493",2,"Not at junction or within 20 metres","Daylight","Fine no high winds","Dry","Car occupant"
"5430","2016133230661",2016-02-03,2016,"Feb",3,"13:19",13,19,"Wednesday","Slight",1,"Slight","Car occupant","Passenger","Female",47,"A","Slip road",30,"Unclassified","Not a Pedestrian","Not a Pedestrian",429373,433781,"E01011678",3,"Crossroads","Daylight","Fine no high winds","Dry","Car occupant"
"5431","2016133230666",2016-02-03,2016,"Feb",3,"13:21",13,21,"Wednesday","Slight",1,"Slight","Pedestrian","Pedestrian","Female",24,"A","Single carriageway",30,NA,"In carriageway, crossing elsewhere","Crossing from driver's offside",439049,426668,"E01011393",1,"Not at junction or within 20 metres","Daylight","Fine no high winds","Dry","Pedestrian"
"5432","2016133230848",2016-02-03,2016,"Feb",3,"15:07",15,7,"Wednesday","Serious",3,"Slight","Car occupant","Driver or rider","Female",80,"A","Single carriageway",30,"Unclassified","Not a Pedestrian","Not a Pedestrian",420428,440372,"E01011277",3,"T or staggered junction","Daylight","Unknown","Dry","Car occupant"
"5433","2016133230848",2016-02-03,2016,"Feb",3,"15:07",15,7,"Wednesday","Serious",3,"Serious","Car occupant","Passenger","Female",83,"A","Single carriageway",30,"Unclassified","Not a Pedestrian","Not a Pedestrian",420428,440372,"E01011277",3,"T or staggered junction","Daylight","Unknown","Dry","Car occupant"
"5434","2016133230848",2016-02-03,2016,"Feb",3,"15:07",15,7,"Wednesday","Serious",3,"Slight","Car occupant","Driver or rider","Male",42,"A","Single carriageway",30,"Unclassified","Not a Pedestrian","Not a Pedestrian",420428,440372,"E01011277",3,"T or staggered junction","Daylight","Unknown","Dry","Car occupant"
"5435","2016133231217",2016-02-03,2016,"Feb",3,"15:13",15,13,"Wednesday","Slight",1,"Slight","Bus or coach occupant (17 or more pass seats)","Passenger","Male",77,"Unclassified","Single carriageway",30,NA,"Not a Pedestrian","Not a Pedestrian",432844,434994,"E01011431",2,"Not at junction or within 20 metres","Daylight","Fine no high winds","Wet or damp","Bus and goods vehicle occupant"
"5436","2016133231235",2016-02-03,2016,"Feb",3,"16:20",16,20,"Wednesday","Slight",1,"Slight","Car occupant","Driver or rider","Female",32,"A","Single carriageway",30,"Unclassified","Not a Pedestrian","Not a Pedestrian",429109,433552,"E01033008",2,"More than 4 arms (not roundabout)","Daylight","Unknown","Dry","Car occupant"
"5437","2016133231158",2016-02-03,2016,"Feb",3,"17:47",17,47,"Wednesday","Slight",1,"Slight","Car occupant","Driver or rider","Female",41,"Motorway","Dual carriageway",50,NA,"Not a Pedestrian","Not a Pedestrian",431027,430577,"E01011471",3,"Not at junction or within 20 metres","Darkness - lights lit","Fine no high winds","Dry","Car occupant"
"5438","2016133240129",2016-02-04,2016,"Feb",4,"04:00",4,0,"Thursday","Serious",2,"Serious","Pedestrian","Pedestrian","Male",20,"Unclassified","Dual carriageway",30,"A","Crossing elsewhere within 50m. of pedestrian crossing","Crossing from driver's nearside",429514,433793,"E01033008",1,"T or staggered junction","Darkness - lights lit","Raining no high winds","Wet or damp","Pedestrian"
"5439","2016133240129",2016-02-04,2016,"Feb",4,"04:00",4,0,"Thursday","Serious",2,"Slight","Taxi/Private hire car occupant","Passenger","Female",19,"Unclassified","Dual carriageway",30,"A","Not a Pedestrian","Not a Pedestrian",429514,433793,"E01033008",1,"T or staggered junction","Darkness - lights lit","Raining no high winds","Wet or damp","Car occupant"
"5440","2016133241275",2016-02-04,2016,"Feb",4,"18:04",18,4,"Thursday","Slight",1,"Slight","Car occupant","Passenger","Male",8,"Unclassified","Single carriageway",30,"Unclassified","Not a Pedestrian","Not a Pedestrian",432823,435217,"E01011431",2,"T or staggered junction","Daylight","Fine no high winds","Dry","Car occupant"
"5441","2016133241773",2016-02-04,2016,"Feb",4,"23:05",23,5,"Thursday","Slight",2,"Slight","Car occupant","Passenger","Female",31,"Unclassified","Single carriageway",30,NA,"Not a Pedestrian","Not a Pedestrian",429146,433505,"E01033015",3,"Not at junction or within 20 metres","Darkness - lights lit","Fine no high winds","Dry","Car occupant"
"5442","2016133241773",2016-02-04,2016,"Feb",4,"23:05",23,5,"Thursday","Slight",2,"Slight","Car occupant","Passenger","Female",23,"Unclassified","Single carriageway",30,NA,"Not a Pedestrian","Not a Pedestrian",429146,433505,"E01033015",3,"Not at junction or within 20 metres","Darkness - lights lit","Fine no high winds","Dry","Car occupant"
"5443","2016133250020",2016-02-05,2016,"Feb",5,"00:05",0,5,"Friday","Serious",1,"Serious","Pedestrian","Pedestrian","Male",22,"Unclassified","Dual carriageway",30,NA,"In carriageway, crossing elsewhere","Crossing from driver's offside",429937,433040,"E01033016",1,"Not at junction or within 20 metres","Darkness - lights lit","Fine no high winds","Dry","Pedestrian"