"","accident_index","date","year","month","day","time","time_hour","time_minute","day_of_week","accident_severity","number_of_casualties","casualty_severity","casualty_type","casualty_class","sex_of_casualty","age_of_casualty","first_road_class","road_type","speed_limit","second_road_class","pedestrian_location","pedestrian_movement","location_easting_osgr","location_northing_osgr","lsoa_of_accident_location","number_of_vehicles","junction_detail","light_conditions","weather_conditions","road_surface_conditions","cas_type"
"5444","2016133250763",2016-02-05,2016,"Feb",5,"13:37",13,37,"Friday","Serious",3,"Serious","Motorcycle 125cc and under rider or passenger","Driver or rider","Male",22,"Unclassified","Single carriageway",30,NA,"Not a Pedestrian","Not a Pedestrian",427967,435720,"E01011440",1,"Not at junction or within 20 metres","Daylight","Fine no high winds","Dry","Motorcyclist and pillion"
"5445","2016133250763",2016-02-05,2016,"Feb",5,"13:37",13,37,"Friday","Serious",3,"Slight","Pedestrian","Pedestrian","Female",52,"Unclassified","Single carriageway",30,NA,"On footway or verge","Unknown or other",427967,435720,"E01011440",1,"Not at junction or within 20 metres","Daylight","Fine no high winds","Dry","Pedestrian"
"5446","2016133250763",2016-02-05,2016,"Feb",5,"13:37",13,37,"Friday","Serious",3,"Slight","Pedestrian","Pedestrian","Female",38,"Unclassified","Single carriageway",30,NA,"On footway or verge","Unknown or other",427967,435720,"E01011440",1,"Not at junction or within 20 metres","Daylight","Fine no high winds","Dry","Pedestrian"
"5447","2016133250808",2016-02-05,2016,"Feb",5,"13:59",13,59,"Friday","Slight",1,"Slight","Car occupant","Driver or rider","Male",50,"A","Single carriageway",30,"Unclassified","Not a Pedestrian","Not a Pedestrian",427749,436433,"E01011435",2,"Crossroads","Daylight","Fine no high winds","Dry","Car occupant"
"5448","2016133250909",2016-02-05,2016,"Feb",5,"14:45",14,45,"Friday","Slight",2,"Slight","Car occupant","Driver or rider","Male",29,"Unclassified","Single carriageway",30,"Unclassified","Not a Pedestrian","Not a Pedestrian",427283,433766,"E01011284",2,"Crossroads","Daylight","Fine no high winds","Dry","Car occupant"
"5449","2016133250909",2016-02-05,2016,"Feb",5,"14:45",14,45,"Friday","Slight",2,"Slight","Car occupant","Driver or rider","Male",52,"Unclassified","Single carriageway",30,"Unclassified","Not a Pedestrian","Not a Pedestrian",427283,433766,"E01011284",2,"Crossroads","Daylight","Fine no high winds","Dry","Car occupant"
"5450","2016133251140",2016-02-05,2016,"Feb",5,"16:39",16,39,"Friday","Slight",1,"Slight","Cyclist","Driver or rider","Male",24,"Unclassified","Single carriageway",30,"B","Not a Pedestrian","Not a Pedestrian",429461,436019,"E01011669",2,"Crossroads","Darkness - lights lit","Unknown","Dry","Cyclist"
"5451","2016133260392",2016-02-06,2016,"Feb",6,"08:40",8,40,"Saturday","Slight",1,"Slight","Car occupant","Passenger","Female",22,"A","Single carriageway",50,NA,"Not a Pedestrian","Not a Pedestrian",435658,440202,"E01011311",1,"Not at junction or within 20 metres","Daylight","Raining no high winds","Wet or damp","Car occupant"
"5452","2016133261553",2016-02-06,2016,"Feb",6,"11:30",11,30,"Saturday","Slight",1,"Slight","Cyclist","Driver or rider","Male",40,"A","Single carriageway",30,"Unclassified","Not a Pedestrian","Not a Pedestrian",428307,434106,"E01011681",2,"Private drive or entrance","Daylight","Unknown","Dry","Cyclist"
"5453","2016133260640",2016-02-06,2016,"Feb",6,"12:14",12,14,"Saturday","Slight",1,"Slight","Car occupant","Driver or rider","Male",70,"Motorway","Dual carriageway",70,NA,"Not a Pedestrian","Not a Pedestrian",431034,424695,"E01011537",2,"Not at junction or within 20 metres","Daylight","Raining no high winds","Wet or damp","Car occupant"
"5454","2016133260782",2016-02-06,2016,"Feb",6,"13:44",13,44,"Saturday","Slight",1,"Slight","Car occupant","Driver or rider","Female",43,"A","Single carriageway",40,NA,"Not a Pedestrian","Not a Pedestrian",436518,434022,"E01011412",2,"Not at junction or within 20 metres","Daylight","Raining no high winds","Wet or damp","Car occupant"
"5455","2016133261079",2016-02-06,2016,"Feb",6,"16:45",16,45,"Saturday","Serious",1,"Serious","Motorcycle over 125cc and up to 500cc rider or  passenger","Passenger","Male",18,"Unclassified","Single carriageway",30,NA,"Not a Pedestrian","Not a Pedestrian",431603,426687,"E01011499",2,"Not at junction or within 20 metres","Daylight","Fine no high winds","Wet or damp","Motorcyclist and pillion"
"5456","2016133261181",2016-02-06,2016,"Feb",6,"17:34",17,34,"Saturday","Slight",1,"Slight","Car occupant","Passenger","Female",37,"A","Single carriageway",30,"A","Not a Pedestrian","Not a Pedestrian",434792,437967,"E01011650",2,"Roundabout","Daylight","Unknown","Dry","Car occupant"
"5457","2016133280323",2016-02-06,2016,"Feb",6,"22:20",22,20,"Saturday","Slight",1,"Slight","Pedestrian","Pedestrian","Female",46,"Unclassified","Single carriageway",30,NA,"Unknown or other","Unknown or other",430233,433333,"E01033010",1,"Not at junction or within 20 metres","Darkness - lights lit","Unknown","Dry","Pedestrian"
"5458","2016133271019",2016-02-07,2016,"Feb",7,"15:12",15,12,"Sunday","Slight",1,"Slight","Bus or coach occupant (17 or more pass seats)","Passenger","Female",4,"A","Single carriageway",30,NA,"Not a Pedestrian","Not a Pedestrian",424689,435030,"E01011336",1,"Not at junction or within 20 metres","Daylight","Unknown","Dry","Bus and goods vehicle occupant"
"5459","2016133271173",2016-02-07,2016,"Feb",7,"18:00",18,0,"Sunday","Slight",4,"Slight","Car occupant","Driver or rider","Female",69,"B","Single carriageway",30,"Unclassified","Not a Pedestrian","Not a Pedestrian",435942,433600,"E01011416",2,"T or staggered junction","Darkness - lights lit","Raining + high winds","Wet or damp","Car occupant"
"5460","2016133271173",2016-02-07,2016,"Feb",7,"18:00",18,0,"Sunday","Slight",4,"Slight","Car occupant","Driver or rider","Male",38,"B","Single carriageway",30,"Unclassified","Not a Pedestrian","Not a Pedestrian",435942,433600,"E01011416",2,"T or staggered junction","Darkness - lights lit","Raining + high winds","Wet or damp","Car occupant"
"5461","2016133271173",2016-02-07,2016,"Feb",7,"18:00",18,0,"Sunday","Slight",4,"Slight","Car occupant","Passenger","Male",18,"B","Single carriageway",30,"Unclassified","Not a Pedestrian","Not a Pedestrian",435942,433600,"E01011416",2,"T or staggered junction","Darkness - lights lit","Raining + high winds","Wet or damp","Car occupant"
"5462","2016133271173",2016-02-07,2016,"Feb",7,"18:00",18,0,"Sunday","Slight",4,"Slight","Car occupant","Passenger","Female",2,"B","Single carriageway",30,"Unclassified","Not a Pedestrian","Not a Pedestrian",435942,433600,"E01011416",2,"T or staggered junction","Darkness - lights lit","Raining + high winds","Wet or damp","Car occupant"
"5463","2016133271224",2016-02-07,2016,"Feb",7,"18:30",18,30,"Sunday","Slight",2,"Slight","Car occupant","Driver or rider","Female",72,"Unclassified","Single carriageway",30,NA,"Not a Pedestrian","Not a Pedestrian",433388,435467,"E01011431",2,"Not at junction or within 20 metres","Darkness - lighting unknown","Unknown","Dry","Car occupant"
"5464","2016133271224",2016-02-07,2016,"Feb",7,"18:30",18,30,"Sunday","Slight",2,"Slight","Car occupant","Passenger","Male",80,"Unclassified","Single carriageway",30,NA,"Not a Pedestrian","Not a Pedestrian",433388,435467,"E01011431",2,"Not at junction or within 20 metres","Darkness - lighting unknown","Unknown","Dry","Car occupant"
"5465","2016133271461",2016-02-07,2016,"Feb",7,"21:05",21,5,"Sunday","Slight",3,"Slight","Car occupant","Driver or rider","Female",35,"Motorway","Unknown",70,NA,"Not a Pedestrian","Not a Pedestrian",436117,431173,"E01011420",4,"Not at junction or within 20 metres","Darkness - no lighting","Raining + high winds","Wet or damp","Car occupant"
"5466","2016133271461",2016-02-07,2016,"Feb",7,"21:05",21,5,"Sunday","Slight",3,"Slight","Car occupant","Passenger","Female",3,"Motorway","Unknown",70,NA,"Not a Pedestrian","Not a Pedestrian",436117,431173,"E01011420",4,"Not at junction or within 20 metres","Darkness - no lighting","Raining + high winds","Wet or damp","Car occupant"
"5467","2016133271461",2016-02-07,2016,"Feb",7,"21:05",21,5,"Sunday","Slight",3,"Slight","Car occupant","Passenger","Female",5,"Motorway","Unknown",70,NA,"Not a Pedestrian","Not a Pedestrian",436117,431173,"E01011420",4,"Not at junction or within 20 metres","Darkness - no lighting","Raining + high winds","Wet or damp","Car occupant"
"5468","2016133271538",2016-02-07,2016,"Feb",7,"22:05",22,5,"Sunday","Slight",1,"Slight","Taxi/Private hire car occupant","Driver or rider","Male",48,"Unclassified","Single carriageway",30,"Unclassified","Not a Pedestrian","Not a Pedestrian",428096,434513,"E01011481",2,"Crossroads","Darkness - lights lit","Raining no high winds","Wet or damp","Car occupant"
"5469","2016133280172",2016-02-08,2016,"Feb",8,"07:25",7,25,"Monday","Slight",1,"Slight","Motorcycle 125cc and under rider or passenger","Driver or rider","Male",25,"Unclassified","Single carriageway",30,NA,"Not a Pedestrian","Not a Pedestrian",428266,435438,"E01011442",2,"Not at junction or within 20 metres","Daylight","Raining + high winds","Wet or damp","Motorcyclist and pillion"
"5470","2016133280245",2016-02-08,2016,"Feb",8,"08:47",8,47,"Monday","Slight",1,"Slight","Car occupant","Driver or rider","Male",24,"A","Dual carriageway",40,NA,"Not a Pedestrian","Not a Pedestrian",432569,429755,"E01011470",2,"Not at junction or within 20 metres","Daylight","Raining no high winds","Wet or damp","Car occupant"
"5471","2016133280497",2016-02-08,2016,"Feb",8,"11:35",11,35,"Monday","Slight",1,"Slight","Cyclist","Driver or rider","Male",29,"Unclassified","Single carriageway",30,"Unclassified","Not a Pedestrian","Not a Pedestrian",431763,434251,"E01011677",2,"T or staggered junction","Daylight","Raining no high winds","Wet or damp","Cyclist"
"5472","2016133280742",2016-02-08,2016,"Feb",8,"14:07",14,7,"Monday","Slight",1,"Slight","Car occupant","Passenger","Male",46,"Unclassified","Single carriageway",30,"Unclassified","Not a Pedestrian","Not a Pedestrian",423180,438141,"E01011461",2,"T or staggered junction","Daylight","Fine no high winds","Wet or damp","Car occupant"
"5473","2016133281144",2016-02-08,2016,"Feb",8,"17:25",17,25,"Monday","Serious",2,"Serious","Taxi/Private hire car occupant","Driver or rider","Male",36,"Unclassified","Single carriageway",30,"Unclassified","Not a Pedestrian","Not a Pedestrian",432344,434497,"E01011347",3,"T or staggered junction","Darkness - lights lit","Fine no high winds","Wet or damp","Car occupant"
"5474","2016133281144",2016-02-08,2016,"Feb",8,"17:25",17,25,"Monday","Serious",2,"Slight","Car occupant","Driver or rider","Female",22,"Unclassified","Single carriageway",30,"Unclassified","Not a Pedestrian","Not a Pedestrian",432344,434497,"E01011347",3,"T or staggered junction","Darkness - lights lit","Fine no high winds","Wet or damp","Car occupant"
"5475","2016133281345",2016-02-08,2016,"Feb",8,"19:20",19,20,"Monday","Slight",1,"Slight","Cyclist","Driver or rider","Female",23,"A","Roundabout",40,"A","Not a Pedestrian","Not a Pedestrian",426852,438038,"E01011685",2,"Roundabout","Darkness - lights lit","Raining + high winds","Wet or damp","Cyclist"
"5476","2016133290799",2016-02-09,2016,"Feb",9,"02:45",2,45,"Tuesday","Slight",1,"Slight","Motorcycle 125cc and under rider or passenger","Driver or rider","Male",20,"A","Dual carriageway",40,"Unclassified","Not a Pedestrian","Not a Pedestrian",425915,432238,"E01011737",2,"T or staggered junction","Daylight","Fine no high winds","Dry","Motorcyclist and pillion"
"5477","2016133290175",2016-02-09,2016,"Feb",9,"07:19",7,19,"Tuesday","Slight",1,"Slight","Motorcycle 125cc and under rider or passenger","Driver or rider","Male",20,"Unclassified","Single carriageway",20,"Unclassified","Not a Pedestrian","Not a Pedestrian",424970,435142,"E01011332",2,"T or staggered junction","Daylight","Raining no high winds","Wet or damp","Motorcyclist and pillion"
"5478","2016133290295",2016-02-09,2016,"Feb",9,"09:15",9,15,"Tuesday","Slight",1,"Slight","Car occupant","Driver or rider","Male",40,"A","Dual carriageway",40,NA,"Not a Pedestrian","Not a Pedestrian",428024,433585,"E01011294",5,"Not at junction or within 20 metres","Daylight","Fine no high winds","Wet or damp","Car occupant"
"5479","2016133290404",2016-02-09,2016,"Feb",9,"10:30",10,30,"Tuesday","Serious",1,"Serious","Car occupant","Driver or rider","Female",20,"Unclassified","Dual carriageway",30,"A","Not a Pedestrian","Not a Pedestrian",436085,434788,"E01011345",2,"Roundabout","Daylight","Fine no high winds","Dry","Car occupant"
"5480","2016133290649",2016-02-09,2016,"Feb",9,"12:55",12,55,"Tuesday","Slight",1,"Slight","Pedestrian","Pedestrian","Female",70,"Unclassified","Single carriageway",30,NA,"In carriageway, not crossing","Walking along in carriageway, facing traffic",436212,434702,"E01011408",1,"Not at junction or within 20 metres","Daylight","Unknown","Dry","Pedestrian"
"5481","20161332O0549",2016-02-09,2016,"Feb",9,"15:55",15,55,"Tuesday","Slight",1,"Slight","Pedestrian","Pedestrian","Female",15,"Unclassified","Single carriageway",30,"Unclassified","On footway or verge","Unknown or other",437308,435785,"E01011407",1,"T or staggered junction","Daylight","Unknown","Dry","Pedestrian"
"5482","2016133291007",2016-02-09,2016,"Feb",9,"16:20",16,20,"Tuesday","Slight",1,"Slight","Car occupant","Driver or rider","Female",44,"Unclassified","Dual carriageway",30,NA,"Not a Pedestrian","Not a Pedestrian",430409,431174,"E01011374",2,"Not at junction or within 20 metres","Daylight","Fine no high winds","Dry","Car occupant"
"5483","2016133290991",2016-02-09,2016,"Feb",9,"16:24",16,24,"Tuesday","Slight",1,"Slight","Car occupant","Driver or rider","Female",71,"A","Single carriageway",30,"Unclassified","Not a Pedestrian","Not a Pedestrian",436224,434331,"E01011408",2,"Other junction","Darkness - lights lit","Unknown","Dry","Car occupant"
"5484","2016133291018",2016-02-09,2016,"Feb",9,"16:35",16,35,"Tuesday","Slight",1,"Slight","Cyclist","Driver or rider","Female",14,"Unclassified","One way street",30,"Unclassified","Not a Pedestrian","Not a Pedestrian",425412,434440,"E01011283",2,"T or staggered junction","Daylight","Fine no high winds","Dry","Cyclist"
"5485","2016133291048",2016-02-09,2016,"Feb",9,"16:48",16,48,"Tuesday","Slight",1,"Slight","Car occupant","Driver or rider","Female",32,"A","Single carriageway",30,NA,"Not a Pedestrian","Not a Pedestrian",424556,437051,"E01011453",2,"Not at junction or within 20 metres","Daylight","Fine no high winds","Dry","Car occupant"
"5486","2016133291328",2016-02-09,2016,"Feb",9,"19:11",19,11,"Tuesday","Slight",1,"Slight","Car occupant","Driver or rider","Male",42,"A","Dual carriageway",30,"A","Not a Pedestrian","Not a Pedestrian",426819,438050,"E01011687",2,"Roundabout","Daylight","Fine no high winds","Dry","Car occupant"
"5487","20161332A0287",2016-02-10,2016,"Feb",10,"08:35",8,35,"Wednesday","Slight",1,"Slight","Cyclist","Driver or rider","Male",25,"A","Single carriageway",30,"Unclassified","Not a Pedestrian","Not a Pedestrian",431131,431918,"E01011467",2,"T or staggered junction","Daylight","Unknown","Dry","Cyclist"
"5488","20161332A0255",2016-02-10,2016,"Feb",10,"08:38",8,38,"Wednesday","Slight",1,"Slight","Pedestrian","Pedestrian","Female",41,"Unclassified","Single carriageway",30,"B","In carriageway, crossing elsewhere","Crossing from driver's nearside",431616,436135,"E01011359",1,"T or staggered junction","Daylight","Fine no high winds","Dry","Pedestrian"
"5489","20161332A0786",2016-02-10,2016,"Feb",10,"14:05",14,5,"Wednesday","Serious",1,"Serious","Motorcycle 125cc and under rider or passenger","Driver or rider","Male",40,"A","Single carriageway",30,NA,"Not a Pedestrian","Not a Pedestrian",423481,437594,"E01011454",2,"Not at junction or within 20 metres","Daylight","Fine no high winds","Dry","Motorcyclist and pillion"
"5490","20161332A1014",2016-02-10,2016,"Feb",10,"16:00",16,0,"Wednesday","Slight",1,"Slight","Pedestrian","Pedestrian","Male",77,"A","Slip road",60,NA,"Unknown or other","Unknown or other",423866,434241,"E01011608",1,"Not at junction or within 20 metres","Daylight","Fine no high winds","Dry","Pedestrian"
"5491","20161332A1044",2016-02-10,2016,"Feb",10,"16:00",16,0,"Wednesday","Slight",1,"Slight","Car occupant","Passenger","Female",73,"A","Single carriageway",30,NA,"Not a Pedestrian","Not a Pedestrian",434148,436938,"E01011644",2,"Not at junction or within 20 metres","Daylight","Fine no high winds","Dry","Car occupant"
"5492","20161332A1238",2016-02-10,2016,"Feb",10,"18:00",18,0,"Wednesday","Slight",5,"Slight","Car occupant","Driver or rider","Female",65,"A","Dual carriageway",30,NA,"Not a Pedestrian","Not a Pedestrian",427162,437352,"E01011690",3,"Not at junction or within 20 metres","Darkness - lights lit","Fine no high winds","Dry","Car occupant"
"5493","20161332A1238",2016-02-10,2016,"Feb",10,"18:00",18,0,"Wednesday","Slight",5,"Slight","Car occupant","Passenger","Female",7,"A","Dual carriageway",30,NA,"Not a Pedestrian","Not a Pedestrian",427162,437352,"E01011690",3,"Not at junction or within 20 metres","Darkness - lights lit","Fine no high winds","Dry","Car occupant"
"5494","20161332A1238",2016-02-10,2016,"Feb",10,"18:00",18,0,"Wednesday","Slight",5,"Slight","Car occupant","Passenger","Female",16,"A","Dual carriageway",30,NA,"Not a Pedestrian","Not a Pedestrian",427162,437352,"E01011690",3,"Not at junction or within 20 metres","Darkness - lights lit","Fine no high winds","Dry","Car occupant"
"5495","20161332A1238",2016-02-10,2016,"Feb",10,"18:00",18,0,"Wednesday","Slight",5,"Slight","Car occupant","Passenger","Female",15,"A","Dual carriageway",30,NA,"Not a Pedestrian","Not a Pedestrian",427162,437352,"E01011690",3,"Not at junction or within 20 metres","Darkness - lights lit","Fine no high winds","Dry","Car occupant"
"5496","20161332A1238",2016-02-10,2016,"Feb",10,"18:00",18,0,"Wednesday","Slight",5,"Slight","Car occupant","Passenger","Female",15,"A","Dual carriageway",30,NA,"Not a Pedestrian","Not a Pedestrian",427162,437352,"E01011690",3,"Not at junction or within 20 metres","Darkness - lights lit","Fine no high winds","Dry","Car occupant"
"5497","20161332A1442",2016-02-10,2016,"Feb",10,"19:29",19,29,"Wednesday","Slight",1,"Slight","Car occupant","Driver or rider","Male",30,"A","Single carriageway",30,"A","Not a Pedestrian","Not a Pedestrian",424218,428259,"E01011523",2,"Roundabout","Darkness - lights lit","Unknown","Dry","Car occupant"
"5498","20161332A1438",2016-02-10,2016,"Feb",10,"19:30",19,30,"Wednesday","Slight",1,"Slight","Car occupant","Driver or rider","Female",30,"Unclassified","Roundabout",30,"Unclassified","Not a Pedestrian","Not a Pedestrian",425058,433373,"E01011727",2,"Roundabout","Darkness - lights lit","Fine no high winds","Dry","Car occupant"
"5499","20161332A1660",2016-02-10,2016,"Feb",10,"21:30",21,30,"Wednesday","Slight",1,"Slight","Car occupant","Driver or rider","Male",31,"Unclassified","Single carriageway",30,"Unclassified","Not a Pedestrian","Not a Pedestrian",430437,434358,"E01033002",2,"T or staggered junction","Darkness - lights lit","Fine no high winds","Dry","Car occupant"
"5500","20161332B0228",2016-02-11,2016,"Feb",11,"08:05",8,5,"Thursday","Slight",1,"Slight","Car occupant","Driver or rider","Female",43,"A","Single carriageway",30,"Unclassified","Not a Pedestrian","Not a Pedestrian",442702,445791,"E01011709",2,"T or staggered junction","Daylight","Fine no high winds","Dry","Car occupant"
"5501","20161332B0328",2016-02-11,2016,"Feb",11,"08:35",8,35,"Thursday","Slight",1,"Slight","Car occupant","Driver or rider","Female",20,"Motorway","Dual carriageway",70,NA,"Not a Pedestrian","Not a Pedestrian",436841,431001,"E01011420",3,"Not at junction or within 20 metres","Daylight","Fine no high winds","Dry","Car occupant"
"5502","20161332B0285",2016-02-11,2016,"Feb",11,"08:46",8,46,"Thursday","Slight",1,"Slight","Car occupant","Driver or rider","Female",39,"A","Dual carriageway",40,"Unclassified","Not a Pedestrian","Not a Pedestrian",438581,432673,"E01011402",2,"T or staggered junction","Daylight","Fine no high winds","Wet or damp","Car occupant"
"5503","20161332B0846",2016-02-11,2016,"Feb",11,"14:50",14,50,"Thursday","Slight",1,"Slight","Car occupant","Passenger","Female",22,"Unclassified","Single carriageway",30,"Unclassified","Not a Pedestrian","Not a Pedestrian",428600,431451,"E01011369",2,"T or staggered junction","Daylight","Fine no high winds","Dry","Car occupant"
"5504","20161332B1038",2016-02-11,2016,"Feb",11,"15:30",15,30,"Thursday","Slight",1,"Slight","Cyclist","Driver or rider","Male",30,"A","Single carriageway",30,"Unclassified","Not a Pedestrian","Not a Pedestrian",427879,434381,"E01011483",2,"T or staggered junction","Daylight","Unknown","Dry","Cyclist"
"5505","20161332B1286",2016-02-11,2016,"Feb",11,"18:35",18,35,"Thursday","Slight",1,"Slight","Car occupant","Driver or rider","Male",19,"A","Dual carriageway",40,"Unclassified","Not a Pedestrian","Not a Pedestrian",428107,426678,"E01011540",2,"T or staggered junction","Darkness - lights lit","Fine no high winds","Dry","Car occupant"
"5506","20161332C0191",2016-02-12,2016,"Feb",12,"07:14",7,14,"Friday","Slight",1,"Slight","Car occupant","Driver or rider","Male",28,"Unclassified","Single carriageway",30,NA,"Not a Pedestrian","Not a Pedestrian",429948,433352,"E01033016",2,"Not at junction or within 20 metres","Daylight","Fine no high winds","Wet or damp","Car occupant"
"5507","20161332C0225",2016-02-12,2016,"Feb",12,"08:00",8,0,"Friday","Slight",1,"Slight","Car occupant","Passenger","Female",16,"Motorway","Dual carriageway",70,NA,"Not a Pedestrian","Not a Pedestrian",434607,430927,"E01011624",2,"Not at junction or within 20 metres","Daylight","Fine no high winds","Dry","Car occupant"
"5508","20161332D0623",2016-02-12,2016,"Feb",12,"09:00",9,0,"Friday","Slight",1,"Slight","Cyclist","Driver or rider","Female",26,"A","Single carriageway",30,"Unclassified","Not a Pedestrian","Not a Pedestrian",428340,434090,"E01011681",2,"T or staggered junction","Daylight","Fine no high winds","Dry","Cyclist"
"5509","20161332C0905",2016-02-12,2016,"Feb",12,"15:35",15,35,"Friday","Slight",1,"Slight","Pedestrian","Pedestrian","Female",10,"Unclassified","Single carriageway",30,"Unclassified","In carriageway, crossing elsewhere","Crossing from offside - masked by  parked or stationary vehicle",429135,431738,"E01011366",1,"T or staggered junction","Daylight","Fine no high winds","Wet or damp","Pedestrian"
"5510","20161332C1498",2016-02-12,2016,"Feb",12,"20:26",20,26,"Friday","Slight",1,"Slight","Car occupant","Passenger","Female",23,"Motorway","Single carriageway",50,"A","Not a Pedestrian","Not a Pedestrian",431772,430481,"E01011469",1,"Slip road","Darkness - lights lit","Fine no high winds","Wet or damp","Car occupant"
"5511","20161332C1685",2016-02-12,2016,"Feb",12,"22:06",22,6,"Friday","Slight",1,"Slight","Car occupant","Passenger","Female",48,"Motorway","Slip road",70,NA,"Not a Pedestrian","Not a Pedestrian",428264,426392,"E01011553",2,"Not at junction or within 20 metres","Darkness - lights lit","Fine no high winds","Wet or damp","Car occupant"
"5512","20161332C1731",2016-02-12,2016,"Feb",12,"22:31",22,31,"Friday","Slight",1,"Slight","Cyclist","Driver or rider","Male",51,"Unclassified","Single carriageway",30,"Unclassified","Not a Pedestrian","Not a Pedestrian",425960,434783,"E01011281",2,"T or staggered junction","Darkness - lights lit","Fine no high winds","Dry","Cyclist"
"5513","20161332D0064",2016-02-13,2016,"Feb",13,"00:35",0,35,"Saturday","Slight",1,"Slight","Pedestrian","Pedestrian","Female",30,"Unclassified","Single carriageway",30,NA,"In carriageway, not crossing","Unknown or other",430208,434927,"E01011671",1,"Not at junction or within 20 metres","Darkness - lights lit","Fine no high winds","Wet or damp","Pedestrian"
"5514","20161332D0451",2016-02-13,2016,"Feb",13,"09:00",9,0,"Saturday","Slight",4,"Slight","Car occupant","Driver or rider","Female",64,"A","Dual carriageway",40,"Unclassified","Not a Pedestrian","Not a Pedestrian",434412,434384,"E01011341",3,"Crossroads","Daylight","Unknown","Dry","Car occupant"
"5515","20161332D0451",2016-02-13,2016,"Feb",13,"09:00",9,0,"Saturday","Slight",4,"Slight","Car occupant","Driver or rider","Female",51,"A","Dual carriageway",40,"Unclassified","Not a Pedestrian","Not a Pedestrian",434412,434384,"E01011341",3,"Crossroads","Daylight","Unknown","Dry","Car occupant"
"5516","20161332D0451",2016-02-13,2016,"Feb",13,"09:00",9,0,"Saturday","Slight",4,"Slight","Car occupant","Driver or rider","Female",38,"A","Dual carriageway",40,"Unclassified","Not a Pedestrian","Not a Pedestrian",434412,434384,"E01011341",3,"Crossroads","Daylight","Unknown","Dry","Car occupant"
"5517","20161332D0451",2016-02-13,2016,"Feb",13,"09:00",9,0,"Saturday","Slight",4,"Slight","Car occupant","Passenger","Female",53,"A","Dual carriageway",40,"Unclassified","Not a Pedestrian","Not a Pedestrian",434412,434384,"E01011341",3,"Crossroads","Daylight","Unknown","Dry","Car occupant"
"5518","20161332D0826",2016-02-13,2016,"Feb",13,"13:30",13,30,"Saturday","Slight",1,"Slight","Car occupant","Passenger","Female",44,"Motorway","Dual carriageway",50,NA,"Not a Pedestrian","Not a Pedestrian",432032,430318,"E01011469",1,"Not at junction or within 20 metres","Daylight","Fine no high winds","Wet or damp","Car occupant"
"5519","20161332D1006",2016-02-13,2016,"Feb",13,"19:11",19,11,"Saturday","Slight",2,"Slight","Car occupant","Driver or rider","Female",22,"B","Dual carriageway",30,"Unclassified","Not a Pedestrian","Not a Pedestrian",428511,433057,"E01011363",2,"Roundabout","Darkness - lights lit","Unknown","Dry","Car occupant"
"5520","20161332D1006",2016-02-13,2016,"Feb",13,"19:11",19,11,"Saturday","Slight",2,"Slight","Car occupant","Passenger","Male",20,"B","Dual carriageway",30,"Unclassified","Not a Pedestrian","Not a Pedestrian",428511,433057,"E01011363",2,"Roundabout","Darkness - lights lit","Unknown","Dry","Car occupant"
"5521","20161332E0496",2016-02-14,2016,"Feb",14,"10:25",10,25,"Sunday","Serious",1,"Serious","Cyclist","Driver or rider","Male",62,"A","Single carriageway",40,"B","Not a Pedestrian","Not a Pedestrian",440576,432104,"E01011405",2,"T or staggered junction","Daylight","Fine no high winds","Dry","Cyclist"
"5522","20161332E0497",2016-02-14,2016,"Feb",14,"10:28",10,28,"Sunday","Slight",1,"Slight","Car occupant","Passenger","Female",32,"B","Single carriageway",30,NA,"Not a Pedestrian","Not a Pedestrian",426032,435589,"E01011477",2,"Not at junction or within 20 metres","Daylight","Fine no high winds","Dry","Car occupant"
"5523","20161332E0890",2016-02-14,2016,"Feb",14,"14:55",14,55,"Sunday","Slight",1,"Slight","Cyclist","Driver or rider","Male",29,"A","Dual carriageway",30,"Unclassified","Not a Pedestrian","Not a Pedestrian",427998,434352,"E01011481",2,"Crossroads","Daylight","Fine no high winds","Dry","Cyclist"
"5524","20161332F1106",2016-02-15,2016,"Feb",15,"08:30",8,30,"Monday","Slight",1,"Slight","Cyclist","Driver or rider","Male",59,"A","Single carriageway",30,NA,"Not a Pedestrian","Not a Pedestrian",430003,432901,"E01033016",2,"Not at junction or within 20 metres","Daylight","Fine no high winds","Dry","Cyclist"
"5525","20161332F0462",2016-02-15,2016,"Feb",15,"10:45",10,45,"Monday","Slight",2,"Slight","Car occupant","Driver or rider","Male",28,"A","Single carriageway",30,"Unclassified","Not a Pedestrian","Not a Pedestrian",426871,437555,"E01011685",3,"Other junction","Daylight","Fine no high winds","Dry","Car occupant"
"5526","20161332F0462",2016-02-15,2016,"Feb",15,"10:45",10,45,"Monday","Slight",2,"Slight","Car occupant","Driver or rider","Male",51,"A","Single carriageway",30,"Unclassified","Not a Pedestrian","Not a Pedestrian",426871,437555,"E01011685",3,"Other junction","Daylight","Fine no high winds","Dry","Car occupant"
"5527","20161332I1145",2016-02-15,2016,"Feb",15,"11:15",11,15,"Monday","Serious",1,"Serious","Pedestrian","Pedestrian","Male",61,"Unclassified","Single carriageway",30,"Unclassified","In carriageway, crossing elsewhere","Unknown or other",420303,445745,"E01011584",1,"T or staggered junction","Daylight","Unknown","Dry","Pedestrian"
"5528","20161332F0709",2016-02-15,2016,"Feb",15,"12:56",12,56,"Monday","Serious",1,"Serious","Pedestrian","Pedestrian","Male",9,"Unclassified","Single carriageway",30,"A","Crossing in zig-zag approach lines","Crossing from driver's offside",434799,429074,"E01011628",1,"T or staggered junction","Daylight","Fine no high winds","Frost or ice","Pedestrian"