"","accident_index","date","year","month","day","time","time_hour","time_minute","day_of_week","accident_severity","number_of_casualties","casualty_severity","casualty_type","casualty_class","sex_of_casualty","age_of_casualty","first_road_class","road_type","speed_limit","second_road_class","pedestrian_location","pedestrian_movement","location_easting_osgr","location_northing_osgr","lsoa_of_accident_location","number_of_vehicles","junction_detail","light_conditions","weather_conditions","road_surface_conditions","cas_type"
"5529","20161332F1408",2016-02-15,2016,"Feb",15,"18:47",18,47,"Monday","Slight",1,"Slight","Car occupant","Driver or rider","Female",22,"Unclassified","Single carriageway",60,NA,"Not a Pedestrian","Not a Pedestrian",429810,424615,"E01011536",1,"Not at junction or within 20 metres","Darkness - no lighting","Raining no high winds","Frost or ice","Car occupant"
"5530","20161332F1793",2016-02-15,2016,"Feb",15,"22:44",22,44,"Monday","Serious",1,"Serious","Taxi/Private hire car occupant","Driver or rider","Male",67,"A","Single carriageway",40,"Unclassified","Not a Pedestrian","Not a Pedestrian",430584,438148,"E01011515",3,"Private drive or entrance","Darkness - lights lit","Fine no high winds","Dry","Car occupant"
"5531","20161332G0261",2016-02-16,2016,"Feb",16,"08:05",8,5,"Tuesday","Slight",1,"Slight","Car occupant","Driver or rider","Female",25,"A","Single carriageway",30,NA,"Not a Pedestrian","Not a Pedestrian",443407,445396,"E01011711",3,"Not at junction or within 20 metres","Daylight","Fine no high winds","Frost or ice","Car occupant"
"5532","20161332G0480",2016-02-16,2016,"Feb",16,"10:00",10,0,"Tuesday","Slight",1,"Slight","Cyclist","Driver or rider","Male",53,"A","Dual carriageway",40,NA,"Not a Pedestrian","Not a Pedestrian",426888,438864,"E01032876",2,"Not at junction or within 20 metres","Daylight","Fine no high winds","Dry","Cyclist"
"5533","20161332G0429",2016-02-16,2016,"Feb",16,"10:20",10,20,"Tuesday","Slight",1,"Slight","Car occupant","Driver or rider","Female",20,"Unclassified","Single carriageway",30,NA,"Not a Pedestrian","Not a Pedestrian",420675,440811,"E01011274",5,"Not at junction or within 20 metres","Daylight","Fine no high winds","Dry","Car occupant"
"5534","20161332H0896",2016-02-16,2016,"Feb",16,"15:30",15,30,"Tuesday","Slight",1,"Slight","Cyclist","Driver or rider","Male",26,"Unclassified","Single carriageway",30,"Unclassified","Not a Pedestrian","Not a Pedestrian",431923,434803,"E01011433",2,"Roundabout","Daylight","Unknown","Dry","Cyclist"
"5535","20161332G1099",2016-02-16,2016,"Feb",16,"16:16",16,16,"Tuesday","Slight",1,"Slight","Car occupant","Driver or rider","Female",45,"A","Single carriageway",30,NA,"Not a Pedestrian","Not a Pedestrian",430051,431064,"E01011312",2,"Not at junction or within 20 metres","Daylight","Fine no high winds","Dry","Car occupant"
"5536","2016133380981",2016-02-16,2016,"Feb",16,"17:20",17,20,"Tuesday","Slight",1,"Slight","Car occupant","Driver or rider","Female",53,"Unclassified","Single carriageway",30,"Unclassified","Not a Pedestrian","Not a Pedestrian",435201,434868,"E01011667",2,"Private drive or entrance","Darkness - lighting unknown","Unknown","Dry","Car occupant"
"5537","20161332G1604",2016-02-16,2016,"Feb",16,"20:27",20,27,"Tuesday","Slight",1,"Slight","Mobility scooter rider","Driver or rider","Female",46,"Unclassified","Single carriageway",30,"Unclassified","Not a Pedestrian","Not a Pedestrian",430421,433462,"E01033011",2,"Crossroads","Darkness - lights lit","Fine no high winds","Wet or damp","Others"
"5538","20161332G1701",2016-02-16,2016,"Feb",16,"21:32",21,32,"Tuesday","Slight",1,"Slight","Car occupant","Driver or rider","Male",26,"A","Single carriageway",50,NA,"Not a Pedestrian","Not a Pedestrian",429099,426571,"E01011538",1,"Not at junction or within 20 metres","Darkness - lights lit","Fine no high winds","Wet or damp","Car occupant"
"5539","20161332H0532",2016-02-17,2016,"Feb",17,"10:54",10,54,"Wednesday","Slight",1,"Slight","Pedestrian","Pedestrian","Female",15,"Unclassified","Single carriageway",30,NA,"Crossing on pedestrian crossing facility","Crossing from driver's nearside",428838,440110,"E01011554",1,"Not at junction or within 20 metres","Daylight","Unknown","Wet or damp","Pedestrian"
"5540","20161332H1090",2016-02-17,2016,"Feb",17,"17:15",17,15,"Wednesday","Slight",1,"Slight","Pedestrian","Pedestrian","Male",17,"Unclassified","Single carriageway",30,NA,"On footway or verge","Unknown or other",425600,440033,"E01011379",1,"Not at junction or within 20 metres","Darkness - lights lit","Unknown","Wet or damp","Pedestrian"
"5541","20161332H1691",2016-02-17,2016,"Feb",17,"18:30",18,30,"Wednesday","Slight",1,"Slight","Car occupant","Driver or rider","Male",27,"Unclassified","Single carriageway",30,"Unclassified","Not a Pedestrian","Not a Pedestrian",429702,433456,"E01033008",2,"T or staggered junction","Darkness - lights lit","Unknown","Dry","Car occupant"
"5542","20161332H1254",2016-02-17,2016,"Feb",17,"19:05",19,5,"Wednesday","Slight",1,"Slight","Car occupant","Passenger","Female",49,"Unclassified","Single carriageway",30,NA,"Not a Pedestrian","Not a Pedestrian",432145,435890,"E01011647",4,"Not at junction or within 20 metres","Darkness - lights lit","Raining no high winds","Wet or damp","Car occupant"
"5543","20161332J0881",2016-02-18,2016,"Feb",18,"07:30",7,30,"Thursday","Slight",1,"Slight","Bus or coach occupant (17 or more pass seats)","Driver or rider","Male",46,"A","Dual carriageway",70,NA,"Not a Pedestrian","Not a Pedestrian",421020,434317,"E01011599",2,"Not at junction or within 20 metres","Daylight","Fine no high winds","Wet or damp","Bus and goods vehicle occupant"
"5544","20161332I0253",2016-02-18,2016,"Feb",18,"08:05",8,5,"Thursday","Slight",1,"Slight","Car occupant","Driver or rider","Male",35,"Unclassified","Single carriageway",30,NA,"Not a Pedestrian","Not a Pedestrian",440004,442847,"E01011712",1,"Not at junction or within 20 metres","Daylight","Fine no high winds","Frost or ice","Car occupant"
"5545","20161332I0593",2016-02-18,2016,"Feb",18,"12:09",12,9,"Thursday","Slight",1,"Slight","Car occupant","Passenger","Female",45,"Unclassified","Single carriageway",30,"Unclassified","Not a Pedestrian","Not a Pedestrian",420715,440962,"E01011274",2,"T or staggered junction","Daylight","Unknown","Dry","Car occupant"
"5546","20161332I0616",2016-02-18,2016,"Feb",18,"12:20",12,20,"Thursday","Slight",1,"Slight","Cyclist","Driver or rider","Male",63,"Unclassified","Single carriageway",30,"Unclassified","Not a Pedestrian","Not a Pedestrian",429028,437510,"E01011688",2,"Crossroads","Daylight","Fine no high winds","Dry","Cyclist"
"5547","20161332I0887",2016-02-18,2016,"Feb",18,"14:58",14,58,"Thursday","Slight",1,"Slight","Cyclist","Driver or rider","Male",39,"A","Roundabout",40,"B","Not a Pedestrian","Not a Pedestrian",419503,445035,"E01011571",2,"Roundabout","Daylight","Unknown","Dry","Cyclist"
"5548","20161332I0469",2016-02-18,2016,"Feb",18,"16:51",16,51,"Thursday","Slight",1,"Slight","Car occupant","Passenger","Male",59,"Motorway","Dual carriageway",50,NA,"Not a Pedestrian","Not a Pedestrian",432128,429220,"E01011496",2,"Not at junction or within 20 metres","Daylight","Fine no high winds","Dry","Car occupant"
"5549","20161332I1129",2016-02-18,2016,"Feb",18,"17:00",17,0,"Thursday","Slight",1,"Slight","Car occupant","Driver or rider","Male",22,"Unclassified","Single carriageway",30,"Unclassified","Not a Pedestrian","Not a Pedestrian",421775,435372,"E01011592",2,"Other junction","Darkness - lights lit","Unknown","Dry","Car occupant"
"5550","20161332I1264",2016-02-18,2016,"Feb",18,"18:00",18,0,"Thursday","Slight",1,"Slight","Motorcycle 125cc and under rider or passenger","Driver or rider","Male",19,"Unclassified","Single carriageway",30,NA,"Not a Pedestrian","Not a Pedestrian",427248,439081,"E01011386",2,"Not at junction or within 20 metres","Daylight","Fine no high winds","Dry","Motorcyclist and pillion"
"5551","20161332I1269",2016-02-18,2016,"Feb",18,"18:05",18,5,"Thursday","Slight",1,"Slight","Bus or coach occupant (17 or more pass seats)","Passenger","Female",20,"B","One way street",30,NA,"Not a Pedestrian","Not a Pedestrian",421717,435131,"E01011592",1,"Not at junction or within 20 metres","Daylight","Fine no high winds","Dry","Bus and goods vehicle occupant"
"5552","20161332I1408",2016-02-18,2016,"Feb",18,"19:15",19,15,"Thursday","Slight",1,"Slight","Car occupant","Driver or rider","Female",52,"A","Roundabout",30,"A","Not a Pedestrian","Not a Pedestrian",430724,439242,"E01011558",2,"Roundabout","Darkness - lights lit","Fine no high winds","Dry","Car occupant"
"5553","20161332I1532",2016-02-18,2016,"Feb",18,"20:20",20,20,"Thursday","Serious",1,"Serious","Pedestrian","Pedestrian","Female",52,"Unclassified","Single carriageway",30,"Unclassified","In centre of carriageway - not on refuge, island or central reservation","Crossing from driver's offside",427937,435732,"E01011435",1,"T or staggered junction","Darkness - lights lit","Fine no high winds","Dry","Pedestrian"
"5554","20161332I1679",2016-02-18,2016,"Feb",18,"21:40",21,40,"Thursday","Slight",4,"Slight","Car occupant","Driver or rider","Male",19,"Unclassified","Single carriageway",20,"Unclassified","Not a Pedestrian","Not a Pedestrian",427554,434485,"E01011482",2,"T or staggered junction","Darkness - lights lit","Fine no high winds","Dry","Car occupant"
"5555","20161332I1679",2016-02-18,2016,"Feb",18,"21:40",21,40,"Thursday","Slight",4,"Slight","Car occupant","Driver or rider","Male",20,"Unclassified","Single carriageway",20,"Unclassified","Not a Pedestrian","Not a Pedestrian",427554,434485,"E01011482",2,"T or staggered junction","Darkness - lights lit","Fine no high winds","Dry","Car occupant"
"5556","20161332I1679",2016-02-18,2016,"Feb",18,"21:40",21,40,"Thursday","Slight",4,"Slight","Car occupant","Passenger","Male",21,"Unclassified","Single carriageway",20,"Unclassified","Not a Pedestrian","Not a Pedestrian",427554,434485,"E01011482",2,"T or staggered junction","Darkness - lights lit","Fine no high winds","Dry","Car occupant"
"5557","20161332I1679",2016-02-18,2016,"Feb",18,"21:40",21,40,"Thursday","Slight",4,"Slight","Car occupant","Passenger","Male",31,"Unclassified","Single carriageway",20,"Unclassified","Not a Pedestrian","Not a Pedestrian",427554,434485,"E01011482",2,"T or staggered junction","Darkness - lights lit","Fine no high winds","Dry","Car occupant"
"5558","20161332H1634",2016-02-18,2016,"Feb",18,"22:22",22,22,"Thursday","Slight",1,"Slight","Car occupant","Passenger","Female",18,"Unclassified","Single carriageway",40,NA,"Not a Pedestrian","Not a Pedestrian",425412,440392,"E01011378",1,"Not at junction or within 20 metres","Daylight","Raining no high winds","Frost or ice","Car occupant"
"5559","20161332J1040",2016-02-19,2016,"Feb",19,"16:13",16,13,"Friday","Slight",1,"Slight","Car occupant","Passenger","Male",19,"A","Dual carriageway",30,"Unclassified","Not a Pedestrian","Not a Pedestrian",430505,432719,"E01033016",2,"T or staggered junction","Daylight","Fine no high winds","Wet or damp","Car occupant"
"5560","20161332J1536",2016-02-19,2016,"Feb",19,"20:50",20,50,"Friday","Slight",1,"Slight","Car occupant","Passenger","Male",18,"Unclassified","Single carriageway",30,NA,"Not a Pedestrian","Not a Pedestrian",430706,427466,"E01032495",1,"Not at junction or within 20 metres","Darkness - lights lit","Snowing + high winds","Wet or damp","Car occupant"
"5561","20161332J1632",2016-02-19,2016,"Feb",19,"21:00",21,0,"Friday","Slight",1,"Slight","Pedestrian","Pedestrian","Female",20,"Unclassified","Single carriageway",30,NA,"In carriageway, crossing elsewhere","Unknown or other",428113,435276,"E01011446",1,"Not at junction or within 20 metres","Darkness - lights lit","Fine no high winds","Wet or damp","Pedestrian"
"5562","20161332K0925",2016-02-19,2016,"Feb",19,"21:10",21,10,"Friday","Slight",1,"Slight","Car occupant","Driver or rider","Female",29,"Unclassified","Single carriageway",40,NA,"Not a Pedestrian","Not a Pedestrian",442170,443052,"E01011712",2,"Not at junction or within 20 metres","Daylight","Unknown","Dry","Car occupant"
"5563","20161332J1798",2016-02-19,2016,"Feb",19,"23:40",23,40,"Friday","Slight",2,"Slight","Car occupant","Passenger","Male",46,"B","Single carriageway",30,"Unclassified","Not a Pedestrian","Not a Pedestrian",426513,435659,"E01011477",2,"Crossroads","Darkness - lights lit","Fine no high winds","Wet or damp","Car occupant"
"5564","20161332J1798",2016-02-19,2016,"Feb",19,"23:40",23,40,"Friday","Slight",2,"Slight","Car occupant","Passenger","Female",19,"B","Single carriageway",30,"Unclassified","Not a Pedestrian","Not a Pedestrian",426513,435659,"E01011477",2,"Crossroads","Darkness - lights lit","Fine no high winds","Wet or damp","Car occupant"
"5565","20161332K0561",2016-02-20,2016,"Feb",20,"10:30",10,30,"Saturday","Slight",1,"Slight","Car occupant","Driver or rider","Female",35,"Unclassified","Single carriageway",30,"Unclassified","Not a Pedestrian","Not a Pedestrian",429621,428104,"E01032498",2,"T or staggered junction","Daylight","Fine no high winds","Dry","Car occupant"
"5566","20161332L0367",2016-02-21,2016,"Feb",21,"08:10",8,10,"Sunday","Serious",1,"Serious","Cyclist","Driver or rider","Male",38,"Unclassified","Roundabout",40,"A","Not a Pedestrian","Not a Pedestrian",429775,438891,"E01011558",2,"Roundabout","Daylight","Unknown","Dry","Cyclist"
"5567","20161332M0294",2016-02-22,2016,"Feb",22,"08:34",8,34,"Monday","Slight",1,"Slight","Pedestrian","Pedestrian","Male",78,"Unclassified","Single carriageway",30,NA,"Crossing on pedestrian crossing facility","Crossing from driver's nearside",433365,436190,"E01011421",1,"Not at junction or within 20 metres","Daylight","Fine no high winds","Dry","Pedestrian"
"5568","20161332M0468",2016-02-22,2016,"Feb",22,"11:06",11,6,"Monday","Slight",1,"Slight","Motorcycle over 500cc rider or passenger","Driver or rider","Male",51,"Unclassified","Single carriageway",30,NA,"Not a Pedestrian","Not a Pedestrian",433125,435706,"E01011423",1,"Not at junction or within 20 metres","Daylight","Fine no high winds","Dry","Motorcyclist and pillion"
"5569","20161332M1006",2016-02-22,2016,"Feb",22,"16:05",16,5,"Monday","Slight",2,"Slight","Car occupant","Driver or rider","Male",22,"Unclassified","Single carriageway",30,"Unclassified","Not a Pedestrian","Not a Pedestrian",431233,434797,"E01033031",4,"T or staggered junction","Daylight","Fine no high winds","Dry","Car occupant"
"5570","20161332M1006",2016-02-22,2016,"Feb",22,"16:05",16,5,"Monday","Slight",2,"Slight","Car occupant","Driver or rider","Male",33,"Unclassified","Single carriageway",30,"Unclassified","Not a Pedestrian","Not a Pedestrian",431233,434797,"E01033031",4,"T or staggered junction","Daylight","Fine no high winds","Dry","Car occupant"
"5571","20161332M1163",2016-02-22,2016,"Feb",22,"16:15",16,15,"Monday","Slight",1,"Slight","Pedestrian","Pedestrian","Male",45,"Unclassified","Single carriageway",30,NA,"In carriageway, not crossing","In carriageway, stationary - not crossing  (standing or playing) - masked by parked or stationary vehicle",432303,434915,"E01011433",1,"Not at junction or within 20 metres","Daylight","Fine no high winds","Dry","Pedestrian"
"5572","20161332M1187",2016-02-22,2016,"Feb",22,"17:19",17,19,"Monday","Slight",1,"Slight","Car occupant","Driver or rider","Male",24,"Unclassified","Single carriageway",30,"Unclassified","Not a Pedestrian","Not a Pedestrian",431767,434950,"E01011677",3,"Crossroads","Daylight","Fine no high winds","Dry","Car occupant"
"5573","20161332N0241",2016-02-23,2016,"Feb",23,"08:12",8,12,"Tuesday","Slight",1,"Slight","Van / Goods vehicle (3.5 tonnes mgw or under) occupant","Driver or rider","Male",37,"Unclassified","Single carriageway",30,NA,"Not a Pedestrian","Not a Pedestrian",442023,430738,"E01011303",2,"Not at junction or within 20 metres","Daylight","Fine no high winds","Dry","Bus and goods vehicle occupant"
"5574","20161332N1415",2016-02-23,2016,"Feb",23,"09:10",9,10,"Tuesday","Slight",1,"Slight","Taxi/Private hire car occupant","Passenger","Male",58,"Unclassified","Single carriageway",30,NA,"Not a Pedestrian","Not a Pedestrian",435025,436912,"E01011657",1,"Not at junction or within 20 metres","Daylight","Unknown","Dry","Car occupant"
"5575","20161332N0682",2016-02-23,2016,"Feb",23,"12:58",12,58,"Tuesday","Slight",1,"Slight","Van / Goods vehicle (3.5 tonnes mgw or under) occupant","Driver or rider","Male",64,"A","Single carriageway",60,NA,"Not a Pedestrian","Not a Pedestrian",418450,445772,"E01011573",1,"Not at junction or within 20 metres","Daylight","Fine no high winds","Dry","Bus and goods vehicle occupant"
"5576","20161332O0462",2016-02-24,2016,"Feb",24,"10:40",10,40,"Wednesday","Slight",2,"Slight","Van / Goods vehicle (3.5 tonnes mgw or under) occupant","Driver or rider","Male",50,"Motorway","Dual carriageway",70,NA,"Not a Pedestrian","Not a Pedestrian",437793,432487,"E01011402",3,"Not at junction or within 20 metres","Daylight","Fine no high winds","Dry","Bus and goods vehicle occupant"
"5577","20161332O0462",2016-02-24,2016,"Feb",24,"10:40",10,40,"Wednesday","Slight",2,"Slight","Car occupant","Driver or rider","Male",52,"Motorway","Dual carriageway",70,NA,"Not a Pedestrian","Not a Pedestrian",437793,432487,"E01011402",3,"Not at junction or within 20 metres","Daylight","Fine no high winds","Dry","Car occupant"
"5578","20161332P0090",2016-02-25,2016,"Feb",25,"01:59",1,59,"Thursday","Slight",1,"Slight","Car occupant","Passenger","Male",18,"Unclassified","Single carriageway",30,NA,"Not a Pedestrian","Not a Pedestrian",421932,432859,"E01011602",1,"Not at junction or within 20 metres","Darkness - lights lit","Fine no high winds","Dry","Car occupant"
"5579","20161332P0195",2016-02-25,2016,"Feb",25,"06:52",6,52,"Thursday","Slight",1,"Slight","Car occupant","Driver or rider","Female",22,"A","Dual carriageway",40,NA,"Not a Pedestrian","Not a Pedestrian",428545,432103,"E01011366",1,"Not at junction or within 20 metres","Daylight","Fine no high winds","Frost or ice","Car occupant"
"5580","20161332P0331",2016-02-25,2016,"Feb",25,"08:40",8,40,"Thursday","Slight",1,"Slight","Car occupant","Driver or rider","Male",23,"Unclassified","Single carriageway",30,"Unclassified","Not a Pedestrian","Not a Pedestrian",425706,435409,"E01011324",2,"T or staggered junction","Daylight","Fine no high winds","Dry","Car occupant"
"5581","20161332P0348",2016-02-25,2016,"Feb",25,"09:20",9,20,"Thursday","Slight",2,"Slight","Car occupant","Driver or rider","Male",22,"Unclassified","Single carriageway",30,NA,"Not a Pedestrian","Not a Pedestrian",428562,434527,"E01011681",2,"Not at junction or within 20 metres","Daylight","Fine no high winds","Dry","Car occupant"
"5582","20161332P0348",2016-02-25,2016,"Feb",25,"09:20",9,20,"Thursday","Slight",2,"Slight","Car occupant","Passenger","Male",25,"Unclassified","Single carriageway",30,NA,"Not a Pedestrian","Not a Pedestrian",428562,434527,"E01011681",2,"Not at junction or within 20 metres","Daylight","Fine no high winds","Dry","Car occupant"
"5583","20161332P0435",2016-02-25,2016,"Feb",25,"10:10",10,10,"Thursday","Slight",1,"Slight","Cyclist","Driver or rider","Female",49,"Unclassified","Single carriageway",30,"A","Not a Pedestrian","Not a Pedestrian",420486,445127,"E01011572",2,"T or staggered junction","Daylight","Fine no high winds","Dry","Cyclist"
"5584","20161332P0482",2016-02-25,2016,"Feb",25,"10:50",10,50,"Thursday","Slight",1,"Slight","Van / Goods vehicle (3.5 tonnes mgw or under) occupant","Driver or rider","Male",49,"A","Dual carriageway",40,"Unclassified","Not a Pedestrian","Not a Pedestrian",430346,435926,"E01011358",2,"T or staggered junction","Daylight","Fine no high winds","Dry","Bus and goods vehicle occupant"
"5585","20161332P0687",2016-02-25,2016,"Feb",25,"13:05",13,5,"Thursday","Slight",1,"Slight","Motorcycle over 500cc rider or passenger","Driver or rider","Male",24,"A","Single carriageway",60,NA,"Not a Pedestrian","Not a Pedestrian",435854,426139,"E01011636",3,"Not at junction or within 20 metres","Daylight","Fine no high winds","Dry","Motorcyclist and pillion"
"5586","20161332P0800",2016-02-25,2016,"Feb",25,"14:05",14,5,"Thursday","Slight",1,"Slight","Car occupant","Passenger","Female",60,"A","Dual carriageway",40,"Unclassified","Not a Pedestrian","Not a Pedestrian",430517,439248,"E01011558",2,"T or staggered junction","Daylight","Fine no high winds","Dry","Car occupant"
"5587","20161332P1022",2016-02-25,2016,"Feb",25,"15:45",15,45,"Thursday","Slight",2,"Slight","Pedestrian","Pedestrian","Female",20,"Unclassified","Single carriageway",30,NA,"In carriageway, not crossing","Walking along in carriageway, facing traffic",436353,433731,"E01011414",1,"Not at junction or within 20 metres","Daylight","Unknown","Dry","Pedestrian"
"5588","20161332P1022",2016-02-25,2016,"Feb",25,"15:45",15,45,"Thursday","Slight",2,"Slight","Pedestrian","Pedestrian","Female",14,"Unclassified","Single carriageway",30,NA,"In carriageway, not crossing","Walking along in carriageway, facing traffic",436353,433731,"E01011414",1,"Not at junction or within 20 metres","Daylight","Unknown","Dry","Pedestrian"
"5589","20161332P1002",2016-02-25,2016,"Feb",25,"15:50",15,50,"Thursday","Slight",1,"Slight","Car occupant","Driver or rider","Female",53,"Unclassified","Dual carriageway",30,"Unclassified","Not a Pedestrian","Not a Pedestrian",433150,435254,"E01011431",2,"Crossroads","Daylight","Fine no high winds","Dry","Car occupant"
"5590","20161332P1428",2016-02-25,2016,"Feb",25,"18:10",18,10,"Thursday","Slight",1,"Slight","Car occupant","Driver or rider","Male",25,"Unclassified","Single carriageway",30,"B","Not a Pedestrian","Not a Pedestrian",421064,434481,"E01011599",2,"T or staggered junction","Darkness - lighting unknown","Unknown","Dry","Car occupant"
"5591","20161332Q0170",2016-02-26,2016,"Feb",26,"06:47",6,47,"Friday","Slight",1,"Slight","Cyclist","Driver or rider","Male",15,"Unclassified","Single carriageway",30,NA,"Not a Pedestrian","Not a Pedestrian",419988,441167,"E01011275",2,"Not at junction or within 20 metres","Daylight","Unknown","Dry","Cyclist"
"5592","20161332Q0653",2016-02-26,2016,"Feb",26,"13:00",13,0,"Friday","Slight",1,"Slight","Car occupant","Passenger","Female",77,"Unclassified","Dual carriageway",30,"Unclassified","Not a Pedestrian","Not a Pedestrian",430770,433455,"E01033011",2,"T or staggered junction","Daylight","Fine no high winds","Dry","Car occupant"
"5593","20161332Q0711",2016-02-26,2016,"Feb",26,"13:40",13,40,"Friday","Slight",4,"Slight","Car occupant","Driver or rider","Male",46,"A(M)","Dual carriageway",70,NA,"Not a Pedestrian","Not a Pedestrian",440665,446078,"E01011707",4,"Not at junction or within 20 metres","Daylight","Fine no high winds","Dry","Car occupant"
"5594","20161332Q0711",2016-02-26,2016,"Feb",26,"13:40",13,40,"Friday","Slight",4,"Slight","Car occupant","Driver or rider","Male",25,"A(M)","Dual carriageway",70,NA,"Not a Pedestrian","Not a Pedestrian",440665,446078,"E01011707",4,"Not at junction or within 20 metres","Daylight","Fine no high winds","Dry","Car occupant"
"5595","20161332Q0711",2016-02-26,2016,"Feb",26,"13:40",13,40,"Friday","Slight",4,"Slight","Car occupant","Driver or rider","Male",76,"A(M)","Dual carriageway",70,NA,"Not a Pedestrian","Not a Pedestrian",440665,446078,"E01011707",4,"Not at junction or within 20 metres","Daylight","Fine no high winds","Dry","Car occupant"
"5596","20161332Q0711",2016-02-26,2016,"Feb",26,"13:40",13,40,"Friday","Slight",4,"Slight","Car occupant","Driver or rider","Male",26,"A(M)","Dual carriageway",70,NA,"Not a Pedestrian","Not a Pedestrian",440665,446078,"E01011707",4,"Not at junction or within 20 metres","Daylight","Fine no high winds","Dry","Car occupant"
"5597","20161332Q0978",2016-02-26,2016,"Feb",26,"15:25",15,25,"Friday","Slight",1,"Slight","Bus or coach occupant (17 or more pass seats)","Passenger","Male",1,"A","Dual carriageway",40,NA,"Not a Pedestrian","Not a Pedestrian",433869,436509,"E01011421",1,"Not at junction or within 20 metres","Daylight","Unknown","Dry","Bus and goods vehicle occupant"
"5598","20161332Q1721",2016-02-26,2016,"Feb",26,"22:35",22,35,"Friday","Slight",1,"Slight","Taxi/Private hire car occupant","Driver or rider","Male",45,"Unclassified","Single carriageway",30,"Unclassified","Not a Pedestrian","Not a Pedestrian",429595,435397,"E01011670",2,"T or staggered junction","Darkness - lights lit","Unknown","Dry","Car occupant"
"5599","20161332R0027",2016-02-27,2016,"Feb",27,"00:11",0,11,"Saturday","Serious",1,"Serious","Car occupant","Passenger","Male",25,"Unclassified","Single carriageway",30,"Unclassified","Not a Pedestrian","Not a Pedestrian",425057,433281,"E01011739",2,"Roundabout","Darkness - lights lit","Fine no high winds","Dry","Car occupant"
"5600","20161332R0154",2016-02-27,2016,"Feb",27,"02:06",2,6,"Saturday","Slight",5,"Slight","Car occupant","Passenger","Male",24,"Unclassified","Single carriageway",40,"Unclassified","Not a Pedestrian","Not a Pedestrian",431623,426334,"E01011499",2,"Other junction","Darkness - lights lit","Fine no high winds","Dry","Car occupant"
"5601","20161332R0154",2016-02-27,2016,"Feb",27,"02:06",2,6,"Saturday","Slight",5,"Slight","Car occupant","Driver or rider","Male",45,"Unclassified","Single carriageway",40,"Unclassified","Not a Pedestrian","Not a Pedestrian",431623,426334,"E01011499",2,"Other junction","Darkness - lights lit","Fine no high winds","Dry","Car occupant"
"5602","20161332R0154",2016-02-27,2016,"Feb",27,"02:06",2,6,"Saturday","Slight",5,"Slight","Car occupant","Passenger","Female",41,"Unclassified","Single carriageway",40,"Unclassified","Not a Pedestrian","Not a Pedestrian",431623,426334,"E01011499",2,"Other junction","Darkness - lights lit","Fine no high winds","Dry","Car occupant"
"5603","20161332R0154",2016-02-27,2016,"Feb",27,"02:06",2,6,"Saturday","Slight",5,"Slight","Car occupant","Passenger","Female",43,"Unclassified","Single carriageway",40,"Unclassified","Not a Pedestrian","Not a Pedestrian",431623,426334,"E01011499",2,"Other junction","Darkness - lights lit","Fine no high winds","Dry","Car occupant"
"5604","20161332R0154",2016-02-27,2016,"Feb",27,"02:06",2,6,"Saturday","Slight",5,"Slight","Car occupant","Passenger","Female",42,"Unclassified","Single carriageway",40,"Unclassified","Not a Pedestrian","Not a Pedestrian",431623,426334,"E01011499",2,"Other junction","Darkness - lights lit","Fine no high winds","Dry","Car occupant"
"5605","20161332R1322",2016-02-27,2016,"Feb",27,"19:15",19,15,"Saturday","Serious",1,"Serious","Motorcycle 125cc and under rider or passenger","Driver or rider","Male",16,"Unclassified","Unknown",20,NA,"Not a Pedestrian","Not a Pedestrian",429584,435583,"E01011670",1,"Not at junction or within 20 metres","Darkness - no lighting","Fine no high winds","Dry","Motorcyclist and pillion"
"5606","20161332R1361",2016-02-27,2016,"Feb",27,"19:40",19,40,"Saturday","Slight",4,"Slight","Car occupant","Driver or rider","Female",25,"A","Dual carriageway",40,"Unclassified","Not a Pedestrian","Not a Pedestrian",427743,425799,"E01011548",2,"Crossroads","Darkness - lights lit","Fine no high winds","Dry","Car occupant"
"5607","20161332R1361",2016-02-27,2016,"Feb",27,"19:40",19,40,"Saturday","Slight",4,"Slight","Car occupant","Driver or rider","Male",68,"A","Dual carriageway",40,"Unclassified","Not a Pedestrian","Not a Pedestrian",427743,425799,"E01011548",2,"Crossroads","Darkness - lights lit","Fine no high winds","Dry","Car occupant"
"5608","20161332R1361",2016-02-27,2016,"Feb",27,"19:40",19,40,"Saturday","Slight",4,"Slight","Car occupant","Passenger","Female",65,"A","Dual carriageway",40,"Unclassified","Not a Pedestrian","Not a Pedestrian",427743,425799,"E01011548",2,"Crossroads","Darkness - lights lit","Fine no high winds","Dry","Car occupant"
"5609","20161332R1361",2016-02-27,2016,"Feb",27,"19:40",19,40,"Saturday","Slight",4,"Slight","Car occupant","Passenger","Female",42,"A","Dual carriageway",40,"Unclassified","Not a Pedestrian","Not a Pedestrian",427743,425799,"E01011548",2,"Crossroads","Darkness - lights lit","Fine no high winds","Dry","Car occupant"
"5610","20161332Q1456",2016-02-27,2016,"Feb",27,"20:17",20,17,"Saturday","Serious",1,"Serious","Car occupant","Driver or rider","Male",20,"Unclassified","Single carriageway",30,NA,"Not a Pedestrian","Not a Pedestrian",424683,438564,"E01032502",2,"Not at junction or within 20 metres","Daylight","Fine no high winds","Wet or damp","Car occupant"