"","accident_index","date","year","month","day","time","time_hour","time_minute","day_of_week","accident_severity","number_of_casualties","casualty_severity","casualty_type","casualty_class","sex_of_casualty","age_of_casualty","first_road_class","road_type","speed_limit","second_road_class","pedestrian_location","pedestrian_movement","location_easting_osgr","location_northing_osgr","lsoa_of_accident_location","number_of_vehicles","junction_detail","light_conditions","weather_conditions","road_surface_conditions","cas_type"
"5611","20161332S0671",2016-02-28,2016,"Feb",28,"10:37",10,37,"Sunday","Slight",1,"Slight","Cyclist","Driver or rider","Male",40,"A","Single carriageway",30,"Unclassified","Not a Pedestrian","Not a Pedestrian",437977,429964,"E01011391",2,"T or staggered junction","Daylight","Fine no high winds","Dry","Cyclist"
"5612","20161332S0952",2016-02-28,2016,"Feb",28,"14:32",14,32,"Sunday","Slight",1,"Slight","Cyclist","Driver or rider","Female",50,"Unclassified","Single carriageway",30,"Unclassified","Not a Pedestrian","Not a Pedestrian",424767,435352,"E01011332",3,"T or staggered junction","Daylight","Fine no high winds","Dry","Cyclist"
"5613","20161332Q0967",2016-02-28,2016,"Feb",28,"15:40",15,40,"Sunday","Serious",1,"Serious","Cyclist","Driver or rider","Male",38,"Unclassified","Single carriageway",30,"Unclassified","Not a Pedestrian","Not a Pedestrian",433838,434449,"E01011346",2,"T or staggered junction","Daylight","Fine no high winds","Dry","Cyclist"
"5614","20161332S1276",2016-02-28,2016,"Feb",28,"17:30",17,30,"Sunday","Slight",1,"Slight","Minibus (8 - 16 passenger seats) occupant","Driver or rider","Male",47,"Unclassified","Dual carriageway",30,"Unclassified","Not a Pedestrian","Not a Pedestrian",426139,437275,"E01011484",2,"T or staggered junction","Darkness - lights lit","Fine no high winds","Dry","Bus and goods vehicle occupant"
"5615","20161332S1329",2016-02-28,2016,"Feb",28,"18:10",18,10,"Sunday","Serious",4,"Slight","Car occupant","Driver or rider","Female",58,"Unclassified","Single carriageway",30,"Motorway","Not a Pedestrian","Not a Pedestrian",430998,430603,"E01011471",2,"T or staggered junction","Darkness - lights lit","Fine no high winds","Dry","Car occupant"
"5616","20161332S1329",2016-02-28,2016,"Feb",28,"18:10",18,10,"Sunday","Serious",4,"Serious","Car occupant","Passenger","Male",57,"Unclassified","Single carriageway",30,"Motorway","Not a Pedestrian","Not a Pedestrian",430998,430603,"E01011471",2,"T or staggered junction","Darkness - lights lit","Fine no high winds","Dry","Car occupant"
"5617","20161332S1329",2016-02-28,2016,"Feb",28,"18:10",18,10,"Sunday","Serious",4,"Slight","Car occupant","Passenger","Male",11,"Unclassified","Single carriageway",30,"Motorway","Not a Pedestrian","Not a Pedestrian",430998,430603,"E01011471",2,"T or staggered junction","Darkness - lights lit","Fine no high winds","Dry","Car occupant"
"5618","20161332S1329",2016-02-28,2016,"Feb",28,"18:10",18,10,"Sunday","Serious",4,"Slight","Car occupant","Passenger","Male",14,"Unclassified","Single carriageway",30,"Motorway","Not a Pedestrian","Not a Pedestrian",430998,430603,"E01011471",2,"T or staggered junction","Darkness - lights lit","Fine no high winds","Dry","Car occupant"
"5619","20161332S1488",2016-02-28,2016,"Feb",28,"19:45",19,45,"Sunday","Slight",2,"Slight","Car occupant","Passenger","Female",27,"Motorway","Dual carriageway",70,"Motorway","Not a Pedestrian","Not a Pedestrian",430429,430997,"E01011468",2,"Slip road","Darkness - lights lit","Fine no high winds","Dry","Car occupant"
"5620","20161332S1488",2016-02-28,2016,"Feb",28,"19:45",19,45,"Sunday","Slight",2,"Slight","Car occupant","Passenger","Female",5,"Motorway","Dual carriageway",70,"Motorway","Not a Pedestrian","Not a Pedestrian",430429,430997,"E01011468",2,"Slip road","Darkness - lights lit","Fine no high winds","Dry","Car occupant"
"5621","20161332S1796",2016-02-28,2016,"Feb",28,"23:48",23,48,"Sunday","Slight",1,"Slight","Taxi/Private hire car occupant","Passenger","Male",17,"B","Single carriageway",30,NA,"Not a Pedestrian","Not a Pedestrian",439308,426154,"E01011395",2,"Not at junction or within 20 metres","Darkness - lights lit","Fine no high winds","Wet or damp","Car occupant"
"5622","20161332T0243",2016-02-29,2016,"Feb",29,"08:25",8,25,"Monday","Slight",1,"Slight","Car occupant","Driver or rider","Male",53,"Motorway","Dual carriageway",70,NA,"Not a Pedestrian","Not a Pedestrian",428027,426413,"E01011550",3,"Not at junction or within 20 metres","Daylight","Fine no high winds","Dry","Car occupant"
"5623","20161332T0646",2016-02-29,2016,"Feb",29,"13:00",13,0,"Monday","Slight",1,"Slight","Car occupant","Driver or rider","Female",48,"A","Roundabout",30,"A","Not a Pedestrian","Not a Pedestrian",427933,426301,"E01011550",2,"Roundabout","Daylight","Fine no high winds","Dry","Car occupant"
"5624","20161332T0862",2016-02-29,2016,"Feb",29,"14:45",14,45,"Monday","Slight",1,"Slight","Motorcycle 50cc and under rider or passenger","Driver or rider","Male",16,"Unclassified","Single carriageway",30,NA,"Not a Pedestrian","Not a Pedestrian",424772,435869,"E01011326",2,"Not at junction or within 20 metres","Daylight","Fine no high winds","Dry","Motorcyclist and pillion"
"5625","20161332T1043",2016-02-29,2016,"Feb",29,"16:30",16,30,"Monday","Slight",1,"Slight","Car occupant","Driver or rider","Male",31,"Motorway","Dual carriageway",50,NA,"Not a Pedestrian","Not a Pedestrian",430436,430787,"E01011468",2,"Not at junction or within 20 metres","Daylight","Fine no high winds","Dry","Car occupant"
"5626","20161332T1423",2016-02-29,2016,"Feb",29,"19:50",19,50,"Monday","Slight",1,"Slight","Car occupant","Driver or rider","Male",40,"Unclassified","Dual carriageway",50,"A(M)","Not a Pedestrian","Not a Pedestrian",424776,434078,"E01032606",2,"T or staggered junction","Daylight","Fine no high winds","Dry","Car occupant"
"5627","20161332T1533",2016-02-29,2016,"Feb",29,"20:59",20,59,"Monday","Slight",2,"Slight","Car occupant","Driver or rider","Male",25,"A","Single carriageway",30,"A","Not a Pedestrian","Not a Pedestrian",421952,436533,"E01011591",2,"Crossroads","Darkness - lights lit","Raining no high winds","Wet or damp","Car occupant"
"5628","20161332T1533",2016-02-29,2016,"Feb",29,"20:59",20,59,"Monday","Slight",2,"Slight","Car occupant","Driver or rider","Female",49,"A","Single carriageway",30,"A","Not a Pedestrian","Not a Pedestrian",421952,436533,"E01011591",2,"Crossroads","Darkness - lights lit","Raining no high winds","Wet or damp","Car occupant"
"5629","2016133310258",2016-03-01,2016,"Mar",1,"08:55",8,55,"Tuesday","Slight",1,"Slight","Goods vehicle (7.5 tonnes mgw and over) occupant","Driver or rider","Male",54,"A(M)","Dual carriageway",70,NA,"Not a Pedestrian","Not a Pedestrian",443655,437652,"E01011297",1,"Not at junction or within 20 metres","Daylight","Fine no high winds","Wet or damp","Bus and goods vehicle occupant"
"5630","2016133310294",2016-03-01,2016,"Mar",1,"09:10",9,10,"Tuesday","Slight",1,"Slight","Cyclist","Driver or rider","Male",21,"Unclassified","Single carriageway",30,"Unclassified","Not a Pedestrian","Not a Pedestrian",427620,433951,"E01011284",2,"Other junction","Daylight","Raining no high winds","Dry","Cyclist"
"5631","2016133310740",2016-03-01,2016,"Mar",1,"13:52",13,52,"Tuesday","Slight",1,"Slight","Car occupant","Driver or rider","Male",40,"Unclassified","Single carriageway",30,"A","Not a Pedestrian","Not a Pedestrian",424049,435487,"E01011329",2,"T or staggered junction","Daylight","Fine no high winds","Wet or damp","Car occupant"
"5632","2016133320943",2016-03-01,2016,"Mar",1,"17:00",17,0,"Tuesday","Slight",1,"Slight","Cyclist","Driver or rider","Male",19,"A","Single carriageway",30,"Unclassified","Not a Pedestrian","Not a Pedestrian",427654,436653,"E01011694",3,"T or staggered junction","Daylight","Fine no high winds","Dry","Cyclist"
"5633","2016133311182",2016-03-01,2016,"Mar",1,"17:55",17,55,"Tuesday","Slight",1,"Slight","Cyclist","Driver or rider","Male",46,"Unclassified","Single carriageway",30,"Unclassified","Not a Pedestrian","Not a Pedestrian",430959,435871,"E01011357",2,"T or staggered junction","Darkness - lights lit","Fine no high winds","Dry","Cyclist"
"5634","2016133311442",2016-03-01,2016,"Mar",1,"19:51",19,51,"Tuesday","Serious",1,"Serious","Pedestrian","Pedestrian","Female",75,"Unclassified","Single carriageway",30,NA,"In carriageway, crossing elsewhere","Crossing from driver's nearside",430221,432990,"E01033016",1,"Not at junction or within 20 metres","Darkness - lights lit","Fine no high winds","Dry","Pedestrian"
"5635","2016133320615",2016-03-02,2016,"Mar",2,"06:15",6,15,"Wednesday","Slight",1,"Slight","Cyclist","Driver or rider","Male",56,"B","Single carriageway",30,NA,"Not a Pedestrian","Not a Pedestrian",440279,449563,"E01011698",2,"Not at junction or within 20 metres","Darkness - lights lit","Raining no high winds","Wet or damp","Cyclist"
"5636","2016133320182",2016-03-02,2016,"Mar",2,"07:30",7,30,"Wednesday","Slight",1,"Slight","Motorcycle 125cc and under rider or passenger","Driver or rider","Male",33,"Unclassified","Single carriageway",30,NA,"Not a Pedestrian","Not a Pedestrian",430335,439815,"E01011565",1,"Not at junction or within 20 metres","Daylight","Unknown","Frost or ice","Motorcyclist and pillion"
"5637","2016133320201",2016-03-02,2016,"Mar",2,"07:37",7,37,"Wednesday","Slight",1,"Slight","Van / Goods vehicle (3.5 tonnes mgw or under) occupant","Driver or rider","Male",27,"Unclassified","Single carriageway",30,"Unclassified","Not a Pedestrian","Not a Pedestrian",426441,428146,"E01011541",3,"T or staggered junction","Daylight","Unknown","Dry","Bus and goods vehicle occupant"
"5638","2016133320255",2016-03-02,2016,"Mar",2,"08:53",8,53,"Wednesday","Serious",1,"Serious","Pedestrian","Pedestrian","Female",25,"A","Single carriageway",30,NA,"Crossing elsewhere within 50m. of pedestrian crossing","Crossing from driver's offside",431556,435177,"E01011429",1,"Not at junction or within 20 metres","Daylight","Snowing no high winds","Snow","Pedestrian"
"5639","2016133320404",2016-03-02,2016,"Mar",2,"09:30",9,30,"Wednesday","Slight",2,"Slight","Bus or coach occupant (17 or more pass seats)","Passenger","Female",45,"Unclassified","Single carriageway",30,NA,"Not a Pedestrian","Not a Pedestrian",429963,432509,"E01033032",2,"Not at junction or within 20 metres","Daylight","Unknown","Dry","Bus and goods vehicle occupant"
"5640","2016133320404",2016-03-02,2016,"Mar",2,"09:30",9,30,"Wednesday","Slight",2,"Slight","Bus or coach occupant (17 or more pass seats)","Passenger","Female",42,"Unclassified","Single carriageway",30,NA,"Not a Pedestrian","Not a Pedestrian",429963,432509,"E01033032",2,"Not at junction or within 20 metres","Daylight","Unknown","Dry","Bus and goods vehicle occupant"
"5641","2016133320317",2016-03-02,2016,"Mar",2,"09:32",9,32,"Wednesday","Slight",3,"Slight","Car occupant","Driver or rider","Male",39,"Unclassified","Single carriageway",30,"Unclassified","Not a Pedestrian","Not a Pedestrian",441601,448977,"E01011700",3,"T or staggered junction","Daylight","Unknown","Snow","Car occupant"
"5642","2016133320317",2016-03-02,2016,"Mar",2,"09:32",9,32,"Wednesday","Slight",3,"Slight","Car occupant","Driver or rider","Female",38,"Unclassified","Single carriageway",30,"Unclassified","Not a Pedestrian","Not a Pedestrian",441601,448977,"E01011700",3,"T or staggered junction","Daylight","Unknown","Snow","Car occupant"
"5643","2016133320317",2016-03-02,2016,"Mar",2,"09:32",9,32,"Wednesday","Slight",3,"Slight","Car occupant","Driver or rider","Female",79,"Unclassified","Single carriageway",30,"Unclassified","Not a Pedestrian","Not a Pedestrian",441601,448977,"E01011700",3,"T or staggered junction","Daylight","Unknown","Snow","Car occupant"
"5644","2016133320331",2016-03-02,2016,"Mar",2,"09:35",9,35,"Wednesday","Slight",1,"Slight","Motorcycle 125cc and under rider or passenger","Driver or rider","Male",19,"A","Single carriageway",30,"Unclassified","Not a Pedestrian","Not a Pedestrian",431201,440854,"E01011562",1,"T or staggered junction","Daylight","Snowing no high winds","Snow","Motorcyclist and pillion"
"5645","2016133320438",2016-03-02,2016,"Mar",2,"10:25",10,25,"Wednesday","Slight",1,"Slight","Pedestrian","Pedestrian","Male",48,"Unclassified","Single carriageway",30,NA,"In carriageway, not crossing","Unknown or other",433452,434124,"E01011346",2,"Not at junction or within 20 metres","Daylight","Unknown","Frost or ice","Pedestrian"
"5646","2016133320582",2016-03-02,2016,"Mar",2,"11:35",11,35,"Wednesday","Slight",1,"Slight","Car occupant","Driver or rider","Male",42,"A","Single carriageway",40,"A","Not a Pedestrian","Not a Pedestrian",435923,428214,"E01011635",2,"Roundabout","Daylight","Unknown","Dry","Car occupant"
"5647","2016133320826",2016-03-02,2016,"Mar",2,"14:00",14,0,"Wednesday","Slight",1,"Slight","Car occupant","Driver or rider","Female",34,"Unclassified","Single carriageway",30,"Unclassified","Not a Pedestrian","Not a Pedestrian",420655,440393,"E01011278",2,"T or staggered junction","Daylight","Unknown","Dry","Car occupant"
"5648","2016133320906",2016-03-02,2016,"Mar",2,"15:12",15,12,"Wednesday","Serious",1,"Serious","Pedestrian","Pedestrian","Male",14,"Unclassified","Single carriageway",30,NA,"In carriageway, crossing elsewhere","Crossing from driver's offside",422951,433067,"E01011600",1,"Not at junction or within 20 metres","Daylight","Fine no high winds","Dry","Pedestrian"
"5649","2016133321026",2016-03-02,2016,"Mar",2,"16:17",16,17,"Wednesday","Slight",1,"Slight","Pedestrian","Pedestrian","Male",44,"Unclassified","Single carriageway",30,"B","In carriageway, crossing elsewhere","Crossing from driver's nearside",423226,435058,"E01011333",1,"T or staggered junction","Daylight","Fine no high winds","Wet or damp","Pedestrian"
"5650","2016133321204",2016-03-02,2016,"Mar",2,"17:37",17,37,"Wednesday","Slight",1,"Slight","Car occupant","Passenger","Female",14,"Unclassified","Single carriageway",30,"Unclassified","Not a Pedestrian","Not a Pedestrian",427983,435228,"E01011441",2,"Crossroads","Daylight","Fine no high winds","Wet or damp","Car occupant"
"5651","2016133330227",2016-03-03,2016,"Mar",3,"07:45",7,45,"Thursday","Slight",1,"Slight","Pedestrian","Pedestrian","Female",11,"A","Single carriageway",30,NA,"Crossing in zig-zag exit lines","Crossing from driver's nearside",424691,434962,"E01011282",1,"Not at junction or within 20 metres","Daylight","Fine no high winds","Dry","Pedestrian"
"5652","2016133340675",2016-03-03,2016,"Mar",3,"14:00",14,0,"Thursday","Slight",1,"Slight","Cyclist","Driver or rider","Male",21,"Unclassified","Single carriageway",40,NA,"Not a Pedestrian","Not a Pedestrian",431658,440509,"E01011562",2,"Not at junction or within 20 metres","Daylight","Fine no high winds","Dry","Cyclist"
"5653","2016133331696",2016-03-03,2016,"Mar",3,"21:00",21,0,"Thursday","Slight",1,"Slight","Bus or coach occupant (17 or more pass seats)","Passenger","Female",60,"A","Dual carriageway",40,NA,"Not a Pedestrian","Not a Pedestrian",433053,433994,"E01011617",2,"Not at junction or within 20 metres","Darkness - lights lit","Fine no high winds","Wet or damp","Bus and goods vehicle occupant"
"5654","2016133331766",2016-03-03,2016,"Mar",3,"22:24",22,24,"Thursday","Slight",1,"Slight","Car occupant","Driver or rider","Male",21,"A","Single carriageway",30,NA,"Not a Pedestrian","Not a Pedestrian",425730,442965,"E01032504",3,"Not at junction or within 20 metres","Darkness - lights lit","Raining no high winds","Wet or damp","Car occupant"
"5655","2016133340376",2016-03-04,2016,"Mar",4,"09:34",9,34,"Friday","Slight",1,"Slight","Car occupant","Passenger","Male",2,"Unclassified","Single carriageway",20,"Unclassified","Not a Pedestrian","Not a Pedestrian",426173,427426,"E01011530",2,"Roundabout","Daylight","Snowing no high winds","Frost or ice","Car occupant"
"5656","2016133350692",2016-03-05,2016,"Mar",5,"12:38",12,38,"Saturday","Slight",2,"Slight","Car occupant","Driver or rider","Female",39,"Unclassified","Single carriageway",30,"Unclassified","Not a Pedestrian","Not a Pedestrian",440895,448718,"E01011700",2,"Crossroads","Daylight","Fine no high winds","Wet or damp","Car occupant"
"5657","2016133350692",2016-03-05,2016,"Mar",5,"12:38",12,38,"Saturday","Slight",2,"Slight","Car occupant","Passenger","Female",44,"Unclassified","Single carriageway",30,"Unclassified","Not a Pedestrian","Not a Pedestrian",440895,448718,"E01011700",2,"Crossroads","Daylight","Fine no high winds","Wet or damp","Car occupant"
"5658","2016133350717",2016-03-05,2016,"Mar",5,"12:53",12,53,"Saturday","Slight",1,"Slight","Car occupant","Passenger","Female",45,"Motorway","Dual carriageway",30,"A","Not a Pedestrian","Not a Pedestrian",430475,431752,"E01011364",2,"T or staggered junction","Daylight","Fine no high winds","Dry","Car occupant"
"5659","2016133351037",2016-03-05,2016,"Mar",5,"16:10",16,10,"Saturday","Slight",2,"Slight","Car occupant","Driver or rider","Male",74,"A","Dual carriageway",30,"Unclassified","Not a Pedestrian","Not a Pedestrian",430659,434702,"E01011671",2,"Crossroads","Daylight","Fine no high winds","Wet or damp","Car occupant"
"5660","2016133351037",2016-03-05,2016,"Mar",5,"16:10",16,10,"Saturday","Slight",2,"Slight","Taxi/Private hire car occupant","Driver or rider","Male",49,"A","Dual carriageway",30,"Unclassified","Not a Pedestrian","Not a Pedestrian",430659,434702,"E01011671",2,"Crossroads","Daylight","Fine no high winds","Wet or damp","Car occupant"
"5661","2016133360593",2016-03-06,2016,"Mar",6,"11:15",11,15,"Sunday","Serious",6,"Slight","Car occupant","Driver or rider","Male",37,"Unclassified","Single carriageway",30,NA,"Not a Pedestrian","Not a Pedestrian",428697,429546,"E01011322",2,"Not at junction or within 20 metres","Daylight","Fine no high winds","Dry","Car occupant"
"5662","2016133360593",2016-03-06,2016,"Mar",6,"11:15",11,15,"Sunday","Serious",6,"Serious","Car occupant","Passenger","Female",39,"Unclassified","Single carriageway",30,NA,"Not a Pedestrian","Not a Pedestrian",428697,429546,"E01011322",2,"Not at junction or within 20 metres","Daylight","Fine no high winds","Dry","Car occupant"
"5663","2016133360593",2016-03-06,2016,"Mar",6,"11:15",11,15,"Sunday","Serious",6,"Slight","Car occupant","Driver or rider","Male",42,"Unclassified","Single carriageway",30,NA,"Not a Pedestrian","Not a Pedestrian",428697,429546,"E01011322",2,"Not at junction or within 20 metres","Daylight","Fine no high winds","Dry","Car occupant"
"5664","2016133360593",2016-03-06,2016,"Mar",6,"11:15",11,15,"Sunday","Serious",6,"Serious","Car occupant","Passenger","Male",11,"Unclassified","Single carriageway",30,NA,"Not a Pedestrian","Not a Pedestrian",428697,429546,"E01011322",2,"Not at junction or within 20 metres","Daylight","Fine no high winds","Dry","Car occupant"
"5665","2016133360593",2016-03-06,2016,"Mar",6,"11:15",11,15,"Sunday","Serious",6,"Slight","Car occupant","Passenger","Male",9,"Unclassified","Single carriageway",30,NA,"Not a Pedestrian","Not a Pedestrian",428697,429546,"E01011322",2,"Not at junction or within 20 metres","Daylight","Fine no high winds","Dry","Car occupant"
"5666","2016133360593",2016-03-06,2016,"Mar",6,"11:15",11,15,"Sunday","Serious",6,"Slight","Car occupant","Passenger","Male",2,"Unclassified","Single carriageway",30,NA,"Not a Pedestrian","Not a Pedestrian",428697,429546,"E01011322",2,"Not at junction or within 20 metres","Daylight","Fine no high winds","Dry","Car occupant"
"5667","2016133360648",2016-03-06,2016,"Mar",6,"11:55",11,55,"Sunday","Slight",2,"Slight","Car occupant","Driver or rider","Male",35,"Unclassified","Single carriageway",30,"Unclassified","Not a Pedestrian","Not a Pedestrian",426949,433344,"E01011292",2,"T or staggered junction","Daylight","Unknown","Dry","Car occupant"
"5668","2016133360648",2016-03-06,2016,"Mar",6,"11:55",11,55,"Sunday","Slight",2,"Slight","Car occupant","Passenger","Female",11,"Unclassified","Single carriageway",30,"Unclassified","Not a Pedestrian","Not a Pedestrian",426949,433344,"E01011292",2,"T or staggered junction","Daylight","Unknown","Dry","Car occupant"
"5669","2016133361549",2016-03-06,2016,"Mar",6,"15:15",15,15,"Sunday","Slight",1,"Slight","Cyclist","Driver or rider","Male",29,"Unclassified","Single carriageway",30,"Unclassified","Not a Pedestrian","Not a Pedestrian",428837,440134,"E01011554",2,"T or staggered junction","Daylight","Fine no high winds","Dry","Cyclist"
"5670","2016133361088",2016-03-06,2016,"Mar",6,"16:45",16,45,"Sunday","Slight",2,"Slight","Car occupant","Passenger","Female",20,"A","Roundabout",40,"A","Not a Pedestrian","Not a Pedestrian",428578,432990,"E01011363",3,"Roundabout","Daylight","Fine no high winds","Dry","Car occupant"
"5671","2016133361088",2016-03-06,2016,"Mar",6,"16:45",16,45,"Sunday","Slight",2,"Slight","Car occupant","Driver or rider","Male",47,"A","Roundabout",40,"A","Not a Pedestrian","Not a Pedestrian",428578,432990,"E01011363",3,"Roundabout","Daylight","Fine no high winds","Dry","Car occupant"
"5672","2016133361232",2016-03-06,2016,"Mar",6,"17:55",17,55,"Sunday","Slight",1,"Slight","Car occupant","Driver or rider","Female",52,"Unclassified","Single carriageway",30,NA,"Not a Pedestrian","Not a Pedestrian",419631,444880,"E01011571",1,"Not at junction or within 20 metres","Daylight","Fine no high winds","Dry","Car occupant"
"5673","2016133361675",2016-03-06,2016,"Mar",6,"23:02",23,2,"Sunday","Slight",1,"Slight","Car occupant","Driver or rider","Male",37,"Unclassified","Single carriageway",30,"Unclassified","Not a Pedestrian","Not a Pedestrian",431899,434792,"E01011677",1,"Mini-roundabout","Darkness - lights lit","Fine no high winds","Dry","Car occupant"
"5674","2016133370178",2016-03-07,2016,"Mar",7,"07:18",7,18,"Monday","Slight",1,"Slight","Cyclist","Driver or rider","Male",43,"Unclassified","Roundabout",30,"Unclassified","Not a Pedestrian","Not a Pedestrian",430637,433678,"E01033010",2,"Roundabout","Daylight","Fine no high winds","Dry","Cyclist"
"5675","2016133370184",2016-03-07,2016,"Mar",7,"07:27",7,27,"Monday","Serious",1,"Serious","Pedestrian","Pedestrian","Female",15,"Unclassified","One way street",30,NA,"In carriageway, crossing elsewhere","Crossing from offside - masked by  parked or stationary vehicle",441291,428176,"E01011307",1,"Not at junction or within 20 metres","Daylight","Fine no high winds","Dry","Pedestrian"
"5676","2016133370235",2016-03-07,2016,"Mar",7,"07:40",7,40,"Monday","Slight",2,"Slight","Car occupant","Driver or rider","Female",24,"Motorway","Dual carriageway",70,NA,"Not a Pedestrian","Not a Pedestrian",428872,431633,"E01011366",2,"Not at junction or within 20 metres","Daylight","Fine no high winds","Dry","Car occupant"
"5677","2016133370235",2016-03-07,2016,"Mar",7,"07:40",7,40,"Monday","Slight",2,"Slight","Car occupant","Passenger","Male",30,"Motorway","Dual carriageway",70,NA,"Not a Pedestrian","Not a Pedestrian",428872,431633,"E01011366",2,"Not at junction or within 20 metres","Daylight","Fine no high winds","Dry","Car occupant"
"5678","2016133370389",2016-03-07,2016,"Mar",7,"08:25",8,25,"Monday","Slight",1,"Slight","Bus or coach occupant (17 or more pass seats)","Passenger","Female",45,"Unclassified","Single carriageway",30,NA,"Not a Pedestrian","Not a Pedestrian",429059,433858,"E01011678",1,"Not at junction or within 20 metres","Daylight","Fine no high winds","Dry","Bus and goods vehicle occupant"
"5679","2016133370266",2016-03-07,2016,"Mar",7,"08:40",8,40,"Monday","Slight",4,"Slight","Cyclist","Driver or rider","Male",31,"Unclassified","Single carriageway",30,"Unclassified","Not a Pedestrian","Not a Pedestrian",430962,435766,"E01011361",1,"Crossroads","Daylight","Fine no high winds","Dry","Cyclist"
"5680","2016133370266",2016-03-07,2016,"Mar",7,"08:40",8,40,"Monday","Slight",4,"Slight","Pedestrian","Pedestrian","Female",55,"Unclassified","Single carriageway",30,"Unclassified","Crossing on pedestrian crossing facility","Crossing from offside - masked by  parked or stationary vehicle",430962,435766,"E01011361",1,"Crossroads","Daylight","Fine no high winds","Dry","Pedestrian"
"5681","2016133370266",2016-03-07,2016,"Mar",7,"08:40",8,40,"Monday","Slight",4,"Slight","Pedestrian","Pedestrian","Male",6,"Unclassified","Single carriageway",30,"Unclassified","Crossing on pedestrian crossing facility","Crossing from offside - masked by  parked or stationary vehicle",430962,435766,"E01011361",1,"Crossroads","Daylight","Fine no high winds","Dry","Pedestrian"
"5682","2016133370266",2016-03-07,2016,"Mar",7,"08:40",8,40,"Monday","Slight",4,"Slight","Pedestrian","Pedestrian","Male",5,"Unclassified","Single carriageway",30,"Unclassified","Crossing on pedestrian crossing facility","Crossing from offside - masked by  parked or stationary vehicle",430962,435766,"E01011361",1,"Crossroads","Daylight","Fine no high winds","Dry","Pedestrian"
"5683","2016133371009",2016-03-07,2016,"Mar",7,"15:55",15,55,"Monday","Slight",1,"Slight","Pedestrian","Pedestrian","Female",9,"A","Single carriageway",30,NA,"In centre of carriageway - not on refuge, island or central reservation","Crossing from driver's offside",438330,430260,"E01011391",1,"Not at junction or within 20 metres","Daylight","Fine no high winds","Dry","Pedestrian"
"5684","2016133371018",2016-03-07,2016,"Mar",7,"16:00",16,0,"Monday","Slight",1,"Slight","Goods vehicle (7.5 tonnes mgw and over) occupant","Driver or rider","Male",61,"A","Single carriageway",60,NA,"Not a Pedestrian","Not a Pedestrian",442982,431717,"E01011299",2,"Not at junction or within 20 metres","Daylight","Unknown","Dry","Bus and goods vehicle occupant"
"5685","2016133371081",2016-03-07,2016,"Mar",7,"16:30",16,30,"Monday","Slight",1,"Slight","Car occupant","Driver or rider","Male",50,"Unclassified","One way street",30,NA,"Not a Pedestrian","Not a Pedestrian",426223,432785,"E01011732",1,"Not at junction or within 20 metres","Daylight","Fine no high winds","Dry","Car occupant"
"5686","2016133371397",2016-03-07,2016,"Mar",7,"18:20",18,20,"Monday","Slight",1,"Slight","Car occupant","Driver or rider","Male",39,"Unclassified","Single carriageway",30,NA,"Not a Pedestrian","Not a Pedestrian",427100,433694,"E01011284",2,"Not at junction or within 20 metres","Darkness - lights lit","Fine no high winds","Dry","Car occupant"
"5687","2016133371323",2016-03-07,2016,"Mar",7,"18:33",18,33,"Monday","Slight",1,"Slight","Car occupant","Driver or rider","Female",45,"Unclassified","Single carriageway",30,"Unclassified","Not a Pedestrian","Not a Pedestrian",424775,425469,"E01011546",2,"T or staggered junction","Darkness - lighting unknown","Unknown","Dry","Car occupant"
"5688","20161333N1424",2016-03-08,2016,"Mar",8,"14:24",14,24,"Tuesday","Slight",2,"Slight","Bus or coach occupant (17 or more pass seats)","Driver or rider","Male",51,"Unclassified","Single carriageway",30,NA,"Not a Pedestrian","Not a Pedestrian",431880,435220,"E01011429",2,"Not at junction or within 20 metres","Daylight","Fine no high winds","Dry","Bus and goods vehicle occupant"
"5689","20161333N1424",2016-03-08,2016,"Mar",8,"14:24",14,24,"Tuesday","Slight",2,"Slight","Bus or coach occupant (17 or more pass seats)","Passenger","Male",55,"Unclassified","Single carriageway",30,NA,"Not a Pedestrian","Not a Pedestrian",431880,435220,"E01011429",2,"Not at junction or within 20 metres","Daylight","Fine no high winds","Dry","Bus and goods vehicle occupant"
"5690","2016133390203",2016-03-09,2016,"Mar",9,"08:01",8,1,"Wednesday","Slight",2,"Slight","Car occupant","Driver or rider","Male",36,"Unclassified","Single carriageway",30,"Unclassified","Not a Pedestrian","Not a Pedestrian",426316,437709,"E01011687",2,"Crossroads","Daylight","Raining no high winds","Wet or damp","Car occupant"
"5691","2016133390203",2016-03-09,2016,"Mar",9,"08:01",8,1,"Wednesday","Slight",2,"Slight","Car occupant","Driver or rider","Female",22,"Unclassified","Single carriageway",30,"Unclassified","Not a Pedestrian","Not a Pedestrian",426316,437709,"E01011687",2,"Crossroads","Daylight","Raining no high winds","Wet or damp","Car occupant"
"5692","2016133390252",2016-03-09,2016,"Mar",9,"08:44",8,44,"Wednesday","Slight",1,"Slight","Cyclist","Driver or rider","Male",40,"Unclassified","Single carriageway",30,"Unclassified","Not a Pedestrian","Not a Pedestrian",430850,435449,"E01011360",2,"T or staggered junction","Daylight","Raining no high winds","Wet or damp","Cyclist"
"5693","2016133390679",2016-03-09,2016,"Mar",9,"13:40",13,40,"Wednesday","Serious",1,"Serious","Bus or coach occupant (17 or more pass seats)","Passenger","Female",82,"Unclassified","Single carriageway",30,NA,"Not a Pedestrian","Not a Pedestrian",429623,434237,"E01033008",1,"Not at junction or within 20 metres","Daylight","Raining no high winds","Wet or damp","Bus and goods vehicle occupant"