"","accident_index","date","year","month","day","time","time_hour","time_minute","day_of_week","accident_severity","number_of_casualties","casualty_severity","casualty_type","casualty_class","sex_of_casualty","age_of_casualty","first_road_class","road_type","speed_limit","second_road_class","pedestrian_location","pedestrian_movement","location_easting_osgr","location_northing_osgr","lsoa_of_accident_location","number_of_vehicles","junction_detail","light_conditions","weather_conditions","road_surface_conditions","cas_type"
"5694","2016133390843",2016-03-09,2016,"Mar",9,"14:40",14,40,"Wednesday","Slight",1,"Slight","Pedestrian","Pedestrian","Male",57,"Unclassified","One way street",30,NA,"Unknown or other","Unknown or other",430291,433534,"E01033010",1,"Not at junction or within 20 metres","Daylight","Raining no high winds","Wet or damp","Pedestrian"
"5695","2016133390786",2016-03-09,2016,"Mar",9,"15:00",15,0,"Wednesday","Slight",1,"Slight","Car occupant","Driver or rider","Male",60,"Unclassified","Dual carriageway",30,NA,"Not a Pedestrian","Not a Pedestrian",426032,435589,"E01011477",2,"Not at junction or within 20 metres","Daylight","Raining no high winds","Wet or damp","Car occupant"
"5696","2016133390830",2016-03-09,2016,"Mar",9,"15:26",15,26,"Wednesday","Slight",1,"Slight","Pedestrian","Pedestrian","Male",5,"Unclassified","Single carriageway",30,NA,"In carriageway, crossing elsewhere","Crossing from driver's offside",425172,432372,"E01011726",1,"Not at junction or within 20 metres","Daylight","Fine no high winds","Dry","Pedestrian"
"5697","20161333A0255",2016-03-10,2016,"Mar",10,"07:15",7,15,"Thursday","Serious",1,"Serious","Bus or coach occupant (17 or more pass seats)","Passenger","Female",24,"A","Single carriageway",30,NA,"Not a Pedestrian","Not a Pedestrian",427184,434758,"E01011482",2,"Not at junction or within 20 metres","Daylight","Fine no high winds","Dry","Bus and goods vehicle occupant"
"5698","20161333A1079",2016-03-10,2016,"Mar",10,"16:30",16,30,"Thursday","Slight",1,"Slight","Car occupant","Driver or rider","Male",74,"Unclassified","Single carriageway",30,"Unclassified","Not a Pedestrian","Not a Pedestrian",430983,434451,"E01033003",2,"T or staggered junction","Daylight","Unknown","Dry","Car occupant"
"5699","20161333A1209",2016-03-10,2016,"Mar",10,"17:30",17,30,"Thursday","Slight",2,"Slight","Car occupant","Passenger","Female",18,"Motorway","Dual carriageway",50,NA,"Not a Pedestrian","Not a Pedestrian",430409,431031,"E01011312",2,"Not at junction or within 20 metres","Daylight","Fine no high winds","Dry","Car occupant"
"5700","20161333A1209",2016-03-10,2016,"Mar",10,"17:30",17,30,"Thursday","Slight",2,"Slight","Car occupant","Driver or rider","Female",23,"Motorway","Dual carriageway",50,NA,"Not a Pedestrian","Not a Pedestrian",430409,431031,"E01011312",2,"Not at junction or within 20 metres","Daylight","Fine no high winds","Dry","Car occupant"
"5701","20161333A1810",2016-03-10,2016,"Mar",10,"23:24",23,24,"Thursday","Serious",1,"Serious","Car occupant","Driver or rider","Male",49,"Unclassified","One way street",30,"A","Not a Pedestrian","Not a Pedestrian",428897,435510,"E01011443",2,"T or staggered junction","Daylight","Fine no high winds","Dry","Car occupant"
"5702","20161333B1196",2016-03-11,2016,"Mar",11,"12:15",12,15,"Friday","Slight",1,"Slight","Motorcycle over 500cc rider or passenger","Driver or rider","Male",33,"A","Dual carriageway",40,"Motorway","Not a Pedestrian","Not a Pedestrian",430619,431831,"E01011364",2,"Slip road","Daylight","Unknown","Dry","Motorcyclist and pillion"
"5703","20161333B1352",2016-03-11,2016,"Mar",11,"18:07",18,7,"Friday","Serious",3,"Serious","Car occupant","Driver or rider","Female",23,"A","Single carriageway",60,"Unclassified","Not a Pedestrian","Not a Pedestrian",435431,439805,"E01011311",2,"Crossroads","Darkness - no lighting","Fine no high winds","Dry","Car occupant"
"5704","20161333B1352",2016-03-11,2016,"Mar",11,"18:07",18,7,"Friday","Serious",3,"Slight","Car occupant","Passenger","Male",47,"A","Single carriageway",60,"Unclassified","Not a Pedestrian","Not a Pedestrian",435431,439805,"E01011311",2,"Crossroads","Darkness - no lighting","Fine no high winds","Dry","Car occupant"
"5705","20161333B1352",2016-03-11,2016,"Mar",11,"18:07",18,7,"Friday","Serious",3,"Slight","Car occupant","Driver or rider","Male",50,"A","Single carriageway",60,"Unclassified","Not a Pedestrian","Not a Pedestrian",435431,439805,"E01011311",2,"Crossroads","Darkness - no lighting","Fine no high winds","Dry","Car occupant"
"5706","20161333C0922",2016-03-12,2016,"Mar",12,"14:53",14,53,"Saturday","Slight",1,"Slight","Car occupant","Driver or rider","Male",45,"Motorway","Dual carriageway",70,NA,"Not a Pedestrian","Not a Pedestrian",436058,431195,"E01011420",1,"Not at junction or within 20 metres","Daylight","Fine no high winds","Dry","Car occupant"
"5707","20161333C1424",2016-03-12,2016,"Mar",12,"19:04",19,4,"Saturday","Slight",1,"Slight","Motorcycle over 500cc rider or passenger","Passenger","Male",28,"A","Dual carriageway",40,NA,"Not a Pedestrian","Not a Pedestrian",433247,434049,"E01011340",4,"Not at junction or within 20 metres","Darkness - lights lit","Fine no high winds","Dry","Motorcyclist and pillion"
"5708","20161333C1952",2016-03-12,2016,"Mar",12,"23:20",23,20,"Saturday","Slight",1,"Slight","Pedestrian","Pedestrian","Male",35,"Unclassified","Single carriageway",30,"Unclassified","In carriageway, crossing elsewhere","Crossing from offside - masked by  parked or stationary vehicle",425020,435339,"E01011332",1,"T or staggered junction","Darkness - lights lit","Fine no high winds","Dry","Pedestrian"
"5709","20161333D0462",2016-03-13,2016,"Mar",13,"09:00",9,0,"Sunday","Slight",1,"Slight","Pedestrian","Pedestrian","Female",31,"Unclassified","Single carriageway",30,"Unclassified","In carriageway, crossing elsewhere","Unknown or other",429430,433469,"E01033008",1,"T or staggered junction","Daylight","Unknown","Dry","Pedestrian"
"5710","20161333D0994",2016-03-13,2016,"Mar",13,"14:20",14,20,"Sunday","Slight",1,"Slight","Pedestrian","Pedestrian","Male",67,"A","Single carriageway",30,NA,"Crossing elsewhere within 50m. of pedestrian crossing","Unknown or other",427836,436303,"E01011440",1,"Not at junction or within 20 metres","Daylight","Unknown","Dry","Pedestrian"
"5711","20161333D1154",2016-03-13,2016,"Mar",13,"16:20",16,20,"Sunday","Slight",1,"Slight","Car occupant","Driver or rider","Male",71,"A","Dual carriageway",70,NA,"Not a Pedestrian","Not a Pedestrian",428112,426644,"E01011538",2,"Not at junction or within 20 metres","Daylight","Fine no high winds","Dry","Car occupant"
"5712","20161333D1710",2016-03-13,2016,"Mar",13,"21:40",21,40,"Sunday","Serious",1,"Serious","Van / Goods vehicle (3.5 tonnes mgw or under) occupant","Driver or rider","Male",22,"Motorway","Dual carriageway",70,NA,"Not a Pedestrian","Not a Pedestrian",431263,426519,"E01011499",1,"Not at junction or within 20 metres","Darkness - lights lit","Fine no high winds","Dry","Bus and goods vehicle occupant"
"5713","20161333E1272",2016-03-14,2016,"Mar",14,"17:20",17,20,"Monday","Slight",1,"Slight","Cyclist","Driver or rider","Male",46,"A","Dual carriageway",30,"Unclassified","Not a Pedestrian","Not a Pedestrian",436158,434596,"E01011345",2,"T or staggered junction","Daylight","Fine no high winds","Dry","Cyclist"
"5714","20161333F0485",2016-03-15,2016,"Mar",15,"10:30",10,30,"Tuesday","Slight",1,"Slight","Bus or coach occupant (17 or more pass seats)","Passenger","Female",53,"A","Single carriageway",30,NA,"Not a Pedestrian","Not a Pedestrian",439979,432382,"E01011402",1,"Not at junction or within 20 metres","Daylight","Fine no high winds","Dry","Bus and goods vehicle occupant"
"5715","20161333F0880",2016-03-15,2016,"Mar",15,"14:48",14,48,"Tuesday","Slight",1,"Slight","Van / Goods vehicle (3.5 tonnes mgw or under) occupant","Driver or rider","Male",41,"A(M)","Dual carriageway",70,NA,"Not a Pedestrian","Not a Pedestrian",443502,438355,"E01011309",3,"Not at junction or within 20 metres","Daylight","Fine no high winds","Dry","Bus and goods vehicle occupant"
"5716","20161333F1157",2016-03-15,2016,"Mar",15,"17:12",17,12,"Tuesday","Slight",1,"Slight","Motorcycle 125cc and under rider or passenger","Driver or rider","Male",30,"Unclassified","Single carriageway",30,"Unclassified","Not a Pedestrian","Not a Pedestrian",429023,432295,"E01033013",2,"T or staggered junction","Daylight","Fine no high winds","Dry","Motorcyclist and pillion"
"5717","20161333F1251",2016-03-15,2016,"Mar",15,"17:55",17,55,"Tuesday","Slight",1,"Slight","Car occupant","Driver or rider","Male",70,"B","Single carriageway",40,"Unclassified","Not a Pedestrian","Not a Pedestrian",429920,438507,"E01011514",2,"Other junction","Darkness - lights lit","Fine no high winds","Dry","Car occupant"
"5718","20161333G0274",2016-03-16,2016,"Mar",16,"08:50",8,50,"Wednesday","Slight",1,"Slight","Pedestrian","Pedestrian","Female",7,"B","Single carriageway",30,"Unclassified","In carriageway, crossing elsewhere","Crossing from driver's offside",429589,436620,"E01011354",1,"T or staggered junction","Daylight","Fine no high winds","Dry","Pedestrian"
"5719","20161333G0432",2016-03-16,2016,"Mar",16,"10:40",10,40,"Wednesday","Slight",2,"Slight","Car occupant","Driver or rider","Female",33,"Motorway","Slip road",70,"A","Not a Pedestrian","Not a Pedestrian",431885,430498,"E01011470",2,"T or staggered junction","Daylight","Fine no high winds","Dry","Car occupant"
"5720","20161333G0432",2016-03-16,2016,"Mar",16,"10:40",10,40,"Wednesday","Slight",2,"Slight","Car occupant","Driver or rider","Male",54,"Motorway","Slip road",70,"A","Not a Pedestrian","Not a Pedestrian",431885,430498,"E01011470",2,"T or staggered junction","Daylight","Fine no high winds","Dry","Car occupant"
"5721","20161333G0992",2016-03-16,2016,"Mar",16,"16:04",16,4,"Wednesday","Serious",1,"Serious","Motorcycle over 500cc rider or passenger","Driver or rider","Male",47,"Unclassified","Single carriageway",30,"Unclassified","Not a Pedestrian","Not a Pedestrian",426122,439160,"E01011695",2,"T or staggered junction","Daylight","Fine no high winds","Dry","Motorcyclist and pillion"
"5722","20161333H0479",2016-03-16,2016,"Mar",16,"16:30",16,30,"Wednesday","Slight",1,"Slight","Cyclist","Driver or rider","Male",30,"Unclassified","Roundabout",30,"A","Not a Pedestrian","Not a Pedestrian",436095,434775,"E01011345",2,"Roundabout","Daylight","Unknown","Dry","Cyclist"
"5723","20161333H0332",2016-03-17,2016,"Mar",17,"09:20",9,20,"Thursday","Slight",2,"Slight","Car occupant","Driver or rider","Male",62,"Unclassified","Single carriageway",30,NA,"Not a Pedestrian","Not a Pedestrian",432052,436201,"E01011642",3,"Not at junction or within 20 metres","Daylight","Fine no high winds","Dry","Car occupant"
"5724","20161333H0332",2016-03-17,2016,"Mar",17,"09:20",9,20,"Thursday","Slight",2,"Slight","Car occupant","Driver or rider","Female",53,"Unclassified","Single carriageway",30,NA,"Not a Pedestrian","Not a Pedestrian",432052,436201,"E01011642",3,"Not at junction or within 20 metres","Daylight","Fine no high winds","Dry","Car occupant"
"5725","20161333U0574",2016-03-17,2016,"Mar",17,"12:10",12,10,"Thursday","Slight",1,"Slight","Pedestrian","Pedestrian","Male",32,"Unclassified","Single carriageway",30,NA,"Crossing on pedestrian crossing facility","Unknown or other",430377,433523,"E01033010",1,"Not at junction or within 20 metres","Daylight","Unknown","Dry","Pedestrian"
"5726","20161333H0345",2016-03-17,2016,"Mar",17,"15:00",15,0,"Thursday","Slight",1,"Slight","Cyclist","Driver or rider","Male",12,"Unclassified","Single carriageway",30,"Unclassified","Not a Pedestrian","Not a Pedestrian",435440,435683,"E01011663",2,"T or staggered junction","Daylight","Unknown","Dry","Cyclist"
"5727","20161333H1024",2016-03-17,2016,"Mar",17,"16:00",16,0,"Thursday","Slight",1,"Slight","Cyclist","Driver or rider","Male",36,"A","Single carriageway",30,"Unclassified","Not a Pedestrian","Not a Pedestrian",426098,428271,"E01011525",2,"T or staggered junction","Daylight","Fine no high winds","Dry","Cyclist"
"5728","20161333I0967",2016-03-18,2016,"Mar",18,"15:00",15,0,"Friday","Slight",1,"Slight","Taxi/Private hire car occupant","Passenger","Female",24,"Unclassified","Single carriageway",30,NA,"Not a Pedestrian","Not a Pedestrian",431243,429712,"E01011474",2,"Not at junction or within 20 metres","Daylight","Fine no high winds","Dry","Car occupant"
"5729","20161333I0926",2016-03-18,2016,"Mar",18,"15:15",15,15,"Friday","Slight",1,"Slight","Car occupant","Driver or rider","Female",51,"A","Dual carriageway",30,"Unclassified","Not a Pedestrian","Not a Pedestrian",420025,434134,"E01011597",2,"Private drive or entrance","Daylight","Fine no high winds","Dry","Car occupant"
"5730","20161333I1052",2016-03-18,2016,"Mar",18,"16:15",16,15,"Friday","Slight",1,"Slight","Motorcycle 125cc and under rider or passenger","Driver or rider","Male",22,"A","Roundabout",40,"B","Not a Pedestrian","Not a Pedestrian",424662,433596,"E01011727",2,"Roundabout","Daylight","Fine no high winds","Wet or damp","Motorcyclist and pillion"
"5731","20161333I1529",2016-03-18,2016,"Mar",18,"20:25",20,25,"Friday","Slight",1,"Slight","Car occupant","Driver or rider","Female",37,"Unclassified","Single carriageway",30,"Unclassified","Not a Pedestrian","Not a Pedestrian",434622,435681,"E01011662",2,"T or staggered junction","Darkness - lights lit","Fine no high winds","Dry","Car occupant"
"5732","20161333J0282",2016-03-19,2016,"Mar",19,"04:40",4,40,"Saturday","Serious",2,"Slight","Car occupant","Driver or rider","Female",22,"A(M)","Dual carriageway",70,NA,"Not a Pedestrian","Not a Pedestrian",442405,442611,"E01011712",2,"Not at junction or within 20 metres","Darkness - no lighting","Fine no high winds","Dry","Car occupant"
"5733","20161333J0282",2016-03-19,2016,"Mar",19,"04:40",4,40,"Saturday","Serious",2,"Serious","Car occupant","Passenger","Female",20,"A(M)","Dual carriageway",70,NA,"Not a Pedestrian","Not a Pedestrian",442405,442611,"E01011712",2,"Not at junction or within 20 metres","Darkness - no lighting","Fine no high winds","Dry","Car occupant"
"5734","20161333J0779",2016-03-19,2016,"Mar",19,"12:02",12,2,"Saturday","Slight",2,"Slight","Car occupant","Driver or rider","Female",34,"Motorway","Dual carriageway",70,NA,"Not a Pedestrian","Not a Pedestrian",437724,425283,"E01011636",2,"Not at junction or within 20 metres","Daylight","Fine no high winds","Dry","Car occupant"
"5735","20161333J0779",2016-03-19,2016,"Mar",19,"12:02",12,2,"Saturday","Slight",2,"Slight","Car occupant","Passenger","Female",65,"Motorway","Dual carriageway",70,NA,"Not a Pedestrian","Not a Pedestrian",437724,425283,"E01011636",2,"Not at junction or within 20 metres","Daylight","Fine no high winds","Dry","Car occupant"
"5736","20161333J0896",2016-03-19,2016,"Mar",19,"14:16",14,16,"Saturday","Slight",1,"Slight","Car occupant","Driver or rider","Female",63,"Unclassified","Single carriageway",30,NA,"Not a Pedestrian","Not a Pedestrian",431959,438903,"E01011508",2,"Not at junction or within 20 metres","Daylight","Fine no high winds","Dry","Car occupant"
"5737","20161333K0386",2016-03-20,2016,"Mar",20,"08:10",8,10,"Sunday","Serious",1,"Serious","Cyclist","Driver or rider","Male",45,"A","Roundabout",40,"A","Not a Pedestrian","Not a Pedestrian",426848,438045,"E01011687",2,"Roundabout","Daylight","Fine no high winds","Dry","Cyclist"
"5738","20161333K0810",2016-03-20,2016,"Mar",20,"12:00",12,0,"Sunday","Slight",1,"Slight","Taxi/Private hire car occupant","Passenger","Female",28,"A","Dual carriageway",40,"Unclassified","Not a Pedestrian","Not a Pedestrian",428922,433430,"E01011363",2,"Slip road","Daylight","Unknown","Dry","Car occupant"
"5739","20161333K0914",2016-03-20,2016,"Mar",20,"14:30",14,30,"Sunday","Slight",1,"Slight","Car occupant","Passenger","Male",18,"Motorway","Dual carriageway",70,NA,"Not a Pedestrian","Not a Pedestrian",437162,425798,"E01011636",1,"Not at junction or within 20 metres","Daylight","Fine no high winds","Dry","Car occupant"
"5740","20161333K0934",2016-03-20,2016,"Mar",20,"14:30",14,30,"Sunday","Slight",3,"Slight","Car occupant","Driver or rider","Male",19,"Unclassified","Dual carriageway",40,"A","Not a Pedestrian","Not a Pedestrian",429512,430284,"E01011319",2,"T or staggered junction","Daylight","Fine no high winds","Dry","Car occupant"
"5741","20161333K0934",2016-03-20,2016,"Mar",20,"14:30",14,30,"Sunday","Slight",3,"Slight","Car occupant","Driver or rider","Male",79,"Unclassified","Dual carriageway",40,"A","Not a Pedestrian","Not a Pedestrian",429512,430284,"E01011319",2,"T or staggered junction","Daylight","Fine no high winds","Dry","Car occupant"
"5742","20161333K0934",2016-03-20,2016,"Mar",20,"14:30",14,30,"Sunday","Slight",3,"Slight","Car occupant","Passenger","Female",79,"Unclassified","Dual carriageway",40,"A","Not a Pedestrian","Not a Pedestrian",429512,430284,"E01011319",2,"T or staggered junction","Daylight","Fine no high winds","Dry","Car occupant"
"5743","20161333K1104",2016-03-20,2016,"Mar",20,"16:00",16,0,"Sunday","Slight",5,"Slight","Car occupant","Driver or rider","Female",31,"Unclassified","Single carriageway",30,NA,"Not a Pedestrian","Not a Pedestrian",431348,434957,"E01011673",3,"Not at junction or within 20 metres","Daylight","Fine no high winds","Dry","Car occupant"
"5744","20161333K1104",2016-03-20,2016,"Mar",20,"16:00",16,0,"Sunday","Slight",5,"Slight","Car occupant","Passenger","Male",5,"Unclassified","Single carriageway",30,NA,"Not a Pedestrian","Not a Pedestrian",431348,434957,"E01011673",3,"Not at junction or within 20 metres","Daylight","Fine no high winds","Dry","Car occupant"
"5745","20161333K1104",2016-03-20,2016,"Mar",20,"16:00",16,0,"Sunday","Slight",5,"Slight","Car occupant","Driver or rider","Female",43,"Unclassified","Single carriageway",30,NA,"Not a Pedestrian","Not a Pedestrian",431348,434957,"E01011673",3,"Not at junction or within 20 metres","Daylight","Fine no high winds","Dry","Car occupant"
"5746","20161333K1104",2016-03-20,2016,"Mar",20,"16:00",16,0,"Sunday","Slight",5,"Slight","Car occupant","Passenger","Male",7,"Unclassified","Single carriageway",30,NA,"Not a Pedestrian","Not a Pedestrian",431348,434957,"E01011673",3,"Not at junction or within 20 metres","Daylight","Fine no high winds","Dry","Car occupant"
"5747","20161333K1104",2016-03-20,2016,"Mar",20,"16:00",16,0,"Sunday","Slight",5,"Slight","Car occupant","Passenger","Male",8,"Unclassified","Single carriageway",30,NA,"Not a Pedestrian","Not a Pedestrian",431348,434957,"E01011673",3,"Not at junction or within 20 metres","Daylight","Fine no high winds","Dry","Car occupant"
"5748","20161333K1466",2016-03-20,2016,"Mar",20,"19:29",19,29,"Sunday","Slight",1,"Slight","Car occupant","Passenger","Female",18,"A","Single carriageway",30,"Unclassified","Not a Pedestrian","Not a Pedestrian",427297,433633,"E01011293",2,"Crossroads","Darkness - lights lit","Fine no high winds","Dry","Car occupant"
"5749","20161333L0014",2016-03-21,2016,"Mar",21,"00:40",0,40,"Monday","Slight",1,"Slight","Car occupant","Passenger","Male",45,"Motorway","Dual carriageway",70,NA,"Not a Pedestrian","Not a Pedestrian",427552,426312,"E01011550",2,"Not at junction or within 20 metres","Darkness - lights lit","Fine no high winds","Dry","Car occupant"
"5750","20161333L0442",2016-03-21,2016,"Mar",21,"10:10",10,10,"Monday","Slight",1,"Slight","Bus or coach occupant (17 or more pass seats)","Passenger","Female",57,"Unclassified","Single carriageway",30,"Unclassified","Not a Pedestrian","Not a Pedestrian",430264,433752,"E01033010",1,"Crossroads","Daylight","Fine no high winds","Dry","Bus and goods vehicle occupant"
"5751","20161333M0196",2016-03-22,2016,"Mar",22,"07:20",7,20,"Tuesday","Slight",1,"Slight","Car occupant","Driver or rider","Female",39,"Unclassified","Dual carriageway",40,"A","Not a Pedestrian","Not a Pedestrian",426230,431902,"E01011737",2,"Crossroads","Daylight","Fine no high winds","Dry","Car occupant"
"5752","20161333M1252",2016-03-22,2016,"Mar",22,"18:00",18,0,"Tuesday","Slight",1,"Slight","Car occupant","Passenger","Female",18,"A","Dual carriageway",40,NA,"Not a Pedestrian","Not a Pedestrian",430107,432823,"E01033016",2,"Not at junction or within 20 metres","Daylight","Fine no high winds","Dry","Car occupant"
"5753","20161333M1474",2016-03-22,2016,"Mar",22,"20:05",20,5,"Tuesday","Serious",1,"Serious","Pedestrian","Pedestrian","Female",22,"Unclassified","Dual carriageway",30,NA,"Crossing elsewhere within 50m. of pedestrian crossing","Crossing from driver's nearside",429914,432852,"E01033016",1,"Not at junction or within 20 metres","Darkness - lights lit","Fine no high winds","Dry","Pedestrian"
"5754","20161333N0519",2016-03-23,2016,"Mar",23,"12:07",12,7,"Wednesday","Slight",1,"Slight","Car occupant","Driver or rider","Male",37,"Unclassified","Single carriageway",30,"Unclassified","Not a Pedestrian","Not a Pedestrian",430551,432342,"E01033018",3,"T or staggered junction","Daylight","Fine no high winds","Dry","Car occupant"
"5755","20161333N0965",2016-03-23,2016,"Mar",23,"17:10",17,10,"Wednesday","Serious",1,"Serious","Motorcycle over 500cc rider or passenger","Driver or rider","Male",43,"A","Dual carriageway",40,"Unclassified","Not a Pedestrian","Not a Pedestrian",433604,432074,"E01011621",1,"Roundabout","Daylight","Fine no high winds","Dry","Motorcyclist and pillion"
"5756","20161333T1529",2016-03-24,2016,"Mar",24,"17:30",17,30,"Thursday","Slight",1,"Slight","Car occupant","Driver or rider","Female",24,"Unclassified","Single carriageway",30,"Unclassified","Not a Pedestrian","Not a Pedestrian",422029,434379,"E01011587",2,"Other junction","Daylight","Fine no high winds","Wet or damp","Car occupant"
"5757","20161333O1560",2016-03-24,2016,"Mar",24,"20:45",20,45,"Thursday","Slight",1,"Slight","Cyclist","Driver or rider","Male",15,"Unclassified","Single carriageway",30,"Unclassified","Not a Pedestrian","Not a Pedestrian",433008,437096,"E01011643",2,"T or staggered junction","Darkness - lighting unknown","Unknown","Dry","Cyclist"
"5758","20161333P0429",2016-03-25,2016,"Mar",25,"10:00",10,0,"Friday","Slight",4,"Slight","Car occupant","Driver or rider","Male",47,"A(M)","Dual carriageway",70,NA,"Not a Pedestrian","Not a Pedestrian",443249,439304,"E01011309",4,"Not at junction or within 20 metres","Daylight","Fine no high winds","Wet or damp","Car occupant"
"5759","20161333P0429",2016-03-25,2016,"Mar",25,"10:00",10,0,"Friday","Slight",4,"Slight","Car occupant","Driver or rider","Female",37,"A(M)","Dual carriageway",70,NA,"Not a Pedestrian","Not a Pedestrian",443249,439304,"E01011309",4,"Not at junction or within 20 metres","Daylight","Fine no high winds","Wet or damp","Car occupant"
"5760","20161333P0429",2016-03-25,2016,"Mar",25,"10:00",10,0,"Friday","Slight",4,"Slight","Car occupant","Passenger","Female",13,"A(M)","Dual carriageway",70,NA,"Not a Pedestrian","Not a Pedestrian",443249,439304,"E01011309",4,"Not at junction or within 20 metres","Daylight","Fine no high winds","Wet or damp","Car occupant"
"5761","20161333P0429",2016-03-25,2016,"Mar",25,"10:00",10,0,"Friday","Slight",4,"Slight","Car occupant","Passenger","Female",7,"A(M)","Dual carriageway",70,NA,"Not a Pedestrian","Not a Pedestrian",443249,439304,"E01011309",4,"Not at junction or within 20 metres","Daylight","Fine no high winds","Wet or damp","Car occupant"
"5762","20161333P0657",2016-03-25,2016,"Mar",25,"12:20",12,20,"Friday","Slight",4,"Slight","Car occupant","Driver or rider","Male",27,"A(M)","Dual carriageway",70,NA,"Not a Pedestrian","Not a Pedestrian",443638,436915,"E01011297",4,"Not at junction or within 20 metres","Daylight","Fine no high winds","Wet or damp","Car occupant"
"5763","20161333P0657",2016-03-25,2016,"Mar",25,"12:20",12,20,"Friday","Slight",4,"Slight","Car occupant","Driver or rider","Male",23,"A(M)","Dual carriageway",70,NA,"Not a Pedestrian","Not a Pedestrian",443638,436915,"E01011297",4,"Not at junction or within 20 metres","Daylight","Fine no high winds","Wet or damp","Car occupant"
"5764","20161333P0657",2016-03-25,2016,"Mar",25,"12:20",12,20,"Friday","Slight",4,"Slight","Car occupant","Driver or rider","Male",64,"A(M)","Dual carriageway",70,NA,"Not a Pedestrian","Not a Pedestrian",443638,436915,"E01011297",4,"Not at junction or within 20 metres","Daylight","Fine no high winds","Wet or damp","Car occupant"
"5765","20161333P0657",2016-03-25,2016,"Mar",25,"12:20",12,20,"Friday","Slight",4,"Slight","Car occupant","Driver or rider","Female",34,"A(M)","Dual carriageway",70,NA,"Not a Pedestrian","Not a Pedestrian",443638,436915,"E01011297",4,"Not at junction or within 20 metres","Daylight","Fine no high winds","Wet or damp","Car occupant"
"5766","20161333P0920",2016-03-25,2016,"Mar",25,"14:10",14,10,"Friday","Slight",1,"Slight","Car occupant","Passenger","Female",25,"Unclassified","Roundabout",30,"Unclassified","Not a Pedestrian","Not a Pedestrian",426190,427439,"E01011530",2,"Roundabout","Daylight","Fine no high winds","Dry","Car occupant"
"5767","20161333P1048",2016-03-25,2016,"Mar",25,"15:55",15,55,"Friday","Serious",1,"Serious","Motorcycle over 500cc rider or passenger","Driver or rider","Male",67,"Unclassified","Single carriageway",40,"Unclassified","Not a Pedestrian","Not a Pedestrian",415290,441400,"E01011270",1,"Private drive or entrance","Daylight","Fine no high winds","Dry","Motorcyclist and pillion"
"5768","20161333P1342",2016-03-25,2016,"Mar",25,"18:00",18,0,"Friday","Slight",1,"Slight","Car occupant","Driver or rider","Female",28,"Motorway","Dual carriageway",30,"A","Not a Pedestrian","Not a Pedestrian",424090,428105,"E01011529",2,"T or staggered junction","Daylight","Fine no high winds","Dry","Car occupant"
"5769","20161333Q1029",2016-03-26,2016,"Mar",26,"10:29",10,29,"Saturday","Serious",1,"Serious","Car occupant","Driver or rider","Male",30,"Motorway","Dual carriageway",70,NA,"Not a Pedestrian","Not a Pedestrian",437868,433015,"E01011402",1,"Not at junction or within 20 metres","Daylight","Fine no high winds","Dry","Car occupant"
"5770","20161333Q0648",2016-03-26,2016,"Mar",26,"10:55",10,55,"Saturday","Slight",1,"Slight","Pedestrian","Pedestrian","Male",46,"Unclassified","Single carriageway",30,NA,"In carriageway, not crossing","Walking along in carriageway, back to traffic",429574,435901,"E01011669",1,"Not at junction or within 20 metres","Daylight","Fine no high winds","Dry","Pedestrian"
"5771","20161333Q1071",2016-03-26,2016,"Mar",26,"11:51",11,51,"Saturday","Slight",1,"Slight","Car occupant","Driver or rider","Male",29,"A","Dual carriageway",40,"Unclassified","Not a Pedestrian","Not a Pedestrian",426250,434042,"E01032499",2,"Crossroads","Daylight","Fine no high winds","Dry","Car occupant"
"5772","20161333Q1107",2016-03-26,2016,"Mar",26,"13:40",13,40,"Saturday","Slight",1,"Slight","Pedestrian","Pedestrian","Male",20,"Unclassified","Single carriageway",30,NA,"Crossing on pedestrian crossing facility","Crossing from driver's offside",430069,433848,"E01033010",1,"Not at junction or within 20 metres","Daylight","Fine no high winds","Dry","Pedestrian"
"5773","20161333Q1208",2016-03-26,2016,"Mar",26,"17:24",17,24,"Saturday","Slight",1,"Slight","Car occupant","Passenger","Female",55,"Motorway","Dual carriageway",70,NA,"Not a Pedestrian","Not a Pedestrian",427094,430502,"E01011734",1,"Not at junction or within 20 metres","Daylight","Raining no high winds","Wet or damp","Car occupant"
"5774","20161333R0453",2016-03-27,2016,"Mar",27,"10:19",10,19,"Sunday","Slight",1,"Slight","Car occupant","Passenger","Male",25,"Unclassified","Single carriageway",30,"Unclassified","Not a Pedestrian","Not a Pedestrian",426503,433764,"E01032608",2,"Crossroads","Daylight","Fine no high winds","Dry","Car occupant"
"5775","20161333R0504",2016-03-27,2016,"Mar",27,"11:06",11,6,"Sunday","Slight",1,"Slight","Car occupant","Passenger","Female",34,"A","Dual carriageway",40,"Unclassified","Not a Pedestrian","Not a Pedestrian",429880,430763,"E01011312",2,"Other junction","Daylight","Fine no high winds","Dry","Car occupant"
"5776","20161333R0873",2016-03-27,2016,"Mar",27,"16:08",16,8,"Sunday","Serious",1,"Serious","Pedestrian","Pedestrian","Female",11,"B","Single carriageway",30,NA,"In carriageway, crossing elsewhere","Crossing from driver's nearside",432133,435320,"E01011432",1,"Not at junction or within 20 metres","Daylight","Raining no high winds","Wet or damp","Pedestrian"