"","accident_index","date","year","month","day","time","time_hour","time_minute","day_of_week","accident_severity","number_of_casualties","casualty_severity","casualty_type","casualty_class","sex_of_casualty","age_of_casualty","first_road_class","road_type","speed_limit","second_road_class","pedestrian_location","pedestrian_movement","location_easting_osgr","location_northing_osgr","lsoa_of_accident_location","number_of_vehicles","junction_detail","light_conditions","weather_conditions","road_surface_conditions","cas_type"
"5777","20161333R0913",2016-03-27,2016,"Mar",27,"17:10",17,10,"Sunday","Slight",1,"Slight","Car occupant","Passenger","Female",19,"Unclassified","Single carriageway",30,NA,"Not a Pedestrian","Not a Pedestrian",427769,434959,"E01011481",3,"Not at junction or within 20 metres","Daylight","Raining + high winds","Wet or damp","Car occupant"
"5778","20161333R1046",2016-03-27,2016,"Mar",27,"18:00",18,0,"Sunday","Slight",1,"Slight","Car occupant","Driver or rider","Male",21,"Motorway","Slip road",50,NA,"Not a Pedestrian","Not a Pedestrian",431779,430478,"E01011469",1,"Not at junction or within 20 metres","Daylight","Fine no high winds","Dry","Car occupant"
"5779","20161333R1689",2016-03-27,2016,"Mar",27,"23:49",23,49,"Sunday","Slight",2,"Slight","Pedestrian","Pedestrian","Male",58,"Unclassified","Single carriageway",30,NA,"Unknown or other","Unknown or other",427000,433450,"E01011293",1,"Not at junction or within 20 metres","Darkness - lighting unknown","Unknown","Dry","Pedestrian"
"5780","20161333R1689",2016-03-27,2016,"Mar",27,"23:49",23,49,"Sunday","Slight",2,"Slight","Pedestrian","Pedestrian","Female",28,"Unclassified","Single carriageway",30,NA,"Unknown or other","Unknown or other",427000,433450,"E01011293",1,"Not at junction or within 20 metres","Darkness - lighting unknown","Unknown","Dry","Pedestrian"
"5781","20161333S0639",2016-03-28,2016,"Mar",28,"11:00",11,0,"Monday","Slight",2,"Slight","Car occupant","Driver or rider","Female",55,"A","Roundabout",30,"A","Not a Pedestrian","Not a Pedestrian",436098,434792,"E01011345",2,"Roundabout","Daylight","Fine no high winds","Dry","Car occupant"
"5782","20161333S0639",2016-03-28,2016,"Mar",28,"11:00",11,0,"Monday","Slight",2,"Slight","Car occupant","Passenger","Male",18,"A","Roundabout",30,"A","Not a Pedestrian","Not a Pedestrian",436098,434792,"E01011345",2,"Roundabout","Daylight","Fine no high winds","Dry","Car occupant"
"5783","20161333S0525",2016-03-28,2016,"Mar",28,"11:24",11,24,"Monday","Slight",2,"Slight","Car occupant","Driver or rider","Female",68,"A","Roundabout",30,"A","Not a Pedestrian","Not a Pedestrian",423018,437664,"E01011452",2,"Roundabout","Daylight","Fine no high winds","Dry","Car occupant"
"5784","20161333S0525",2016-03-28,2016,"Mar",28,"11:24",11,24,"Monday","Slight",2,"Slight","Car occupant","Driver or rider","Female",28,"A","Roundabout",30,"A","Not a Pedestrian","Not a Pedestrian",423018,437664,"E01011452",2,"Roundabout","Daylight","Fine no high winds","Dry","Car occupant"
"5785","20161333S0584",2016-03-28,2016,"Mar",28,"12:04",12,4,"Monday","Serious",1,"Serious","Motorcycle 125cc and under rider or passenger","Driver or rider","Male",21,"Unclassified","Single carriageway",30,NA,"Not a Pedestrian","Not a Pedestrian",424482,438585,"E01011460",2,"Not at junction or within 20 metres","Daylight","Fine no high winds","Dry","Motorcyclist and pillion"
"5786","20161333T0242",2016-03-29,2016,"Mar",29,"07:40",7,40,"Tuesday","Slight",2,"Slight","Car occupant","Driver or rider","Female",46,"A","Single carriageway",30,"Unclassified","Not a Pedestrian","Not a Pedestrian",431434,431611,"E01011467",2,"T or staggered junction","Daylight","Fine no high winds","Dry","Car occupant"
"5787","20161333T0242",2016-03-29,2016,"Mar",29,"07:40",7,40,"Tuesday","Slight",2,"Slight","Car occupant","Driver or rider","Female",43,"A","Single carriageway",30,"Unclassified","Not a Pedestrian","Not a Pedestrian",431434,431611,"E01011467",2,"T or staggered junction","Daylight","Fine no high winds","Dry","Car occupant"
"5788","20161333T0645",2016-03-29,2016,"Mar",29,"12:47",12,47,"Tuesday","Slight",1,"Slight","Car occupant","Passenger","Male",6,"A","Dual carriageway",40,"Unclassified","Not a Pedestrian","Not a Pedestrian",426297,438088,"E01011687",2,"T or staggered junction","Daylight","Fine no high winds","Dry","Car occupant"
"5789","20161333T1050",2016-03-29,2016,"Mar",29,"16:30",16,30,"Tuesday","Slight",1,"Slight","Car occupant","Driver or rider","Male",25,"Unclassified","Single carriageway",30,"Unclassified","Not a Pedestrian","Not a Pedestrian",429167,432418,"E01033013",2,"T or staggered junction","Daylight","Fine no high winds","Dry","Car occupant"
"5790","20161333T1751",2016-03-29,2016,"Mar",29,"17:51",17,51,"Tuesday","Serious",1,"Serious","Pedestrian","Pedestrian","Male",30,"A","Dual carriageway",30,"Unclassified","Crossing elsewhere within 50m. of pedestrian crossing","Crossing from driver's nearside",430759,434644,"E01011671",1,"T or staggered junction","Daylight","Fine no high winds","Dry","Pedestrian"
"5791","20161333T1515",2016-03-29,2016,"Mar",29,"20:45",20,45,"Tuesday","Slight",1,"Slight","Car occupant","Passenger","Female",3,"Unclassified","Single carriageway",20,"Unclassified","Not a Pedestrian","Not a Pedestrian",428979,430936,"E01011313",2,"Crossroads","Darkness - lights lit","Raining no high winds","Wet or damp","Car occupant"
"5792","20161333U0243",2016-03-30,2016,"Mar",30,"08:18",8,18,"Wednesday","Slight",1,"Slight","Car occupant","Driver or rider","Female",25,"Unclassified","Single carriageway",30,"Unclassified","Not a Pedestrian","Not a Pedestrian",431493,433975,"E01033031",3,"T or staggered junction","Daylight","Fine no high winds","Dry","Car occupant"
"5793","20161333U0563",2016-03-30,2016,"Mar",30,"12:10",12,10,"Wednesday","Slight",2,"Slight","Car occupant","Driver or rider","Female",17,"Unclassified","Single carriageway",30,"Unclassified","Not a Pedestrian","Not a Pedestrian",432391,437597,"E01011654",2,"T or staggered junction","Daylight","Fine no high winds","Dry","Car occupant"
"5794","20161333U0563",2016-03-30,2016,"Mar",30,"12:10",12,10,"Wednesday","Slight",2,"Slight","Car occupant","Passenger","Male",35,"Unclassified","Single carriageway",30,"Unclassified","Not a Pedestrian","Not a Pedestrian",432391,437597,"E01011654",2,"T or staggered junction","Daylight","Fine no high winds","Dry","Car occupant"
"5795","20161333U0531",2016-03-30,2016,"Mar",30,"12:13",12,13,"Wednesday","Slight",1,"Slight","Car occupant","Driver or rider","Female",35,"A","Roundabout",30,"Unclassified","Not a Pedestrian","Not a Pedestrian",430713,439027,"E01011512",2,"Roundabout","Daylight","Fine no high winds","Dry","Car occupant"
"5796","20161333U0291",2016-03-30,2016,"Mar",30,"16:04",16,4,"Wednesday","Slight",1,"Slight","Car occupant","Driver or rider","Male",44,"Unclassified","Single carriageway",60,NA,"Not a Pedestrian","Not a Pedestrian",436726,428266,"E01011635",2,"Not at junction or within 20 metres","Daylight","Fine no high winds","Dry","Car occupant"
"5797","20161333V1001",2016-03-30,2016,"Mar",30,"16:15",16,15,"Wednesday","Slight",1,"Slight","Pedestrian","Pedestrian","Male",5,"Unclassified","Single carriageway",30,NA,"In carriageway, crossing elsewhere","Crossing from offside - masked by  parked or stationary vehicle",429469,435450,"E01011669",2,"Not at junction or within 20 metres","Daylight","Fine no high winds","Dry","Pedestrian"
"5798","20161333U0931",2016-03-30,2016,"Mar",30,"16:20",16,20,"Wednesday","Slight",1,"Slight","Pedestrian","Pedestrian","Male",50,"B","Roundabout",30,"Unclassified","In carriageway, crossing elsewhere","Crossing from driver's nearside",426497,427233,"E01011541",1,"Roundabout","Daylight","Fine no high winds","Dry","Pedestrian"
"5799","20161333U0964",2016-03-30,2016,"Mar",30,"16:35",16,35,"Wednesday","Serious",1,"Serious","Cyclist","Driver or rider","Male",19,"A","Single carriageway",40,"B","Not a Pedestrian","Not a Pedestrian",425155,429000,"E01011522",2,"Crossroads","Daylight","Fine no high winds","Dry","Cyclist"
"5800","20161333U1075",2016-03-30,2016,"Mar",30,"17:00",17,0,"Wednesday","Slight",2,"Slight","Taxi/Private hire car occupant","Passenger","Female",28,"A","Dual carriageway",30,"A","Not a Pedestrian","Not a Pedestrian",430605,434565,"E01011671",2,"T or staggered junction","Daylight","Fine no high winds","Dry","Car occupant"
"5801","20161333U1075",2016-03-30,2016,"Mar",30,"17:00",17,0,"Wednesday","Slight",2,"Slight","Taxi/Private hire car occupant","Passenger","Male",29,"A","Dual carriageway",30,"A","Not a Pedestrian","Not a Pedestrian",430605,434565,"E01011671",2,"T or staggered junction","Daylight","Fine no high winds","Dry","Car occupant"
"5802","20161333U1123",2016-03-30,2016,"Mar",30,"17:57",17,57,"Wednesday","Slight",1,"Slight","Car occupant","Driver or rider","Female",22,"A(M)","Dual carriageway",70,NA,"Not a Pedestrian","Not a Pedestrian",443972,434035,"E01011297",2,"Not at junction or within 20 metres","Daylight","Fine no high winds","Dry","Car occupant"
"5803","20161333U1271",2016-03-30,2016,"Mar",30,"19:13",19,13,"Wednesday","Slight",1,"Slight","Car occupant","Driver or rider","Female",33,"Unclassified","Single carriageway",30,NA,"Not a Pedestrian","Not a Pedestrian",426881,433439,"E01011292",2,"Not at junction or within 20 metres","Daylight","Fine no high winds","Dry","Car occupant"
"5804","20161333U0825",2016-03-30,2016,"Mar",30,"20:54",20,54,"Wednesday","Slight",1,"Slight","Bus or coach occupant (17 or more pass seats)","Passenger","Female",67,"Unclassified","Single carriageway",30,NA,"Not a Pedestrian","Not a Pedestrian",427560,427911,"E01032490",1,"Not at junction or within 20 metres","Darkness - lights lit","Fine no high winds","Dry","Bus and goods vehicle occupant"
"5805","20161333U1748",2016-03-30,2016,"Mar",30,"23:45",23,45,"Wednesday","Slight",1,"Slight","Car occupant","Passenger","Male",19,"Unclassified","Single carriageway",60,NA,"Not a Pedestrian","Not a Pedestrian",429655,423722,"E01011536",1,"Not at junction or within 20 metres","Darkness - no lighting","Fine no high winds","Dry","Car occupant"
"5806","20161333V0210",2016-03-31,2016,"Mar",31,"06:14",6,14,"Thursday","Slight",1,"Slight","Motorcycle over 125cc and up to 500cc rider or  passenger","Driver or rider","Male",59,"Unclassified","Roundabout",30,"A","Not a Pedestrian","Not a Pedestrian",441011,447922,"E01011705",2,"Roundabout","Daylight","Fine no high winds","Dry","Motorcyclist and pillion"
"5807","20161333V0429",2016-03-31,2016,"Mar",31,"10:45",10,45,"Thursday","Slight",1,"Slight","Car occupant","Driver or rider","Male",45,"B","Single carriageway",30,NA,"Not a Pedestrian","Not a Pedestrian",426590,427077,"E01011547",2,"Not at junction or within 20 metres","Daylight","Fine no high winds","Dry","Car occupant"
"5808","20161333V1161",2016-03-31,2016,"Mar",31,"17:04",17,4,"Thursday","Slight",1,"Slight","Car occupant","Driver or rider","Male",47,"Unclassified","Single carriageway",30,"Unclassified","Not a Pedestrian","Not a Pedestrian",432934,440174,"E01011561",2,"Other junction","Daylight","Fine no high winds","Dry","Car occupant"
"5809","20161333V0846",2016-03-31,2016,"Mar",31,"18:45",18,45,"Thursday","Slight",2,"Slight","Car occupant","Passenger","Female",25,"A","Dual carriageway",30,"Unclassified","Not a Pedestrian","Not a Pedestrian",430652,434727,"E01011671",2,"Crossroads","Daylight","Raining no high winds","Wet or damp","Car occupant"
"5810","20161333V0846",2016-03-31,2016,"Mar",31,"18:45",18,45,"Thursday","Slight",2,"Slight","Car occupant","Passenger","Male",17,"A","Dual carriageway",30,"Unclassified","Not a Pedestrian","Not a Pedestrian",430652,434727,"E01011671",2,"Crossroads","Daylight","Raining no high winds","Wet or damp","Car occupant"
"5811","20161333V1357",2016-03-31,2016,"Mar",31,"18:45",18,45,"Thursday","Slight",1,"Slight","Car occupant","Driver or rider","Male",57,"A","Single carriageway",40,NA,"Not a Pedestrian","Not a Pedestrian",424741,437826,"E01011463",1,"Not at junction or within 20 metres","Daylight","Fine no high winds","Dry","Car occupant"
"5812","20161333V1367",2016-03-31,2016,"Mar",31,"18:48",18,48,"Thursday","Slight",1,"Slight","Pedestrian","Pedestrian","Male",8,"Unclassified","Single carriageway",30,NA,"In carriageway, crossing elsewhere","Crossing from offside - masked by  parked or stationary vehicle",427312,433869,"E01011284",1,"Not at junction or within 20 metres","Daylight","Fine no high winds","Dry","Pedestrian"
"5813","20161333V1409",2016-03-31,2016,"Mar",31,"19:06",19,6,"Thursday","Slight",1,"Slight","Car occupant","Driver or rider","Female",44,"A","Single carriageway",30,"Unclassified","Not a Pedestrian","Not a Pedestrian",426284,435585,"E01011488",2,"Crossroads","Daylight","Fine no high winds","Dry","Car occupant"
"5814","20161333V1546",2016-03-31,2016,"Mar",31,"20:16",20,16,"Thursday","Slight",1,"Slight","Pedestrian","Pedestrian","Female",17,"A","Dual carriageway",40,NA,"In centre of carriageway - not on refuge, island or central reservation","Crossing from driver's offside",434601,434498,"E01011341",1,"Not at junction or within 20 metres","Daylight","Fine no high winds","Dry","Pedestrian"
"5815","20161333V1759",2016-03-31,2016,"Mar",31,"21:55",21,55,"Thursday","Slight",1,"Slight","Car occupant","Driver or rider","Male",18,"B","Roundabout",40,"A","Not a Pedestrian","Not a Pedestrian",424685,433597,"E01011727",1,"Roundabout","Darkness - lights lit","Fine no high winds","Dry","Car occupant"
"5816","2016133410726",2016-04-01,2016,"Apr",1,"13:30",13,30,"Friday","Serious",1,"Serious","Motorcycle 125cc and under rider or passenger","Driver or rider","Male",32,"Unclassified","Single carriageway",30,"Unclassified","Not a Pedestrian","Not a Pedestrian",432779,429909,"E01011470",2,"Private drive or entrance","Daylight","Fine no high winds","Dry","Motorcyclist and pillion"
"5817","20161334U1035",2016-04-01,2016,"Apr",1,"16:05",16,5,"Friday","Slight",1,"Slight","Cyclist","Driver or rider","Male",15,"Unclassified","Single carriageway",30,NA,"Not a Pedestrian","Not a Pedestrian",441578,432653,"E01011401",1,"Not at junction or within 20 metres","Daylight","Fine no high winds","Wet or damp","Cyclist"
"5818","2016133411318",2016-04-01,2016,"Apr",1,"18:52",18,52,"Friday","Slight",1,"Slight","Car occupant","Driver or rider","Male",31,"A","Single carriageway",50,"A","Not a Pedestrian","Not a Pedestrian",431229,445744,"E01011561",1,"T or staggered junction","Daylight","Fine no high winds","Dry","Car occupant"
"5819","2016133420318",2016-04-02,2016,"Apr",2,"06:30",6,30,"Saturday","Slight",1,"Slight","Car occupant","Passenger","Female",30,"Unclassified","Single carriageway",30,"Unclassified","Not a Pedestrian","Not a Pedestrian",429898,435437,"E01011670",1,"T or staggered junction","Daylight","Raining no high winds","Wet or damp","Car occupant"
"5820","2016133420607",2016-04-02,2016,"Apr",2,"12:10",12,10,"Saturday","Slight",7,"Slight","Car occupant","Driver or rider","Female",24,"Motorway","Dual carriageway",70,NA,"Not a Pedestrian","Not a Pedestrian",431966,425519,"E01011499",2,"Not at junction or within 20 metres","Daylight","Fine no high winds","Wet or damp","Car occupant"
"5821","2016133420607",2016-04-02,2016,"Apr",2,"12:10",12,10,"Saturday","Slight",7,"Slight","Car occupant","Passenger","Male",27,"Motorway","Dual carriageway",70,NA,"Not a Pedestrian","Not a Pedestrian",431966,425519,"E01011499",2,"Not at junction or within 20 metres","Daylight","Fine no high winds","Wet or damp","Car occupant"
"5822","2016133420607",2016-04-02,2016,"Apr",2,"12:10",12,10,"Saturday","Slight",7,"Slight","Car occupant","Passenger","Male",3,"Motorway","Dual carriageway",70,NA,"Not a Pedestrian","Not a Pedestrian",431966,425519,"E01011499",2,"Not at junction or within 20 metres","Daylight","Fine no high winds","Wet or damp","Car occupant"
"5823","2016133420607",2016-04-02,2016,"Apr",2,"12:10",12,10,"Saturday","Slight",7,"Slight","Car occupant","Driver or rider","Male",59,"Motorway","Dual carriageway",70,NA,"Not a Pedestrian","Not a Pedestrian",431966,425519,"E01011499",2,"Not at junction or within 20 metres","Daylight","Fine no high winds","Wet or damp","Car occupant"
"5824","2016133420607",2016-04-02,2016,"Apr",2,"12:10",12,10,"Saturday","Slight",7,"Slight","Car occupant","Passenger","Male",28,"Motorway","Dual carriageway",70,NA,"Not a Pedestrian","Not a Pedestrian",431966,425519,"E01011499",2,"Not at junction or within 20 metres","Daylight","Fine no high winds","Wet or damp","Car occupant"
"5825","2016133420607",2016-04-02,2016,"Apr",2,"12:10",12,10,"Saturday","Slight",7,"Slight","Car occupant","Passenger","Female",46,"Motorway","Dual carriageway",70,NA,"Not a Pedestrian","Not a Pedestrian",431966,425519,"E01011499",2,"Not at junction or within 20 metres","Daylight","Fine no high winds","Wet or damp","Car occupant"
"5826","2016133420607",2016-04-02,2016,"Apr",2,"12:10",12,10,"Saturday","Slight",7,"Slight","Car occupant","Passenger","Female",60,"Motorway","Dual carriageway",70,NA,"Not a Pedestrian","Not a Pedestrian",431966,425519,"E01011499",2,"Not at junction or within 20 metres","Daylight","Fine no high winds","Wet or damp","Car occupant"
"5827","2016133421556",2016-04-02,2016,"Apr",2,"14:20",14,20,"Saturday","Slight",4,"Slight","Car occupant","Driver or rider","Female",23,"Unclassified","Single carriageway",30,"Unclassified","Not a Pedestrian","Not a Pedestrian",430164,432839,"E01033016",2,"T or staggered junction","Daylight","Fine no high winds","Dry","Car occupant"
"5828","2016133421556",2016-04-02,2016,"Apr",2,"14:20",14,20,"Saturday","Slight",4,"Slight","Car occupant","Passenger","Female",18,"Unclassified","Single carriageway",30,"Unclassified","Not a Pedestrian","Not a Pedestrian",430164,432839,"E01033016",2,"T or staggered junction","Daylight","Fine no high winds","Dry","Car occupant"
"5829","2016133421556",2016-04-02,2016,"Apr",2,"14:20",14,20,"Saturday","Slight",4,"Slight","Car occupant","Passenger","Female",45,"Unclassified","Single carriageway",30,"Unclassified","Not a Pedestrian","Not a Pedestrian",430164,432839,"E01033016",2,"T or staggered junction","Daylight","Fine no high winds","Dry","Car occupant"
"5830","2016133421556",2016-04-02,2016,"Apr",2,"14:20",14,20,"Saturday","Slight",4,"Slight","Car occupant","Passenger","Female",12,"Unclassified","Single carriageway",30,"Unclassified","Not a Pedestrian","Not a Pedestrian",430164,432839,"E01033016",2,"T or staggered junction","Daylight","Fine no high winds","Dry","Car occupant"
"5831","2016133421179",2016-04-02,2016,"Apr",2,"18:10",18,10,"Saturday","Serious",1,"Serious","Motorcycle over 500cc rider or passenger","Driver or rider","Male",34,"A","Single carriageway",30,"Unclassified","Not a Pedestrian","Not a Pedestrian",427062,431803,"E01011736",2,"T or staggered junction","Daylight","Fine no high winds","Dry","Motorcyclist and pillion"
"5832","2016133430626",2016-04-03,2016,"Apr",3,"11:54",11,54,"Sunday","Slight",1,"Slight","Car occupant","Passenger","Female",53,"Motorway","Dual carriageway",70,"Motorway","Not a Pedestrian","Not a Pedestrian",432030,428493,"E01011496",3,"Other junction","Daylight","Fine no high winds","Dry","Car occupant"
"5833","2016133431102",2016-04-03,2016,"Apr",3,"16:30",16,30,"Sunday","Slight",1,"Slight","Taxi/Private hire car occupant","Driver or rider","Male",24,"Unclassified","Single carriageway",30,NA,"Not a Pedestrian","Not a Pedestrian",433218,436344,"E01011646",1,"Not at junction or within 20 metres","Daylight","Fine no high winds","Dry","Car occupant"
"5834","2016133440406",2016-04-04,2016,"Apr",4,"10:34",10,34,"Monday","Slight",1,"Slight","Pedestrian","Pedestrian","Male",9,"Unclassified","Single carriageway",30,NA,"On footway or verge","Unknown or other",427242,433519,"E01011293",1,"Not at junction or within 20 metres","Daylight","Fine no high winds","Dry","Pedestrian"
"5835","20161334A1160",2016-04-04,2016,"Apr",4,"12:00",12,0,"Monday","Slight",1,"Slight","Mobility scooter rider","Driver or rider","Female",82,"Unclassified","Single carriageway",30,NA,"Not a Pedestrian","Not a Pedestrian",427197,429556,"E01011524",2,"Not at junction or within 20 metres","Daylight","Fine no high winds","Dry","Others"
"5836","2016133440714",2016-04-04,2016,"Apr",4,"12:50",12,50,"Monday","Slight",1,"Slight","Car occupant","Passenger","Female",45,"A","Roundabout",40,"A","Not a Pedestrian","Not a Pedestrian",435860,436384,"E01011661",2,"Roundabout","Daylight","Fine no high winds","Dry","Car occupant"
"5837","2016133440797",2016-04-04,2016,"Apr",4,"14:18",14,18,"Monday","Slight",1,"Slight","Pedestrian","Pedestrian","Female",62,"Unclassified","Single carriageway",30,NA,"Unknown or other","In carriageway, stationary - not crossing  (standing or playing)",432253,438849,"E01011653",1,"Not at junction or within 20 metres","Daylight","Fine no high winds","Dry","Pedestrian"
"5838","2016133440994",2016-04-04,2016,"Apr",4,"15:45",15,45,"Monday","Slight",1,"Slight","Car occupant","Driver or rider","Female",55,"A","Single carriageway",30,"Unclassified","Not a Pedestrian","Not a Pedestrian",439186,446061,"E01011706",1,"T or staggered junction","Daylight","Unknown","Dry","Car occupant"
"5839","2016133450238",2016-04-05,2016,"Apr",5,"07:43",7,43,"Tuesday","Slight",1,"Slight","Car occupant","Driver or rider","Female",45,"Motorway","Dual carriageway",70,"Motorway","Not a Pedestrian","Not a Pedestrian",424270,428001,"E01011523",2,"Slip road","Daylight","Fine no high winds","Wet or damp","Car occupant"
"5840","2016133450269",2016-04-05,2016,"Apr",5,"08:14",8,14,"Tuesday","Serious",1,"Serious","Cyclist","Driver or rider","Male",28,"Unclassified","Single carriageway",30,"Unclassified","Not a Pedestrian","Not a Pedestrian",431402,435029,"E01011673",2,"Crossroads","Daylight","Fine no high winds","Dry","Cyclist"
"5841","2016133450365",2016-04-05,2016,"Apr",5,"09:45",9,45,"Tuesday","Slight",1,"Slight","Car occupant","Passenger","Female",4,"Motorway","Dual carriageway",70,"Motorway","Not a Pedestrian","Not a Pedestrian",432338,426034,"E01011499",2,"Roundabout","Daylight","Fine no high winds","Dry","Car occupant"
"5842","2016133450551",2016-04-05,2016,"Apr",5,"11:50",11,50,"Tuesday","Slight",2,"Slight","Car occupant","Driver or rider","Female",19,"Unclassified","Single carriageway",30,"Unclassified","Not a Pedestrian","Not a Pedestrian",437506,433021,"E01011411",2,"T or staggered junction","Daylight","Fine no high winds","Dry","Car occupant"
"5843","2016133450551",2016-04-05,2016,"Apr",5,"11:50",11,50,"Tuesday","Slight",2,"Slight","Car occupant","Passenger","Female",21,"Unclassified","Single carriageway",30,"Unclassified","Not a Pedestrian","Not a Pedestrian",437506,433021,"E01011411",2,"T or staggered junction","Daylight","Fine no high winds","Dry","Car occupant"
"5844","2016133450918",2016-04-05,2016,"Apr",5,"13:20",13,20,"Tuesday","Slight",1,"Slight","Bus or coach occupant (17 or more pass seats)","Passenger","Male",3,"A","Dual carriageway",30,NA,"Not a Pedestrian","Not a Pedestrian",433239,434026,"E01011617",1,"Not at junction or within 20 metres","Daylight","Fine no high winds","Dry","Bus and goods vehicle occupant"
"5845","2016133451238",2016-04-05,2016,"Apr",5,"17:00",17,0,"Tuesday","Slight",1,"Slight","Car occupant","Driver or rider","Female",38,"A","Roundabout",40,"Unclassified","Not a Pedestrian","Not a Pedestrian",427627,431158,"E01011369",2,"Roundabout","Daylight","Fine no high winds","Dry","Car occupant"
"5846","2016133470285",2016-04-07,2016,"Apr",7,"09:07",9,7,"Thursday","Slight",1,"Slight","Cyclist","Driver or rider","Male",32,"A","Unknown",30,"Unclassified","Not a Pedestrian","Not a Pedestrian",430707,434595,"E01011671",2,"T or staggered junction","Daylight","Fine no high winds","Dry","Cyclist"
"5847","2016133470636",2016-04-07,2016,"Apr",7,"13:10",13,10,"Thursday","Slight",3,"Slight","Car occupant","Passenger","Female",13,"A","Roundabout",50,"Motorway","Not a Pedestrian","Not a Pedestrian",431954,430328,"E01011469",3,"Roundabout","Daylight","Fine no high winds","Dry","Car occupant"
"5848","2016133470636",2016-04-07,2016,"Apr",7,"13:10",13,10,"Thursday","Slight",3,"Slight","Car occupant","Passenger","Male",15,"A","Roundabout",50,"Motorway","Not a Pedestrian","Not a Pedestrian",431954,430328,"E01011469",3,"Roundabout","Daylight","Fine no high winds","Dry","Car occupant"
"5849","2016133470636",2016-04-07,2016,"Apr",7,"13:10",13,10,"Thursday","Slight",3,"Slight","Car occupant","Passenger","Male",20,"A","Roundabout",50,"Motorway","Not a Pedestrian","Not a Pedestrian",431954,430328,"E01011469",3,"Roundabout","Daylight","Fine no high winds","Dry","Car occupant"
"5850","2016133470749",2016-04-07,2016,"Apr",7,"14:12",14,12,"Thursday","Slight",2,"Slight","Car occupant","Driver or rider","Female",73,"Unclassified","Single carriageway",30,"Unclassified","Not a Pedestrian","Not a Pedestrian",420489,445125,"E01011572",2,"T or staggered junction","Daylight","Fine no high winds","Dry","Car occupant"
"5851","2016133470749",2016-04-07,2016,"Apr",7,"14:12",14,12,"Thursday","Slight",2,"Slight","Car occupant","Driver or rider","Female",46,"Unclassified","Single carriageway",30,"Unclassified","Not a Pedestrian","Not a Pedestrian",420489,445125,"E01011572",2,"T or staggered junction","Daylight","Fine no high winds","Dry","Car occupant"
"5852","2016133470826",2016-04-07,2016,"Apr",7,"14:42",14,42,"Thursday","Slight",1,"Slight","Car occupant","Driver or rider","Male",33,"Unclassified","Single carriageway",30,"Unclassified","Not a Pedestrian","Not a Pedestrian",422181,441731,"E01032503",2,"Other junction","Daylight","Raining no high winds","Wet or damp","Car occupant"
"5853","2016133471144",2016-04-07,2016,"Apr",7,"17:05",17,5,"Thursday","Slight",1,"Slight","Car occupant","Driver or rider","Male",37,"A","Roundabout",40,"A","Not a Pedestrian","Not a Pedestrian",430747,439243,"E01011556",2,"Roundabout","Daylight","Raining no high winds","Wet or damp","Car occupant"
"5854","2016133471199",2016-04-07,2016,"Apr",7,"17:20",17,20,"Thursday","Slight",1,"Slight","Pedestrian","Pedestrian","Male",51,"Unclassified","Single carriageway",30,NA,"In carriageway, not crossing","In carriageway, stationary - not crossing  (standing or playing) - masked by parked or stationary vehicle",429325,431338,"E01011370",1,"Not at junction or within 20 metres","Daylight","Fine no high winds","Dry","Pedestrian"
"5855","2016133480301",2016-04-08,2016,"Apr",8,"09:34",9,34,"Friday","Slight",1,"Slight","Car occupant","Passenger","Female",72,"A","Single carriageway",40,"A","Not a Pedestrian","Not a Pedestrian",431247,445732,"E01011561",2,"T or staggered junction","Daylight","Fine no high winds","Dry","Car occupant"
"5856","2016133480522",2016-04-08,2016,"Apr",8,"11:07",11,7,"Friday","Slight",1,"Slight","Car occupant","Driver or rider","Male",23,"A","Single carriageway",30,"Unclassified","Not a Pedestrian","Not a Pedestrian",430878,434255,"E01033031",2,"Crossroads","Daylight","Fine no high winds","Dry","Car occupant"
"5857","2016133480914",2016-04-08,2016,"Apr",8,"14:25",14,25,"Friday","Slight",1,"Slight","Car occupant","Driver or rider","Female",30,"Unclassified","Single carriageway",30,"Unclassified","Not a Pedestrian","Not a Pedestrian",430857,433893,"E01033031",2,"Other junction","Daylight","Unknown","Dry","Car occupant"
"5858","2016133481375",2016-04-08,2016,"Apr",8,"18:04",18,4,"Friday","Serious",1,"Serious","Pedestrian","Pedestrian","Male",35,"Unclassified","Single carriageway",20,NA,"On footway or verge","In carriageway, stationary - not crossing  (standing or playing)",430115,427124,"E01011492",1,"Not at junction or within 20 metres","Daylight","Fine no high winds","Dry","Pedestrian"
"5859","2016133481836",2016-04-08,2016,"Apr",8,"21:58",21,58,"Friday","Slight",3,"Slight","Car occupant","Driver or rider","Male",62,"B","Single carriageway",30,"Unclassified","Not a Pedestrian","Not a Pedestrian",429312,437848,"E01011505",2,"T or staggered junction","Darkness - lights lit","Fine no high winds","Wet or damp","Car occupant"
"5860","2016133481836",2016-04-08,2016,"Apr",8,"21:58",21,58,"Friday","Slight",3,"Slight","Car occupant","Driver or rider","Male",20,"B","Single carriageway",30,"Unclassified","Not a Pedestrian","Not a Pedestrian",429312,437848,"E01011505",2,"T or staggered junction","Darkness - lights lit","Fine no high winds","Wet or damp","Car occupant"
"5861","2016133481836",2016-04-08,2016,"Apr",8,"21:58",21,58,"Friday","Slight",3,"Slight","Car occupant","Passenger","Male",20,"B","Single carriageway",30,"Unclassified","Not a Pedestrian","Not a Pedestrian",429312,437848,"E01011505",2,"T or staggered junction","Darkness - lights lit","Fine no high winds","Wet or damp","Car occupant"