"","accident_index","date","year","month","day","time","time_hour","time_minute","day_of_week","accident_severity","number_of_casualties","casualty_severity","casualty_type","casualty_class","sex_of_casualty","age_of_casualty","first_road_class","road_type","speed_limit","second_road_class","pedestrian_location","pedestrian_movement","location_easting_osgr","location_northing_osgr","lsoa_of_accident_location","number_of_vehicles","junction_detail","light_conditions","weather_conditions","road_surface_conditions","cas_type"
"5945","20161334J1397",2016-04-20,2016,"Apr",20,"19:08",19,8,"Wednesday","Serious",2,"Serious","Car occupant","Driver or rider","Male",61,"Unclassified","Single carriageway",60,NA,"Not a Pedestrian","Not a Pedestrian",429097,423575,"E01011536",2,"Not at junction or within 20 metres","Daylight","Fine no high winds","Dry","Car occupant"
"5946","20161334K1993",2016-04-20,2016,"Apr",20,"22:55",22,55,"Wednesday","Slight",1,"Slight","Pedestrian","Pedestrian","Male",43,"Unclassified","One way street",30,"Unclassified","Crossing elsewhere within 50m. of pedestrian crossing","Crossing from driver's nearside",429899,433413,"E01033016",1,"Other junction","Darkness - lights lit","Fine no high winds","Dry","Pedestrian"
"5947","20161334L0195",2016-04-21,2016,"Apr",21,"07:19",7,19,"Thursday","Serious",1,"Serious","Cyclist","Driver or rider","Male",47,"Unclassified","Single carriageway",30,"Unclassified","Not a Pedestrian","Not a Pedestrian",430640,434240,"E01033003",2,"T or staggered junction","Daylight","Fine no high winds","Dry","Cyclist"
"5948","20161334L0343",2016-04-21,2016,"Apr",21,"09:15",9,15,"Thursday","Serious",1,"Serious","Pedestrian","Pedestrian","Male",46,"Unclassified","Single carriageway",30,"Unclassified","On footway or verge","In carriageway, stationary - not crossing  (standing or playing)",430066,433772,"E01033010",1,"T or staggered junction","Daylight","Fine no high winds","Dry","Pedestrian"
"5949","20161334L0719",2016-04-21,2016,"Apr",21,"13:25",13,25,"Thursday","Slight",1,"Slight","Pedestrian","Pedestrian","Female",29,"A","Single carriageway",30,"Unclassified","In carriageway, crossing elsewhere","Crossing from driver's nearside",431779,435552,"E01011422",1,"Crossroads","Daylight","Fine no high winds","Dry","Pedestrian"
"5950","20161334L1158",2016-04-21,2016,"Apr",21,"16:40",16,40,"Thursday","Slight",1,"Slight","Car occupant","Driver or rider","Female",27,"Motorway","Dual carriageway",50,NA,"Not a Pedestrian","Not a Pedestrian",427274,430729,"E01011318",2,"Not at junction or within 20 metres","Daylight","Fine no high winds","Dry","Car occupant"
"5951","20161334L1190",2016-04-21,2016,"Apr",21,"16:53",16,53,"Thursday","Slight",1,"Slight","Car occupant","Driver or rider","Male",69,"A(M)","Dual carriageway",70,NA,"Not a Pedestrian","Not a Pedestrian",441158,445436,"E01011707",2,"Not at junction or within 20 metres","Daylight","Fine no high winds","Dry","Car occupant"
"5952","20161334L1245",2016-04-21,2016,"Apr",21,"17:20",17,20,"Thursday","Slight",1,"Slight","Motorcycle 125cc and under rider or passenger","Driver or rider","Male",25,"Unclassified","Single carriageway",30,NA,"Not a Pedestrian","Not a Pedestrian",428243,435194,"E01011447",2,"Not at junction or within 20 metres","Daylight","Fine no high winds","Dry","Motorcyclist and pillion"
"5953","20161334L1400",2016-04-21,2016,"Apr",21,"17:30",17,30,"Thursday","Slight",1,"Slight","Car occupant","Driver or rider","Female",36,"Unclassified","Single carriageway",30,"Unclassified","Not a Pedestrian","Not a Pedestrian",433769,436237,"E01011421",2,"T or staggered junction","Daylight","Fine no high winds","Dry","Car occupant"
"5954","20161334L1439",2016-04-21,2016,"Apr",21,"18:46",18,46,"Thursday","Slight",1,"Slight","Car occupant","Driver or rider","Female",36,"Unclassified","Single carriageway",30,"Unclassified","Not a Pedestrian","Not a Pedestrian",432092,436257,"E01011642",2,"T or staggered junction","Daylight","Fine no high winds","Dry","Car occupant"
"5955","20161334L1642",2016-04-21,2016,"Apr",21,"20:21",20,21,"Thursday","Slight",1,"Slight","Pedestrian","Pedestrian","Female",15,"A","Single carriageway",40,"Unclassified","In centre of carriageway - not on refuge, island or central reservation","Crossing from offside - masked by  parked or stationary vehicle",425162,429001,"E01011522",1,"Crossroads","Darkness - lights lit","Fine no high winds","Dry","Pedestrian"
"5956","20161334L1732",2016-04-21,2016,"Apr",21,"20:30",20,30,"Thursday","Slight",1,"Slight","Cyclist","Driver or rider","Female",25,"A","Single carriageway",30,NA,"Not a Pedestrian","Not a Pedestrian",430807,433856,"E01033031",2,"Not at junction or within 20 metres","Darkness - lights lit","Unknown","Dry","Cyclist"
"5957","20161334L1893",2016-04-21,2016,"Apr",21,"22:54",22,54,"Thursday","Slight",3,"Slight","Car occupant","Driver or rider","Male",31,"A","Single carriageway",60,"Unclassified","Not a Pedestrian","Not a Pedestrian",436132,440880,"E01011311",3,"Other junction","Darkness - no lighting","Fine no high winds","Dry","Car occupant"
"5958","20161334L1893",2016-04-21,2016,"Apr",21,"22:54",22,54,"Thursday","Slight",3,"Slight","Car occupant","Driver or rider","Male",24,"A","Single carriageway",60,"Unclassified","Not a Pedestrian","Not a Pedestrian",436132,440880,"E01011311",3,"Other junction","Darkness - no lighting","Fine no high winds","Dry","Car occupant"
"5959","20161334L1893",2016-04-21,2016,"Apr",21,"22:54",22,54,"Thursday","Slight",3,"Slight","Car occupant","Passenger","Male",25,"A","Single carriageway",60,"Unclassified","Not a Pedestrian","Not a Pedestrian",436132,440880,"E01011311",3,"Other junction","Darkness - no lighting","Fine no high winds","Dry","Car occupant"
"5960","20161334M0046",2016-04-21,2016,"Apr",21,"23:20",23,20,"Thursday","Slight",1,"Slight","Bus or coach occupant (17 or more pass seats)","Passenger","Male",75,"Unclassified","Single carriageway",30,"Unclassified","Not a Pedestrian","Not a Pedestrian",430876,435495,"E01011361",2,"T or staggered junction","Darkness - lights lit","Unknown","Dry","Bus and goods vehicle occupant"
"5961","20161334M0251",2016-04-22,2016,"Apr",22,"08:05",8,5,"Friday","Slight",1,"Slight","Cyclist","Driver or rider","Male",55,"A","Single carriageway",30,"Unclassified","Not a Pedestrian","Not a Pedestrian",427124,434796,"E01011482",2,"T or staggered junction","Daylight","Fine no high winds","Dry","Cyclist"
"5962","20161334M0268",2016-04-22,2016,"Apr",22,"08:25",8,25,"Friday","Serious",1,"Serious","Pedestrian","Pedestrian","Female",51,"A","Single carriageway",30,"Unclassified","Crossing on pedestrian crossing facility","Crossing from driver's nearside",431319,433912,"E01033031",1,"T or staggered junction","Daylight","Fine no high winds","Dry","Pedestrian"
"5963","20161334C0290",2016-04-22,2016,"Apr",22,"08:43",8,43,"Friday","Slight",1,"Slight","Cyclist","Driver or rider","Male",35,"A","Single carriageway",30,"Unclassified","Not a Pedestrian","Not a Pedestrian",426316,435536,"E01011477",2,"More than 4 arms (not roundabout)","Daylight","Fine no high winds","Dry","Cyclist"
"5964","20161334M0752",2016-04-22,2016,"Apr",22,"13:15",13,15,"Friday","Slight",1,"Slight","Motorcycle over 500cc rider or passenger","Driver or rider","Male",52,"A","Single carriageway",30,"Unclassified","Not a Pedestrian","Not a Pedestrian",429962,430866,"E01011322",2,"T or staggered junction","Daylight","Fine no high winds","Dry","Motorcyclist and pillion"
"5965","20161334M0852",2016-04-22,2016,"Apr",22,"14:07",14,7,"Friday","Slight",5,"Slight","Van / Goods vehicle (3.5 tonnes mgw or under) occupant","Driver or rider","Male",21,"Motorway","Dual carriageway",70,NA,"Not a Pedestrian","Not a Pedestrian",436771,425926,"E01011636",4,"Not at junction or within 20 metres","Daylight","Fine no high winds","Dry","Bus and goods vehicle occupant"
"5966","20161334M0852",2016-04-22,2016,"Apr",22,"14:07",14,7,"Friday","Slight",5,"Slight","Van / Goods vehicle (3.5 tonnes mgw or under) occupant","Passenger","Female",20,"Motorway","Dual carriageway",70,NA,"Not a Pedestrian","Not a Pedestrian",436771,425926,"E01011636",4,"Not at junction or within 20 metres","Daylight","Fine no high winds","Dry","Bus and goods vehicle occupant"
"5967","20161334M0852",2016-04-22,2016,"Apr",22,"14:07",14,7,"Friday","Slight",5,"Slight","Car occupant","Driver or rider","Male",61,"Motorway","Dual carriageway",70,NA,"Not a Pedestrian","Not a Pedestrian",436771,425926,"E01011636",4,"Not at junction or within 20 metres","Daylight","Fine no high winds","Dry","Car occupant"
"5968","20161334M0852",2016-04-22,2016,"Apr",22,"14:07",14,7,"Friday","Slight",5,"Slight","Car occupant","Driver or rider","Male",51,"Motorway","Dual carriageway",70,NA,"Not a Pedestrian","Not a Pedestrian",436771,425926,"E01011636",4,"Not at junction or within 20 metres","Daylight","Fine no high winds","Dry","Car occupant"
"5969","20161334M0852",2016-04-22,2016,"Apr",22,"14:07",14,7,"Friday","Slight",5,"Slight","Car occupant","Passenger","Female",50,"Motorway","Dual carriageway",70,NA,"Not a Pedestrian","Not a Pedestrian",436771,425926,"E01011636",4,"Not at junction or within 20 metres","Daylight","Fine no high winds","Dry","Car occupant"
"5970","20161334M0926",2016-04-22,2016,"Apr",22,"14:22",14,22,"Friday","Slight",1,"Slight","Car occupant","Driver or rider","Female",19,"Unclassified","Single carriageway",30,"Unclassified","Not a Pedestrian","Not a Pedestrian",428837,436575,"E01011691",2,"Crossroads","Daylight","Fine no high winds","Dry","Car occupant"
"5971","20161334M1318",2016-04-22,2016,"Apr",22,"17:23",17,23,"Friday","Slight",1,"Slight","Pedestrian","Pedestrian","Female",13,"Unclassified","Single carriageway",30,NA,"On footway or verge","Unknown or other",430271,428436,"E01032498",1,"Not at junction or within 20 metres","Daylight","Unknown","Dry","Pedestrian"
"5972","20161334N0033",2016-04-23,2016,"Apr",23,"00:15",0,15,"Saturday","Slight",1,"Slight","Cyclist","Driver or rider","Male",23,"Unclassified","Single carriageway",30,"Unclassified","Not a Pedestrian","Not a Pedestrian",428914,434807,"E01033006",2,"T or staggered junction","Darkness - lights lit","Raining no high winds","Wet or damp","Cyclist"
"5973","20161334N0283",2016-04-23,2016,"Apr",23,"04:41",4,41,"Saturday","Slight",2,"Slight","Car occupant","Passenger","Male",32,"Unclassified","Single carriageway",30,NA,"Not a Pedestrian","Not a Pedestrian",426687,435509,"E01011477",1,"Not at junction or within 20 metres","Darkness - lights lit","Fine no high winds","Dry","Car occupant"
"5974","20161334N0283",2016-04-23,2016,"Apr",23,"04:41",4,41,"Saturday","Slight",2,"Slight","Car occupant","Passenger","Female",20,"Unclassified","Single carriageway",30,NA,"Not a Pedestrian","Not a Pedestrian",426687,435509,"E01011477",1,"Not at junction or within 20 metres","Darkness - lights lit","Fine no high winds","Dry","Car occupant"
"5975","20161334N1274",2016-04-23,2016,"Apr",23,"17:47",17,47,"Saturday","Slight",1,"Slight","Car occupant","Driver or rider","Female",63,"Motorway","Dual carriageway",70,NA,"Not a Pedestrian","Not a Pedestrian",430447,426470,"E01011499",2,"Not at junction or within 20 metres","Daylight","Fine no high winds","Dry","Car occupant"
"5976","20161334O0312",2016-04-24,2016,"Apr",24,"12:00",12,0,"Sunday","Slight",1,"Slight","Car occupant","Driver or rider","Female",40,"A","Dual carriageway",30,"Unclassified","Not a Pedestrian","Not a Pedestrian",431384,431651,"E01011467",2,"T or staggered junction","Daylight","Unknown","Dry","Car occupant"
"5977","20161334O0846",2016-04-24,2016,"Apr",24,"13:52",13,52,"Sunday","Slight",1,"Slight","Motorcycle over 125cc and up to 500cc rider or  passenger","Driver or rider","Male",20,"A","Single carriageway",50,"A","Not a Pedestrian","Not a Pedestrian",435942,428235,"E01011635",3,"Roundabout","Daylight","Unknown","Dry","Motorcyclist and pillion"
"5978","20161334O1143",2016-04-24,2016,"Apr",24,"18:00",18,0,"Sunday","Slight",2,"Slight","Car occupant","Driver or rider","Male",33,"Unclassified","Single carriageway",30,"Unclassified","Not a Pedestrian","Not a Pedestrian",434350,436892,"E01011658",2,"T or staggered junction","Daylight","Fine no high winds","Dry","Car occupant"
"5979","20161334O1143",2016-04-24,2016,"Apr",24,"18:00",18,0,"Sunday","Slight",2,"Slight","Car occupant","Passenger","Male",1,"Unclassified","Single carriageway",30,"Unclassified","Not a Pedestrian","Not a Pedestrian",434350,436892,"E01011658",2,"T or staggered junction","Daylight","Fine no high winds","Dry","Car occupant"
"5980","20161334P0261",2016-04-25,2016,"Apr",25,"08:25",8,25,"Monday","Slight",1,"Slight","Cyclist","Driver or rider","Male",44,"A","Single carriageway",30,"Unclassified","Not a Pedestrian","Not a Pedestrian",429136,435249,"E01033005",2,"Other junction","Daylight","Fine no high winds","Dry","Cyclist"
"5981","20161334P0408",2016-04-25,2016,"Apr",25,"10:20",10,20,"Monday","Slight",2,"Slight","Car occupant","Driver or rider","Male",36,"Unclassified","Single carriageway",30,"Unclassified","Not a Pedestrian","Not a Pedestrian",429098,432695,"E01033013",2,"T or staggered junction","Daylight","Fine no high winds","Dry","Car occupant"
"5982","20161334P0408",2016-04-25,2016,"Apr",25,"10:20",10,20,"Monday","Slight",2,"Slight","Car occupant","Driver or rider","Female",59,"Unclassified","Single carriageway",30,"Unclassified","Not a Pedestrian","Not a Pedestrian",429098,432695,"E01033013",2,"T or staggered junction","Daylight","Fine no high winds","Dry","Car occupant"
"5983","20161334P0752",2016-04-25,2016,"Apr",25,"13:45",13,45,"Monday","Slight",2,"Slight","Bus or coach occupant (17 or more pass seats)","Driver or rider","Male",48,"Unclassified","Single carriageway",60,NA,"Not a Pedestrian","Not a Pedestrian",439331,430560,"E01011392",1,"Not at junction or within 20 metres","Daylight","Fine no high winds","Dry","Bus and goods vehicle occupant"
"5984","20161334P0752",2016-04-25,2016,"Apr",25,"13:45",13,45,"Monday","Slight",2,"Slight","Bus or coach occupant (17 or more pass seats)","Passenger","Male",16,"Unclassified","Single carriageway",60,NA,"Not a Pedestrian","Not a Pedestrian",439331,430560,"E01011392",1,"Not at junction or within 20 metres","Daylight","Fine no high winds","Dry","Bus and goods vehicle occupant"
"5985","20161334P1116",2016-04-25,2016,"Apr",25,"17:08",17,8,"Monday","Slight",1,"Slight","Car occupant","Driver or rider","Male",28,"Motorway","Dual carriageway",70,NA,"Not a Pedestrian","Not a Pedestrian",426579,425973,"E01011550",1,"Not at junction or within 20 metres","Daylight","Other","Wet or damp","Car occupant"
"5986","20161334P1225",2016-04-25,2016,"Apr",25,"18:05",18,5,"Monday","Slight",1,"Slight","Taxi/Private hire car occupant","Driver or rider","Male",31,"Unclassified","One way street",30,"Unclassified","Not a Pedestrian","Not a Pedestrian",430002,432659,"E01033016",2,"Slip road","Daylight","Fine no high winds","Dry","Car occupant"
"5987","20161334Q0224",2016-04-26,2016,"Apr",26,"07:55",7,55,"Tuesday","Slight",1,"Slight","Car occupant","Driver or rider","Female",23,"Unclassified","Single carriageway",30,NA,"Not a Pedestrian","Not a Pedestrian",424092,429306,"E01011520",1,"Not at junction or within 20 metres","Daylight","Fine no high winds","Dry","Car occupant"
"5988","20161334Q0580",2016-04-26,2016,"Apr",26,"12:15",12,15,"Tuesday","Slight",1,"Slight","Van / Goods vehicle (3.5 tonnes mgw or under) occupant","Driver or rider","Male",48,"Unclassified","Single carriageway",30,"Unclassified","Not a Pedestrian","Not a Pedestrian",429409,435666,"E01011668",2,"Crossroads","Daylight","Fine no high winds","Dry","Bus and goods vehicle occupant"
"5989","20161334Q0693",2016-04-26,2016,"Apr",26,"13:29",13,29,"Tuesday","Slight",1,"Slight","Car occupant","Driver or rider","Female",43,"A","Dual carriageway",40,NA,"Not a Pedestrian","Not a Pedestrian",431088,440462,"E01011563",3,"Not at junction or within 20 metres","Daylight","Snowing no high winds","Wet or damp","Car occupant"
"5990","20161334Q0710",2016-04-26,2016,"Apr",26,"13:41",13,41,"Tuesday","Serious",1,"Serious","Motorcycle 125cc and under rider or passenger","Driver or rider","Male",26,"A","Dual carriageway",30,NA,"Not a Pedestrian","Not a Pedestrian",436027,435506,"E01011665",1,"Not at junction or within 20 metres","Daylight","Raining no high winds","Wet or damp","Motorcyclist and pillion"
"5991","20161334Q0873",2016-04-26,2016,"Apr",26,"15:20",15,20,"Tuesday","Slight",1,"Slight","Pedestrian","Pedestrian","Female",52,"A","Dual carriageway",40,NA,"Crossing on pedestrian crossing facility","Crossing from nearside - masked by parked or stationary vehicle",434673,434535,"E01011341",1,"Not at junction or within 20 metres","Daylight","Fine no high winds","Wet or damp","Pedestrian"
"5992","20161334Q0931",2016-04-26,2016,"Apr",26,"15:50",15,50,"Tuesday","Slight",1,"Slight","Car occupant","Driver or rider","Female",26,"A","Single carriageway",40,NA,"Not a Pedestrian","Not a Pedestrian",439406,432690,"E01011399",2,"Not at junction or within 20 metres","Daylight","Fine no high winds","Dry","Car occupant"
"5993","20161334Q1034",2016-04-26,2016,"Apr",26,"16:45",16,45,"Tuesday","Slight",1,"Slight","Pedestrian","Pedestrian","Male",24,"Unclassified","Single carriageway",30,NA,"Crossing elsewhere within 50m. of pedestrian crossing","Crossing from driver's offside",429192,433841,"E01011678",1,"Not at junction or within 20 metres","Daylight","Fine no high winds","Wet or damp","Pedestrian"
"5994","20161334Q1266",2016-04-26,2016,"Apr",26,"18:34",18,34,"Tuesday","Slight",1,"Slight","Bus or coach occupant (17 or more pass seats)","Passenger","Male",78,"Unclassified","One way street",20,"Unclassified","Not a Pedestrian","Not a Pedestrian",430566,433456,"E01033011",2,"T or staggered junction","Daylight","Fine no high winds","Dry","Bus and goods vehicle occupant"
"5995","20161334R0124",2016-04-27,2016,"Apr",27,"06:25",6,25,"Wednesday","Serious",2,"Serious","Car occupant","Driver or rider","Male",36,"A","Single carriageway",40,NA,"Not a Pedestrian","Not a Pedestrian",438488,438790,"E01011715",2,"Not at junction or within 20 metres","Daylight","Fine no high winds","Dry","Car occupant"
"5996","20161334R0124",2016-04-27,2016,"Apr",27,"06:25",6,25,"Wednesday","Serious",2,"Serious","Car occupant","Driver or rider","Female",32,"A","Single carriageway",40,NA,"Not a Pedestrian","Not a Pedestrian",438488,438790,"E01011715",2,"Not at junction or within 20 metres","Daylight","Fine no high winds","Dry","Car occupant"
"5997","20161334R0170",2016-04-27,2016,"Apr",27,"07:41",7,41,"Wednesday","Serious",1,"Serious","Motorcycle 125cc and under rider or passenger","Driver or rider","Male",35,"A","Dual carriageway",40,NA,"Not a Pedestrian","Not a Pedestrian",420953,434388,"E01011595",2,"Not at junction or within 20 metres","Daylight","Fine no high winds","Wet or damp","Motorcyclist and pillion"
"5998","20161334R0470",2016-04-27,2016,"Apr",27,"08:15",8,15,"Wednesday","Slight",1,"Slight","Cyclist","Driver or rider","Male",53,"Unclassified","Single carriageway",30,"Unclassified","Not a Pedestrian","Not a Pedestrian",429147,431994,"E01011368",2,"Other junction","Daylight","Fine no high winds","Dry","Cyclist"
"5999","20161334R0775",2016-04-27,2016,"Apr",27,"13:55",13,55,"Wednesday","Slight",1,"Slight","Car occupant","Passenger","Male",5,"Unclassified","Single carriageway",30,NA,"Not a Pedestrian","Not a Pedestrian",430356,435453,"E01011357",2,"Not at junction or within 20 metres","Daylight","Fine no high winds","Dry","Car occupant"
"6000","20161334R0854",2016-04-27,2016,"Apr",27,"14:55",14,55,"Wednesday","Slight",2,"Slight","Car occupant","Driver or rider","Male",49,"Unclassified","Single carriageway",30,"Unclassified","Not a Pedestrian","Not a Pedestrian",431086,434211,"E01033031",3,"Crossroads","Daylight","Fine no high winds","Dry","Car occupant"
"6001","20161334R0854",2016-04-27,2016,"Apr",27,"14:55",14,55,"Wednesday","Slight",2,"Slight","Car occupant","Passenger","Female",85,"Unclassified","Single carriageway",30,"Unclassified","Not a Pedestrian","Not a Pedestrian",431086,434211,"E01033031",3,"Crossroads","Daylight","Fine no high winds","Dry","Car occupant"
"6002","20161334R0971",2016-04-27,2016,"Apr",27,"15:45",15,45,"Wednesday","Slight",2,"Slight","Car occupant","Driver or rider","Male",48,"A","Single carriageway",30,NA,"Not a Pedestrian","Not a Pedestrian",428718,435612,"E01032946",2,"Not at junction or within 20 metres","Daylight","Raining no high winds","Wet or damp","Car occupant"
"6003","20161334R0971",2016-04-27,2016,"Apr",27,"15:45",15,45,"Wednesday","Slight",2,"Slight","Car occupant","Passenger","Female",49,"A","Single carriageway",30,NA,"Not a Pedestrian","Not a Pedestrian",428718,435612,"E01032946",2,"Not at junction or within 20 metres","Daylight","Raining no high winds","Wet or damp","Car occupant"
"6004","20161334R1005",2016-04-27,2016,"Apr",27,"16:05",16,5,"Wednesday","Slight",1,"Slight","Car occupant","Driver or rider","Female",63,"Unclassified","Single carriageway",40,NA,"Not a Pedestrian","Not a Pedestrian",419191,444553,"E01011571",1,"Not at junction or within 20 metres","Daylight","Snowing no high winds","Snow","Car occupant"
"6005","20161334R1008",2016-04-27,2016,"Apr",27,"16:10",16,10,"Wednesday","Slight",1,"Slight","Pedestrian","Pedestrian","Male",10,"Unclassified","Single carriageway",30,"Unclassified","In carriageway, crossing elsewhere","Crossing from nearside - masked by parked or stationary vehicle",432064,434902,"E01011434",1,"T or staggered junction","Daylight","Fine no high winds","Wet or damp","Pedestrian"
"6006","20161334R1570",2016-04-27,2016,"Apr",27,"20:10",20,10,"Wednesday","Slight",2,"Slight","Taxi/Private hire car occupant","Driver or rider","Male",34,"Unclassified","Single carriageway",30,"Unclassified","Not a Pedestrian","Not a Pedestrian",435991,437068,"E01011718",2,"T or staggered junction","Darkness - lights lit","Fine no high winds","Wet or damp","Car occupant"
"6007","20161334R1570",2016-04-27,2016,"Apr",27,"20:10",20,10,"Wednesday","Slight",2,"Slight","Car occupant","Driver or rider","Male",21,"Unclassified","Single carriageway",30,"Unclassified","Not a Pedestrian","Not a Pedestrian",435991,437068,"E01011718",2,"T or staggered junction","Darkness - lights lit","Fine no high winds","Wet or damp","Car occupant"
"6008","20161334S0276",2016-04-28,2016,"Apr",28,"08:15",8,15,"Thursday","Slight",1,"Slight","Car occupant","Driver or rider","Female",29,"A","Single carriageway",40,NA,"Not a Pedestrian","Not a Pedestrian",430990,433764,"E01033011",5,"Not at junction or within 20 metres","Daylight","Fine no high winds","Dry","Car occupant"
"6009","20161334S0323",2016-04-28,2016,"Apr",28,"09:02",9,2,"Thursday","Slight",1,"Slight","Pedestrian","Pedestrian","Female",23,"A","Dual carriageway",30,NA,"In carriageway, crossing elsewhere","Crossing from nearside - masked by parked or stationary vehicle",429282,435071,"E01033005",1,"Not at junction or within 20 metres","Daylight","Fine no high winds","Dry","Pedestrian"
"6010","20161334S0424",2016-04-28,2016,"Apr",28,"10:09",10,9,"Thursday","Slight",1,"Slight","Cyclist","Driver or rider","Male",34,"Unclassified","Single carriageway",30,NA,"Not a Pedestrian","Not a Pedestrian",429708,433961,"E01033008",2,"Not at junction or within 20 metres","Daylight","Fine no high winds","Dry","Cyclist"
"6011","20161334S1245",2016-04-28,2016,"Apr",28,"11:00",11,0,"Thursday","Slight",1,"Slight","Car occupant","Driver or rider","Male",69,"A","Dual carriageway",40,NA,"Not a Pedestrian","Not a Pedestrian",427730,430841,"E01011318",2,"Not at junction or within 20 metres","Daylight","Fine no high winds","Dry","Car occupant"
"6012","20161334S0776",2016-04-28,2016,"Apr",28,"13:55",13,55,"Thursday","Slight",2,"Slight","Van / Goods vehicle (3.5 tonnes mgw or under) occupant","Driver or rider","Male",59,"Unclassified","Single carriageway",30,"Unclassified","Not a Pedestrian","Not a Pedestrian",431678,432539,"E01011626",2,"T or staggered junction","Daylight","Fine no high winds","Dry","Bus and goods vehicle occupant"
"6013","20161334S0776",2016-04-28,2016,"Apr",28,"13:55",13,55,"Thursday","Slight",2,"Slight","Van / Goods vehicle (3.5 tonnes mgw or under) occupant","Passenger","Male",60,"Unclassified","Single carriageway",30,"Unclassified","Not a Pedestrian","Not a Pedestrian",431678,432539,"E01011626",2,"T or staggered junction","Daylight","Fine no high winds","Dry","Bus and goods vehicle occupant"
"6014","20161334S1252",2016-04-28,2016,"Apr",28,"16:40",16,40,"Thursday","Slight",1,"Slight","Car occupant","Driver or rider","Male",23,"A","Dual carriageway",40,"A","Not a Pedestrian","Not a Pedestrian",428580,432979,"E01011363",2,"Roundabout","Daylight","Raining no high winds","Wet or damp","Car occupant"
"6015","20161334S1121",2016-04-28,2016,"Apr",28,"16:56",16,56,"Thursday","Slight",1,"Slight","Pedestrian","Pedestrian","Male",12,"Unclassified","One way street",30,NA,"Unknown or other","Unknown or other",430576,433446,"E01033011",1,"Not at junction or within 20 metres","Daylight","Raining no high winds","Wet or damp","Pedestrian"
"6016","20161334S1163",2016-04-28,2016,"Apr",28,"17:17",17,17,"Thursday","Slight",3,"Slight","Car occupant","Driver or rider","Male",50,"Unclassified","Single carriageway",30,"Unclassified","Not a Pedestrian","Not a Pedestrian",430960,435855,"E01011356",2,"T or staggered junction","Daylight","Raining no high winds","Wet or damp","Car occupant"
"6017","20161334S1163",2016-04-28,2016,"Apr",28,"17:17",17,17,"Thursday","Slight",3,"Slight","Car occupant","Passenger","Female",27,"Unclassified","Single carriageway",30,"Unclassified","Not a Pedestrian","Not a Pedestrian",430960,435855,"E01011356",2,"T or staggered junction","Daylight","Raining no high winds","Wet or damp","Car occupant"
"6018","20161334S1163",2016-04-28,2016,"Apr",28,"17:17",17,17,"Thursday","Slight",3,"Slight","Taxi/Private hire car occupant","Passenger","Female",40,"Unclassified","Single carriageway",30,"Unclassified","Not a Pedestrian","Not a Pedestrian",430960,435855,"E01011356",2,"T or staggered junction","Daylight","Raining no high winds","Wet or damp","Car occupant"
"6019","20161334S0486",2016-04-28,2016,"Apr",28,"17:30",17,30,"Thursday","Slight",1,"Slight","Cyclist","Driver or rider","Male",26,"A","Single carriageway",30,"Unclassified","Not a Pedestrian","Not a Pedestrian",427486,434590,"E01011482",2,"T or staggered junction","Daylight","Fine no high winds","Dry","Cyclist"
"6020","20161334S1333",2016-04-28,2016,"Apr",28,"18:15",18,15,"Thursday","Slight",1,"Slight","Goods vehicle (over 3.5t. and under 7.5t.) occupant","Driver or rider","Male",27,"A","Dual carriageway",40,"Unclassified","Not a Pedestrian","Not a Pedestrian",426303,434006,"E01032499",2,"T or staggered junction","Daylight","Unknown","Dry","Bus and goods vehicle occupant"
"6021","20161334S1316",2016-04-28,2016,"Apr",28,"18:25",18,25,"Thursday","Slight",1,"Slight","Cyclist","Driver or rider","Male",38,"A","Single carriageway",30,"Unclassified","Not a Pedestrian","Not a Pedestrian",432095,436048,"E01011422",2,"T or staggered junction","Daylight","Unknown","Dry","Cyclist"
"6022","20161334S1601",2016-04-28,2016,"Apr",28,"21:55",21,55,"Thursday","Slight",2,"Slight","Car occupant","Driver or rider","Male",53,"A","Dual carriageway",40,"A","Not a Pedestrian","Not a Pedestrian",430780,433215,"E01033034",2,"Crossroads","Darkness - lights lit","Raining no high winds","Wet or damp","Car occupant"
"6023","20161334S1601",2016-04-28,2016,"Apr",28,"21:55",21,55,"Thursday","Slight",2,"Slight","Van / Goods vehicle (3.5 tonnes mgw or under) occupant","Driver or rider","Male",43,"A","Dual carriageway",40,"A","Not a Pedestrian","Not a Pedestrian",430780,433215,"E01033034",2,"Crossroads","Darkness - lights lit","Raining no high winds","Wet or damp","Bus and goods vehicle occupant"
"6024","20161334T0156",2016-04-29,2016,"Apr",29,"05:30",5,30,"Friday","Slight",1,"Slight","Motorcycle 125cc and under rider or passenger","Driver or rider","Male",35,"A","Single carriageway",30,"Unclassified","Not a Pedestrian","Not a Pedestrian",419495,437019,"E01011590",1,"T or staggered junction","Darkness - lights lit","Snowing no high winds","Snow","Motorcyclist and pillion"
"6025","20161334T0778",2016-04-29,2016,"Apr",29,"14:00",14,0,"Friday","Serious",1,"Serious","Motorcycle 125cc and under rider or passenger","Driver or rider","Male",25,"Unclassified","Single carriageway",30,NA,"Not a Pedestrian","Not a Pedestrian",441690,433170,"E01011397",2,"Not at junction or within 20 metres","Daylight","Fine no high winds","Dry","Motorcyclist and pillion"