"","accident_index","date","year","month","day","time","time_hour","time_minute","day_of_week","accident_severity","number_of_casualties","casualty_severity","casualty_type","casualty_class","sex_of_casualty","age_of_casualty","first_road_class","road_type","speed_limit","second_road_class","pedestrian_location","pedestrian_movement","location_easting_osgr","location_northing_osgr","lsoa_of_accident_location","number_of_vehicles","junction_detail","light_conditions","weather_conditions","road_surface_conditions","cas_type"
"6026","20161334T0543",2016-04-29,2016,"Apr",29,"20:16",20,16,"Friday","Slight",1,"Slight","Car occupant","Driver or rider","Female",41,"Unclassified","Single carriageway",30,"Unclassified","Not a Pedestrian","Not a Pedestrian",433694,433606,"E01011622",2,"T or staggered junction","Darkness - lights lit","Fine no high winds","Dry","Car occupant"
"6027","20161334T1812",2016-04-29,2016,"Apr",29,"22:50",22,50,"Friday","Serious",1,"Serious","Motorcycle 125cc and under rider or passenger","Driver or rider","Male",26,"A","Dual carriageway",30,NA,"Not a Pedestrian","Not a Pedestrian",437714,433090,"E01011411",1,"Not at junction or within 20 metres","Darkness - lights lit","Fine no high winds","Dry","Motorcyclist and pillion"
"6028","20161334U0623",2016-04-30,2016,"Apr",30,"11:50",11,50,"Saturday","Slight",1,"Slight","Bus or coach occupant (17 or more pass seats)","Passenger","Male",85,"A","One way street",30,NA,"Not a Pedestrian","Not a Pedestrian",429769,434653,"E01033005",2,"Not at junction or within 20 metres","Daylight","Fine no high winds","Dry","Bus and goods vehicle occupant"
"6029","20161334U0696",2016-04-30,2016,"Apr",30,"12:40",12,40,"Saturday","Serious",1,"Serious","Cyclist","Driver or rider","Male",53,"Unclassified","Single carriageway",30,"Unclassified","Not a Pedestrian","Not a Pedestrian",432019,435855,"E01011422",2,"Crossroads","Daylight","Fine no high winds","Dry","Cyclist"
"6030","2016133531660",2016-04-30,2016,"Apr",30,"14:43",14,43,"Saturday","Serious",1,"Serious","Motorcycle over 125cc and up to 500cc rider or  passenger","Driver or rider","Male",55,"B","Single carriageway",30,"Unclassified","Not a Pedestrian","Not a Pedestrian",423540,435419,"E01011330",2,"Crossroads","Daylight","Fine no high winds","Dry","Motorcyclist and pillion"
"6031","20161334U1326",2016-04-30,2016,"Apr",30,"18:36",18,36,"Saturday","Serious",1,"Serious","Motorcycle over 125cc and up to 500cc rider or  passenger","Driver or rider","Male",20,"A","Single carriageway",30,"Unclassified","Not a Pedestrian","Not a Pedestrian",427638,433716,"E01011284",4,"T or staggered junction","Daylight","Fine no high winds","Dry","Motorcyclist and pillion"
"6032","20161334U1343",2016-04-30,2016,"Apr",30,"18:47",18,47,"Saturday","Slight",2,"Slight","Car occupant","Driver or rider","Male",66,"Unclassified","Single carriageway",30,"Unclassified","Not a Pedestrian","Not a Pedestrian",422533,435455,"E01011328",2,"T or staggered junction","Daylight","Fine no high winds","Dry","Car occupant"
"6033","20161334U1343",2016-04-30,2016,"Apr",30,"18:47",18,47,"Saturday","Slight",2,"Slight","Car occupant","Passenger","Female",65,"Unclassified","Single carriageway",30,"Unclassified","Not a Pedestrian","Not a Pedestrian",422533,435455,"E01011328",2,"T or staggered junction","Daylight","Fine no high winds","Dry","Car occupant"
"6034","20161334U1507",2016-04-30,2016,"Apr",30,"20:00",20,0,"Saturday","Slight",1,"Slight","Car occupant","Driver or rider","Male",45,"A","Single carriageway",60,NA,"Not a Pedestrian","Not a Pedestrian",442780,431667,"E01011302",1,"Not at junction or within 20 metres","Daylight","Fine no high winds","Dry","Car occupant"
"6035","2016133510040",2016-05-01,2016,"May",1,"00:40",0,40,"Sunday","Slight",1,"Slight","Car occupant","Driver or rider","Male",26,"Unclassified","One way street",60,NA,"Not a Pedestrian","Not a Pedestrian",422520,440217,"E01032503",1,"Not at junction or within 20 metres","Darkness - no lighting","Fine no high winds","Wet or damp","Car occupant"
"6036","2016133530457",2016-05-02,2016,"May",2,"09:57",9,57,"Monday","Slight",1,"Slight","Taxi/Private hire car occupant","Passenger","Female",27,"Unclassified","Single carriageway",30,NA,"Not a Pedestrian","Not a Pedestrian",425935,437616,"E01011686",2,"Not at junction or within 20 metres","Daylight","Fine no high winds","Dry","Car occupant"
"6037","2016133520713",2016-05-02,2016,"May",2,"11:55",11,55,"Monday","Slight",1,"Slight","Car occupant","Driver or rider","Female",23,"A","Dual carriageway",30,NA,"Not a Pedestrian","Not a Pedestrian",428995,433585,"E01011678",2,"Not at junction or within 20 metres","Daylight","Unknown","Dry","Car occupant"
"6038","2016133521355",2016-05-02,2016,"May",2,"12:00",12,0,"Monday","Slight",1,"Slight","Pedestrian","Pedestrian","Female",61,"Unclassified","Single carriageway",30,NA,"Crossing elsewhere within 50m. of pedestrian crossing","Crossing from driver's nearside",420960,441152,"E01011274",1,"Not at junction or within 20 metres","Daylight","Raining no high winds","Wet or damp","Pedestrian"
"6039","2016133520847",2016-05-02,2016,"May",2,"13:40",13,40,"Monday","Slight",1,"Slight","Cyclist","Driver or rider","Male",28,"Unclassified","Single carriageway",30,"A","Not a Pedestrian","Not a Pedestrian",425915,436269,"E01011488",1,"T or staggered junction","Daylight","Fine no high winds","Wet or damp","Cyclist"
"6040","2016133530234",2016-05-03,2016,"May",3,"08:00",8,0,"Tuesday","Slight",1,"Slight","Cyclist","Driver or rider","Male",34,"Unclassified","Single carriageway",20,NA,"Not a Pedestrian","Not a Pedestrian",427938,435723,"E01011441",2,"Not at junction or within 20 metres","Daylight","Fine no high winds","Dry","Cyclist"
"6041","2016133530224",2016-05-03,2016,"May",3,"08:23",8,23,"Tuesday","Serious",2,"Slight","Car occupant","Driver or rider","Female",52,"A","Single carriageway",60,NA,"Not a Pedestrian","Not a Pedestrian",432780,439332,"E01011650",2,"Not at junction or within 20 metres","Daylight","Fine no high winds","Dry","Car occupant"
"6042","2016133530224",2016-05-03,2016,"May",3,"08:23",8,23,"Tuesday","Serious",2,"Serious","Car occupant","Driver or rider","Female",59,"A","Single carriageway",60,NA,"Not a Pedestrian","Not a Pedestrian",432780,439332,"E01011650",2,"Not at junction or within 20 metres","Daylight","Fine no high winds","Dry","Car occupant"
"6043","2016133530276",2016-05-03,2016,"May",3,"08:49",8,49,"Tuesday","Serious",1,"Serious","Motorcycle 125cc and under rider or passenger","Driver or rider","Male",26,"A","Dual carriageway",30,NA,"Not a Pedestrian","Not a Pedestrian",430678,432563,"E01033018",3,"Not at junction or within 20 metres","Daylight","Fine no high winds","Dry","Motorcyclist and pillion"
"6044","2016133530284",2016-05-03,2016,"May",3,"08:50",8,50,"Tuesday","Slight",1,"Slight","Cyclist","Driver or rider","Male",23,"Unclassified","Single carriageway",30,"Unclassified","Not a Pedestrian","Not a Pedestrian",429206,434164,"E01011678",2,"T or staggered junction","Daylight","Fine no high winds","Dry","Cyclist"
"6045","2016133530987",2016-05-03,2016,"May",3,"15:44",15,44,"Tuesday","Serious",1,"Serious","Pedestrian","Pedestrian","Female",38,"B","Single carriageway",30,"Unclassified","In centre of carriageway - not on refuge, island or central reservation","Crossing from driver's nearside",427273,433085,"E01011292",1,"T or staggered junction","Daylight","Fine no high winds","Dry","Pedestrian"
"6046","2016133531200",2016-05-03,2016,"May",3,"17:20",17,20,"Tuesday","Slight",1,"Slight","Pedestrian","Pedestrian","Female",11,"Unclassified","Single carriageway",30,NA,"In carriageway, crossing elsewhere","Crossing from driver's nearside",428519,430746,"E01011315",1,"Not at junction or within 20 metres","Daylight","Fine no high winds","Dry","Pedestrian"
"6047","2016133531244",2016-05-03,2016,"May",3,"17:30",17,30,"Tuesday","Slight",1,"Slight","Car occupant","Driver or rider","Female",28,"Unclassified","Single carriageway",50,"Unclassified","Not a Pedestrian","Not a Pedestrian",415910,442022,"E01011270",2,"Crossroads","Daylight","Fine no high winds","Dry","Car occupant"
"6048","2016133531412",2016-05-03,2016,"May",3,"18:10",18,10,"Tuesday","Slight",1,"Slight","Taxi/Private hire car occupant","Passenger","Female",43,"Unclassified","One way street",30,"Unclassified","Not a Pedestrian","Not a Pedestrian",430358,433916,"E01033010",2,"T or staggered junction","Daylight","Fine no high winds","Dry","Car occupant"
"6049","2016133531853",2016-05-03,2016,"May",3,"23:20",23,20,"Tuesday","Slight",1,"Slight","Car occupant","Driver or rider","Female",24,"A","Slip road",40,"A","Not a Pedestrian","Not a Pedestrian",430606,434564,"E01011671",2,"Slip road","Darkness - lights lit","Fine no high winds","Wet or damp","Car occupant"
"6050","2016133540209",2016-05-04,2016,"May",4,"07:38",7,38,"Wednesday","Slight",1,"Slight","Car occupant","Driver or rider","Female",22,"Motorway","Slip road",70,"Motorway","Not a Pedestrian","Not a Pedestrian",435565,425884,"E01011636",3,"Slip road","Daylight","Fine no high winds","Dry","Car occupant"
"6051","2016133540268",2016-05-04,2016,"May",4,"08:35",8,35,"Wednesday","Serious",1,"Serious","Car occupant","Driver or rider","Male",32,"A","Roundabout",40,"Motorway","Not a Pedestrian","Not a Pedestrian",428067,426542,"E01011538",2,"Roundabout","Daylight","Fine no high winds","Dry","Car occupant"
"6052","2016133540271",2016-05-04,2016,"May",4,"08:42",8,42,"Wednesday","Slight",1,"Slight","Cyclist","Driver or rider","Male",14,"Unclassified","Single carriageway",30,"Unclassified","Not a Pedestrian","Not a Pedestrian",435021,436216,"E01011660",2,"Other junction","Daylight","Fine no high winds","Dry","Cyclist"
"6053","2016133541105",2016-05-04,2016,"May",4,"16:38",16,38,"Wednesday","Slight",1,"Slight","Motorcycle over 500cc rider or passenger","Driver or rider","Male",37,"A","Roundabout",40,"A","Not a Pedestrian","Not a Pedestrian",428424,428709,"E01011531",3,"Roundabout","Daylight","Fine no high winds","Dry","Motorcyclist and pillion"
"6054","2016133541510",2016-05-04,2016,"May",4,"18:10",18,10,"Wednesday","Slight",1,"Slight","Pedestrian","Pedestrian","Male",6,"Unclassified","Single carriageway",30,NA,"In carriageway, crossing elsewhere","Crossing from driver's nearside",436808,436502,"E01011721",1,"Not at junction or within 20 metres","Daylight","Fine no high winds","Dry","Pedestrian"
"6055","2016133550500",2016-05-05,2016,"May",5,"11:20",11,20,"Thursday","Slight",3,"Slight","Car occupant","Driver or rider","Male",32,"A","Dual carriageway",40,NA,"Not a Pedestrian","Not a Pedestrian",427325,431493,"E01011318",3,"Not at junction or within 20 metres","Daylight","Fine no high winds","Dry","Car occupant"
"6056","2016133550500",2016-05-05,2016,"May",5,"11:20",11,20,"Thursday","Slight",3,"Slight","Van / Goods vehicle (3.5 tonnes mgw or under) occupant","Driver or rider","Male",53,"A","Dual carriageway",40,NA,"Not a Pedestrian","Not a Pedestrian",427325,431493,"E01011318",3,"Not at junction or within 20 metres","Daylight","Fine no high winds","Dry","Bus and goods vehicle occupant"
"6057","2016133550500",2016-05-05,2016,"May",5,"11:20",11,20,"Thursday","Slight",3,"Slight","Car occupant","Driver or rider","Male",29,"A","Dual carriageway",40,NA,"Not a Pedestrian","Not a Pedestrian",427325,431493,"E01011318",3,"Not at junction or within 20 metres","Daylight","Fine no high winds","Dry","Car occupant"
"6058","2016133551192",2016-05-05,2016,"May",5,"17:00",17,0,"Thursday","Slight",1,"Slight","Car occupant","Driver or rider","Male",22,"A","Roundabout",30,"Unclassified","Not a Pedestrian","Not a Pedestrian",426727,431732,"E01011734",2,"Roundabout","Daylight","Fine no high winds","Dry","Car occupant"
"6059","2016133551673",2016-05-05,2016,"May",5,"22:01",22,1,"Thursday","Serious",1,"Serious","Motorcycle 125cc and under rider or passenger","Driver or rider","Male",24,"Unclassified","Single carriageway",30,NA,"Not a Pedestrian","Not a Pedestrian",430789,431378,"E01011468",1,"Not at junction or within 20 metres","Darkness - lights lit","Fine no high winds","Dry","Motorcyclist and pillion"
"6060","2016133560493",2016-05-06,2016,"May",6,"10:36",10,36,"Friday","Slight",2,"Slight","Van / Goods vehicle (3.5 tonnes mgw or under) occupant","Driver or rider","Male",45,"A","One way street",30,"Unclassified","Not a Pedestrian","Not a Pedestrian",439389,432656,"E01011402",3,"T or staggered junction","Daylight","Fine no high winds","Dry","Bus and goods vehicle occupant"
"6061","2016133560493",2016-05-06,2016,"May",6,"10:36",10,36,"Friday","Slight",2,"Slight","Car occupant","Driver or rider","Female",41,"A","One way street",30,"Unclassified","Not a Pedestrian","Not a Pedestrian",439389,432656,"E01011402",3,"T or staggered junction","Daylight","Fine no high winds","Dry","Car occupant"
"6062","2016133560710",2016-05-06,2016,"May",6,"12:40",12,40,"Friday","Slight",1,"Slight","Pedestrian","Pedestrian","Male",70,"A","Dual carriageway",40,"Unclassified","Crossing on pedestrian crossing facility","Crossing from nearside - masked by parked or stationary vehicle",436162,435075,"E01011408",1,"T or staggered junction","Daylight","Fine no high winds","Dry","Pedestrian"
"6063","2016133561186",2016-05-06,2016,"May",6,"16:30",16,30,"Friday","Slight",1,"Slight","Motorcycle 50cc and under rider or passenger","Driver or rider","Male",21,"Unclassified","Single carriageway",30,"A","Not a Pedestrian","Not a Pedestrian",425066,434279,"E01032606",2,"T or staggered junction","Daylight","Fine no high winds","Dry","Motorcyclist and pillion"
"6064","2016133561230",2016-05-06,2016,"May",6,"16:46",16,46,"Friday","Slight",1,"Slight","Cyclist","Driver or rider","Male",27,"B","Single carriageway",30,NA,"Not a Pedestrian","Not a Pedestrian",431850,435970,"E01011422",2,"Not at junction or within 20 metres","Daylight","Fine no high winds","Dry","Cyclist"
"6065","2016133561371",2016-05-06,2016,"May",6,"17:55",17,55,"Friday","Serious",1,"Serious","Cyclist","Driver or rider","Male",38,"A","Single carriageway",30,NA,"Not a Pedestrian","Not a Pedestrian",428030,435983,"E01011440",2,"Not at junction or within 20 metres","Daylight","Fine no high winds","Dry","Cyclist"
"6066","2016133561587",2016-05-06,2016,"May",6,"19:45",19,45,"Friday","Slight",1,"Slight","Pedestrian","Pedestrian","Female",10,"Unclassified","Single carriageway",20,NA,"In carriageway, crossing elsewhere","Crossing from nearside - masked by parked or stationary vehicle",429771,431072,"E01011312",1,"Not at junction or within 20 metres","Daylight","Fine no high winds","Dry","Pedestrian"
"6067","2016133651913",2016-05-06,2016,"May",6,"22:38",22,38,"Friday","Serious",1,"Serious","Car occupant","Passenger","Male",17,"Unclassified","One way street",30,"Unclassified","Not a Pedestrian","Not a Pedestrian",435421,436138,"E01011664",1,"T or staggered junction","Darkness - lights lit","Fine no high winds","Dry","Car occupant"
"6068","2016133570667",2016-05-07,2016,"May",7,"11:49",11,49,"Saturday","Slight",2,"Slight","Motorcycle over 500cc rider or passenger","Driver or rider","Male",47,"A","Dual carriageway",30,"A","Not a Pedestrian","Not a Pedestrian",430735,424536,"E01011537",3,"Roundabout","Daylight","Fine no high winds","Dry","Motorcyclist and pillion"
"6069","2016133570667",2016-05-07,2016,"May",7,"11:49",11,49,"Saturday","Slight",2,"Slight","Motorcycle over 500cc rider or passenger","Passenger","Female",40,"A","Dual carriageway",30,"A","Not a Pedestrian","Not a Pedestrian",430735,424536,"E01011537",3,"Roundabout","Daylight","Fine no high winds","Dry","Motorcyclist and pillion"
"6070","2016133570899",2016-05-07,2016,"May",7,"14:02",14,2,"Saturday","Slight",1,"Slight","Pedestrian","Pedestrian","Male",2,"Unclassified","Single carriageway",30,NA,"Unknown or other","Crossing from driver's nearside",428809,430387,"E01011315",1,"Not at junction or within 20 metres","Daylight","Fine no high winds","Dry","Pedestrian"
"6071","2016133571119",2016-05-07,2016,"May",7,"16:01",16,1,"Saturday","Slight",2,"Slight","Car occupant","Driver or rider","Female",48,"A","Single carriageway",40,NA,"Not a Pedestrian","Not a Pedestrian",426040,436198,"E01011488",2,"Not at junction or within 20 metres","Daylight","Raining no high winds","Wet or damp","Car occupant"
"6072","2016133571119",2016-05-07,2016,"May",7,"16:01",16,1,"Saturday","Slight",2,"Slight","Car occupant","Passenger","Female",9,"A","Single carriageway",40,NA,"Not a Pedestrian","Not a Pedestrian",426040,436198,"E01011488",2,"Not at junction or within 20 metres","Daylight","Raining no high winds","Wet or damp","Car occupant"
"6073","2016133571206",2016-05-07,2016,"May",7,"16:45",16,45,"Saturday","Slight",2,"Slight","Car occupant","Driver or rider","Female",22,"Unclassified","Dual carriageway",30,"Unclassified","Not a Pedestrian","Not a Pedestrian",431507,435124,"E01011673",3,"Other junction","Daylight","Fine no high winds","Dry","Car occupant"
"6074","2016133571206",2016-05-07,2016,"May",7,"16:45",16,45,"Saturday","Slight",2,"Slight","Car occupant","Passenger","Female",21,"Unclassified","Dual carriageway",30,"Unclassified","Not a Pedestrian","Not a Pedestrian",431507,435124,"E01011673",3,"Other junction","Daylight","Fine no high winds","Dry","Car occupant"
"6075","2016133571297",2016-05-07,2016,"May",7,"17:35",17,35,"Saturday","Slight",1,"Slight","Taxi/Private hire car occupant","Passenger","Female",13,"Unclassified","Single carriageway",30,"Unclassified","Not a Pedestrian","Not a Pedestrian",432249,435428,"E01011430",2,"Crossroads","Daylight","Fine no high winds","Dry","Car occupant"
"6076","2016133581175",2016-05-08,2016,"May",8,"04:27",4,27,"Sunday","Slight",2,"Slight","Car occupant","Driver or rider","Male",46,"Unclassified","Single carriageway",20,"Unclassified","Not a Pedestrian","Not a Pedestrian",431582,434010,"E01033031",2,"T or staggered junction","Daylight","Fine no high winds","Dry","Car occupant"
"6077","2016133581175",2016-05-08,2016,"May",8,"04:27",4,27,"Sunday","Slight",2,"Slight","Car occupant","Passenger","Female",43,"Unclassified","Single carriageway",20,"Unclassified","Not a Pedestrian","Not a Pedestrian",431582,434010,"E01033031",2,"T or staggered junction","Daylight","Fine no high winds","Dry","Car occupant"
"6078","2016133580616",2016-05-08,2016,"May",8,"09:10",9,10,"Sunday","Slight",4,"Slight","Car occupant","Driver or rider","Male",41,"A","Dual carriageway",70,"Unclassified","Not a Pedestrian","Not a Pedestrian",429249,438590,"E01011505",2,"Crossroads","Daylight","Unknown","Dry","Car occupant"
"6079","2016133580616",2016-05-08,2016,"May",8,"09:10",9,10,"Sunday","Slight",4,"Slight","Car occupant","Passenger","Female",15,"A","Dual carriageway",70,"Unclassified","Not a Pedestrian","Not a Pedestrian",429249,438590,"E01011505",2,"Crossroads","Daylight","Unknown","Dry","Car occupant"
"6080","2016133580616",2016-05-08,2016,"May",8,"09:10",9,10,"Sunday","Slight",4,"Slight","Car occupant","Passenger","Female",20,"A","Dual carriageway",70,"Unclassified","Not a Pedestrian","Not a Pedestrian",429249,438590,"E01011505",2,"Crossroads","Daylight","Unknown","Dry","Car occupant"
"6081","2016133580616",2016-05-08,2016,"May",8,"09:10",9,10,"Sunday","Slight",4,"Slight","Car occupant","Passenger","Male",25,"A","Dual carriageway",70,"Unclassified","Not a Pedestrian","Not a Pedestrian",429249,438590,"E01011505",2,"Crossroads","Daylight","Unknown","Dry","Car occupant"
"6082","2016133580722",2016-05-08,2016,"May",8,"12:30",12,30,"Sunday","Serious",1,"Serious","Pedestrian","Pedestrian","Female",12,"B","Single carriageway",30,NA,"Unknown or other","Crossing from driver's nearside",428014,436685,"E01011692",1,"Not at junction or within 20 metres","Daylight","Fine no high winds","Dry","Pedestrian"
"6083","2016133580871",2016-05-08,2016,"May",8,"13:50",13,50,"Sunday","Slight",1,"Slight","Cyclist","Driver or rider","Male",47,"Unclassified","Single carriageway",60,NA,"Not a Pedestrian","Not a Pedestrian",428401,442137,"E01011554",1,"Not at junction or within 20 metres","Daylight","Fine no high winds","Dry","Cyclist"
"6084","2016133581120",2016-05-08,2016,"May",8,"15:56",15,56,"Sunday","Slight",1,"Slight","Car occupant","Driver or rider","Female",23,"Unclassified","Single carriageway",30,NA,"Not a Pedestrian","Not a Pedestrian",427787,434078,"E01011284",2,"Not at junction or within 20 metres","Daylight","Unknown","Dry","Car occupant"
"6085","2016133581631",2016-05-08,2016,"May",8,"19:40",19,40,"Sunday","Slight",1,"Slight","Cyclist","Driver or rider","Female",21,"A","Single carriageway",40,"Unclassified","Not a Pedestrian","Not a Pedestrian",426218,442464,"E01032504",2,"Roundabout","Daylight","Fine no high winds","Dry","Cyclist"
"6086","2016133590524",2016-05-09,2016,"May",9,"09:55",9,55,"Monday","Slight",4,"Slight","Car occupant","Driver or rider","Male",39,"A","Dual carriageway",40,NA,"Not a Pedestrian","Not a Pedestrian",429994,436525,"E01011358",2,"Not at junction or within 20 metres","Daylight","Fine no high winds","Dry","Car occupant"
"6087","2016133590524",2016-05-09,2016,"May",9,"09:55",9,55,"Monday","Slight",4,"Slight","Car occupant","Passenger","Male",33,"A","Dual carriageway",40,NA,"Not a Pedestrian","Not a Pedestrian",429994,436525,"E01011358",2,"Not at junction or within 20 metres","Daylight","Fine no high winds","Dry","Car occupant"
"6088","2016133590524",2016-05-09,2016,"May",9,"09:55",9,55,"Monday","Slight",4,"Slight","Car occupant","Passenger","Female",30,"A","Dual carriageway",40,NA,"Not a Pedestrian","Not a Pedestrian",429994,436525,"E01011358",2,"Not at junction or within 20 metres","Daylight","Fine no high winds","Dry","Car occupant"
"6089","2016133590524",2016-05-09,2016,"May",9,"09:55",9,55,"Monday","Slight",4,"Slight","Car occupant","Passenger","Female",36,"A","Dual carriageway",40,NA,"Not a Pedestrian","Not a Pedestrian",429994,436525,"E01011358",2,"Not at junction or within 20 metres","Daylight","Fine no high winds","Dry","Car occupant"
"6090","2016133590678",2016-05-09,2016,"May",9,"10:40",10,40,"Monday","Slight",1,"Slight","Car occupant","Driver or rider","Female",40,"Unclassified","Single carriageway",30,NA,"Not a Pedestrian","Not a Pedestrian",431747,435400,"E01011428",2,"Not at junction or within 20 metres","Daylight","Unknown","Dry","Car occupant"
"6091","2016133591204",2016-05-09,2016,"May",9,"14:30",14,30,"Monday","Slight",2,"Slight","Minibus (8 - 16 passenger seats) occupant","Passenger","Female",25,"A","Single carriageway",30,"Unclassified","Not a Pedestrian","Not a Pedestrian",427650,436675,"E01011694",2,"T or staggered junction","Daylight","Fine no high winds","Dry","Bus and goods vehicle occupant"
"6092","2016133591204",2016-05-09,2016,"May",9,"14:30",14,30,"Monday","Slight",2,"Slight","Minibus (8 - 16 passenger seats) occupant","Passenger","Female",25,"A","Single carriageway",30,"Unclassified","Not a Pedestrian","Not a Pedestrian",427650,436675,"E01011694",2,"T or staggered junction","Daylight","Fine no high winds","Dry","Bus and goods vehicle occupant"
"6093","2016133591091",2016-05-09,2016,"May",9,"15:49",15,49,"Monday","Serious",1,"Serious","Pedestrian","Pedestrian","Male",12,"A","Single carriageway",30,NA,"In carriageway, crossing elsewhere","Crossing from nearside - masked by parked or stationary vehicle",430904,433482,"E01033011",1,"Not at junction or within 20 metres","Daylight","Fine no high winds","Dry","Pedestrian"
"6094","2016133591260",2016-05-09,2016,"May",9,"17:00",17,0,"Monday","Slight",2,"Slight","Car occupant","Driver or rider","Male",39,"A","Dual carriageway",40,"Unclassified","Not a Pedestrian","Not a Pedestrian",433127,436120,"E01011421",2,"Crossroads","Daylight","Unknown","Dry","Car occupant"
"6095","2016133591260",2016-05-09,2016,"May",9,"17:00",17,0,"Monday","Slight",2,"Slight","Car occupant","Passenger","Female",33,"A","Dual carriageway",40,"Unclassified","Not a Pedestrian","Not a Pedestrian",433127,436120,"E01011421",2,"Crossroads","Daylight","Unknown","Dry","Car occupant"
"6096","20161335A1010",2016-05-09,2016,"May",9,"21:30",21,30,"Monday","Slight",1,"Slight","Cyclist","Driver or rider","Male",34,"Unclassified","Single carriageway",30,NA,"Not a Pedestrian","Not a Pedestrian",425810,435122,"E01011281",2,"Not at junction or within 20 metres","Darkness - lights lit","Raining no high winds","Wet or damp","Cyclist"
"6097","20161335A0884",2016-05-10,2016,"May",10,"14:40",14,40,"Tuesday","Slight",1,"Slight","Cyclist","Driver or rider","Male",26,"Unclassified","Single carriageway",30,"Unclassified","Not a Pedestrian","Not a Pedestrian",430800,435338,"E01011360",2,"T or staggered junction","Daylight","Raining no high winds","Wet or damp","Cyclist"
"6098","20161335A0905",2016-05-10,2016,"May",10,"14:50",14,50,"Tuesday","Slight",1,"Slight","Motorcycle over 500cc rider or passenger","Driver or rider","Male",63,"A","Dual carriageway",40,"Unclassified","Not a Pedestrian","Not a Pedestrian",426781,438346,"E01032876",2,"T or staggered junction","Daylight","Raining no high winds","Wet or damp","Motorcyclist and pillion"
"6099","20161335A1040",2016-05-10,2016,"May",10,"16:40",16,40,"Tuesday","Slight",1,"Slight","Taxi/Private hire car occupant","Driver or rider","Male",32,"Unclassified","Single carriageway",30,NA,"Not a Pedestrian","Not a Pedestrian",432604,434865,"E01011344",2,"Not at junction or within 20 metres","Daylight","Fine no high winds","Wet or damp","Car occupant"
"6100","20161335G0357",2016-05-10,2016,"May",10,"21:00",21,0,"Tuesday","Slight",1,"Slight","Pedestrian","Pedestrian","Male",16,"A","Dual carriageway",40,"Unclassified","Crossing on pedestrian crossing facility","Crossing from driver's offside",430474,435612,"E01011357",1,"T or staggered junction","Darkness - lights lit","Unknown","Dry","Pedestrian"
"6101","20161335B0229",2016-05-11,2016,"May",11,"06:55",6,55,"Wednesday","Serious",1,"Serious","Motorcycle over 500cc rider or passenger","Driver or rider","Male",47,"Unclassified","Roundabout",40,"A","Not a Pedestrian","Not a Pedestrian",429913,437027,"E01011507",1,"Roundabout","Daylight","Fine no high winds","Dry","Motorcyclist and pillion"
"6102","20161335B0701",2016-05-11,2016,"May",11,"13:11",13,11,"Wednesday","Slight",1,"Slight","Car occupant","Driver or rider","Female",48,"A","Dual carriageway",40,"Unclassified","Not a Pedestrian","Not a Pedestrian",433178,434015,"E01011617",2,"T or staggered junction","Daylight","Fine no high winds","Dry","Car occupant"
"6103","20161335B1560",2016-05-11,2016,"May",11,"19:00",19,0,"Wednesday","Slight",1,"Slight","Cyclist","Driver or rider","Female",24,"A","Single carriageway",30,NA,"Not a Pedestrian","Not a Pedestrian",419994,440921,"E01011275",2,"Not at junction or within 20 metres","Daylight","Unknown","Dry","Cyclist"
"6104","20161335C1708",2016-05-12,2016,"May",12,"07:40",7,40,"Thursday","Slight",1,"Slight","Pedestrian","Pedestrian","Male",48,"Unclassified","Single carriageway",30,"A","Unknown or other","Unknown or other",428945,435464,"E01011444",1,"Crossroads","Daylight","Unknown","Dry","Pedestrian"
"6105","20161335C0517",2016-05-12,2016,"May",12,"11:08",11,8,"Thursday","Slight",1,"Slight","Car occupant","Passenger","Male",89,"A(M)","Dual carriageway",70,NA,"Not a Pedestrian","Not a Pedestrian",442188,443333,"E01011712",2,"Not at junction or within 20 metres","Daylight","Fine no high winds","Dry","Car occupant"
"6106","20161335C0531",2016-05-12,2016,"May",12,"11:15",11,15,"Thursday","Slight",1,"Slight","Car occupant","Driver or rider","Female",51,"A(M)","Dual carriageway",40,"A(M)","Not a Pedestrian","Not a Pedestrian",429426,433928,"E01033008",2,"Slip road","Daylight","Fine no high winds","Dry","Car occupant"
"6107","20161335C1649",2016-05-12,2016,"May",12,"20:40",20,40,"Thursday","Slight",1,"Slight","Motorcycle over 500cc rider or passenger","Passenger","Female",41,"Unclassified","Dual carriageway",30,"Unclassified","Not a Pedestrian","Not a Pedestrian",434338,427893,"E01011633",2,"T or staggered junction","Daylight","Fine no high winds","Dry","Motorcyclist and pillion"
"6108","20161335C1838",2016-05-12,2016,"May",12,"22:24",22,24,"Thursday","Slight",1,"Slight","Pedestrian","Pedestrian","Male",36,"Unclassified","Single carriageway",30,"B","On footway or verge","Unknown or other",431613,436133,"E01011359",1,"T or staggered junction","Darkness - lights lit","Fine no high winds","Dry","Pedestrian"
"6109","20161335D1020",2016-05-13,2016,"May",13,"08:30",8,30,"Friday","Slight",1,"Slight","Cyclist","Driver or rider","Male",20,"A","Single carriageway",30,NA,"Not a Pedestrian","Not a Pedestrian",429652,434613,"E01033005",2,"Not at junction or within 20 metres","Daylight","Unknown","Dry","Cyclist"