"","accident_index","date","year","month","day","time","time_hour","time_minute","day_of_week","accident_severity","number_of_casualties","casualty_severity","casualty_type","casualty_class","sex_of_casualty","age_of_casualty","first_road_class","road_type","speed_limit","second_road_class","pedestrian_location","pedestrian_movement","location_easting_osgr","location_northing_osgr","lsoa_of_accident_location","number_of_vehicles","junction_detail","light_conditions","weather_conditions","road_surface_conditions","cas_type"
"6110","20161335D0486",2016-05-13,2016,"May",13,"11:18",11,18,"Friday","Serious",1,"Serious","Van / Goods vehicle (3.5 tonnes mgw or under) occupant","Passenger","Female",82,"A(M)","Roundabout",40,"A","Not a Pedestrian","Not a Pedestrian",441030,445794,"E01011707",1,"Roundabout","Daylight","Fine no high winds","Dry","Bus and goods vehicle occupant"
"6111","20161335D1603",2016-05-13,2016,"May",13,"18:00",18,0,"Friday","Slight",1,"Slight","Pedestrian","Pedestrian","Female",12,"B","Single carriageway",30,NA,"In carriageway, crossing elsewhere","Crossing from driver's offside",422170,434468,"E01011596",1,"Not at junction or within 20 metres","Daylight","Unknown","Dry","Pedestrian"
"6112","20161335E0878",2016-05-14,2016,"May",14,"14:10",14,10,"Saturday","Slight",1,"Slight","Pedestrian","Pedestrian","Male",56,"Unclassified","Single carriageway",30,"Unclassified","Crossing on pedestrian crossing facility","Crossing from driver's offside",430030,433365,"E01033010",1,"T or staggered junction","Daylight","Fine no high winds","Dry","Pedestrian"
"6113","20161335E0966",2016-05-14,2016,"May",14,"14:45",14,45,"Saturday","Slight",1,"Slight","Car occupant","Passenger","Female",39,"A","Dual carriageway",40,NA,"Not a Pedestrian","Not a Pedestrian",437676,433143,"E01011411",4,"Not at junction or within 20 metres","Daylight","Fine no high winds","Dry","Car occupant"
"6114","20161335F0783",2016-05-15,2016,"May",15,"11:00",11,0,"Sunday","Slight",1,"Slight","Car occupant","Driver or rider","Female",25,"Motorway","Roundabout",70,"Motorway","Not a Pedestrian","Not a Pedestrian",432414,426105,"E01011499",2,"Roundabout","Daylight","Fine no high winds","Dry","Car occupant"
"6115","20161335F0744",2016-05-15,2016,"May",15,"12:40",12,40,"Sunday","Slight",1,"Slight","Car occupant","Passenger","Female",56,"A","Single carriageway",40,NA,"Not a Pedestrian","Not a Pedestrian",437689,438131,"E01011715",2,"Not at junction or within 20 metres","Daylight","Fine no high winds","Dry","Car occupant"
"6116","20161335F0828",2016-05-15,2016,"May",15,"13:28",13,28,"Sunday","Slight",1,"Slight","Car occupant","Driver or rider","Male",24,"B","Single carriageway",30,"Unclassified","Not a Pedestrian","Not a Pedestrian",429028,437515,"E01011513",2,"Crossroads","Daylight","Fine no high winds","Dry","Car occupant"
"6117","20161335F0883",2016-05-15,2016,"May",15,"13:59",13,59,"Sunday","Serious",2,"Slight","Motorcycle 125cc and under rider or passenger","Driver or rider","Male",14,"Unclassified","Single carriageway",30,"Unclassified","Not a Pedestrian","Not a Pedestrian",426503,433764,"E01032608",2,"Crossroads","Daylight","Fine no high winds","Dry","Motorcyclist and pillion"
"6118","20161335F0883",2016-05-15,2016,"May",15,"13:59",13,59,"Sunday","Serious",2,"Serious","Motorcycle 125cc and under rider or passenger","Passenger","Male",17,"Unclassified","Single carriageway",30,"Unclassified","Not a Pedestrian","Not a Pedestrian",426503,433764,"E01032608",2,"Crossroads","Daylight","Fine no high winds","Dry","Motorcyclist and pillion"
"6119","20161335F1453",2016-05-15,2016,"May",15,"19:32",19,32,"Sunday","Slight",1,"Slight","Motorcycle 125cc and under rider or passenger","Driver or rider","Male",17,"A","Roundabout",30,NA,"Not a Pedestrian","Not a Pedestrian",430049,432462,"E01011364",1,"Not at junction or within 20 metres","Daylight","Fine no high winds","Dry","Motorcyclist and pillion"
"6120","20161335F1522",2016-05-15,2016,"May",15,"20:08",20,8,"Sunday","Slight",1,"Slight","Car occupant","Driver or rider","Male",66,"Unclassified","Single carriageway",20,NA,"Not a Pedestrian","Not a Pedestrian",429532,431098,"E01011375",2,"Not at junction or within 20 metres","Darkness - lights lit","Fine no high winds","Dry","Car occupant"
"6121","20161335G0736",2016-05-16,2016,"May",16,"07:20",7,20,"Monday","Slight",1,"Slight","Cyclist","Driver or rider","Male",38,"A","Single carriageway",30,"Unclassified","Not a Pedestrian","Not a Pedestrian",427568,434542,"E01011482",2,"T or staggered junction","Daylight","Fine no high winds","Dry","Cyclist"
"6122","20161335G0635",2016-05-16,2016,"May",16,"12:47",12,47,"Monday","Slight",2,"Slight","Car occupant","Driver or rider","Male",25,"Unclassified","One way street",60,NA,"Not a Pedestrian","Not a Pedestrian",439942,428810,"E01011392",2,"Not at junction or within 20 metres","Daylight","Fine no high winds","Dry","Car occupant"
"6123","20161335G0635",2016-05-16,2016,"May",16,"12:47",12,47,"Monday","Slight",2,"Slight","Car occupant","Driver or rider","Male",41,"Unclassified","One way street",60,NA,"Not a Pedestrian","Not a Pedestrian",439942,428810,"E01011392",2,"Not at junction or within 20 metres","Daylight","Fine no high winds","Dry","Car occupant"
"6124","20161335G0940",2016-05-16,2016,"May",16,"15:35",15,35,"Monday","Slight",1,"Slight","Cyclist","Driver or rider","Female",23,"B","Single carriageway",30,"Unclassified","Not a Pedestrian","Not a Pedestrian",427278,433077,"E01011292",3,"T or staggered junction","Daylight","Fine no high winds","Dry","Cyclist"
"6125","20161335G1097",2016-05-16,2016,"May",16,"16:58",16,58,"Monday","Slight",2,"Slight","Cyclist","Driver or rider","Male",43,"A","Single carriageway",30,NA,"Not a Pedestrian","Not a Pedestrian",427337,437182,"E01011690",1,"Not at junction or within 20 metres","Daylight","Fine no high winds","Dry","Cyclist"
"6126","20161335G1097",2016-05-16,2016,"May",16,"16:58",16,58,"Monday","Slight",2,"Slight","Pedestrian","Pedestrian","Female",21,"A","Single carriageway",30,NA,"Crossing on pedestrian crossing facility","Crossing from driver's offside",427337,437182,"E01011690",1,"Not at junction or within 20 metres","Daylight","Fine no high winds","Dry","Pedestrian"
"6127","20161335G1142",2016-05-16,2016,"May",16,"17:00",17,0,"Monday","Slight",1,"Slight","Cyclist","Driver or rider","Male",19,"Unclassified","Single carriageway",30,"Unclassified","Not a Pedestrian","Not a Pedestrian",428999,432316,"E01033013",2,"T or staggered junction","Daylight","Fine no high winds","Dry","Cyclist"
"6128","20161335H0186",2016-05-17,2016,"May",17,"07:32",7,32,"Tuesday","Slight",1,"Slight","Cyclist","Driver or rider","Male",26,"A","Single carriageway",30,"Unclassified","Not a Pedestrian","Not a Pedestrian",427524,436945,"E01011690",2,"T or staggered junction","Daylight","Fine no high winds","Dry","Cyclist"
"6129","20161335H0201",2016-05-17,2016,"May",17,"07:49",7,49,"Tuesday","Slight",1,"Slight","Cyclist","Driver or rider","Female",19,"A","Single carriageway",30,"Unclassified","Not a Pedestrian","Not a Pedestrian",430839,434003,"E01033031",2,"T or staggered junction","Daylight","Fine no high winds","Dry","Cyclist"
"6130","20161335H0211",2016-05-17,2016,"May",17,"08:10",8,10,"Tuesday","Slight",1,"Slight","Cyclist","Driver or rider","Male",10,"Unclassified","Single carriageway",30,"Unclassified","Not a Pedestrian","Not a Pedestrian",436555,433909,"E01011414",2,"T or staggered junction","Daylight","Fine no high winds","Dry","Cyclist"
"6131","20161335H0223",2016-05-17,2016,"May",17,"08:20",8,20,"Tuesday","Slight",1,"Slight","Pedestrian","Pedestrian","Female",12,"Unclassified","Single carriageway",30,NA,"In carriageway, crossing elsewhere","Crossing from driver's nearside",432416,437358,"E01011641",1,"Not at junction or within 20 metres","Daylight","Fine no high winds","Dry","Pedestrian"
"6132","20161335H0338",2016-05-17,2016,"May",17,"09:45",9,45,"Tuesday","Slight",1,"Slight","Car occupant","Driver or rider","Female",33,"Motorway","Dual carriageway",70,NA,"Not a Pedestrian","Not a Pedestrian",424396,427823,"E01011523",3,"Not at junction or within 20 metres","Daylight","Fine no high winds","Dry","Car occupant"
"6133","20161335H0465",2016-05-17,2016,"May",17,"11:12",11,12,"Tuesday","Serious",1,"Serious","Pedestrian","Pedestrian","Male",2,"Unclassified","Unknown",20,NA,"Unknown or other","Unknown or other",429311,432174,"E01033032",1,"Not at junction or within 20 metres","Daylight","Fine no high winds","Dry","Pedestrian"
"6134","20161335H0484",2016-05-17,2016,"May",17,"11:20",11,20,"Tuesday","Slight",1,"Slight","Cyclist","Driver or rider","Male",51,"A","Dual carriageway",30,NA,"Not a Pedestrian","Not a Pedestrian",428324,434115,"E01011681",2,"Not at junction or within 20 metres","Daylight","Fine no high winds","Dry","Cyclist"
"6135","20161335H0788",2016-05-17,2016,"May",17,"14:00",14,0,"Tuesday","Slight",1,"Slight","Pedestrian","Pedestrian","Male",34,"Unclassified","Dual carriageway",40,"A","In carriageway, crossing elsewhere","Crossing from driver's offside",430221,434366,"E01033002",1,"Other junction","Daylight","Fine no high winds","Dry","Pedestrian"
"6136","20161335H1621",2016-05-17,2016,"May",17,"15:10",15,10,"Tuesday","Slight",1,"Slight","Cyclist","Driver or rider","Male",11,"A","Single carriageway",40,"Unclassified","Not a Pedestrian","Not a Pedestrian",429454,425820,"E01011538",2,"Private drive or entrance","Daylight","Fine no high winds","Dry","Cyclist"
"6137","20161335H0966",2016-05-17,2016,"May",17,"15:27",15,27,"Tuesday","Slight",1,"Slight","Cyclist","Driver or rider","Male",15,"Unclassified","Single carriageway",30,"Unclassified","Not a Pedestrian","Not a Pedestrian",429388,435473,"E01011668",2,"T or staggered junction","Daylight","Fine no high winds","Dry","Cyclist"
"6138","20161335H1699",2016-05-17,2016,"May",17,"21:05",21,5,"Tuesday","Serious",1,"Serious","Cyclist","Driver or rider","Male",53,"Unclassified","Roundabout",40,"A","Not a Pedestrian","Not a Pedestrian",426848,438041,"E01011687",2,"Roundabout","Darkness - lights lit","Fine no high winds","Dry","Cyclist"
"6139","20161335H1777",2016-05-17,2016,"May",17,"21:43",21,43,"Tuesday","Slight",1,"Slight","Pedestrian","Pedestrian","Female",25,"Unclassified","Single carriageway",30,NA,"In carriageway, crossing elsewhere","Unknown or other",431920,434398,"E01011349",1,"Not at junction or within 20 metres","Daylight","Fine no high winds","Dry","Pedestrian"
"6140","20161335I0507",2016-05-18,2016,"May",18,"08:30",8,30,"Wednesday","Slight",2,"Slight","Pedestrian","Pedestrian","Male",14,"A","Unknown",40,"Unclassified","Unknown or other","Crossing from driver's nearside",418068,442610,"E01011280",1,"T or staggered junction","Daylight","Unknown","Wet or damp","Pedestrian"
"6141","20161335I0507",2016-05-18,2016,"May",18,"08:30",8,30,"Wednesday","Slight",2,"Slight","Pedestrian","Pedestrian","Female",14,"A","Unknown",40,"Unclassified","Unknown or other","Crossing from driver's nearside",418068,442610,"E01011280",1,"T or staggered junction","Daylight","Unknown","Wet or damp","Pedestrian"
"6142","20161335I0404",2016-05-18,2016,"May",18,"10:03",10,3,"Wednesday","Slight",1,"Slight","Car occupant","Driver or rider","Female",42,"A","Dual carriageway",30,"A","Not a Pedestrian","Not a Pedestrian",427942,430306,"E01011317",2,"Roundabout","Daylight","Fine no high winds","Dry","Car occupant"
"6143","20161335I0551",2016-05-18,2016,"May",18,"11:41",11,41,"Wednesday","Slight",1,"Slight","Van / Goods vehicle (3.5 tonnes mgw or under) occupant","Driver or rider","Male",49,"Motorway","Dual carriageway",70,NA,"Not a Pedestrian","Not a Pedestrian",440040,434239,"E01011296",1,"Not at junction or within 20 metres","Daylight","Fine no high winds","Dry","Bus and goods vehicle occupant"
"6144","20161335I0677",2016-05-18,2016,"May",18,"12:44",12,44,"Wednesday","Slight",1,"Slight","Car occupant","Driver or rider","Male",45,"A","Dual carriageway",40,"Unclassified","Not a Pedestrian","Not a Pedestrian",426336,435496,"E01011477",2,"T or staggered junction","Daylight","Fine no high winds","Wet or damp","Car occupant"
"6145","20161335I0726",2016-05-18,2016,"May",18,"13:15",13,15,"Wednesday","Slight",1,"Slight","Cyclist","Driver or rider","Male",19,"Unclassified","Single carriageway",30,NA,"Not a Pedestrian","Not a Pedestrian",429596,434707,"E01033005",2,"Not at junction or within 20 metres","Daylight","Raining no high winds","Wet or damp","Cyclist"
"6146","20161335I1110",2016-05-18,2016,"May",18,"16:19",16,19,"Wednesday","Slight",1,"Slight","Van / Goods vehicle (3.5 tonnes mgw or under) occupant","Driver or rider","Male",53,"Motorway","Dual carriageway",70,NA,"Not a Pedestrian","Not a Pedestrian",424296,427883,"E01011523",2,"Not at junction or within 20 metres","Daylight","Fine no high winds","Dry","Bus and goods vehicle occupant"
"6147","20161335J0354",2016-05-18,2016,"May",18,"16:20",16,20,"Wednesday","Slight",1,"Slight","Car occupant","Driver or rider","Male",32,"Unclassified","Single carriageway",30,"Unclassified","Not a Pedestrian","Not a Pedestrian",426349,426897,"E01011546",2,"T or staggered junction","Daylight","Fine no high winds","Dry","Car occupant"
"6148","20161335I1270",2016-05-18,2016,"May",18,"17:35",17,35,"Wednesday","Slight",1,"Slight","Cyclist","Driver or rider","Male",33,"Unclassified","Single carriageway",30,"A","Not a Pedestrian","Not a Pedestrian",423324,434364,"E01011596",2,"T or staggered junction","Daylight","Fine no high winds","Dry","Cyclist"
"6149","20161335I1338",2016-05-18,2016,"May",18,"18:25",18,25,"Wednesday","Slight",1,"Slight","Pedestrian","Pedestrian","Male",38,"Unclassified","One way street",30,"Unclassified","In carriageway, crossing elsewhere","Crossing from nearside - masked by parked or stationary vehicle",426990,433440,"E01011293",1,"T or staggered junction","Daylight","Fine no high winds","Wet or damp","Pedestrian"
"6150","20161335J0966",2016-05-19,2016,"May",19,"15:15",15,15,"Thursday","Slight",1,"Slight","Pedestrian","Pedestrian","Male",12,"Unclassified","Dual carriageway",40,"Unclassified","Crossing on pedestrian crossing facility","Crossing from driver's nearside",431010,433141,"E01033033",1,"T or staggered junction","Daylight","Fine no high winds","Dry","Pedestrian"
"6151","20161335J0987",2016-05-19,2016,"May",19,"15:29",15,29,"Thursday","Slight",1,"Slight","Pedestrian","Pedestrian","Female",41,"Unclassified","Single carriageway",30,NA,"In carriageway, crossing elsewhere","Crossing from driver's nearside",432577,435131,"E01011431",2,"Not at junction or within 20 metres","Daylight","Fine no high winds","Dry","Pedestrian"
"6152","20161335Q0727",2016-05-19,2016,"May",19,"17:20",17,20,"Thursday","Slight",1,"Slight","Cyclist","Driver or rider","Male",39,"Unclassified","Single carriageway",30,NA,"Not a Pedestrian","Not a Pedestrian",430105,433378,"E01033010",2,"Not at junction or within 20 metres","Daylight","Unknown","Dry","Cyclist"
"6153","20161335J1319",2016-05-19,2016,"May",19,"18:20",18,20,"Thursday","Slight",1,"Slight","Cyclist","Driver or rider","Female",35,"A","Single carriageway",30,NA,"Not a Pedestrian","Not a Pedestrian",419750,438776,"E01011457",2,"Not at junction or within 20 metres","Daylight","Fine no high winds","Dry","Cyclist"
"6154","20161335J1407",2016-05-19,2016,"May",19,"18:45",18,45,"Thursday","Slight",2,"Slight","Car occupant","Driver or rider","Female",24,"Motorway","Dual carriageway",70,NA,"Not a Pedestrian","Not a Pedestrian",433625,425845,"E01011500",2,"Not at junction or within 20 metres","Daylight","Raining no high winds","Wet or damp","Car occupant"
"6155","20161335J1407",2016-05-19,2016,"May",19,"18:45",18,45,"Thursday","Slight",2,"Slight","Van / Goods vehicle (3.5 tonnes mgw or under) occupant","Driver or rider","Male",32,"Motorway","Dual carriageway",70,NA,"Not a Pedestrian","Not a Pedestrian",433625,425845,"E01011500",2,"Not at junction or within 20 metres","Daylight","Raining no high winds","Wet or damp","Bus and goods vehicle occupant"
"6156","20161335J0868",2016-05-19,2016,"May",19,"19:35",19,35,"Thursday","Slight",1,"Slight","Taxi/Private hire car occupant","Passenger","Female",54,"Unclassified","Single carriageway",30,"Unclassified","Not a Pedestrian","Not a Pedestrian",429037,436316,"E01011450",1,"T or staggered junction","Daylight","Unknown","Dry","Car occupant"
"6157","20161335K0279",2016-05-20,2016,"May",20,"08:08",8,8,"Friday","Slight",1,"Slight","Car occupant","Driver or rider","Female",28,"Unclassified","Single carriageway",30,"Unclassified","Not a Pedestrian","Not a Pedestrian",425546,439944,"E01011377",2,"T or staggered junction","Daylight","Fine no high winds","Dry","Car occupant"
"6158","20161335K0370",2016-05-20,2016,"May",20,"10:05",10,5,"Friday","Serious",1,"Serious","Pedestrian","Pedestrian","Female",75,"Unclassified","Single carriageway",30,"Unclassified","In carriageway, crossing elsewhere","Crossing from driver's nearside",427501,435910,"E01032945",1,"T or staggered junction","Daylight","Fine no high winds","Dry","Pedestrian"
"6159","20161335K0391",2016-05-20,2016,"May",20,"10:15",10,15,"Friday","Serious",1,"Serious","Car occupant","Passenger","Female",78,"A","Roundabout",40,"A","Not a Pedestrian","Not a Pedestrian",430787,439212,"E01011556",1,"Roundabout","Daylight","Fine no high winds","Dry","Car occupant"
"6160","20161335K1736",2016-05-20,2016,"May",20,"15:00",15,0,"Friday","Serious",2,"Slight","Car occupant","Driver or rider","Male",21,"Unclassified","Dual carriageway",30,"Unclassified","Not a Pedestrian","Not a Pedestrian",429962,433220,"E01033016",2,"Other junction","Daylight","Unknown","Dry","Car occupant"
"6161","20161335K1736",2016-05-20,2016,"May",20,"15:00",15,0,"Friday","Serious",2,"Serious","Car occupant","Passenger","Male",34,"Unclassified","Dual carriageway",30,"Unclassified","Not a Pedestrian","Not a Pedestrian",429962,433220,"E01033016",2,"Other junction","Daylight","Unknown","Dry","Car occupant"
"6162","20161335K1150",2016-05-20,2016,"May",20,"16:58",16,58,"Friday","Slight",1,"Slight","Car occupant","Passenger","Female",79,"A(M)","Slip road",40,"Unclassified","Not a Pedestrian","Not a Pedestrian",430010,434412,"E01033010",6,"Slip road","Daylight","Fine no high winds","Dry","Car occupant"
"6163","20161335K1172",2016-05-20,2016,"May",20,"17:05",17,5,"Friday","Slight",2,"Slight","Car occupant","Driver or rider","Female",37,"Unclassified","Dual carriageway",30,"Unclassified","Not a Pedestrian","Not a Pedestrian",430795,434521,"E01033003",2,"Other junction","Daylight","Fine no high winds","Dry","Car occupant"
"6164","20161335K1172",2016-05-20,2016,"May",20,"17:05",17,5,"Friday","Slight",2,"Slight","Car occupant","Passenger","Female",41,"Unclassified","Dual carriageway",30,"Unclassified","Not a Pedestrian","Not a Pedestrian",430795,434521,"E01033003",2,"Other junction","Daylight","Fine no high winds","Dry","Car occupant"
"6165","20161335L0757",2016-05-20,2016,"May",20,"20:40",20,40,"Friday","Slight",1,"Slight","Cyclist","Driver or rider","Male",29,"A","Roundabout",40,"B","Not a Pedestrian","Not a Pedestrian",424592,433600,"E01011608",2,"Roundabout","Darkness - lights lit","Unknown","Dry","Cyclist"
"6166","20161335L0596",2016-05-21,2016,"May",21,"10:30",10,30,"Saturday","Slight",1,"Slight","Pedestrian","Pedestrian","Male",10,"A","Single carriageway",30,NA,"In carriageway, crossing elsewhere","Crossing from driver's nearside",420241,445554,"E01011569",1,"Not at junction or within 20 metres","Daylight","Unknown","Dry","Pedestrian"
"6167","20161335L0607",2016-05-21,2016,"May",21,"11:35",11,35,"Saturday","Slight",1,"Slight","Car occupant","Driver or rider","Male",28,"A","Single carriageway",30,NA,"Not a Pedestrian","Not a Pedestrian",427000,440452,"E01011381",1,"Not at junction or within 20 metres","Daylight","Fine no high winds","Dry","Car occupant"
"6168","20161335L1029",2016-05-21,2016,"May",21,"15:50",15,50,"Saturday","Serious",1,"Serious","Pedestrian","Pedestrian","Female",14,"B","Single carriageway",30,"Unclassified","In carriageway, crossing elsewhere","Crossing from driver's nearside",422158,433253,"E01011612",1,"Other junction","Daylight","Fine no high winds","Dry","Pedestrian"
"6169","20161335L1752",2016-05-21,2016,"May",21,"23:10",23,10,"Saturday","Slight",1,"Slight","Motorcycle 125cc and under rider or passenger","Driver or rider","Male",21,"Unclassified","Dual carriageway",30,NA,"Not a Pedestrian","Not a Pedestrian",430327,433739,"E01033010",2,"Not at junction or within 20 metres","Darkness - lights lit","Fine no high winds","Dry","Motorcyclist and pillion"
"6170","20161335L1828",2016-05-21,2016,"May",21,"23:58",23,58,"Saturday","Slight",1,"Slight","Car occupant","Driver or rider","Male",43,"Unclassified","Single carriageway",30,NA,"Not a Pedestrian","Not a Pedestrian",429731,435424,"E01011670",2,"Not at junction or within 20 metres","Darkness - lights lit","Fine no high winds","Dry","Car occupant"
"6171","20161335M0417",2016-05-22,2016,"May",22,"07:20",7,20,"Sunday","Slight",2,"Slight","Cyclist","Driver or rider","Male",48,"A","Single carriageway",30,"Unclassified","Not a Pedestrian","Not a Pedestrian",427009,440075,"E01011381",3,"T or staggered junction","Daylight","Fine no high winds","Dry","Cyclist"
"6172","20161335M0417",2016-05-22,2016,"May",22,"07:20",7,20,"Sunday","Slight",2,"Slight","Cyclist","Driver or rider","Male",45,"A","Single carriageway",30,"Unclassified","Not a Pedestrian","Not a Pedestrian",427009,440075,"E01011381",3,"T or staggered junction","Daylight","Fine no high winds","Dry","Cyclist"
"6173","20161335M1105",2016-05-22,2016,"May",22,"16:10",16,10,"Sunday","Slight",3,"Slight","Car occupant","Driver or rider","Male",78,"Unclassified","Single carriageway",30,"Unclassified","Not a Pedestrian","Not a Pedestrian",428517,425441,"E01011553",2,"T or staggered junction","Daylight","Fine no high winds","Dry","Car occupant"
"6174","20161335M1105",2016-05-22,2016,"May",22,"16:10",16,10,"Sunday","Slight",3,"Slight","Car occupant","Passenger","Female",63,"Unclassified","Single carriageway",30,"Unclassified","Not a Pedestrian","Not a Pedestrian",428517,425441,"E01011553",2,"T or staggered junction","Daylight","Fine no high winds","Dry","Car occupant"
"6175","20161335M1105",2016-05-22,2016,"May",22,"16:10",16,10,"Sunday","Slight",3,"Slight","Car occupant","Driver or rider","Female",25,"Unclassified","Single carriageway",30,"Unclassified","Not a Pedestrian","Not a Pedestrian",428517,425441,"E01011553",2,"T or staggered junction","Daylight","Fine no high winds","Dry","Car occupant"
"6176","20161335M1240",2016-05-22,2016,"May",22,"17:17",17,17,"Sunday","Slight",1,"Slight","Pedestrian","Pedestrian","Male",6,"Unclassified","Single carriageway",30,NA,"In carriageway, crossing elsewhere","Crossing from driver's nearside",431583,429064,"E01011476",1,"Not at junction or within 20 metres","Daylight","Fine no high winds","Dry","Pedestrian"
"6177","20161335N0289",2016-05-23,2016,"May",23,"08:50",8,50,"Monday","Slight",1,"Slight","Pedestrian","Pedestrian","Female",21,"Unclassified","Single carriageway",30,"Unclassified","In carriageway, crossing elsewhere","Crossing from driver's nearside",429824,432529,"E01033032",1,"Roundabout","Daylight","Fine no high winds","Dry","Pedestrian"
"6178","20161335N0564",2016-05-23,2016,"May",23,"11:01",11,1,"Monday","Slight",1,"Slight","Car occupant","Driver or rider","Male",75,"Unclassified","Single carriageway",40,NA,"Not a Pedestrian","Not a Pedestrian",429462,440826,"E01011563",2,"Not at junction or within 20 metres","Daylight","Fine no high winds","Dry","Car occupant"
"6179","20161335M0866",2016-05-23,2016,"May",23,"14:30",14,30,"Monday","Serious",1,"Serious","Pedestrian","Pedestrian","Male",10,"B","Single carriageway",40,NA,"In carriageway, crossing elsewhere","Crossing from offside - masked by  parked or stationary vehicle",428930,436445,"E01011450",1,"Not at junction or within 20 metres","Daylight","Fine no high winds","Dry","Pedestrian"
"6180","20161335N1534",2016-05-23,2016,"May",23,"19:15",19,15,"Monday","Slight",1,"Slight","Pedestrian","Pedestrian","Female",37,"Unclassified","Single carriageway",30,NA,"On footway or verge","Unknown or other",430408,433478,"E01033010",1,"Not at junction or within 20 metres","Daylight","Fine no high winds","Dry","Pedestrian"
"6181","20161335O0524",2016-05-24,2016,"May",24,"07:50",7,50,"Tuesday","Serious",1,"Serious","Motorcycle over 500cc rider or passenger","Driver or rider","Male",62,"Unclassified","Single carriageway",30,"Unclassified","Not a Pedestrian","Not a Pedestrian",431594,439585,"E01011568",2,"T or staggered junction","Daylight","Fine no high winds","Dry","Motorcyclist and pillion"
"6182","20161335O0268",2016-05-24,2016,"May",24,"08:34",8,34,"Tuesday","Slight",2,"Slight","Car occupant","Driver or rider","Male",20,"Motorway","Roundabout",40,"A","Not a Pedestrian","Not a Pedestrian",435906,425854,"E01011636",2,"Roundabout","Daylight","Fine no high winds","Dry","Car occupant"
"6183","20161335O0268",2016-05-24,2016,"May",24,"08:34",8,34,"Tuesday","Slight",2,"Slight","Car occupant","Driver or rider","Male",58,"Motorway","Roundabout",40,"A","Not a Pedestrian","Not a Pedestrian",435906,425854,"E01011636",2,"Roundabout","Daylight","Fine no high winds","Dry","Car occupant"
"6184","20161335O0304",2016-05-24,2016,"May",24,"09:02",9,2,"Tuesday","Slight",1,"Slight","Van / Goods vehicle (3.5 tonnes mgw or under) occupant","Passenger","Male",23,"A(M)","Slip road",30,"Unclassified","Not a Pedestrian","Not a Pedestrian",428952,433435,"E01033015",2,"Slip road","Daylight","Fine no high winds","Dry","Bus and goods vehicle occupant"
"6185","20161335O1489",2016-05-24,2016,"May",24,"13:22",13,22,"Tuesday","Slight",1,"Slight","Car occupant","Passenger","Female",25,"Unclassified","Single carriageway",30,"Unclassified","Not a Pedestrian","Not a Pedestrian",431909,434799,"E01011677",2,"Roundabout","Daylight","Unknown","Dry","Car occupant"
"6186","20161335O0832",2016-05-24,2016,"May",24,"14:10",14,10,"Tuesday","Serious",1,"Serious","Car occupant","Driver or rider","Male",23,"Unclassified","Dual carriageway",40,"A","Not a Pedestrian","Not a Pedestrian",431194,432864,"E01033034",2,"T or staggered junction","Daylight","Unknown","Dry","Car occupant"
"6187","20161335O1915",2016-05-24,2016,"May",24,"23:40",23,40,"Tuesday","Slight",1,"Slight","Cyclist","Driver or rider","Male",24,"Unclassified","Roundabout",30,"Unclassified","Not a Pedestrian","Not a Pedestrian",432174,434627,"E01011433",2,"Roundabout","Darkness - lights lit","Unknown","Dry","Cyclist"
"6188","20161335P0329",2016-05-25,2016,"May",25,"09:14",9,14,"Wednesday","Serious",1,"Serious","Pedestrian","Pedestrian","Female",13,"Unclassified","Single carriageway",30,NA,"In carriageway, crossing elsewhere","Crossing from nearside - masked by parked or stationary vehicle",433872,435218,"E01011339",2,"Not at junction or within 20 metres","Daylight","Fine no high winds","Wet or damp","Pedestrian"
"6189","20161335P0499",2016-05-25,2016,"May",25,"11:00",11,0,"Wednesday","Slight",1,"Slight","Pedestrian","Pedestrian","Male",26,"Unclassified","Single carriageway",30,NA,"Unknown or other","Unknown or other",433449,433782,"E01011617",1,"Not at junction or within 20 metres","Daylight","Fine no high winds","Dry","Pedestrian"
"6190","20161335P0556",2016-05-25,2016,"May",25,"11:45",11,45,"Wednesday","Slight",1,"Slight","Car occupant","Driver or rider","Male",48,"Unclassified","Single carriageway",30,NA,"Not a Pedestrian","Not a Pedestrian",440361,448172,"E01011704",2,"Not at junction or within 20 metres","Daylight","Fine no high winds","Wet or damp","Car occupant"
"6191","20161335P0723",2016-05-25,2016,"May",25,"13:20",13,20,"Wednesday","Serious",2,"Serious","Car occupant","Driver or rider","Female",86,"Unclassified","Single carriageway",30,"Unclassified","Not a Pedestrian","Not a Pedestrian",429879,438360,"E01011514",3,"T or staggered junction","Daylight","Raining no high winds","Wet or damp","Car occupant"
"6192","20161335P0723",2016-05-25,2016,"May",25,"13:20",13,20,"Wednesday","Serious",2,"Slight","Car occupant","Driver or rider","Male",70,"Unclassified","Single carriageway",30,"Unclassified","Not a Pedestrian","Not a Pedestrian",429879,438360,"E01011514",3,"T or staggered junction","Daylight","Raining no high winds","Wet or damp","Car occupant"
"6193","20161335P1169",2016-05-25,2016,"May",25,"17:46",17,46,"Wednesday","Slight",1,"Slight","Car occupant","Passenger","Male",7,"Unclassified","Single carriageway",40,NA,"Not a Pedestrian","Not a Pedestrian",424441,437766,"E01011463",3,"Not at junction or within 20 metres","Daylight","Raining no high winds","Wet or damp","Car occupant"