"","accident_index","date","year","month","day","time","time_hour","time_minute","day_of_week","accident_severity","number_of_casualties","casualty_severity","casualty_type","casualty_class","sex_of_casualty","age_of_casualty","first_road_class","road_type","speed_limit","second_road_class","pedestrian_location","pedestrian_movement","location_easting_osgr","location_northing_osgr","lsoa_of_accident_location","number_of_vehicles","junction_detail","light_conditions","weather_conditions","road_surface_conditions","cas_type"
"6194","20161335Q0620",2016-05-26,2016,"May",26,"08:45",8,45,"Thursday","Slight",1,"Slight","Pedestrian","Pedestrian","Female",34,"Unclassified","Single carriageway",30,NA,"On footway or verge","Unknown or other",428340,435306,"E01011442",1,"Not at junction or within 20 metres","Daylight","Fine no high winds","Dry","Pedestrian"
"6195","20161335Q0613",2016-05-26,2016,"May",26,"12:57",12,57,"Thursday","Slight",1,"Slight","Car occupant","Passenger","Female",33,"Unclassified","Single carriageway",30,"Unclassified","Not a Pedestrian","Not a Pedestrian",431138,430030,"E01011473",2,"Other junction","Daylight","Fine no high winds","Dry","Car occupant"
"6196","20161335Q0743",2016-05-26,2016,"May",26,"14:05",14,5,"Thursday","Slight",2,"Slight","Car occupant","Driver or rider","Male",52,"A","Dual carriageway",40,"Unclassified","Not a Pedestrian","Not a Pedestrian",430261,432066,"E01011364",2,"T or staggered junction","Daylight","Fine no high winds","Wet or damp","Car occupant"
"6197","20161335Q0743",2016-05-26,2016,"May",26,"14:05",14,5,"Thursday","Slight",2,"Slight","Car occupant","Passenger","Female",47,"A","Dual carriageway",40,"Unclassified","Not a Pedestrian","Not a Pedestrian",430261,432066,"E01011364",2,"T or staggered junction","Daylight","Fine no high winds","Wet or damp","Car occupant"
"6198","20161335Q0989",2016-05-26,2016,"May",26,"16:14",16,14,"Thursday","Slight",2,"Slight","Car occupant","Driver or rider","Male",44,"A","Dual carriageway",30,"Unclassified","Not a Pedestrian","Not a Pedestrian",430769,434620,"E01033003",2,"T or staggered junction","Daylight","Unknown","Dry","Car occupant"
"6199","20161335Q0989",2016-05-26,2016,"May",26,"16:14",16,14,"Thursday","Slight",2,"Slight","Goods vehicle (over 3.5t. and under 7.5t.) occupant","Driver or rider","Male",50,"A","Dual carriageway",30,"Unclassified","Not a Pedestrian","Not a Pedestrian",430769,434620,"E01033003",2,"T or staggered junction","Daylight","Unknown","Dry","Bus and goods vehicle occupant"
"6200","20161335Q1663",2016-05-26,2016,"May",26,"23:15",23,15,"Thursday","Slight",1,"Slight","Pedestrian","Pedestrian","Male",55,"Unclassified","Dual carriageway",30,"Unclassified","Crossing elsewhere within 50m. of pedestrian crossing","Crossing from driver's nearside",430793,433459,"E01033011",1,"Crossroads","Darkness - lights lit","Fine no high winds","Wet or damp","Pedestrian"
"6201","20161335R0272",2016-05-27,2016,"May",27,"07:37",7,37,"Friday","Serious",1,"Serious","Cyclist","Driver or rider","Male",28,"Unclassified","Single carriageway",30,"Unclassified","Not a Pedestrian","Not a Pedestrian",423036,435907,"E01011327",2,"T or staggered junction","Daylight","Fine no high winds","Dry","Cyclist"
"6202","20161335R1052",2016-05-27,2016,"May",27,"15:30",15,30,"Friday","Serious",1,"Serious","Cyclist","Driver or rider","Male",42,"Unclassified","Single carriageway",30,"Unclassified","Not a Pedestrian","Not a Pedestrian",432711,438570,"E01011653",2,"T or staggered junction","Daylight","Fine no high winds","Dry","Cyclist"
"6203","20161335R0654",2016-05-27,2016,"May",27,"18:30",18,30,"Friday","Slight",1,"Slight","Cyclist","Driver or rider","Male",38,"Unclassified","One way street",30,"Unclassified","Not a Pedestrian","Not a Pedestrian",430784,433454,"E01033011",2,"Other junction","Daylight","Fine no high winds","Dry","Cyclist"
"6204","20161335R1584",2016-05-27,2016,"May",27,"19:50",19,50,"Friday","Slight",2,"Slight","Car occupant","Driver or rider","Female",29,"Unclassified","Single carriageway",30,NA,"Not a Pedestrian","Not a Pedestrian",430119,433382,"E01033010",1,"Not at junction or within 20 metres","Daylight","Fine no high winds","Dry","Car occupant"
"6205","20161335R1584",2016-05-27,2016,"May",27,"19:50",19,50,"Friday","Slight",2,"Slight","Pedestrian","Pedestrian","Male",16,"Unclassified","Single carriageway",30,NA,"In carriageway, crossing elsewhere","Crossing from driver's offside",430119,433382,"E01033010",1,"Not at junction or within 20 metres","Daylight","Fine no high winds","Dry","Pedestrian"
"6206","20161335S0810",2016-05-28,2016,"May",28,"12:15",12,15,"Saturday","Slight",3,"Slight","Car occupant","Driver or rider","Female",32,"Motorway","Dual carriageway",70,NA,"Not a Pedestrian","Not a Pedestrian",425748,426345,"E01011546",4,"Not at junction or within 20 metres","Daylight","Fine no high winds","Dry","Car occupant"
"6207","20161335S0810",2016-05-28,2016,"May",28,"12:15",12,15,"Saturday","Slight",3,"Slight","Car occupant","Driver or rider","Male",33,"Motorway","Dual carriageway",70,NA,"Not a Pedestrian","Not a Pedestrian",425748,426345,"E01011546",4,"Not at junction or within 20 metres","Daylight","Fine no high winds","Dry","Car occupant"
"6208","20161335S0810",2016-05-28,2016,"May",28,"12:15",12,15,"Saturday","Slight",3,"Slight","Car occupant","Driver or rider","Male",65,"Motorway","Dual carriageway",70,NA,"Not a Pedestrian","Not a Pedestrian",425748,426345,"E01011546",4,"Not at junction or within 20 metres","Daylight","Fine no high winds","Dry","Car occupant"
"6209","20161335S0826",2016-05-28,2016,"May",28,"12:21",12,21,"Saturday","Slight",1,"Slight","Pedestrian","Pedestrian","Male",8,"Unclassified","Single carriageway",30,NA,"In carriageway, crossing elsewhere","Crossing from offside - masked by  parked or stationary vehicle",428884,431827,"E01011366",1,"Not at junction or within 20 metres","Daylight","Fine no high winds","Dry","Pedestrian"
"6210","20161335S1340",2016-05-28,2016,"May",28,"17:30",17,30,"Saturday","Serious",1,"Serious","Motorcycle over 500cc rider or passenger","Driver or rider","Male",28,"A","Single carriageway",30,"Unclassified","Not a Pedestrian","Not a Pedestrian",428957,435474,"E01011443",2,"Crossroads","Daylight","Fine no high winds","Dry","Motorcyclist and pillion"
"6211","20161335S1402",2016-05-28,2016,"May",28,"18:00",18,0,"Saturday","Slight",1,"Slight","Pedestrian","Pedestrian","Female",7,"Unclassified","Single carriageway",30,NA,"Unknown or other","Unknown or other",425552,435562,"E01011332",1,"Not at junction or within 20 metres","Daylight","Fine no high winds","Dry","Pedestrian"
"6212","20161335S1542",2016-05-28,2016,"May",28,"19:20",19,20,"Saturday","Serious",1,"Serious","Car occupant","Driver or rider","Female",80,"Unclassified","Single carriageway",30,NA,"Not a Pedestrian","Not a Pedestrian",420078,440981,"E01011275",1,"Not at junction or within 20 metres","Daylight","Fine no high winds","Dry","Car occupant"
"6213","20161335S1559",2016-05-28,2016,"May",28,"19:30",19,30,"Saturday","Slight",1,"Slight","Pedestrian","Pedestrian","Male",3,"Unclassified","Single carriageway",20,NA,"In carriageway, crossing elsewhere","Crossing from driver's offside",419709,433965,"E01011597",1,"Not at junction or within 20 metres","Daylight","Fine no high winds","Dry","Pedestrian"
"6214","20161335T1057",2016-05-29,2016,"May",29,"15:40",15,40,"Sunday","Serious",4,"Serious","Car occupant","Driver or rider","Female",81,"A","Single carriageway",60,"Unclassified","Not a Pedestrian","Not a Pedestrian",422295,436830,"E01011589",2,"T or staggered junction","Daylight","Fine no high winds","Dry","Car occupant"
"6215","20161335T1057",2016-05-29,2016,"May",29,"15:40",15,40,"Sunday","Serious",4,"Slight","Car occupant","Passenger","Male",83,"A","Single carriageway",60,"Unclassified","Not a Pedestrian","Not a Pedestrian",422295,436830,"E01011589",2,"T or staggered junction","Daylight","Fine no high winds","Dry","Car occupant"
"6216","20161335T1057",2016-05-29,2016,"May",29,"15:40",15,40,"Sunday","Serious",4,"Slight","Car occupant","Driver or rider","Male",57,"A","Single carriageway",60,"Unclassified","Not a Pedestrian","Not a Pedestrian",422295,436830,"E01011589",2,"T or staggered junction","Daylight","Fine no high winds","Dry","Car occupant"
"6217","20161335T1057",2016-05-29,2016,"May",29,"15:40",15,40,"Sunday","Serious",4,"Slight","Car occupant","Passenger","Female",44,"A","Single carriageway",60,"Unclassified","Not a Pedestrian","Not a Pedestrian",422295,436830,"E01011589",2,"T or staggered junction","Daylight","Fine no high winds","Dry","Car occupant"
"6218","20161335T1579",2016-05-29,2016,"May",29,"20:00",20,0,"Sunday","Slight",1,"Slight","Motorcycle 50cc and under rider or passenger","Driver or rider","Male",25,"Unclassified","Single carriageway",30,"Unclassified","Not a Pedestrian","Not a Pedestrian",435074,435129,"E01011663",2,"Crossroads","Daylight","Fine no high winds","Dry","Motorcyclist and pillion"
"6219","20161335T1785",2016-05-29,2016,"May",29,"22:00",22,0,"Sunday","Slight",2,"Slight","Car occupant","Driver or rider","Male",31,"A","Single carriageway",30,"Unclassified","Not a Pedestrian","Not a Pedestrian",421631,440846,"E01011578",2,"Crossroads","Darkness - lights lit","Fine no high winds","Dry","Car occupant"
"6220","20161335T1785",2016-05-29,2016,"May",29,"22:00",22,0,"Sunday","Slight",2,"Slight","Car occupant","Driver or rider","Male",27,"A","Single carriageway",30,"Unclassified","Not a Pedestrian","Not a Pedestrian",421631,440846,"E01011578",2,"Crossroads","Darkness - lights lit","Fine no high winds","Dry","Car occupant"
"6221","20161335U0695",2016-05-30,2016,"May",30,"13:35",13,35,"Monday","Slight",3,"Slight","Car occupant","Driver or rider","Male",29,"Unclassified","Dual carriageway",30,"A","Not a Pedestrian","Not a Pedestrian",424058,431834,"E01011728",2,"T or staggered junction","Daylight","Fine no high winds","Dry","Car occupant"
"6222","20161335U0695",2016-05-30,2016,"May",30,"13:35",13,35,"Monday","Slight",3,"Slight","Car occupant","Passenger","Female",30,"Unclassified","Dual carriageway",30,"A","Not a Pedestrian","Not a Pedestrian",424058,431834,"E01011728",2,"T or staggered junction","Daylight","Fine no high winds","Dry","Car occupant"
"6223","20161335U0695",2016-05-30,2016,"May",30,"13:35",13,35,"Monday","Slight",3,"Slight","Car occupant","Passenger","Female",6,"Unclassified","Dual carriageway",30,"A","Not a Pedestrian","Not a Pedestrian",424058,431834,"E01011728",2,"T or staggered junction","Daylight","Fine no high winds","Dry","Car occupant"
"6224","20161335U1042",2016-05-30,2016,"May",30,"16:44",16,44,"Monday","Fatal",1,"Fatal","Pedestrian","Pedestrian","Female",14,"Unclassified","Single carriageway",60,NA,"In carriageway, crossing elsewhere","Crossing from driver's nearside",437585,432270,"E01011411",1,"Not at junction or within 20 metres","Daylight","Fine no high winds","Dry","Pedestrian"
"6225","20161335U1559",2016-05-30,2016,"May",30,"21:12",21,12,"Monday","Slight",1,"Slight","Pedestrian","Pedestrian","Female",26,"Unclassified","Single carriageway",30,"A","In carriageway, crossing elsewhere","Crossing from driver's nearside",430431,437826,"E01011516",1,"T or staggered junction","Darkness - lights lit","Fine no high winds","Dry","Pedestrian"
"6226","20161335V0797",2016-05-31,2016,"May",31,"14:15",14,15,"Tuesday","Slight",1,"Slight","Pedestrian","Pedestrian","Male",2,"A","Dual carriageway",40,NA,"Crossing elsewhere within 50m. of pedestrian crossing","Crossing from driver's nearside",428980,429894,"E01011320",1,"Not at junction or within 20 metres","Daylight","Fine no high winds","Dry","Pedestrian"
"6227","20161335V1034",2016-05-31,2016,"May",31,"16:45",16,45,"Tuesday","Slight",1,"Slight","Car occupant","Passenger","Female",23,"Unclassified","Single carriageway",20,NA,"Not a Pedestrian","Not a Pedestrian",428256,434706,"E01011447",3,"Not at junction or within 20 metres","Daylight","Unknown","Dry","Car occupant"
"6228","20161335V1090",2016-05-31,2016,"May",31,"17:10",17,10,"Tuesday","Slight",1,"Slight","Pedestrian","Pedestrian","Female",25,"Unclassified","Single carriageway",30,NA,"In carriageway, crossing elsewhere","Crossing from driver's nearside",430254,433817,"E01033010",2,"Not at junction or within 20 metres","Daylight","Fine no high winds","Dry","Pedestrian"
"6229","20161335V1096",2016-05-31,2016,"May",31,"17:15",17,15,"Tuesday","Serious",1,"Serious","Motorcycle 125cc and under rider or passenger","Driver or rider","Male",22,"Unclassified","Single carriageway",30,NA,"Not a Pedestrian","Not a Pedestrian",430888,434824,"E01011671",4,"Not at junction or within 20 metres","Daylight","Fine no high winds","Dry","Motorcyclist and pillion"
"6230","20161336U0958",2016-06-01,2016,"Jun",1,"15:30",15,30,"Wednesday","Slight",1,"Slight","Cyclist","Driver or rider","Male",19,"A","Single carriageway",30,"A","Not a Pedestrian","Not a Pedestrian",426280,435586,"E01011488",2,"T or staggered junction","Daylight","Raining no high winds","Wet or damp","Cyclist"
"6231","2016133611239",2016-06-01,2016,"Jun",1,"18:22",18,22,"Wednesday","Slight",1,"Slight","Cyclist","Driver or rider","Male",38,"Unclassified","Single carriageway",30,NA,"Not a Pedestrian","Not a Pedestrian",443266,444199,"E01011712",2,"Not at junction or within 20 metres","Daylight","Fine no high winds","Dry","Cyclist"
"6232","2016133620591",2016-06-02,2016,"Jun",2,"12:14",12,14,"Thursday","Serious",1,"Serious","Cyclist","Driver or rider","Female",53,"Unclassified","Single carriageway",30,"Unclassified","Not a Pedestrian","Not a Pedestrian",431402,435029,"E01011673",2,"T or staggered junction","Daylight","Fine no high winds","Dry","Cyclist"
"6233","2016133621398",2016-06-02,2016,"Jun",2,"17:30",17,30,"Thursday","Slight",1,"Slight","Cyclist","Driver or rider","Male",21,"B","Single carriageway",30,"Unclassified","Not a Pedestrian","Not a Pedestrian",418962,441738,"E01011265",2,"Crossroads","Daylight","Fine no high winds","Dry","Cyclist"
"6234","2016133640633",2016-06-02,2016,"Jun",2,"18:16",18,16,"Thursday","Slight",2,"Slight","Car occupant","Driver or rider","Female",27,"A","Dual carriageway",40,NA,"Not a Pedestrian","Not a Pedestrian",428381,434053,"E01011681",2,"Not at junction or within 20 metres","Daylight","Fine no high winds","Dry","Car occupant"
"6235","2016133640633",2016-06-02,2016,"Jun",2,"18:16",18,16,"Thursday","Slight",2,"Slight","Car occupant","Passenger","Male",5,"A","Dual carriageway",40,NA,"Not a Pedestrian","Not a Pedestrian",428381,434053,"E01011681",2,"Not at junction or within 20 metres","Daylight","Fine no high winds","Dry","Car occupant"
"6236","2016133621562",2016-06-02,2016,"Jun",2,"20:30",20,30,"Thursday","Slight",1,"Slight","Cyclist","Driver or rider","Male",56,"A","Single carriageway",30,"Unclassified","Not a Pedestrian","Not a Pedestrian",426330,435490,"E01011477",2,"Private drive or entrance","Daylight","Fine no high winds","Dry","Cyclist"
"6237","2016133621592",2016-06-02,2016,"Jun",2,"20:45",20,45,"Thursday","Slight",1,"Slight","Car occupant","Driver or rider","Male",49,"B","Dual carriageway",40,"A","Not a Pedestrian","Not a Pedestrian",425281,432980,"E01011730",2,"Crossroads","Daylight","Fine no high winds","Dry","Car occupant"
"6238","2016133621792",2016-06-02,2016,"Jun",2,"21:30",21,30,"Thursday","Slight",1,"Slight","Pedestrian","Pedestrian","Female",32,"Unclassified","Single carriageway",30,NA,"In carriageway, not crossing","Unknown or other",430529,433266,"E01033011",1,"Not at junction or within 20 metres","Daylight","Fine no high winds","Dry","Pedestrian"
"6239","2016133631784",2016-06-03,2016,"Jun",3,"05:20",5,20,"Friday","Serious",1,"Serious","Cyclist","Driver or rider","Female",21,"Unclassified","Single carriageway",30,NA,"Not a Pedestrian","Not a Pedestrian",430062,433712,"E01033010",2,"Not at junction or within 20 metres","Daylight","Fine no high winds","Dry","Cyclist"
"6240","2016133631326",2016-06-03,2016,"Jun",3,"12:20",12,20,"Friday","Slight",1,"Slight","Bus or coach occupant (17 or more pass seats)","Passenger","Male",4,"Unclassified","Single carriageway",30,"Unclassified","Not a Pedestrian","Not a Pedestrian",430072,433369,"E01033010",1,"T or staggered junction","Daylight","Unknown","Dry","Bus and goods vehicle occupant"
"6241","2016133631313",2016-06-03,2016,"Jun",3,"18:47",18,47,"Friday","Slight",1,"Slight","Pedestrian","Pedestrian","Male",75,"A","Single carriageway",30,"Unclassified","Crossing on pedestrian crossing facility","Crossing from driver's offside",431470,435116,"E01011673",1,"Other junction","Daylight","Fine no high winds","Dry","Pedestrian"
"6242","2016133631374",2016-06-03,2016,"Jun",3,"19:30",19,30,"Friday","Slight",1,"Slight","Motorcycle 125cc and under rider or passenger","Driver or rider","Male",21,"Unclassified","Single carriageway",30,"Unclassified","Not a Pedestrian","Not a Pedestrian",429386,435421,"E01011670",2,"T or staggered junction","Daylight","Fine no high winds","Dry","Motorcyclist and pillion"
"6243","2016133631506",2016-06-03,2016,"Jun",3,"20:40",20,40,"Friday","Slight",1,"Slight","Cyclist","Driver or rider","Male",24,"Unclassified","Single carriageway",30,NA,"Not a Pedestrian","Not a Pedestrian",428311,435077,"E01011445",2,"Not at junction or within 20 metres","Daylight","Fine no high winds","Dry","Cyclist"
"6244","2016133640635",2016-06-04,2016,"Jun",4,"11:42",11,42,"Saturday","Slight",1,"Slight","Car occupant","Driver or rider","Female",32,"A(M)","Slip road",30,"Unclassified","Not a Pedestrian","Not a Pedestrian",429412,433945,"E01011678",2,"Slip road","Daylight","Fine no high winds","Dry","Car occupant"
"6245","2016133640741",2016-06-04,2016,"Jun",4,"12:45",12,45,"Saturday","Slight",2,"Slight","Car occupant","Driver or rider","Male",29,"A","Single carriageway",30,"Unclassified","Not a Pedestrian","Not a Pedestrian",427793,434427,"E01011483",2,"T or staggered junction","Daylight","Fine no high winds","Dry","Car occupant"
"6246","2016133640741",2016-06-04,2016,"Jun",4,"12:45",12,45,"Saturday","Slight",2,"Slight","Car occupant","Passenger","Female",36,"A","Single carriageway",30,"Unclassified","Not a Pedestrian","Not a Pedestrian",427793,434427,"E01011483",2,"T or staggered junction","Daylight","Fine no high winds","Dry","Car occupant"
"6247","2016133640976",2016-06-04,2016,"Jun",4,"15:13",15,13,"Saturday","Slight",1,"Slight","Cyclist","Driver or rider","Male",65,"Unclassified","Single carriageway",30,"Unclassified","Not a Pedestrian","Not a Pedestrian",428821,430360,"E01011315",2,"Other junction","Daylight","Fine no high winds","Dry","Cyclist"
"6248","2016133641152",2016-06-04,2016,"Jun",4,"16:50",16,50,"Saturday","Slight",2,"Slight","Car occupant","Passenger","Male",18,"Unclassified","Single carriageway",30,NA,"Not a Pedestrian","Not a Pedestrian",425911,440158,"E01011378",2,"Not at junction or within 20 metres","Daylight","Fine no high winds","Dry","Car occupant"
"6249","2016133641152",2016-06-04,2016,"Jun",4,"16:50",16,50,"Saturday","Slight",2,"Slight","Car occupant","Passenger","Female",1,"Unclassified","Single carriageway",30,NA,"Not a Pedestrian","Not a Pedestrian",425911,440158,"E01011378",2,"Not at junction or within 20 metres","Daylight","Fine no high winds","Dry","Car occupant"
"6250","2016133641376",2016-06-04,2016,"Jun",4,"19:10",19,10,"Saturday","Slight",2,"Slight","Car occupant","Driver or rider","Male",30,"Unclassified","Single carriageway",30,"Unclassified","Not a Pedestrian","Not a Pedestrian",431660,435164,"E01011673",3,"T or staggered junction","Daylight","Fine no high winds","Dry","Car occupant"
"6251","2016133641376",2016-06-04,2016,"Jun",4,"19:10",19,10,"Saturday","Slight",2,"Slight","Car occupant","Passenger","Female",6,"Unclassified","Single carriageway",30,"Unclassified","Not a Pedestrian","Not a Pedestrian",431660,435164,"E01011673",3,"T or staggered junction","Daylight","Fine no high winds","Dry","Car occupant"
"6252","2016133650851",2016-06-05,2016,"Jun",5,"13:45",13,45,"Sunday","Slight",1,"Slight","Pedestrian","Pedestrian","Male",28,"Unclassified","One way street",20,NA,"Unknown or other","Unknown or other",429784,428068,"E01032498",1,"Not at junction or within 20 metres","Daylight","Fine no high winds","Wet or damp","Pedestrian"
"6253","2016133650911",2016-06-05,2016,"Jun",5,"14:33",14,33,"Sunday","Slight",1,"Slight","Cyclist","Driver or rider","Male",11,"Unclassified","Single carriageway",30,"Unclassified","Not a Pedestrian","Not a Pedestrian",431979,435509,"E01011428",2,"Crossroads","Daylight","Fine no high winds","Dry","Cyclist"
"6254","2016133650949",2016-06-05,2016,"Jun",5,"14:50",14,50,"Sunday","Serious",1,"Serious","Pedestrian","Pedestrian","Male",37,"B","Single carriageway",30,NA,"In carriageway, not crossing","In carriageway, stationary - not crossing  (standing or playing)",421576,440732,"E01011578",2,"Not at junction or within 20 metres","Daylight","Fine no high winds","Dry","Pedestrian"
"6255","2016133650961",2016-06-05,2016,"Jun",5,"14:58",14,58,"Sunday","Slight",1,"Slight","Car occupant","Driver or rider","Female",30,"Unclassified","Single carriageway",20,"Unclassified","Not a Pedestrian","Not a Pedestrian",431158,435635,"E01011361",2,"Crossroads","Daylight","Fine no high winds","Dry","Car occupant"
"6256","2016133651501",2016-06-05,2016,"Jun",5,"20:00",20,0,"Sunday","Slight",1,"Slight","Cyclist","Driver or rider","Male",52,"A","Roundabout",30,"A","Not a Pedestrian","Not a Pedestrian",426835,438058,"E01011685",2,"Roundabout","Daylight","Fine no high winds","Dry","Cyclist"
"6257","2016133651596",2016-06-05,2016,"Jun",5,"20:47",20,47,"Sunday","Slight",1,"Slight","Motorcycle 125cc and under rider or passenger","Driver or rider","Male",20,"Unclassified","Single carriageway",30,NA,"Not a Pedestrian","Not a Pedestrian",422221,435720,"E01011593",2,"Not at junction or within 20 metres","Daylight","Fine no high winds","Dry","Motorcyclist and pillion"
"6258","2016133660328",2016-06-06,2016,"Jun",6,"08:15",8,15,"Monday","Slight",1,"Slight","Car occupant","Driver or rider","Male",81,"Unclassified","Single carriageway",30,"Unclassified","Not a Pedestrian","Not a Pedestrian",435575,433149,"E01011417",3,"T or staggered junction","Daylight","Fine no high winds","Dry","Car occupant"
"6259","2016133660781",2016-06-06,2016,"Jun",6,"13:17",13,17,"Monday","Slight",1,"Slight","Car occupant","Driver or rider","Female",85,"Unclassified","Single carriageway",30,NA,"Not a Pedestrian","Not a Pedestrian",419293,433134,"E01011586",2,"Not at junction or within 20 metres","Daylight","Fine no high winds","Dry","Car occupant"
"6260","2016133660812",2016-06-06,2016,"Jun",6,"13:30",13,30,"Monday","Slight",2,"Slight","Car occupant","Driver or rider","Male",35,"A","Dual carriageway",40,"Unclassified","Not a Pedestrian","Not a Pedestrian",428901,425990,"E01011538",2,"T or staggered junction","Daylight","Fine no high winds","Dry","Car occupant"
"6261","2016133660812",2016-06-06,2016,"Jun",6,"13:30",13,30,"Monday","Slight",2,"Slight","Car occupant","Passenger","Male",22,"A","Dual carriageway",40,"Unclassified","Not a Pedestrian","Not a Pedestrian",428901,425990,"E01011538",2,"T or staggered junction","Daylight","Fine no high winds","Dry","Car occupant"
"6262","2016133660894",2016-06-06,2016,"Jun",6,"14:14",14,14,"Monday","Slight",1,"Slight","Car occupant","Driver or rider","Male",30,"Unclassified","Single carriageway",30,"Unclassified","Not a Pedestrian","Not a Pedestrian",428603,434580,"E01011681",3,"T or staggered junction","Daylight","Unknown","Dry","Car occupant"
"6263","2016133660729",2016-06-06,2016,"Jun",6,"16:45",16,45,"Monday","Serious",1,"Serious","Pedestrian","Pedestrian","Female",8,"Unclassified","Single carriageway",30,NA,"In carriageway, crossing elsewhere","Crossing from nearside - masked by parked or stationary vehicle",432291,435134,"E01011432",1,"Not at junction or within 20 metres","Daylight","Fine no high winds","Dry","Pedestrian"
"6264","2016133661208",2016-06-06,2016,"Jun",6,"16:45",16,45,"Monday","Slight",1,"Slight","Car occupant","Driver or rider","Male",62,"Unclassified","Single carriageway",30,"Unclassified","Not a Pedestrian","Not a Pedestrian",432885,435597,"E01011424",2,"T or staggered junction","Daylight","Fine no high winds","Dry","Car occupant"
"6265","2016133661209",2016-06-06,2016,"Jun",6,"16:48",16,48,"Monday","Slight",1,"Slight","Car occupant","Driver or rider","Male",36,"Motorway","Dual carriageway",70,NA,"Not a Pedestrian","Not a Pedestrian",424723,427762,"E01011523",3,"Not at junction or within 20 metres","Daylight","Fine no high winds","Dry","Car occupant"
"6266","2016133661238",2016-06-06,2016,"Jun",6,"17:00",17,0,"Monday","Serious",1,"Serious","Cyclist","Driver or rider","Female",52,"Unclassified","Single carriageway",30,"Unclassified","Not a Pedestrian","Not a Pedestrian",429234,435452,"E01033005",2,"T or staggered junction","Daylight","Fine no high winds","Dry","Cyclist"
"6267","2016133661364",2016-06-06,2016,"Jun",6,"17:58",17,58,"Monday","Serious",1,"Serious","Motorcycle 50cc and under rider or passenger","Driver or rider","Male",13,"Unclassified","Single carriageway",30,"Unclassified","Not a Pedestrian","Not a Pedestrian",432220,434741,"E01011433",2,"Crossroads","Daylight","Fine no high winds","Dry","Motorcyclist and pillion"
"6268","2016133661487",2016-06-06,2016,"Jun",6,"19:00",19,0,"Monday","Slight",1,"Slight","Motorcycle over 125cc and up to 500cc rider or  passenger","Driver or rider","Male",55,"A","Dual carriageway",40,NA,"Not a Pedestrian","Not a Pedestrian",430281,434351,"E01033002",1,"Not at junction or within 20 metres","Daylight","Fine no high winds","Dry","Motorcyclist and pillion"
"6269","2016133670864",2016-06-07,2016,"Jun",7,"14:33",14,33,"Tuesday","Slight",3,"Slight","Car occupant","Driver or rider","Male",25,"Unclassified","Single carriageway",30,"Unclassified","Not a Pedestrian","Not a Pedestrian",432392,435560,"E01011430",2,"T or staggered junction","Daylight","Fine no high winds","Dry","Car occupant"
"6270","2016133670864",2016-06-07,2016,"Jun",7,"14:33",14,33,"Tuesday","Slight",3,"Slight","Car occupant","Driver or rider","Female",40,"Unclassified","Single carriageway",30,"Unclassified","Not a Pedestrian","Not a Pedestrian",432392,435560,"E01011430",2,"T or staggered junction","Daylight","Fine no high winds","Dry","Car occupant"
"6271","2016133670864",2016-06-07,2016,"Jun",7,"14:33",14,33,"Tuesday","Slight",3,"Slight","Car occupant","Passenger","Female",46,"Unclassified","Single carriageway",30,"Unclassified","Not a Pedestrian","Not a Pedestrian",432392,435560,"E01011430",2,"T or staggered junction","Daylight","Fine no high winds","Dry","Car occupant"
"6272","2016133671218",2016-06-07,2016,"Jun",7,"17:17",17,17,"Tuesday","Slight",2,"Slight","Car occupant","Driver or rider","Male",45,"A","Dual carriageway",40,"A","Not a Pedestrian","Not a Pedestrian",427953,426266,"E01011550",6,"Roundabout","Daylight","Fine no high winds","Dry","Car occupant"
"6273","2016133671218",2016-06-07,2016,"Jun",7,"17:17",17,17,"Tuesday","Slight",2,"Slight","Car occupant","Passenger","Female",7,"A","Dual carriageway",40,"A","Not a Pedestrian","Not a Pedestrian",427953,426266,"E01011550",6,"Roundabout","Daylight","Fine no high winds","Dry","Car occupant"
"6274","2016133671249",2016-06-07,2016,"Jun",7,"17:20",17,20,"Tuesday","Slight",1,"Slight","Cyclist","Driver or rider","Male",35,"Unclassified","Dual carriageway",30,"Unclassified","Not a Pedestrian","Not a Pedestrian",431178,433648,"E01033021",2,"Private drive or entrance","Daylight","Fine no high winds","Dry","Cyclist"
"6275","2016133671272",2016-06-07,2016,"Jun",7,"17:32",17,32,"Tuesday","Serious",1,"Serious","Cyclist","Driver or rider","Male",41,"A","Single carriageway",40,NA,"Not a Pedestrian","Not a Pedestrian",425491,443145,"E01011576",2,"Not at junction or within 20 metres","Daylight","Fine no high winds","Dry","Cyclist"
"6276","2016133671741",2016-06-07,2016,"Jun",7,"19:35",19,35,"Tuesday","Serious",1,"Serious","Cyclist","Driver or rider","Male",16,"Unclassified","Single carriageway",30,NA,"Not a Pedestrian","Not a Pedestrian",428506,425477,"E01011553",2,"Not at junction or within 20 metres","Daylight","Fine no high winds","Dry","Cyclist"
"6277","2016133671571",2016-06-07,2016,"Jun",7,"19:58",19,58,"Tuesday","Slight",1,"Slight","Motorcycle 125cc and under rider or passenger","Driver or rider","Male",23,"Unclassified","Roundabout",30,"Unclassified","Not a Pedestrian","Not a Pedestrian",430540,431110,"E01011468",2,"Roundabout","Daylight","Fine no high winds","Dry","Motorcyclist and pillion"
"6278","2016133671656",2016-06-07,2016,"Jun",7,"20:40",20,40,"Tuesday","Slight",1,"Slight","Taxi/Private hire car occupant","Passenger","Female",58,"Unclassified","Dual carriageway",40,"Unclassified","Not a Pedestrian","Not a Pedestrian",434202,436976,"E01011658",2,"Crossroads","Daylight","Fine no high winds","Dry","Car occupant"