"","accident_index","date","year","month","day","time","time_hour","time_minute","day_of_week","accident_severity","number_of_casualties","casualty_severity","casualty_type","casualty_class","sex_of_casualty","age_of_casualty","first_road_class","road_type","speed_limit","second_road_class","pedestrian_location","pedestrian_movement","location_easting_osgr","location_northing_osgr","lsoa_of_accident_location","number_of_vehicles","junction_detail","light_conditions","weather_conditions","road_surface_conditions","cas_type"
"6279","2016133680494",2016-06-08,2016,"Jun",8,"10:30",10,30,"Wednesday","Slight",1,"Slight","Motorcycle 125cc and under rider or passenger","Driver or rider","Male",55,"Unclassified","Single carriageway",30,NA,"Not a Pedestrian","Not a Pedestrian",423873,437413,"E01011465",1,"Not at junction or within 20 metres","Daylight","Fine no high winds","Dry","Motorcyclist and pillion"
"6280","2016133680488",2016-06-08,2016,"Jun",8,"10:45",10,45,"Wednesday","Slight",1,"Slight","Car occupant","Driver or rider","Male",43,"A","Roundabout",40,"Unclassified","Not a Pedestrian","Not a Pedestrian",440866,445750,"E01011704",2,"Roundabout","Daylight","Fine no high winds","Dry","Car occupant"
"6281","2016133681811",2016-06-08,2016,"Jun",8,"12:00",12,0,"Wednesday","Slight",1,"Slight","Pedestrian","Pedestrian","Female",62,"Unclassified","Single carriageway",30,NA,"In carriageway, crossing elsewhere","Crossing from driver's nearside",429930,432723,"E01033016",1,"Not at junction or within 20 metres","Daylight","Fine no high winds","Dry","Pedestrian"
"6282","2016133680800",2016-06-08,2016,"Jun",8,"13:35",13,35,"Wednesday","Serious",1,"Serious","Motorcycle over 500cc rider or passenger","Driver or rider","Male",38,"Unclassified","Single carriageway",30,"Unclassified","Not a Pedestrian","Not a Pedestrian",426780,432051,"E01011736",1,"T or staggered junction","Daylight","Fine no high winds","Dry","Motorcyclist and pillion"
"6283","2016133681429",2016-06-08,2016,"Jun",8,"18:52",18,52,"Wednesday","Slight",1,"Slight","Pedestrian","Pedestrian","Male",14,"Unclassified","Dual carriageway",30,NA,"In carriageway, crossing elsewhere","Crossing from driver's nearside",431276,429351,"E01011475",1,"Not at junction or within 20 metres","Daylight","Fine no high winds","Dry","Pedestrian"
"6284","2016133681547",2016-06-08,2016,"Jun",8,"19:45",19,45,"Wednesday","Slight",1,"Slight","Car occupant","Driver or rider","Female",33,"Unclassified","Single carriageway",60,"Unclassified","Not a Pedestrian","Not a Pedestrian",421313,435629,"E01011592",2,"T or staggered junction","Daylight","Fine no high winds","Dry","Car occupant"
"6285","2016133690383",2016-06-09,2016,"Jun",9,"09:15",9,15,"Thursday","Slight",1,"Slight","Car occupant","Driver or rider","Female",30,"Unclassified","Single carriageway",30,"Unclassified","Not a Pedestrian","Not a Pedestrian",432367,433183,"E01011625",2,"Other junction","Daylight","Fine no high winds","Dry","Car occupant"
"6286","2016133691076",2016-06-09,2016,"Jun",9,"16:10",16,10,"Thursday","Serious",1,"Serious","Pedestrian","Pedestrian","Male",75,"Unclassified","Single carriageway",30,NA,"In carriageway, crossing elsewhere","Crossing from nearside - masked by parked or stationary vehicle",432173,434808,"E01011433",1,"Not at junction or within 20 metres","Daylight","Fine no high winds","Dry","Pedestrian"
"6287","2016133691097",2016-06-09,2016,"Jun",9,"16:15",16,15,"Thursday","Serious",1,"Serious","Pedestrian","Pedestrian","Male",80,"A","Single carriageway",30,NA,"Crossing on pedestrian crossing facility","Crossing from driver's nearside",424507,445159,"E01011570",1,"Not at junction or within 20 metres","Daylight","Fine no high winds","Dry","Pedestrian"
"6288","2016133691222",2016-06-09,2016,"Jun",9,"17:15",17,15,"Thursday","Serious",1,"Serious","Motorcycle 125cc and under rider or passenger","Driver or rider","Male",51,"A","Single carriageway",60,"Unclassified","Not a Pedestrian","Not a Pedestrian",437316,429483,"E01011402",2,"T or staggered junction","Daylight","Fine no high winds","Dry","Motorcyclist and pillion"
"6289","2016133691371",2016-06-09,2016,"Jun",9,"18:30",18,30,"Thursday","Serious",1,"Serious","Motorcycle over 500cc rider or passenger","Driver or rider","Male",39,"A","Single carriageway",30,NA,"Not a Pedestrian","Not a Pedestrian",425400,427052,"E01011530",2,"Not at junction or within 20 metres","Daylight","Fine no high winds","Dry","Motorcyclist and pillion"
"6290","2016133691716",2016-06-09,2016,"Jun",9,"21:19",21,19,"Thursday","Slight",1,"Slight","Pedestrian","Pedestrian","Male",31,"Unclassified","Single carriageway",30,"Unclassified","On footway or verge","Walking along in carriageway, back to traffic",430567,433095,"E01033019",1,"T or staggered junction","Daylight","Fine no high winds","Dry","Pedestrian"
"6291","20161336A0362",2016-06-10,2016,"Jun",10,"07:50",7,50,"Friday","Slight",1,"Slight","Car occupant","Driver or rider","Male",47,"Unclassified","Dual carriageway",70,NA,"Not a Pedestrian","Not a Pedestrian",420932,434416,"E01011599",2,"Not at junction or within 20 metres","Daylight","Raining no high winds","Wet or damp","Car occupant"
"6292","20161336A0544",2016-06-10,2016,"Jun",10,"10:35",10,35,"Friday","Slight",1,"Slight","Cyclist","Driver or rider","Male",15,"Unclassified","Single carriageway",30,"A","Not a Pedestrian","Not a Pedestrian",432078,435959,"E01011647",2,"T or staggered junction","Daylight","Fine no high winds","Wet or damp","Cyclist"
"6293","20161336A0950",2016-06-10,2016,"Jun",10,"14:35",14,35,"Friday","Slight",1,"Slight","Cyclist","Driver or rider","Male",40,"Unclassified","Single carriageway",30,"Unclassified","Not a Pedestrian","Not a Pedestrian",431459,433558,"E01033021",2,"T or staggered junction","Daylight","Fine no high winds","Dry","Cyclist"
"6294","20161336A1188",2016-06-10,2016,"Jun",10,"14:50",14,50,"Friday","Serious",1,"Serious","Pedestrian","Pedestrian","Female",88,"Unclassified","Unknown",30,NA,"Unknown or other","Crossing from driver's offside",424508,435387,"E01011331",1,"Not at junction or within 20 metres","Daylight","Fine no high winds","Dry","Pedestrian"
"6295","20161336A1192",2016-06-10,2016,"Jun",10,"17:10",17,10,"Friday","Slight",1,"Slight","Car occupant","Passenger","Female",54,"Motorway","Dual carriageway",70,NA,"Not a Pedestrian","Not a Pedestrian",428807,426407,"E01011538",3,"Not at junction or within 20 metres","Daylight","Fine no high winds","Wet or damp","Car occupant"
"6296","2016133691956",2016-06-10,2016,"Jun",10,"23:40",23,40,"Friday","Slight",3,"Slight","Bus or coach occupant (17 or more pass seats)","Passenger","Female",22,"Unclassified","Single carriageway",30,NA,"Not a Pedestrian","Not a Pedestrian",430484,433455,"E01033010",1,"Not at junction or within 20 metres","Darkness - lights lit","Fine no high winds","Dry","Bus and goods vehicle occupant"
"6297","2016133691956",2016-06-10,2016,"Jun",10,"23:40",23,40,"Friday","Slight",3,"Slight","Bus or coach occupant (17 or more pass seats)","Passenger","Female",49,"Unclassified","Single carriageway",30,NA,"Not a Pedestrian","Not a Pedestrian",430484,433455,"E01033010",1,"Not at junction or within 20 metres","Darkness - lights lit","Fine no high winds","Dry","Bus and goods vehicle occupant"
"6298","2016133691956",2016-06-10,2016,"Jun",10,"23:40",23,40,"Friday","Slight",3,"Slight","Bus or coach occupant (17 or more pass seats)","Passenger","Male",57,"Unclassified","Single carriageway",30,NA,"Not a Pedestrian","Not a Pedestrian",430484,433455,"E01033010",1,"Not at junction or within 20 metres","Darkness - lights lit","Fine no high winds","Dry","Bus and goods vehicle occupant"
"6299","20161336B0482",2016-06-11,2016,"Jun",11,"08:45",8,45,"Saturday","Slight",3,"Slight","Car occupant","Passenger","Female",52,"A","Single carriageway",30,"Unclassified","Not a Pedestrian","Not a Pedestrian",427740,436448,"E01011694",2,"Crossroads","Daylight","Fine no high winds","Dry","Car occupant"
"6300","20161336B0482",2016-06-11,2016,"Jun",11,"08:45",8,45,"Saturday","Slight",3,"Slight","Car occupant","Driver or rider","Female",49,"A","Single carriageway",30,"Unclassified","Not a Pedestrian","Not a Pedestrian",427740,436448,"E01011694",2,"Crossroads","Daylight","Fine no high winds","Dry","Car occupant"
"6301","20161336B0482",2016-06-11,2016,"Jun",11,"08:45",8,45,"Saturday","Slight",3,"Slight","Car occupant","Passenger","Female",20,"A","Single carriageway",30,"Unclassified","Not a Pedestrian","Not a Pedestrian",427740,436448,"E01011694",2,"Crossroads","Daylight","Fine no high winds","Dry","Car occupant"
"6302","20161336B0787",2016-06-11,2016,"Jun",11,"10:05",10,5,"Saturday","Slight",1,"Slight","Car occupant","Passenger","Male",1,"A","Roundabout",60,"Unclassified","Not a Pedestrian","Not a Pedestrian",421527,428508,"E01011527",2,"Roundabout","Daylight","Fine no high winds","Dry","Car occupant"
"6303","20161336B1176",2016-06-11,2016,"Jun",11,"16:45",16,45,"Saturday","Slight",1,"Slight","Pedestrian","Pedestrian","Male",5,"Unclassified","Single carriageway",30,NA,"In carriageway, crossing elsewhere","Crossing from driver's nearside",432186,435502,"E01011430",1,"Not at junction or within 20 metres","Daylight","Fine no high winds","Dry","Pedestrian"
"6304","20161336B1783",2016-06-11,2016,"Jun",11,"22:21",22,21,"Saturday","Slight",1,"Slight","Motorcycle 125cc and under rider or passenger","Driver or rider","Male",24,"Unclassified","One way street",30,"Unclassified","Not a Pedestrian","Not a Pedestrian",429788,433696,"E01033008",2,"T or staggered junction","Darkness - lights lit","Raining no high winds","Wet or damp","Motorcyclist and pillion"
"6305","20161336C0545",2016-06-12,2016,"Jun",12,"10:12",10,12,"Sunday","Serious",1,"Serious","Cyclist","Driver or rider","Male",63,"Unclassified","Single carriageway",30,"Unclassified","Not a Pedestrian","Not a Pedestrian",425620,433087,"E01011725",1,"T or staggered junction","Daylight","Fine no high winds","Wet or damp","Cyclist"
"6306","20161335D1192",2016-06-12,2016,"Jun",12,"10:43",10,43,"Sunday","Serious",1,"Serious","Pedestrian","Pedestrian","Male",16,"A","Dual carriageway",40,NA,"Crossing on pedestrian crossing facility","Crossing from driver's nearside",426512,431859,"E01011734",1,"Not at junction or within 20 metres","Daylight","Fine no high winds","Dry","Pedestrian"
"6307","20161336C0783",2016-06-12,2016,"Jun",12,"13:00",13,0,"Sunday","Slight",1,"Slight","Car occupant","Driver or rider","Female",23,"A","Dual carriageway",40,NA,"Not a Pedestrian","Not a Pedestrian",433946,434113,"E01011346",2,"Not at junction or within 20 metres","Daylight","Fine no high winds","Wet or damp","Car occupant"
"6308","20161336D0276",2016-06-13,2016,"Jun",13,"08:10",8,10,"Monday","Slight",2,"Slight","Car occupant","Driver or rider","Male",57,"Unclassified","Single carriageway",30,NA,"Not a Pedestrian","Not a Pedestrian",425266,432353,"E01011726",2,"Not at junction or within 20 metres","Daylight","Fine no high winds","Dry","Car occupant"
"6309","20161336D0276",2016-06-13,2016,"Jun",13,"08:10",8,10,"Monday","Slight",2,"Slight","Car occupant","Passenger","Female",49,"Unclassified","Single carriageway",30,NA,"Not a Pedestrian","Not a Pedestrian",425266,432353,"E01011726",2,"Not at junction or within 20 metres","Daylight","Fine no high winds","Dry","Car occupant"
"6310","20161336D1140",2016-06-13,2016,"Jun",13,"17:01",17,1,"Monday","Slight",1,"Slight","Car occupant","Driver or rider","Male",30,"Unclassified","Single carriageway",30,NA,"Not a Pedestrian","Not a Pedestrian",420017,435460,"E01011590",1,"Not at junction or within 20 metres","Daylight","Raining no high winds","Wet or damp","Car occupant"
"6311","20161336D1213",2016-06-13,2016,"Jun",13,"17:38",17,38,"Monday","Slight",1,"Slight","Pedestrian","Pedestrian","Female",59,"Unclassified","Single carriageway",30,"A","Crossing on pedestrian crossing facility","Crossing from driver's nearside",431862,435685,"E01011422",1,"Crossroads","Daylight","Fine no high winds","Wet or damp","Pedestrian"
"6312","20161336D1327",2016-06-13,2016,"Jun",13,"18:30",18,30,"Monday","Slight",1,"Slight","Car occupant","Driver or rider","Female",30,"Unclassified","Single carriageway",30,NA,"Not a Pedestrian","Not a Pedestrian",421358,444886,"E01011569",2,"Not at junction or within 20 metres","Daylight","Fine no high winds","Wet or damp","Car occupant"
"6313","20161336D1492",2016-06-13,2016,"Jun",13,"19:30",19,30,"Monday","Slight",1,"Slight","Car occupant","Driver or rider","Male",27,"Unclassified","Single carriageway",60,NA,"Not a Pedestrian","Not a Pedestrian",443256,427573,"E01011299",1,"Not at junction or within 20 metres","Daylight","Fine no high winds","Dry","Car occupant"
"6314","20161336D1589",2016-06-13,2016,"Jun",13,"21:03",21,3,"Monday","Slight",4,"Slight","Car occupant","Driver or rider","Female",35,"Unclassified","Single carriageway",30,"Unclassified","Not a Pedestrian","Not a Pedestrian",425242,439479,"E01011379",2,"T or staggered junction","Darkness - lights lit","Raining no high winds","Wet or damp","Car occupant"
"6315","20161336D1589",2016-06-13,2016,"Jun",13,"21:03",21,3,"Monday","Slight",4,"Slight","Car occupant","Passenger","Female",14,"Unclassified","Single carriageway",30,"Unclassified","Not a Pedestrian","Not a Pedestrian",425242,439479,"E01011379",2,"T or staggered junction","Darkness - lights lit","Raining no high winds","Wet or damp","Car occupant"
"6316","20161336D1589",2016-06-13,2016,"Jun",13,"21:03",21,3,"Monday","Slight",4,"Slight","Car occupant","Passenger","Female",16,"Unclassified","Single carriageway",30,"Unclassified","Not a Pedestrian","Not a Pedestrian",425242,439479,"E01011379",2,"T or staggered junction","Darkness - lights lit","Raining no high winds","Wet or damp","Car occupant"
"6317","20161336D1589",2016-06-13,2016,"Jun",13,"21:03",21,3,"Monday","Slight",4,"Slight","Car occupant","Passenger","Female",16,"Unclassified","Single carriageway",30,"Unclassified","Not a Pedestrian","Not a Pedestrian",425242,439479,"E01011379",2,"T or staggered junction","Darkness - lights lit","Raining no high winds","Wet or damp","Car occupant"
"6318","20161336E0492",2016-06-14,2016,"Jun",14,"11:20",11,20,"Tuesday","Slight",2,"Slight","Bus or coach occupant (17 or more pass seats)","Passenger","Female",28,"Unclassified","Single carriageway",30,NA,"Not a Pedestrian","Not a Pedestrian",429967,433790,"E01033010",1,"Not at junction or within 20 metres","Daylight","Fine no high winds","Dry","Bus and goods vehicle occupant"
"6319","20161336E0492",2016-06-14,2016,"Jun",14,"11:20",11,20,"Tuesday","Slight",2,"Slight","Bus or coach occupant (17 or more pass seats)","Passenger","Female",30,"Unclassified","Single carriageway",30,NA,"Not a Pedestrian","Not a Pedestrian",429967,433790,"E01033010",1,"Not at junction or within 20 metres","Daylight","Fine no high winds","Dry","Bus and goods vehicle occupant"
"6320","20161336E1419",2016-06-14,2016,"Jun",14,"17:05",17,5,"Tuesday","Slight",1,"Slight","Bus or coach occupant (17 or more pass seats)","Passenger","Female",49,"Unclassified","Single carriageway",30,"Unclassified","Not a Pedestrian","Not a Pedestrian",429971,433314,"E01033016",1,"More than 4 arms (not roundabout)","Daylight","Fine no high winds","Dry","Bus and goods vehicle occupant"
"6321","20161336E1785",2016-06-14,2016,"Jun",14,"21:15",21,15,"Tuesday","Slight",1,"Slight","Taxi/Private hire car occupant","Passenger","Female",27,"Unclassified","Single carriageway",30,NA,"Not a Pedestrian","Not a Pedestrian",432386,435149,"E01011432",1,"Not at junction or within 20 metres","Daylight","Unknown","Dry","Car occupant"
"6322","20161336F1007",2016-06-15,2016,"Jun",15,"10:07",10,7,"Wednesday","Fatal",1,"Fatal","Pedestrian","Pedestrian","Male",36,"A(M)","Dual carriageway",70,NA,"Unknown or other","In carriageway, stationary - not crossing  (standing or playing)",443585,437925,"E01011309",2,"Not at junction or within 20 metres","Daylight","Raining no high winds","Wet or damp","Pedestrian"
"6323","20161336F0964",2016-06-15,2016,"Jun",15,"15:10",15,10,"Wednesday","Slight",1,"Slight","Car occupant","Driver or rider","Male",55,"Unclassified","Single carriageway",30,NA,"Not a Pedestrian","Not a Pedestrian",432178,435183,"E01011432",3,"Not at junction or within 20 metres","Daylight","Fine no high winds","Dry","Car occupant"
"6324","20161336F1224",2016-06-15,2016,"Jun",15,"17:15",17,15,"Wednesday","Slight",1,"Slight","Cyclist","Driver or rider","Male",35,"A","Single carriageway",30,NA,"Not a Pedestrian","Not a Pedestrian",423451,435743,"E01011330",2,"Not at junction or within 20 metres","Daylight","Raining no high winds","Wet or damp","Cyclist"
"6325","20161336F1710",2016-06-15,2016,"Jun",15,"17:25",17,25,"Wednesday","Slight",1,"Slight","Cyclist","Driver or rider","Male",47,"Unclassified","One way street",30,"Unclassified","Not a Pedestrian","Not a Pedestrian",419966,446146,"E01011583",2,"T or staggered junction","Daylight","Unknown","Dry","Cyclist"
"6326","20161336F1283",2016-06-15,2016,"Jun",15,"17:43",17,43,"Wednesday","Slight",2,"Slight","Motorcycle over 500cc rider or passenger","Driver or rider","Male",41,"A","Single carriageway",40,"Unclassified","Not a Pedestrian","Not a Pedestrian",444651,431581,"E01011299",3,"Other junction","Daylight","Fine no high winds","Dry","Motorcyclist and pillion"
"6327","20161336F1283",2016-06-15,2016,"Jun",15,"17:43",17,43,"Wednesday","Slight",2,"Slight","Motorcycle over 500cc rider or passenger","Driver or rider","Male",28,"A","Single carriageway",40,"Unclassified","Not a Pedestrian","Not a Pedestrian",444651,431581,"E01011299",3,"Other junction","Daylight","Fine no high winds","Dry","Motorcyclist and pillion"
"6328","20161336G1066",2016-06-15,2016,"Jun",15,"17:50",17,50,"Wednesday","Slight",2,"Slight","Pedestrian","Pedestrian","Female",24,"A","Single carriageway",30,NA,"Crossing on pedestrian crossing facility","Crossing from driver's nearside",427728,434466,"E01011483",1,"Not at junction or within 20 metres","Daylight","Fine no high winds","Dry","Pedestrian"
"6329","20161336G1066",2016-06-15,2016,"Jun",15,"17:50",17,50,"Wednesday","Slight",2,"Slight","Cyclist","Driver or rider","Male",21,"A","Single carriageway",30,NA,"Not a Pedestrian","Not a Pedestrian",427728,434466,"E01011483",1,"Not at junction or within 20 metres","Daylight","Fine no high winds","Dry","Cyclist"
"6330","20161336F1486",2016-06-15,2016,"Jun",15,"19:28",19,28,"Wednesday","Slight",1,"Slight","Cyclist","Driver or rider","Male",31,"Unclassified","Dual carriageway",30,"Unclassified","Not a Pedestrian","Not a Pedestrian",431077,430364,"E01011472",2,"T or staggered junction","Daylight","Fine no high winds","Dry","Cyclist"
"6331","20161336F1550",2016-06-15,2016,"Jun",15,"20:00",20,0,"Wednesday","Slight",1,"Slight","Car occupant","Driver or rider","Female",25,"Unclassified","Single carriageway",30,"Unclassified","Not a Pedestrian","Not a Pedestrian",429146,438917,"E01011560",2,"Crossroads","Daylight","Unknown","Dry","Car occupant"
"6332","20161336F1606",2016-06-15,2016,"Jun",15,"20:30",20,30,"Wednesday","Slight",1,"Slight","Van / Goods vehicle (3.5 tonnes mgw or under) occupant","Driver or rider","Male",33,"A","Dual carriageway",30,"Unclassified","Not a Pedestrian","Not a Pedestrian",431483,432456,"E01011621",2,"Slip road","Daylight","Fine no high winds","Dry","Bus and goods vehicle occupant"
"6333","20161336F1615",2016-06-15,2016,"Jun",15,"20:40",20,40,"Wednesday","Slight",1,"Slight","Cyclist","Driver or rider","Male",24,"Unclassified","One way street",30,NA,"Not a Pedestrian","Not a Pedestrian",430519,433744,"E01033010",2,"Not at junction or within 20 metres","Daylight","Fine no high winds","Dry","Cyclist"
"6334","20161336G1051",2016-06-16,2016,"Jun",16,"16:20",16,20,"Thursday","Slight",1,"Slight","Pedestrian","Pedestrian","Female",14,"A","Dual carriageway",30,"Unclassified","Crossing on pedestrian crossing facility","Crossing from driver's offside",434472,433687,"E01011616",1,"T or staggered junction","Daylight","Fine no high winds","Dry","Pedestrian"
"6335","20161336G1565",2016-06-16,2016,"Jun",16,"16:30",16,30,"Thursday","Slight",1,"Slight","Car occupant","Driver or rider","Male",52,"A","Dual carriageway",40,"Unclassified","Not a Pedestrian","Not a Pedestrian",428449,429062,"E01011493",2,"T or staggered junction","Daylight","Fine no high winds","Dry","Car occupant"
"6336","20161336H0196",2016-06-17,2016,"Jun",17,"03:32",3,32,"Friday","Slight",2,"Slight","Taxi/Private hire car occupant","Passenger","Female",21,"Unclassified","Single carriageway",30,"Unclassified","Not a Pedestrian","Not a Pedestrian",428791,435161,"E01011444",2,"T or staggered junction","Daylight","Fine no high winds","Dry","Car occupant"
"6337","20161336H0196",2016-06-17,2016,"Jun",17,"03:32",3,32,"Friday","Slight",2,"Slight","Taxi/Private hire car occupant","Passenger","Female",21,"Unclassified","Single carriageway",30,"Unclassified","Not a Pedestrian","Not a Pedestrian",428791,435161,"E01011444",2,"T or staggered junction","Daylight","Fine no high winds","Dry","Car occupant"
"6338","20161336H0328",2016-06-17,2016,"Jun",17,"08:00",8,0,"Friday","Slight",1,"Slight","Cyclist","Driver or rider","Male",36,"Unclassified","Dual carriageway",30,"Unclassified","Not a Pedestrian","Not a Pedestrian",430856,434104,"E01033031",2,"T or staggered junction","Daylight","Fine no high winds","Dry","Cyclist"
"6339","20161336H0747",2016-06-17,2016,"Jun",17,"12:55",12,55,"Friday","Slight",1,"Slight","Car occupant","Driver or rider","Male",50,"A","Single carriageway",40,"A","Not a Pedestrian","Not a Pedestrian",428468,429227,"E01011493",2,"Slip road","Daylight","Fine no high winds","Dry","Car occupant"
"6340","20161336H1071",2016-06-17,2016,"Jun",17,"16:00",16,0,"Friday","Slight",2,"Slight","Car occupant","Driver or rider","Female",24,"Unclassified","Single carriageway",30,"Unclassified","Not a Pedestrian","Not a Pedestrian",434071,433710,"E01011622",2,"T or staggered junction","Daylight","Fine no high winds","Dry","Car occupant"
"6341","20161336H1071",2016-06-17,2016,"Jun",17,"16:00",16,0,"Friday","Slight",2,"Slight","Car occupant","Driver or rider","Female",20,"Unclassified","Single carriageway",30,"Unclassified","Not a Pedestrian","Not a Pedestrian",434071,433710,"E01011622",2,"T or staggered junction","Daylight","Fine no high winds","Dry","Car occupant"
"6342","20161336H1473",2016-06-17,2016,"Jun",17,"18:50",18,50,"Friday","Slight",1,"Slight","Car occupant","Driver or rider","Male",28,"Unclassified","Single carriageway",60,NA,"Not a Pedestrian","Not a Pedestrian",440212,435670,"E01011296",2,"Not at junction or within 20 metres","Daylight","Fine no high winds","Wet or damp","Car occupant"
"6343","20161336H1839",2016-06-17,2016,"Jun",17,"22:00",22,0,"Friday","Serious",2,"Slight","Car occupant","Driver or rider","Male",51,"Unclassified","One way street",30,"Unclassified","Not a Pedestrian","Not a Pedestrian",432107,438571,"E01011652",2,"Crossroads","Darkness - lighting unknown","Fine no high winds","Dry","Car occupant"
"6344","20161336H1839",2016-06-17,2016,"Jun",17,"22:00",22,0,"Friday","Serious",2,"Serious","Car occupant","Passenger","Female",43,"Unclassified","One way street",30,"Unclassified","Not a Pedestrian","Not a Pedestrian",432107,438571,"E01011652",2,"Crossroads","Darkness - lighting unknown","Fine no high winds","Dry","Car occupant"
"6345","20161336H1904",2016-06-17,2016,"Jun",17,"22:30",22,30,"Friday","Slight",1,"Slight","Taxi/Private hire car occupant","Driver or rider","Male",39,"Unclassified","Single carriageway",30,"Unclassified","Not a Pedestrian","Not a Pedestrian",431882,435474,"E01011429",2,"T or staggered junction","Daylight","Fine no high winds","Wet or damp","Car occupant"
"6346","20161336H2034",2016-06-17,2016,"Jun",17,"23:31",23,31,"Friday","Slight",2,"Slight","Taxi/Private hire car occupant","Passenger","Female",67,"Unclassified","Single carriageway",30,"Unclassified","Not a Pedestrian","Not a Pedestrian",426991,427914,"E01032489",2,"Crossroads","Darkness - lights lit","Fine no high winds","Dry","Car occupant"
"6347","20161336H2034",2016-06-17,2016,"Jun",17,"23:31",23,31,"Friday","Slight",2,"Slight","Taxi/Private hire car occupant","Passenger","Female",66,"Unclassified","Single carriageway",30,"Unclassified","Not a Pedestrian","Not a Pedestrian",426991,427914,"E01032489",2,"Crossroads","Darkness - lights lit","Fine no high winds","Dry","Car occupant"
"6348","20161336I0836",2016-06-18,2016,"Jun",18,"13:26",13,26,"Saturday","Slight",3,"Slight","Van / Goods vehicle (3.5 tonnes mgw or under) occupant","Passenger","Male",26,"Unclassified","Single carriageway",30,NA,"Not a Pedestrian","Not a Pedestrian",431709,429913,"E01011469",1,"Not at junction or within 20 metres","Daylight","Fine no high winds","Dry","Bus and goods vehicle occupant"
"6349","20161336I0836",2016-06-18,2016,"Jun",18,"13:26",13,26,"Saturday","Slight",3,"Slight","Van / Goods vehicle (3.5 tonnes mgw or under) occupant","Passenger","Male",25,"Unclassified","Single carriageway",30,NA,"Not a Pedestrian","Not a Pedestrian",431709,429913,"E01011469",1,"Not at junction or within 20 metres","Daylight","Fine no high winds","Dry","Bus and goods vehicle occupant"
"6350","20161336I0836",2016-06-18,2016,"Jun",18,"13:26",13,26,"Saturday","Slight",3,"Slight","Van / Goods vehicle (3.5 tonnes mgw or under) occupant","Passenger","Male",24,"Unclassified","Single carriageway",30,NA,"Not a Pedestrian","Not a Pedestrian",431709,429913,"E01011469",1,"Not at junction or within 20 metres","Daylight","Fine no high winds","Dry","Bus and goods vehicle occupant"
"6351","20161336I1493",2016-06-18,2016,"Jun",18,"17:43",17,43,"Saturday","Slight",1,"Slight","Pedestrian","Pedestrian","Male",9,"Unclassified","Single carriageway",30,NA,"In carriageway, not crossing","Unknown or other",435618,434605,"E01011343",1,"Not at junction or within 20 metres","Daylight","Fine no high winds","Dry","Pedestrian"
"6352","20161336I1390",2016-06-18,2016,"Jun",18,"18:10",18,10,"Saturday","Slight",1,"Slight","Cyclist","Driver or rider","Male",54,"A","Dual carriageway",40,NA,"Not a Pedestrian","Not a Pedestrian",437227,433425,"E01011418",2,"Not at junction or within 20 metres","Daylight","Fine no high winds","Dry","Cyclist"
"6353","20161336I0941",2016-06-18,2016,"Jun",18,"19:28",19,28,"Saturday","Slight",1,"Slight","Motorcycle over 125cc and up to 500cc rider or  passenger","Driver or rider","Male",34,"A","Single carriageway",40,NA,"Not a Pedestrian","Not a Pedestrian",422311,436855,"E01011589",2,"Not at junction or within 20 metres","Daylight","Fine no high winds","Dry","Motorcyclist and pillion"
"6354","20161336J0150",2016-06-19,2016,"Jun",19,"01:25",1,25,"Sunday","Slight",2,"Slight","Car occupant","Driver or rider","Male",18,"Motorway","Dual carriageway",70,NA,"Not a Pedestrian","Not a Pedestrian",434981,425880,"E01011636",1,"Not at junction or within 20 metres","Darkness - no lighting","Fine no high winds","Wet or damp","Car occupant"
"6355","20161336J0150",2016-06-19,2016,"Jun",19,"01:25",1,25,"Sunday","Slight",2,"Slight","Car occupant","Passenger","Female",18,"Motorway","Dual carriageway",70,NA,"Not a Pedestrian","Not a Pedestrian",434981,425880,"E01011636",1,"Not at junction or within 20 metres","Darkness - no lighting","Fine no high winds","Wet or damp","Car occupant"
"6356","20161336J0747",2016-06-19,2016,"Jun",19,"11:50",11,50,"Sunday","Slight",1,"Slight","Pedestrian","Pedestrian","Female",23,"A","Single carriageway",30,NA,"Crossing elsewhere within 50m. of pedestrian crossing","Crossing from driver's nearside",427883,436223,"E01011451",1,"Not at junction or within 20 metres","Daylight","Unknown","Dry","Pedestrian"
"6357","20161336J0941",2016-06-19,2016,"Jun",19,"14:10",14,10,"Sunday","Slight",1,"Slight","Car occupant","Passenger","Female",38,"A","Roundabout",30,"A","Not a Pedestrian","Not a Pedestrian",428433,428718,"E01011493",2,"Roundabout","Daylight","Fine no high winds","Dry","Car occupant"
"6358","20161336J1107",2016-06-19,2016,"Jun",19,"15:38",15,38,"Sunday","Serious",1,"Serious","Motorcycle over 500cc rider or passenger","Driver or rider","Male",64,"A","Roundabout",60,"Motorway","Not a Pedestrian","Not a Pedestrian",435871,425818,"E01011636",2,"Roundabout","Daylight","Fine no high winds","Dry","Motorcyclist and pillion"
"6359","20161336J1387",2016-06-19,2016,"Jun",19,"18:45",18,45,"Sunday","Slight",2,"Slight","Car occupant","Driver or rider","Male",24,"Unclassified","Single carriageway",30,NA,"Not a Pedestrian","Not a Pedestrian",430484,437202,"E01011352",2,"Not at junction or within 20 metres","Daylight","Raining no high winds","Wet or damp","Car occupant"