"","accident_index","date","year","month","day","time","time_hour","time_minute","day_of_week","accident_severity","number_of_casualties","casualty_severity","casualty_type","casualty_class","sex_of_casualty","age_of_casualty","first_road_class","road_type","speed_limit","second_road_class","pedestrian_location","pedestrian_movement","location_easting_osgr","location_northing_osgr","lsoa_of_accident_location","number_of_vehicles","junction_detail","light_conditions","weather_conditions","road_surface_conditions","cas_type"
"6442","2016133710905",2016-07-03,2016,"Jul",3,"14:25",14,25,"Sunday","Slight",1,"Slight","Car occupant","Passenger","Female",16,"Unclassified","Single carriageway",30,"Unclassified","Not a Pedestrian","Not a Pedestrian",432942,440210,"E01011562",2,"Private drive or entrance","Daylight","Fine no high winds","Dry","Car occupant"
"6443","2016133730942",2016-07-03,2016,"Jul",3,"14:30",14,30,"Sunday","Serious",1,"Serious","Motorcycle 125cc and under rider or passenger","Driver or rider","Male",32,"Unclassified","Single carriageway",30,"Unclassified","Not a Pedestrian","Not a Pedestrian",425708,435406,"E01011281",2,"Crossroads","Daylight","Fine no high winds","Dry","Motorcyclist and pillion"
"6444","2016133731246",2016-07-03,2016,"Jul",3,"17:12",17,12,"Sunday","Slight",2,"Slight","Car occupant","Driver or rider","Male",64,"Unclassified","Single carriageway",30,"Unclassified","Not a Pedestrian","Not a Pedestrian",435544,438371,"E01011714",2,"Slip road","Daylight","Fine no high winds","Dry","Car occupant"
"6445","2016133731246",2016-07-03,2016,"Jul",3,"17:12",17,12,"Sunday","Slight",2,"Slight","Car occupant","Passenger","Female",76,"Unclassified","Single carriageway",30,"Unclassified","Not a Pedestrian","Not a Pedestrian",435544,438371,"E01011714",2,"Slip road","Daylight","Fine no high winds","Dry","Car occupant"
"6446","2016133731308",2016-07-03,2016,"Jul",3,"17:40",17,40,"Sunday","Slight",1,"Slight","Car occupant","Driver or rider","Female",45,"A","Dual carriageway",40,NA,"Not a Pedestrian","Not a Pedestrian",421928,441435,"E01011578",2,"Not at junction or within 20 metres","Daylight","Fine no high winds","Dry","Car occupant"
"6447","2016133731431",2016-07-03,2016,"Jul",3,"18:00",18,0,"Sunday","Slight",1,"Slight","Mobility scooter rider","Driver or rider","Male",37,"Unclassified","Single carriageway",30,"A","Not a Pedestrian","Not a Pedestrian",429980,430876,"E01011312",2,"T or staggered junction","Daylight","Fine no high winds","Dry","Others"
"6448","2016133740214",2016-07-04,2016,"Jul",4,"06:05",6,5,"Monday","Serious",1,"Serious","Cyclist","Driver or rider","Male",28,"A","Dual carriageway",30,NA,"Not a Pedestrian","Not a Pedestrian",429334,435000,"E01033005",2,"Not at junction or within 20 metres","Daylight","Fine no high winds","Dry","Cyclist"
"6449","2016133740288",2016-07-04,2016,"Jul",4,"08:25",8,25,"Monday","Slight",1,"Slight","Car occupant","Driver or rider","Female",53,"A","Single carriageway",60,"Unclassified","Not a Pedestrian","Not a Pedestrian",422126,446010,"E01011569",3,"T or staggered junction","Daylight","Fine no high winds","Dry","Car occupant"
"6450","2016133740733",2016-07-04,2016,"Jul",4,"13:15",13,15,"Monday","Serious",2,"Slight","Motorcycle 125cc and under rider or passenger","Driver or rider","Male",21,"Unclassified","Single carriageway",30,NA,"Not a Pedestrian","Not a Pedestrian",430413,433768,"E01033010",1,"Not at junction or within 20 metres","Daylight","Fine no high winds","Dry","Motorcyclist and pillion"
"6451","2016133740733",2016-07-04,2016,"Jul",4,"13:15",13,15,"Monday","Serious",2,"Serious","Pedestrian","Pedestrian","Female",55,"Unclassified","Single carriageway",30,NA,"Crossing on pedestrian crossing facility","Crossing from driver's nearside",430413,433768,"E01033010",1,"Not at junction or within 20 metres","Daylight","Fine no high winds","Dry","Pedestrian"
"6452","2016133741261",2016-07-04,2016,"Jul",4,"15:45",15,45,"Monday","Serious",1,"Serious","Cyclist","Driver or rider","Male",12,"A","Dual carriageway",40,NA,"Not a Pedestrian","Not a Pedestrian",420046,434144,"E01011597",2,"Not at junction or within 20 metres","Daylight","Fine no high winds","Dry","Cyclist"
"6453","2016133741226",2016-07-04,2016,"Jul",4,"17:00",17,0,"Monday","Slight",3,"Slight","Taxi/Private hire car occupant","Passenger","Female",33,"A","Dual carriageway",30,"A","Not a Pedestrian","Not a Pedestrian",429999,434154,"E01033010",2,"Crossroads","Daylight","Fine no high winds","Dry","Car occupant"
"6454","2016133741226",2016-07-04,2016,"Jul",4,"17:00",17,0,"Monday","Slight",3,"Slight","Taxi/Private hire car occupant","Passenger","Female",8,"A","Dual carriageway",30,"A","Not a Pedestrian","Not a Pedestrian",429999,434154,"E01033010",2,"Crossroads","Daylight","Fine no high winds","Dry","Car occupant"
"6455","2016133741226",2016-07-04,2016,"Jul",4,"17:00",17,0,"Monday","Slight",3,"Slight","Taxi/Private hire car occupant","Passenger","Female",7,"A","Dual carriageway",30,"A","Not a Pedestrian","Not a Pedestrian",429999,434154,"E01033010",2,"Crossroads","Daylight","Fine no high winds","Dry","Car occupant"
"6456","2016133741674",2016-07-04,2016,"Jul",4,"18:30",18,30,"Monday","Slight",1,"Slight","Pedestrian","Pedestrian","Male",30,"Unclassified","Single carriageway",30,NA,"On footway or verge","Unknown or other",432025,435306,"E01011428",1,"Not at junction or within 20 metres","Daylight","Fine no high winds","Dry","Pedestrian"
"6457","2016133751329",2016-07-05,2016,"Jul",5,"15:30",15,30,"Tuesday","Slight",2,"Slight","Bus or coach occupant (17 or more pass seats)","Passenger","Female",29,"A","One way street",30,"Unclassified","Not a Pedestrian","Not a Pedestrian",429890,432256,"E01011364",2,"T or staggered junction","Daylight","Fine no high winds","Dry","Bus and goods vehicle occupant"
"6458","2016133751329",2016-07-05,2016,"Jul",5,"15:30",15,30,"Tuesday","Slight",2,"Slight","Bus or coach occupant (17 or more pass seats)","Passenger","Female",26,"A","One way street",30,"Unclassified","Not a Pedestrian","Not a Pedestrian",429890,432256,"E01011364",2,"T or staggered junction","Daylight","Fine no high winds","Dry","Bus and goods vehicle occupant"
"6459","2016133751140",2016-07-05,2016,"Jul",5,"16:45",16,45,"Tuesday","Slight",1,"Slight","Pedestrian","Pedestrian","Male",6,"Unclassified","Single carriageway",30,NA,"In carriageway, not crossing","Unknown or other",431982,435697,"E01011428",1,"Not at junction or within 20 metres","Daylight","Fine no high winds","Dry","Pedestrian"
"6460","2016133751639",2016-07-05,2016,"Jul",5,"19:30",19,30,"Tuesday","Slight",1,"Slight","Car occupant","Driver or rider","Female",28,"Unclassified","Single carriageway",30,"Unclassified","Not a Pedestrian","Not a Pedestrian",428655,430791,"E01011369",2,"T or staggered junction","Daylight","Fine no high winds","Dry","Car occupant"
"6461","2016133751714",2016-07-05,2016,"Jul",5,"21:21",21,21,"Tuesday","Slight",1,"Slight","Car occupant","Driver or rider","Male",35,"Unclassified","Single carriageway",30,NA,"Not a Pedestrian","Not a Pedestrian",419451,442805,"E01011279",2,"Not at junction or within 20 metres","Daylight","Unknown","Dry","Car occupant"
"6462","2016133761246",2016-07-06,2016,"Jul",6,"16:40",16,40,"Wednesday","Slight",1,"Slight","Pedestrian","Pedestrian","Male",11,"Unclassified","Single carriageway",30,"Unclassified","In carriageway, crossing elsewhere","Crossing from driver's offside",431877,435326,"E01011428",1,"Other junction","Daylight","Fine no high winds","Dry","Pedestrian"
"6463","2016133761383",2016-07-06,2016,"Jul",6,"17:45",17,45,"Wednesday","Slight",4,"Slight","Car occupant","Driver or rider","Male",65,"Motorway","Dual carriageway",70,NA,"Not a Pedestrian","Not a Pedestrian",434580,430852,"E01011624",2,"Not at junction or within 20 metres","Daylight","Fine no high winds","Dry","Car occupant"
"6464","2016133761383",2016-07-06,2016,"Jul",6,"17:45",17,45,"Wednesday","Slight",4,"Slight","Car occupant","Passenger","Male",31,"Motorway","Dual carriageway",70,NA,"Not a Pedestrian","Not a Pedestrian",434580,430852,"E01011624",2,"Not at junction or within 20 metres","Daylight","Fine no high winds","Dry","Car occupant"
"6465","2016133761383",2016-07-06,2016,"Jul",6,"17:45",17,45,"Wednesday","Slight",4,"Slight","Car occupant","Driver or rider","Female",33,"Motorway","Dual carriageway",70,NA,"Not a Pedestrian","Not a Pedestrian",434580,430852,"E01011624",2,"Not at junction or within 20 metres","Daylight","Fine no high winds","Dry","Car occupant"
"6466","2016133761383",2016-07-06,2016,"Jul",6,"17:45",17,45,"Wednesday","Slight",4,"Slight","Car occupant","Passenger","Male",31,"Motorway","Dual carriageway",70,NA,"Not a Pedestrian","Not a Pedestrian",434580,430852,"E01011624",2,"Not at junction or within 20 metres","Daylight","Fine no high winds","Dry","Car occupant"
"6467","2016133761556",2016-07-06,2016,"Jul",6,"18:50",18,50,"Wednesday","Slight",1,"Slight","Car occupant","Driver or rider","Female",51,"Unclassified","Single carriageway",30,"Unclassified","Not a Pedestrian","Not a Pedestrian",434702,435087,"E01011343",2,"T or staggered junction","Daylight","Fine no high winds","Dry","Car occupant"
"6468","2016133761691",2016-07-06,2016,"Jul",6,"19:30",19,30,"Wednesday","Slight",1,"Slight","Pedestrian","Pedestrian","Male",64,"B","Single carriageway",30,NA,"In carriageway, not crossing","Unknown or other",422258,433470,"E01011612",1,"Not at junction or within 20 metres","Daylight","Unknown","Dry","Pedestrian"
"6469","2016133762340",2016-07-06,2016,"Jul",6,"23:40",23,40,"Wednesday","Slight",1,"Slight","Car occupant","Passenger","Female",17,"B","Single carriageway",30,NA,"Not a Pedestrian","Not a Pedestrian",426331,427305,"E01011541",1,"Not at junction or within 20 metres","Darkness - lights lit","Fine no high winds","Dry","Car occupant"
"6470","2016133770136",2016-07-07,2016,"Jul",7,"02:15",2,15,"Thursday","Slight",1,"Slight","Car occupant","Driver or rider","Male",45,"A","Dual carriageway",40,"A","Not a Pedestrian","Not a Pedestrian",428641,432959,"E01011363",1,"Roundabout","Darkness - lights lit","Fine no high winds","Dry","Car occupant"
"6471","2016133750969",2016-07-07,2016,"Jul",7,"07:26",7,26,"Thursday","Slight",1,"Slight","Cyclist","Driver or rider","Male",38,"A","Dual carriageway",40,"Unclassified","Not a Pedestrian","Not a Pedestrian",426274,434010,"E01032499",2,"T or staggered junction","Daylight","Unknown","Dry","Cyclist"
"6472","2016133770326",2016-07-07,2016,"Jul",7,"08:00",8,0,"Thursday","Slight",1,"Slight","Cyclist","Driver or rider","Male",42,"Unclassified","Dual carriageway",30,"Unclassified","Not a Pedestrian","Not a Pedestrian",426821,434978,"E01011482",2,"T or staggered junction","Daylight","Fine no high winds","Dry","Cyclist"
"6473","2016133770315",2016-07-07,2016,"Jul",7,"08:07",8,7,"Thursday","Serious",1,"Serious","Cyclist","Driver or rider","Male",31,"A","Single carriageway",30,"Unclassified","Not a Pedestrian","Not a Pedestrian",427396,429670,"E01011518",2,"T or staggered junction","Daylight","Fine no high winds","Dry","Cyclist"
"6474","2016133770535",2016-07-07,2016,"Jul",7,"10:50",10,50,"Thursday","Serious",2,"Serious","Cyclist","Driver or rider","Male",37,"Unclassified","Single carriageway",40,"Unclassified","Not a Pedestrian","Not a Pedestrian",432973,439646,"E01011650",3,"T or staggered junction","Daylight","Fine no high winds","Dry","Cyclist"
"6475","2016133770535",2016-07-07,2016,"Jul",7,"10:50",10,50,"Thursday","Serious",2,"Serious","Cyclist","Driver or rider","Male",64,"Unclassified","Single carriageway",40,"Unclassified","Not a Pedestrian","Not a Pedestrian",432973,439646,"E01011650",3,"T or staggered junction","Daylight","Fine no high winds","Dry","Cyclist"
"6476","2016133770746",2016-07-07,2016,"Jul",7,"13:00",13,0,"Thursday","Slight",1,"Slight","Motorcycle 125cc and under rider or passenger","Driver or rider","Male",19,"A","Single carriageway",30,"Unclassified","Not a Pedestrian","Not a Pedestrian",427528,434564,"E01011482",2,"T or staggered junction","Daylight","Fine no high winds","Dry","Motorcyclist and pillion"
"6477","2016133771168",2016-07-07,2016,"Jul",7,"16:56",16,56,"Thursday","Slight",1,"Slight","Car occupant","Driver or rider","Male",42,"Unclassified","Dual carriageway",40,"Unclassified","Not a Pedestrian","Not a Pedestrian",423187,434658,"E01011335",2,"Other junction","Daylight","Other","Dry","Car occupant"
"6478","2016133771267",2016-07-07,2016,"Jul",7,"17:35",17,35,"Thursday","Slight",4,"Slight","Car occupant","Driver or rider","Female",45,"A","Single carriageway",30,"Unclassified","Not a Pedestrian","Not a Pedestrian",417884,443315,"E01011266",3,"More than 4 arms (not roundabout)","Daylight","Fine no high winds","Dry","Car occupant"
"6479","2016133771267",2016-07-07,2016,"Jul",7,"17:35",17,35,"Thursday","Slight",4,"Slight","Car occupant","Passenger","Male",13,"A","Single carriageway",30,"Unclassified","Not a Pedestrian","Not a Pedestrian",417884,443315,"E01011266",3,"More than 4 arms (not roundabout)","Daylight","Fine no high winds","Dry","Car occupant"
"6480","2016133771267",2016-07-07,2016,"Jul",7,"17:35",17,35,"Thursday","Slight",4,"Slight","Car occupant","Driver or rider","Female",55,"A","Single carriageway",30,"Unclassified","Not a Pedestrian","Not a Pedestrian",417884,443315,"E01011266",3,"More than 4 arms (not roundabout)","Daylight","Fine no high winds","Dry","Car occupant"
"6481","2016133771267",2016-07-07,2016,"Jul",7,"17:35",17,35,"Thursday","Slight",4,"Slight","Car occupant","Passenger","Female",79,"A","Single carriageway",30,"Unclassified","Not a Pedestrian","Not a Pedestrian",417884,443315,"E01011266",3,"More than 4 arms (not roundabout)","Daylight","Fine no high winds","Dry","Car occupant"
"6482","2016133771483",2016-07-07,2016,"Jul",7,"18:00",18,0,"Thursday","Slight",1,"Slight","Cyclist","Driver or rider","Female",14,"B","Single carriageway",30,"Unclassified","Not a Pedestrian","Not a Pedestrian",421581,433056,"E01011605",2,"T or staggered junction","Daylight","Fine no high winds","Dry","Cyclist"
"6483","2016133780975",2016-07-08,2016,"Jul",8,"15:34",15,34,"Friday","Slight",1,"Slight","Cyclist","Driver or rider","Female",36,"Unclassified","Single carriageway",30,"Unclassified","Not a Pedestrian","Not a Pedestrian",428111,432804,"E01011362",2,"T or staggered junction","Daylight","Fine no high winds","Dry","Cyclist"
"6484","2016133781157",2016-07-08,2016,"Jul",8,"17:20",17,20,"Friday","Serious",1,"Serious","Pedestrian","Pedestrian","Male",5,"Unclassified","Single carriageway",20,NA,"In carriageway, crossing elsewhere","Crossing from driver's nearside",436822,435918,"E01011723",1,"Not at junction or within 20 metres","Daylight","Fine no high winds","Dry","Pedestrian"
"6485","2016133781218",2016-07-08,2016,"Jul",8,"17:50",17,50,"Friday","Serious",1,"Serious","Pedestrian","Pedestrian","Female",13,"Unclassified","Single carriageway",30,NA,"Crossing on pedestrian crossing facility","Crossing from driver's offside",429134,432089,"E01033013",1,"Not at junction or within 20 metres","Daylight","Fine no high winds","Dry","Pedestrian"
"6486","2016133781557",2016-07-08,2016,"Jul",8,"20:30",20,30,"Friday","Slight",1,"Slight","Car occupant","Driver or rider","Male",26,"Unclassified","Single carriageway",30,"Unclassified","Not a Pedestrian","Not a Pedestrian",428010,429037,"E01011531",2,"Roundabout","Daylight","Fine no high winds","Dry","Car occupant"
"6487","2016133791948",2016-07-09,2016,"Jul",9,"23:47",23,47,"Saturday","Serious",1,"Serious","Motorcycle 125cc and under rider or passenger","Driver or rider","Male",39,"Unclassified","Single carriageway",20,NA,"Not a Pedestrian","Not a Pedestrian",428569,429799,"E01011321",1,"Not at junction or within 20 metres","Darkness - lights lit","Fine no high winds","Dry","Motorcyclist and pillion"
"6488","20161337A0567",2016-07-10,2016,"Jul",10,"09:55",9,55,"Sunday","Serious",4,"Slight","Car occupant","Driver or rider","Female",52,"A","Single carriageway",30,NA,"Not a Pedestrian","Not a Pedestrian",436167,427605,"E01011635",4,"Not at junction or within 20 metres","Daylight","Fine no high winds","Dry","Car occupant"
"6489","20161337A0567",2016-07-10,2016,"Jul",10,"09:55",9,55,"Sunday","Serious",4,"Serious","Cyclist","Driver or rider","Male",75,"A","Single carriageway",30,NA,"Not a Pedestrian","Not a Pedestrian",436167,427605,"E01011635",4,"Not at junction or within 20 metres","Daylight","Fine no high winds","Dry","Cyclist"
"6490","20161337A0567",2016-07-10,2016,"Jul",10,"09:55",9,55,"Sunday","Serious",4,"Serious","Cyclist","Driver or rider","Male",68,"A","Single carriageway",30,NA,"Not a Pedestrian","Not a Pedestrian",436167,427605,"E01011635",4,"Not at junction or within 20 metres","Daylight","Fine no high winds","Dry","Cyclist"
"6491","20161337A0567",2016-07-10,2016,"Jul",10,"09:55",9,55,"Sunday","Serious",4,"Slight","Cyclist","Driver or rider","Male",74,"A","Single carriageway",30,NA,"Not a Pedestrian","Not a Pedestrian",436167,427605,"E01011635",4,"Not at junction or within 20 metres","Daylight","Fine no high winds","Dry","Cyclist"
"6492","20161337A0666",2016-07-10,2016,"Jul",10,"10:15",10,15,"Sunday","Slight",1,"Slight","Cyclist","Driver or rider","Male",28,"A","Single carriageway",50,"A","Not a Pedestrian","Not a Pedestrian",431247,445731,"E01011561",2,"T or staggered junction","Daylight","Fine no high winds","Dry","Cyclist"
"6493","20161337A0763",2016-07-10,2016,"Jul",10,"12:10",12,10,"Sunday","Slight",2,"Slight","Car occupant","Driver or rider","Male",56,"A","Single carriageway",50,NA,"Not a Pedestrian","Not a Pedestrian",439119,439232,"E01011715",3,"Not at junction or within 20 metres","Daylight","Fine no high winds","Dry","Car occupant"
"6494","20161337A0763",2016-07-10,2016,"Jul",10,"12:10",12,10,"Sunday","Slight",2,"Slight","Car occupant","Passenger","Female",32,"A","Single carriageway",50,NA,"Not a Pedestrian","Not a Pedestrian",439119,439232,"E01011715",3,"Not at junction or within 20 metres","Daylight","Fine no high winds","Dry","Car occupant"
"6495","20161337A0941",2016-07-10,2016,"Jul",10,"14:12",14,12,"Sunday","Slight",1,"Slight","Car occupant","Driver or rider","Male",22,"Unclassified","Single carriageway",30,NA,"Not a Pedestrian","Not a Pedestrian",432348,437010,"E01011641",1,"Not at junction or within 20 metres","Daylight","Fine no high winds","Dry","Car occupant"
"6496","20161337A1233",2016-07-10,2016,"Jul",10,"15:45",15,45,"Sunday","Slight",1,"Slight","Motorcycle 125cc and under rider or passenger","Driver or rider","Male",19,"Unclassified","Single carriageway",30,NA,"Not a Pedestrian","Not a Pedestrian",430005,435549,"E01011670",2,"Not at junction or within 20 metres","Daylight","Fine no high winds","Dry","Motorcyclist and pillion"
"6497","20161337A1580",2016-07-10,2016,"Jul",10,"19:45",19,45,"Sunday","Slight",2,"Slight","Car occupant","Driver or rider","Male",30,"Motorway","Dual carriageway",70,NA,"Not a Pedestrian","Not a Pedestrian",429681,426415,"E01011538",2,"Not at junction or within 20 metres","Daylight","Fine no high winds","Dry","Car occupant"
"6498","20161337A1580",2016-07-10,2016,"Jul",10,"19:45",19,45,"Sunday","Slight",2,"Slight","Car occupant","Driver or rider","Female",25,"Motorway","Dual carriageway",70,NA,"Not a Pedestrian","Not a Pedestrian",429681,426415,"E01011538",2,"Not at junction or within 20 metres","Daylight","Fine no high winds","Dry","Car occupant"
"6499","20161337B1764",2016-07-11,2016,"Jul",11,"08:40",8,40,"Monday","Slight",1,"Slight","Cyclist","Driver or rider","Female",11,"Unclassified","Single carriageway",30,"Unclassified","Not a Pedestrian","Not a Pedestrian",432749,439977,"E01011566",2,"T or staggered junction","Daylight","Fine no high winds","Dry","Cyclist"
"6500","20161337B1179",2016-07-11,2016,"Jul",11,"17:05",17,5,"Monday","Slight",2,"Slight","Car occupant","Driver or rider","Male",28,"A","Single carriageway",30,NA,"Not a Pedestrian","Not a Pedestrian",419585,441577,"E01011273",2,"Not at junction or within 20 metres","Daylight","Fine no high winds","Dry","Car occupant"
"6501","20161337B1179",2016-07-11,2016,"Jul",11,"17:05",17,5,"Monday","Slight",2,"Slight","Car occupant","Passenger","Female",27,"A","Single carriageway",30,NA,"Not a Pedestrian","Not a Pedestrian",419585,441577,"E01011273",2,"Not at junction or within 20 metres","Daylight","Fine no high winds","Dry","Car occupant"
"6502","20161337B1054",2016-07-11,2016,"Jul",11,"17:30",17,30,"Monday","Slight",1,"Slight","Pedestrian","Pedestrian","Female",10,"Unclassified","Single carriageway",30,NA,"On footway or verge","Unknown or other",427466,433288,"E01011293",1,"Not at junction or within 20 metres","Daylight","Fine no high winds","Dry","Pedestrian"
"6503","20161331D0503",2016-07-12,2016,"Jul",12,"08:00",8,0,"Tuesday","Serious",1,"Serious","Cyclist","Driver or rider","Male",51,"A","Single carriageway",30,NA,"Not a Pedestrian","Not a Pedestrian",426060,431588,"E01011737",2,"Not at junction or within 20 metres","Daylight","Fine no high winds","Dry","Cyclist"
"6504","20161337C1249",2016-07-12,2016,"Jul",12,"17:20",17,20,"Tuesday","Slight",1,"Slight","Cyclist","Driver or rider","Male",44,"A","Single carriageway",50,"Unclassified","Not a Pedestrian","Not a Pedestrian",435165,438764,"E01011714",2,"T or staggered junction","Daylight","Fine no high winds","Dry","Cyclist"
"6505","20161337D0249",2016-07-12,2016,"Jul",12,"18:15",18,15,"Tuesday","Serious",1,"Serious","Cyclist","Driver or rider","Male",34,"Unclassified","Single carriageway",30,"Unclassified","Not a Pedestrian","Not a Pedestrian",423323,434982,"E01011333",2,"T or staggered junction","Daylight","Fine no high winds","Dry","Cyclist"
"6506","20161337D0257",2016-07-13,2016,"Jul",13,"07:39",7,39,"Wednesday","Slight",1,"Slight","Cyclist","Driver or rider","Female",26,"Unclassified","Single carriageway",30,"Unclassified","Not a Pedestrian","Not a Pedestrian",427705,432602,"E01011362",2,"T or staggered junction","Daylight","Fine no high winds","Dry","Cyclist"
"6507","20161337D0580",2016-07-13,2016,"Jul",13,"11:40",11,40,"Wednesday","Slight",3,"Slight","Taxi/Private hire car occupant","Driver or rider","Male",48,"A","Dual carriageway",30,"B","Not a Pedestrian","Not a Pedestrian",430894,436566,"E01011356",2,"Crossroads","Daylight","Fine no high winds","Dry","Car occupant"
"6508","20161337D0580",2016-07-13,2016,"Jul",13,"11:40",11,40,"Wednesday","Slight",3,"Slight","Car occupant","Driver or rider","Male",35,"A","Dual carriageway",30,"B","Not a Pedestrian","Not a Pedestrian",430894,436566,"E01011356",2,"Crossroads","Daylight","Fine no high winds","Dry","Car occupant"
"6509","20161337D0580",2016-07-13,2016,"Jul",13,"11:40",11,40,"Wednesday","Slight",3,"Slight","Car occupant","Passenger","Female",18,"A","Dual carriageway",30,"B","Not a Pedestrian","Not a Pedestrian",430894,436566,"E01011356",2,"Crossroads","Daylight","Fine no high winds","Dry","Car occupant"
"6510","20161337D0926",2016-07-13,2016,"Jul",13,"14:53",14,53,"Wednesday","Slight",1,"Slight","Pedestrian","Pedestrian","Male",77,"Unclassified","Single carriageway",30,"Unclassified","In carriageway, crossing elsewhere","Crossing from driver's nearside",428759,430848,"E01011315",1,"Roundabout","Daylight","Fine no high winds","Dry","Pedestrian"
"6511","20161337D1294",2016-07-13,2016,"Jul",13,"17:45",17,45,"Wednesday","Slight",2,"Slight","Car occupant","Passenger","Female",14,"A","Roundabout",30,"Unclassified","Not a Pedestrian","Not a Pedestrian",426648,437199,"E01011685",2,"Roundabout","Daylight","Fine no high winds","Dry","Car occupant"
"6512","20161337D1294",2016-07-13,2016,"Jul",13,"17:45",17,45,"Wednesday","Slight",2,"Slight","Car occupant","Driver or rider","Female",56,"A","Roundabout",30,"Unclassified","Not a Pedestrian","Not a Pedestrian",426648,437199,"E01011685",2,"Roundabout","Daylight","Fine no high winds","Dry","Car occupant"
"6513","20161337D1428",2016-07-13,2016,"Jul",13,"18:50",18,50,"Wednesday","Slight",1,"Slight","Motorcycle over 500cc rider or passenger","Driver or rider","Female",57,"A","Roundabout",40,"Unclassified","Not a Pedestrian","Not a Pedestrian",428497,433110,"E01011363",2,"Roundabout","Daylight","Fine no high winds","Dry","Motorcyclist and pillion"
"6514","20161337D1634",2016-07-13,2016,"Jul",13,"21:02",21,2,"Wednesday","Slight",2,"Slight","Car occupant","Driver or rider","Male",74,"A","Single carriageway",40,NA,"Not a Pedestrian","Not a Pedestrian",427998,433602,"E01011294",1,"Not at junction or within 20 metres","Daylight","Fine no high winds","Dry","Car occupant"
"6515","20161337D1634",2016-07-13,2016,"Jul",13,"21:02",21,2,"Wednesday","Slight",2,"Slight","Car occupant","Passenger","Female",77,"A","Single carriageway",40,NA,"Not a Pedestrian","Not a Pedestrian",427998,433602,"E01011294",1,"Not at junction or within 20 metres","Daylight","Fine no high winds","Dry","Car occupant"
"6516","20161337D1716",2016-07-13,2016,"Jul",13,"21:53",21,53,"Wednesday","Slight",1,"Slight","Motorcycle over 500cc rider or passenger","Driver or rider","Male",39,"Unclassified","Single carriageway",30,NA,"Not a Pedestrian","Not a Pedestrian",430956,434429,"E01033003",2,"Not at junction or within 20 metres","Darkness - lights lit","Fine no high winds","Dry","Motorcyclist and pillion"
"6517","2016133791808",2016-07-14,2016,"Jul",14,"01:30",1,30,"Thursday","Slight",1,"Slight","Taxi/Private hire car occupant","Passenger","Female",22,"A","Single carriageway",30,NA,"Not a Pedestrian","Not a Pedestrian",430082,432334,"E01033016",1,"Not at junction or within 20 metres","Darkness - lights lit","Unknown","Dry","Car occupant"
"6518","20161337E0280",2016-07-14,2016,"Jul",14,"08:00",8,0,"Thursday","Slight",1,"Slight","Motorcycle over 500cc rider or passenger","Driver or rider","Male",39,"A","Dual carriageway",40,"Unclassified","Not a Pedestrian","Not a Pedestrian",429138,435250,"E01033005",2,"Other junction","Daylight","Fine no high winds","Dry","Motorcyclist and pillion"
"6519","20161337E0310",2016-07-14,2016,"Jul",14,"08:25",8,25,"Thursday","Slight",1,"Slight","Car occupant","Driver or rider","Male",21,"A","Single carriageway",40,NA,"Not a Pedestrian","Not a Pedestrian",425577,426912,"E01011534",2,"Not at junction or within 20 metres","Daylight","Fine no high winds","Dry","Car occupant"
"6520","20161337J0552",2016-07-14,2016,"Jul",14,"09:10",9,10,"Thursday","Slight",1,"Slight","Pedestrian","Pedestrian","Male",48,"A","Single carriageway",30,NA,"On footway or verge","Unknown or other",429576,434758,"E01033006",1,"Not at junction or within 20 metres","Daylight","Fine no high winds","Dry","Pedestrian"
"6521","20161337G0543",2016-07-14,2016,"Jul",14,"09:15",9,15,"Thursday","Slight",1,"Slight","Car occupant","Driver or rider","Female",27,"A","Single carriageway",40,NA,"Not a Pedestrian","Not a Pedestrian",428108,431150,"E01011369",2,"Not at junction or within 20 metres","Daylight","Fine no high winds","Dry","Car occupant"
"6522","20161337E0392",2016-07-14,2016,"Jul",14,"09:35",9,35,"Thursday","Serious",1,"Serious","Pedestrian","Pedestrian","Female",72,"Unclassified","Single carriageway",30,"Unclassified","In carriageway, crossing elsewhere","Crossing from driver's offside",430816,438823,"E01011512",1,"T or staggered junction","Daylight","Fine no high winds","Dry","Pedestrian"
"6523","20161337E0436",2016-07-14,2016,"Jul",14,"10:00",10,0,"Thursday","Serious",2,"Slight","Car occupant","Driver or rider","Female",65,"A","Single carriageway",30,"Unclassified","Not a Pedestrian","Not a Pedestrian",427300,433624,"E01011293",1,"More than 4 arms (not roundabout)","Daylight","Fine no high winds","Dry","Car occupant"
"6524","20161337E0436",2016-07-14,2016,"Jul",14,"10:00",10,0,"Thursday","Serious",2,"Serious","Pedestrian","Pedestrian","Female",30,"A","Single carriageway",30,"Unclassified","Crossing on pedestrian crossing facility","Crossing from driver's offside",427300,433624,"E01011293",1,"More than 4 arms (not roundabout)","Daylight","Fine no high winds","Dry","Pedestrian"
"6525","20161337E0791",2016-07-14,2016,"Jul",14,"13:30",13,30,"Thursday","Slight",1,"Slight","Motorcycle 125cc and under rider or passenger","Driver or rider","Male",51,"Unclassified","Single carriageway",30,NA,"Not a Pedestrian","Not a Pedestrian",440913,433755,"E01011400",2,"Not at junction or within 20 metres","Daylight","Fine no high winds","Dry","Motorcyclist and pillion"
"6526","20161337F0307",2016-07-15,2016,"Jul",15,"08:44",8,44,"Friday","Serious",1,"Serious","Car occupant","Driver or rider","Female",44,"Unclassified","Single carriageway",30,NA,"Not a Pedestrian","Not a Pedestrian",432776,440432,"E01011561",1,"Not at junction or within 20 metres","Daylight","Fine no high winds","Dry","Car occupant"