"","accident_index","date","year","month","day","time","time_hour","time_minute","day_of_week","accident_severity","number_of_casualties","casualty_severity","casualty_type","casualty_class","sex_of_casualty","age_of_casualty","first_road_class","road_type","speed_limit","second_road_class","pedestrian_location","pedestrian_movement","location_easting_osgr","location_northing_osgr","lsoa_of_accident_location","number_of_vehicles","junction_detail","light_conditions","weather_conditions","road_surface_conditions","cas_type"
"6527","20161337F0372",2016-07-15,2016,"Jul",15,"09:30",9,30,"Friday","Serious",1,"Serious","Car occupant","Driver or rider","Female",95,"Unclassified","Single carriageway",30,"Unclassified","Not a Pedestrian","Not a Pedestrian",427121,439291,"E01011386",2,"T or staggered junction","Daylight","Fine no high winds","Dry","Car occupant"
"6528","20161337F0643",2016-07-15,2016,"Jul",15,"12:15",12,15,"Friday","Slight",1,"Slight","Car occupant","Driver or rider","Male",74,"A","Single carriageway",40,"Unclassified","Not a Pedestrian","Not a Pedestrian",424748,428788,"E01011522",1,"T or staggered junction","Daylight","Fine no high winds","Dry","Car occupant"
"6529","20161337F1210",2016-07-15,2016,"Jul",15,"15:10",15,10,"Friday","Slight",1,"Slight","Cyclist","Driver or rider","Male",13,"Unclassified","Single carriageway",30,NA,"Not a Pedestrian","Not a Pedestrian",433985,435116,"E01011339",2,"Not at junction or within 20 metres","Daylight","Fine no high winds","Dry","Cyclist"
"6530","20161337F1378",2016-07-15,2016,"Jul",15,"16:30",16,30,"Friday","Slight",2,"Slight","Car occupant","Driver or rider","Male",17,"A","Dual carriageway",40,"A","Not a Pedestrian","Not a Pedestrian",436097,435599,"E01011724",3,"Roundabout","Daylight","Fine no high winds","Dry","Car occupant"
"6531","20161337F1378",2016-07-15,2016,"Jul",15,"16:30",16,30,"Friday","Slight",2,"Slight","Car occupant","Passenger","Male",17,"A","Dual carriageway",40,"A","Not a Pedestrian","Not a Pedestrian",436097,435599,"E01011724",3,"Roundabout","Daylight","Fine no high winds","Dry","Car occupant"
"6532","20161337F1996",2016-07-15,2016,"Jul",15,"23:25",23,25,"Friday","Serious",1,"Serious","Pedestrian","Pedestrian","Male",63,"A","Dual carriageway",40,NA,"Unknown or other","Unknown or other",427884,430471,"E01011317",1,"Not at junction or within 20 metres","Darkness - lights lit","Fine no high winds","Dry","Pedestrian"
"6533","20161337G0113",2016-07-16,2016,"Jul",16,"00:55",0,55,"Saturday","Slight",1,"Slight","Taxi/Private hire car occupant","Driver or rider","Male",59,"Unclassified","Single carriageway",30,NA,"Not a Pedestrian","Not a Pedestrian",422938,435923,"E01011327",2,"Not at junction or within 20 metres","Darkness - lights lit","Fine no high winds","Dry","Car occupant"
"6534","20161337G0757",2016-07-16,2016,"Jul",16,"10:15",10,15,"Saturday","Slight",1,"Slight","Van / Goods vehicle (3.5 tonnes mgw or under) occupant","Driver or rider","Male",23,"A","Dual carriageway",40,"A","Not a Pedestrian","Not a Pedestrian",433911,434094,"E01011346",2,"T or staggered junction","Daylight","Fine no high winds","Dry","Bus and goods vehicle occupant"
"6535","20161337G0944",2016-07-16,2016,"Jul",16,"12:21",12,21,"Saturday","Slight",1,"Slight","Van / Goods vehicle (3.5 tonnes mgw or under) occupant","Passenger","Female",22,"A","Single carriageway",40,NA,"Not a Pedestrian","Not a Pedestrian",418045,444559,"E01011573",2,"Not at junction or within 20 metres","Daylight","Unknown","Dry","Bus and goods vehicle occupant"
"6536","20161337G1431",2016-07-16,2016,"Jul",16,"18:15",18,15,"Saturday","Slight",1,"Slight","Pedestrian","Pedestrian","Female",8,"Unclassified","Dual carriageway",30,NA,"Crossing on pedestrian crossing facility","Crossing from driver's nearside",431190,431851,"E01011467",1,"Not at junction or within 20 metres","Daylight","Fine no high winds","Dry","Pedestrian"
"6537","20161337G1440",2016-07-16,2016,"Jul",16,"18:15",18,15,"Saturday","Slight",1,"Slight","Pedestrian","Pedestrian","Male",16,"Unclassified","Single carriageway",30,"A","In carriageway, crossing elsewhere","Crossing from driver's offside",426344,428465,"E01011525",1,"T or staggered junction","Daylight","Fine no high winds","Dry","Pedestrian"
"6538","20161337G1905",2016-07-16,2016,"Jul",16,"21:44",21,44,"Saturday","Slight",1,"Slight","Car occupant","Driver or rider","Male",32,"Unclassified","Single carriageway",30,NA,"Not a Pedestrian","Not a Pedestrian",433535,434439,"E01011342",3,"Not at junction or within 20 metres","Daylight","Fine no high winds","Dry","Car occupant"
"6539","20161337H0582",2016-07-17,2016,"Jul",17,"09:15",9,15,"Sunday","Serious",1,"Serious","Pedestrian","Pedestrian","Male",21,"Unclassified","Single carriageway",30,NA,"In carriageway, crossing elsewhere","Crossing from driver's nearside",428911,429902,"E01011320",1,"Not at junction or within 20 metres","Daylight","Fine no high winds","Dry","Pedestrian"
"6540","20161337H0648",2016-07-17,2016,"Jul",17,"10:17",10,17,"Sunday","Slight",1,"Slight","Car occupant","Passenger","Male",19,"A(M)","Dual carriageway",70,NA,"Not a Pedestrian","Not a Pedestrian",443576,438006,"E01011309",2,"Not at junction or within 20 metres","Daylight","Fine no high winds","Dry","Car occupant"
"6541","20161337H0789",2016-07-17,2016,"Jul",17,"12:14",12,14,"Sunday","Serious",1,"Serious","Cyclist","Driver or rider","Male",27,"Unclassified","Single carriageway",30,"Unclassified","Not a Pedestrian","Not a Pedestrian",428912,431814,"E01011368",2,"Crossroads","Daylight","Fine no high winds","Dry","Cyclist"
"6542","20161337H1010",2016-07-17,2016,"Jul",17,"14:18",14,18,"Sunday","Slight",1,"Slight","Cyclist","Driver or rider","Female",27,"Unclassified","Single carriageway",30,"Unclassified","Not a Pedestrian","Not a Pedestrian",430214,432919,"E01033016",2,"T or staggered junction","Daylight","Fine no high winds","Dry","Cyclist"
"6543","20161337H1008",2016-07-17,2016,"Jul",17,"14:21",14,21,"Sunday","Slight",2,"Slight","Taxi/Private hire car occupant","Driver or rider","Male",62,"A","Single carriageway",30,NA,"Not a Pedestrian","Not a Pedestrian",430841,435054,"E01011361",2,"Not at junction or within 20 metres","Daylight","Fine no high winds","Dry","Car occupant"
"6544","20161337H1008",2016-07-17,2016,"Jul",17,"14:21",14,21,"Sunday","Slight",2,"Slight","Car occupant","Driver or rider","Female",46,"A","Single carriageway",30,NA,"Not a Pedestrian","Not a Pedestrian",430841,435054,"E01011361",2,"Not at junction or within 20 metres","Daylight","Fine no high winds","Dry","Car occupant"
"6545","20161337H1476",2016-07-17,2016,"Jul",17,"17:55",17,55,"Sunday","Slight",1,"Slight","Car occupant","Passenger","Male",10,"Motorway","Dual carriageway",70,NA,"Not a Pedestrian","Not a Pedestrian",429103,426407,"E01011538",2,"Not at junction or within 20 metres","Daylight","Fine no high winds","Dry","Car occupant"
"6546","20161337H2053",2016-07-17,2016,"Jul",17,"22:10",22,10,"Sunday","Slight",1,"Slight","Pedestrian","Pedestrian","Male",54,"A","Single carriageway",30,NA,"Unknown or other","Unknown or other",431485,435119,"E01011673",1,"Not at junction or within 20 metres","Darkness - lighting unknown","Unknown","Dry","Pedestrian"
"6547","20161337I0341",2016-07-18,2016,"Jul",18,"08:45",8,45,"Monday","Slight",1,"Slight","Cyclist","Driver or rider","Female",30,"Unclassified","Dual carriageway",30,"Unclassified","Not a Pedestrian","Not a Pedestrian",429684,432711,"E01033032",2,"T or staggered junction","Daylight","Fine no high winds","Dry","Cyclist"
"6548","20161337I0790",2016-07-18,2016,"Jul",18,"09:30",9,30,"Monday","Slight",1,"Slight","Bus or coach occupant (17 or more pass seats)","Passenger","Female",87,"Unclassified","One way street",30,NA,"Not a Pedestrian","Not a Pedestrian",430371,433422,"E01033011",1,"Not at junction or within 20 metres","Daylight","Fine no high winds","Dry","Bus and goods vehicle occupant"
"6549","20161337I0734",2016-07-18,2016,"Jul",18,"11:05",11,5,"Monday","Slight",1,"Slight","Bus or coach occupant (17 or more pass seats)","Passenger","Female",86,"A","Unknown",20,NA,"Not a Pedestrian","Not a Pedestrian",430729,433498,"E01033011",1,"Not at junction or within 20 metres","Daylight","Fine no high winds","Dry","Bus and goods vehicle occupant"
"6550","20161337I0717",2016-07-18,2016,"Jul",18,"12:35",12,35,"Monday","Slight",3,"Slight","Car occupant","Driver or rider","Male",30,"Unclassified","Single carriageway",30,"Unclassified","Not a Pedestrian","Not a Pedestrian",435643,437442,"E01011720",2,"T or staggered junction","Daylight","Fine no high winds","Dry","Car occupant"
"6551","20161337I0717",2016-07-18,2016,"Jul",18,"12:35",12,35,"Monday","Slight",3,"Slight","Car occupant","Driver or rider","Female",26,"Unclassified","Single carriageway",30,"Unclassified","Not a Pedestrian","Not a Pedestrian",435643,437442,"E01011720",2,"T or staggered junction","Daylight","Fine no high winds","Dry","Car occupant"
"6552","20161337I0717",2016-07-18,2016,"Jul",18,"12:35",12,35,"Monday","Slight",3,"Slight","Car occupant","Passenger","Female",43,"Unclassified","Single carriageway",30,"Unclassified","Not a Pedestrian","Not a Pedestrian",435643,437442,"E01011720",2,"T or staggered junction","Daylight","Fine no high winds","Dry","Car occupant"
"6553","20161337I0750",2016-07-18,2016,"Jul",18,"12:50",12,50,"Monday","Slight",1,"Slight","Goods vehicle (7.5 tonnes mgw and over) occupant","Passenger","Male",20,"Motorway","Dual carriageway",70,NA,"Not a Pedestrian","Not a Pedestrian",437289,425739,"E01011636",2,"Not at junction or within 20 metres","Daylight","Fine no high winds","Dry","Bus and goods vehicle occupant"
"6554","20161337I0812",2016-07-18,2016,"Jul",18,"13:00",13,0,"Monday","Slight",1,"Slight","Car occupant","Driver or rider","Male",19,"Unclassified","Single carriageway",30,NA,"Not a Pedestrian","Not a Pedestrian",431347,430155,"E01011472",2,"Not at junction or within 20 metres","Daylight","Unknown","Dry","Car occupant"
"6555","20161337I1115",2016-07-18,2016,"Jul",18,"15:52",15,52,"Monday","Slight",1,"Slight","Car occupant","Driver or rider","Male",31,"Motorway","Dual carriageway",70,NA,"Not a Pedestrian","Not a Pedestrian",436095,425920,"E01011636",2,"Not at junction or within 20 metres","Daylight","Fine no high winds","Dry","Car occupant"
"6556","20161337I1278",2016-07-18,2016,"Jul",18,"16:50",16,50,"Monday","Slight",1,"Slight","Cyclist","Driver or rider","Male",9,"Unclassified","Single carriageway",30,NA,"Not a Pedestrian","Not a Pedestrian",420518,433922,"E01011597",2,"Not at junction or within 20 metres","Daylight","Fine no high winds","Dry","Cyclist"
"6557","20161337I1355",2016-07-18,2016,"Jul",18,"17:36",17,36,"Monday","Slight",1,"Slight","Pedestrian","Pedestrian","Female",13,"Unclassified","Single carriageway",30,NA,"In carriageway, crossing elsewhere","Unknown or other",429414,435419,"E01011668",1,"Not at junction or within 20 metres","Daylight","Unknown","Dry","Pedestrian"
"6558","20161337I1719",2016-07-18,2016,"Jul",18,"20:00",20,0,"Monday","Serious",2,"Serious","Motorcycle over 125cc and up to 500cc rider or  passenger","Driver or rider","Male",28,"Unclassified","Single carriageway",60,NA,"Not a Pedestrian","Not a Pedestrian",445252,427977,"E01011299",2,"Not at junction or within 20 metres","Daylight","Fine no high winds","Dry","Motorcyclist and pillion"
"6559","20161337I1719",2016-07-18,2016,"Jul",18,"20:00",20,0,"Monday","Serious",2,"Slight","Motorcycle over 125cc and up to 500cc rider or  passenger","Passenger","Male",21,"Unclassified","Single carriageway",60,NA,"Not a Pedestrian","Not a Pedestrian",445252,427977,"E01011299",2,"Not at junction or within 20 metres","Daylight","Fine no high winds","Dry","Motorcyclist and pillion"
"6560","20161337I1756",2016-07-18,2016,"Jul",18,"20:28",20,28,"Monday","Slight",1,"Slight","Car occupant","Passenger","Female",19,"A","Dual carriageway",40,"A","Not a Pedestrian","Not a Pedestrian",425184,434351,"E01032606",2,"T or staggered junction","Darkness - lighting unknown","Unknown","Dry","Car occupant"
"6561","20161337J0373",2016-07-19,2016,"Jul",19,"07:20",7,20,"Tuesday","Slight",2,"Slight","Bus or coach occupant (17 or more pass seats)","Passenger","Female",26,"A","Single carriageway",30,NA,"Not a Pedestrian","Not a Pedestrian",429513,434863,"E01033006",2,"Not at junction or within 20 metres","Daylight","Fine no high winds","Dry","Bus and goods vehicle occupant"
"6562","20161337J0373",2016-07-19,2016,"Jul",19,"07:20",7,20,"Tuesday","Slight",2,"Slight","Bus or coach occupant (17 or more pass seats)","Passenger","Female",2,"A","Single carriageway",30,NA,"Not a Pedestrian","Not a Pedestrian",429513,434863,"E01033006",2,"Not at junction or within 20 metres","Daylight","Fine no high winds","Dry","Bus and goods vehicle occupant"
"6563","20161337J0363",2016-07-19,2016,"Jul",19,"08:30",8,30,"Tuesday","Slight",1,"Slight","Car occupant","Driver or rider","Female",22,"Unclassified","Single carriageway",30,NA,"Not a Pedestrian","Not a Pedestrian",424193,434801,"E01011331",2,"Not at junction or within 20 metres","Daylight","Unknown","Dry","Car occupant"
"6564","20161337J0445",2016-07-19,2016,"Jul",19,"09:20",9,20,"Tuesday","Slight",1,"Slight","Taxi/Private hire car occupant","Passenger","Female",28,"A","Dual carriageway",50,"A","Not a Pedestrian","Not a Pedestrian",429867,434398,"E01033008",3,"Other junction","Daylight","Fine no high winds","Dry","Car occupant"
"6565","20161337J0850",2016-07-19,2016,"Jul",19,"13:00",13,0,"Tuesday","Slight",1,"Slight","Car occupant","Driver or rider","Male",42,"Unclassified","Single carriageway",30,NA,"Not a Pedestrian","Not a Pedestrian",430797,436691,"E01011352",2,"Not at junction or within 20 metres","Daylight","Fine no high winds","Dry","Car occupant"
"6566","20161337J1550",2016-07-19,2016,"Jul",19,"18:09",18,9,"Tuesday","Slight",2,"Slight","Car occupant","Driver or rider","Female",22,"Unclassified","Single carriageway",30,"Unclassified","Not a Pedestrian","Not a Pedestrian",434551,436870,"E01011656",3,"T or staggered junction","Daylight","Fine no high winds","Dry","Car occupant"
"6567","20161337J1550",2016-07-19,2016,"Jul",19,"18:09",18,9,"Tuesday","Slight",2,"Slight","Car occupant","Passenger","Female",22,"Unclassified","Single carriageway",30,"Unclassified","Not a Pedestrian","Not a Pedestrian",434551,436870,"E01011656",3,"T or staggered junction","Daylight","Fine no high winds","Dry","Car occupant"
"6568","20161337J2096",2016-07-19,2016,"Jul",19,"22:15",22,15,"Tuesday","Slight",6,"Slight","Taxi/Private hire car occupant","Driver or rider","Male",34,"Motorway","Dual carriageway",50,"Unclassified","Not a Pedestrian","Not a Pedestrian",429586,432073,"E01011364",2,"Slip road","Darkness - lights lit","Fine no high winds","Dry","Car occupant"
"6569","20161337J2096",2016-07-19,2016,"Jul",19,"22:15",22,15,"Tuesday","Slight",6,"Slight","Taxi/Private hire car occupant","Passenger","Male",38,"Motorway","Dual carriageway",50,"Unclassified","Not a Pedestrian","Not a Pedestrian",429586,432073,"E01011364",2,"Slip road","Darkness - lights lit","Fine no high winds","Dry","Car occupant"
"6570","20161337J2096",2016-07-19,2016,"Jul",19,"22:15",22,15,"Tuesday","Slight",6,"Slight","Car occupant","Driver or rider","Female",22,"Motorway","Dual carriageway",50,"Unclassified","Not a Pedestrian","Not a Pedestrian",429586,432073,"E01011364",2,"Slip road","Darkness - lights lit","Fine no high winds","Dry","Car occupant"
"6571","20161337J2096",2016-07-19,2016,"Jul",19,"22:15",22,15,"Tuesday","Slight",6,"Slight","Car occupant","Passenger","Female",23,"Motorway","Dual carriageway",50,"Unclassified","Not a Pedestrian","Not a Pedestrian",429586,432073,"E01011364",2,"Slip road","Darkness - lights lit","Fine no high winds","Dry","Car occupant"
"6572","20161337J2096",2016-07-19,2016,"Jul",19,"22:15",22,15,"Tuesday","Slight",6,"Slight","Car occupant","Passenger","Female",22,"Motorway","Dual carriageway",50,"Unclassified","Not a Pedestrian","Not a Pedestrian",429586,432073,"E01011364",2,"Slip road","Darkness - lights lit","Fine no high winds","Dry","Car occupant"
"6573","20161337J2096",2016-07-19,2016,"Jul",19,"22:15",22,15,"Tuesday","Slight",6,"Slight","Car occupant","Passenger","Female",24,"Motorway","Dual carriageway",50,"Unclassified","Not a Pedestrian","Not a Pedestrian",429586,432073,"E01011364",2,"Slip road","Darkness - lights lit","Fine no high winds","Dry","Car occupant"
"6574","20161337K0356",2016-07-20,2016,"Jul",20,"07:47",7,47,"Wednesday","Slight",1,"Slight","Cyclist","Driver or rider","Male",37,"Unclassified","Single carriageway",40,NA,"Not a Pedestrian","Not a Pedestrian",422737,437815,"E01011452",2,"Not at junction or within 20 metres","Daylight","Fine no high winds","Dry","Cyclist"
"6575","20161337K0371",2016-07-20,2016,"Jul",20,"08:03",8,3,"Wednesday","Slight",1,"Slight","Cyclist","Driver or rider","Male",25,"A","Single carriageway",30,"Unclassified","Not a Pedestrian","Not a Pedestrian",428717,435614,"E01032946",2,"T or staggered junction","Daylight","Fine no high winds","Dry","Cyclist"
"6576","20161337K0447",2016-07-20,2016,"Jul",20,"09:00",9,0,"Wednesday","Serious",1,"Serious","Cyclist","Driver or rider","Male",25,"A","Single carriageway",30,"Unclassified","Not a Pedestrian","Not a Pedestrian",428906,435515,"E01011443",2,"T or staggered junction","Daylight","Fine no high winds","Dry","Cyclist"
"6577","20161337K0846",2016-07-20,2016,"Jul",20,"12:45",12,45,"Wednesday","Serious",1,"Serious","Bus or coach occupant (17 or more pass seats)","Passenger","Male",85,"A","Single carriageway",30,"B","Not a Pedestrian","Not a Pedestrian",432064,431134,"E01011468",2,"T or staggered junction","Daylight","Fine no high winds","Dry","Bus and goods vehicle occupant"
"6578","20161337K1091",2016-07-20,2016,"Jul",20,"14:50",14,50,"Wednesday","Slight",1,"Slight","Cyclist","Driver or rider","Male",14,"Unclassified","Single carriageway",30,"Unclassified","Not a Pedestrian","Not a Pedestrian",435022,427788,"E01011636",2,"T or staggered junction","Daylight","Fine no high winds","Dry","Cyclist"
"6579","20161337K1113",2016-07-20,2016,"Jul",20,"15:00",15,0,"Wednesday","Slight",1,"Slight","Car occupant","Driver or rider","Female",38,"A","Single carriageway",30,NA,"Not a Pedestrian","Not a Pedestrian",432479,436554,"E01011645",2,"Not at junction or within 20 metres","Daylight","Fine no high winds","Dry","Car occupant"
"6580","20161337K1616",2016-07-20,2016,"Jul",20,"17:50",17,50,"Wednesday","Slight",1,"Slight","Bus or coach occupant (17 or more pass seats)","Passenger","Female",42,"A","Dual carriageway",30,"Unclassified","Not a Pedestrian","Not a Pedestrian",429056,433503,"E01033015",1,"T or staggered junction","Daylight","Fine no high winds","Dry","Bus and goods vehicle occupant"
"6581","20161337K1727",2016-07-20,2016,"Jul",20,"18:45",18,45,"Wednesday","Slight",1,"Slight","Car occupant","Driver or rider","Male",41,"Unclassified","Single carriageway",30,NA,"Not a Pedestrian","Not a Pedestrian",424816,434991,"E01011282",2,"Not at junction or within 20 metres","Daylight","Fine no high winds","Dry","Car occupant"
"6582","20161337L0094",2016-07-21,2016,"Jul",21,"01:21",1,21,"Thursday","Serious",1,"Serious","Car occupant","Passenger","Male",26,"Unclassified","Single carriageway",30,NA,"Not a Pedestrian","Not a Pedestrian",430272,427666,"E01011494",2,"Not at junction or within 20 metres","Darkness - lights lit","Fine no high winds","Dry","Car occupant"
"6583","20161337L0346",2016-07-21,2016,"Jul",21,"08:19",8,19,"Thursday","Slight",1,"Slight","Car occupant","Passenger","Male",6,"Unclassified","Single carriageway",30,NA,"Not a Pedestrian","Not a Pedestrian",436586,436187,"E01011723",2,"Not at junction or within 20 metres","Daylight","Fine no high winds","Dry","Car occupant"
"6584","20161337L0562",2016-07-21,2016,"Jul",21,"10:44",10,44,"Thursday","Slight",1,"Slight","Pedestrian","Pedestrian","Male",33,"Unclassified","Unknown",30,NA,"Unknown or other","Unknown or other",433671,432294,"E01011621",1,"Not at junction or within 20 metres","Daylight","Fine no high winds","Dry","Pedestrian"
"6585","20161337L0747",2016-07-21,2016,"Jul",21,"12:25",12,25,"Thursday","Slight",1,"Slight","Car occupant","Driver or rider","Female",29,"A","Single carriageway",30,NA,"Not a Pedestrian","Not a Pedestrian",439410,446133,"E01011706",1,"Not at junction or within 20 metres","Daylight","Fine no high winds","Dry","Car occupant"
"6586","20161337L0904",2016-07-21,2016,"Jul",21,"13:44",13,44,"Thursday","Slight",1,"Slight","Car occupant","Driver or rider","Female",37,"B","Single carriageway",30,NA,"Not a Pedestrian","Not a Pedestrian",440511,448481,"E01011704",1,"Not at junction or within 20 metres","Daylight","Fine no high winds","Dry","Car occupant"
"6587","20161337L0956",2016-07-21,2016,"Jul",21,"14:05",14,5,"Thursday","Slight",1,"Slight","Car occupant","Driver or rider","Male",19,"A","One way street",30,NA,"Not a Pedestrian","Not a Pedestrian",430689,432976,"E01033018",2,"Not at junction or within 20 metres","Daylight","Fine no high winds","Dry","Car occupant"
"6588","20161337L1042",2016-07-21,2016,"Jul",21,"15:20",15,20,"Thursday","Slight",3,"Slight","Van / Goods vehicle (3.5 tonnes mgw or under) occupant","Passenger","Male",3,"C","Single carriageway",40,"Unclassified","Not a Pedestrian","Not a Pedestrian",422298,440478,"E01011580",2,"T or staggered junction","Daylight","Fine no high winds","Dry","Bus and goods vehicle occupant"
"6589","20161337L1042",2016-07-21,2016,"Jul",21,"15:20",15,20,"Thursday","Slight",3,"Slight","Car occupant","Driver or rider","Female",31,"C","Single carriageway",40,"Unclassified","Not a Pedestrian","Not a Pedestrian",422298,440478,"E01011580",2,"T or staggered junction","Daylight","Fine no high winds","Dry","Car occupant"
"6590","20161337L1042",2016-07-21,2016,"Jul",21,"15:20",15,20,"Thursday","Slight",3,"Slight","Car occupant","Passenger","Male",30,"C","Single carriageway",40,"Unclassified","Not a Pedestrian","Not a Pedestrian",422298,440478,"E01011580",2,"T or staggered junction","Daylight","Fine no high winds","Dry","Car occupant"
"6591","20161337L1135",2016-07-21,2016,"Jul",21,"15:20",15,20,"Thursday","Serious",1,"Serious","Pedestrian","Pedestrian","Male",13,"A","Single carriageway",40,"Unclassified","In carriageway, crossing elsewhere","Crossing from driver's nearside",425828,438092,"E01011684",1,"T or staggered junction","Daylight","Fine no high winds","Dry","Pedestrian"
"6592","20161337L1553",2016-07-21,2016,"Jul",21,"18:56",18,56,"Thursday","Slight",1,"Slight","Cyclist","Driver or rider","Female",21,"A","Single carriageway",30,"Unclassified","Not a Pedestrian","Not a Pedestrian",427991,436016,"E01011440",3,"T or staggered junction","Daylight","Fine no high winds","Dry","Cyclist"
"6593","20161337L1626",2016-07-21,2016,"Jul",21,"19:10",19,10,"Thursday","Slight",2,"Slight","Car occupant","Driver or rider","Male",37,"Unclassified","Single carriageway",30,NA,"Not a Pedestrian","Not a Pedestrian",430190,432168,"E01033016",2,"Not at junction or within 20 metres","Daylight","Fine no high winds","Dry","Car occupant"
"6594","20161337L1626",2016-07-21,2016,"Jul",21,"19:10",19,10,"Thursday","Slight",2,"Slight","Car occupant","Passenger","Female",26,"Unclassified","Single carriageway",30,NA,"Not a Pedestrian","Not a Pedestrian",430190,432168,"E01033016",2,"Not at junction or within 20 metres","Daylight","Fine no high winds","Dry","Car occupant"
"6595","20161337L1614",2016-07-21,2016,"Jul",21,"19:24",19,24,"Thursday","Slight",1,"Slight","Car occupant","Driver or rider","Male",72,"A","Roundabout",60,"Unclassified","Not a Pedestrian","Not a Pedestrian",421040,444980,"E01011569",1,"Roundabout","Daylight","Fine no high winds","Dry","Car occupant"
"6596","20161337M0362",2016-07-22,2016,"Jul",22,"08:07",8,7,"Friday","Serious",1,"Serious","Cyclist","Driver or rider","Male",49,"Unclassified","Single carriageway",30,"Unclassified","Not a Pedestrian","Not a Pedestrian",419578,446223,"E01011581",2,"T or staggered junction","Daylight","Fine no high winds","Dry","Cyclist"
"6597","20161337M1214",2016-07-22,2016,"Jul",22,"16:05",16,5,"Friday","Slight",1,"Slight","Cyclist","Driver or rider","Male",24,"Unclassified","Dual carriageway",30,"Unclassified","Not a Pedestrian","Not a Pedestrian",431297,429059,"E01011475",2,"T or staggered junction","Daylight","Fine no high winds","Dry","Cyclist"
"6598","20161337M1470",2016-07-22,2016,"Jul",22,"18:12",18,12,"Friday","Slight",1,"Slight","Motorcycle 125cc and under rider or passenger","Driver or rider","Male",26,"A","Dual carriageway",30,"A","Not a Pedestrian","Not a Pedestrian",430046,432671,"E01033032",2,"T or staggered junction","Daylight","Fine no high winds","Dry","Motorcyclist and pillion"
"6599","20161337N0042",2016-07-23,2016,"Jul",23,"00:14",0,14,"Saturday","Slight",3,"Slight","Car occupant","Driver or rider","Male",24,"A","Dual carriageway",40,NA,"Not a Pedestrian","Not a Pedestrian",420665,434351,"E01011595",3,"Not at junction or within 20 metres","Darkness - lights lit","Fine no high winds","Dry","Car occupant"
"6600","20161337N0042",2016-07-23,2016,"Jul",23,"00:14",0,14,"Saturday","Slight",3,"Slight","Car occupant","Passenger","Male",25,"A","Dual carriageway",40,NA,"Not a Pedestrian","Not a Pedestrian",420665,434351,"E01011595",3,"Not at junction or within 20 metres","Darkness - lights lit","Fine no high winds","Dry","Car occupant"
"6601","20161337N0042",2016-07-23,2016,"Jul",23,"00:14",0,14,"Saturday","Slight",3,"Slight","Car occupant","Passenger","Male",29,"A","Dual carriageway",40,NA,"Not a Pedestrian","Not a Pedestrian",420665,434351,"E01011595",3,"Not at junction or within 20 metres","Darkness - lights lit","Fine no high winds","Dry","Car occupant"
"6602","20161337N0626",2016-07-23,2016,"Jul",23,"00:50",0,50,"Saturday","Slight",1,"Slight","Taxi/Private hire car occupant","Passenger","Male",57,"Unclassified","Single carriageway",30,NA,"Not a Pedestrian","Not a Pedestrian",426100,437038,"E01011485",1,"Not at junction or within 20 metres","Darkness - lights lit","Fine no high winds","Dry","Car occupant"
"6603","20161337N1854",2016-07-23,2016,"Jul",23,"13:00",13,0,"Saturday","Slight",1,"Slight","Motorcycle 125cc and under rider or passenger","Driver or rider","Male",20,"Unclassified","Single carriageway",30,"Unclassified","Not a Pedestrian","Not a Pedestrian",428727,431524,"E01011366",2,"Other junction","Daylight","Fine no high winds","Dry","Motorcyclist and pillion"
"6604","20161337N1563",2016-07-23,2016,"Jul",23,"18:20",18,20,"Saturday","Slight",1,"Slight","Cyclist","Driver or rider","Male",31,"Unclassified","Single carriageway",20,"Unclassified","Not a Pedestrian","Not a Pedestrian",431985,435541,"E01011428",2,"Crossroads","Daylight","Fine no high winds","Dry","Cyclist"
"6605","20161337O0620",2016-07-23,2016,"Jul",23,"19:00",19,0,"Saturday","Slight",1,"Slight","Car occupant","Passenger","Female",74,"A","Single carriageway",30,"Unclassified","Not a Pedestrian","Not a Pedestrian",430680,432578,"E01033018",2,"T or staggered junction","Daylight","Fine no high winds","Dry","Car occupant"
"6606","20161337N1916",2016-07-23,2016,"Jul",23,"20:05",20,5,"Saturday","Slight",1,"Slight","Cyclist","Driver or rider","Male",15,"Unclassified","Single carriageway",30,"Unclassified","Not a Pedestrian","Not a Pedestrian",420055,435412,"E01011590",2,"T or staggered junction","Daylight","Fine no high winds","Dry","Cyclist"
"6607","20161337O0142",2016-07-24,2016,"Jul",24,"01:00",1,0,"Sunday","Slight",1,"Slight","Car occupant","Driver or rider","Male",87,"A","Roundabout",60,"A","Not a Pedestrian","Not a Pedestrian",442979,431640,"E01011404",1,"Roundabout","Darkness - lights lit","Fine no high winds","Dry","Car occupant"
"6608","20161337O1315",2016-07-24,2016,"Jul",24,"04:00",4,0,"Sunday","Serious",1,"Serious","Pedestrian","Pedestrian","Male",25,"Unclassified","Dual carriageway",30,NA,"In carriageway, crossing elsewhere","Crossing from driver's nearside",430296,433400,"E01033010",1,"Not at junction or within 20 metres","Darkness - lights lit","Fine no high winds","Dry","Pedestrian"
"6609","20161337O0753",2016-07-24,2016,"Jul",24,"11:23",11,23,"Sunday","Slight",1,"Slight","Cyclist","Driver or rider","Male",14,"Unclassified","Single carriageway",30,NA,"Not a Pedestrian","Not a Pedestrian",429853,431858,"E01011364",2,"Not at junction or within 20 metres","Daylight","Fine no high winds","Dry","Cyclist"
"6610","20161337O1422",2016-07-24,2016,"Jul",24,"13:30",13,30,"Sunday","Slight",3,"Slight","Car occupant","Driver or rider","Male",34,"A","Dual carriageway",60,NA,"Not a Pedestrian","Not a Pedestrian",435881,436334,"E01011661",2,"Not at junction or within 20 metres","Daylight","Fine no high winds","Dry","Car occupant"