"","accident_index","date","year","month","day","time","time_hour","time_minute","day_of_week","accident_severity","number_of_casualties","casualty_severity","casualty_type","casualty_class","sex_of_casualty","age_of_casualty","first_road_class","road_type","speed_limit","second_road_class","pedestrian_location","pedestrian_movement","location_easting_osgr","location_northing_osgr","lsoa_of_accident_location","number_of_vehicles","junction_detail","light_conditions","weather_conditions","road_surface_conditions","cas_type"
"6695","2016133850395",2016-08-05,2016,"Aug",5,"09:20",9,20,"Friday","Slight",1,"Slight","Car occupant","Driver or rider","Female",30,"Unclassified","Single carriageway",30,"Unclassified","Not a Pedestrian","Not a Pedestrian",430539,436997,"E01011352",2,"Private drive or entrance","Daylight","Fine no high winds","Dry","Car occupant"
"6696","2016133851109",2016-08-05,2016,"Aug",5,"09:57",9,57,"Friday","Slight",1,"Slight","Bus or coach occupant (17 or more pass seats)","Passenger","Male",45,"Unclassified","Single carriageway",30,"Unclassified","Not a Pedestrian","Not a Pedestrian",430425,433460,"E01033010",2,"Crossroads","Daylight","Fine no high winds","Dry","Bus and goods vehicle occupant"
"6697","2016133850892",2016-08-05,2016,"Aug",5,"14:14",14,14,"Friday","Serious",1,"Serious","Car occupant","Driver or rider","Male",44,"A(M)","Dual carriageway",70,NA,"Not a Pedestrian","Not a Pedestrian",442041,443582,"E01011712",3,"Not at junction or within 20 metres","Daylight","Fine no high winds","Dry","Car occupant"
"6698","2016133851104",2016-08-05,2016,"Aug",5,"15:45",15,45,"Friday","Slight",2,"Slight","Car occupant","Driver or rider","Female",35,"Unclassified","Single carriageway",30,NA,"Not a Pedestrian","Not a Pedestrian",429667,435165,"E01011670",2,"Not at junction or within 20 metres","Daylight","Fine no high winds","Dry","Car occupant"
"6699","2016133851104",2016-08-05,2016,"Aug",5,"15:45",15,45,"Friday","Slight",2,"Slight","Car occupant","Passenger","Female",10,"Unclassified","Single carriageway",30,NA,"Not a Pedestrian","Not a Pedestrian",429667,435165,"E01011670",2,"Not at junction or within 20 metres","Daylight","Fine no high winds","Dry","Car occupant"
"6700","2016133851185",2016-08-05,2016,"Aug",5,"16:30",16,30,"Friday","Serious",1,"Serious","Pedestrian","Pedestrian","Female",14,"Unclassified","Single carriageway",30,NA,"Crossing in zig-zag approach lines","Crossing from driver's nearside",435605,435727,"E01011663",1,"Not at junction or within 20 metres","Daylight","Fine no high winds","Dry","Pedestrian"
"6701","2016133851228",2016-08-05,2016,"Aug",5,"16:50",16,50,"Friday","Slight",1,"Slight","Car occupant","Passenger","Female",53,"Unclassified","Dual carriageway",30,"Unclassified","Not a Pedestrian","Not a Pedestrian",431822,435634,"E01011422",2,"T or staggered junction","Daylight","Fine no high winds","Dry","Car occupant"
"6702","2016133851308",2016-08-05,2016,"Aug",5,"17:30",17,30,"Friday","Slight",1,"Slight","Car occupant","Driver or rider","Male",62,"A","Dual carriageway",50,NA,"Not a Pedestrian","Not a Pedestrian",438568,432672,"E01011402",2,"Not at junction or within 20 metres","Daylight","Fine no high winds","Dry","Car occupant"
"6703","2016133851490",2016-08-05,2016,"Aug",5,"18:20",18,20,"Friday","Slight",1,"Slight","Cyclist","Driver or rider","Male",9,"Unclassified","Single carriageway",30,NA,"Not a Pedestrian","Not a Pedestrian",440572,429187,"E01011308",2,"Not at junction or within 20 metres","Daylight","Fine no high winds","Dry","Cyclist"
"6704","2016133870640",2016-08-06,2016,"Aug",6,"12:30",12,30,"Saturday","Slight",1,"Slight","Car occupant","Driver or rider","Male",27,"Unclassified","Single carriageway",30,"Unclassified","Not a Pedestrian","Not a Pedestrian",442045,430591,"E01011302",2,"T or staggered junction","Daylight","Unknown","Dry","Car occupant"
"6705","2016133861298",2016-08-06,2016,"Aug",6,"17:00",17,0,"Saturday","Slight",1,"Slight","Car occupant","Driver or rider","Female",32,"Unclassified","Roundabout",30,"Unclassified","Not a Pedestrian","Not a Pedestrian",430720,439031,"E01011512",2,"Roundabout","Daylight","Fine no high winds","Dry","Car occupant"
"6706","2016133762024",2016-08-06,2016,"Aug",6,"22:52",22,52,"Saturday","Slight",1,"Slight","Car occupant","Driver or rider","Female",26,"A","Single carriageway",30,"B","Not a Pedestrian","Not a Pedestrian",427744,436450,"E01011692",2,"Crossroads","Daylight","Fine no high winds","Dry","Car occupant"
"6707","2016133870529",2016-08-07,2016,"Aug",7,"08:30",8,30,"Sunday","Slight",2,"Slight","Car occupant","Driver or rider","Male",19,"Unclassified","One way street",30,"Unclassified","Not a Pedestrian","Not a Pedestrian",423240,434951,"E01011333",2,"T or staggered junction","Daylight","Fine no high winds","Dry","Car occupant"
"6708","2016133870529",2016-08-07,2016,"Aug",7,"08:30",8,30,"Sunday","Slight",2,"Slight","Car occupant","Driver or rider","Male",34,"Unclassified","One way street",30,"Unclassified","Not a Pedestrian","Not a Pedestrian",423240,434951,"E01011333",2,"T or staggered junction","Daylight","Fine no high winds","Dry","Car occupant"
"6709","2016133871471",2016-08-07,2016,"Aug",7,"18:48",18,48,"Sunday","Slight",1,"Slight","Cyclist","Driver or rider","Male",9,"Unclassified","Single carriageway",20,NA,"Not a Pedestrian","Not a Pedestrian",430351,439452,"E01011558",2,"Not at junction or within 20 metres","Daylight","Fine no high winds","Dry","Cyclist"
"6710","2016133880380",2016-08-08,2016,"Aug",8,"09:30",9,30,"Monday","Slight",1,"Slight","Car occupant","Driver or rider","Male",22,"A(M)","Dual carriageway",70,NA,"Not a Pedestrian","Not a Pedestrian",445343,431781,"E01011299",1,"Not at junction or within 20 metres","Daylight","Fine no high winds","Dry","Car occupant"
"6711","2016133880515",2016-08-08,2016,"Aug",8,"10:40",10,40,"Monday","Slight",1,"Slight","Car occupant","Passenger","Male",31,"B","Slip road",30,"Unclassified","Not a Pedestrian","Not a Pedestrian",428509,433053,"E01011363",2,"Roundabout","Daylight","Fine no high winds","Dry","Car occupant"
"6712","2016133880870",2016-08-08,2016,"Aug",8,"12:15",12,15,"Monday","Slight",1,"Slight","Bus or coach occupant (17 or more pass seats)","Passenger","Female",70,"Unclassified","Single carriageway",30,NA,"Not a Pedestrian","Not a Pedestrian",429134,432075,"E01033013",1,"Not at junction or within 20 metres","Daylight","Fine no high winds","Dry","Bus and goods vehicle occupant"
"6713","2016133891025",2016-08-09,2016,"Aug",9,"10:25",10,25,"Tuesday","Serious",1,"Serious","Pedestrian","Pedestrian","Female",31,"A","Single carriageway",30,NA,"In carriageway, crossing elsewhere","Crossing from offside - masked by  parked or stationary vehicle",430102,431644,"E01011371",1,"Not at junction or within 20 metres","Daylight","Fine no high winds","Dry","Pedestrian"
"6714","2016133890800",2016-08-09,2016,"Aug",9,"14:28",14,28,"Tuesday","Slight",1,"Slight","Cyclist","Driver or rider","Female",42,"Unclassified","Single carriageway",30,"Unclassified","Not a Pedestrian","Not a Pedestrian",429137,433091,"E01033013",2,"T or staggered junction","Daylight","Fine no high winds","Dry","Cyclist"
"6715","2016133890982",2016-08-09,2016,"Aug",9,"15:50",15,50,"Tuesday","Slight",2,"Slight","Car occupant","Driver or rider","Male",22,"A(M)","Dual carriageway",40,NA,"Not a Pedestrian","Not a Pedestrian",429380,433768,"E01011678",2,"Not at junction or within 20 metres","Daylight","Raining no high winds","Wet or damp","Car occupant"
"6716","2016133890982",2016-08-09,2016,"Aug",9,"15:50",15,50,"Tuesday","Slight",2,"Slight","Taxi/Private hire car occupant","Driver or rider","Male",39,"A(M)","Dual carriageway",40,NA,"Not a Pedestrian","Not a Pedestrian",429380,433768,"E01011678",2,"Not at junction or within 20 metres","Daylight","Raining no high winds","Wet or damp","Car occupant"
"6717","2016133891038",2016-08-09,2016,"Aug",9,"19:00",19,0,"Tuesday","Slight",1,"Slight","Car occupant","Driver or rider","Male",58,"A","Dual carriageway",40,"Unclassified","Not a Pedestrian","Not a Pedestrian",429963,436582,"E01011355",2,"Roundabout","Daylight","Raining no high winds","Wet or damp","Car occupant"
"6718","20161338A0196",2016-08-10,2016,"Aug",10,"05:45",5,45,"Wednesday","Slight",1,"Slight","Cyclist","Driver or rider","Male",61,"A","Single carriageway",30,"Unclassified","Not a Pedestrian","Not a Pedestrian",430122,431822,"E01011364",2,"T or staggered junction","Daylight","Fine no high winds","Dry","Cyclist"
"6719","20161338A0787",2016-08-10,2016,"Aug",10,"13:15",13,15,"Wednesday","Slight",2,"Slight","Bus or coach occupant (17 or more pass seats)","Passenger","Female",19,"A","Dual carriageway",30,NA,"Not a Pedestrian","Not a Pedestrian",430762,433502,"E01033011",1,"Not at junction or within 20 metres","Daylight","Raining no high winds","Wet or damp","Bus and goods vehicle occupant"
"6720","20161338A0787",2016-08-10,2016,"Aug",10,"13:15",13,15,"Wednesday","Slight",2,"Slight","Bus or coach occupant (17 or more pass seats)","Passenger","Female",18,"A","Dual carriageway",30,NA,"Not a Pedestrian","Not a Pedestrian",430762,433502,"E01033011",1,"Not at junction or within 20 metres","Daylight","Raining no high winds","Wet or damp","Bus and goods vehicle occupant"
"6721","20161338A1247",2016-08-10,2016,"Aug",10,"16:45",16,45,"Wednesday","Serious",1,"Serious","Pedestrian","Pedestrian","Male",9,"Unclassified","Single carriageway",30,NA,"In carriageway, crossing elsewhere","Crossing from nearside - masked by parked or stationary vehicle",432513,435914,"E01011647",1,"Not at junction or within 20 metres","Daylight","Fine no high winds","Dry","Pedestrian"
"6722","20161338A1262",2016-08-10,2016,"Aug",10,"18:10",18,10,"Wednesday","Slight",2,"Slight","Car occupant","Driver or rider","Female",26,"A","Single carriageway",30,"Unclassified","Not a Pedestrian","Not a Pedestrian",430864,434191,"E01033003",3,"T or staggered junction","Daylight","Fine no high winds","Dry","Car occupant"
"6723","20161338A1262",2016-08-10,2016,"Aug",10,"18:10",18,10,"Wednesday","Slight",2,"Slight","Car occupant","Driver or rider","Male",20,"A","Single carriageway",30,"Unclassified","Not a Pedestrian","Not a Pedestrian",430864,434191,"E01033003",3,"T or staggered junction","Daylight","Fine no high winds","Dry","Car occupant"
"6724","20161338B0193",2016-08-11,2016,"Aug",11,"07:10",7,10,"Thursday","Slight",1,"Slight","Car occupant","Driver or rider","Male",26,"Motorway","Dual carriageway",70,NA,"Not a Pedestrian","Not a Pedestrian",424459,427708,"E01011523",1,"Not at junction or within 20 metres","Daylight","Fine no high winds","Dry","Car occupant"
"6725","20161338B0479",2016-08-11,2016,"Aug",11,"11:44",11,44,"Thursday","Slight",1,"Slight","Pedestrian","Pedestrian","Male",24,"Unclassified","Single carriageway",30,NA,"On footway or verge","Unknown or other",427004,433446,"E01011293",1,"Not at junction or within 20 metres","Daylight","Fine no high winds","Dry","Pedestrian"
"6726","20161338B0760",2016-08-11,2016,"Aug",11,"14:52",14,52,"Thursday","Slight",1,"Slight","Pedestrian","Pedestrian","Female",39,"Unclassified","Single carriageway",30,"Unclassified","Unknown or other","Crossing from driver's offside",433025,437640,"E01011655",1,"Private drive or entrance","Daylight","Fine no high winds","Dry","Pedestrian"
"6727","20161338B0807",2016-08-11,2016,"Aug",11,"15:15",15,15,"Thursday","Slight",1,"Slight","Pedestrian","Pedestrian","Female",84,"A","Single carriageway",30,"Unclassified","Crossing elsewhere within 50m. of pedestrian crossing","Crossing from driver's nearside",426867,437530,"E01011685",1,"T or staggered junction","Daylight","Fine no high winds","Dry","Pedestrian"
"6728","20161338B1030",2016-08-11,2016,"Aug",11,"17:04",17,4,"Thursday","Slight",2,"Slight","Van / Goods vehicle (3.5 tonnes mgw or under) occupant","Driver or rider","Male",58,"Unclassified","Single carriageway",30,NA,"Not a Pedestrian","Not a Pedestrian",428903,435392,"E01011444",2,"Not at junction or within 20 metres","Daylight","Fine no high winds","Dry","Bus and goods vehicle occupant"
"6729","20161338B1030",2016-08-11,2016,"Aug",11,"17:04",17,4,"Thursday","Slight",2,"Slight","Van / Goods vehicle (3.5 tonnes mgw or under) occupant","Passenger","Female",58,"Unclassified","Single carriageway",30,NA,"Not a Pedestrian","Not a Pedestrian",428903,435392,"E01011444",2,"Not at junction or within 20 metres","Daylight","Fine no high winds","Dry","Bus and goods vehicle occupant"
"6730","20161338B1218",2016-08-11,2016,"Aug",11,"18:50",18,50,"Thursday","Slight",1,"Slight","Car occupant","Driver or rider","Male",40,"Unclassified","Single carriageway",30,"Unclassified","Not a Pedestrian","Not a Pedestrian",431413,435049,"E01011673",2,"T or staggered junction","Daylight","Fine no high winds","Dry","Car occupant"
"6731","20161338B1319",2016-08-11,2016,"Aug",11,"19:44",19,44,"Thursday","Slight",2,"Slight","Car occupant","Driver or rider","Male",28,"Unclassified","Single carriageway",30,NA,"Not a Pedestrian","Not a Pedestrian",429551,430902,"E01011375",2,"Not at junction or within 20 metres","Darkness - lights lit","Fine no high winds","Dry","Car occupant"
"6732","20161338B1319",2016-08-11,2016,"Aug",11,"19:44",19,44,"Thursday","Slight",2,"Slight","Car occupant","Passenger","Male",30,"Unclassified","Single carriageway",30,NA,"Not a Pedestrian","Not a Pedestrian",429551,430902,"E01011375",2,"Not at junction or within 20 metres","Darkness - lights lit","Fine no high winds","Dry","Car occupant"
"6733","20161338C0444",2016-08-12,2016,"Aug",12,"10:20",10,20,"Friday","Slight",1,"Slight","Pedestrian","Pedestrian","Male",21,"Unclassified","Single carriageway",30,NA,"In carriageway, not crossing","Walking along in carriageway, back to traffic",423765,442118,"E01032503",1,"Not at junction or within 20 metres","Daylight","Fine no high winds","Dry","Pedestrian"
"6734","20161338C1358",2016-08-12,2016,"Aug",12,"18:23",18,23,"Friday","Slight",1,"Slight","Pedestrian","Pedestrian","Male",8,"Unclassified","Single carriageway",30,NA,"In carriageway, crossing elsewhere","Crossing from driver's nearside",431367,435283,"E01011361",1,"Not at junction or within 20 metres","Daylight","Fine no high winds","Dry","Pedestrian"
"6735","20161338C1512",2016-08-12,2016,"Aug",12,"19:25",19,25,"Friday","Slight",2,"Slight","Car occupant","Driver or rider","Male",40,"Motorway","Slip road",70,"A","Not a Pedestrian","Not a Pedestrian",431870,430503,"E01011470",2,"Roundabout","Daylight","Fine no high winds","Dry","Car occupant"
"6736","20161338C1512",2016-08-12,2016,"Aug",12,"19:25",19,25,"Friday","Slight",2,"Slight","Car occupant","Passenger","Male",24,"Motorway","Slip road",70,"A","Not a Pedestrian","Not a Pedestrian",431870,430503,"E01011470",2,"Roundabout","Daylight","Fine no high winds","Dry","Car occupant"
"6737","20161338C1793",2016-08-12,2016,"Aug",12,"21:50",21,50,"Friday","Slight",1,"Slight","Car occupant","Driver or rider","Female",20,"Motorway","Dual carriageway",70,"B","Not a Pedestrian","Not a Pedestrian",442057,434628,"E01011297",2,"Roundabout","Darkness - lights lit","Fine no high winds","Dry","Car occupant"
"6738","20161338C2006",2016-08-12,2016,"Aug",12,"22:55",22,55,"Friday","Slight",1,"Slight","Car occupant","Driver or rider","Female",43,"Unclassified","Single carriageway",30,NA,"Not a Pedestrian","Not a Pedestrian",428405,434382,"E01011681",2,"Not at junction or within 20 metres","Darkness - lights lit","Fine no high winds","Dry","Car occupant"
"6739","20161338D0270",2016-08-13,2016,"Aug",13,"04:46",4,46,"Saturday","Serious",6,"Slight","Car occupant","Driver or rider","Male",54,"Motorway","Roundabout",30,"Motorway","Not a Pedestrian","Not a Pedestrian",432406,426222,"E01011499",2,"T or staggered junction","Darkness - lights lit","Fine no high winds","Wet or damp","Car occupant"
"6740","20161338D0270",2016-08-13,2016,"Aug",13,"04:46",4,46,"Saturday","Serious",6,"Serious","Car occupant","Passenger","Male",31,"Motorway","Roundabout",30,"Motorway","Not a Pedestrian","Not a Pedestrian",432406,426222,"E01011499",2,"T or staggered junction","Darkness - lights lit","Fine no high winds","Wet or damp","Car occupant"
"6741","20161338D0270",2016-08-13,2016,"Aug",13,"04:46",4,46,"Saturday","Serious",6,"Serious","Car occupant","Passenger","Female",64,"Motorway","Roundabout",30,"Motorway","Not a Pedestrian","Not a Pedestrian",432406,426222,"E01011499",2,"T or staggered junction","Darkness - lights lit","Fine no high winds","Wet or damp","Car occupant"
"6742","20161338D0270",2016-08-13,2016,"Aug",13,"04:46",4,46,"Saturday","Serious",6,"Slight","Car occupant","Driver or rider","Female",44,"Motorway","Roundabout",30,"Motorway","Not a Pedestrian","Not a Pedestrian",432406,426222,"E01011499",2,"T or staggered junction","Darkness - lights lit","Fine no high winds","Wet or damp","Car occupant"
"6743","20161338D0270",2016-08-13,2016,"Aug",13,"04:46",4,46,"Saturday","Serious",6,"Slight","Car occupant","Passenger","Male",42,"Motorway","Roundabout",30,"Motorway","Not a Pedestrian","Not a Pedestrian",432406,426222,"E01011499",2,"T or staggered junction","Darkness - lights lit","Fine no high winds","Wet or damp","Car occupant"
"6744","20161338D0270",2016-08-13,2016,"Aug",13,"04:46",4,46,"Saturday","Serious",6,"Slight","Car occupant","Passenger","Male",10,"Motorway","Roundabout",30,"Motorway","Not a Pedestrian","Not a Pedestrian",432406,426222,"E01011499",2,"T or staggered junction","Darkness - lights lit","Fine no high winds","Wet or damp","Car occupant"
"6745","20161338D0691",2016-08-13,2016,"Aug",13,"12:10",12,10,"Saturday","Slight",1,"Slight","Car occupant","Passenger","Female",62,"Motorway","Dual carriageway",70,NA,"Not a Pedestrian","Not a Pedestrian",443604,435908,"E01011297",2,"Not at junction or within 20 metres","Daylight","Fine no high winds","Dry","Car occupant"
"6746","20161338E0762",2016-08-14,2016,"Aug",14,"13:00",13,0,"Sunday","Serious",1,"Serious","Motorcycle 125cc and under rider or passenger","Driver or rider","Male",23,"Unclassified","Single carriageway",30,"Unclassified","Not a Pedestrian","Not a Pedestrian",426726,436139,"E01011489",2,"T or staggered junction","Daylight","Fine no high winds","Wet or damp","Motorcyclist and pillion"
"6747","20161338F0312",2016-08-15,2016,"Aug",15,"08:50",8,50,"Monday","Slight",1,"Slight","Cyclist","Driver or rider","Male",25,"Unclassified","Single carriageway",30,NA,"Not a Pedestrian","Not a Pedestrian",429643,434626,"E01033005",2,"Not at junction or within 20 metres","Daylight","Fine no high winds","Dry","Cyclist"
"6748","20161338F1203",2016-08-15,2016,"Aug",15,"14:05",14,5,"Monday","Slight",1,"Slight","Cyclist","Driver or rider","Male",35,"A","Single carriageway",40,NA,"Not a Pedestrian","Not a Pedestrian",428296,434122,"E01011681",3,"Not at junction or within 20 metres","Daylight","Fine no high winds","Dry","Cyclist"
"6749","20161338F0985",2016-08-15,2016,"Aug",15,"15:22",15,22,"Monday","Slight",2,"Slight","Car occupant","Driver or rider","Male",52,"A(M)","Dual carriageway",40,NA,"Not a Pedestrian","Not a Pedestrian",429962,434416,"E01033010",2,"Not at junction or within 20 metres","Daylight","Fine no high winds","Dry","Car occupant"
"6750","20161338F0985",2016-08-15,2016,"Aug",15,"15:22",15,22,"Monday","Slight",2,"Slight","Goods vehicle (7.5 tonnes mgw and over) occupant","Passenger","Male",60,"A(M)","Dual carriageway",40,NA,"Not a Pedestrian","Not a Pedestrian",429962,434416,"E01033010",2,"Not at junction or within 20 metres","Daylight","Fine no high winds","Dry","Bus and goods vehicle occupant"
"6751","20161338F1198",2016-08-15,2016,"Aug",15,"17:00",17,0,"Monday","Slight",1,"Slight","Pedestrian","Pedestrian","Female",86,"Unclassified","Single carriageway",30,NA,"On footway or verge","Unknown or other",440448,448222,"E01011704",1,"Not at junction or within 20 metres","Daylight","Fine no high winds","Dry","Pedestrian"
"6752","20161338F1229",2016-08-15,2016,"Aug",15,"17:15",17,15,"Monday","Slight",1,"Slight","Cyclist","Driver or rider","Male",35,"Unclassified","Single carriageway",30,"Unclassified","Not a Pedestrian","Not a Pedestrian",428825,435232,"E01011444",2,"T or staggered junction","Daylight","Fine no high winds","Dry","Cyclist"
"6753","20161338F1671",2016-08-15,2016,"Aug",15,"20:50",20,50,"Monday","Slight",5,"Slight","Bus or coach occupant (17 or more pass seats)","Passenger","Male",22,"A","Single carriageway",30,"Unclassified","Not a Pedestrian","Not a Pedestrian",425038,434397,"E01011286",2,"Slip road","Darkness - lights lit","Fine no high winds","Dry","Bus and goods vehicle occupant"
"6754","20161338F1671",2016-08-15,2016,"Aug",15,"20:50",20,50,"Monday","Slight",5,"Slight","Bus or coach occupant (17 or more pass seats)","Passenger","Female",15,"A","Single carriageway",30,"Unclassified","Not a Pedestrian","Not a Pedestrian",425038,434397,"E01011286",2,"Slip road","Darkness - lights lit","Fine no high winds","Dry","Bus and goods vehicle occupant"
"6755","20161338F1671",2016-08-15,2016,"Aug",15,"20:50",20,50,"Monday","Slight",5,"Slight","Bus or coach occupant (17 or more pass seats)","Passenger","Male",14,"A","Single carriageway",30,"Unclassified","Not a Pedestrian","Not a Pedestrian",425038,434397,"E01011286",2,"Slip road","Darkness - lights lit","Fine no high winds","Dry","Bus and goods vehicle occupant"
"6756","20161338F1671",2016-08-15,2016,"Aug",15,"20:50",20,50,"Monday","Slight",5,"Slight","Bus or coach occupant (17 or more pass seats)","Passenger","Female",40,"A","Single carriageway",30,"Unclassified","Not a Pedestrian","Not a Pedestrian",425038,434397,"E01011286",2,"Slip road","Darkness - lights lit","Fine no high winds","Dry","Bus and goods vehicle occupant"
"6757","20161338F1671",2016-08-15,2016,"Aug",15,"20:50",20,50,"Monday","Slight",5,"Slight","Bus or coach occupant (17 or more pass seats)","Passenger","Female",41,"A","Single carriageway",30,"Unclassified","Not a Pedestrian","Not a Pedestrian",425038,434397,"E01011286",2,"Slip road","Darkness - lights lit","Fine no high winds","Dry","Bus and goods vehicle occupant"
"6758","20161338G0359",2016-08-16,2016,"Aug",16,"09:40",9,40,"Tuesday","Slight",1,"Slight","Car occupant","Driver or rider","Male",59,"A","Roundabout",40,"Motorway","Not a Pedestrian","Not a Pedestrian",430793,424354,"E01011537",2,"Roundabout","Daylight","Fine no high winds","Dry","Car occupant"
"6759","20161338G0415",2016-08-16,2016,"Aug",16,"10:09",10,9,"Tuesday","Slight",1,"Slight","Cyclist","Driver or rider","Male",18,"Unclassified","Single carriageway",30,NA,"Not a Pedestrian","Not a Pedestrian",428490,434992,"E01011448",2,"Not at junction or within 20 metres","Daylight","Fine no high winds","Dry","Cyclist"
"6760","20161338G0700",2016-08-16,2016,"Aug",16,"12:45",12,45,"Tuesday","Slight",1,"Slight","Car occupant","Driver or rider","Male",51,"A","Single carriageway",30,NA,"Not a Pedestrian","Not a Pedestrian",427705,431070,"E01011369",2,"Not at junction or within 20 metres","Daylight","Fine no high winds","Dry","Car occupant"
"6761","20161338G1320",2016-08-16,2016,"Aug",16,"16:30",16,30,"Tuesday","Slight",1,"Slight","Motorcycle over 500cc rider or passenger","Driver or rider","Male",36,"A","Single carriageway",30,NA,"Not a Pedestrian","Not a Pedestrian",419762,438787,"E01011457",2,"Not at junction or within 20 metres","Daylight","Fine no high winds","Dry","Motorcyclist and pillion"
"6762","20161338G1249",2016-08-16,2016,"Aug",16,"17:25",17,25,"Tuesday","Slight",1,"Slight","Cyclist","Driver or rider","Male",41,"A","Single carriageway",30,"Unclassified","Not a Pedestrian","Not a Pedestrian",427945,436116,"E01011451",2,"T or staggered junction","Daylight","Fine no high winds","Dry","Cyclist"
"6763","20161338G1292",2016-08-16,2016,"Aug",16,"17:48",17,48,"Tuesday","Slight",1,"Slight","Car occupant","Driver or rider","Male",32,"A","Single carriageway",30,"Unclassified","Not a Pedestrian","Not a Pedestrian",426973,439836,"E01011380",2,"Crossroads","Daylight","Fine no high winds","Dry","Car occupant"
"6764","20161338G1427",2016-08-16,2016,"Aug",16,"18:53",18,53,"Tuesday","Slight",1,"Slight","Car occupant","Passenger","Female",22,"B","Single carriageway",30,"Unclassified","Not a Pedestrian","Not a Pedestrian",422188,428745,"E01011521",2,"Crossroads","Daylight","Fine no high winds","Dry","Car occupant"
"6765","20161338G1724",2016-08-16,2016,"Aug",16,"21:20",21,20,"Tuesday","Serious",1,"Serious","Motorcycle over 500cc rider or passenger","Driver or rider","Female",34,"A","Single carriageway",60,NA,"Not a Pedestrian","Not a Pedestrian",432290,445654,"E01011561",1,"Not at junction or within 20 metres","Darkness - no lighting","Fine no high winds","Dry","Motorcyclist and pillion"
"6766","20161338G1863",2016-08-16,2016,"Aug",16,"22:50",22,50,"Tuesday","Serious",1,"Serious","Cyclist","Driver or rider","Male",38,"Unclassified","Single carriageway",30,"Unclassified","Not a Pedestrian","Not a Pedestrian",428834,434632,"E01033006",2,"Crossroads","Darkness - lights lit","Fine no high winds","Dry","Cyclist"
"6767","20161338G1890",2016-08-16,2016,"Aug",16,"23:08",23,8,"Tuesday","Slight",1,"Slight","Cyclist","Driver or rider","Female",30,"Unclassified","Single carriageway",30,NA,"Not a Pedestrian","Not a Pedestrian",431871,434742,"E01011677",2,"Not at junction or within 20 metres","Darkness - lights lit","Unknown","Dry","Cyclist"
"6768","20161338I0568",2016-08-17,2016,"Aug",17,"11:45",11,45,"Wednesday","Slight",2,"Slight","Car occupant","Driver or rider","Female",45,"Motorway","Dual carriageway",70,"A(M)","Not a Pedestrian","Not a Pedestrian",443617,435483,"E01011297",2,"Other junction","Daylight","Fine no high winds","Dry","Car occupant"
"6769","20161338I0568",2016-08-17,2016,"Aug",17,"11:45",11,45,"Wednesday","Slight",2,"Slight","Car occupant","Passenger","Male",12,"Motorway","Dual carriageway",70,"A(M)","Not a Pedestrian","Not a Pedestrian",443617,435483,"E01011297",2,"Other junction","Daylight","Fine no high winds","Dry","Car occupant"
"6770","20161338H0623",2016-08-17,2016,"Aug",17,"11:56",11,56,"Wednesday","Serious",1,"Serious","Motorcycle over 125cc and up to 500cc rider or  passenger","Driver or rider","Female",31,"Unclassified","Single carriageway",30,NA,"Not a Pedestrian","Not a Pedestrian",418630,442578,"E01011280",1,"Not at junction or within 20 metres","Daylight","Fine no high winds","Dry","Motorcyclist and pillion"
"6771","20161338H0642",2016-08-17,2016,"Aug",17,"12:05",12,5,"Wednesday","Slight",1,"Slight","Car occupant","Passenger","Male",22,"A(M)","Dual carriageway",70,NA,"Not a Pedestrian","Not a Pedestrian",443625,437644,"E01011297",4,"Not at junction or within 20 metres","Daylight","Fine no high winds","Dry","Car occupant"
"6772","20161338H1175",2016-08-17,2016,"Aug",17,"16:40",16,40,"Wednesday","Slight",1,"Slight","Car occupant","Driver or rider","Male",34,"B","Single carriageway",30,"A","Not a Pedestrian","Not a Pedestrian",422443,427901,"E01011527",2,"T or staggered junction","Daylight","Fine no high winds","Dry","Car occupant"
"6773","20161338H1421",2016-08-17,2016,"Aug",17,"18:40",18,40,"Wednesday","Serious",1,"Serious","Motorcycle over 500cc rider or passenger","Driver or rider","Male",23,"Unclassified","Single carriageway",60,NA,"Not a Pedestrian","Not a Pedestrian",445690,430860,"E01011299",1,"Not at junction or within 20 metres","Daylight","Fine no high winds","Dry","Motorcyclist and pillion"
"6774","20161338H1647",2016-08-17,2016,"Aug",17,"20:50",20,50,"Wednesday","Slight",1,"Slight","Cyclist","Driver or rider","Male",18,"Unclassified","Single carriageway",30,"Unclassified","Not a Pedestrian","Not a Pedestrian",428449,435193,"E01011445",2,"T or staggered junction","Darkness - lights unlit","Fine no high winds","Dry","Cyclist"
"6775","20161338H1868",2016-08-17,2016,"Aug",17,"22:50",22,50,"Wednesday","Serious",2,"Serious","Motorcycle 50cc and under rider or passenger","Driver or rider","Male",20,"A","Single carriageway",30,"Unclassified","Not a Pedestrian","Not a Pedestrian",436836,443866,"E01011713",2,"Crossroads","Darkness - lights lit","Fine no high winds","Dry","Motorcyclist and pillion"
"6776","20161338H1868",2016-08-17,2016,"Aug",17,"22:50",22,50,"Wednesday","Serious",2,"Slight","Motorcycle 50cc and under rider or passenger","Passenger","Female",18,"A","Single carriageway",30,"Unclassified","Not a Pedestrian","Not a Pedestrian",436836,443866,"E01011713",2,"Crossroads","Darkness - lights lit","Fine no high winds","Dry","Motorcyclist and pillion"
"6777","20161338I0565",2016-08-18,2016,"Aug",18,"10:30",10,30,"Thursday","Slight",1,"Slight","Pedestrian","Pedestrian","Male",29,"Unclassified","Single carriageway",30,"Unclassified","Unknown or other","Unknown or other",434744,428894,"E01011628",1,"Private drive or entrance","Daylight","Fine no high winds","Dry","Pedestrian"