"","accident_index","date","year","month","day","time","time_hour","time_minute","day_of_week","accident_severity","number_of_casualties","casualty_severity","casualty_type","casualty_class","sex_of_casualty","age_of_casualty","first_road_class","road_type","speed_limit","second_road_class","pedestrian_location","pedestrian_movement","location_easting_osgr","location_northing_osgr","lsoa_of_accident_location","number_of_vehicles","junction_detail","light_conditions","weather_conditions","road_surface_conditions","cas_type"
"6778","20161338I1175",2016-08-18,2016,"Aug",18,"16:50",16,50,"Thursday","Slight",1,"Slight","Cyclist","Driver or rider","Female",2,"Unclassified","Single carriageway",30,NA,"Not a Pedestrian","Not a Pedestrian",431627,433076,"E01011626",2,"Not at junction or within 20 metres","Daylight","Fine no high winds","Dry","Cyclist"
"6779","20161338I1076",2016-08-18,2016,"Aug",18,"21:10",21,10,"Thursday","Serious",1,"Serious","Motorcycle over 500cc rider or passenger","Driver or rider","Male",31,"Unclassified","Single carriageway",30,"Unclassified","Not a Pedestrian","Not a Pedestrian",424964,435131,"E01011282",3,"Crossroads","Darkness - lights lit","Fine no high winds","Dry","Motorcyclist and pillion"
"6780","20161338J0757",2016-08-19,2016,"Aug",19,"13:25",13,25,"Friday","Slight",2,"Slight","Car occupant","Driver or rider","Female",48,"A","Single carriageway",60,"Unclassified","Not a Pedestrian","Not a Pedestrian",423138,434233,"E01011596",1,"Slip road","Daylight","Raining no high winds","Wet or damp","Car occupant"
"6781","20161338J0757",2016-08-19,2016,"Aug",19,"13:25",13,25,"Friday","Slight",2,"Slight","Car occupant","Passenger","Male",16,"A","Single carriageway",60,"Unclassified","Not a Pedestrian","Not a Pedestrian",423138,434233,"E01011596",1,"Slip road","Daylight","Raining no high winds","Wet or damp","Car occupant"
"6782","20161338J0967",2016-08-19,2016,"Aug",19,"15:24",15,24,"Friday","Slight",1,"Slight","Car occupant","Driver or rider","Female",20,"Unclassified","Single carriageway",50,NA,"Not a Pedestrian","Not a Pedestrian",415670,443030,"E01011270",1,"Not at junction or within 20 metres","Daylight","Unknown","Wet or damp","Car occupant"
"6783","20161338J1266",2016-08-19,2016,"Aug",19,"17:50",17,50,"Friday","Serious",1,"Serious","Car occupant","Driver or rider","Female",80,"Unclassified","Single carriageway",30,"Unclassified","Not a Pedestrian","Not a Pedestrian",439789,432839,"E01011399",2,"T or staggered junction","Daylight","Fine no high winds","Dry","Car occupant"
"6784","20161338J1622",2016-08-19,2016,"Aug",19,"20:55",20,55,"Friday","Slight",1,"Slight","Car occupant","Driver or rider","Female",25,"B","Single carriageway",60,NA,"Not a Pedestrian","Not a Pedestrian",442505,435059,"E01011297",1,"Not at junction or within 20 metres","Darkness - no lighting","Raining no high winds","Wet or damp","Car occupant"
"6785","20161338K0551",2016-08-20,2016,"Aug",20,"10:45",10,45,"Saturday","Slight",1,"Slight","Motorcycle 125cc and under rider or passenger","Driver or rider","Male",23,"Unclassified","Single carriageway",30,"A","Not a Pedestrian","Not a Pedestrian",424852,434705,"E01011282",1,"T or staggered junction","Daylight","Raining no high winds","Wet or damp","Motorcyclist and pillion"
"6786","20161338K1444",2016-08-20,2016,"Aug",20,"12:35",12,35,"Saturday","Slight",1,"Slight","Car occupant","Driver or rider","Female",45,"A","Single carriageway",40,NA,"Not a Pedestrian","Not a Pedestrian",418177,444549,"E01011573",3,"Not at junction or within 20 metres","Daylight","Fine no high winds","Dry","Car occupant"
"6787","20161338K0858",2016-08-20,2016,"Aug",20,"13:50",13,50,"Saturday","Serious",1,"Serious","Pedestrian","Pedestrian","Female",59,"Unclassified","Single carriageway",30,NA,"In carriageway, not crossing","In carriageway, stationary - not crossing  (standing or playing)",429570,436968,"E01011354",1,"Not at junction or within 20 metres","Daylight","Fine no high winds","Dry","Pedestrian"
"6788","20161338M1570",2016-08-20,2016,"Aug",20,"15:00",15,0,"Saturday","Serious",1,"Serious","Cyclist","Driver or rider","Female",41,"A","Single carriageway",30,"Unclassified","Not a Pedestrian","Not a Pedestrian",427230,434732,"E01011482",2,"T or staggered junction","Daylight","Unknown","Dry","Cyclist"
"6789","20161338K1847",2016-08-20,2016,"Aug",20,"23:28",23,28,"Saturday","Slight",1,"Slight","Car occupant","Driver or rider","Female",64,"A","Single carriageway",40,"Unclassified","Not a Pedestrian","Not a Pedestrian",426431,430146,"E01011734",1,"Other junction","Darkness - lights lit","Fine no high winds","Dry","Car occupant"
"6790","20161338L0497",2016-08-21,2016,"Aug",21,"09:20",9,20,"Sunday","Slight",1,"Slight","Pedestrian","Pedestrian","Male",43,"Unclassified","Single carriageway",30,NA,"In carriageway, crossing elsewhere","Crossing from driver's nearside",429583,439261,"E01011558",1,"Not at junction or within 20 metres","Daylight","Fine no high winds","Dry","Pedestrian"
"6791","20161338L1236",2016-08-21,2016,"Aug",21,"17:38",17,38,"Sunday","Slight",1,"Slight","Car occupant","Driver or rider","Female",42,"Unclassified","Single carriageway",40,NA,"Not a Pedestrian","Not a Pedestrian",422606,429160,"E01011521",2,"Not at junction or within 20 metres","Daylight","Fine no high winds","Dry","Car occupant"
"6792","20161338L1657",2016-08-21,2016,"Aug",21,"20:45",20,45,"Sunday","Slight",1,"Slight","Cyclist","Driver or rider","Male",18,"Unclassified","Single carriageway",30,"A","Not a Pedestrian","Not a Pedestrian",429995,430953,"E01011312",2,"T or staggered junction","Darkness - lights lit","Unknown","Dry","Cyclist"
"6793","20161338M0844",2016-08-22,2016,"Aug",22,"12:05",12,5,"Monday","Slight",1,"Slight","Bus or coach occupant (17 or more pass seats)","Passenger","Female",41,"Unclassified","Single carriageway",30,NA,"Not a Pedestrian","Not a Pedestrian",426514,427755,"E01011541",2,"Not at junction or within 20 metres","Daylight","Fine no high winds","Dry","Bus and goods vehicle occupant"
"6794","20161338M1404",2016-08-22,2016,"Aug",22,"19:25",19,25,"Monday","Slight",1,"Slight","Cyclist","Driver or rider","Male",47,"A","Single carriageway",30,NA,"Not a Pedestrian","Not a Pedestrian",424429,437118,"E01011453",2,"Not at junction or within 20 metres","Daylight","Fine no high winds","Dry","Cyclist"
"6795","20161338M1431",2016-08-22,2016,"Aug",22,"19:39",19,39,"Monday","Slight",1,"Slight","Motorcycle 125cc and under rider or passenger","Driver or rider","Male",48,"B","Single carriageway",30,"Unclassified","Not a Pedestrian","Not a Pedestrian",426825,433094,"E01011292",2,"T or staggered junction","Daylight","Fine no high winds","Dry","Motorcyclist and pillion"
"6796","20161338M1450",2016-08-22,2016,"Aug",22,"19:45",19,45,"Monday","Slight",2,"Slight","Car occupant","Driver or rider","Female",36,"A","Slip road",60,"A","Not a Pedestrian","Not a Pedestrian",424278,433939,"E01011608",3,"Slip road","Daylight","Fine no high winds","Dry","Car occupant"
"6797","20161338M1450",2016-08-22,2016,"Aug",22,"19:45",19,45,"Monday","Slight",2,"Slight","Car occupant","Driver or rider","Male",58,"A","Slip road",60,"A","Not a Pedestrian","Not a Pedestrian",424278,433939,"E01011608",3,"Slip road","Daylight","Fine no high winds","Dry","Car occupant"
"6798","20161338N0383",2016-08-23,2016,"Aug",23,"09:15",9,15,"Tuesday","Serious",3,"Slight","Car occupant","Driver or rider","Female",36,"Unclassified","Single carriageway",30,NA,"Not a Pedestrian","Not a Pedestrian",426659,429310,"E01011518",1,"Not at junction or within 20 metres","Daylight","Fine no high winds","Dry","Car occupant"
"6799","20161338N0383",2016-08-23,2016,"Aug",23,"09:15",9,15,"Tuesday","Serious",3,"Serious","Car occupant","Passenger","Female",5,"Unclassified","Single carriageway",30,NA,"Not a Pedestrian","Not a Pedestrian",426659,429310,"E01011518",1,"Not at junction or within 20 metres","Daylight","Fine no high winds","Dry","Car occupant"
"6800","20161338N0383",2016-08-23,2016,"Aug",23,"09:15",9,15,"Tuesday","Serious",3,"Slight","Pedestrian","Pedestrian","Male",71,"Unclassified","Single carriageway",30,NA,"Unknown or other","Unknown or other",426659,429310,"E01011518",1,"Not at junction or within 20 metres","Daylight","Fine no high winds","Dry","Pedestrian"
"6801","20161338O0647",2016-08-23,2016,"Aug",23,"16:20",16,20,"Tuesday","Slight",1,"Slight","Car occupant","Driver or rider","Female",52,"A(M)","Slip road",70,"A","Not a Pedestrian","Not a Pedestrian",440974,445831,"E01011707",2,"Roundabout","Daylight","Fine no high winds","Dry","Car occupant"
"6802","20161338O0184",2016-08-24,2016,"Aug",24,"02:30",2,30,"Wednesday","Slight",1,"Slight","Pedestrian","Pedestrian","Male",37,"Unclassified","Single carriageway",30,"Unclassified","Crossing elsewhere within 50m. of pedestrian crossing","Crossing from driver's offside",430267,433747,"E01033010",1,"Crossroads","Darkness - lights lit","Fine no high winds","Dry","Pedestrian"
"6803","20161338O0350",2016-08-24,2016,"Aug",24,"07:15",7,15,"Wednesday","Slight",1,"Slight","Cyclist","Driver or rider","Male",27,"Unclassified","Single carriageway",30,NA,"Not a Pedestrian","Not a Pedestrian",427488,427891,"E01032490",2,"Not at junction or within 20 metres","Daylight","Fine no high winds","Dry","Cyclist"
"6804","20161338O0395",2016-08-24,2016,"Aug",24,"08:20",8,20,"Wednesday","Slight",1,"Slight","Cyclist","Driver or rider","Male",43,"Unclassified","Roundabout",30,"Unclassified","Not a Pedestrian","Not a Pedestrian",422023,434376,"E01011587",2,"Mini-roundabout","Daylight","Fine no high winds","Dry","Cyclist"
"6805","20161338O0388",2016-08-24,2016,"Aug",24,"08:22",8,22,"Wednesday","Slight",1,"Slight","Motorcycle 125cc and under rider or passenger","Driver or rider","Female",35,"Unclassified","Single carriageway",30,"Unclassified","Not a Pedestrian","Not a Pedestrian",429394,435524,"E01011668",2,"T or staggered junction","Daylight","Fine no high winds","Dry","Motorcyclist and pillion"
"6806","20161338O0459",2016-08-24,2016,"Aug",24,"09:20",9,20,"Wednesday","Serious",1,"Serious","Cyclist","Driver or rider","Male",17,"Unclassified","Single carriageway",20,"A","Not a Pedestrian","Not a Pedestrian",425902,432233,"E01011730",2,"T or staggered junction","Daylight","Fine no high winds","Dry","Cyclist"
"6807","20161338O0501",2016-08-24,2016,"Aug",24,"09:54",9,54,"Wednesday","Slight",3,"Slight","Car occupant","Driver or rider","Female",40,"Unclassified","Dual carriageway",40,NA,"Not a Pedestrian","Not a Pedestrian",434092,434196,"E01011346",2,"Not at junction or within 20 metres","Daylight","Fine no high winds","Dry","Car occupant"
"6808","20161338O0501",2016-08-24,2016,"Aug",24,"09:54",9,54,"Wednesday","Slight",3,"Slight","Van / Goods vehicle (3.5 tonnes mgw or under) occupant","Driver or rider","Male",35,"Unclassified","Dual carriageway",40,NA,"Not a Pedestrian","Not a Pedestrian",434092,434196,"E01011346",2,"Not at junction or within 20 metres","Daylight","Fine no high winds","Dry","Bus and goods vehicle occupant"
"6809","20161338O0501",2016-08-24,2016,"Aug",24,"09:54",9,54,"Wednesday","Slight",3,"Slight","Van / Goods vehicle (3.5 tonnes mgw or under) occupant","Passenger","Male",19,"Unclassified","Dual carriageway",40,NA,"Not a Pedestrian","Not a Pedestrian",434092,434196,"E01011346",2,"Not at junction or within 20 metres","Daylight","Fine no high winds","Dry","Bus and goods vehicle occupant"
"6810","20161338O0570",2016-08-24,2016,"Aug",24,"10:30",10,30,"Wednesday","Slight",1,"Slight","Car occupant","Driver or rider","Female",35,"Unclassified","Single carriageway",30,NA,"Not a Pedestrian","Not a Pedestrian",432148,438744,"E01011652",2,"Not at junction or within 20 metres","Daylight","Fine no high winds","Dry","Car occupant"
"6811","20161338P0901",2016-08-24,2016,"Aug",24,"12:15",12,15,"Wednesday","Slight",1,"Slight","Pedestrian","Pedestrian","Male",33,"Unclassified","Single carriageway",30,NA,"In carriageway, not crossing","In carriageway, stationary - not crossing  (standing or playing)",429479,427285,"E01011497",1,"Not at junction or within 20 metres","Daylight","Fine no high winds","Dry","Pedestrian"
"6812","20161338O1281",2016-08-24,2016,"Aug",24,"16:33",16,33,"Wednesday","Serious",2,"Serious","Car occupant","Passenger","Female",26,"Motorway","Slip road",70,"A","Not a Pedestrian","Not a Pedestrian",430424,424253,"E01011537",1,"Slip road","Daylight","Fine no high winds","Dry","Car occupant"
"6813","20161338O1281",2016-08-24,2016,"Aug",24,"16:33",16,33,"Wednesday","Serious",2,"Serious","Car occupant","Passenger","Female",17,"Motorway","Slip road",70,"A","Not a Pedestrian","Not a Pedestrian",430424,424253,"E01011537",1,"Slip road","Daylight","Fine no high winds","Dry","Car occupant"
"6814","20161338O1506",2016-08-24,2016,"Aug",24,"16:40",16,40,"Wednesday","Slight",1,"Slight","Car occupant","Passenger","Male",11,"A","Single carriageway",40,NA,"Not a Pedestrian","Not a Pedestrian",431935,435780,"E01011422",2,"Not at junction or within 20 metres","Daylight","Fine no high winds","Dry","Car occupant"
"6815","20161338O1409",2016-08-24,2016,"Aug",24,"16:50",16,50,"Wednesday","Slight",1,"Slight","Car occupant","Driver or rider","Female",65,"A","Single carriageway",30,"B","Not a Pedestrian","Not a Pedestrian",421079,436764,"E01011589",2,"T or staggered junction","Daylight","Fine no high winds","Dry","Car occupant"
"6816","20161338P0301",2016-08-24,2016,"Aug",24,"18:45",18,45,"Wednesday","Slight",1,"Slight","Bus or coach occupant (17 or more pass seats)","Passenger","Female",80,"Unclassified","Single carriageway",30,NA,"Not a Pedestrian","Not a Pedestrian",420319,445470,"E01011569",1,"Not at junction or within 20 metres","Daylight","Fine no high winds","Dry","Bus and goods vehicle occupant"
"6817","20161338O1671",2016-08-24,2016,"Aug",24,"19:26",19,26,"Wednesday","Slight",1,"Slight","Car occupant","Driver or rider","Male",42,"A","Dual carriageway",40,"Unclassified","Not a Pedestrian","Not a Pedestrian",434702,434556,"E01011341",2,"T or staggered junction","Darkness - lights lit","Fine no high winds","Dry","Car occupant"
"6818","20161338O1845",2016-08-24,2016,"Aug",24,"20:57",20,57,"Wednesday","Serious",1,"Serious","Motorcycle 125cc and under rider or passenger","Driver or rider","Male",22,"Unclassified","Single carriageway",30,NA,"Not a Pedestrian","Not a Pedestrian",423945,435413,"E01011329",2,"Not at junction or within 20 metres","Darkness - lights lit","Fine no high winds","Dry","Motorcyclist and pillion"
"6819","20161338P0284",2016-08-25,2016,"Aug",25,"07:42",7,42,"Thursday","Slight",1,"Slight","Car occupant","Passenger","Male",1,"B","Single carriageway",30,"Unclassified","Not a Pedestrian","Not a Pedestrian",444731,436447,"E01011297",2,"T or staggered junction","Daylight","Fine no high winds","Dry","Car occupant"
"6820","20161338P1011",2016-08-25,2016,"Aug",25,"15:05",15,5,"Thursday","Slight",2,"Slight","Pedestrian","Pedestrian","Female",77,"B","Single carriageway",30,"Unclassified","In carriageway, crossing elsewhere","Crossing from driver's nearside",440389,433269,"E01011396",1,"T or staggered junction","Daylight","Fine no high winds","Wet or damp","Pedestrian"
"6821","20161338P1011",2016-08-25,2016,"Aug",25,"15:05",15,5,"Thursday","Slight",2,"Slight","Pedestrian","Pedestrian","Female",84,"B","Single carriageway",30,"Unclassified","In carriageway, crossing elsewhere","Crossing from driver's nearside",440389,433269,"E01011396",1,"T or staggered junction","Daylight","Fine no high winds","Wet or damp","Pedestrian"
"6822","20161338P1020",2016-08-25,2016,"Aug",25,"15:10",15,10,"Thursday","Slight",2,"Slight","Car occupant","Driver or rider","Male",24,"Unclassified","Single carriageway",30,"Unclassified","Not a Pedestrian","Not a Pedestrian",429964,430996,"E01011312",2,"T or staggered junction","Daylight","Fine no high winds","Dry","Car occupant"
"6823","20161338P1020",2016-08-25,2016,"Aug",25,"15:10",15,10,"Thursday","Slight",2,"Slight","Car occupant","Passenger","Female",23,"Unclassified","Single carriageway",30,"Unclassified","Not a Pedestrian","Not a Pedestrian",429964,430996,"E01011312",2,"T or staggered junction","Daylight","Fine no high winds","Dry","Car occupant"
"6824","20161338P1294",2016-08-25,2016,"Aug",25,"17:00",17,0,"Thursday","Slight",1,"Slight","Pedestrian","Pedestrian","Male",17,"Unclassified","Single carriageway",30,NA,"Unknown or other","Unknown or other",432096,435513,"E01011430",1,"Not at junction or within 20 metres","Daylight","Fine no high winds","Dry","Pedestrian"
"6825","20161338P1414",2016-08-25,2016,"Aug",25,"18:00",18,0,"Thursday","Slight",1,"Slight","Pedestrian","Pedestrian","Female",27,"Unclassified","Dual carriageway",30,NA,"Crossing on pedestrian crossing facility","Crossing from driver's offside",430295,433389,"E01033010",1,"Not at junction or within 20 metres","Daylight","Raining no high winds","Wet or damp","Pedestrian"
"6826","20161338P1548",2016-08-25,2016,"Aug",25,"19:20",19,20,"Thursday","Slight",1,"Slight","Cyclist","Driver or rider","Male",15,"B","Single carriageway",30,NA,"Not a Pedestrian","Not a Pedestrian",425420,433191,"E01011725",2,"Not at junction or within 20 metres","Daylight","Unknown","Dry","Cyclist"
"6827","20161338Q0585",2016-08-26,2016,"Aug",26,"11:54",11,54,"Friday","Slight",1,"Slight","Pedestrian","Pedestrian","Female",68,"Unclassified","Single carriageway",30,NA,"Crossing on pedestrian crossing facility","Crossing from driver's offside",430079,433774,"E01033010",1,"Not at junction or within 20 metres","Daylight","Fine no high winds","Dry","Pedestrian"
"6828","20161338Q0698",2016-08-26,2016,"Aug",26,"12:45",12,45,"Friday","Slight",1,"Slight","Car occupant","Driver or rider","Female",32,"Unclassified","Single carriageway",30,"Unclassified","Not a Pedestrian","Not a Pedestrian",427914,434616,"E01011483",3,"T or staggered junction","Daylight","Fine no high winds","Dry","Car occupant"
"6829","20161338Q0879",2016-08-26,2016,"Aug",26,"14:08",14,8,"Friday","Slight",1,"Slight","Cyclist","Driver or rider","Male",39,"A","Dual carriageway",40,NA,"Not a Pedestrian","Not a Pedestrian",431208,433686,"E01033021",2,"Not at junction or within 20 metres","Daylight","Unknown","Dry","Cyclist"
"6830","20161338Q0909",2016-08-26,2016,"Aug",26,"14:20",14,20,"Friday","Slight",1,"Slight","Motorcycle over 500cc rider or passenger","Driver or rider","Male",55,"A","Single carriageway",40,"Unclassified","Not a Pedestrian","Not a Pedestrian",424636,444930,"E01011570",2,"T or staggered junction","Daylight","Unknown","Dry","Motorcyclist and pillion"
"6831","20161338Q1331",2016-08-26,2016,"Aug",26,"17:14",17,14,"Friday","Serious",1,"Serious","Car occupant","Passenger","Female",28,"Unclassified","One way street",40,"A(M)","Not a Pedestrian","Not a Pedestrian",429400,433822,"E01011678",2,"T or staggered junction","Daylight","Unknown","Dry","Car occupant"
"6832","20161338Q1557",2016-08-26,2016,"Aug",26,"19:00",19,0,"Friday","Slight",2,"Slight","Car occupant","Driver or rider","Male",24,"Motorway","Dual carriageway",50,NA,"Not a Pedestrian","Not a Pedestrian",428893,431659,"E01011366",4,"Not at junction or within 20 metres","Daylight","Fine no high winds","Dry","Car occupant"
"6833","20161338Q1557",2016-08-26,2016,"Aug",26,"19:00",19,0,"Friday","Slight",2,"Slight","Car occupant","Driver or rider","Male",37,"Motorway","Dual carriageway",50,NA,"Not a Pedestrian","Not a Pedestrian",428893,431659,"E01011366",4,"Not at junction or within 20 metres","Daylight","Fine no high winds","Dry","Car occupant"
"6834","20161338R0191",2016-08-27,2016,"Aug",27,"01:51",1,51,"Saturday","Slight",1,"Slight","Car occupant","Driver or rider","Male",52,"A","Single carriageway",30,NA,"Not a Pedestrian","Not a Pedestrian",429004,429914,"E01011320",3,"Not at junction or within 20 metres","Daylight","Fine no high winds","Dry","Car occupant"
"6835","20161338R0836",2016-08-27,2016,"Aug",27,"12:25",12,25,"Saturday","Slight",1,"Slight","Car occupant","Driver or rider","Male",27,"A","Single carriageway",30,NA,"Not a Pedestrian","Not a Pedestrian",440007,439595,"E01011309",3,"Not at junction or within 20 metres","Daylight","Fine no high winds","Dry","Car occupant"
"6836","20161338R1027",2016-08-27,2016,"Aug",27,"14:13",14,13,"Saturday","Serious",2,"Serious","Motorcycle over 500cc rider or passenger","Driver or rider","Male",23,"Unclassified","Single carriageway",30,NA,"Not a Pedestrian","Not a Pedestrian",419444,432681,"E01011606",2,"Not at junction or within 20 metres","Daylight","Raining no high winds","Wet or damp","Motorcyclist and pillion"
"6837","20161338R1027",2016-08-27,2016,"Aug",27,"14:13",14,13,"Saturday","Serious",2,"Serious","Motorcycle over 500cc rider or passenger","Passenger","Male",20,"Unclassified","Single carriageway",30,NA,"Not a Pedestrian","Not a Pedestrian",419444,432681,"E01011606",2,"Not at junction or within 20 metres","Daylight","Raining no high winds","Wet or damp","Motorcyclist and pillion"
"6838","20161338R2158",2016-08-27,2016,"Aug",27,"21:58",21,58,"Saturday","Serious",2,"Serious","Car occupant","Driver or rider","Male",30,"A","One way street",60,"Unclassified","Not a Pedestrian","Not a Pedestrian",435431,439805,"E01011311",2,"Crossroads","Darkness - no lighting","Raining no high winds","Wet or damp","Car occupant"
"6839","20161338R2158",2016-08-27,2016,"Aug",27,"21:58",21,58,"Saturday","Serious",2,"Slight","Goods vehicle (over 3.5t. and under 7.5t.) occupant","Driver or rider","Male",32,"A","One way street",60,"Unclassified","Not a Pedestrian","Not a Pedestrian",435431,439805,"E01011311",2,"Crossroads","Darkness - no lighting","Raining no high winds","Wet or damp","Bus and goods vehicle occupant"
"6840","20161338S0061",2016-08-27,2016,"Aug",27,"23:00",23,0,"Saturday","Slight",1,"Slight","Pedestrian","Pedestrian","Female",47,"Unclassified","Single carriageway",30,"Unclassified","In carriageway, crossing elsewhere","Crossing from driver's offside",428100,434754,"E01011447",1,"T or staggered junction","Darkness - lights lit","Raining no high winds","Wet or damp","Pedestrian"
"6841","20161338S0331",2016-08-28,2016,"Aug",28,"06:04",6,4,"Sunday","Slight",1,"Slight","Car occupant","Passenger","Male",32,"Motorway","Dual carriageway",70,NA,"Not a Pedestrian","Not a Pedestrian",431907,428158,"E01011502",2,"Not at junction or within 20 metres","Darkness - lights unlit","Raining no high winds","Wet or damp","Car occupant"
"6842","20161338S1482",2016-08-28,2016,"Aug",28,"10:00",10,0,"Sunday","Slight",1,"Slight","Car occupant","Driver or rider","Female",24,"Unclassified","Single carriageway",30,"Unclassified","Not a Pedestrian","Not a Pedestrian",431418,434089,"E01033035",2,"Crossroads","Daylight","Unknown","Dry","Car occupant"
"6843","20161338S0547",2016-08-28,2016,"Aug",28,"10:45",10,45,"Sunday","Slight",1,"Slight","Pedestrian","Pedestrian","Female",19,"Unclassified","One way street",30,NA,"Crossing on pedestrian crossing facility","Crossing from driver's nearside",430720,428166,"E01011490",1,"Not at junction or within 20 metres","Daylight","Fine no high winds","Dry","Pedestrian"
"6844","20161338S0582",2016-08-28,2016,"Aug",28,"11:30",11,30,"Sunday","Slight",1,"Slight","Pedestrian","Pedestrian","Female",19,"Unclassified","Single carriageway",30,"Unclassified","Unknown or other","Unknown or other",440175,438896,"E01011309",1,"T or staggered junction","Daylight","Fine no high winds","Dry","Pedestrian"
"6845","20161338S0736",2016-08-28,2016,"Aug",28,"13:00",13,0,"Sunday","Slight",1,"Slight","Car occupant","Driver or rider","Female",24,"A(M)","Dual carriageway",70,NA,"Not a Pedestrian","Not a Pedestrian",441357,445063,"E01011707",1,"Not at junction or within 20 metres","Daylight","Fine no high winds","Dry","Car occupant"
"6846","20161338S1196",2016-08-28,2016,"Aug",28,"17:05",17,5,"Sunday","Slight",1,"Slight","Motorcycle 125cc and under rider or passenger","Driver or rider","Male",26,"Unclassified","Single carriageway",30,NA,"Not a Pedestrian","Not a Pedestrian",434924,433092,"E01011415",2,"Not at junction or within 20 metres","Daylight","Unknown","Dry","Motorcyclist and pillion"
"6847","20161338S1854",2016-08-28,2016,"Aug",28,"22:45",22,45,"Sunday","Slight",1,"Slight","Car occupant","Driver or rider","Female",60,"A","Dual carriageway",30,"A","Not a Pedestrian","Not a Pedestrian",430694,433001,"E01033019",2,"Slip road","Darkness - lights lit","Fine no high winds","Wet or damp","Car occupant"
"6848","20161338T0435",2016-08-29,2016,"Aug",29,"07:09",7,9,"Monday","Serious",1,"Serious","Car occupant","Driver or rider","Male",20,"Motorway","Dual carriageway",70,NA,"Not a Pedestrian","Not a Pedestrian",438926,433971,"E01011410",1,"Not at junction or within 20 metres","Daylight","Fine no high winds","Dry","Car occupant"
"6849","20161338T1569",2016-08-29,2016,"Aug",29,"18:55",18,55,"Monday","Slight",1,"Slight","Cyclist","Driver or rider","Female",44,"Unclassified","Single carriageway",30,"Unclassified","Not a Pedestrian","Not a Pedestrian",432303,438830,"E01011653",2,"T or staggered junction","Daylight","Fine no high winds","Dry","Cyclist"
"6850","20161338T1944",2016-08-29,2016,"Aug",29,"21:42",21,42,"Monday","Slight",2,"Slight","Car occupant","Passenger","Female",2,"Unclassified","Single carriageway",30,"B","Not a Pedestrian","Not a Pedestrian",432438,434836,"E01011344",2,"Crossroads","Darkness - lights lit","Fine no high winds","Dry","Car occupant"
"6851","20161338T1944",2016-08-29,2016,"Aug",29,"21:42",21,42,"Monday","Slight",2,"Slight","Car occupant","Driver or rider","Female",59,"Unclassified","Single carriageway",30,"B","Not a Pedestrian","Not a Pedestrian",432438,434836,"E01011344",2,"Crossroads","Darkness - lights lit","Fine no high winds","Dry","Car occupant"
"6852","20161338U0330",2016-08-30,2016,"Aug",30,"07:40",7,40,"Tuesday","Slight",1,"Slight","Cyclist","Driver or rider","Male",35,"Unclassified","Single carriageway",30,"Unclassified","Not a Pedestrian","Not a Pedestrian",432057,435969,"E01011647",2,"T or staggered junction","Daylight","Fine no high winds","Dry","Cyclist"
"6853","20161338U0443",2016-08-30,2016,"Aug",30,"10:03",10,3,"Tuesday","Slight",1,"Slight","Cyclist","Driver or rider","Male",52,"Unclassified","Single carriageway",30,"Unclassified","Not a Pedestrian","Not a Pedestrian",428722,437083,"E01011691",2,"T or staggered junction","Daylight","Fine no high winds","Dry","Cyclist"
"6854","20161338U1015",2016-08-30,2016,"Aug",30,"15:07",15,7,"Tuesday","Slight",1,"Slight","Car occupant","Driver or rider","Male",62,"A","Dual carriageway",40,"A","Not a Pedestrian","Not a Pedestrian",428943,425984,"E01011538",3,"T or staggered junction","Daylight","Fine no high winds","Dry","Car occupant"
"6855","20161338U1180",2016-08-30,2016,"Aug",30,"16:15",16,15,"Tuesday","Slight",1,"Slight","Pedestrian","Pedestrian","Male",9,"Unclassified","Single carriageway",30,"Unclassified","In carriageway, crossing elsewhere","Crossing from driver's offside",434629,435509,"E01011664",1,"Other junction","Daylight","Fine no high winds","Dry","Pedestrian"
"6856","20161338U1210",2016-08-30,2016,"Aug",30,"16:30",16,30,"Tuesday","Slight",1,"Slight","Cyclist","Driver or rider","Male",8,"Unclassified","Single carriageway",30,NA,"Not a Pedestrian","Not a Pedestrian",429509,431018,"E01011375",2,"Not at junction or within 20 metres","Daylight","Fine no high winds","Dry","Cyclist"
"6857","20161338U1418",2016-08-30,2016,"Aug",30,"16:30",16,30,"Tuesday","Slight",1,"Slight","Bus or coach occupant (17 or more pass seats)","Passenger","Male",6,"Unclassified","One way street",30,NA,"Not a Pedestrian","Not a Pedestrian",427161,433522,"E01011293",1,"Not at junction or within 20 metres","Daylight","Fine no high winds","Wet or damp","Bus and goods vehicle occupant"
"6858","20161338V0289",2016-08-31,2016,"Aug",31,"07:35",7,35,"Wednesday","Serious",1,"Serious","Motorcycle 125cc and under rider or passenger","Driver or rider","Male",18,"A","Single carriageway",30,NA,"Not a Pedestrian","Not a Pedestrian",425106,427356,"E01011530",2,"Not at junction or within 20 metres","Daylight","Fine no high winds","Dry","Motorcyclist and pillion"
"6859","20161338V0296",2016-08-31,2016,"Aug",31,"07:46",7,46,"Wednesday","Slight",2,"Slight","Car occupant","Driver or rider","Male",37,"A","Single carriageway",40,"A","Not a Pedestrian","Not a Pedestrian",431249,445734,"E01011561",2,"T or staggered junction","Daylight","Unknown","Dry","Car occupant"
"6860","20161338V0296",2016-08-31,2016,"Aug",31,"07:46",7,46,"Wednesday","Slight",2,"Slight","Car occupant","Driver or rider","Female",54,"A","Single carriageway",40,"A","Not a Pedestrian","Not a Pedestrian",431249,445734,"E01011561",2,"T or staggered junction","Daylight","Unknown","Dry","Car occupant"