"","accident_index","date","year","month","day","time","time_hour","time_minute","day_of_week","accident_severity","number_of_casualties","casualty_severity","casualty_type","casualty_class","sex_of_casualty","age_of_casualty","first_road_class","road_type","speed_limit","second_road_class","pedestrian_location","pedestrian_movement","location_easting_osgr","location_northing_osgr","lsoa_of_accident_location","number_of_vehicles","junction_detail","light_conditions","weather_conditions","road_surface_conditions","cas_type"
"6861","20161338V0314",2016-08-31,2016,"Aug",31,"07:55",7,55,"Wednesday","Slight",1,"Slight","Car occupant","Driver or rider","Male",23,"Unclassified","Slip road",40,"A","Not a Pedestrian","Not a Pedestrian",428967,433445,"E01033015",2,"Slip road","Daylight","Fine no high winds","Dry","Car occupant"
"6862","2016133970563",2016-08-31,2016,"Aug",31,"09:00",9,0,"Wednesday","Serious",1,"Serious","Motorcycle over 500cc rider or passenger","Driver or rider","Male",44,"Unclassified","Single carriageway",30,NA,"Not a Pedestrian","Not a Pedestrian",430277,431184,"E01011374",2,"Not at junction or within 20 metres","Daylight","Unknown","Dry","Motorcyclist and pillion"
"6863","20161338V1144",2016-08-31,2016,"Aug",31,"16:04",16,4,"Wednesday","Slight",1,"Slight","Pedestrian","Pedestrian","Female",85,"Unclassified","Single carriageway",30,"Unclassified","In carriageway, crossing elsewhere","Crossing from driver's nearside",428898,439998,"E01011554",1,"T or staggered junction","Daylight","Fine no high winds","Dry","Pedestrian"
"6864","20161338V1336",2016-08-31,2016,"Aug",31,"18:00",18,0,"Wednesday","Slight",1,"Slight","Cyclist","Driver or rider","Male",39,"Unclassified","Single carriageway",30,"Unclassified","Not a Pedestrian","Not a Pedestrian",431691,435736,"E01011426",2,"Crossroads","Daylight","Fine no high winds","Dry","Cyclist"
"6865","20161338V1509",2016-08-31,2016,"Aug",31,"19:30",19,30,"Wednesday","Slight",1,"Slight","Pedestrian","Pedestrian","Male",13,"Unclassified","Single carriageway",30,"Unclassified","In carriageway, crossing elsewhere","Crossing from driver's offside",427299,433371,"E01011293",1,"T or staggered junction","Daylight","Fine no high winds","Dry","Pedestrian"
"6866","2016133910228",2016-09-01,2016,"Sep",1,"06:55",6,55,"Thursday","Slight",1,"Slight","Car occupant","Driver or rider","Female",38,"Motorway","Slip road",60,"A","Not a Pedestrian","Not a Pedestrian",435910,425857,"E01011636",2,"Roundabout","Daylight","Fine no high winds","Dry","Car occupant"
"6867","2016133911134",2016-09-01,2016,"Sep",1,"07:50",7,50,"Thursday","Slight",1,"Slight","Cyclist","Driver or rider","Male",59,"Unclassified","Single carriageway",30,"Unclassified","Not a Pedestrian","Not a Pedestrian",431085,434206,"E01033031",2,"Crossroads","Daylight","Fine no high winds","Dry","Cyclist"
"6868","2016133910363",2016-09-01,2016,"Sep",1,"09:22",9,22,"Thursday","Slight",1,"Slight","Cyclist","Driver or rider","Male",32,"Unclassified","Single carriageway",30,NA,"Not a Pedestrian","Not a Pedestrian",432820,432033,"E01011621",2,"Not at junction or within 20 metres","Daylight","Fine no high winds","Dry","Cyclist"
"6869","2016133910399",2016-09-01,2016,"Sep",1,"09:47",9,47,"Thursday","Serious",1,"Serious","Motorcycle over 125cc and up to 500cc rider or  passenger","Driver or rider","Female",31,"Unclassified","Single carriageway",30,"Unclassified","Not a Pedestrian","Not a Pedestrian",428543,434276,"E01011681",2,"T or staggered junction","Daylight","Fine no high winds","Dry","Motorcyclist and pillion"
"6870","2016133910481",2016-09-01,2016,"Sep",1,"10:54",10,54,"Thursday","Slight",2,"Slight","Car occupant","Passenger","Female",60,"Motorway","Dual carriageway",70,NA,"Not a Pedestrian","Not a Pedestrian",434993,425884,"E01011636",4,"Not at junction or within 20 metres","Daylight","Fine no high winds","Dry","Car occupant"
"6871","2016133910481",2016-09-01,2016,"Sep",1,"10:54",10,54,"Thursday","Slight",2,"Slight","Car occupant","Passenger","Female",30,"Motorway","Dual carriageway",70,NA,"Not a Pedestrian","Not a Pedestrian",434993,425884,"E01011636",4,"Not at junction or within 20 metres","Daylight","Fine no high winds","Dry","Car occupant"
"6872","2016133911896",2016-09-01,2016,"Sep",1,"17:25",17,25,"Thursday","Slight",2,"Slight","Car occupant","Driver or rider","Female",50,"A","Single carriageway",60,NA,"Not a Pedestrian","Not a Pedestrian",440117,445945,"E01011696",2,"Not at junction or within 20 metres","Daylight","Unknown","Dry","Car occupant"
"6873","2016133911896",2016-09-01,2016,"Sep",1,"17:25",17,25,"Thursday","Slight",2,"Slight","Car occupant","Passenger","Female",16,"A","Single carriageway",60,NA,"Not a Pedestrian","Not a Pedestrian",440117,445945,"E01011696",2,"Not at junction or within 20 metres","Daylight","Unknown","Dry","Car occupant"
"6874","2016133911223",2016-09-01,2016,"Sep",1,"17:32",17,32,"Thursday","Serious",1,"Serious","Motorcycle 125cc and under rider or passenger","Driver or rider","Male",21,"Unclassified","Single carriageway",30,"Unclassified","Not a Pedestrian","Not a Pedestrian",424984,432685,"E01011726",2,"T or staggered junction","Daylight","Fine no high winds","Dry","Motorcyclist and pillion"
"6875","2016133920666",2016-09-02,2016,"Sep",2,"11:55",11,55,"Friday","Slight",2,"Slight","Car occupant","Driver or rider","Male",86,"Unclassified","Single carriageway",30,"Unclassified","Not a Pedestrian","Not a Pedestrian",420804,436820,"E01011589",2,"Crossroads","Daylight","Fine no high winds","Dry","Car occupant"
"6876","2016133920666",2016-09-02,2016,"Sep",2,"11:55",11,55,"Friday","Slight",2,"Slight","Car occupant","Passenger","Female",72,"Unclassified","Single carriageway",30,"Unclassified","Not a Pedestrian","Not a Pedestrian",420804,436820,"E01011589",2,"Crossroads","Daylight","Fine no high winds","Dry","Car occupant"
"6877","2016133920679",2016-09-02,2016,"Sep",2,"12:00",12,0,"Friday","Serious",1,"Serious","Cyclist","Driver or rider","Male",22,"Unclassified","Single carriageway",30,NA,"Not a Pedestrian","Not a Pedestrian",431190,434501,"E01033031",2,"Not at junction or within 20 metres","Daylight","Fine no high winds","Dry","Cyclist"
"6878","2016133920772",2016-09-02,2016,"Sep",2,"13:00",13,0,"Friday","Slight",1,"Slight","Cyclist","Driver or rider","Male",31,"Unclassified","Single carriageway",30,NA,"Not a Pedestrian","Not a Pedestrian",432625,434590,"E01011344",2,"Not at junction or within 20 metres","Daylight","Fine no high winds","Dry","Cyclist"
"6879","2016133921129",2016-09-02,2016,"Sep",2,"15:40",15,40,"Friday","Slight",2,"Slight","Car occupant","Passenger","Female",38,"A","Single carriageway",40,NA,"Not a Pedestrian","Not a Pedestrian",425421,443198,"E01011576",3,"Not at junction or within 20 metres","Daylight","Fine no high winds","Dry","Car occupant"
"6880","2016133921129",2016-09-02,2016,"Sep",2,"15:40",15,40,"Friday","Slight",2,"Slight","Van / Goods vehicle (3.5 tonnes mgw or under) occupant","Driver or rider","Male",52,"A","Single carriageway",40,NA,"Not a Pedestrian","Not a Pedestrian",425421,443198,"E01011576",3,"Not at junction or within 20 metres","Daylight","Fine no high winds","Dry","Bus and goods vehicle occupant"
"6881","2016133921283",2016-09-02,2016,"Sep",2,"16:25",16,25,"Friday","Slight",1,"Slight","Car occupant","Driver or rider","Female",36,"B","Roundabout",30,"Unclassified","Not a Pedestrian","Not a Pedestrian",422023,434372,"E01011587",2,"Roundabout","Daylight","Fine no high winds","Dry","Car occupant"
"6882","2016133921235",2016-09-02,2016,"Sep",2,"16:30",16,30,"Friday","Slight",1,"Slight","Car occupant","Driver or rider","Female",23,"A","Dual carriageway",40,"Unclassified","Not a Pedestrian","Not a Pedestrian",429738,430550,"E01011322",2,"T or staggered junction","Daylight","Fine no high winds","Dry","Car occupant"
"6883","2016133921278",2016-09-02,2016,"Sep",2,"16:45",16,45,"Friday","Slight",3,"Slight","Car occupant","Driver or rider","Male",82,"Unclassified","Single carriageway",30,NA,"Not a Pedestrian","Not a Pedestrian",420622,433728,"E01011613",2,"Not at junction or within 20 metres","Daylight","Fine no high winds","Dry","Car occupant"
"6884","2016133921278",2016-09-02,2016,"Sep",2,"16:45",16,45,"Friday","Slight",3,"Slight","Car occupant","Driver or rider","Female",48,"Unclassified","Single carriageway",30,NA,"Not a Pedestrian","Not a Pedestrian",420622,433728,"E01011613",2,"Not at junction or within 20 metres","Daylight","Fine no high winds","Dry","Car occupant"
"6885","2016133921278",2016-09-02,2016,"Sep",2,"16:45",16,45,"Friday","Slight",3,"Slight","Car occupant","Passenger","Female",35,"Unclassified","Single carriageway",30,NA,"Not a Pedestrian","Not a Pedestrian",420622,433728,"E01011613",2,"Not at junction or within 20 metres","Daylight","Fine no high winds","Dry","Car occupant"
"6886","2016133921395",2016-09-02,2016,"Sep",2,"17:30",17,30,"Friday","Slight",1,"Slight","Car occupant","Driver or rider","Female",40,"Unclassified","Single carriageway",30,NA,"Not a Pedestrian","Not a Pedestrian",436138,435674,"E01011724",2,"Not at junction or within 20 metres","Daylight","Fine no high winds","Dry","Car occupant"
"6887","20161339T1918",2016-09-02,2016,"Sep",2,"18:00",18,0,"Friday","Slight",1,"Slight","Pedestrian","Pedestrian","Female",11,"Unclassified","Single carriageway",30,NA,"Crossing elsewhere within 50m. of pedestrian crossing","Crossing from driver's nearside",434066,433354,"E01011616",1,"Not at junction or within 20 metres","Daylight","Fine no high winds","Dry","Pedestrian"
"6888","2016133921449",2016-09-02,2016,"Sep",2,"18:07",18,7,"Friday","Slight",1,"Slight","Motorcycle 50cc and under rider or passenger","Driver or rider","Male",15,"Unclassified","Single carriageway",30,"Unclassified","Not a Pedestrian","Not a Pedestrian",429479,431201,"E01011373",2,"Crossroads","Daylight","Fine no high winds","Dry","Motorcyclist and pillion"
"6889","2016133930215",2016-09-03,2016,"Sep",3,"02:35",2,35,"Saturday","Slight",1,"Slight","Car occupant","Driver or rider","Female",22,"Unclassified","Single carriageway",30,NA,"Not a Pedestrian","Not a Pedestrian",431514,438536,"E01011511",2,"Not at junction or within 20 metres","Darkness - lights lit","Fine no high winds","Dry","Car occupant"
"6890","2016133930839",2016-09-03,2016,"Sep",3,"13:05",13,5,"Saturday","Serious",1,"Serious","Car occupant","Driver or rider","Male",64,"Unclassified","Single carriageway",30,NA,"Not a Pedestrian","Not a Pedestrian",422424,432775,"E01011604",3,"Not at junction or within 20 metres","Daylight","Raining no high winds","Wet or damp","Car occupant"
"6891","2016133930957",2016-09-03,2016,"Sep",3,"14:25",14,25,"Saturday","Slight",6,"Slight","Car occupant","Driver or rider","Male",53,"Unclassified","Single carriageway",30,"Unclassified","Not a Pedestrian","Not a Pedestrian",431229,434786,"E01011673",2,"Crossroads","Daylight","Raining no high winds","Wet or damp","Car occupant"
"6892","2016133930957",2016-09-03,2016,"Sep",3,"14:25",14,25,"Saturday","Slight",6,"Slight","Car occupant","Passenger","Female",38,"Unclassified","Single carriageway",30,"Unclassified","Not a Pedestrian","Not a Pedestrian",431229,434786,"E01011673",2,"Crossroads","Daylight","Raining no high winds","Wet or damp","Car occupant"
"6893","2016133930957",2016-09-03,2016,"Sep",3,"14:25",14,25,"Saturday","Slight",6,"Slight","Car occupant","Passenger","Female",12,"Unclassified","Single carriageway",30,"Unclassified","Not a Pedestrian","Not a Pedestrian",431229,434786,"E01011673",2,"Crossroads","Daylight","Raining no high winds","Wet or damp","Car occupant"
"6894","2016133930957",2016-09-03,2016,"Sep",3,"14:25",14,25,"Saturday","Slight",6,"Slight","Car occupant","Driver or rider","Male",25,"Unclassified","Single carriageway",30,"Unclassified","Not a Pedestrian","Not a Pedestrian",431229,434786,"E01011673",2,"Crossroads","Daylight","Raining no high winds","Wet or damp","Car occupant"
"6895","2016133930957",2016-09-03,2016,"Sep",3,"14:25",14,25,"Saturday","Slight",6,"Slight","Car occupant","Passenger","Male",4,"Unclassified","Single carriageway",30,"Unclassified","Not a Pedestrian","Not a Pedestrian",431229,434786,"E01011673",2,"Crossroads","Daylight","Raining no high winds","Wet or damp","Car occupant"
"6896","2016133930957",2016-09-03,2016,"Sep",3,"14:25",14,25,"Saturday","Slight",6,"Slight","Car occupant","Passenger","Male",41,"Unclassified","Single carriageway",30,"Unclassified","Not a Pedestrian","Not a Pedestrian",431229,434786,"E01011673",2,"Crossroads","Daylight","Raining no high winds","Wet or damp","Car occupant"
"6897","2016133931321",2016-09-03,2016,"Sep",3,"15:30",15,30,"Saturday","Slight",1,"Slight","Car occupant","Driver or rider","Female",27,"B","Single carriageway",30,"Unclassified","Not a Pedestrian","Not a Pedestrian",427519,435875,"E01032945",2,"T or staggered junction","Daylight","Fine no high winds","Wet or damp","Car occupant"
"6898","2016133931892",2016-09-03,2016,"Sep",3,"23:50",23,50,"Saturday","Slight",1,"Slight","Taxi/Private hire car occupant","Passenger","Female",22,"Unclassified","Single carriageway",30,NA,"Not a Pedestrian","Not a Pedestrian",428750,434077,"E01011681",2,"Not at junction or within 20 metres","Darkness - lights lit","Fine no high winds","Wet or damp","Car occupant"
"6899","2016133940394",2016-09-04,2016,"Sep",4,"08:00",8,0,"Sunday","Slight",1,"Slight","Car occupant","Driver or rider","Male",34,"Unclassified","Single carriageway",30,"Unclassified","Not a Pedestrian","Not a Pedestrian",428526,432685,"E01011363",2,"T or staggered junction","Daylight","Fine no high winds","Dry","Car occupant"
"6900","2016133940520",2016-09-04,2016,"Sep",4,"10:25",10,25,"Sunday","Serious",3,"Serious","Car occupant","Driver or rider","Male",21,"A","Single carriageway",60,NA,"Not a Pedestrian","Not a Pedestrian",423345,444486,"E01011570",2,"Not at junction or within 20 metres","Daylight","Fine no high winds","Wet or damp","Car occupant"
"6901","2016133940520",2016-09-04,2016,"Sep",4,"10:25",10,25,"Sunday","Serious",3,"Serious","Car occupant","Driver or rider","Male",66,"A","Single carriageway",60,NA,"Not a Pedestrian","Not a Pedestrian",423345,444486,"E01011570",2,"Not at junction or within 20 metres","Daylight","Fine no high winds","Wet or damp","Car occupant"
"6902","2016133940520",2016-09-04,2016,"Sep",4,"10:25",10,25,"Sunday","Serious",3,"Serious","Car occupant","Passenger","Female",60,"A","Single carriageway",60,NA,"Not a Pedestrian","Not a Pedestrian",423345,444486,"E01011570",2,"Not at junction or within 20 metres","Daylight","Fine no high winds","Wet or damp","Car occupant"
"6903","2016133941184",2016-09-04,2016,"Sep",4,"11:07",11,7,"Sunday","Slight",1,"Slight","Car occupant","Passenger","Female",28,"Unclassified","Single carriageway",30,NA,"Not a Pedestrian","Not a Pedestrian",431919,435708,"E01011428",2,"Not at junction or within 20 metres","Daylight","Fine no high winds","Dry","Car occupant"
"6904","2016133941118",2016-09-04,2016,"Sep",4,"16:30",16,30,"Sunday","Slight",4,"Slight","Car occupant","Driver or rider","Female",28,"Motorway","Slip road",70,"Motorway","Not a Pedestrian","Not a Pedestrian",437762,432564,"E01011402",2,"Slip road","Daylight","Raining no high winds","Wet or damp","Car occupant"
"6905","2016133941118",2016-09-04,2016,"Sep",4,"16:30",16,30,"Sunday","Slight",4,"Slight","Car occupant","Driver or rider","Male",42,"Motorway","Slip road",70,"Motorway","Not a Pedestrian","Not a Pedestrian",437762,432564,"E01011402",2,"Slip road","Daylight","Raining no high winds","Wet or damp","Car occupant"
"6906","2016133941118",2016-09-04,2016,"Sep",4,"16:30",16,30,"Sunday","Slight",4,"Slight","Car occupant","Passenger","Female",42,"Motorway","Slip road",70,"Motorway","Not a Pedestrian","Not a Pedestrian",437762,432564,"E01011402",2,"Slip road","Daylight","Raining no high winds","Wet or damp","Car occupant"
"6907","2016133941118",2016-09-04,2016,"Sep",4,"16:30",16,30,"Sunday","Slight",4,"Slight","Car occupant","Passenger","Male",21,"Motorway","Slip road",70,"Motorway","Not a Pedestrian","Not a Pedestrian",437762,432564,"E01011402",2,"Slip road","Daylight","Raining no high winds","Wet or damp","Car occupant"
"6908","2016133950236",2016-09-05,2016,"Sep",5,"06:18",6,18,"Monday","Serious",1,"Serious","Car occupant","Driver or rider","Female",42,"Motorway","Dual carriageway",70,NA,"Not a Pedestrian","Not a Pedestrian",429615,426434,"E01011538",2,"Not at junction or within 20 metres","Daylight","Fine no high winds","Dry","Car occupant"
"6909","2016133950384",2016-09-05,2016,"Sep",5,"09:25",9,25,"Monday","Slight",1,"Slight","Pedestrian","Pedestrian","Female",69,"Unclassified","Single carriageway",30,NA,"On footway or verge","Unknown or other",425907,428597,"E01011532",1,"Not at junction or within 20 metres","Daylight","Fine no high winds","Dry","Pedestrian"
"6910","2016133950667",2016-09-05,2016,"Sep",5,"13:00",13,0,"Monday","Slight",1,"Slight","Motorcycle 125cc and under rider or passenger","Driver or rider","Male",20,"Unclassified","Single carriageway",30,"Unclassified","Not a Pedestrian","Not a Pedestrian",436816,443228,"E01011713",1,"T or staggered junction","Daylight","Fine no high winds","Dry","Motorcyclist and pillion"
"6911","2016133951224",2016-09-05,2016,"Sep",5,"16:50",16,50,"Monday","Slight",1,"Slight","Cyclist","Driver or rider","Male",34,"A","Dual carriageway",30,NA,"Not a Pedestrian","Not a Pedestrian",428520,433927,"E01011363",2,"Not at junction or within 20 metres","Daylight","Fine no high winds","Dry","Cyclist"
"6912","2016133960729",2016-09-06,2016,"Sep",6,"13:07",13,7,"Tuesday","Slight",1,"Slight","Pedestrian","Pedestrian","Female",16,"A","Dual carriageway",40,NA,"Crossing on pedestrian crossing facility","Crossing from driver's nearside",432183,433601,"E01011623",1,"Not at junction or within 20 metres","Daylight","Fine no high winds","Dry","Pedestrian"
"6913","2016133960903",2016-09-06,2016,"Sep",6,"14:45",14,45,"Tuesday","Slight",1,"Slight","Car occupant","Driver or rider","Male",53,"A","Single carriageway",40,NA,"Not a Pedestrian","Not a Pedestrian",421146,439328,"E01011457",1,"Not at junction or within 20 metres","Daylight","Fine no high winds","Dry","Car occupant"
"6914","2016133971286",2016-09-07,2016,"Sep",7,"17:05",17,5,"Wednesday","Slight",1,"Slight","Cyclist","Driver or rider","Male",8,"Unclassified","Single carriageway",30,NA,"Not a Pedestrian","Not a Pedestrian",429561,431591,"E01011364",2,"Not at junction or within 20 metres","Daylight","Fine no high winds","Dry","Cyclist"
"6915","2016133971440",2016-09-07,2016,"Sep",7,"18:14",18,14,"Wednesday","Slight",1,"Slight","Taxi/Private hire car occupant","Passenger","Female",78,"Unclassified","Single carriageway",30,NA,"Not a Pedestrian","Not a Pedestrian",435070,435737,"E01011664",1,"Not at junction or within 20 metres","Daylight","Unknown","Dry","Car occupant"
"6916","2016133980286",2016-09-08,2016,"Sep",8,"08:20",8,20,"Thursday","Slight",1,"Slight","Cyclist","Driver or rider","Male",40,"A","Single carriageway",30,"Unclassified","Not a Pedestrian","Not a Pedestrian",427322,437204,"E01011690",2,"T or staggered junction","Daylight","Fine no high winds","Dry","Cyclist"
"6917","2016133980593",2016-09-08,2016,"Sep",8,"11:40",11,40,"Thursday","Slight",1,"Slight","Pedestrian","Pedestrian","Female",22,"Unclassified","Single carriageway",30,NA,"On footway or verge","Unknown or other",431233,433776,"E01033031",2,"Not at junction or within 20 metres","Daylight","Fine no high winds","Dry","Pedestrian"
"6918","2016133981785",2016-09-08,2016,"Sep",8,"22:20",22,20,"Thursday","Serious",2,"Serious","Car occupant","Passenger","Male",13,"Motorway","Dual carriageway",70,NA,"Not a Pedestrian","Not a Pedestrian",427300,426244,"E01011550",2,"Not at junction or within 20 metres","Darkness - lights lit","Fine no high winds","Dry","Car occupant"
"6919","2016133981785",2016-09-08,2016,"Sep",8,"22:20",22,20,"Thursday","Serious",2,"Slight","Car occupant","Passenger","Female",18,"Motorway","Dual carriageway",70,NA,"Not a Pedestrian","Not a Pedestrian",427300,426244,"E01011550",2,"Not at junction or within 20 metres","Darkness - lights lit","Fine no high winds","Dry","Car occupant"
"6920","2016133990592",2016-09-09,2016,"Sep",9,"11:42",11,42,"Friday","Slight",1,"Slight","Car occupant","Passenger","Female",71,"A","Single carriageway",30,"Unclassified","Not a Pedestrian","Not a Pedestrian",434673,428174,"E01011633",2,"T or staggered junction","Daylight","Unknown","Dry","Car occupant"
"6921","2016133960599",2016-09-09,2016,"Sep",9,"12:05",12,5,"Friday","Slight",1,"Slight","Car occupant","Driver or rider","Female",51,"Unclassified","Single carriageway",30,"Unclassified","Not a Pedestrian","Not a Pedestrian",430711,436959,"E01011352",2,"Private drive or entrance","Daylight","Fine no high winds","Dry","Car occupant"
"6922","2016133990740",2016-09-09,2016,"Sep",9,"13:03",13,3,"Friday","Slight",1,"Slight","Cyclist","Driver or rider","Male",18,"A","Roundabout",30,"A","Not a Pedestrian","Not a Pedestrian",418152,442485,"E01011266",2,"Roundabout","Daylight","Fine no high winds","Dry","Cyclist"
"6923","2016133990889",2016-09-09,2016,"Sep",9,"14:05",14,5,"Friday","Slight",2,"Slight","Car occupant","Driver or rider","Female",41,"A","Dual carriageway",40,"Unclassified","Not a Pedestrian","Not a Pedestrian",430466,435596,"E01011357",2,"T or staggered junction","Daylight","Fine no high winds","Dry","Car occupant"
"6924","2016133990889",2016-09-09,2016,"Sep",9,"14:05",14,5,"Friday","Slight",2,"Slight","Car occupant","Passenger","Male",57,"A","Dual carriageway",40,"Unclassified","Not a Pedestrian","Not a Pedestrian",430466,435596,"E01011357",2,"T or staggered junction","Daylight","Fine no high winds","Dry","Car occupant"
"6925","20161339B0466",2016-09-10,2016,"Sep",10,"11:45",11,45,"Saturday","Slight",3,"Slight","Car occupant","Driver or rider","Male",36,"B","Single carriageway",30,"B","Not a Pedestrian","Not a Pedestrian",425635,433081,"E01011725",2,"T or staggered junction","Daylight","Fine no high winds","Dry","Car occupant"
"6926","20161339B0466",2016-09-10,2016,"Sep",10,"11:45",11,45,"Saturday","Slight",3,"Slight","Car occupant","Passenger","Female",32,"B","Single carriageway",30,"B","Not a Pedestrian","Not a Pedestrian",425635,433081,"E01011725",2,"T or staggered junction","Daylight","Fine no high winds","Dry","Car occupant"
"6927","20161339B0466",2016-09-10,2016,"Sep",10,"11:45",11,45,"Saturday","Slight",3,"Slight","Car occupant","Passenger","Male",1,"B","Single carriageway",30,"B","Not a Pedestrian","Not a Pedestrian",425635,433081,"E01011725",2,"T or staggered junction","Daylight","Fine no high winds","Dry","Car occupant"
"6928","20161339A1569",2016-09-10,2016,"Sep",10,"19:30",19,30,"Saturday","Slight",2,"Slight","Car occupant","Driver or rider","Female",29,"A","Single carriageway",40,"Unclassified","Not a Pedestrian","Not a Pedestrian",436761,437359,"E01011714",2,"T or staggered junction","Daylight","Fine no high winds","Dry","Car occupant"
"6929","20161339A1569",2016-09-10,2016,"Sep",10,"19:30",19,30,"Saturday","Slight",2,"Slight","Car occupant","Passenger","Female",28,"A","Single carriageway",40,"Unclassified","Not a Pedestrian","Not a Pedestrian",436761,437359,"E01011714",2,"T or staggered junction","Daylight","Fine no high winds","Dry","Car occupant"
"6930","20161339A2102",2016-09-10,2016,"Sep",10,"23:45",23,45,"Saturday","Serious",1,"Serious","Pedestrian","Pedestrian","Male",21,"A","Single carriageway",40,NA,"In carriageway, not crossing","Walking along in carriageway, facing traffic",429283,435052,"E01033005",1,"Not at junction or within 20 metres","Darkness - lights lit","Fine no high winds","Dry","Pedestrian"
"6931","20161339B0766",2016-09-11,2016,"Sep",11,"11:35",11,35,"Sunday","Slight",4,"Slight","Car occupant","Driver or rider","Female",24,"Unclassified","Single carriageway",30,"Unclassified","Not a Pedestrian","Not a Pedestrian",431911,432896,"E01011626",2,"T or staggered junction","Daylight","Fine no high winds","Dry","Car occupant"
"6932","20161339B0766",2016-09-11,2016,"Sep",11,"11:35",11,35,"Sunday","Slight",4,"Slight","Car occupant","Passenger","Female",27,"Unclassified","Single carriageway",30,"Unclassified","Not a Pedestrian","Not a Pedestrian",431911,432896,"E01011626",2,"T or staggered junction","Daylight","Fine no high winds","Dry","Car occupant"
"6933","20161339B0766",2016-09-11,2016,"Sep",11,"11:35",11,35,"Sunday","Slight",4,"Slight","Car occupant","Passenger","Female",5,"Unclassified","Single carriageway",30,"Unclassified","Not a Pedestrian","Not a Pedestrian",431911,432896,"E01011626",2,"T or staggered junction","Daylight","Fine no high winds","Dry","Car occupant"
"6934","20161339B0766",2016-09-11,2016,"Sep",11,"11:35",11,35,"Sunday","Slight",4,"Slight","Car occupant","Passenger","Female",9,"Unclassified","Single carriageway",30,"Unclassified","Not a Pedestrian","Not a Pedestrian",431911,432896,"E01011626",2,"T or staggered junction","Daylight","Fine no high winds","Dry","Car occupant"
"6935","20161339B0890",2016-09-11,2016,"Sep",11,"12:31",12,31,"Sunday","Slight",1,"Slight","Cyclist","Driver or rider","Female",70,"A","Single carriageway",60,NA,"Not a Pedestrian","Not a Pedestrian",429627,426921,"E01032495",2,"Not at junction or within 20 metres","Daylight","Fine no high winds","Dry","Cyclist"
"6936","20161339C0309",2016-09-12,2016,"Sep",12,"08:40",8,40,"Monday","Slight",1,"Slight","Car occupant","Driver or rider","Female",29,"Motorway","Dual carriageway",50,NA,"Not a Pedestrian","Not a Pedestrian",431334,430535,"E01011472",3,"Not at junction or within 20 metres","Daylight","Fine no high winds","Dry","Car occupant"
"6937","20161339C1406",2016-09-12,2016,"Sep",12,"17:00",17,0,"Monday","Slight",1,"Slight","Pedestrian","Pedestrian","Female",12,"B","Single carriageway",30,NA,"In carriageway, crossing elsewhere","Crossing from driver's nearside",423162,435004,"E01011335",1,"Not at junction or within 20 metres","Daylight","Fine no high winds","Dry","Pedestrian"
"6938","20161339C1804",2016-09-12,2016,"Sep",12,"21:38",21,38,"Monday","Serious",1,"Serious","Motorcycle 125cc and under rider or passenger","Driver or rider","Male",22,"Unclassified","Single carriageway",30,"Unclassified","Not a Pedestrian","Not a Pedestrian",433090,435295,"E01011431",2,"T or staggered junction","Darkness - lights lit","Fine no high winds","Dry","Motorcyclist and pillion"
"6939","20161339D0191",2016-09-13,2016,"Sep",13,"03:50",3,50,"Tuesday","Serious",1,"Serious","Motorcycle 125cc and under rider or passenger","Driver or rider","Male",20,"Unclassified","Single carriageway",30,"Unclassified","Not a Pedestrian","Not a Pedestrian",428327,430445,"E01011317",1,"Other junction","Darkness - lights lit","Fine no high winds","Dry","Motorcyclist and pillion"
"6940","20161339D0394",2016-09-13,2016,"Sep",13,"08:55",8,55,"Tuesday","Serious",3,"Serious","Car occupant","Driver or rider","Female",29,"A","Single carriageway",30,"A","Not a Pedestrian","Not a Pedestrian",424928,427644,"E01011530",2,"Crossroads","Daylight","Fine no high winds","Dry","Car occupant"
"6941","20161339D0394",2016-09-13,2016,"Sep",13,"08:55",8,55,"Tuesday","Serious",3,"Slight","Car occupant","Passenger","Female",15,"A","Single carriageway",30,"A","Not a Pedestrian","Not a Pedestrian",424928,427644,"E01011530",2,"Crossroads","Daylight","Fine no high winds","Dry","Car occupant"
"6942","20161339D0394",2016-09-13,2016,"Sep",13,"08:55",8,55,"Tuesday","Serious",3,"Serious","Car occupant","Driver or rider","Male",42,"A","Single carriageway",30,"A","Not a Pedestrian","Not a Pedestrian",424928,427644,"E01011530",2,"Crossroads","Daylight","Fine no high winds","Dry","Car occupant"
"6943","20161339D0592",2016-09-13,2016,"Sep",13,"10:50",10,50,"Tuesday","Serious",1,"Serious","Pedestrian","Pedestrian","Male",63,"Unclassified","Single carriageway",30,NA,"In carriageway, crossing elsewhere","Crossing from driver's offside",419073,444870,"E01011571",1,"Not at junction or within 20 metres","Daylight","Fine no high winds","Dry","Pedestrian"
"6944","20161339D0889",2016-09-13,2016,"Sep",13,"13:35",13,35,"Tuesday","Slight",1,"Slight","Cyclist","Driver or rider","Male",46,"Unclassified","Single carriageway",30,"Unclassified","Not a Pedestrian","Not a Pedestrian",430895,435533,"E01011361",2,"T or staggered junction","Daylight","Fine no high winds","Dry","Cyclist"