"","accident_index","date","year","month","day","time","time_hour","time_minute","day_of_week","accident_severity","number_of_casualties","casualty_severity","casualty_type","casualty_class","sex_of_casualty","age_of_casualty","first_road_class","road_type","speed_limit","second_road_class","pedestrian_location","pedestrian_movement","location_easting_osgr","location_northing_osgr","lsoa_of_accident_location","number_of_vehicles","junction_detail","light_conditions","weather_conditions","road_surface_conditions","cas_type"
"7029","20161339O1970",2016-09-24,2016,"Sep",24,"23:00",23,0,"Saturday","Slight",1,"Slight","Car occupant","Driver or rider","Female",20,"A(M)","Dual carriageway",40,NA,"Not a Pedestrian","Not a Pedestrian",429038,433535,"E01011678",4,"Not at junction or within 20 metres","Darkness - lights lit","Fine no high winds","Dry","Car occupant"
"7030","20161339P0142",2016-09-25,2016,"Sep",25,"01:30",1,30,"Sunday","Slight",1,"Slight","Pedestrian","Pedestrian","Male",19,"A","Single carriageway",30,"Unclassified","Crossing on pedestrian crossing facility","Crossing from driver's nearside",429886,434288,"E01033008",1,"T or staggered junction","Darkness - lights lit","Raining no high winds","Wet or damp","Pedestrian"
"7031","20161339P1178",2016-09-25,2016,"Sep",25,"16:30",16,30,"Sunday","Slight",1,"Slight","Cyclist","Driver or rider","Female",49,"Unclassified","Single carriageway",30,NA,"Not a Pedestrian","Not a Pedestrian",432875,438292,"E01011650",2,"Not at junction or within 20 metres","Daylight","Fine no high winds","Dry","Cyclist"
"7032","20161339Q0144",2016-09-26,2016,"Sep",26,"04:38",4,38,"Monday","Slight",1,"Slight","Car occupant","Driver or rider","Male",81,"Unclassified","Single carriageway",20,NA,"Not a Pedestrian","Not a Pedestrian",422426,441621,"E01032503",1,"Not at junction or within 20 metres","Darkness - lights lit","Fine no high winds","Dry","Car occupant"
"7033","20161339Q0233",2016-09-26,2016,"Sep",26,"07:45",7,45,"Monday","Serious",1,"Serious","Motorcycle over 500cc rider or passenger","Driver or rider","Male",51,"A","Single carriageway",40,NA,"Not a Pedestrian","Not a Pedestrian",436376,434159,"E01011408",2,"Not at junction or within 20 metres","Daylight","Unknown","Dry","Motorcyclist and pillion"
"7034","20161339Q0568",2016-09-26,2016,"Sep",26,"11:35",11,35,"Monday","Slight",1,"Slight","Cyclist","Driver or rider","Female",19,"Unclassified","Single carriageway",40,"Unclassified","Not a Pedestrian","Not a Pedestrian",420499,445086,"E01011569",2,"T or staggered junction","Daylight","Unknown","Dry","Cyclist"
"7035","20161339T1212",2016-09-26,2016,"Sep",26,"16:45",16,45,"Monday","Slight",4,"Slight","Car occupant","Driver or rider","Male",42,"A","Dual carriageway",30,"Unclassified","Not a Pedestrian","Not a Pedestrian",429137,435242,"E01033005",2,"T or staggered junction","Daylight","Unknown","Dry","Car occupant"
"7036","20161339T1212",2016-09-26,2016,"Sep",26,"16:45",16,45,"Monday","Slight",4,"Slight","Car occupant","Passenger","Female",42,"A","Dual carriageway",30,"Unclassified","Not a Pedestrian","Not a Pedestrian",429137,435242,"E01033005",2,"T or staggered junction","Daylight","Unknown","Dry","Car occupant"
"7037","20161339T1212",2016-09-26,2016,"Sep",26,"16:45",16,45,"Monday","Slight",4,"Slight","Car occupant","Passenger","Male",27,"A","Dual carriageway",30,"Unclassified","Not a Pedestrian","Not a Pedestrian",429137,435242,"E01033005",2,"T or staggered junction","Daylight","Unknown","Dry","Car occupant"
"7038","20161339T1212",2016-09-26,2016,"Sep",26,"16:45",16,45,"Monday","Slight",4,"Slight","Car occupant","Passenger","Female",32,"A","Dual carriageway",30,"Unclassified","Not a Pedestrian","Not a Pedestrian",429137,435242,"E01033005",2,"T or staggered junction","Daylight","Unknown","Dry","Car occupant"
"7039","20161339Q1211",2016-09-26,2016,"Sep",26,"17:00",17,0,"Monday","Slight",1,"Slight","Car occupant","Driver or rider","Male",76,"Unclassified","Single carriageway",30,"Unclassified","Not a Pedestrian","Not a Pedestrian",428146,434736,"E01011447",2,"Crossroads","Daylight","Raining no high winds","Wet or damp","Car occupant"
"7040","20161339Q1333",2016-09-26,2016,"Sep",26,"18:07",18,7,"Monday","Slight",1,"Slight","Car occupant","Passenger","Female",8,"Motorway","Slip road",70,NA,"Not a Pedestrian","Not a Pedestrian",431790,430472,"E01011469",1,"Not at junction or within 20 metres","Daylight","Raining no high winds","Dry","Car occupant"
"7041","20161339Q1420",2016-09-26,2016,"Sep",26,"18:51",18,51,"Monday","Slight",2,"Slight","Car occupant","Driver or rider","Female",48,"Unclassified","Single carriageway",30,"Unclassified","Not a Pedestrian","Not a Pedestrian",424562,439326,"E01011382",2,"T or staggered junction","Darkness - lights lit","Fine no high winds","Dry","Car occupant"
"7042","20161339Q1420",2016-09-26,2016,"Sep",26,"18:51",18,51,"Monday","Slight",2,"Slight","Car occupant","Passenger","Female",12,"Unclassified","Single carriageway",30,"Unclassified","Not a Pedestrian","Not a Pedestrian",424562,439326,"E01011382",2,"T or staggered junction","Darkness - lights lit","Fine no high winds","Dry","Car occupant"
"7043","20161339R0494",2016-09-27,2016,"Sep",27,"10:55",10,55,"Tuesday","Slight",1,"Slight","Pedestrian","Pedestrian","Female",46,"Unclassified","Single carriageway",30,"A","In carriageway, crossing elsewhere","Crossing from driver's nearside",427328,437198,"E01011690",1,"T or staggered junction","Daylight","Fine no high winds","Dry","Pedestrian"
"7044","20161339R1124",2016-09-27,2016,"Sep",27,"16:44",16,44,"Tuesday","Slight",1,"Slight","Van / Goods vehicle (3.5 tonnes mgw or under) occupant","Driver or rider","Male",35,"A","Single carriageway",30,NA,"Not a Pedestrian","Not a Pedestrian",427974,433616,"E01011294",2,"Not at junction or within 20 metres","Daylight","Fine no high winds","Dry","Bus and goods vehicle occupant"
"7045","20161339R1295",2016-09-27,2016,"Sep",27,"18:00",18,0,"Tuesday","Slight",1,"Slight","Car occupant","Driver or rider","Male",22,"Unclassified","Single carriageway",30,"Unclassified","Not a Pedestrian","Not a Pedestrian",431017,428491,"E01011466",2,"T or staggered junction","Daylight","Fine no high winds","Wet or damp","Car occupant"
"7046","20161339R1493",2016-09-27,2016,"Sep",27,"19:46",19,46,"Tuesday","Slight",2,"Slight","Car occupant","Driver or rider","Male",43,"Unclassified","Single carriageway",30,"Unclassified","Not a Pedestrian","Not a Pedestrian",426324,438210,"E01011687",2,"T or staggered junction","Darkness - lights lit","Fine no high winds","Dry","Car occupant"
"7047","20161339R1493",2016-09-27,2016,"Sep",27,"19:46",19,46,"Tuesday","Slight",2,"Slight","Car occupant","Passenger","Female",10,"Unclassified","Single carriageway",30,"Unclassified","Not a Pedestrian","Not a Pedestrian",426324,438210,"E01011687",2,"T or staggered junction","Darkness - lights lit","Fine no high winds","Dry","Car occupant"
"7048","20161339S0355",2016-09-28,2016,"Sep",28,"09:00",9,0,"Wednesday","Slight",1,"Slight","Cyclist","Driver or rider","Female",40,"A","Single carriageway",30,"Unclassified","Not a Pedestrian","Not a Pedestrian",431521,435147,"E01011429",2,"T or staggered junction","Daylight","Fine no high winds","Dry","Cyclist"
"7049","20161339S1096",2016-09-28,2016,"Sep",28,"16:02",16,2,"Wednesday","Slight",1,"Slight","Cyclist","Driver or rider","Male",18,"A","Single carriageway",30,"Unclassified","Not a Pedestrian","Not a Pedestrian",428719,435612,"E01032946",2,"T or staggered junction","Daylight","Unknown","Dry","Cyclist"
"7050","20161339S1313",2016-09-28,2016,"Sep",28,"17:42",17,42,"Wednesday","Slight",1,"Slight","Cyclist","Driver or rider","Male",52,"Unclassified","Single carriageway",30,"Unclassified","Not a Pedestrian","Not a Pedestrian",428786,434035,"E01011681",2,"T or staggered junction","Daylight","Fine no high winds","Dry","Cyclist"
"7051","20161339L1121",2016-09-28,2016,"Sep",28,"18:00",18,0,"Wednesday","Serious",1,"Serious","Cyclist","Driver or rider","Male",22,"Unclassified","Single carriageway",30,"Unclassified","Not a Pedestrian","Not a Pedestrian",429120,433860,"E01011678",2,"T or staggered junction","Daylight","Fine no high winds","Dry","Cyclist"
"7052","20161339S0408",2016-09-28,2016,"Sep",28,"19:00",19,0,"Wednesday","Slight",1,"Slight","Cyclist","Driver or rider","Male",15,"Unclassified","Single carriageway",30,"Unclassified","Not a Pedestrian","Not a Pedestrian",427239,433283,"E01011292",2,"T or staggered junction","Daylight","Fine no high winds","Dry","Cyclist"
"7053","20161339S1750",2016-09-28,2016,"Sep",28,"21:00",21,0,"Wednesday","Slight",1,"Slight","Cyclist","Driver or rider","Male",24,"A","Single carriageway",30,"Unclassified","Not a Pedestrian","Not a Pedestrian",428912,435505,"E01011443",2,"Crossroads","Darkness - lights lit","Fine no high winds","Dry","Cyclist"
"7054","20161339S1947",2016-09-28,2016,"Sep",28,"22:45",22,45,"Wednesday","Slight",1,"Slight","Car occupant","Driver or rider","Male",21,"Unclassified","Single carriageway",30,"Unclassified","Not a Pedestrian","Not a Pedestrian",429661,433427,"E01033008",2,"T or staggered junction","Darkness - lights lit","Fine no high winds","Dry","Car occupant"
"7055","20161339T0230",2016-09-29,2016,"Sep",29,"07:29",7,29,"Thursday","Slight",1,"Slight","Car occupant","Driver or rider","Female",32,"Unclassified","Single carriageway",30,"B","Not a Pedestrian","Not a Pedestrian",424469,433646,"E01011608",2,"Crossroads","Daylight","Fine no high winds","Dry","Car occupant"
"7056","20161339T0599",2016-09-29,2016,"Sep",29,"11:37",11,37,"Thursday","Serious",1,"Serious","Pedestrian","Pedestrian","Male",76,"A","Dual carriageway",30,"Unclassified","Crossing in zig-zag approach lines","Crossing from driver's nearside",436188,434342,"E01011408",1,"T or staggered junction","Daylight","Fine no high winds","Dry","Pedestrian"
"7057","20161339T1525",2016-09-29,2016,"Sep",29,"14:30",14,30,"Thursday","Slight",2,"Slight","Car occupant","Driver or rider","Male",23,"Unclassified","Single carriageway",30,"B","Not a Pedestrian","Not a Pedestrian",428838,436575,"E01011691",2,"Crossroads","Daylight","Raining no high winds","Wet or damp","Car occupant"
"7058","20161339T1525",2016-09-29,2016,"Sep",29,"14:30",14,30,"Thursday","Slight",2,"Slight","Car occupant","Passenger","Male",26,"Unclassified","Single carriageway",30,"B","Not a Pedestrian","Not a Pedestrian",428838,436575,"E01011691",2,"Crossroads","Daylight","Raining no high winds","Wet or damp","Car occupant"
"7059","20161339T1208",2016-09-29,2016,"Sep",29,"16:50",16,50,"Thursday","Serious",1,"Serious","Cyclist","Driver or rider","Female",42,"Unclassified","Single carriageway",30,"Unclassified","Not a Pedestrian","Not a Pedestrian",428224,430048,"E01011317",3,"T or staggered junction","Daylight","Fine no high winds","Dry","Cyclist"
"7060","20161339U0240",2016-09-30,2016,"Sep",30,"07:10",7,10,"Friday","Slight",1,"Slight","Motorcycle 125cc and under rider or passenger","Driver or rider","Male",17,"Unclassified","Dual carriageway",30,NA,"Not a Pedestrian","Not a Pedestrian",430659,433341,"E01033011",2,"Not at junction or within 20 metres","Daylight","Fine no high winds","Dry","Motorcyclist and pillion"
"7061","20161339U1332",2016-09-30,2016,"Sep",30,"12:00",12,0,"Friday","Slight",1,"Slight","Pedestrian","Pedestrian","Male",21,"Unclassified","Single carriageway",30,"Unclassified","On footway or verge","Unknown or other",434740,435278,"E01011662",1,"T or staggered junction","Daylight","Fine no high winds","Dry","Pedestrian"
"7062","20161339U0644",2016-09-30,2016,"Sep",30,"12:14",12,14,"Friday","Serious",1,"Serious","Motorcycle 125cc and under rider or passenger","Driver or rider","Male",17,"Unclassified","Single carriageway",30,NA,"Not a Pedestrian","Not a Pedestrian",441943,430107,"E01011304",1,"Not at junction or within 20 metres","Daylight","Fine no high winds","Dry","Motorcyclist and pillion"
"7063","20161339U0725",2016-09-30,2016,"Sep",30,"13:00",13,0,"Friday","Slight",1,"Slight","Motorcycle over 500cc rider or passenger","Driver or rider","Male",48,"Unclassified","Single carriageway",30,"Unclassified","Not a Pedestrian","Not a Pedestrian",428140,435853,"E01032946",3,"T or staggered junction","Daylight","Fine no high winds","Dry","Motorcyclist and pillion"
"7064","20161339U0971",2016-09-30,2016,"Sep",30,"14:59",14,59,"Friday","Slight",1,"Slight","Pedestrian","Pedestrian","Female",11,"Unclassified","Single carriageway",30,NA,"Crossing elsewhere within 50m. of pedestrian crossing","Crossing from offside - masked by  parked or stationary vehicle",430720,432922,"E01033018",1,"Not at junction or within 20 metres","Daylight","Fine no high winds","Dry","Pedestrian"
"7065","20161339U1128",2016-09-30,2016,"Sep",30,"16:07",16,7,"Friday","Slight",1,"Slight","Pedestrian","Pedestrian","Male",12,"Unclassified","Single carriageway",30,"Unclassified","Crossing on pedestrian crossing facility","Crossing from driver's offside",428387,434396,"E01011483",1,"T or staggered junction","Daylight","Fine no high winds","Dry","Pedestrian"
"7066","20161339U1180",2016-09-30,2016,"Sep",30,"16:30",16,30,"Friday","Slight",1,"Slight","Pedestrian","Pedestrian","Female",51,"Unclassified","Single carriageway",30,NA,"In carriageway, crossing elsewhere","Crossing from offside - masked by  parked or stationary vehicle",425941,426736,"E01011546",1,"Not at junction or within 20 metres","Daylight","Fine no high winds","Dry","Pedestrian"
"7067","20161339U1015",2016-09-30,2016,"Sep",30,"17:30",17,30,"Friday","Slight",1,"Slight","Car occupant","Driver or rider","Female",27,"Unclassified","Single carriageway",30,"Unclassified","Not a Pedestrian","Not a Pedestrian",421768,441096,"E01011578",1,"T or staggered junction","Daylight","Fine no high winds","Dry","Car occupant"
"7068","20161339U1363",2016-09-30,2016,"Sep",30,"17:59",17,59,"Friday","Slight",1,"Slight","Cyclist","Driver or rider","Female",31,"A","Single carriageway",30,"Unclassified","Not a Pedestrian","Not a Pedestrian",428221,435780,"E01032946",2,"T or staggered junction","Daylight","Fine no high winds","Dry","Cyclist"
"7069","2016133A10435",2016-10-01,2016,"Oct",1,"08:07",8,7,"Saturday","Serious",1,"Serious","Pedestrian","Pedestrian","Male",77,"Unclassified","Single carriageway",20,NA,"In carriageway, not crossing","In carriageway, stationary - not crossing  (standing or playing)",431373,432075,"E01011467",1,"Not at junction or within 20 metres","Daylight","Fine no high winds","Dry","Pedestrian"
"7070","2016133A10917",2016-10-01,2016,"Oct",1,"15:50",15,50,"Saturday","Slight",1,"Slight","Bus or coach occupant (17 or more pass seats)","Passenger","Female",65,"Unclassified","Unknown",30,NA,"Not a Pedestrian","Not a Pedestrian",428168,429225,"E01011531",1,"Not at junction or within 20 metres","Daylight","Fine no high winds","Dry","Bus and goods vehicle occupant"
"7071","2016133AE0501",2016-10-02,2016,"Oct",2,"08:00",8,0,"Sunday","Serious",1,"Serious","Motorcycle 125cc and under rider or passenger","Driver or rider","Male",35,"Unclassified","Single carriageway",30,NA,"Not a Pedestrian","Not a Pedestrian",431387,428096,"E01011490",1,"Not at junction or within 20 metres","Daylight","Unknown","Wet or damp","Motorcyclist and pillion"
"7072","2016133A20597",2016-10-02,2016,"Oct",2,"10:20",10,20,"Sunday","Slight",1,"Slight","Car occupant","Passenger","Female",55,"A","Roundabout",30,"Unclassified","Not a Pedestrian","Not a Pedestrian",430716,438975,"E01011512",2,"Roundabout","Daylight","Fine no high winds","Dry","Car occupant"
"7073","2016133A20789",2016-10-02,2016,"Oct",2,"12:00",12,0,"Sunday","Slight",1,"Slight","Cyclist","Driver or rider","Male",16,"Unclassified","Single carriageway",30,NA,"Not a Pedestrian","Not a Pedestrian",432826,436278,"E01011646",2,"Not at junction or within 20 metres","Daylight","Fine no high winds","Dry","Cyclist"
"7074","2016133A21014",2016-10-02,2016,"Oct",2,"14:00",14,0,"Sunday","Slight",1,"Slight","Car occupant","Driver or rider","Male",19,"Unclassified","Single carriageway",50,NA,"Not a Pedestrian","Not a Pedestrian",429232,435447,"E01011670",2,"Not at junction or within 20 metres","Daylight","Fine no high winds","Dry","Car occupant"
"7075","2016133A21342",2016-10-02,2016,"Oct",2,"17:25",17,25,"Sunday","Slight",1,"Slight","Car occupant","Driver or rider","Female",60,"Unclassified","Single carriageway",50,"A","Not a Pedestrian","Not a Pedestrian",422938,443093,"E01032503",2,"Crossroads","Daylight","Fine no high winds","Dry","Car occupant"
"7076","2016133A21653",2016-10-02,2016,"Oct",2,"18:30",18,30,"Sunday","Slight",1,"Slight","Car occupant","Driver or rider","Male",37,"A","Single carriageway",60,NA,"Not a Pedestrian","Not a Pedestrian",439305,432352,"E01011402",1,"Not at junction or within 20 metres","Daylight","Fine no high winds","Dry","Car occupant"
"7077","2016133A21928",2016-10-02,2016,"Oct",2,"23:02",23,2,"Sunday","Slight",1,"Slight","Taxi/Private hire car occupant","Driver or rider","Male",39,"Unclassified","Single carriageway",30,"Unclassified","Not a Pedestrian","Not a Pedestrian",431410,435023,"E01011673",2,"Crossroads","Darkness - lights lit","Fine no high winds","Dry","Car occupant"
"7078","2016133A31406",2016-10-03,2016,"Oct",3,"05:00",5,0,"Monday","Slight",1,"Slight","Car occupant","Driver or rider","Male",28,"A","Dual carriageway",40,"A","Not a Pedestrian","Not a Pedestrian",436137,427930,"E01011635",2,"T or staggered junction","Darkness - lighting unknown","Unknown","Dry","Car occupant"
"7079","2016133A30201",2016-10-03,2016,"Oct",3,"07:40",7,40,"Monday","Slight",2,"Slight","Car occupant","Passenger","Female",8,"Unclassified","Single carriageway",30,NA,"Not a Pedestrian","Not a Pedestrian",431535,426379,"E01011499",2,"Not at junction or within 20 metres","Daylight","Fine no high winds","Dry","Car occupant"
"7080","2016133A30201",2016-10-03,2016,"Oct",3,"07:40",7,40,"Monday","Slight",2,"Slight","Car occupant","Driver or rider","Female",28,"Unclassified","Single carriageway",30,NA,"Not a Pedestrian","Not a Pedestrian",431535,426379,"E01011499",2,"Not at junction or within 20 metres","Daylight","Fine no high winds","Dry","Car occupant"
"7081","2016133A30237",2016-10-03,2016,"Oct",3,"08:20",8,20,"Monday","Slight",1,"Slight","Car occupant","Driver or rider","Female",19,"Unclassified","Single carriageway",30,"Unclassified","Not a Pedestrian","Not a Pedestrian",425707,435410,"E01011324",2,"T or staggered junction","Daylight","Fine no high winds","Dry","Car occupant"
"7082","2016133A30995",2016-10-03,2016,"Oct",3,"15:45",15,45,"Monday","Serious",1,"Serious","Pedestrian","Pedestrian","Male",21,"Unclassified","One way street",30,NA,"In carriageway, crossing elsewhere","Crossing from driver's nearside",429862,433797,"E01033010",1,"Not at junction or within 20 metres","Daylight","Fine no high winds","Dry","Pedestrian"
"7083","2016133A40325",2016-10-03,2016,"Oct",3,"16:30",16,30,"Monday","Slight",1,"Slight","Car occupant","Driver or rider","Male",30,"A","Roundabout",30,"Unclassified","Not a Pedestrian","Not a Pedestrian",437575,433215,"E01011411",2,"Roundabout","Daylight","Fine no high winds","Dry","Car occupant"
"7084","2016133A31453",2016-10-03,2016,"Oct",3,"17:45",17,45,"Monday","Serious",1,"Serious","Cyclist","Driver or rider","Male",38,"B","Single carriageway",30,"Unclassified","Not a Pedestrian","Not a Pedestrian",424506,434441,"E01011334",2,"T or staggered junction","Daylight","Fine no high winds","Dry","Cyclist"
"7085","2016133A31485",2016-10-03,2016,"Oct",3,"19:11",19,11,"Monday","Slight",1,"Slight","Cyclist","Driver or rider","Female",36,"A","Dual carriageway",30,"Unclassified","Not a Pedestrian","Not a Pedestrian",427600,436795,"E01011694",2,"T or staggered junction","Daylight","Fine no high winds","Dry","Cyclist"
"7086","2016133A40219",2016-10-04,2016,"Oct",4,"07:48",7,48,"Tuesday","Slight",1,"Slight","Car occupant","Passenger","Female",23,"A","Roundabout",30,"A","Not a Pedestrian","Not a Pedestrian",439316,432380,"E01011402",2,"Roundabout","Daylight","Fine no high winds","Dry","Car occupant"
"7087","2016133A40735",2016-10-04,2016,"Oct",4,"13:07",13,7,"Tuesday","Slight",1,"Slight","Motorcycle 125cc and under rider or passenger","Passenger","Male",20,"Unclassified","Single carriageway",20,NA,"Not a Pedestrian","Not a Pedestrian",432794,434287,"E01011347",1,"Not at junction or within 20 metres","Daylight","Fine no high winds","Dry","Motorcyclist and pillion"
"7088","2016133A51032",2016-10-04,2016,"Oct",4,"17:30",17,30,"Tuesday","Slight",1,"Slight","Bus or coach occupant (17 or more pass seats)","Passenger","Female",41,"Unclassified","Single carriageway",30,NA,"Not a Pedestrian","Not a Pedestrian",429720,433371,"E01033016",1,"Not at junction or within 20 metres","Daylight","Fine no high winds","Dry","Bus and goods vehicle occupant"
"7089","2016133A41340",2016-10-04,2016,"Oct",4,"18:00",18,0,"Tuesday","Slight",1,"Slight","Motorcycle over 125cc and up to 500cc rider or  passenger","Passenger","Male",17,"Unclassified","Single carriageway",30,"Unclassified","Not a Pedestrian","Not a Pedestrian",432221,433184,"E01011625",1,"T or staggered junction","Daylight","Fine no high winds","Dry","Motorcyclist and pillion"
"7090","2016133A50248",2016-10-05,2016,"Oct",5,"08:37",8,37,"Wednesday","Serious",1,"Serious","Cyclist","Driver or rider","Male",42,"A","Single carriageway",30,"Unclassified","Not a Pedestrian","Not a Pedestrian",427963,433621,"E01011294",2,"T or staggered junction","Daylight","Fine no high winds","Dry","Cyclist"
"7091","2016133A50232",2016-10-05,2016,"Oct",5,"08:50",8,50,"Wednesday","Slight",1,"Slight","Car occupant","Driver or rider","Female",46,"Unclassified","Dual carriageway",40,"Unclassified","Not a Pedestrian","Not a Pedestrian",435674,434794,"E01011343",2,"T or staggered junction","Daylight","Fine no high winds","Dry","Car occupant"
"7092","2016133A50290",2016-10-05,2016,"Oct",5,"09:00",9,0,"Wednesday","Slight",1,"Slight","Motorcycle 125cc and under rider or passenger","Driver or rider","Male",21,"A","Single carriageway",30,"Unclassified","Not a Pedestrian","Not a Pedestrian",436330,434209,"E01011408",2,"Other junction","Daylight","Fine no high winds","Dry","Motorcyclist and pillion"
"7093","2016133A50563",2016-10-05,2016,"Oct",5,"12:05",12,5,"Wednesday","Slight",4,"Slight","Car occupant","Driver or rider","Male",23,"Unclassified","Single carriageway",30,"Unclassified","Not a Pedestrian","Not a Pedestrian",431885,435518,"E01011428",3,"T or staggered junction","Daylight","Fine no high winds","Dry","Car occupant"
"7094","2016133A50563",2016-10-05,2016,"Oct",5,"12:05",12,5,"Wednesday","Slight",4,"Slight","Car occupant","Driver or rider","Male",39,"Unclassified","Single carriageway",30,"Unclassified","Not a Pedestrian","Not a Pedestrian",431885,435518,"E01011428",3,"T or staggered junction","Daylight","Fine no high winds","Dry","Car occupant"
"7095","2016133A50563",2016-10-05,2016,"Oct",5,"12:05",12,5,"Wednesday","Slight",4,"Slight","Car occupant","Passenger","Female",39,"Unclassified","Single carriageway",30,"Unclassified","Not a Pedestrian","Not a Pedestrian",431885,435518,"E01011428",3,"T or staggered junction","Daylight","Fine no high winds","Dry","Car occupant"
"7096","2016133A50563",2016-10-05,2016,"Oct",5,"12:05",12,5,"Wednesday","Slight",4,"Slight","Car occupant","Passenger","Female",4,"Unclassified","Single carriageway",30,"Unclassified","Not a Pedestrian","Not a Pedestrian",431885,435518,"E01011428",3,"T or staggered junction","Daylight","Fine no high winds","Dry","Car occupant"
"7097","2016133A50621",2016-10-05,2016,"Oct",5,"12:31",12,31,"Wednesday","Serious",1,"Serious","Car occupant","Driver or rider","Male",35,"Unclassified","Single carriageway",30,NA,"Not a Pedestrian","Not a Pedestrian",431224,435382,"E01011361",2,"Not at junction or within 20 metres","Daylight","Fine no high winds","Dry","Car occupant"
"7098","2016133A50971",2016-10-05,2016,"Oct",5,"15:45",15,45,"Wednesday","Serious",1,"Serious","Pedestrian","Pedestrian","Male",11,"A","Single carriageway",30,"Unclassified","Crossing elsewhere within 50m. of pedestrian crossing","Crossing from driver's offside",429985,430873,"E01011322",2,"T or staggered junction","Daylight","Fine no high winds","Dry","Pedestrian"
"7099","2016133A51116",2016-10-05,2016,"Oct",5,"17:13",17,13,"Wednesday","Slight",1,"Slight","Cyclist","Driver or rider","Female",56,"A","Roundabout",40,"Unclassified","Not a Pedestrian","Not a Pedestrian",432606,429608,"E01011470",2,"Roundabout","Daylight","Fine no high winds","Dry","Cyclist"
"7100","2016133A51165",2016-10-05,2016,"Oct",5,"17:38",17,38,"Wednesday","Slight",1,"Slight","Car occupant","Driver or rider","Male",21,"Motorway","Dual carriageway",70,NA,"Not a Pedestrian","Not a Pedestrian",430167,426434,"E01011538",3,"Not at junction or within 20 metres","Daylight","Fine no high winds","Dry","Car occupant"
"7101","2016133A60800",2016-10-06,2016,"Oct",6,"08:45",8,45,"Thursday","Slight",1,"Slight","Cyclist","Driver or rider","Female",23,"Unclassified","Single carriageway",20,NA,"Not a Pedestrian","Not a Pedestrian",429569,434238,"E01033008",2,"Not at junction or within 20 metres","Daylight","Fine no high winds","Dry","Cyclist"
"7102","2016133A60460",2016-10-06,2016,"Oct",6,"10:00",10,0,"Thursday","Slight",1,"Slight","Bus or coach occupant (17 or more pass seats)","Passenger","Female",40,"Unclassified","One way street",30,NA,"Not a Pedestrian","Not a Pedestrian",430576,433446,"E01033011",1,"Not at junction or within 20 metres","Daylight","Fine no high winds","Dry","Bus and goods vehicle occupant"
"7103","2016133A60627",2016-10-06,2016,"Oct",6,"12:00",12,0,"Thursday","Slight",1,"Slight","Cyclist","Driver or rider","Male",26,"A","Single carriageway",30,"B","Not a Pedestrian","Not a Pedestrian",419223,441807,"E01011265",2,"T or staggered junction","Daylight","Fine no high winds","Dry","Cyclist"
"7104","2016133A61101",2016-10-06,2016,"Oct",6,"16:05",16,5,"Thursday","Slight",1,"Slight","Pedestrian","Pedestrian","Male",42,"Unclassified","Single carriageway",20,NA,"In carriageway, crossing elsewhere","Crossing from driver's nearside",431960,435132,"E01011434",1,"Not at junction or within 20 metres","Daylight","Fine no high winds","Dry","Pedestrian"
"7105","2016133A71446",2016-10-07,2016,"Oct",7,"03:00",3,0,"Friday","Slight",1,"Slight","Pedestrian","Pedestrian","Male",22,"Unclassified","Dual carriageway",30,NA,"Unknown or other","Unknown or other",430718,433603,"E01033011",1,"Not at junction or within 20 metres","Darkness - lights lit","Unknown","Dry","Pedestrian"
"7106","2016133A70270",2016-10-07,2016,"Oct",7,"08:45",8,45,"Friday","Slight",1,"Slight","Motorcycle over 500cc rider or passenger","Driver or rider","Male",56,"A","Dual carriageway",30,"A","Not a Pedestrian","Not a Pedestrian",429934,434859,"E01011671",1,"More than 4 arms (not roundabout)","Daylight","Fine no high winds","Dry","Motorcyclist and pillion"
"7107","2016133A70364",2016-10-07,2016,"Oct",7,"09:52",9,52,"Friday","Slight",1,"Slight","Car occupant","Driver or rider","Female",36,"Unclassified","Single carriageway",30,NA,"Not a Pedestrian","Not a Pedestrian",426805,433455,"E01011292",2,"Not at junction or within 20 metres","Daylight","Raining no high winds","Wet or damp","Car occupant"
"7108","2016133A70400",2016-10-07,2016,"Oct",7,"10:10",10,10,"Friday","Slight",3,"Slight","Car occupant","Driver or rider","Male",26,"A","Dual carriageway",40,"B","Not a Pedestrian","Not a Pedestrian",427506,425505,"E01011548",2,"Crossroads","Daylight","Fine no high winds","Wet or damp","Car occupant"
"7109","2016133A70400",2016-10-07,2016,"Oct",7,"10:10",10,10,"Friday","Slight",3,"Slight","Car occupant","Passenger","Male",22,"A","Dual carriageway",40,"B","Not a Pedestrian","Not a Pedestrian",427506,425505,"E01011548",2,"Crossroads","Daylight","Fine no high winds","Wet or damp","Car occupant"
"7110","2016133A70400",2016-10-07,2016,"Oct",7,"10:10",10,10,"Friday","Slight",3,"Slight","Car occupant","Driver or rider","Male",18,"A","Dual carriageway",40,"B","Not a Pedestrian","Not a Pedestrian",427506,425505,"E01011548",2,"Crossroads","Daylight","Fine no high winds","Wet or damp","Car occupant"
"7111","2016133A71626",2016-10-07,2016,"Oct",7,"21:40",21,40,"Friday","Slight",4,"Slight","Car occupant","Driver or rider","Male",32,"Unclassified","Single carriageway",30,"Unclassified","Not a Pedestrian","Not a Pedestrian",432326,434521,"E01011347",2,"T or staggered junction","Darkness - lights lit","Fine no high winds","Dry","Car occupant"