"","accident_index","date","year","month","day","time","time_hour","time_minute","day_of_week","accident_severity","number_of_casualties","casualty_severity","casualty_type","casualty_class","sex_of_casualty","age_of_casualty","first_road_class","road_type","speed_limit","second_road_class","pedestrian_location","pedestrian_movement","location_easting_osgr","location_northing_osgr","lsoa_of_accident_location","number_of_vehicles","junction_detail","light_conditions","weather_conditions","road_surface_conditions","cas_type"
"7112","2016133A71626",2016-10-07,2016,"Oct",7,"21:40",21,40,"Friday","Slight",4,"Slight","Car occupant","Passenger","Male",37,"Unclassified","Single carriageway",30,"Unclassified","Not a Pedestrian","Not a Pedestrian",432326,434521,"E01011347",2,"T or staggered junction","Darkness - lights lit","Fine no high winds","Dry","Car occupant"
"7113","2016133A71626",2016-10-07,2016,"Oct",7,"21:40",21,40,"Friday","Slight",4,"Slight","Car occupant","Passenger","Male",37,"Unclassified","Single carriageway",30,"Unclassified","Not a Pedestrian","Not a Pedestrian",432326,434521,"E01011347",2,"T or staggered junction","Darkness - lights lit","Fine no high winds","Dry","Car occupant"
"7114","2016133A71626",2016-10-07,2016,"Oct",7,"21:40",21,40,"Friday","Slight",4,"Slight","Car occupant","Driver or rider","Male",32,"Unclassified","Single carriageway",30,"Unclassified","Not a Pedestrian","Not a Pedestrian",432326,434521,"E01011347",2,"T or staggered junction","Darkness - lights lit","Fine no high winds","Dry","Car occupant"
"7115","2016133A71770",2016-10-07,2016,"Oct",7,"22:50",22,50,"Friday","Slight",1,"Slight","Pedestrian","Pedestrian","Male",18,"Unclassified","Single carriageway",30,"Unclassified","On refuge, central island or central reservation","Crossing from driver's offside",429239,433856,"E01011678",1,"T or staggered junction","Darkness - lights lit","Fine no high winds","Wet or damp","Pedestrian"
"7116","2016133A80333",2016-10-08,2016,"Oct",8,"02:00",2,0,"Saturday","Slight",1,"Slight","Pedestrian","Pedestrian","Female",29,"Unclassified","Slip road",30,NA,"Unknown or other","Unknown or other",430457,433358,"E01033011",1,"Not at junction or within 20 metres","Darkness - lights lit","Fine no high winds","Dry","Pedestrian"
"7117","2016133A82055",2016-10-08,2016,"Oct",8,"23:39",23,39,"Saturday","Slight",4,"Slight","Car occupant","Passenger","Female",28,"Unclassified","One way street",30,"Unclassified","Not a Pedestrian","Not a Pedestrian",429798,433928,"E01033010",2,"Other junction","Darkness - lights lit","Fine no high winds","Dry","Car occupant"
"7118","2016133A82055",2016-10-08,2016,"Oct",8,"23:39",23,39,"Saturday","Slight",4,"Slight","Car occupant","Passenger","Female",28,"Unclassified","One way street",30,"Unclassified","Not a Pedestrian","Not a Pedestrian",429798,433928,"E01033010",2,"Other junction","Darkness - lights lit","Fine no high winds","Dry","Car occupant"
"7119","2016133A82055",2016-10-08,2016,"Oct",8,"23:39",23,39,"Saturday","Slight",4,"Slight","Car occupant","Driver or rider","Male",31,"Unclassified","One way street",30,"Unclassified","Not a Pedestrian","Not a Pedestrian",429798,433928,"E01033010",2,"Other junction","Darkness - lights lit","Fine no high winds","Dry","Car occupant"
"7120","2016133A82055",2016-10-08,2016,"Oct",8,"23:39",23,39,"Saturday","Slight",4,"Slight","Car occupant","Passenger","Female",24,"Unclassified","One way street",30,"Unclassified","Not a Pedestrian","Not a Pedestrian",429798,433928,"E01033010",2,"Other junction","Darkness - lights lit","Fine no high winds","Dry","Car occupant"
"7121","2016133A90433",2016-10-09,2016,"Oct",9,"07:55",7,55,"Sunday","Slight",1,"Slight","Car occupant","Driver or rider","Male",75,"A(M)","Dual carriageway",70,NA,"Not a Pedestrian","Not a Pedestrian",443587,434483,"E01011297",1,"Not at junction or within 20 metres","Daylight","Fine no high winds","Dry","Car occupant"
"7122","2016133A91611",2016-10-09,2016,"Oct",9,"20:31",20,31,"Sunday","Slight",1,"Slight","Car occupant","Passenger","Male",32,"Unclassified","Single carriageway",30,"Unclassified","Not a Pedestrian","Not a Pedestrian",426190,437490,"E01011484",2,"Mini-roundabout","Darkness - lights lit","Fine no high winds","Dry","Car occupant"
"7123","2016133AA0473",2016-10-10,2016,"Oct",10,"11:03",11,3,"Monday","Slight",2,"Slight","Car occupant","Driver or rider","Female",26,"Unclassified","Single carriageway",30,"B","Not a Pedestrian","Not a Pedestrian",424081,434519,"E01011334",2,"T or staggered junction","Daylight","Fine no high winds","Dry","Car occupant"
"7124","2016133AA0473",2016-10-10,2016,"Oct",10,"11:03",11,3,"Monday","Slight",2,"Slight","Car occupant","Passenger","Female",24,"Unclassified","Single carriageway",30,"B","Not a Pedestrian","Not a Pedestrian",424081,434519,"E01011334",2,"T or staggered junction","Daylight","Fine no high winds","Dry","Car occupant"
"7125","2016133AA0796",2016-10-10,2016,"Oct",10,"14:06",14,6,"Monday","Slight",1,"Slight","Motorcycle over 125cc and up to 500cc rider or  passenger","Driver or rider","Male",53,"A","Dual carriageway",40,NA,"Not a Pedestrian","Not a Pedestrian",427835,430566,"E01011318",2,"Not at junction or within 20 metres","Daylight","Fine no high winds","Dry","Motorcyclist and pillion"
"7126","2016133AA1026",2016-10-10,2016,"Oct",10,"16:00",16,0,"Monday","Slight",1,"Slight","Pedestrian","Pedestrian","Male",13,"Unclassified","Single carriageway",30,NA,"In carriageway, crossing elsewhere","Crossing from driver's nearside",425024,435604,"E01011326",1,"Not at junction or within 20 metres","Daylight","Other","Dry","Pedestrian"
"7127","2016133AA1173",2016-10-10,2016,"Oct",10,"16:45",16,45,"Monday","Slight",1,"Slight","Cyclist","Driver or rider","Male",27,"Unclassified","Single carriageway",30,"Unclassified","Not a Pedestrian","Not a Pedestrian",429241,433849,"E01011678",2,"T or staggered junction","Daylight","Unknown","Dry","Cyclist"
"7128","2016133AA1109",2016-10-10,2016,"Oct",10,"16:50",16,50,"Monday","Slight",1,"Slight","Car occupant","Driver or rider","Female",35,"Unclassified","Single carriageway",30,NA,"Not a Pedestrian","Not a Pedestrian",433560,435930,"E01011421",2,"Not at junction or within 20 metres","Daylight","Raining no high winds","Wet or damp","Car occupant"
"7129","2016133AA1713",2016-10-10,2016,"Oct",10,"17:30",17,30,"Monday","Slight",1,"Slight","Motorcycle 125cc and under rider or passenger","Driver or rider","Male",43,"A","Single carriageway",30,"Unclassified","Not a Pedestrian","Not a Pedestrian",426811,429065,"E01011526",2,"T or staggered junction","Daylight","Fine no high winds","Wet or damp","Motorcyclist and pillion"
"7130","2016133AA1241",2016-10-10,2016,"Oct",10,"17:45",17,45,"Monday","Slight",1,"Slight","Cyclist","Driver or rider","Male",27,"A","Single carriageway",30,"Unclassified","Not a Pedestrian","Not a Pedestrian",430018,434178,"E01033010",2,"Slip road","Daylight","Fine no high winds","Dry","Cyclist"
"7131","2016133AA1290",2016-10-10,2016,"Oct",10,"18:20",18,20,"Monday","Slight",1,"Slight","Car occupant","Driver or rider","Female",52,"A","Single carriageway",30,"Unclassified","Not a Pedestrian","Not a Pedestrian",427009,440083,"E01011381",2,"T or staggered junction","Darkness - lights lit","Fine no high winds","Dry","Car occupant"
"7132","2016133AA1344",2016-10-10,2016,"Oct",10,"18:45",18,45,"Monday","Slight",1,"Slight","Motorcycle over 500cc rider or passenger","Driver or rider","Male",41,"Unclassified","Roundabout",40,"B","Not a Pedestrian","Not a Pedestrian",428510,433070,"E01011363",2,"T or staggered junction","Darkness - lights lit","Fine no high winds","Wet or damp","Motorcyclist and pillion"
"7133","2016133AA1428",2016-10-10,2016,"Oct",10,"19:23",19,23,"Monday","Slight",1,"Slight","Cyclist","Driver or rider","Male",43,"Unclassified","Single carriageway",30,"Unclassified","Not a Pedestrian","Not a Pedestrian",433168,435237,"E01011339",2,"Crossroads","Darkness - lights lit","Fine no high winds","Wet or damp","Cyclist"
"7134","2016133AB0314",2016-10-11,2016,"Oct",11,"09:18",9,18,"Tuesday","Slight",1,"Slight","Car occupant","Driver or rider","Female",58,"Unclassified","Single carriageway",30,"Unclassified","Not a Pedestrian","Not a Pedestrian",424784,437960,"E01011463",2,"Crossroads","Daylight","Raining no high winds","Wet or damp","Car occupant"
"7135","2016133AB0467",2016-10-11,2016,"Oct",11,"10:55",10,55,"Tuesday","Slight",1,"Slight","Car occupant","Driver or rider","Female",38,"A","Dual carriageway",30,"Unclassified","Not a Pedestrian","Not a Pedestrian",431826,435623,"E01011422",2,"T or staggered junction","Daylight","Unknown","Dry","Car occupant"
"7136","2016133AB0726",2016-10-11,2016,"Oct",11,"12:45",12,45,"Tuesday","Slight",1,"Slight","Pedestrian","Pedestrian","Female",27,"B","Single carriageway",30,NA,"Crossing on pedestrian crossing facility","Crossing from driver's nearside",422069,433180,"E01011612",1,"Not at junction or within 20 metres","Daylight","Raining no high winds","Wet or damp","Pedestrian"
"7137","2016133AB0707",2016-10-11,2016,"Oct",11,"13:15",13,15,"Tuesday","Slight",2,"Slight","Car occupant","Driver or rider","Female",26,"Unclassified","Single carriageway",30,"Unclassified","Not a Pedestrian","Not a Pedestrian",426647,433496,"E01032607",2,"Crossroads","Daylight","Fine no high winds","Dry","Car occupant"
"7138","2016133AB0707",2016-10-11,2016,"Oct",11,"13:15",13,15,"Tuesday","Slight",2,"Slight","Car occupant","Driver or rider","Male",58,"Unclassified","Single carriageway",30,"Unclassified","Not a Pedestrian","Not a Pedestrian",426647,433496,"E01032607",2,"Crossroads","Daylight","Fine no high winds","Dry","Car occupant"
"7139","2016133AB1043",2016-10-11,2016,"Oct",11,"16:05",16,5,"Tuesday","Slight",1,"Slight","Car occupant","Driver or rider","Male",55,"Unclassified","Single carriageway",30,"Unclassified","Not a Pedestrian","Not a Pedestrian",426991,427914,"E01032489",3,"Crossroads","Daylight","Raining no high winds","Wet or damp","Car occupant"
"7140","2016133AB1405",2016-10-11,2016,"Oct",11,"17:05",17,5,"Tuesday","Slight",1,"Slight","Cyclist","Driver or rider","Male",32,"A","Single carriageway",30,"Unclassified","Not a Pedestrian","Not a Pedestrian",423374,437432,"E01011454",2,"T or staggered junction","Daylight","Raining no high winds","Wet or damp","Cyclist"
"7141","2016133AB1304",2016-10-11,2016,"Oct",11,"18:00",18,0,"Tuesday","Slight",1,"Slight","Van / Goods vehicle (3.5 tonnes mgw or under) occupant","Driver or rider","Male",50,"A","Single carriageway",30,NA,"Not a Pedestrian","Not a Pedestrian",430115,434221,"E01033010",2,"Not at junction or within 20 metres","Daylight","Fine no high winds","Dry","Bus and goods vehicle occupant"
"7142","2016133AC1035",2016-10-12,2016,"Oct",12,"16:10",16,10,"Wednesday","Serious",1,"Serious","Pedestrian","Pedestrian","Female",76,"Unclassified","Unknown",20,NA,"Unknown or other","Unknown or other",431457,434590,"E01033031",2,"Not at junction or within 20 metres","Daylight","Fine no high winds","Dry","Pedestrian"
"7143","2016133AD0174",2016-10-13,2016,"Oct",13,"05:30",5,30,"Thursday","Slight",1,"Slight","Car occupant","Driver or rider","Male",25,"Unclassified","Single carriageway",60,NA,"Not a Pedestrian","Not a Pedestrian",426936,443904,"E01011576",1,"Not at junction or within 20 metres","Darkness - no lighting","Raining no high winds","Wet or damp","Car occupant"
"7144","2016133AD0306",2016-10-13,2016,"Oct",13,"08:00",8,0,"Thursday","Slight",1,"Slight","Car occupant","Driver or rider","Male",26,"Unclassified","Dual carriageway",30,NA,"Not a Pedestrian","Not a Pedestrian",427469,433688,"E01011293",2,"Not at junction or within 20 metres","Daylight","Raining no high winds","Wet or damp","Car occupant"
"7145","2016133AD0263",2016-10-13,2016,"Oct",13,"08:33",8,33,"Thursday","Slight",1,"Slight","Car occupant","Driver or rider","Female",49,"Unclassified","Single carriageway",30,NA,"Not a Pedestrian","Not a Pedestrian",423481,437594,"E01011454",2,"Not at junction or within 20 metres","Daylight","Fine no high winds","Wet or damp","Car occupant"
"7146","2016133AD0563",2016-10-13,2016,"Oct",13,"10:56",10,56,"Thursday","Slight",1,"Slight","Car occupant","Driver or rider","Female",48,"Unclassified","Single carriageway",30,NA,"Not a Pedestrian","Not a Pedestrian",430033,434159,"E01033010",2,"Not at junction or within 20 metres","Daylight","Raining no high winds","Wet or damp","Car occupant"
"7147","2016133AD0479",2016-10-13,2016,"Oct",13,"11:14",11,14,"Thursday","Slight",1,"Slight","Car occupant","Driver or rider","Female",30,"B","Single carriageway",30,"Unclassified","Not a Pedestrian","Not a Pedestrian",432185,431000,"E01011468",2,"Other junction","Daylight","Unknown","Dry","Car occupant"
"7148","2016133AD0701",2016-10-13,2016,"Oct",13,"13:33",13,33,"Thursday","Slight",1,"Slight","Motorcycle 125cc and under rider or passenger","Driver or rider","Female",29,"Unclassified","Single carriageway",30,"A","Not a Pedestrian","Not a Pedestrian",424076,434514,"E01011334",1,"Crossroads","Daylight","Unknown","Dry","Motorcyclist and pillion"
"7149","2016133AD0848",2016-10-13,2016,"Oct",13,"14:50",14,50,"Thursday","Slight",1,"Slight","Car occupant","Driver or rider","Female",39,"Unclassified","Dual carriageway",60,NA,"Not a Pedestrian","Not a Pedestrian",422889,437518,"E01011452",4,"Not at junction or within 20 metres","Daylight","Raining no high winds","Wet or damp","Car occupant"
"7150","2016133AE0425",2016-10-13,2016,"Oct",13,"15:15",15,15,"Thursday","Slight",1,"Slight","Pedestrian","Pedestrian","Female",12,"Unclassified","Single carriageway",30,NA,"In carriageway, crossing elsewhere","Crossing from nearside - masked by parked or stationary vehicle",425697,432088,"E01011735",1,"Not at junction or within 20 metres","Daylight","Fine no high winds","Wet or damp","Pedestrian"
"7151","2016133AD1015",2016-10-13,2016,"Oct",13,"16:05",16,5,"Thursday","Slight",2,"Slight","Car occupant","Driver or rider","Female",23,"A","Dual carriageway",30,"Unclassified","Not a Pedestrian","Not a Pedestrian",429137,435242,"E01033005",2,"T or staggered junction","Daylight","Raining no high winds","Wet or damp","Car occupant"
"7152","2016133AD1015",2016-10-13,2016,"Oct",13,"16:05",16,5,"Thursday","Slight",2,"Slight","Car occupant","Passenger","Female",19,"A","Dual carriageway",30,"Unclassified","Not a Pedestrian","Not a Pedestrian",429137,435242,"E01033005",2,"T or staggered junction","Daylight","Raining no high winds","Wet or damp","Car occupant"
"7153","2016133AD1157",2016-10-13,2016,"Oct",13,"17:17",17,17,"Thursday","Serious",6,"Serious","Car occupant","Driver or rider","Female",21,"Unclassified","Single carriageway",30,"Unclassified","Not a Pedestrian","Not a Pedestrian",430850,435449,"E01011360",2,"Crossroads","Daylight","Fine no high winds","Wet or damp","Car occupant"
"7154","2016133AD1157",2016-10-13,2016,"Oct",13,"17:17",17,17,"Thursday","Serious",6,"Slight","Car occupant","Passenger","Female",20,"Unclassified","Single carriageway",30,"Unclassified","Not a Pedestrian","Not a Pedestrian",430850,435449,"E01011360",2,"Crossroads","Daylight","Fine no high winds","Wet or damp","Car occupant"
"7155","2016133AD1157",2016-10-13,2016,"Oct",13,"17:17",17,17,"Thursday","Serious",6,"Slight","Car occupant","Driver or rider","Female",27,"Unclassified","Single carriageway",30,"Unclassified","Not a Pedestrian","Not a Pedestrian",430850,435449,"E01011360",2,"Crossroads","Daylight","Fine no high winds","Wet or damp","Car occupant"
"7156","2016133AD1157",2016-10-13,2016,"Oct",13,"17:17",17,17,"Thursday","Serious",6,"Slight","Car occupant","Passenger","Male",28,"Unclassified","Single carriageway",30,"Unclassified","Not a Pedestrian","Not a Pedestrian",430850,435449,"E01011360",2,"Crossroads","Daylight","Fine no high winds","Wet or damp","Car occupant"
"7157","2016133AD1157",2016-10-13,2016,"Oct",13,"17:17",17,17,"Thursday","Serious",6,"Slight","Car occupant","Passenger","Male",3,"Unclassified","Single carriageway",30,"Unclassified","Not a Pedestrian","Not a Pedestrian",430850,435449,"E01011360",2,"Crossroads","Daylight","Fine no high winds","Wet or damp","Car occupant"
"7158","2016133AD1157",2016-10-13,2016,"Oct",13,"17:17",17,17,"Thursday","Serious",6,"Slight","Car occupant","Passenger","Male",2,"Unclassified","Single carriageway",30,"Unclassified","Not a Pedestrian","Not a Pedestrian",430850,435449,"E01011360",2,"Crossroads","Daylight","Fine no high winds","Wet or damp","Car occupant"
"7159","2016133AD1358",2016-10-13,2016,"Oct",13,"18:56",18,56,"Thursday","Slight",1,"Slight","Pedestrian","Pedestrian","Male",10,"Unclassified","Single carriageway",30,NA,"In carriageway, crossing elsewhere","Crossing from driver's offside",434644,434313,"E01011341",1,"Not at junction or within 20 metres","Darkness - lights lit","Raining no high winds","Wet or damp","Pedestrian"
"7160","2016133AD1575",2016-10-13,2016,"Oct",13,"20:49",20,49,"Thursday","Slight",1,"Slight","Car occupant","Driver or rider","Male",46,"Unclassified","Single carriageway",30,NA,"Not a Pedestrian","Not a Pedestrian",418155,442420,"E01011266",2,"Not at junction or within 20 metres","Darkness - lights lit","Raining no high winds","Wet or damp","Car occupant"
"7161","2016133AE0209",2016-10-14,2016,"Oct",14,"07:00",7,0,"Friday","Serious",1,"Serious","Cyclist","Driver or rider","Male",48,"A","Single carriageway",30,"Unclassified","Not a Pedestrian","Not a Pedestrian",424467,437099,"E01011453",2,"T or staggered junction","Daylight","Raining no high winds","Wet or damp","Cyclist"
"7162","2016133AE0267",2016-10-14,2016,"Oct",14,"08:15",8,15,"Friday","Slight",1,"Slight","Pedestrian","Pedestrian","Male",13,"Unclassified","Single carriageway",30,NA,"In carriageway, crossing elsewhere","Crossing from driver's nearside",430392,432168,"E01033016",1,"Not at junction or within 20 metres","Daylight","Fine no high winds","Dry","Pedestrian"
"7163","2016133AE0273",2016-10-14,2016,"Oct",14,"08:23",8,23,"Friday","Serious",2,"Slight","Van / Goods vehicle (3.5 tonnes mgw or under) occupant","Driver or rider","Male",53,"Motorway","Dual carriageway",50,"A","Not a Pedestrian","Not a Pedestrian",430263,431947,"E01011371",3,"Slip road","Daylight","Fine no high winds","Dry","Bus and goods vehicle occupant"
"7164","2016133AE0273",2016-10-14,2016,"Oct",14,"08:23",8,23,"Friday","Serious",2,"Serious","Van / Goods vehicle (3.5 tonnes mgw or under) occupant","Driver or rider","Male",36,"Motorway","Dual carriageway",50,"A","Not a Pedestrian","Not a Pedestrian",430263,431947,"E01011371",3,"Slip road","Daylight","Fine no high winds","Dry","Bus and goods vehicle occupant"
"7165","2016133AE0276",2016-10-14,2016,"Oct",14,"08:25",8,25,"Friday","Slight",2,"Slight","Van / Goods vehicle (3.5 tonnes mgw or under) occupant","Driver or rider","Male",48,"A","Single carriageway",30,NA,"Not a Pedestrian","Not a Pedestrian",419439,445089,"E01011571",2,"Not at junction or within 20 metres","Daylight","Unknown","Dry","Bus and goods vehicle occupant"
"7166","2016133AE0276",2016-10-14,2016,"Oct",14,"08:25",8,25,"Friday","Slight",2,"Slight","Car occupant","Driver or rider","Female",23,"A","Single carriageway",30,NA,"Not a Pedestrian","Not a Pedestrian",419439,445089,"E01011571",2,"Not at junction or within 20 metres","Daylight","Unknown","Dry","Car occupant"
"7167","2016133AE0966",2016-10-14,2016,"Oct",14,"11:00",11,0,"Friday","Slight",1,"Slight","Pedestrian","Pedestrian","Male",16,"B","Single carriageway",30,NA,"On footway or verge","Unknown or other",422271,433453,"E01011612",1,"Not at junction or within 20 metres","Daylight","Unknown","Dry","Pedestrian"
"7168","2016133AE1165",2016-10-14,2016,"Oct",14,"17:10",17,10,"Friday","Serious",1,"Serious","Motorcycle 125cc and under rider or passenger","Driver or rider","Male",21,"Unclassified","Single carriageway",30,"Unclassified","Not a Pedestrian","Not a Pedestrian",428987,432348,"E01033013",2,"T or staggered junction","Daylight","Fine no high winds","Dry","Motorcyclist and pillion"
"7169","2016133AE1458",2016-10-14,2016,"Oct",14,"19:25",19,25,"Friday","Slight",1,"Slight","Car occupant","Driver or rider","Female",37,"A","Dual carriageway",40,NA,"Not a Pedestrian","Not a Pedestrian",426832,438715,"E01011383",2,"Not at junction or within 20 metres","Darkness - lights lit","Fine no high winds","Dry","Car occupant"
"7170","2016133AF0590",2016-10-15,2016,"Oct",15,"10:50",10,50,"Saturday","Slight",2,"Slight","Car occupant","Driver or rider","Male",60,"Unclassified","Single carriageway",30,NA,"Not a Pedestrian","Not a Pedestrian",420590,433819,"E01011599",2,"Not at junction or within 20 metres","Daylight","Fine no high winds","Dry","Car occupant"
"7171","2016133AF0590",2016-10-15,2016,"Oct",15,"10:50",10,50,"Saturday","Slight",2,"Slight","Car occupant","Passenger","Male",56,"Unclassified","Single carriageway",30,NA,"Not a Pedestrian","Not a Pedestrian",420590,433819,"E01011599",2,"Not at junction or within 20 metres","Daylight","Fine no high winds","Dry","Car occupant"
"7172","2016133AF0903",2016-10-15,2016,"Oct",15,"14:14",14,14,"Saturday","Slight",3,"Slight","Car occupant","Driver or rider","Female",55,"A","Single carriageway",30,"Unclassified","Not a Pedestrian","Not a Pedestrian",431832,435632,"E01011422",3,"T or staggered junction","Daylight","Fine no high winds","Dry","Car occupant"
"7173","2016133AF0903",2016-10-15,2016,"Oct",15,"14:14",14,14,"Saturday","Slight",3,"Slight","Car occupant","Driver or rider","Female",25,"A","Single carriageway",30,"Unclassified","Not a Pedestrian","Not a Pedestrian",431832,435632,"E01011422",3,"T or staggered junction","Daylight","Fine no high winds","Dry","Car occupant"
"7174","2016133AF0903",2016-10-15,2016,"Oct",15,"14:14",14,14,"Saturday","Slight",3,"Slight","Car occupant","Passenger","Female",45,"A","Single carriageway",30,"Unclassified","Not a Pedestrian","Not a Pedestrian",431832,435632,"E01011422",3,"T or staggered junction","Daylight","Fine no high winds","Dry","Car occupant"
"7175","2016133AJ0659",2016-10-15,2016,"Oct",15,"14:20",14,20,"Saturday","Slight",4,"Slight","Car occupant","Driver or rider","Female",29,"A","Dual carriageway",40,"Unclassified","Not a Pedestrian","Not a Pedestrian",425467,432874,"E01011730",2,"Roundabout","Daylight","Fine no high winds","Wet or damp","Car occupant"
"7176","2016133AJ0659",2016-10-15,2016,"Oct",15,"14:20",14,20,"Saturday","Slight",4,"Slight","Car occupant","Passenger","Female",11,"A","Dual carriageway",40,"Unclassified","Not a Pedestrian","Not a Pedestrian",425467,432874,"E01011730",2,"Roundabout","Daylight","Fine no high winds","Wet or damp","Car occupant"
"7177","2016133AJ0659",2016-10-15,2016,"Oct",15,"14:20",14,20,"Saturday","Slight",4,"Slight","Car occupant","Passenger","Female",8,"A","Dual carriageway",40,"Unclassified","Not a Pedestrian","Not a Pedestrian",425467,432874,"E01011730",2,"Roundabout","Daylight","Fine no high winds","Wet or damp","Car occupant"
"7178","2016133AJ0659",2016-10-15,2016,"Oct",15,"14:20",14,20,"Saturday","Slight",4,"Slight","Car occupant","Passenger","Female",2,"A","Dual carriageway",40,"Unclassified","Not a Pedestrian","Not a Pedestrian",425467,432874,"E01011730",2,"Roundabout","Daylight","Fine no high winds","Wet or damp","Car occupant"
"7179","2016133AF1482",2016-10-15,2016,"Oct",15,"19:06",19,6,"Saturday","Slight",4,"Slight","Car occupant","Driver or rider","Male",52,"A","Dual carriageway",60,"Unclassified","Not a Pedestrian","Not a Pedestrian",429255,438589,"E01011505",2,"Crossroads","Darkness - lights lit","Unknown","Dry","Car occupant"
"7180","2016133AF1482",2016-10-15,2016,"Oct",15,"19:06",19,6,"Saturday","Slight",4,"Slight","Car occupant","Passenger","Female",46,"A","Dual carriageway",60,"Unclassified","Not a Pedestrian","Not a Pedestrian",429255,438589,"E01011505",2,"Crossroads","Darkness - lights lit","Unknown","Dry","Car occupant"
"7181","2016133AF1482",2016-10-15,2016,"Oct",15,"19:06",19,6,"Saturday","Slight",4,"Slight","Car occupant","Driver or rider","Female",35,"A","Dual carriageway",60,"Unclassified","Not a Pedestrian","Not a Pedestrian",429255,438589,"E01011505",2,"Crossroads","Darkness - lights lit","Unknown","Dry","Car occupant"
"7182","2016133AF1482",2016-10-15,2016,"Oct",15,"19:06",19,6,"Saturday","Slight",4,"Slight","Car occupant","Passenger","Female",47,"A","Dual carriageway",60,"Unclassified","Not a Pedestrian","Not a Pedestrian",429255,438589,"E01011505",2,"Crossroads","Darkness - lights lit","Unknown","Dry","Car occupant"
"7183","2016133AG0599",2016-10-16,2016,"Oct",16,"10:39",10,39,"Sunday","Serious",4,"Slight","Car occupant","Passenger","Male",23,"A","Dual carriageway",40,"A","Not a Pedestrian","Not a Pedestrian",430218,434371,"E01033002",2,"Crossroads","Daylight","Raining no high winds","Wet or damp","Car occupant"
"7184","2016133AG0599",2016-10-16,2016,"Oct",16,"10:39",10,39,"Sunday","Serious",4,"Slight","Car occupant","Passenger","Male",22,"A","Dual carriageway",40,"A","Not a Pedestrian","Not a Pedestrian",430218,434371,"E01033002",2,"Crossroads","Daylight","Raining no high winds","Wet or damp","Car occupant"
"7185","2016133AG0599",2016-10-16,2016,"Oct",16,"10:39",10,39,"Sunday","Serious",4,"Slight","Car occupant","Driver or rider","Female",51,"A","Dual carriageway",40,"A","Not a Pedestrian","Not a Pedestrian",430218,434371,"E01033002",2,"Crossroads","Daylight","Raining no high winds","Wet or damp","Car occupant"
"7186","2016133AG0599",2016-10-16,2016,"Oct",16,"10:39",10,39,"Sunday","Serious",4,"Serious","Car occupant","Passenger","Female",53,"A","Dual carriageway",40,"A","Not a Pedestrian","Not a Pedestrian",430218,434371,"E01033002",2,"Crossroads","Daylight","Raining no high winds","Wet or damp","Car occupant"
"7187","2016133AG0510",2016-10-16,2016,"Oct",16,"12:00",12,0,"Sunday","Serious",1,"Serious","Pedestrian","Pedestrian","Female",85,"Unclassified","Single carriageway",30,NA,"On footway or verge","Unknown or other",440606,448125,"E01011705",1,"Not at junction or within 20 metres","Daylight","Fine no high winds","Dry","Pedestrian"
"7188","2016133AG1321",2016-10-16,2016,"Oct",16,"17:35",17,35,"Sunday","Slight",1,"Slight","Cyclist","Driver or rider","Male",49,"Unclassified","Single carriageway",30,"Unclassified","Not a Pedestrian","Not a Pedestrian",421708,435106,"E01011598",2,"T or staggered junction","Daylight","Fine no high winds","Dry","Cyclist"
"7189","2016133AH0238",2016-10-17,2016,"Oct",17,"08:30",8,30,"Monday","Slight",1,"Slight","Car occupant","Driver or rider","Female",33,"A","Dual carriageway",30,NA,"Not a Pedestrian","Not a Pedestrian",428427,428662,"E01011531",3,"Not at junction or within 20 metres","Daylight","Fine no high winds","Dry","Car occupant"
"7190","2016133AH1012",2016-10-17,2016,"Oct",17,"16:15",16,15,"Monday","Slight",1,"Slight","Bus or coach occupant (17 or more pass seats)","Passenger","Male",65,"A","Single carriageway",50,NA,"Not a Pedestrian","Not a Pedestrian",435318,439376,"E01011311",1,"Not at junction or within 20 metres","Daylight","Fine no high winds","Dry","Bus and goods vehicle occupant"
"7191","2016133AI0424",2016-10-18,2016,"Oct",18,"10:26",10,26,"Tuesday","Slight",1,"Slight","Pedestrian","Pedestrian","Female",75,"A","Single carriageway",40,"Unclassified","Crossing on pedestrian crossing facility","Unknown or other",422723,437829,"E01011452",1,"T or staggered junction","Daylight","Fine no high winds","Dry","Pedestrian"
"7192","2016133AI0512",2016-10-18,2016,"Oct",18,"11:31",11,31,"Tuesday","Slight",1,"Slight","Cyclist","Driver or rider","Male",17,"Unclassified","Single carriageway",30,NA,"Not a Pedestrian","Not a Pedestrian",429961,431811,"E01011364",2,"Not at junction or within 20 metres","Daylight","Fine no high winds","Dry","Cyclist"
"7193","2016133AI0999",2016-10-18,2016,"Oct",18,"16:10",16,10,"Tuesday","Slight",2,"Slight","Car occupant","Driver or rider","Male",25,"A","Roundabout",40,"A","Not a Pedestrian","Not a Pedestrian",424139,428159,"E01011523",2,"Roundabout","Daylight","Fine no high winds","Wet or damp","Car occupant"
"7194","2016133AI0999",2016-10-18,2016,"Oct",18,"16:10",16,10,"Tuesday","Slight",2,"Slight","Car occupant","Passenger","Female",23,"A","Roundabout",40,"A","Not a Pedestrian","Not a Pedestrian",424139,428159,"E01011523",2,"Roundabout","Daylight","Fine no high winds","Wet or damp","Car occupant"
"7195","2016133AI1210",2016-10-18,2016,"Oct",18,"16:10",16,10,"Tuesday","Slight",1,"Slight","Van / Goods vehicle (3.5 tonnes mgw or under) occupant","Driver or rider","Male",30,"A","Single carriageway",30,NA,"Not a Pedestrian","Not a Pedestrian",426046,428250,"E01011525",2,"Not at junction or within 20 metres","Daylight","Fine no high winds","Wet or damp","Bus and goods vehicle occupant"