"","accident_index","date","year","month","day","time","time_hour","time_minute","day_of_week","accident_severity","number_of_casualties","casualty_severity","casualty_type","casualty_class","sex_of_casualty","age_of_casualty","first_road_class","road_type","speed_limit","second_road_class","pedestrian_location","pedestrian_movement","location_easting_osgr","location_northing_osgr","lsoa_of_accident_location","number_of_vehicles","junction_detail","light_conditions","weather_conditions","road_surface_conditions","cas_type"
"7196","2016133AJ0508",2016-10-19,2016,"Oct",19,"11:50",11,50,"Wednesday","Slight",1,"Slight","Car occupant","Driver or rider","Female",34,"A","Dual carriageway",40,NA,"Not a Pedestrian","Not a Pedestrian",440117,439660,"E01011309",2,"Not at junction or within 20 metres","Daylight","Fine no high winds","Dry","Car occupant"
"7197","2016133AJ0450",2016-10-19,2016,"Oct",19,"14:40",14,40,"Wednesday","Slight",1,"Slight","Car occupant","Driver or rider","Female",24,"A","Roundabout",40,"Unclassified","Not a Pedestrian","Not a Pedestrian",429776,438891,"E01011558",2,"Roundabout","Daylight","Fine no high winds","Dry","Car occupant"
"7198","2016133AJ0978",2016-10-19,2016,"Oct",19,"15:45",15,45,"Wednesday","Slight",2,"Slight","Car occupant","Driver or rider","Male",38,"A","Single carriageway",30,"Unclassified","Not a Pedestrian","Not a Pedestrian",428896,425982,"E01011538",4,"Crossroads","Daylight","Fine no high winds","Dry","Car occupant"
"7199","2016133AJ0978",2016-10-19,2016,"Oct",19,"15:45",15,45,"Wednesday","Slight",2,"Slight","Car occupant","Driver or rider","Female",35,"A","Single carriageway",30,"Unclassified","Not a Pedestrian","Not a Pedestrian",428896,425982,"E01011538",4,"Crossroads","Daylight","Fine no high winds","Dry","Car occupant"
"7200","2016133AJ1322",2016-10-19,2016,"Oct",19,"19:00",19,0,"Wednesday","Slight",1,"Slight","Cyclist","Driver or rider","Male",25,"Unclassified","Single carriageway",20,"Unclassified","Not a Pedestrian","Not a Pedestrian",427421,435989,"E01032945",2,"Crossroads","Darkness - lights lit","Fine no high winds","Dry","Cyclist"
"7201","2016133AJ1419",2016-10-19,2016,"Oct",19,"19:46",19,46,"Wednesday","Serious",1,"Serious","Pedestrian","Pedestrian","Female",13,"Unclassified","Single carriageway",30,NA,"In carriageway, crossing elsewhere","Crossing from driver's nearside",432548,434901,"E01011433",1,"Not at junction or within 20 metres","Darkness - lights lit","Fine no high winds","Wet or damp","Pedestrian"
"7202","2016133AJ1442",2016-10-19,2016,"Oct",19,"19:58",19,58,"Wednesday","Slight",1,"Slight","Cyclist","Driver or rider","Male",44,"Unclassified","Roundabout",30,"Unclassified","Not a Pedestrian","Not a Pedestrian",432437,433773,"E01011348",2,"Roundabout","Darkness - lights lit","Fine no high winds","Dry","Cyclist"
"7203","2016133AK0616",2016-10-20,2016,"Oct",20,"06:45",6,45,"Thursday","Slight",1,"Slight","Cyclist","Driver or rider","Male",24,"A","Roundabout",40,"A","Not a Pedestrian","Not a Pedestrian",428129,430352,"E01011317",2,"Roundabout","Darkness - lights lit","Fine no high winds","Dry","Cyclist"
"7204","2016133AK0502",2016-10-20,2016,"Oct",20,"07:00",7,0,"Thursday","Slight",1,"Slight","Pedestrian","Pedestrian","Female",36,"Unclassified","Single carriageway",30,"Unclassified","In carriageway, crossing elsewhere","Crossing from driver's nearside",434070,428866,"E01011639",1,"T or staggered junction","Daylight","Fine no high winds","Wet or damp","Pedestrian"
"7205","2016133AK0298",2016-10-20,2016,"Oct",20,"08:00",8,0,"Thursday","Slight",3,"Slight","Van / Goods vehicle (3.5 tonnes mgw or under) occupant","Driver or rider","Male",26,"Unclassified","Single carriageway",30,"Unclassified","Not a Pedestrian","Not a Pedestrian",431805,435832,"E01011426",2,"Crossroads","Daylight","Fine no high winds","Dry","Bus and goods vehicle occupant"
"7206","2016133AK0298",2016-10-20,2016,"Oct",20,"08:00",8,0,"Thursday","Slight",3,"Slight","Car occupant","Driver or rider","Female",27,"Unclassified","Single carriageway",30,"Unclassified","Not a Pedestrian","Not a Pedestrian",431805,435832,"E01011426",2,"Crossroads","Daylight","Fine no high winds","Dry","Car occupant"
"7207","2016133AK0298",2016-10-20,2016,"Oct",20,"08:00",8,0,"Thursday","Slight",3,"Slight","Car occupant","Passenger","Female",51,"Unclassified","Single carriageway",30,"Unclassified","Not a Pedestrian","Not a Pedestrian",431805,435832,"E01011426",2,"Crossroads","Daylight","Fine no high winds","Dry","Car occupant"
"7208","2016133AK0900",2016-10-20,2016,"Oct",20,"11:15",11,15,"Thursday","Slight",1,"Slight","Bus or coach occupant (17 or more pass seats)","Passenger","Female",47,"Unclassified","Single carriageway",30,NA,"Not a Pedestrian","Not a Pedestrian",429663,433431,"E01033008",1,"Not at junction or within 20 metres","Daylight","Fine no high winds","Dry","Bus and goods vehicle occupant"
"7209","2016133AK1016",2016-10-20,2016,"Oct",20,"15:27",15,27,"Thursday","Slight",2,"Slight","Car occupant","Driver or rider","Female",26,"Unclassified","Single carriageway",30,"Unclassified","Not a Pedestrian","Not a Pedestrian",426433,433303,"E01032607",2,"Crossroads","Daylight","Fine no high winds","Dry","Car occupant"
"7210","2016133AK1016",2016-10-20,2016,"Oct",20,"15:27",15,27,"Thursday","Slight",2,"Slight","Car occupant","Driver or rider","Female",30,"Unclassified","Single carriageway",30,"Unclassified","Not a Pedestrian","Not a Pedestrian",426433,433303,"E01032607",2,"Crossroads","Daylight","Fine no high winds","Dry","Car occupant"
"7211","2016133AK1051",2016-10-20,2016,"Oct",20,"15:59",15,59,"Thursday","Slight",4,"Slight","Car occupant","Driver or rider","Female",30,"A","Single carriageway",30,NA,"Not a Pedestrian","Not a Pedestrian",427915,430175,"E01011317",3,"Not at junction or within 20 metres","Daylight","Fine no high winds","Dry","Car occupant"
"7212","2016133AK1051",2016-10-20,2016,"Oct",20,"15:59",15,59,"Thursday","Slight",4,"Slight","Car occupant","Passenger","Female",9,"A","Single carriageway",30,NA,"Not a Pedestrian","Not a Pedestrian",427915,430175,"E01011317",3,"Not at junction or within 20 metres","Daylight","Fine no high winds","Dry","Car occupant"
"7213","2016133AK1051",2016-10-20,2016,"Oct",20,"15:59",15,59,"Thursday","Slight",4,"Slight","Car occupant","Driver or rider","Female",31,"A","Single carriageway",30,NA,"Not a Pedestrian","Not a Pedestrian",427915,430175,"E01011317",3,"Not at junction or within 20 metres","Daylight","Fine no high winds","Dry","Car occupant"
"7214","2016133AK1051",2016-10-20,2016,"Oct",20,"15:59",15,59,"Thursday","Slight",4,"Slight","Car occupant","Passenger","Male",32,"A","Single carriageway",30,NA,"Not a Pedestrian","Not a Pedestrian",427915,430175,"E01011317",3,"Not at junction or within 20 metres","Daylight","Fine no high winds","Dry","Car occupant"
"7215","2016133AK1157",2016-10-20,2016,"Oct",20,"16:40",16,40,"Thursday","Serious",1,"Serious","Pedestrian","Pedestrian","Male",15,"Unclassified","Single carriageway",30,NA,"In carriageway, crossing elsewhere","Crossing from driver's nearside",431847,427707,"E01011490",1,"Not at junction or within 20 metres","Daylight","Raining no high winds","Wet or damp","Pedestrian"
"7216","2016133AK1380",2016-10-20,2016,"Oct",20,"18:30",18,30,"Thursday","Slight",1,"Slight","Car occupant","Driver or rider","Male",24,"Unclassified","Single carriageway",30,"Unclassified","Not a Pedestrian","Not a Pedestrian",431896,434951,"E01011434",2,"T or staggered junction","Darkness - lights lit","Fine no high winds","Wet or damp","Car occupant"
"7217","2016133AL0691",2016-10-20,2016,"Oct",20,"18:40",18,40,"Thursday","Slight",3,"Slight","Bus or coach occupant (17 or more pass seats)","Passenger","Female",57,"Unclassified","Single carriageway",30,"Unclassified","Not a Pedestrian","Not a Pedestrian",428534,434285,"E01011681",2,"T or staggered junction","Darkness - lights lit","Fine no high winds","Dry","Bus and goods vehicle occupant"
"7218","2016133AL0691",2016-10-20,2016,"Oct",20,"18:40",18,40,"Thursday","Slight",3,"Slight","Bus or coach occupant (17 or more pass seats)","Passenger","Female",63,"Unclassified","Single carriageway",30,"Unclassified","Not a Pedestrian","Not a Pedestrian",428534,434285,"E01011681",2,"T or staggered junction","Darkness - lights lit","Fine no high winds","Dry","Bus and goods vehicle occupant"
"7219","2016133AL0691",2016-10-20,2016,"Oct",20,"18:40",18,40,"Thursday","Slight",3,"Slight","Bus or coach occupant (17 or more pass seats)","Passenger","Female",72,"Unclassified","Single carriageway",30,"Unclassified","Not a Pedestrian","Not a Pedestrian",428534,434285,"E01011681",2,"T or staggered junction","Darkness - lights lit","Fine no high winds","Dry","Bus and goods vehicle occupant"
"7220","2016133AK1641",2016-10-20,2016,"Oct",20,"20:35",20,35,"Thursday","Serious",1,"Serious","Cyclist","Driver or rider","Male",37,"A","Dual carriageway",40,NA,"Not a Pedestrian","Not a Pedestrian",433290,434051,"E01011340",2,"Not at junction or within 20 metres","Darkness - lights lit","Unknown","Dry","Cyclist"
"7221","2016133AA1830",2016-10-20,2016,"Oct",20,"22:18",22,18,"Thursday","Slight",1,"Slight","Pedestrian","Pedestrian","Male",19,"Unclassified","Single carriageway",30,NA,"On footway or verge","Walking along in carriageway, back to traffic",426136,428967,"E01011528",1,"Not at junction or within 20 metres","Darkness - no lighting","Unknown","Dry","Pedestrian"
"7222","2016133AL0193",2016-10-21,2016,"Oct",21,"07:09",7,9,"Friday","Slight",1,"Slight","Car occupant","Driver or rider","Male",59,"A","Single carriageway",40,"A","Not a Pedestrian","Not a Pedestrian",425213,437870,"E01011464",2,"Other junction","Daylight","Fine no high winds","Wet or damp","Car occupant"
"7223","2016133AL0206",2016-10-21,2016,"Oct",21,"07:20",7,20,"Friday","Slight",1,"Slight","Car occupant","Driver or rider","Male",30,"A(M)","Slip road",40,"Unclassified","Not a Pedestrian","Not a Pedestrian",429826,434396,"E01033008",2,"Slip road","Daylight","Unknown","Dry","Car occupant"
"7224","2016133AL0251",2016-10-21,2016,"Oct",21,"08:15",8,15,"Friday","Serious",1,"Serious","Motorcycle over 500cc rider or passenger","Driver or rider","Male",35,"A","Dual carriageway",40,NA,"Not a Pedestrian","Not a Pedestrian",433863,429534,"E01011639",2,"Not at junction or within 20 metres","Daylight","Fine no high winds","Dry","Motorcyclist and pillion"
"7225","2016133AL1264",2016-10-21,2016,"Oct",21,"17:40",17,40,"Friday","Slight",1,"Slight","Pedestrian","Pedestrian","Male",25,"Unclassified","Single carriageway",30,"Unclassified","Crossing elsewhere within 50m. of pedestrian crossing","Unknown or other",430250,433231,"E01033016",1,"T or staggered junction","Daylight","Fine no high winds","Dry","Pedestrian"
"7226","2016133AL1893",2016-10-21,2016,"Oct",21,"22:55",22,55,"Friday","Slight",1,"Slight","Car occupant","Passenger","Male",22,"Unclassified","Roundabout",30,"A","Not a Pedestrian","Not a Pedestrian",436133,435578,"E01011406",1,"Roundabout","Darkness - lights lit","Fine no high winds","Dry","Car occupant"
"7227","2016133AM0599",2016-10-22,2016,"Oct",22,"11:20",11,20,"Saturday","Slight",1,"Slight","Pedestrian","Pedestrian","Female",71,"Unclassified","Single carriageway",30,NA,"Crossing elsewhere within 50m. of pedestrian crossing","Crossing from driver's nearside",429892,433800,"E01033010",1,"Not at junction or within 20 metres","Daylight","Fine no high winds","Dry","Pedestrian"
"7228","2016133AO1002",2016-10-22,2016,"Oct",22,"14:30",14,30,"Saturday","Slight",1,"Slight","Car occupant","Driver or rider","Female",29,"A","Dual carriageway",30,"A","Not a Pedestrian","Not a Pedestrian",424929,427641,"E01011530",2,"Crossroads","Daylight","Unknown","Dry","Car occupant"
"7229","2016133AM1126",2016-10-22,2016,"Oct",22,"16:18",16,18,"Saturday","Slight",1,"Slight","Car occupant","Passenger","Male",22,"Unclassified","Single carriageway",30,"Unclassified","Not a Pedestrian","Not a Pedestrian",429655,433381,"E01033008",2,"T or staggered junction","Daylight","Fine no high winds","Dry","Car occupant"
"7230","2016133AM1263",2016-10-22,2016,"Oct",22,"16:50",16,50,"Saturday","Slight",2,"Slight","Car occupant","Driver or rider","Male",45,"A","Dual carriageway",40,NA,"Not a Pedestrian","Not a Pedestrian",435801,426891,"E01011636",2,"Not at junction or within 20 metres","Daylight","Fine no high winds","Dry","Car occupant"
"7231","2016133AM1263",2016-10-22,2016,"Oct",22,"16:50",16,50,"Saturday","Slight",2,"Slight","Car occupant","Passenger","Female",36,"A","Dual carriageway",40,NA,"Not a Pedestrian","Not a Pedestrian",435801,426891,"E01011636",2,"Not at junction or within 20 metres","Daylight","Fine no high winds","Dry","Car occupant"
"7232","2016133AM1209",2016-10-22,2016,"Oct",22,"17:00",17,0,"Saturday","Slight",5,"Slight","Car occupant","Driver or rider","Female",47,"A","Single carriageway",30,NA,"Not a Pedestrian","Not a Pedestrian",432570,428094,"E01011496",2,"Not at junction or within 20 metres","Daylight","Fine no high winds","Dry","Car occupant"
"7233","2016133AM1209",2016-10-22,2016,"Oct",22,"17:00",17,0,"Saturday","Slight",5,"Slight","Car occupant","Passenger","Male",47,"A","Single carriageway",30,NA,"Not a Pedestrian","Not a Pedestrian",432570,428094,"E01011496",2,"Not at junction or within 20 metres","Daylight","Fine no high winds","Dry","Car occupant"
"7234","2016133AM1209",2016-10-22,2016,"Oct",22,"17:00",17,0,"Saturday","Slight",5,"Slight","Car occupant","Passenger","Female",11,"A","Single carriageway",30,NA,"Not a Pedestrian","Not a Pedestrian",432570,428094,"E01011496",2,"Not at junction or within 20 metres","Daylight","Fine no high winds","Dry","Car occupant"
"7235","2016133AM1209",2016-10-22,2016,"Oct",22,"17:00",17,0,"Saturday","Slight",5,"Slight","Car occupant","Passenger","Female",9,"A","Single carriageway",30,NA,"Not a Pedestrian","Not a Pedestrian",432570,428094,"E01011496",2,"Not at junction or within 20 metres","Daylight","Fine no high winds","Dry","Car occupant"
"7236","2016133AM1209",2016-10-22,2016,"Oct",22,"17:00",17,0,"Saturday","Slight",5,"Slight","Van / Goods vehicle (3.5 tonnes mgw or under) occupant","Driver or rider","Male",25,"A","Single carriageway",30,NA,"Not a Pedestrian","Not a Pedestrian",432570,428094,"E01011496",2,"Not at junction or within 20 metres","Daylight","Fine no high winds","Dry","Bus and goods vehicle occupant"
"7237","2016133AM1372",2016-10-22,2016,"Oct",22,"18:30",18,30,"Saturday","Slight",2,"Slight","Car occupant","Driver or rider","Male",23,"A","Single carriageway",30,"Unclassified","Not a Pedestrian","Not a Pedestrian",428463,431349,"E01011369",2,"Crossroads","Darkness - lights lit","Raining no high winds","Wet or damp","Car occupant"
"7238","2016133AM1372",2016-10-22,2016,"Oct",22,"18:30",18,30,"Saturday","Slight",2,"Slight","Car occupant","Driver or rider","Male",34,"A","Single carriageway",30,"Unclassified","Not a Pedestrian","Not a Pedestrian",428463,431349,"E01011369",2,"Crossroads","Darkness - lights lit","Raining no high winds","Wet or damp","Car occupant"
"7239","2016133AM1609",2016-10-22,2016,"Oct",22,"20:45",20,45,"Saturday","Slight",1,"Slight","Car occupant","Passenger","Female",29,"Unclassified","Single carriageway",30,"Unclassified","Not a Pedestrian","Not a Pedestrian",419828,440701,"E01011277",2,"Crossroads","Darkness - lights lit","Fine no high winds","Dry","Car occupant"
"7240","2016133AN0678",2016-10-23,2016,"Oct",23,"11:45",11,45,"Sunday","Slight",1,"Slight","Cyclist","Driver or rider","Female",39,"A","Single carriageway",30,"Unclassified","Not a Pedestrian","Not a Pedestrian",417877,443330,"E01011266",2,"T or staggered junction","Daylight","Fine no high winds","Dry","Cyclist"
"7241","2016133AN0822",2016-10-23,2016,"Oct",23,"13:21",13,21,"Sunday","Slight",1,"Slight","Car occupant","Passenger","Female",77,"B","Single carriageway",30,NA,"Not a Pedestrian","Not a Pedestrian",422771,428675,"E01011521",2,"Not at junction or within 20 metres","Daylight","Fine no high winds","Dry","Car occupant"
"7242","2016133AN1034",2016-10-23,2016,"Oct",23,"15:16",15,16,"Sunday","Slight",4,"Slight","Car occupant","Driver or rider","Male",25,"A","Dual carriageway",40,NA,"Not a Pedestrian","Not a Pedestrian",419960,434130,"E01011597",4,"Not at junction or within 20 metres","Daylight","Fine no high winds","Wet or damp","Car occupant"
"7243","2016133AN1034",2016-10-23,2016,"Oct",23,"15:16",15,16,"Sunday","Slight",4,"Slight","Car occupant","Passenger","Male",27,"A","Dual carriageway",40,NA,"Not a Pedestrian","Not a Pedestrian",419960,434130,"E01011597",4,"Not at junction or within 20 metres","Daylight","Fine no high winds","Wet or damp","Car occupant"
"7244","2016133AN1034",2016-10-23,2016,"Oct",23,"15:16",15,16,"Sunday","Slight",4,"Slight","Car occupant","Driver or rider","Female",66,"A","Dual carriageway",40,NA,"Not a Pedestrian","Not a Pedestrian",419960,434130,"E01011597",4,"Not at junction or within 20 metres","Daylight","Fine no high winds","Wet or damp","Car occupant"
"7245","2016133AN1034",2016-10-23,2016,"Oct",23,"15:16",15,16,"Sunday","Slight",4,"Slight","Car occupant","Driver or rider","Female",38,"A","Dual carriageway",40,NA,"Not a Pedestrian","Not a Pedestrian",419960,434130,"E01011597",4,"Not at junction or within 20 metres","Daylight","Fine no high winds","Wet or damp","Car occupant"
"7246","2016133AN1036",2016-10-23,2016,"Oct",23,"15:18",15,18,"Sunday","Slight",1,"Slight","Car occupant","Driver or rider","Female",20,"Unclassified","Single carriageway",30,NA,"Not a Pedestrian","Not a Pedestrian",430587,425741,"E01011551",2,"Not at junction or within 20 metres","Daylight","Fine no high winds","Dry","Car occupant"
"7247","2016133AN1449",2016-10-23,2016,"Oct",23,"18:45",18,45,"Sunday","Slight",3,"Slight","Car occupant","Driver or rider","Male",21,"A","Dual carriageway",70,"Unclassified","Not a Pedestrian","Not a Pedestrian",429237,438605,"E01011559",2,"Crossroads","Darkness - lights lit","Fine no high winds","Dry","Car occupant"
"7248","2016133AN1449",2016-10-23,2016,"Oct",23,"18:45",18,45,"Sunday","Slight",3,"Slight","Car occupant","Driver or rider","Female",42,"A","Dual carriageway",70,"Unclassified","Not a Pedestrian","Not a Pedestrian",429237,438605,"E01011559",2,"Crossroads","Darkness - lights lit","Fine no high winds","Dry","Car occupant"
"7249","2016133AN1449",2016-10-23,2016,"Oct",23,"18:45",18,45,"Sunday","Slight",3,"Slight","Car occupant","Passenger","Female",16,"A","Dual carriageway",70,"Unclassified","Not a Pedestrian","Not a Pedestrian",429237,438605,"E01011559",2,"Crossroads","Darkness - lights lit","Fine no high winds","Dry","Car occupant"
"7250","2016133AO0327",2016-10-24,2016,"Oct",24,"09:00",9,0,"Monday","Slight",1,"Slight","Cyclist","Driver or rider","Male",26,"Unclassified","Single carriageway",30,"Unclassified","Not a Pedestrian","Not a Pedestrian",428686,434950,"E01011444",2,"Crossroads","Daylight","Fine no high winds","Dry","Cyclist"
"7251","2016133AO0549",2016-10-24,2016,"Oct",24,"09:10",9,10,"Monday","Slight",2,"Slight","Bus or coach occupant (17 or more pass seats)","Passenger","Female",21,"A","Single carriageway",30,NA,"Not a Pedestrian","Not a Pedestrian",427844,430860,"E01011369",1,"Not at junction or within 20 metres","Daylight","Unknown","Dry","Bus and goods vehicle occupant"
"7252","2016133AO0549",2016-10-24,2016,"Oct",24,"09:10",9,10,"Monday","Slight",2,"Slight","Bus or coach occupant (17 or more pass seats)","Passenger","Male",1,"A","Single carriageway",30,NA,"Not a Pedestrian","Not a Pedestrian",427844,430860,"E01011369",1,"Not at junction or within 20 metres","Daylight","Unknown","Dry","Bus and goods vehicle occupant"
"7253","2016133AO0750",2016-10-24,2016,"Oct",24,"13:42",13,42,"Monday","Slight",1,"Slight","Taxi/Private hire car occupant","Passenger","Female",19,"A","Dual carriageway",30,"Unclassified","Not a Pedestrian","Not a Pedestrian",430716,435010,"E01011671",2,"Other junction","Daylight","Unknown","Dry","Car occupant"
"7254","2016133AO0993",2016-10-24,2016,"Oct",24,"15:38",15,38,"Monday","Slight",2,"Slight","Car occupant","Driver or rider","Male",30,"A","Dual carriageway",30,NA,"Not a Pedestrian","Not a Pedestrian",428601,432822,"E01011363",2,"Not at junction or within 20 metres","Daylight","Unknown","Dry","Car occupant"
"7255","2016133AO0993",2016-10-24,2016,"Oct",24,"15:38",15,38,"Monday","Slight",2,"Slight","Car occupant","Passenger","Female",26,"A","Dual carriageway",30,NA,"Not a Pedestrian","Not a Pedestrian",428601,432822,"E01011363",2,"Not at junction or within 20 metres","Daylight","Unknown","Dry","Car occupant"
"7256","2016133AO1097",2016-10-24,2016,"Oct",24,"16:25",16,25,"Monday","Slight",1,"Slight","Pedestrian","Pedestrian","Male",18,"Unclassified","Unknown",20,NA,"On footway or verge","Unknown or other",433877,436496,"E01011421",1,"Not at junction or within 20 metres","Daylight","Unknown","Dry","Pedestrian"
"7257","2016133AO1221",2016-10-24,2016,"Oct",24,"17:15",17,15,"Monday","Slight",2,"Slight","Car occupant","Passenger","Female",23,"Unclassified","Single carriageway",30,"Unclassified","Not a Pedestrian","Not a Pedestrian",431450,435578,"E01011426",2,"T or staggered junction","Daylight","Fine no high winds","Dry","Car occupant"
"7258","2016133AO1221",2016-10-24,2016,"Oct",24,"17:15",17,15,"Monday","Slight",2,"Slight","Car occupant","Driver or rider","Female",30,"Unclassified","Single carriageway",30,"Unclassified","Not a Pedestrian","Not a Pedestrian",431450,435578,"E01011426",2,"T or staggered junction","Daylight","Fine no high winds","Dry","Car occupant"
"7259","2016133AP0255",2016-10-25,2016,"Oct",25,"07:02",7,2,"Tuesday","Slight",1,"Slight","Cyclist","Driver or rider","Male",37,"Unclassified","Roundabout",20,"Unclassified","Not a Pedestrian","Not a Pedestrian",432177,434627,"E01011433",2,"Roundabout","Daylight","Unknown","Dry","Cyclist"
"7260","2016133AP0288",2016-10-25,2016,"Oct",25,"07:15",7,15,"Tuesday","Serious",1,"Serious","Cyclist","Driver or rider","Male",34,"Unclassified","Single carriageway",30,"Unclassified","Not a Pedestrian","Not a Pedestrian",428629,434184,"E01011681",2,"T or staggered junction","Daylight","Unknown","Wet or damp","Cyclist"
"7261","2016133AP0995",2016-10-25,2016,"Oct",25,"15:57",15,57,"Tuesday","Slight",1,"Slight","Cyclist","Driver or rider","Female",51,"A","Dual carriageway",40,"Unclassified","Not a Pedestrian","Not a Pedestrian",430833,434014,"E01033031",2,"T or staggered junction","Daylight","Fine no high winds","Dry","Cyclist"
"7262","2016133AP1417",2016-10-25,2016,"Oct",25,"16:30",16,30,"Tuesday","Serious",1,"Serious","Pedestrian","Pedestrian","Female",4,"Unclassified","Single carriageway",30,"Unclassified","On footway or verge","Unknown or other",431885,434905,"E01011677",1,"Crossroads","Daylight","Fine no high winds","Dry","Pedestrian"
"7263","2016133AP1308",2016-10-25,2016,"Oct",25,"18:21",18,21,"Tuesday","Slight",1,"Slight","Cyclist","Driver or rider","Male",32,"A","Dual carriageway",30,"A(M)","Not a Pedestrian","Not a Pedestrian",430222,434406,"E01033002",2,"T or staggered junction","Darkness - lights lit","Fine no high winds","Dry","Cyclist"
"7264","2016133AQ0302",2016-10-26,2016,"Oct",26,"08:35",8,35,"Wednesday","Serious",1,"Serious","Cyclist","Driver or rider","Male",34,"A","Single carriageway",30,"Unclassified","Not a Pedestrian","Not a Pedestrian",436233,434285,"E01011408",2,"Crossroads","Daylight","Fine no high winds","Dry","Cyclist"
"7265","2016133AQ0489",2016-10-26,2016,"Oct",26,"11:15",11,15,"Wednesday","Slight",1,"Slight","Bus or coach occupant (17 or more pass seats)","Passenger","Female",48,"Unclassified","Single carriageway",30,NA,"Not a Pedestrian","Not a Pedestrian",430576,433446,"E01033011",1,"Not at junction or within 20 metres","Daylight","Fine no high winds","Dry","Bus and goods vehicle occupant"
"7266","2016133AQ0622",2016-10-26,2016,"Oct",26,"12:51",12,51,"Wednesday","Slight",2,"Slight","Car occupant","Driver or rider","Male",32,"Unclassified","Single carriageway",30,"Unclassified","Not a Pedestrian","Not a Pedestrian",428674,434618,"E01011681",2,"T or staggered junction","Daylight","Fine no high winds","Dry","Car occupant"
"7267","2016133AQ0622",2016-10-26,2016,"Oct",26,"12:51",12,51,"Wednesday","Slight",2,"Slight","Car occupant","Passenger","Female",6,"Unclassified","Single carriageway",30,"Unclassified","Not a Pedestrian","Not a Pedestrian",428674,434618,"E01011681",2,"T or staggered junction","Daylight","Fine no high winds","Dry","Car occupant"
"7268","2016133AQ0775",2016-10-26,2016,"Oct",26,"14:08",14,8,"Wednesday","Slight",1,"Slight","Car occupant","Driver or rider","Female",27,"Unclassified","Single carriageway",30,"Unclassified","Not a Pedestrian","Not a Pedestrian",442390,445860,"E01011697",2,"T or staggered junction","Daylight","Fine no high winds","Dry","Car occupant"
"7269","2016133AQ0911",2016-10-26,2016,"Oct",26,"15:14",15,14,"Wednesday","Slight",3,"Slight","Car occupant","Driver or rider","Female",34,"Motorway","Dual carriageway",70,NA,"Not a Pedestrian","Not a Pedestrian",443616,435523,"E01011297",3,"Not at junction or within 20 metres","Daylight","Fine no high winds","Dry","Car occupant"
"7270","2016133AQ0911",2016-10-26,2016,"Oct",26,"15:14",15,14,"Wednesday","Slight",3,"Slight","Car occupant","Passenger","Female",31,"Motorway","Dual carriageway",70,NA,"Not a Pedestrian","Not a Pedestrian",443616,435523,"E01011297",3,"Not at junction or within 20 metres","Daylight","Fine no high winds","Dry","Car occupant"
"7271","2016133AQ0911",2016-10-26,2016,"Oct",26,"15:14",15,14,"Wednesday","Slight",3,"Slight","Car occupant","Passenger","Female",13,"Motorway","Dual carriageway",70,NA,"Not a Pedestrian","Not a Pedestrian",443616,435523,"E01011297",3,"Not at junction or within 20 metres","Daylight","Fine no high winds","Dry","Car occupant"
"7272","2016133AQ1580",2016-10-26,2016,"Oct",26,"17:00",17,0,"Wednesday","Slight",1,"Slight","Car occupant","Driver or rider","Female",40,"A","Dual carriageway",30,NA,"Not a Pedestrian","Not a Pedestrian",420965,434367,"E01011595",2,"Not at junction or within 20 metres","Daylight","Fine no high winds","Dry","Car occupant"
"7273","2016133AQ1178",2016-10-26,2016,"Oct",26,"17:10",17,10,"Wednesday","Slight",1,"Slight","Pedestrian","Pedestrian","Female",21,"Unclassified","Single carriageway",30,NA,"In carriageway, not crossing","In carriageway, stationary - not crossing  (standing or playing)",429255,435644,"E01011668",1,"Not at junction or within 20 metres","Daylight","Fine no high winds","Dry","Pedestrian"
"7274","2016133AQ1464",2016-10-26,2016,"Oct",26,"17:55",17,55,"Wednesday","Slight",1,"Slight","Bus or coach occupant (17 or more pass seats)","Passenger","Female",68,"Unclassified","Single carriageway",30,NA,"Not a Pedestrian","Not a Pedestrian",436173,434517,"E01011408",2,"Not at junction or within 20 metres","Daylight","Fine no high winds","Dry","Bus and goods vehicle occupant"
"7275","2016133AQ1413",2016-10-26,2016,"Oct",26,"18:50",18,50,"Wednesday","Slight",1,"Slight","Car occupant","Driver or rider","Female",29,"Unclassified","Single carriageway",30,NA,"Not a Pedestrian","Not a Pedestrian",431253,437843,"E01011504",1,"Not at junction or within 20 metres","Darkness - lighting unknown","Unknown","Dry","Car occupant"
"7276","2016133AS0532",2016-10-27,2016,"Oct",27,"12:00",12,0,"Thursday","Slight",1,"Slight","Car occupant","Driver or rider","Male",39,"Unclassified","Single carriageway",30,NA,"Not a Pedestrian","Not a Pedestrian",431002,435795,"E01011359",2,"Not at junction or within 20 metres","Daylight","Fine no high winds","Dry","Car occupant"
"7277","2016133AR1122",2016-10-27,2016,"Oct",27,"16:35",16,35,"Thursday","Slight",1,"Slight","Cyclist","Driver or rider","Male",53,"Unclassified","Single carriageway",30,"Unclassified","Not a Pedestrian","Not a Pedestrian",429826,432960,"E01033016",2,"T or staggered junction","Daylight","Fine no high winds","Dry","Cyclist"
"7278","2016133AR1181",2016-10-27,2016,"Oct",27,"17:00",17,0,"Thursday","Slight",1,"Slight","Motorcycle over 500cc rider or passenger","Driver or rider","Male",52,"Unclassified","Single carriageway",30,"Unclassified","Not a Pedestrian","Not a Pedestrian",427519,433839,"E01011284",2,"T or staggered junction","Daylight","Fine no high winds","Dry","Motorcyclist and pillion"
"7279","2016133AR1229",2016-10-27,2016,"Oct",27,"17:30",17,30,"Thursday","Slight",1,"Slight","Car occupant","Driver or rider","Male",61,"Motorway","Dual carriageway",70,NA,"Not a Pedestrian","Not a Pedestrian",431624,426417,"E01011499",2,"Not at junction or within 20 metres","Darkness - lights lit","Fine no high winds","Dry","Car occupant"