"","accident_index","date","year","month","day","time","time_hour","time_minute","day_of_week","accident_severity","number_of_casualties","casualty_severity","casualty_type","casualty_class","sex_of_casualty","age_of_casualty","first_road_class","road_type","speed_limit","second_road_class","pedestrian_location","pedestrian_movement","location_easting_osgr","location_northing_osgr","lsoa_of_accident_location","number_of_vehicles","junction_detail","light_conditions","weather_conditions","road_surface_conditions","cas_type"
"7280","2016133AR1956",2016-10-27,2016,"Oct",27,"23:35",23,35,"Thursday","Slight",3,"Slight","Car occupant","Driver or rider","Female",22,"Unclassified","Single carriageway",30,"Unclassified","Not a Pedestrian","Not a Pedestrian",428044,435069,"E01011446",2,"T or staggered junction","Darkness - lights lit","Fine no high winds","Dry","Car occupant"
"7281","2016133AR1956",2016-10-27,2016,"Oct",27,"23:35",23,35,"Thursday","Slight",3,"Slight","Car occupant","Driver or rider","Male",38,"Unclassified","Single carriageway",30,"Unclassified","Not a Pedestrian","Not a Pedestrian",428044,435069,"E01011446",2,"T or staggered junction","Darkness - lights lit","Fine no high winds","Dry","Car occupant"
"7282","2016133AR1956",2016-10-27,2016,"Oct",27,"23:35",23,35,"Thursday","Slight",3,"Slight","Car occupant","Passenger","Female",19,"Unclassified","Single carriageway",30,"Unclassified","Not a Pedestrian","Not a Pedestrian",428044,435069,"E01011446",2,"T or staggered junction","Darkness - lights lit","Fine no high winds","Dry","Car occupant"
"7283","2016133AS0267",2016-10-28,2016,"Oct",28,"07:08",7,8,"Friday","Slight",1,"Slight","Cyclist","Driver or rider","Male",20,"Unclassified","Single carriageway",30,"Unclassified","Not a Pedestrian","Not a Pedestrian",430784,433454,"E01033011",2,"Crossroads","Darkness - lights lit","Fine no high winds","Dry","Cyclist"
"7284","2016133AS0285",2016-10-28,2016,"Oct",28,"07:30",7,30,"Friday","Slight",1,"Slight","Car occupant","Driver or rider","Female",25,"Unclassified","Single carriageway",60,"Unclassified","Not a Pedestrian","Not a Pedestrian",434619,441231,"E01011713",2,"Crossroads","Darkness - no lighting","Fine no high winds","Dry","Car occupant"
"7285","2016133AS0296",2016-10-28,2016,"Oct",28,"07:35",7,35,"Friday","Slight",1,"Slight","Cyclist","Driver or rider","Male",59,"A","Roundabout",40,"Unclassified","Not a Pedestrian","Not a Pedestrian",427954,430306,"E01011317",2,"Roundabout","Daylight","Fine no high winds","Dry","Cyclist"
"7286","2016133AS1083",2016-10-28,2016,"Oct",28,"16:00",16,0,"Friday","Slight",1,"Slight","Van / Goods vehicle (3.5 tonnes mgw or under) occupant","Driver or rider","Male",25,"Unclassified","Single carriageway",30,"Unclassified","Not a Pedestrian","Not a Pedestrian",424112,434586,"E01011334",4,"T or staggered junction","Daylight","Fine no high winds","Dry","Bus and goods vehicle occupant"
"7287","2016133AS1114",2016-10-28,2016,"Oct",28,"16:10",16,10,"Friday","Slight",1,"Slight","Car occupant","Driver or rider","Female",79,"A","Roundabout",30,"A","Not a Pedestrian","Not a Pedestrian",426835,438058,"E01011685",2,"Roundabout","Daylight","Unknown","Dry","Car occupant"
"7288","2016133AT0612",2016-10-29,2016,"Oct",29,"10:09",10,9,"Saturday","Fatal",1,"Fatal","Pedestrian","Pedestrian","Female",41,"A","Dual carriageway",50,NA,"In carriageway, crossing elsewhere","Crossing from driver's nearside",438888,432555,"E01011402",1,"Not at junction or within 20 metres","Daylight","Fine no high winds","Dry","Pedestrian"
"7289","2016133AT0735",2016-10-29,2016,"Oct",29,"11:30",11,30,"Saturday","Slight",1,"Slight","Pedestrian","Pedestrian","Male",42,"Unclassified","Single carriageway",30,NA,"Unknown or other","Unknown or other",431202,429737,"E01011474",1,"Not at junction or within 20 metres","Daylight","Fine no high winds","Dry","Pedestrian"
"7290","2016133AT0945",2016-10-29,2016,"Oct",29,"13:40",13,40,"Saturday","Slight",1,"Slight","Pedestrian","Pedestrian","Female",21,"Unclassified","One way street",30,"Unclassified","Unknown or other","Crossing from driver's offside",429739,433540,"E01033010",1,"Crossroads","Daylight","Fine no high winds","Dry","Pedestrian"
"7291","2016133AT1230",2016-10-29,2016,"Oct",29,"16:10",16,10,"Saturday","Serious",1,"Serious","Cyclist","Driver or rider","Male",15,"A","Single carriageway",30,"B","Not a Pedestrian","Not a Pedestrian",427726,436479,"E01011694",2,"Crossroads","Daylight","Fine no high winds","Dry","Cyclist"
"7292","2016133AT1477",2016-10-29,2016,"Oct",29,"18:25",18,25,"Saturday","Slight",1,"Slight","Pedestrian","Pedestrian","Male",78,"Unclassified","Single carriageway",30,"Unclassified","Crossing on pedestrian crossing facility","Crossing from driver's nearside",430247,433241,"E01033016",1,"Crossroads","Darkness - lights lit","Fine no high winds","Dry","Pedestrian"
"7293","2016133AT1878",2016-10-29,2016,"Oct",29,"21:50",21,50,"Saturday","Slight",1,"Slight","Car occupant","Driver or rider","Female",46,"Unclassified","Single carriageway",30,"Unclassified","Not a Pedestrian","Not a Pedestrian",429533,439290,"E01011559",2,"T or staggered junction","Darkness - lights lit","Fine no high winds","Dry","Car occupant"
"7294","2016133AU0297",2016-10-30,2016,"Oct",30,"01:40",1,40,"Sunday","Slight",2,"Slight","Taxi/Private hire car occupant","Driver or rider","Male",33,"Unclassified","Single carriageway",30,"Unclassified","Not a Pedestrian","Not a Pedestrian",428098,434518,"E01011481",2,"Crossroads","Darkness - lights lit","Fine no high winds","Dry","Car occupant"
"7295","2016133AU0297",2016-10-30,2016,"Oct",30,"01:40",1,40,"Sunday","Slight",2,"Slight","Taxi/Private hire car occupant","Driver or rider","Male",39,"Unclassified","Single carriageway",30,"Unclassified","Not a Pedestrian","Not a Pedestrian",428098,434518,"E01011481",2,"Crossroads","Darkness - lights lit","Fine no high winds","Dry","Car occupant"
"7296","2016133AU0629",2016-10-30,2016,"Oct",30,"05:35",5,35,"Sunday","Slight",1,"Slight","Car occupant","Driver or rider","Male",23,"A","Single carriageway",40,"Unclassified","Not a Pedestrian","Not a Pedestrian",436470,434065,"E01011408",2,"T or staggered junction","Darkness - lights lit","Fine no high winds","Dry","Car occupant"
"7297","2016133AU0624",2016-10-30,2016,"Oct",30,"07:48",7,48,"Sunday","Slight",2,"Slight","Motorcycle over 125cc and up to 500cc rider or  passenger","Driver or rider","Male",53,"Motorway","Dual carriageway",70,NA,"Not a Pedestrian","Not a Pedestrian",427090,426097,"E01011550",1,"Not at junction or within 20 metres","Daylight","Fine no high winds","Dry","Motorcyclist and pillion"
"7298","2016133AU0624",2016-10-30,2016,"Oct",30,"07:48",7,48,"Sunday","Slight",2,"Slight","Motorcycle over 125cc and up to 500cc rider or  passenger","Passenger","Female",54,"Motorway","Dual carriageway",70,NA,"Not a Pedestrian","Not a Pedestrian",427090,426097,"E01011550",1,"Not at junction or within 20 metres","Daylight","Fine no high winds","Dry","Motorcyclist and pillion"
"7299","2016133AU1390",2016-10-30,2016,"Oct",30,"16:14",16,14,"Sunday","Slight",2,"Slight","Car occupant","Driver or rider","Male",76,"A","Single carriageway",30,"Unclassified","Not a Pedestrian","Not a Pedestrian",420591,440142,"E01011278",2,"T or staggered junction","Daylight","Fine no high winds","Dry","Car occupant"
"7300","2016133AU1390",2016-10-30,2016,"Oct",30,"16:14",16,14,"Sunday","Slight",2,"Slight","Car occupant","Passenger","Female",64,"A","Single carriageway",30,"Unclassified","Not a Pedestrian","Not a Pedestrian",420591,440142,"E01011278",2,"T or staggered junction","Daylight","Fine no high winds","Dry","Car occupant"
"7301","2016133AU1758",2016-10-30,2016,"Oct",30,"18:00",18,0,"Sunday","Slight",2,"Slight","Cyclist","Driver or rider","Male",14,"Unclassified","Single carriageway",30,"Unclassified","Not a Pedestrian","Not a Pedestrian",428837,436575,"E01011691",3,"Crossroads","Darkness - lights lit","Fine no high winds","Dry","Cyclist"
"7302","2016133AU1758",2016-10-30,2016,"Oct",30,"18:00",18,0,"Sunday","Slight",2,"Slight","Cyclist","Driver or rider","Male",14,"Unclassified","Single carriageway",30,"Unclassified","Not a Pedestrian","Not a Pedestrian",428837,436575,"E01011691",3,"Crossroads","Darkness - lights lit","Fine no high winds","Dry","Cyclist"
"7303","2016133AV0382",2016-10-31,2016,"Oct",31,"09:30",9,30,"Monday","Slight",1,"Slight","Pedestrian","Pedestrian","Female",19,"A","Single carriageway",30,NA,"In carriageway, crossing elsewhere","Crossing from driver's offside",429588,434699,"E01033006",1,"Not at junction or within 20 metres","Daylight","Fine no high winds","Dry","Pedestrian"
"7304","2016133AV0551",2016-10-31,2016,"Oct",31,"11:19",11,19,"Monday","Slight",2,"Slight","Car occupant","Driver or rider","Female",29,"A","Dual carriageway",30,"Unclassified","Not a Pedestrian","Not a Pedestrian",436182,434467,"E01011408",2,"Crossroads","Daylight","Fine no high winds","Dry","Car occupant"
"7305","2016133AV0551",2016-10-31,2016,"Oct",31,"11:19",11,19,"Monday","Slight",2,"Slight","Car occupant","Passenger","Male",23,"A","Dual carriageway",30,"Unclassified","Not a Pedestrian","Not a Pedestrian",436182,434467,"E01011408",2,"Crossroads","Daylight","Fine no high winds","Dry","Car occupant"
"7306","2016133AV1403",2016-10-31,2016,"Oct",31,"18:00",18,0,"Monday","Serious",1,"Serious","Pedestrian","Pedestrian","Male",12,"Unclassified","Single carriageway",30,NA,"In carriageway, crossing elsewhere","Crossing from nearside - masked by parked or stationary vehicle",438513,430325,"E01011390",1,"Not at junction or within 20 metres","Darkness - lights lit","Fine no high winds","Dry","Pedestrian"
"7307","2016133AV1506",2016-10-31,2016,"Oct",31,"18:10",18,10,"Monday","Slight",1,"Slight","Pedestrian","Pedestrian","Male",6,"Unclassified","Single carriageway",30,NA,"In carriageway, crossing elsewhere","Crossing from nearside - masked by parked or stationary vehicle",431937,439283,"E01011508",1,"Not at junction or within 20 metres","Darkness - lights lit","Fine no high winds","Dry","Pedestrian"
"7308","2016133B10454",2016-11-01,2016,"Nov",1,"07:45",7,45,"Tuesday","Slight",1,"Slight","Cyclist","Driver or rider","Male",23,"A","Dual carriageway",30,"Unclassified","Not a Pedestrian","Not a Pedestrian",430839,434003,"E01033031",2,"T or staggered junction","Daylight","Fine no high winds","Dry","Cyclist"
"7309","2016133B10350",2016-11-01,2016,"Nov",1,"08:35",8,35,"Tuesday","Slight",1,"Slight","Cyclist","Driver or rider","Male",24,"A","Dual carriageway",30,"Unclassified","Not a Pedestrian","Not a Pedestrian",431909,435733,"E01011428",2,"T or staggered junction","Daylight","Fine no high winds","Dry","Cyclist"
"7310","2016133B11347",2016-11-01,2016,"Nov",1,"23:30",23,30,"Tuesday","Slight",2,"Slight","Taxi/Private hire car occupant","Driver or rider","Male",27,"A","Dual carriageway",40,NA,"Not a Pedestrian","Not a Pedestrian",430236,434413,"E01033002",2,"Not at junction or within 20 metres","Darkness - lights lit","Fine no high winds","Dry","Car occupant"
"7311","2016133B11347",2016-11-01,2016,"Nov",1,"23:30",23,30,"Tuesday","Slight",2,"Slight","Car occupant","Driver or rider","Male",24,"A","Dual carriageway",40,NA,"Not a Pedestrian","Not a Pedestrian",430236,434413,"E01033002",2,"Not at junction or within 20 metres","Darkness - lights lit","Fine no high winds","Dry","Car occupant"
"7312","2016133B20189",2016-11-02,2016,"Nov",2,"07:25",7,25,"Wednesday","Slight",1,"Slight","Car occupant","Driver or rider","Female",62,"Unclassified","Single carriageway",30,NA,"Not a Pedestrian","Not a Pedestrian",430147,437574,"E01011506",2,"Not at junction or within 20 metres","Daylight","Fine no high winds","Wet or damp","Car occupant"
"7313","2016133B20858",2016-11-02,2016,"Nov",2,"14:18",14,18,"Wednesday","Slight",2,"Slight","Car occupant","Driver or rider","Male",22,"A","Dual carriageway",30,"A","Not a Pedestrian","Not a Pedestrian",424151,428163,"E01011523",2,"Roundabout","Daylight","Fine no high winds","Dry","Car occupant"
"7314","2016133B20858",2016-11-02,2016,"Nov",2,"14:18",14,18,"Wednesday","Slight",2,"Slight","Car occupant","Driver or rider","Female",26,"A","Dual carriageway",30,"A","Not a Pedestrian","Not a Pedestrian",424151,428163,"E01011523",2,"Roundabout","Daylight","Fine no high winds","Dry","Car occupant"
"7315","2016133B21094",2016-11-02,2016,"Nov",2,"16:00",16,0,"Wednesday","Slight",1,"Slight","Van / Goods vehicle (3.5 tonnes mgw or under) occupant","Driver or rider","Female",38,"Unclassified","Single carriageway",30,NA,"Not a Pedestrian","Not a Pedestrian",431913,435719,"E01011428",2,"Not at junction or within 20 metres","Darkness - lights lit","Fine no high winds","Dry","Bus and goods vehicle occupant"
"7316","2016133B21115",2016-11-02,2016,"Nov",2,"16:14",16,14,"Wednesday","Slight",2,"Slight","Car occupant","Driver or rider","Male",23,"A","Single carriageway",40,NA,"Not a Pedestrian","Not a Pedestrian",428718,426013,"E01011553",2,"Not at junction or within 20 metres","Daylight","Fine no high winds","Dry","Car occupant"
"7317","2016133B21115",2016-11-02,2016,"Nov",2,"16:14",16,14,"Wednesday","Slight",2,"Slight","Car occupant","Driver or rider","Female",50,"A","Single carriageway",40,NA,"Not a Pedestrian","Not a Pedestrian",428718,426013,"E01011553",2,"Not at junction or within 20 metres","Daylight","Fine no high winds","Dry","Car occupant"
"7318","2016133B21169",2016-11-02,2016,"Nov",2,"16:45",16,45,"Wednesday","Serious",5,"Slight","Car occupant","Driver or rider","Male",31,"Motorway","Dual carriageway",50,NA,"Not a Pedestrian","Not a Pedestrian",429030,431750,"E01011366",5,"Not at junction or within 20 metres","Daylight","Fine no high winds","Dry","Car occupant"
"7319","2016133B21169",2016-11-02,2016,"Nov",2,"16:45",16,45,"Wednesday","Serious",5,"Serious","Car occupant","Driver or rider","Female",36,"Motorway","Dual carriageway",50,NA,"Not a Pedestrian","Not a Pedestrian",429030,431750,"E01011366",5,"Not at junction or within 20 metres","Daylight","Fine no high winds","Dry","Car occupant"
"7320","2016133B21169",2016-11-02,2016,"Nov",2,"16:45",16,45,"Wednesday","Serious",5,"Slight","Car occupant","Driver or rider","Female",30,"Motorway","Dual carriageway",50,NA,"Not a Pedestrian","Not a Pedestrian",429030,431750,"E01011366",5,"Not at junction or within 20 metres","Daylight","Fine no high winds","Dry","Car occupant"
"7321","2016133B21169",2016-11-02,2016,"Nov",2,"16:45",16,45,"Wednesday","Serious",5,"Serious","Car occupant","Passenger","Male",31,"Motorway","Dual carriageway",50,NA,"Not a Pedestrian","Not a Pedestrian",429030,431750,"E01011366",5,"Not at junction or within 20 metres","Daylight","Fine no high winds","Dry","Car occupant"
"7322","2016133B21169",2016-11-02,2016,"Nov",2,"16:45",16,45,"Wednesday","Serious",5,"Slight","Car occupant","Passenger","Male",10,"Motorway","Dual carriageway",50,NA,"Not a Pedestrian","Not a Pedestrian",429030,431750,"E01011366",5,"Not at junction or within 20 metres","Daylight","Fine no high winds","Dry","Car occupant"
"7323","2016133B30883",2016-11-02,2016,"Nov",2,"17:30",17,30,"Wednesday","Slight",1,"Slight","Cyclist","Driver or rider","Male",36,"B","Single carriageway",30,NA,"Not a Pedestrian","Not a Pedestrian",422651,428775,"E01011521",2,"Not at junction or within 20 metres","Darkness - lights lit","Unknown","Dry","Cyclist"
"7324","2016133B21483",2016-11-02,2016,"Nov",2,"19:00",19,0,"Wednesday","Slight",1,"Slight","Cyclist","Driver or rider","Male",39,"A","Single carriageway",30,"Unclassified","Not a Pedestrian","Not a Pedestrian",429788,430628,"E01011322",2,"T or staggered junction","Darkness - lights lit","Fine no high winds","Dry","Cyclist"
"7325","2016133B30341",2016-11-03,2016,"Nov",3,"09:15",9,15,"Thursday","Slight",1,"Slight","Pedestrian","Pedestrian","Male",24,"A","Single carriageway",30,"Unclassified","Crossing on pedestrian crossing facility","Crossing from driver's nearside",431491,435123,"E01011673",1,"T or staggered junction","Daylight","Fine no high winds","Dry","Pedestrian"
"7326","2016133B30392",2016-11-03,2016,"Nov",3,"09:50",9,50,"Thursday","Serious",2,"Slight","Car occupant","Driver or rider","Male",81,"A","Dual carriageway",40,"Unclassified","Not a Pedestrian","Not a Pedestrian",441055,432040,"E01011302",2,"T or staggered junction","Daylight","Fine no high winds","Dry","Car occupant"
"7327","2016133B30392",2016-11-03,2016,"Nov",3,"09:50",9,50,"Thursday","Serious",2,"Serious","Car occupant","Passenger","Female",77,"A","Dual carriageway",40,"Unclassified","Not a Pedestrian","Not a Pedestrian",441055,432040,"E01011302",2,"T or staggered junction","Daylight","Fine no high winds","Dry","Car occupant"
"7328","2016133B30992",2016-11-03,2016,"Nov",3,"15:10",15,10,"Thursday","Slight",1,"Slight","Pedestrian","Pedestrian","Male",13,"Unclassified","Dual carriageway",30,NA,"In carriageway, crossing elsewhere","Crossing from driver's offside",430458,431163,"E01011374",1,"Not at junction or within 20 metres","Daylight","Fine no high winds","Dry","Pedestrian"
"7329","2016133B31024",2016-11-03,2016,"Nov",3,"15:29",15,29,"Thursday","Slight",5,"Slight","Car occupant","Driver or rider","Female",26,"Unclassified","Single carriageway",30,"Unclassified","Not a Pedestrian","Not a Pedestrian",433423,437240,"E01011644",4,"T or staggered junction","Daylight","Fine no high winds","Dry","Car occupant"
"7330","2016133B31024",2016-11-03,2016,"Nov",3,"15:29",15,29,"Thursday","Slight",5,"Slight","Car occupant","Passenger","Male",8,"Unclassified","Single carriageway",30,"Unclassified","Not a Pedestrian","Not a Pedestrian",433423,437240,"E01011644",4,"T or staggered junction","Daylight","Fine no high winds","Dry","Car occupant"
"7331","2016133B31024",2016-11-03,2016,"Nov",3,"15:29",15,29,"Thursday","Slight",5,"Slight","Car occupant","Passenger","Female",6,"Unclassified","Single carriageway",30,"Unclassified","Not a Pedestrian","Not a Pedestrian",433423,437240,"E01011644",4,"T or staggered junction","Daylight","Fine no high winds","Dry","Car occupant"
"7332","2016133B31024",2016-11-03,2016,"Nov",3,"15:29",15,29,"Thursday","Slight",5,"Slight","Car occupant","Driver or rider","Female",46,"Unclassified","Single carriageway",30,"Unclassified","Not a Pedestrian","Not a Pedestrian",433423,437240,"E01011644",4,"T or staggered junction","Daylight","Fine no high winds","Dry","Car occupant"
"7333","2016133B31024",2016-11-03,2016,"Nov",3,"15:29",15,29,"Thursday","Slight",5,"Slight","Car occupant","Driver or rider","Male",62,"Unclassified","Single carriageway",30,"Unclassified","Not a Pedestrian","Not a Pedestrian",433423,437240,"E01011644",4,"T or staggered junction","Daylight","Fine no high winds","Dry","Car occupant"
"7334","2016133B31108",2016-11-03,2016,"Nov",3,"15:30",15,30,"Thursday","Slight",1,"Slight","Pedestrian","Pedestrian","Male",10,"Unclassified","Dual carriageway",20,NA,"Unknown or other","Unknown or other",431724,428501,"E01011502",1,"Not at junction or within 20 metres","Daylight","Raining no high winds","Wet or damp","Pedestrian"
"7335","2016133B31234",2016-11-03,2016,"Nov",3,"16:57",16,57,"Thursday","Slight",1,"Slight","Car occupant","Driver or rider","Female",44,"B","Single carriageway",30,"Unclassified","Not a Pedestrian","Not a Pedestrian",428294,432863,"E01011363",2,"Other junction","Darkness - lights lit","Fine no high winds","Dry","Car occupant"
"7336","2016133B31258",2016-11-03,2016,"Nov",3,"17:10",17,10,"Thursday","Slight",1,"Slight","Motorcycle 125cc and under rider or passenger","Driver or rider","Male",33,"Unclassified","Single carriageway",30,"Unclassified","Not a Pedestrian","Not a Pedestrian",427420,434987,"E01011478",2,"Crossroads","Darkness - lights lit","Fine no high winds","Dry","Motorcyclist and pillion"
"7337","2016133B31302",2016-11-03,2016,"Nov",3,"17:33",17,33,"Thursday","Slight",3,"Slight","Car occupant","Driver or rider","Male",39,"Unclassified","Single carriageway",30,NA,"Not a Pedestrian","Not a Pedestrian",430940,433494,"E01033011",2,"Not at junction or within 20 metres","Darkness - lights lit","Unknown","Wet or damp","Car occupant"
"7338","2016133B31302",2016-11-03,2016,"Nov",3,"17:33",17,33,"Thursday","Slight",3,"Slight","Car occupant","Passenger","Male",7,"Unclassified","Single carriageway",30,NA,"Not a Pedestrian","Not a Pedestrian",430940,433494,"E01033011",2,"Not at junction or within 20 metres","Darkness - lights lit","Unknown","Wet or damp","Car occupant"
"7339","2016133B31302",2016-11-03,2016,"Nov",3,"17:33",17,33,"Thursday","Slight",3,"Slight","Car occupant","Passenger","Male",22,"Unclassified","Single carriageway",30,NA,"Not a Pedestrian","Not a Pedestrian",430940,433494,"E01033011",2,"Not at junction or within 20 metres","Darkness - lights lit","Unknown","Wet or damp","Car occupant"
"7340","2016133B41069",2016-11-04,2016,"Nov",4,"06:10",6,10,"Friday","Slight",1,"Slight","Cyclist","Driver or rider","Male",21,"A","Single carriageway",30,"A","Not a Pedestrian","Not a Pedestrian",426798,426674,"E01011547",2,"Other junction","Darkness - lights lit","Fine no high winds","Dry","Cyclist"
"7341","2016133CD0365",2016-11-04,2016,"Nov",4,"08:45",8,45,"Friday","Slight",1,"Slight","Pedestrian","Pedestrian","Male",9,"Unclassified","Single carriageway",30,NA,"Unknown or other","Unknown or other",420250,434003,"E01011586",1,"Not at junction or within 20 metres","Daylight","Fine no high winds","Dry","Pedestrian"
"7342","2016133B40563",2016-11-04,2016,"Nov",4,"11:40",11,40,"Friday","Slight",1,"Slight","Pedestrian","Pedestrian","Female",54,"Unclassified","Single carriageway",30,NA,"Unknown or other","Crossing from driver's nearside",440773,433630,"E01011396",1,"Not at junction or within 20 metres","Daylight","Fine no high winds","Dry","Pedestrian"
"7343","2016133B41240",2016-11-04,2016,"Nov",4,"17:08",17,8,"Friday","Slight",1,"Slight","Car occupant","Driver or rider","Female",87,"Unclassified","Single carriageway",30,"Unclassified","Not a Pedestrian","Not a Pedestrian",419520,441505,"E01011273",1,"T or staggered junction","Daylight","Unknown","Dry","Car occupant"
"7344","2016133B42162",2016-11-04,2016,"Nov",4,"22:44",22,44,"Friday","Slight",1,"Slight","Car occupant","Driver or rider","Male",23,"A","Single carriageway",30,"Unclassified","Not a Pedestrian","Not a Pedestrian",429941,425134,"E01011537",2,"T or staggered junction","Daylight","Raining no high winds","Wet or damp","Car occupant"
"7345","2016133B42296",2016-11-04,2016,"Nov",4,"23:40",23,40,"Friday","Slight",3,"Slight","Car occupant","Driver or rider","Male",31,"Unclassified","Single carriageway",30,NA,"Not a Pedestrian","Not a Pedestrian",438484,436400,"E01011719",3,"Not at junction or within 20 metres","Darkness - lights lit","Fine no high winds","Dry","Car occupant"
"7346","2016133B42296",2016-11-04,2016,"Nov",4,"23:40",23,40,"Friday","Slight",3,"Slight","Car occupant","Driver or rider","Male",39,"Unclassified","Single carriageway",30,NA,"Not a Pedestrian","Not a Pedestrian",438484,436400,"E01011719",3,"Not at junction or within 20 metres","Darkness - lights lit","Fine no high winds","Dry","Car occupant"
"7347","2016133B42296",2016-11-04,2016,"Nov",4,"23:40",23,40,"Friday","Slight",3,"Slight","Car occupant","Passenger","Female",32,"Unclassified","Single carriageway",30,NA,"Not a Pedestrian","Not a Pedestrian",438484,436400,"E01011719",3,"Not at junction or within 20 metres","Darkness - lights lit","Fine no high winds","Dry","Car occupant"
"7348","2016133B50364",2016-11-05,2016,"Nov",5,"06:42",6,42,"Saturday","Slight",1,"Slight","Motorcycle 125cc and under rider or passenger","Driver or rider","Male",22,"A","Dual carriageway",60,"Unclassified","Not a Pedestrian","Not a Pedestrian",436029,435907,"E01011724",2,"T or staggered junction","Darkness - lights lit","Unknown","Dry","Motorcyclist and pillion"
"7349","2016133B50951",2016-11-05,2016,"Nov",5,"14:30",14,30,"Saturday","Serious",1,"Serious","Pedestrian","Pedestrian","Female",52,"A","Dual carriageway",40,"Unclassified","Crossing on pedestrian crossing facility","Crossing from driver's offside",430975,440089,"E01011557",1,"T or staggered junction","Daylight","Fine no high winds","Dry","Pedestrian"
"7350","2016133B51014",2016-11-05,2016,"Nov",5,"15:05",15,5,"Saturday","Slight",1,"Slight","Cyclist","Driver or rider","Male",71,"A","Single carriageway",40,"Unclassified","Not a Pedestrian","Not a Pedestrian",425162,429001,"E01011522",2,"Crossroads","Daylight","Unknown","Dry","Cyclist"
"7351","2016133B51148",2016-11-05,2016,"Nov",5,"16:15",16,15,"Saturday","Slight",1,"Slight","Pedestrian","Pedestrian","Male",51,"Unclassified","Single carriageway",30,"Unclassified","In carriageway, crossing elsewhere","Crossing from driver's nearside",427015,433112,"E01011292",1,"T or staggered junction","Daylight","Fine + high winds","Dry","Pedestrian"
"7352","2016133B71247",2016-11-05,2016,"Nov",5,"18:00",18,0,"Saturday","Slight",2,"Slight","Car occupant","Driver or rider","Male",24,"Unclassified","Unknown",20,NA,"Not a Pedestrian","Not a Pedestrian",428700,437062,"E01011691",2,"Not at junction or within 20 metres","Darkness - lights lit","Fine no high winds","Dry","Car occupant"
"7353","2016133B71247",2016-11-05,2016,"Nov",5,"18:00",18,0,"Saturday","Slight",2,"Slight","Car occupant","Passenger","Female",51,"Unclassified","Unknown",20,NA,"Not a Pedestrian","Not a Pedestrian",428700,437062,"E01011691",2,"Not at junction or within 20 metres","Darkness - lights lit","Fine no high winds","Dry","Car occupant"
"7354","2016133B51456",2016-11-05,2016,"Nov",5,"18:40",18,40,"Saturday","Slight",1,"Slight","Pedestrian","Pedestrian","Female",14,"Unclassified","Single carriageway",30,NA,"In carriageway, not crossing","Unknown or other",444010,433772,"E01011297",1,"Not at junction or within 20 metres","Darkness - lights lit","Fine + high winds","Dry","Pedestrian"
"7355","2016133B51465",2016-11-05,2016,"Nov",5,"18:47",18,47,"Saturday","Serious",1,"Serious","Pedestrian","Pedestrian","Female",20,"A","Single carriageway",30,"Unclassified","On footway or verge","Unknown or other",429308,435027,"E01033005",1,"T or staggered junction","Darkness - lights lit","Unknown","Dry","Pedestrian"
"7356","2016133B60653",2016-11-06,2016,"Nov",6,"10:40",10,40,"Sunday","Slight",1,"Slight","Motorcycle 50cc and under rider or passenger","Driver or rider","Male",17,"A","Single carriageway",30,NA,"Not a Pedestrian","Not a Pedestrian",435294,428484,"E01011627",2,"Not at junction or within 20 metres","Daylight","Fine no high winds","Wet or damp","Motorcyclist and pillion"
"7357","2016133B60634",2016-11-06,2016,"Nov",6,"11:16",11,16,"Sunday","Slight",1,"Slight","Cyclist","Driver or rider","Male",21,"Unclassified","One way street",30,NA,"Not a Pedestrian","Not a Pedestrian",430062,433712,"E01033010",2,"Not at junction or within 20 metres","Daylight","Fine no high winds","Dry","Cyclist"
"7358","2016133B60786",2016-11-06,2016,"Nov",6,"13:05",13,5,"Sunday","Slight",1,"Slight","Cyclist","Driver or rider","Male",42,"Unclassified","Roundabout",30,"A","Not a Pedestrian","Not a Pedestrian",428756,432720,"E01033013",2,"Roundabout","Daylight","Raining no high winds","Wet or damp","Cyclist"
"7359","2016133B60860",2016-11-06,2016,"Nov",6,"13:45",13,45,"Sunday","Slight",1,"Slight","Pedestrian","Pedestrian","Female",82,"B","Single carriageway",30,"B","In carriageway, crossing elsewhere","Crossing from driver's nearside",421480,434420,"E01011587",1,"T or staggered junction","Daylight","Fine no high winds","Dry","Pedestrian"
"7360","2016133B61607",2016-11-06,2016,"Nov",6,"21:15",21,15,"Sunday","Slight",2,"Slight","Car occupant","Passenger","Female",20,"Unclassified","Single carriageway",30,"Unclassified","Not a Pedestrian","Not a Pedestrian",431139,434296,"E01033031",2,"Crossroads","Darkness - lights lit","Raining no high winds","Wet or damp","Car occupant"
"7361","2016133B61607",2016-11-06,2016,"Nov",6,"21:15",21,15,"Sunday","Slight",2,"Slight","Car occupant","Passenger","Male",30,"Unclassified","Single carriageway",30,"Unclassified","Not a Pedestrian","Not a Pedestrian",431139,434296,"E01033031",2,"Crossroads","Darkness - lights lit","Raining no high winds","Wet or damp","Car occupant"
"7362","2016133B70167",2016-11-07,2016,"Nov",7,"07:25",7,25,"Monday","Slight",1,"Slight","Car occupant","Driver or rider","Female",48,"Unclassified","Single carriageway",30,"Unclassified","Not a Pedestrian","Not a Pedestrian",431077,430359,"E01011472",2,"Crossroads","Daylight","Fine no high winds","Wet or damp","Car occupant"
"7363","2016133B70768",2016-11-07,2016,"Nov",7,"14:11",14,11,"Monday","Slight",1,"Slight","Car occupant","Driver or rider","Male",40,"Unclassified","Single carriageway",30,NA,"Not a Pedestrian","Not a Pedestrian",431317,429063,"E01011475",3,"Not at junction or within 20 metres","Daylight","Fine no high winds","Dry","Car occupant"