"","accident_index","date","year","month","day","time","time_hour","time_minute","day_of_week","accident_severity","number_of_casualties","casualty_severity","casualty_type","casualty_class","sex_of_casualty","age_of_casualty","first_road_class","road_type","speed_limit","second_road_class","pedestrian_location","pedestrian_movement","location_easting_osgr","location_northing_osgr","lsoa_of_accident_location","number_of_vehicles","junction_detail","light_conditions","weather_conditions","road_surface_conditions","cas_type"
"7364","2016133B71304",2016-11-07,2016,"Nov",7,"18:30",18,30,"Monday","Slight",1,"Slight","Bus or coach occupant (17 or more pass seats)","Passenger","Female",53,"Unclassified","Single carriageway",30,"Unclassified","Not a Pedestrian","Not a Pedestrian",431752,434601,"E01011677",2,"T or staggered junction","Darkness - lights lit","Fine no high winds","Wet or damp","Bus and goods vehicle occupant"
"7365","2016133B71577",2016-11-07,2016,"Nov",7,"20:50",20,50,"Monday","Slight",1,"Slight","Pedestrian","Pedestrian","Female",21,"A","Single carriageway",30,"Unclassified","Crossing on pedestrian crossing facility","Crossing from driver's nearside",427845,436278,"E01011440",1,"Other junction","Darkness - lights lit","Fine no high winds","Wet or damp","Pedestrian"
"7366","2016133B80261",2016-11-08,2016,"Nov",8,"08:26",8,26,"Tuesday","Slight",1,"Slight","Pedestrian","Pedestrian","Female",15,"Unclassified","Single carriageway",30,"Unclassified","In carriageway, crossing elsewhere","Crossing from driver's nearside",433045,435647,"E01011424",1,"T or staggered junction","Daylight","Fine no high winds","Dry","Pedestrian"
"7367","2016133B80400",2016-11-08,2016,"Nov",8,"10:35",10,35,"Tuesday","Serious",1,"Serious","Cyclist","Driver or rider","Male",23,"Unclassified","Single carriageway",30,"Unclassified","Not a Pedestrian","Not a Pedestrian",429203,434166,"E01011678",2,"T or staggered junction","Daylight","Fine no high winds","Dry","Cyclist"
"7368","2016133B90682",2016-11-09,2016,"Nov",9,"13:10",13,10,"Wednesday","Slight",1,"Slight","Goods vehicle (7.5 tonnes mgw and over) occupant","Driver or rider","Male",61,"A","Single carriageway",60,NA,"Not a Pedestrian","Not a Pedestrian",444754,431575,"E01011299",2,"Not at junction or within 20 metres","Daylight","Snowing no high winds","Wet or damp","Bus and goods vehicle occupant"
"7369","2016133B91785",2016-11-09,2016,"Nov",9,"22:00",22,0,"Wednesday","Slight",1,"Slight","Car occupant","Driver or rider","Male",21,"Unclassified","Single carriageway",30,"B","Not a Pedestrian","Not a Pedestrian",426006,435581,"E01011477",2,"Crossroads","Darkness - lights lit","Unknown","Snow","Car occupant"
"7370","2016133BA0141",2016-11-10,2016,"Nov",10,"06:30",6,30,"Thursday","Slight",1,"Slight","Car occupant","Driver or rider","Female",56,"Motorway","Dual carriageway",70,NA,"Not a Pedestrian","Not a Pedestrian",434335,430251,"E01011624",2,"Not at junction or within 20 metres","Daylight","Raining no high winds","Wet or damp","Car occupant"
"7371","2016133BA1417",2016-11-10,2016,"Nov",10,"19:34",19,34,"Thursday","Serious",1,"Serious","Motorcycle 50cc and under rider or passenger","Driver or rider","Male",25,"Unclassified","Single carriageway",30,"Unclassified","Not a Pedestrian","Not a Pedestrian",429267,430600,"E01011313",2,"Crossroads","Darkness - lights lit","Fine no high winds","Dry","Motorcyclist and pillion"
"7372","2016133BB0187",2016-11-11,2016,"Nov",11,"06:43",6,43,"Friday","Slight",3,"Slight","Car occupant","Passenger","Female",53,"B","Single carriageway",30,"B","Not a Pedestrian","Not a Pedestrian",425635,433081,"E01011725",2,"T or staggered junction","Darkness - lights lit","Fine no high winds","Dry","Car occupant"
"7373","2016133BB0187",2016-11-11,2016,"Nov",11,"06:43",6,43,"Friday","Slight",3,"Slight","Car occupant","Passenger","Female",35,"B","Single carriageway",30,"B","Not a Pedestrian","Not a Pedestrian",425635,433081,"E01011725",2,"T or staggered junction","Darkness - lights lit","Fine no high winds","Dry","Car occupant"
"7374","2016133BB0187",2016-11-11,2016,"Nov",11,"06:43",6,43,"Friday","Slight",3,"Slight","Car occupant","Driver or rider","Male",22,"B","Single carriageway",30,"B","Not a Pedestrian","Not a Pedestrian",425635,433081,"E01011725",2,"T or staggered junction","Darkness - lights lit","Fine no high winds","Dry","Car occupant"
"7375","2016133BB0447",2016-11-11,2016,"Nov",11,"10:30",10,30,"Friday","Slight",1,"Slight","Van / Goods vehicle (3.5 tonnes mgw or under) occupant","Passenger","Male",32,"Unclassified","Dual carriageway",30,"Unclassified","Not a Pedestrian","Not a Pedestrian",430869,434149,"E01033031",2,"Private drive or entrance","Daylight","Fine no high winds","Dry","Bus and goods vehicle occupant"
"7376","2016133BB0675",2016-11-11,2016,"Nov",11,"12:30",12,30,"Friday","Slight",1,"Slight","Motorcycle 50cc and under rider or passenger","Driver or rider","Female",32,"Unclassified","Single carriageway",30,"Unclassified","Not a Pedestrian","Not a Pedestrian",428876,430996,"E01011370",2,"T or staggered junction","Daylight","Fine no high winds","Dry","Motorcyclist and pillion"
"7377","2016133BB0901",2016-11-11,2016,"Nov",11,"14:31",14,31,"Friday","Serious",1,"Serious","Motorcycle over 500cc rider or passenger","Driver or rider","Male",32,"Unclassified","Single carriageway",60,NA,"Not a Pedestrian","Not a Pedestrian",438710,436418,"E01011719",2,"Not at junction or within 20 metres","Daylight","Raining no high winds","Wet or damp","Motorcyclist and pillion"
"7378","2016133BB1024",2016-11-11,2016,"Nov",11,"15:00",15,0,"Friday","Slight",1,"Slight","Cyclist","Driver or rider","Male",47,"Unclassified","Single carriageway",30,NA,"Not a Pedestrian","Not a Pedestrian",435333,437202,"E01011657",2,"Not at junction or within 20 metres","Daylight","Unknown","Dry","Cyclist"
"7379","2016133BB1305",2016-11-11,2016,"Nov",11,"17:25",17,25,"Friday","Slight",2,"Slight","Car occupant","Driver or rider","Female",21,"A","Roundabout",50,"Motorway","Not a Pedestrian","Not a Pedestrian",431965,430322,"E01011469",2,"Roundabout","Darkness - lights lit","Fine no high winds","Dry","Car occupant"
"7380","2016133BB1305",2016-11-11,2016,"Nov",11,"17:25",17,25,"Friday","Slight",2,"Slight","Car occupant","Passenger","Female",20,"A","Roundabout",50,"Motorway","Not a Pedestrian","Not a Pedestrian",431965,430322,"E01011469",2,"Roundabout","Darkness - lights lit","Fine no high winds","Dry","Car occupant"
"7381","2016133BB1460",2016-11-11,2016,"Nov",11,"18:45",18,45,"Friday","Slight",4,"Slight","Car occupant","Driver or rider","Male",40,"A","Single carriageway",40,"Unclassified","Not a Pedestrian","Not a Pedestrian",428534,429913,"E01011321",2,"T or staggered junction","Darkness - lights lit","Fine no high winds","Dry","Car occupant"
"7382","2016133BB1460",2016-11-11,2016,"Nov",11,"18:45",18,45,"Friday","Slight",4,"Slight","Car occupant","Passenger","Female",32,"A","Single carriageway",40,"Unclassified","Not a Pedestrian","Not a Pedestrian",428534,429913,"E01011321",2,"T or staggered junction","Darkness - lights lit","Fine no high winds","Dry","Car occupant"
"7383","2016133BB1460",2016-11-11,2016,"Nov",11,"18:45",18,45,"Friday","Slight",4,"Slight","Car occupant","Passenger","Female",22,"A","Single carriageway",40,"Unclassified","Not a Pedestrian","Not a Pedestrian",428534,429913,"E01011321",2,"T or staggered junction","Darkness - lights lit","Fine no high winds","Dry","Car occupant"
"7384","2016133BB1460",2016-11-11,2016,"Nov",11,"18:45",18,45,"Friday","Slight",4,"Slight","Car occupant","Passenger","Female",11,"A","Single carriageway",40,"Unclassified","Not a Pedestrian","Not a Pedestrian",428534,429913,"E01011321",2,"T or staggered junction","Darkness - lights lit","Fine no high winds","Dry","Car occupant"
"7385","2016133BB1532",2016-11-11,2016,"Nov",11,"19:05",19,5,"Friday","Slight",2,"Slight","Car occupant","Driver or rider","Male",27,"B","Roundabout",40,"A","Not a Pedestrian","Not a Pedestrian",428504,433188,"E01011363",2,"Roundabout","Darkness - lights lit","Fine no high winds","Dry","Car occupant"
"7386","2016133BB1532",2016-11-11,2016,"Nov",11,"19:05",19,5,"Friday","Slight",2,"Slight","Car occupant","Passenger","Female",22,"B","Roundabout",40,"A","Not a Pedestrian","Not a Pedestrian",428504,433188,"E01011363",2,"Roundabout","Darkness - lights lit","Fine no high winds","Dry","Car occupant"
"7387","2016133BC0497",2016-11-12,2016,"Nov",12,"10:12",10,12,"Saturday","Slight",2,"Slight","Car occupant","Driver or rider","Male",18,"Unclassified","Single carriageway",40,NA,"Not a Pedestrian","Not a Pedestrian",421579,441918,"E01011269",1,"Not at junction or within 20 metres","Daylight","Unknown","Wet or damp","Car occupant"
"7388","2016133BC0497",2016-11-12,2016,"Nov",12,"10:12",10,12,"Saturday","Slight",2,"Slight","Car occupant","Passenger","Male",16,"Unclassified","Single carriageway",40,NA,"Not a Pedestrian","Not a Pedestrian",421579,441918,"E01011269",1,"Not at junction or within 20 metres","Daylight","Unknown","Wet or damp","Car occupant"
"7389","2016133BC0124",2016-11-12,2016,"Nov",12,"20:00",20,0,"Saturday","Slight",2,"Slight","Car occupant","Driver or rider","Female",23,"A","Dual carriageway",30,"Motorway","Not a Pedestrian","Not a Pedestrian",434922,431248,"E01011624",2,"Roundabout","Darkness - lights lit","Fine no high winds","Wet or damp","Car occupant"
"7390","2016133BC0124",2016-11-12,2016,"Nov",12,"20:00",20,0,"Saturday","Slight",2,"Slight","Car occupant","Passenger","Female",20,"A","Dual carriageway",30,"Motorway","Not a Pedestrian","Not a Pedestrian",434922,431248,"E01011624",2,"Roundabout","Darkness - lights lit","Fine no high winds","Wet or damp","Car occupant"
"7391","2016133BC1523",2016-11-12,2016,"Nov",12,"20:15",20,15,"Saturday","Serious",1,"Serious","Car occupant","Passenger","Male",12,"Unclassified","Single carriageway",30,NA,"Not a Pedestrian","Not a Pedestrian",426322,428490,"E01011525",2,"Not at junction or within 20 metres","Darkness - lights lit","Fine no high winds","Dry","Car occupant"
"7392","2016133BD0024",2016-11-13,2016,"Nov",13,"00:15",0,15,"Sunday","Slight",1,"Slight","Car occupant","Driver or rider","Female",40,"Motorway","Dual carriageway",70,NA,"Not a Pedestrian","Not a Pedestrian",435336,425916,"E01011636",2,"Not at junction or within 20 metres","Darkness - no lighting","Fine no high winds","Dry","Car occupant"
"7393","2016133BD0722",2016-11-13,2016,"Nov",13,"12:45",12,45,"Sunday","Slight",1,"Slight","Motorcycle over 500cc rider or passenger","Driver or rider","Male",56,"Unclassified","Dual carriageway",30,"Unclassified","Not a Pedestrian","Not a Pedestrian",435542,438369,"E01011714",2,"Crossroads","Daylight","Fine no high winds","Dry","Motorcyclist and pillion"
"7394","2016133BC0971",2016-11-13,2016,"Nov",13,"15:10",15,10,"Sunday","Serious",1,"Serious","Pedestrian","Pedestrian","Female",30,"Unclassified","Single carriageway",20,"Unclassified","Crossing elsewhere within 50m. of pedestrian crossing","Crossing from driver's nearside",430369,433487,"E01033010",1,"Crossroads","Daylight","Fine no high winds","Dry","Pedestrian"
"7395","2016133BD1198",2016-11-13,2016,"Nov",13,"16:49",16,49,"Sunday","Slight",1,"Slight","Car occupant","Driver or rider","Male",58,"A","Single carriageway",60,NA,"Not a Pedestrian","Not a Pedestrian",421615,428453,"E01011527",2,"Not at junction or within 20 metres","Darkness - lights lit","Fine no high winds","Dry","Car occupant"
"7396","2016133BD1355",2016-11-13,2016,"Nov",13,"18:09",18,9,"Sunday","Slight",1,"Slight","Pedestrian","Pedestrian","Male",31,"Unclassified","Single carriageway",30,NA,"In carriageway, crossing elsewhere","Unknown or other",429354,435427,"E01011670",1,"Not at junction or within 20 metres","Darkness - lights lit","Unknown","Dry","Pedestrian"
"7397","2016133BE0900",2016-11-14,2016,"Nov",14,"15:09",15,9,"Monday","Slight",1,"Slight","Car occupant","Driver or rider","Male",35,"A","Single carriageway",60,"A","Not a Pedestrian","Not a Pedestrian",421539,428486,"E01011527",2,"Roundabout","Daylight","Fine no high winds","Wet or damp","Car occupant"
"7398","2016133BE1121",2016-11-14,2016,"Nov",14,"16:50",16,50,"Monday","Slight",1,"Slight","Cyclist","Driver or rider","Male",58,"A","Dual carriageway",40,"Unclassified","Not a Pedestrian","Not a Pedestrian",427310,431077,"E01011318",2,"T or staggered junction","Darkness - lights lit","Fine no high winds","Dry","Cyclist"
"7399","2016133BE1843",2016-11-14,2016,"Nov",14,"23:25",23,25,"Monday","Fatal",2,"Serious","Car occupant","Driver or rider","Male",22,"A","Single carriageway",30,"Unclassified","Not a Pedestrian","Not a Pedestrian",427490,434585,"E01011482",3,"T or staggered junction","Darkness - lights lit","Fine no high winds","Wet or damp","Car occupant"
"7400","2016133BE1843",2016-11-14,2016,"Nov",14,"23:25",23,25,"Monday","Fatal",2,"Fatal","Cyclist","Driver or rider","Male",33,"A","Single carriageway",30,"Unclassified","Not a Pedestrian","Not a Pedestrian",427490,434585,"E01011482",3,"T or staggered junction","Darkness - lights lit","Fine no high winds","Wet or damp","Cyclist"
"7401","2016133BF0231",2016-11-15,2016,"Nov",15,"07:20",7,20,"Tuesday","Serious",1,"Serious","Pedestrian","Pedestrian","Female",14,"Unclassified","Single carriageway",30,"Unclassified","Crossing elsewhere within 50m. of pedestrian crossing","Crossing from driver's offside",427701,434723,"E01011482",1,"Crossroads","Daylight","Fine no high winds","Dry","Pedestrian"
"7402","2016133BF0214",2016-11-15,2016,"Nov",15,"08:40",8,40,"Tuesday","Slight",1,"Slight","Motorcycle 125cc and under rider or passenger","Driver or rider","Male",31,"A","Roundabout",30,"Unclassified","Not a Pedestrian","Not a Pedestrian",428429,428746,"E01011493",2,"Roundabout","Daylight","Fine no high winds","Wet or damp","Motorcyclist and pillion"
"7403","2016133BF0359",2016-11-15,2016,"Nov",15,"09:32",9,32,"Tuesday","Slight",1,"Slight","Pedestrian","Pedestrian","Male",19,"Unclassified","One way street",30,NA,"In carriageway, crossing elsewhere","Crossing from driver's offside",429307,436104,"E01011450",1,"Not at junction or within 20 metres","Daylight","Fine no high winds","Wet or damp","Pedestrian"
"7404","2016133BF0864",2016-11-15,2016,"Nov",15,"14:58",14,58,"Tuesday","Slight",1,"Slight","Cyclist","Driver or rider","Male",44,"Unclassified","Single carriageway",30,"Unclassified","Not a Pedestrian","Not a Pedestrian",431017,428491,"E01011466",2,"Crossroads","Daylight","Unknown","Dry","Cyclist"
"7405","2016133BH1399",2016-11-15,2016,"Nov",15,"19:50",19,50,"Tuesday","Slight",1,"Slight","Car occupant","Driver or rider","Female",57,"B","Single carriageway",30,"Unclassified","Not a Pedestrian","Not a Pedestrian",427401,435807,"E01032945",2,"Private drive or entrance","Darkness - lights lit","Raining no high winds","Wet or damp","Car occupant"
"7406","2016133BG0496",2016-11-16,2016,"Nov",16,"10:57",10,57,"Wednesday","Slight",2,"Slight","Car occupant","Passenger","Female",25,"A","Single carriageway",40,"Unclassified","Not a Pedestrian","Not a Pedestrian",429908,430801,"E01011312",2,"Other junction","Daylight","Raining no high winds","Wet or damp","Car occupant"
"7407","2016133BG0496",2016-11-16,2016,"Nov",16,"10:57",10,57,"Wednesday","Slight",2,"Slight","Car occupant","Passenger","Female",80,"A","Single carriageway",40,"Unclassified","Not a Pedestrian","Not a Pedestrian",429908,430801,"E01011312",2,"Other junction","Daylight","Raining no high winds","Wet or damp","Car occupant"
"7408","2016133B61565",2016-11-16,2016,"Nov",16,"15:40",15,40,"Wednesday","Slight",1,"Slight","Cyclist","Driver or rider","Male",25,"A","Single carriageway",30,"Unclassified","Not a Pedestrian","Not a Pedestrian",440487,433554,"E01011400",2,"T or staggered junction","Daylight","Fine no high winds","Dry","Cyclist"
"7409","2016133BG1281",2016-11-16,2016,"Nov",16,"18:10",18,10,"Wednesday","Slight",2,"Slight","Car occupant","Driver or rider","Female",34,"A(M)","Dual carriageway",70,NA,"Not a Pedestrian","Not a Pedestrian",443088,440868,"E01011712",4,"Not at junction or within 20 metres","Darkness - no lighting","Fine no high winds","Dry","Car occupant"
"7410","2016133BG1281",2016-11-16,2016,"Nov",16,"18:10",18,10,"Wednesday","Slight",2,"Slight","Car occupant","Driver or rider","Female",25,"A(M)","Dual carriageway",70,NA,"Not a Pedestrian","Not a Pedestrian",443088,440868,"E01011712",4,"Not at junction or within 20 metres","Darkness - no lighting","Fine no high winds","Dry","Car occupant"
"7411","2016133BG1629",2016-11-16,2016,"Nov",16,"21:15",21,15,"Wednesday","Serious",1,"Serious","Motorcycle 125cc and under rider or passenger","Driver or rider","Male",44,"Unclassified","Single carriageway",30,"Unclassified","Not a Pedestrian","Not a Pedestrian",431755,427744,"E01011490",2,"T or staggered junction","Darkness - lights lit","Fine no high winds","Wet or damp","Motorcyclist and pillion"
"7412","2016133BH0150",2016-11-17,2016,"Nov",17,"05:00",5,0,"Thursday","Slight",1,"Slight","Cyclist","Driver or rider","Male",39,"Unclassified","Single carriageway",30,"Unclassified","Not a Pedestrian","Not a Pedestrian",427746,430065,"E01011317",2,"T or staggered junction","Darkness - lights lit","Raining no high winds","Wet or damp","Cyclist"
"7413","2016133BH0189",2016-11-17,2016,"Nov",17,"06:51",6,51,"Thursday","Slight",2,"Slight","Car occupant","Driver or rider","Female",32,"Motorway","Dual carriageway",70,NA,"Not a Pedestrian","Not a Pedestrian",437718,425303,"E01011636",10,"Not at junction or within 20 metres","Darkness - no lighting","Fine no high winds","Dry","Car occupant"
"7414","2016133BH0189",2016-11-17,2016,"Nov",17,"06:51",6,51,"Thursday","Slight",2,"Slight","Car occupant","Driver or rider","Male",44,"Motorway","Dual carriageway",70,NA,"Not a Pedestrian","Not a Pedestrian",437718,425303,"E01011636",10,"Not at junction or within 20 metres","Darkness - no lighting","Fine no high winds","Dry","Car occupant"
"7415","2016133BH1227",2016-11-17,2016,"Nov",17,"08:15",8,15,"Thursday","Slight",1,"Slight","Pedestrian","Pedestrian","Female",28,"Unclassified","Single carriageway",30,NA,"Crossing on pedestrian crossing facility","Crossing from driver's nearside",430965,433433,"E01033033",1,"Not at junction or within 20 metres","Daylight","Fine no high winds","Dry","Pedestrian"
"7416","2016133BH0260",2016-11-17,2016,"Nov",17,"08:20",8,20,"Thursday","Slight",1,"Slight","Cyclist","Driver or rider","Male",14,"Unclassified","Single carriageway",30,NA,"Not a Pedestrian","Not a Pedestrian",429929,438749,"E01011510",2,"Not at junction or within 20 metres","Daylight","Fine no high winds","Wet or damp","Cyclist"
"7417","2016133BH0287",2016-11-17,2016,"Nov",17,"08:45",8,45,"Thursday","Slight",1,"Slight","Car occupant","Driver or rider","Female",54,"Unclassified","Single carriageway",30,NA,"Not a Pedestrian","Not a Pedestrian",439474,426147,"E01011395",2,"Not at junction or within 20 metres","Daylight","Fine no high winds","Dry","Car occupant"
"7418","2016133BH1121",2016-11-17,2016,"Nov",17,"17:19",17,19,"Thursday","Serious",1,"Serious","Pedestrian","Pedestrian","Female",27,"Unclassified","Single carriageway",30,"Unclassified","Crossing on pedestrian crossing facility","Crossing from driver's offside",429098,435485,"E01011668",1,"T or staggered junction","Darkness - lights lit","Raining + high winds","Wet or damp","Pedestrian"
"7419","2016133BH1171",2016-11-17,2016,"Nov",17,"17:40",17,40,"Thursday","Slight",2,"Slight","Pedestrian","Pedestrian","Female",46,"Unclassified","Single carriageway",30,NA,"Crossing on pedestrian crossing facility","Crossing from driver's nearside",429277,433992,"E01011678",1,"Not at junction or within 20 metres","Darkness - lights lit","Raining no high winds","Wet or damp","Pedestrian"
"7420","2016133BH1171",2016-11-17,2016,"Nov",17,"17:40",17,40,"Thursday","Slight",2,"Slight","Pedestrian","Pedestrian","Female",45,"Unclassified","Single carriageway",30,NA,"Crossing on pedestrian crossing facility","Crossing from driver's nearside",429277,433992,"E01011678",1,"Not at junction or within 20 metres","Darkness - lights lit","Raining no high winds","Wet or damp","Pedestrian"
"7421","2016133BI1116",2016-11-17,2016,"Nov",17,"17:40",17,40,"Thursday","Slight",1,"Slight","Pedestrian","Pedestrian","Female",48,"Unclassified","One way street",30,NA,"Crossing on pedestrian crossing facility","Crossing from driver's nearside",430368,433926,"E01033010",1,"Not at junction or within 20 metres","Daylight","Fine no high winds","Dry","Pedestrian"
"7422","2016133BH1313",2016-11-17,2016,"Nov",17,"19:00",19,0,"Thursday","Slight",1,"Slight","Cyclist","Driver or rider","Male",28,"A","Single carriageway",30,"Unclassified","Not a Pedestrian","Not a Pedestrian",428583,435670,"E01032946",2,"T or staggered junction","Darkness - lights lit","Raining no high winds","Wet or damp","Cyclist"
"7423","2016133BK0866",2016-11-18,2016,"Nov",18,"08:00",8,0,"Friday","Slight",1,"Slight","Cyclist","Driver or rider","Female",31,"Unclassified","Single carriageway",30,"Unclassified","Not a Pedestrian","Not a Pedestrian",430647,436613,"E01011352",2,"T or staggered junction","Daylight","Fine no high winds","Wet or damp","Cyclist"
"7424","2016133BI0482",2016-11-18,2016,"Nov",18,"11:00",11,0,"Friday","Slight",1,"Slight","Car occupant","Driver or rider","Female",31,"Unclassified","Single carriageway",30,"Unclassified","Not a Pedestrian","Not a Pedestrian",429213,438668,"E01011559",2,"Crossroads","Daylight","Snowing no high winds","Wet or damp","Car occupant"
"7425","2016133BI0582",2016-11-18,2016,"Nov",18,"12:00",12,0,"Friday","Slight",1,"Slight","Car occupant","Driver or rider","Female",50,"Unclassified","Single carriageway",40,"A","Not a Pedestrian","Not a Pedestrian",423891,434285,"E01011287",2,"Mini-roundabout","Daylight","Fine no high winds","Wet or damp","Car occupant"
"7426","2016133BI0879",2016-11-18,2016,"Nov",18,"14:50",14,50,"Friday","Slight",1,"Slight","Car occupant","Driver or rider","Male",20,"A","Roundabout",30,"A","Not a Pedestrian","Not a Pedestrian",434778,438016,"E01011650",2,"Roundabout","Daylight","Fine no high winds","Dry","Car occupant"
"7427","2016133BI1032",2016-11-18,2016,"Nov",18,"16:14",16,14,"Friday","Slight",1,"Slight","Motorcycle 125cc and under rider or passenger","Driver or rider","Male",24,"Unclassified","Single carriageway",30,NA,"Not a Pedestrian","Not a Pedestrian",432678,437954,"E01011655",2,"Not at junction or within 20 metres","Darkness - lights lit","Raining no high winds","Wet or damp","Motorcyclist and pillion"
"7428","2016133BI1257",2016-11-18,2016,"Nov",18,"17:00",17,0,"Friday","Slight",1,"Slight","Pedestrian","Pedestrian","Female",46,"A","Single carriageway",30,"Unclassified","In carriageway, crossing elsewhere","Crossing from driver's offside",419608,445156,"E01011571",1,"T or staggered junction","Darkness - lights lit","Raining no high winds","Wet or damp","Pedestrian"
"7429","2016133BI1135",2016-11-18,2016,"Nov",18,"17:10",17,10,"Friday","Slight",1,"Slight","Cyclist","Driver or rider","Male",60,"Unclassified","Single carriageway",30,NA,"Not a Pedestrian","Not a Pedestrian",434444,427966,"E01011633",2,"Not at junction or within 20 metres","Darkness - lights lit","Raining no high winds","Wet or damp","Cyclist"
"7430","2016133BI1344",2016-11-18,2016,"Nov",18,"19:05",19,5,"Friday","Serious",1,"Serious","Pedestrian","Pedestrian","Male",14,"A","Dual carriageway",30,"A","In carriageway, crossing elsewhere","Crossing from driver's offside",424228,428288,"E01011523",1,"Roundabout","Darkness - lights lit","Raining no high winds","Wet or damp","Pedestrian"
"7431","2016133BJ0486",2016-11-19,2016,"Nov",19,"11:00",11,0,"Saturday","Slight",1,"Slight","Car occupant","Driver or rider","Female",41,"A","Dual carriageway",40,NA,"Not a Pedestrian","Not a Pedestrian",428925,433412,"E01033015",3,"Not at junction or within 20 metres","Daylight","Fine no high winds","Wet or damp","Car occupant"
"7432","2016133BJ0491",2016-11-19,2016,"Nov",19,"11:10",11,10,"Saturday","Slight",1,"Slight","Pedestrian","Pedestrian","Male",20,"A","Single carriageway",30,NA,"In carriageway, crossing elsewhere","Crossing from offside - masked by  parked or stationary vehicle",442682,426423,"E01011299",1,"Not at junction or within 20 metres","Daylight","Fine no high winds","Wet or damp","Pedestrian"
"7433","2016133BJ0594",2016-11-19,2016,"Nov",19,"12:30",12,30,"Saturday","Slight",1,"Slight","Car occupant","Driver or rider","Male",28,"A","Single carriageway",60,NA,"Not a Pedestrian","Not a Pedestrian",428030,431100,"E01011369",3,"Not at junction or within 20 metres","Daylight","Raining no high winds","Wet or damp","Car occupant"
"7434","2016133BJ0741",2016-11-19,2016,"Nov",19,"13:50",13,50,"Saturday","Slight",3,"Slight","Car occupant","Driver or rider","Female",44,"Unclassified","Single carriageway",30,"Unclassified","Not a Pedestrian","Not a Pedestrian",431592,439586,"E01011568",2,"T or staggered junction","Daylight","Raining no high winds","Wet or damp","Car occupant"
"7435","2016133BJ0741",2016-11-19,2016,"Nov",19,"13:50",13,50,"Saturday","Slight",3,"Slight","Car occupant","Driver or rider","Male",90,"Unclassified","Single carriageway",30,"Unclassified","Not a Pedestrian","Not a Pedestrian",431592,439586,"E01011568",2,"T or staggered junction","Daylight","Raining no high winds","Wet or damp","Car occupant"
"7436","2016133BJ0741",2016-11-19,2016,"Nov",19,"13:50",13,50,"Saturday","Slight",3,"Slight","Car occupant","Passenger","Female",84,"Unclassified","Single carriageway",30,"Unclassified","Not a Pedestrian","Not a Pedestrian",431592,439586,"E01011568",2,"T or staggered junction","Daylight","Raining no high winds","Wet or damp","Car occupant"
"7437","2016133BJ0893",2016-11-19,2016,"Nov",19,"14:10",14,10,"Saturday","Slight",1,"Slight","Pedestrian","Pedestrian","Male",18,"Unclassified","Single carriageway",30,NA,"In carriageway, crossing elsewhere","Crossing from driver's nearside",430113,434139,"E01033010",1,"Not at junction or within 20 metres","Daylight","Fine no high winds","Dry","Pedestrian"
"7438","2016133BJ1702",2016-11-19,2016,"Nov",19,"22:53",22,53,"Saturday","Slight",1,"Slight","Pedestrian","Pedestrian","Female",79,"Unclassified","One way street",30,NA,"On footway or verge","Unknown or other",430144,433201,"E01033016",1,"Not at junction or within 20 metres","Darkness - lights lit","Raining no high winds","Wet or damp","Pedestrian"
"7439","2016133BK0718",2016-11-20,2016,"Nov",20,"12:15",12,15,"Sunday","Serious",1,"Serious","Motorcycle 125cc and under rider or passenger","Driver or rider","Male",27,"Unclassified","Single carriageway",30,"Unclassified","Not a Pedestrian","Not a Pedestrian",430306,427711,"E01011492",2,"Crossroads","Daylight","Fine no high winds","Wet or damp","Motorcyclist and pillion"
"7440","2016133BK0798",2016-11-20,2016,"Nov",20,"18:15",18,15,"Sunday","Slight",2,"Slight","Car occupant","Driver or rider","Male",35,"Unclassified","Single carriageway",30,"A","Not a Pedestrian","Not a Pedestrian",430773,433449,"E01033011",2,"Crossroads","Darkness - lights lit","Other","Wet or damp","Car occupant"
"7441","2016133BK0798",2016-11-20,2016,"Nov",20,"18:15",18,15,"Sunday","Slight",2,"Slight","Car occupant","Passenger","Female",48,"Unclassified","Single carriageway",30,"A","Not a Pedestrian","Not a Pedestrian",430773,433449,"E01033011",2,"Crossroads","Darkness - lights lit","Other","Wet or damp","Car occupant"
"7442","2016133BM0826",2016-11-20,2016,"Nov",20,"18:30",18,30,"Sunday","Slight",2,"Slight","Pedestrian","Pedestrian","Male",26,"Unclassified","Single carriageway",30,"Unclassified","In carriageway, crossing elsewhere","Crossing from driver's offside",426648,433498,"E01032607",1,"Crossroads","Darkness - lights lit","Fine no high winds","Dry","Pedestrian"
"7443","2016133BM0826",2016-11-20,2016,"Nov",20,"18:30",18,30,"Sunday","Slight",2,"Slight","Pedestrian","Pedestrian","Female",32,"Unclassified","Single carriageway",30,"Unclassified","In carriageway, crossing elsewhere","Crossing from driver's offside",426648,433498,"E01032607",1,"Crossroads","Darkness - lights lit","Fine no high winds","Dry","Pedestrian"
"7444","2016133BL0635",2016-11-21,2016,"Nov",21,"12:35",12,35,"Monday","Slight",1,"Slight","Car occupant","Driver or rider","Female",28,"A","Roundabout",30,"Unclassified","Not a Pedestrian","Not a Pedestrian",436030,434885,"E01011666",2,"Roundabout","Daylight","Raining no high winds","Wet or damp","Car occupant"