"","accident_index","date","year","month","day","time","time_hour","time_minute","day_of_week","accident_severity","number_of_casualties","casualty_severity","casualty_type","casualty_class","sex_of_casualty","age_of_casualty","first_road_class","road_type","speed_limit","second_road_class","pedestrian_location","pedestrian_movement","location_easting_osgr","location_northing_osgr","lsoa_of_accident_location","number_of_vehicles","junction_detail","light_conditions","weather_conditions","road_surface_conditions","cas_type"
"7445","2016133BL1023",2016-11-21,2016,"Nov",21,"16:23",16,23,"Monday","Slight",1,"Slight","Pedestrian","Pedestrian","Female",19,"Unclassified","Single carriageway",30,NA,"Crossing on pedestrian crossing facility","Crossing from driver's nearside",429243,433900,"E01011678",1,"Not at junction or within 20 metres","Darkness - lights lit","Raining no high winds","Wet or damp","Pedestrian"
"7446","2016133BL1064",2016-11-21,2016,"Nov",21,"16:40",16,40,"Monday","Slight",1,"Slight","Pedestrian","Pedestrian","Female",27,"Unclassified","Single carriageway",30,"Unclassified","In carriageway, crossing elsewhere","Crossing from driver's nearside",431045,430367,"E01011472",1,"T or staggered junction","Darkness - lights lit","Raining + high winds","Wet or damp","Pedestrian"
"7447","2016133BL1111",2016-11-21,2016,"Nov",21,"17:30",17,30,"Monday","Slight",1,"Slight","Pedestrian","Pedestrian","Male",79,"Unclassified","Single carriageway",30,"Unclassified","In carriageway, crossing elsewhere","Unknown or other",442050,445324,"E01011709",1,"T or staggered junction","Daylight","Fine no high winds","Dry","Pedestrian"
"7448","2016133BL1320",2016-11-21,2016,"Nov",21,"18:30",18,30,"Monday","Slight",1,"Slight","Pedestrian","Pedestrian","Male",36,"Unclassified","One way street",30,NA,"In carriageway, crossing elsewhere","Crossing from driver's nearside",430694,434544,"E01033003",1,"Not at junction or within 20 metres","Darkness - lights lit","Raining + high winds","Wet or damp","Pedestrian"
"7449","2016133BM0042",2016-11-22,2016,"Nov",22,"00:57",0,57,"Tuesday","Slight",2,"Slight","Car occupant","Driver or rider","Male",18,"A","Single carriageway",30,NA,"Not a Pedestrian","Not a Pedestrian",420481,440298,"E01011278",1,"Not at junction or within 20 metres","Darkness - lights lit","Fine no high winds","Wet or damp","Car occupant"
"7450","2016133BM0042",2016-11-22,2016,"Nov",22,"00:57",0,57,"Tuesday","Slight",2,"Slight","Car occupant","Passenger","Male",19,"A","Single carriageway",30,NA,"Not a Pedestrian","Not a Pedestrian",420481,440298,"E01011278",1,"Not at junction or within 20 metres","Darkness - lights lit","Fine no high winds","Wet or damp","Car occupant"
"7451","2016133BM0223",2016-11-22,2016,"Nov",22,"07:35",7,35,"Tuesday","Serious",1,"Serious","Taxi/Private hire car occupant","Passenger","Female",52,"Unclassified","Single carriageway",30,"Unclassified","Not a Pedestrian","Not a Pedestrian",425829,432180,"E01011735",2,"T or staggered junction","Daylight","Fine no high winds","Wet or damp","Car occupant"
"7452","2016133BM0872",2016-11-22,2016,"Nov",22,"14:58",14,58,"Tuesday","Slight",2,"Slight","Pedestrian","Pedestrian","Female",15,"Unclassified","Single carriageway",20,NA,"On footway or verge","Unknown or other",418935,441819,"E01011265",3,"Not at junction or within 20 metres","Daylight","Fine no high winds","Wet or damp","Pedestrian"
"7453","2016133BM0872",2016-11-22,2016,"Nov",22,"14:58",14,58,"Tuesday","Slight",2,"Slight","Pedestrian","Pedestrian","Female",16,"Unclassified","Single carriageway",20,NA,"On footway or verge","Unknown or other",418935,441819,"E01011265",3,"Not at junction or within 20 metres","Daylight","Fine no high winds","Wet or damp","Pedestrian"
"7454","2016133BM0985",2016-11-22,2016,"Nov",22,"15:45",15,45,"Tuesday","Serious",1,"Serious","Pedestrian","Pedestrian","Female",81,"A","Single carriageway",30,"Unclassified","On footway or verge","Unknown or other",420014,445437,"E01011569",1,"Private drive or entrance","Daylight","Fine no high winds","Dry","Pedestrian"
"7455","2016133BM1064",2016-11-22,2016,"Nov",22,"16:30",16,30,"Tuesday","Serious",1,"Serious","Pedestrian","Pedestrian","Female",49,"Unclassified","Single carriageway",30,"Unclassified","In carriageway, crossing elsewhere","Crossing from driver's nearside",426990,433440,"E01011293",1,"T or staggered junction","Darkness - lights lit","Raining no high winds","Wet or damp","Pedestrian"
"7456","2016133BM1134",2016-11-22,2016,"Nov",22,"17:00",17,0,"Tuesday","Slight",1,"Slight","Car occupant","Driver or rider","Female",50,"A","Single carriageway",30,"Unclassified","Not a Pedestrian","Not a Pedestrian",426289,435591,"E01011488",3,"Crossroads","Darkness - lights lit","Raining no high winds","Wet or damp","Car occupant"
"7457","2016133BM1243",2016-11-22,2016,"Nov",22,"17:55",17,55,"Tuesday","Slight",1,"Slight","Car occupant","Driver or rider","Male",63,"B","Single carriageway",60,NA,"Not a Pedestrian","Not a Pedestrian",442482,435031,"E01011297",1,"Not at junction or within 20 metres","Darkness - no lighting","Fine no high winds","Wet or damp","Car occupant"
"7458","2016133BM1255",2016-11-22,2016,"Nov",22,"18:00",18,0,"Tuesday","Slight",3,"Slight","Car occupant","Driver or rider","Male",19,"A(M)","Dual carriageway",70,"A(M)","Not a Pedestrian","Not a Pedestrian",443324,438915,"E01011309",2,"Slip road","Darkness - lights lit","Fine no high winds","Wet or damp","Car occupant"
"7459","2016133BM1255",2016-11-22,2016,"Nov",22,"18:00",18,0,"Tuesday","Slight",3,"Slight","Car occupant","Driver or rider","Male",31,"A(M)","Dual carriageway",70,"A(M)","Not a Pedestrian","Not a Pedestrian",443324,438915,"E01011309",2,"Slip road","Darkness - lights lit","Fine no high winds","Wet or damp","Car occupant"
"7460","2016133BM1255",2016-11-22,2016,"Nov",22,"18:00",18,0,"Tuesday","Slight",3,"Slight","Car occupant","Passenger","Female",30,"A(M)","Dual carriageway",70,"A(M)","Not a Pedestrian","Not a Pedestrian",443324,438915,"E01011309",2,"Slip road","Darkness - lights lit","Fine no high winds","Wet or damp","Car occupant"
"7461","2016133BM1321",2016-11-22,2016,"Nov",22,"18:30",18,30,"Tuesday","Slight",1,"Slight","Motorcycle 125cc and under rider or passenger","Driver or rider","Male",21,"Unclassified","Single carriageway",30,"Unclassified","Not a Pedestrian","Not a Pedestrian",427081,433503,"E01011293",2,"T or staggered junction","Darkness - lights lit","Raining no high winds","Wet or damp","Motorcyclist and pillion"
"7462","2016133BM1335",2016-11-22,2016,"Nov",22,"18:35",18,35,"Tuesday","Slight",2,"Slight","Taxi/Private hire car occupant","Driver or rider","Male",33,"Unclassified","Single carriageway",30,"Unclassified","Not a Pedestrian","Not a Pedestrian",431318,434910,"E01011673",2,"T or staggered junction","Darkness - lights lit","Raining + high winds","Wet or damp","Car occupant"
"7463","2016133BM1335",2016-11-22,2016,"Nov",22,"18:35",18,35,"Tuesday","Slight",2,"Slight","Motorcycle over 500cc rider or passenger","Driver or rider","Male",39,"Unclassified","Single carriageway",30,"Unclassified","Not a Pedestrian","Not a Pedestrian",431318,434910,"E01011673",2,"T or staggered junction","Darkness - lights lit","Raining + high winds","Wet or damp","Motorcyclist and pillion"
"7464","2016133BM1428",2016-11-22,2016,"Nov",22,"19:40",19,40,"Tuesday","Slight",3,"Slight","Car occupant","Driver or rider","Male",21,"Unclassified","Single carriageway",30,"Unclassified","Not a Pedestrian","Not a Pedestrian",432025,438850,"E01011652",2,"T or staggered junction","Darkness - lights lit","Fine no high winds","Wet or damp","Car occupant"
"7465","2016133BM1428",2016-11-22,2016,"Nov",22,"19:40",19,40,"Tuesday","Slight",3,"Slight","Car occupant","Passenger","Male",22,"Unclassified","Single carriageway",30,"Unclassified","Not a Pedestrian","Not a Pedestrian",432025,438850,"E01011652",2,"T or staggered junction","Darkness - lights lit","Fine no high winds","Wet or damp","Car occupant"
"7466","2016133BM1428",2016-11-22,2016,"Nov",22,"19:40",19,40,"Tuesday","Slight",3,"Slight","Car occupant","Driver or rider","Male",67,"Unclassified","Single carriageway",30,"Unclassified","Not a Pedestrian","Not a Pedestrian",432025,438850,"E01011652",2,"T or staggered junction","Darkness - lights lit","Fine no high winds","Wet or damp","Car occupant"
"7467","2016133BM1725",2016-11-22,2016,"Nov",22,"22:35",22,35,"Tuesday","Serious",1,"Serious","Pedestrian","Pedestrian","Male",81,"Unclassified","Single carriageway",30,"Unclassified","In carriageway, crossing elsewhere","Crossing from driver's nearside",424676,434994,"E01011336",1,"T or staggered junction","Darkness - lights lit","Raining no high winds","Wet or damp","Pedestrian"
"7468","2016133BN1149",2016-11-23,2016,"Nov",23,"16:30",16,30,"Wednesday","Slight",2,"Slight","Van / Goods vehicle (3.5 tonnes mgw or under) occupant","Driver or rider","Male",35,"A","Dual carriageway",40,"Motorway","Not a Pedestrian","Not a Pedestrian",424102,428132,"E01011529",2,"T or staggered junction","Darkness - lights lit","Fine no high winds","Dry","Bus and goods vehicle occupant"
"7469","2016133BN1149",2016-11-23,2016,"Nov",23,"16:30",16,30,"Wednesday","Slight",2,"Slight","Car occupant","Driver or rider","Male",48,"A","Dual carriageway",40,"Motorway","Not a Pedestrian","Not a Pedestrian",424102,428132,"E01011529",2,"T or staggered junction","Darkness - lights lit","Fine no high winds","Dry","Car occupant"
"7470","2016133BN1725",2016-11-23,2016,"Nov",23,"18:50",18,50,"Wednesday","Slight",1,"Slight","Motorcycle 125cc and under rider or passenger","Driver or rider","Male",18,"Unclassified","Single carriageway",30,"Unclassified","Not a Pedestrian","Not a Pedestrian",431620,437088,"E01011641",2,"Other junction","Darkness - lights lit","Fine no high winds","Dry","Motorcyclist and pillion"
"7471","2016133BN1494",2016-11-23,2016,"Nov",23,"19:30",19,30,"Wednesday","Slight",1,"Slight","Car occupant","Driver or rider","Female",28,"A","Single carriageway",30,"Unclassified","Not a Pedestrian","Not a Pedestrian",421166,440434,"E01011276",2,"Crossroads","Darkness - lights lit","Fine no high winds","Dry","Car occupant"
"7472","2016133BO0511",2016-11-24,2016,"Nov",24,"11:05",11,5,"Thursday","Slight",1,"Slight","Car occupant","Driver or rider","Female",82,"Unclassified","Single carriageway",30,"Unclassified","Not a Pedestrian","Not a Pedestrian",430559,428397,"E01032498",2,"T or staggered junction","Daylight","Fine no high winds","Dry","Car occupant"
"7473","2016133BO0619",2016-11-24,2016,"Nov",24,"12:05",12,5,"Thursday","Serious",2,"Slight","Car occupant","Driver or rider","Female",69,"A(M)","Dual carriageway",70,NA,"Not a Pedestrian","Not a Pedestrian",443464,438521,"E01011309",1,"Not at junction or within 20 metres","Daylight","Fine no high winds","Dry","Car occupant"
"7474","2016133BO0619",2016-11-24,2016,"Nov",24,"12:05",12,5,"Thursday","Serious",2,"Serious","Car occupant","Passenger","Male",75,"A(M)","Dual carriageway",70,NA,"Not a Pedestrian","Not a Pedestrian",443464,438521,"E01011309",1,"Not at junction or within 20 metres","Daylight","Fine no high winds","Dry","Car occupant"
"7475","2016133BO0666",2016-11-24,2016,"Nov",24,"12:25",12,25,"Thursday","Serious",3,"Serious","Car occupant","Driver or rider","Female",29,"Motorway","Dual carriageway",70,NA,"Not a Pedestrian","Not a Pedestrian",434944,425886,"E01011636",3,"Not at junction or within 20 metres","Daylight","Fine no high winds","Dry","Car occupant"
"7476","2016133BO0666",2016-11-24,2016,"Nov",24,"12:25",12,25,"Thursday","Serious",3,"Slight","Car occupant","Passenger","Female",53,"Motorway","Dual carriageway",70,NA,"Not a Pedestrian","Not a Pedestrian",434944,425886,"E01011636",3,"Not at junction or within 20 metres","Daylight","Fine no high winds","Dry","Car occupant"
"7477","2016133BO0666",2016-11-24,2016,"Nov",24,"12:25",12,25,"Thursday","Serious",3,"Serious","Motorcycle over 125cc and up to 500cc rider or  passenger","Driver or rider","Male",59,"Motorway","Dual carriageway",70,NA,"Not a Pedestrian","Not a Pedestrian",434944,425886,"E01011636",3,"Not at junction or within 20 metres","Daylight","Fine no high winds","Dry","Motorcyclist and pillion"
"7478","2016133BO1351",2016-11-24,2016,"Nov",24,"18:10",18,10,"Thursday","Slight",1,"Slight","Motorcycle over 500cc rider or passenger","Driver or rider","Male",40,"Unclassified","Single carriageway",30,"Unclassified","Not a Pedestrian","Not a Pedestrian",436564,435582,"E01011406",2,"Crossroads","Darkness - lights lit","Fine no high winds","Wet or damp","Motorcyclist and pillion"
"7479","2016133BP0227",2016-11-25,2016,"Nov",25,"07:00",7,0,"Friday","Slight",2,"Slight","Car occupant","Driver or rider","Male",50,"Unclassified","Single carriageway",60,NA,"Not a Pedestrian","Not a Pedestrian",429115,423538,"E01011536",2,"Not at junction or within 20 metres","Darkness - no lighting","Fine no high winds","Dry","Car occupant"
"7480","2016133BP0227",2016-11-25,2016,"Nov",25,"07:00",7,0,"Friday","Slight",2,"Slight","Car occupant","Driver or rider","Female",36,"Unclassified","Single carriageway",60,NA,"Not a Pedestrian","Not a Pedestrian",429115,423538,"E01011536",2,"Not at junction or within 20 metres","Darkness - no lighting","Fine no high winds","Dry","Car occupant"
"7481","2016133BP1040",2016-11-25,2016,"Nov",25,"10:39",10,39,"Friday","Slight",2,"Slight","Car occupant","Driver or rider","Female",45,"A","One way street",60,"A","Not a Pedestrian","Not a Pedestrian",431230,445729,"E01011561",2,"T or staggered junction","Daylight","Fine no high winds","Wet or damp","Car occupant"
"7482","2016133BP1040",2016-11-25,2016,"Nov",25,"10:39",10,39,"Friday","Slight",2,"Slight","Car occupant","Driver or rider","Male",43,"A","One way street",60,"A","Not a Pedestrian","Not a Pedestrian",431230,445729,"E01011561",2,"T or staggered junction","Daylight","Fine no high winds","Wet or damp","Car occupant"
"7483","2016133BP1128",2016-11-25,2016,"Nov",25,"16:33",16,33,"Friday","Slight",3,"Slight","Car occupant","Driver or rider","Female",76,"A","Dual carriageway",40,"Unclassified","Not a Pedestrian","Not a Pedestrian",427739,425804,"E01011548",2,"Crossroads","Darkness - lights lit","Fine no high winds","Dry","Car occupant"
"7484","2016133BP1128",2016-11-25,2016,"Nov",25,"16:33",16,33,"Friday","Slight",3,"Slight","Car occupant","Passenger","Female",71,"A","Dual carriageway",40,"Unclassified","Not a Pedestrian","Not a Pedestrian",427739,425804,"E01011548",2,"Crossroads","Darkness - lights lit","Fine no high winds","Dry","Car occupant"
"7485","2016133BP1128",2016-11-25,2016,"Nov",25,"16:33",16,33,"Friday","Slight",3,"Slight","Car occupant","Driver or rider","Male",23,"A","Dual carriageway",40,"Unclassified","Not a Pedestrian","Not a Pedestrian",427739,425804,"E01011548",2,"Crossroads","Darkness - lights lit","Fine no high winds","Dry","Car occupant"
"7486","2016133BP1354",2016-11-25,2016,"Nov",25,"18:15",18,15,"Friday","Slight",1,"Slight","Car occupant","Passenger","Male",3,"A","Single carriageway",30,"Unclassified","Not a Pedestrian","Not a Pedestrian",437198,444242,"E01011713",2,"T or staggered junction","Darkness - lights lit","Fine no high winds","Dry","Car occupant"
"7487","2016133BP1369",2016-11-25,2016,"Nov",25,"18:20",18,20,"Friday","Serious",2,"Serious","Pedestrian","Pedestrian","Male",15,"A","Single carriageway",60,NA,"In carriageway, crossing elsewhere","Crossing from driver's nearside",423071,427971,"E01011529",1,"Not at junction or within 20 metres","Darkness - lights lit","Raining no high winds","Dry","Pedestrian"
"7488","2016133BP1369",2016-11-25,2016,"Nov",25,"18:20",18,20,"Friday","Serious",2,"Slight","Car occupant","Driver or rider","Female",34,"A","Single carriageway",60,NA,"Not a Pedestrian","Not a Pedestrian",423071,427971,"E01011529",1,"Not at junction or within 20 metres","Darkness - lights lit","Raining no high winds","Dry","Car occupant"
"7489","2016133BQ0874",2016-11-26,2016,"Nov",26,"13:40",13,40,"Saturday","Slight",1,"Slight","Cyclist","Driver or rider","Male",50,"Unclassified","Single carriageway",60,NA,"Not a Pedestrian","Not a Pedestrian",423161,442801,"E01032503",2,"Not at junction or within 20 metres","Daylight","Fine no high winds","Wet or damp","Cyclist"
"7490","2016133BQ0961",2016-11-26,2016,"Nov",26,"14:36",14,36,"Saturday","Serious",1,"Serious","Pedestrian","Pedestrian","Male",25,"A","Dual carriageway",30,NA,"In carriageway, crossing elsewhere","Crossing from driver's nearside",429785,430612,"E01011316",1,"Not at junction or within 20 metres","Daylight","Fine no high winds","Dry","Pedestrian"
"7491","2016133BQ1709",2016-11-26,2016,"Nov",26,"20:45",20,45,"Saturday","Slight",2,"Slight","Car occupant","Passenger","Male",36,"A","Dual carriageway",40,"Unclassified","Not a Pedestrian","Not a Pedestrian",429092,429970,"E01011320",2,"Other junction","Darkness - lights lit","Fine no high winds","Wet or damp","Car occupant"
"7492","2016133BQ1709",2016-11-26,2016,"Nov",26,"20:45",20,45,"Saturday","Slight",2,"Slight","Car occupant","Passenger","Female",25,"A","Dual carriageway",40,"Unclassified","Not a Pedestrian","Not a Pedestrian",429092,429970,"E01011320",2,"Other junction","Darkness - lights lit","Fine no high winds","Wet or damp","Car occupant"
"7493","2016133BQ1977",2016-11-26,2016,"Nov",26,"23:40",23,40,"Saturday","Slight",1,"Slight","Pedestrian","Pedestrian","Male",19,"Unclassified","Single carriageway",30,"Unclassified","In carriageway, not crossing","Unknown or other",430638,434240,"E01033002",1,"T or staggered junction","Darkness - lights lit","Fine no high winds","Wet or damp","Pedestrian"
"7494","2016133BR0698",2016-11-27,2016,"Nov",27,"12:05",12,5,"Sunday","Slight",1,"Slight","Bus or coach occupant (17 or more pass seats)","Passenger","Female",22,"Unclassified","Single carriageway",30,"Unclassified","Not a Pedestrian","Not a Pedestrian",429707,439017,"E01011558",2,"T or staggered junction","Daylight","Fine no high winds","Dry","Bus and goods vehicle occupant"
"7495","2016133BS0240",2016-11-28,2016,"Nov",28,"08:05",8,5,"Monday","Slight",1,"Slight","Pedestrian","Pedestrian","Male",12,"Unclassified","Single carriageway",20,NA,"In carriageway, crossing elsewhere","Crossing from driver's offside",431777,435872,"E01011426",1,"Not at junction or within 20 metres","Daylight","Fine no high winds","Dry","Pedestrian"
"7496","2016133BS0594",2016-11-28,2016,"Nov",28,"11:25",11,25,"Monday","Slight",1,"Slight","Bus or coach occupant (17 or more pass seats)","Passenger","Male",16,"Unclassified","Single carriageway",30,NA,"Not a Pedestrian","Not a Pedestrian",436355,433759,"E01011414",1,"Not at junction or within 20 metres","Daylight","Fine no high winds","Dry","Bus and goods vehicle occupant"
"7497","2016133BS0604",2016-11-28,2016,"Nov",28,"12:04",12,4,"Monday","Slight",1,"Slight","Pedestrian","Pedestrian","Male",22,"A","Dual carriageway",40,NA,"On refuge, central island or central reservation","Crossing from driver's offside",427404,431410,"E01011318",1,"Not at junction or within 20 metres","Daylight","Fine no high winds","Dry","Pedestrian"
"7498","2016133BS0556",2016-11-28,2016,"Nov",28,"12:05",12,5,"Monday","Slight",3,"Slight","Car occupant","Passenger","Male",20,"Unclassified","Single carriageway",50,NA,"Not a Pedestrian","Not a Pedestrian",424123,431724,"E01011728",4,"Not at junction or within 20 metres","Daylight","Fine no high winds","Dry","Car occupant"
"7499","2016133BS0556",2016-11-28,2016,"Nov",28,"12:05",12,5,"Monday","Slight",3,"Slight","Car occupant","Driver or rider","Male",22,"Unclassified","Single carriageway",50,NA,"Not a Pedestrian","Not a Pedestrian",424123,431724,"E01011728",4,"Not at junction or within 20 metres","Daylight","Fine no high winds","Dry","Car occupant"
"7500","2016133BS0556",2016-11-28,2016,"Nov",28,"12:05",12,5,"Monday","Slight",3,"Slight","Car occupant","Driver or rider","Male",32,"Unclassified","Single carriageway",50,NA,"Not a Pedestrian","Not a Pedestrian",424123,431724,"E01011728",4,"Not at junction or within 20 metres","Daylight","Fine no high winds","Dry","Car occupant"
"7501","2016133BS1179",2016-11-28,2016,"Nov",28,"16:55",16,55,"Monday","Slight",1,"Slight","Pedestrian","Pedestrian","Female",12,"Unclassified","Dual carriageway",40,"A","Crossing on pedestrian crossing facility","Crossing from driver's nearside",436086,434786,"E01011345",1,"Roundabout","Darkness - lights lit","Fine no high winds","Wet or damp","Pedestrian"
"7502","2016133BT0210",2016-11-28,2016,"Nov",28,"17:07",17,7,"Monday","Slight",1,"Slight","Car occupant","Driver or rider","Female",31,"A","Dual carriageway",50,"Unclassified","Not a Pedestrian","Not a Pedestrian",438467,432693,"E01011402",3,"Slip road","Darkness - lights lit","Fine no high winds","Dry","Car occupant"
"7503","2016133BS1390",2016-11-28,2016,"Nov",28,"18:35",18,35,"Monday","Slight",3,"Slight","Car occupant","Driver or rider","Male",24,"B","Single carriageway",30,"Unclassified","Not a Pedestrian","Not a Pedestrian",422301,436846,"E01011589",2,"T or staggered junction","Darkness - lights lit","Fine no high winds","Wet or damp","Car occupant"
"7504","2016133BS1390",2016-11-28,2016,"Nov",28,"18:35",18,35,"Monday","Slight",3,"Slight","Car occupant","Driver or rider","Female",26,"B","Single carriageway",30,"Unclassified","Not a Pedestrian","Not a Pedestrian",422301,436846,"E01011589",2,"T or staggered junction","Darkness - lights lit","Fine no high winds","Wet or damp","Car occupant"
"7505","2016133BS1390",2016-11-28,2016,"Nov",28,"18:35",18,35,"Monday","Slight",3,"Slight","Car occupant","Passenger","Male",26,"B","Single carriageway",30,"Unclassified","Not a Pedestrian","Not a Pedestrian",422301,436846,"E01011589",2,"T or staggered junction","Darkness - lights lit","Fine no high winds","Wet or damp","Car occupant"
"7506","2016133BT0022",2016-11-29,2016,"Nov",29,"00:23",0,23,"Tuesday","Slight",1,"Slight","Car occupant","Driver or rider","Male",33,"Unclassified","Single carriageway",30,"Unclassified","Not a Pedestrian","Not a Pedestrian",430023,435534,"E01011670",2,"T or staggered junction","Darkness - lights lit","Fine no high winds","Dry","Car occupant"
"7507","2016133BT0205",2016-11-29,2016,"Nov",29,"07:30",7,30,"Tuesday","Serious",1,"Serious","Pedestrian","Pedestrian","Male",12,"Unclassified","Single carriageway",30,"Unclassified","In carriageway, crossing elsewhere","Crossing from driver's nearside",433184,433971,"E01011617",1,"T or staggered junction","Daylight","Fine no high winds","Frost or ice","Pedestrian"
"7508","2016133BT0231",2016-11-29,2016,"Nov",29,"07:55",7,55,"Tuesday","Serious",1,"Serious","Cyclist","Driver or rider","Male",54,"Unclassified","Single carriageway",20,NA,"Not a Pedestrian","Not a Pedestrian",427953,433261,"E01011294",2,"Not at junction or within 20 metres","Daylight","Fine no high winds","Wet or damp","Cyclist"
"7509","2016133BT0269",2016-11-29,2016,"Nov",29,"08:45",8,45,"Tuesday","Serious",1,"Serious","Cyclist","Driver or rider","Male",48,"B","Single carriageway",60,NA,"Not a Pedestrian","Not a Pedestrian",441660,449694,"E01011704",2,"Not at junction or within 20 metres","Daylight","Fine no high winds","Dry","Cyclist"
"7510","2016133BT0289",2016-11-29,2016,"Nov",29,"08:59",8,59,"Tuesday","Slight",1,"Slight","Car occupant","Driver or rider","Male",56,"Unclassified","Single carriageway",30,NA,"Not a Pedestrian","Not a Pedestrian",441728,427895,"E01011307",2,"Not at junction or within 20 metres","Daylight","Fine no high winds","Dry","Car occupant"
"7511","2016133BT0753",2016-11-29,2016,"Nov",29,"14:00",14,0,"Tuesday","Slight",2,"Slight","Van / Goods vehicle (3.5 tonnes mgw or under) occupant","Passenger","Male",39,"Unclassified","Single carriageway",30,"Unclassified","Not a Pedestrian","Not a Pedestrian",435544,438371,"E01011714",2,"Crossroads","Daylight","Fine no high winds","Wet or damp","Bus and goods vehicle occupant"
"7512","2016133BT0753",2016-11-29,2016,"Nov",29,"14:00",14,0,"Tuesday","Slight",2,"Slight","Van / Goods vehicle (3.5 tonnes mgw or under) occupant","Passenger","Male",46,"Unclassified","Single carriageway",30,"Unclassified","Not a Pedestrian","Not a Pedestrian",435544,438371,"E01011714",2,"Crossroads","Daylight","Fine no high winds","Wet or damp","Bus and goods vehicle occupant"
"7513","2016133BT0971",2016-11-29,2016,"Nov",29,"16:31",16,31,"Tuesday","Slight",2,"Slight","Car occupant","Driver or rider","Female",32,"Unclassified","Single carriageway",30,"Unclassified","Not a Pedestrian","Not a Pedestrian",429014,430280,"E01011320",2,"T or staggered junction","Darkness - lights lit","Fine no high winds","Dry","Car occupant"
"7514","2016133BT0971",2016-11-29,2016,"Nov",29,"16:31",16,31,"Tuesday","Slight",2,"Slight","Car occupant","Passenger","Female",7,"Unclassified","Single carriageway",30,"Unclassified","Not a Pedestrian","Not a Pedestrian",429014,430280,"E01011320",2,"T or staggered junction","Darkness - lights lit","Fine no high winds","Dry","Car occupant"
"7515","2016133BT1030",2016-11-29,2016,"Nov",29,"17:05",17,5,"Tuesday","Slight",1,"Slight","Car occupant","Passenger","Female",43,"A","Single carriageway",40,"A","Not a Pedestrian","Not a Pedestrian",428448,429069,"E01011493",2,"T or staggered junction","Darkness - lights lit","Fine no high winds","Wet or damp","Car occupant"
"7516","2016133BT1430",2016-11-29,2016,"Nov",29,"20:45",20,45,"Tuesday","Fatal",2,"Fatal","Car occupant","Driver or rider","Male",26,"Unclassified","Single carriageway",30,"Unclassified","Not a Pedestrian","Not a Pedestrian",430340,428060,"E01011490",1,"T or staggered junction","Darkness - lights lit","Fine no high winds","Dry","Car occupant"
"7517","2016133BT1430",2016-11-29,2016,"Nov",29,"20:45",20,45,"Tuesday","Fatal",2,"Slight","Car occupant","Passenger","Male",30,"Unclassified","Single carriageway",30,"Unclassified","Not a Pedestrian","Not a Pedestrian",430340,428060,"E01011490",1,"T or staggered junction","Darkness - lights lit","Fine no high winds","Dry","Car occupant"
"7518","2016133C20895",2016-11-30,2016,"Nov",30,"07:29",7,29,"Wednesday","Slight",1,"Slight","Pedestrian","Pedestrian","Male",39,"Unclassified","Single carriageway",30,NA,"In carriageway, not crossing","In carriageway, stationary - not crossing  (standing or playing) - masked by parked or stationary vehicle",419394,441914,"E01011267",1,"Not at junction or within 20 metres","Darkness - lights lit","Fine no high winds","Dry","Pedestrian"
"7519","2016133BU1231",2016-11-30,2016,"Nov",30,"17:29",17,29,"Wednesday","Slight",3,"Slight","Car occupant","Driver or rider","Female",60,"Motorway","Dual carriageway",50,NA,"Not a Pedestrian","Not a Pedestrian",429048,431765,"E01011366",3,"Not at junction or within 20 metres","Darkness - lights lit","Fine no high winds","Wet or damp","Car occupant"
"7520","2016133BU1231",2016-11-30,2016,"Nov",30,"17:29",17,29,"Wednesday","Slight",3,"Slight","Car occupant","Passenger","Female",34,"Motorway","Dual carriageway",50,NA,"Not a Pedestrian","Not a Pedestrian",429048,431765,"E01011366",3,"Not at junction or within 20 metres","Darkness - lights lit","Fine no high winds","Wet or damp","Car occupant"
"7521","2016133BU1231",2016-11-30,2016,"Nov",30,"17:29",17,29,"Wednesday","Slight",3,"Slight","Car occupant","Passenger","Male",24,"Motorway","Dual carriageway",50,NA,"Not a Pedestrian","Not a Pedestrian",429048,431765,"E01011366",3,"Not at junction or within 20 metres","Darkness - lights lit","Fine no high winds","Wet or damp","Car occupant"
"7522","2016133BU1398",2016-11-30,2016,"Nov",30,"18:30",18,30,"Wednesday","Slight",1,"Slight","Car occupant","Driver or rider","Male",51,"A","Roundabout",40,"Unclassified","Not a Pedestrian","Not a Pedestrian",428659,433169,"E01033013",3,"Roundabout","Darkness - lights lit","Fine no high winds","Dry","Car occupant"
"7523","2016133BU1372",2016-11-30,2016,"Nov",30,"18:35",18,35,"Wednesday","Slight",1,"Slight","Car occupant","Passenger","Female",17,"A","Dual carriageway",60,"A","Not a Pedestrian","Not a Pedestrian",436859,433644,"E01011411",2,"Crossroads","Darkness - lights lit","Fine no high winds","Dry","Car occupant"
"7524","2016133BU1379",2016-11-30,2016,"Nov",30,"18:45",18,45,"Wednesday","Slight",2,"Slight","Goods vehicle (over 3.5t. and under 7.5t.) occupant","Driver or rider","Male",46,"Motorway","Dual carriageway",70,NA,"Not a Pedestrian","Not a Pedestrian",437235,425772,"E01011636",2,"Not at junction or within 20 metres","Darkness - no lighting","Fine no high winds","Dry","Bus and goods vehicle occupant"
"7525","2016133BU1379",2016-11-30,2016,"Nov",30,"18:45",18,45,"Wednesday","Slight",2,"Slight","Car occupant","Driver or rider","Female",32,"Motorway","Dual carriageway",70,NA,"Not a Pedestrian","Not a Pedestrian",437235,425772,"E01011636",2,"Not at junction or within 20 metres","Darkness - no lighting","Fine no high winds","Dry","Car occupant"