"","accident_index","date","year","month","day","time","time_hour","time_minute","day_of_week","accident_severity","number_of_casualties","casualty_severity","casualty_type","casualty_class","sex_of_casualty","age_of_casualty","first_road_class","road_type","speed_limit","second_road_class","pedestrian_location","pedestrian_movement","location_easting_osgr","location_northing_osgr","lsoa_of_accident_location","number_of_vehicles","junction_detail","light_conditions","weather_conditions","road_surface_conditions","cas_type"
"7526","2016133BU1531",2016-11-30,2016,"Nov",30,"20:05",20,5,"Wednesday","Slight",1,"Slight","Car occupant","Driver or rider","Female",28,"Motorway","Dual carriageway",70,NA,"Not a Pedestrian","Not a Pedestrian",435426,425916,"E01011636",3,"Not at junction or within 20 metres","Darkness - lights lit","Fine no high winds","Dry","Car occupant"
"7527","2016133C10461",2016-12-01,2016,"Dec",1,"10:30",10,30,"Thursday","Slight",3,"Slight","Bus or coach occupant (17 or more pass seats)","Passenger","Female",82,"Unclassified","Single carriageway",60,NA,"Not a Pedestrian","Not a Pedestrian",440693,437411,"E01011309",1,"Not at junction or within 20 metres","Daylight","Fine no high winds","Wet or damp","Bus and goods vehicle occupant"
"7528","2016133C10461",2016-12-01,2016,"Dec",1,"10:30",10,30,"Thursday","Slight",3,"Slight","Bus or coach occupant (17 or more pass seats)","Passenger","Female",60,"Unclassified","Single carriageway",60,NA,"Not a Pedestrian","Not a Pedestrian",440693,437411,"E01011309",1,"Not at junction or within 20 metres","Daylight","Fine no high winds","Wet or damp","Bus and goods vehicle occupant"
"7529","2016133C10461",2016-12-01,2016,"Dec",1,"10:30",10,30,"Thursday","Slight",3,"Slight","Bus or coach occupant (17 or more pass seats)","Passenger","Female",69,"Unclassified","Single carriageway",60,NA,"Not a Pedestrian","Not a Pedestrian",440693,437411,"E01011309",1,"Not at junction or within 20 metres","Daylight","Fine no high winds","Wet or damp","Bus and goods vehicle occupant"
"7530","2016133C11780",2016-12-01,2016,"Dec",1,"11:15",11,15,"Thursday","Slight",1,"Slight","Car occupant","Driver or rider","Male",24,"Motorway","Dual carriageway",70,NA,"Not a Pedestrian","Not a Pedestrian",429881,432146,"E01011364",2,"Not at junction or within 20 metres","Daylight","Fine no high winds","Dry","Car occupant"
"7531","2016133C10716",2016-12-01,2016,"Dec",1,"12:45",12,45,"Thursday","Slight",1,"Slight","Car occupant","Driver or rider","Male",55,"Unclassified","Single carriageway",30,"Unclassified","Not a Pedestrian","Not a Pedestrian",432256,433354,"E01011623",3,"T or staggered junction","Daylight","Fine no high winds","Dry","Car occupant"
"7532","2016133C11000",2016-12-01,2016,"Dec",1,"15:28",15,28,"Thursday","Slight",1,"Slight","Car occupant","Driver or rider","Female",22,"A","Roundabout",40,"A","Not a Pedestrian","Not a Pedestrian",428434,429576,"E01011321",2,"Roundabout","Darkness - lights lit","Fine no high winds","Dry","Car occupant"
"7533","2016133C11170",2016-12-01,2016,"Dec",1,"16:49",16,49,"Thursday","Slight",1,"Slight","Cyclist","Driver or rider","Male",14,"Unclassified","Single carriageway",50,"Unclassified","Not a Pedestrian","Not a Pedestrian",423206,432712,"E01011601",1,"T or staggered junction","Darkness - lights lit","Fine no high winds","Wet or damp","Cyclist"
"7534","2016133C11311",2016-12-01,2016,"Dec",1,"17:31",17,31,"Thursday","Slight",1,"Slight","Pedestrian","Pedestrian","Female",32,"Unclassified","Single carriageway",30,NA,"On footway or verge","Unknown or other",443986,433831,"E01011297",1,"Not at junction or within 20 metres","Darkness - lights lit","Fine no high winds","Dry","Pedestrian"
"7535","2016133C11303",2016-12-01,2016,"Dec",1,"20:20",20,20,"Thursday","Serious",1,"Serious","Goods vehicle (over 3.5t. and under 7.5t.) occupant","Driver or rider","Male",58,"Unclassified","Single carriageway",20,NA,"Not a Pedestrian","Not a Pedestrian",428653,433908,"E01011678",2,"Not at junction or within 20 metres","Darkness - lights lit","Fine no high winds","Dry","Bus and goods vehicle occupant"
"7536","2016133C20271",2016-12-02,2016,"Dec",2,"07:29",7,29,"Friday","Slight",1,"Slight","Car occupant","Driver or rider","Male",20,"A","Single carriageway",20,NA,"Not a Pedestrian","Not a Pedestrian",435721,435145,"E01011666",2,"Not at junction or within 20 metres","Daylight","Fine no high winds","Wet or damp","Car occupant"
"7537","2016133C20483",2016-12-02,2016,"Dec",2,"10:10",10,10,"Friday","Slight",1,"Slight","Car occupant","Driver or rider","Male",29,"A","Dual carriageway",30,"Unclassified","Not a Pedestrian","Not a Pedestrian",428955,435473,"E01011443",2,"Crossroads","Daylight","Fine no high winds","Dry","Car occupant"
"7538","2016133C20550",2016-12-02,2016,"Dec",2,"11:00",11,0,"Friday","Slight",1,"Slight","Cyclist","Driver or rider","Male",34,"A","Dual carriageway",40,NA,"Not a Pedestrian","Not a Pedestrian",431992,430825,"E01011468",2,"Not at junction or within 20 metres","Daylight","Fine no high winds","Dry","Cyclist"
"7539","2016133C20873",2016-12-02,2016,"Dec",2,"11:16",11,16,"Friday","Slight",1,"Slight","Bus or coach occupant (17 or more pass seats)","Passenger","Female",80,"Unclassified","Unknown",30,NA,"Not a Pedestrian","Not a Pedestrian",420314,445457,"E01011569",1,"Not at junction or within 20 metres","Daylight","Fine no high winds","Dry","Bus and goods vehicle occupant"
"7540","2016133C20633",2016-12-02,2016,"Dec",2,"11:56",11,56,"Friday","Slight",1,"Slight","Pedestrian","Pedestrian","Female",19,"Unclassified","Single carriageway",30,NA,"In carriageway, crossing elsewhere","Crossing from driver's nearside",423085,434936,"E01011335",1,"Not at junction or within 20 metres","Daylight","Fine no high winds","Dry","Pedestrian"
"7541","2016133C21495",2016-12-02,2016,"Dec",2,"13:45",13,45,"Friday","Slight",1,"Slight","Bus or coach occupant (17 or more pass seats)","Passenger","Female",60,"Unclassified","Unknown",30,NA,"Not a Pedestrian","Not a Pedestrian",424693,435013,"E01011336",1,"Not at junction or within 20 metres","Daylight","Fine no high winds","Dry","Bus and goods vehicle occupant"
"7542","2016133C30010",2016-12-03,2016,"Dec",3,"00:10",0,10,"Saturday","Serious",1,"Serious","Pedestrian","Pedestrian","Male",23,"Unclassified","One way street",30,"Unclassified","In carriageway, crossing elsewhere","Crossing from driver's offside",430249,433229,"E01033016",1,"Crossroads","Darkness - lights lit","Fine no high winds","Dry","Pedestrian"
"7543","2016133C31059",2016-12-03,2016,"Dec",3,"15:30",15,30,"Saturday","Slight",1,"Slight","Cyclist","Driver or rider","Male",42,"Unclassified","Single carriageway",30,NA,"Not a Pedestrian","Not a Pedestrian",430714,434646,"E01011671",2,"Not at junction or within 20 metres","Daylight","Fine no high winds","Dry","Cyclist"
"7544","2016133C31145",2016-12-03,2016,"Dec",3,"16:05",16,5,"Saturday","Slight",1,"Slight","Car occupant","Driver or rider","Male",32,"A","Single carriageway",30,NA,"Not a Pedestrian","Not a Pedestrian",430235,425114,"E01011537",2,"Not at junction or within 20 metres","Darkness - lights lit","Fine no high winds","Wet or damp","Car occupant"
"7545","2016133C31947",2016-12-03,2016,"Dec",3,"23:21",23,21,"Saturday","Slight",1,"Slight","Pedestrian","Pedestrian","Male",25,"Unclassified","Unknown",20,NA,"Unknown or other","Unknown or other",440628,448612,"E01011700",1,"Not at junction or within 20 metres","Darkness - lights lit","Fine no high winds","Wet or damp","Pedestrian"
"7546","2016133C40351",2016-12-04,2016,"Dec",4,"04:51",4,51,"Sunday","Serious",1,"Serious","Taxi/Private hire car occupant","Driver or rider","Male",41,"A","Dual carriageway",40,NA,"Not a Pedestrian","Not a Pedestrian",425431,434306,"E01011286",4,"Not at junction or within 20 metres","Darkness - lights lit","Fine no high winds","Wet or damp","Car occupant"
"7547","2016133C40794",2016-12-04,2016,"Dec",4,"12:51",12,51,"Sunday","Serious",2,"Serious","Car occupant","Driver or rider","Female",51,"Unclassified","Roundabout",30,"Unclassified","Not a Pedestrian","Not a Pedestrian",435025,434969,"E01011667",2,"Mini-roundabout","Daylight","Fine no high winds","Dry","Car occupant"
"7548","2016133C40794",2016-12-04,2016,"Dec",4,"12:51",12,51,"Sunday","Serious",2,"Slight","Car occupant","Passenger","Male",25,"Unclassified","Roundabout",30,"Unclassified","Not a Pedestrian","Not a Pedestrian",435025,434969,"E01011667",2,"Mini-roundabout","Daylight","Fine no high winds","Dry","Car occupant"
"7549","2016133C40865",2016-12-04,2016,"Dec",4,"13:35",13,35,"Sunday","Slight",2,"Slight","Car occupant","Driver or rider","Male",47,"Unclassified","Single carriageway",20,"Unclassified","Not a Pedestrian","Not a Pedestrian",432213,434656,"E01011433",2,"T or staggered junction","Daylight","Fine no high winds","Dry","Car occupant"
"7550","2016133C40865",2016-12-04,2016,"Dec",4,"13:35",13,35,"Sunday","Slight",2,"Slight","Car occupant","Passenger","Female",39,"Unclassified","Single carriageway",20,"Unclassified","Not a Pedestrian","Not a Pedestrian",432213,434656,"E01011433",2,"T or staggered junction","Daylight","Fine no high winds","Dry","Car occupant"
"7551","2016133C40941",2016-12-04,2016,"Dec",4,"14:22",14,22,"Sunday","Slight",1,"Slight","Pedestrian","Pedestrian","Female",8,"Unclassified","Single carriageway",30,NA,"In carriageway, crossing elsewhere","Crossing from driver's nearside",431470,433501,"E01033021",1,"Not at junction or within 20 metres","Daylight","Fine no high winds","Dry","Pedestrian"
"7552","2016133C41053",2016-12-04,2016,"Dec",4,"15:26",15,26,"Sunday","Slight",3,"Slight","Car occupant","Driver or rider","Female",25,"A","Single carriageway",30,"Unclassified","Not a Pedestrian","Not a Pedestrian",435737,436946,"E01011720",2,"T or staggered junction","Daylight","Fine no high winds","Dry","Car occupant"
"7553","2016133C41053",2016-12-04,2016,"Dec",4,"15:26",15,26,"Sunday","Slight",3,"Slight","Car occupant","Passenger","Female",69,"A","Single carriageway",30,"Unclassified","Not a Pedestrian","Not a Pedestrian",435737,436946,"E01011720",2,"T or staggered junction","Daylight","Fine no high winds","Dry","Car occupant"
"7554","2016133C41053",2016-12-04,2016,"Dec",4,"15:26",15,26,"Sunday","Slight",3,"Slight","Car occupant","Passenger","Female",48,"A","Single carriageway",30,"Unclassified","Not a Pedestrian","Not a Pedestrian",435737,436946,"E01011720",2,"T or staggered junction","Daylight","Fine no high winds","Dry","Car occupant"
"7555","2016133C41220",2016-12-04,2016,"Dec",4,"16:10",16,10,"Sunday","Slight",2,"Slight","Car occupant","Driver or rider","Female",30,"Motorway","Roundabout",30,"Motorway","Not a Pedestrian","Not a Pedestrian",432240,426274,"E01011499",2,"Roundabout","Daylight","Fine no high winds","Dry","Car occupant"
"7556","2016133C41220",2016-12-04,2016,"Dec",4,"16:10",16,10,"Sunday","Slight",2,"Slight","Car occupant","Driver or rider","Female",57,"Motorway","Roundabout",30,"Motorway","Not a Pedestrian","Not a Pedestrian",432240,426274,"E01011499",2,"Roundabout","Daylight","Fine no high winds","Dry","Car occupant"
"7557","2016133C41203",2016-12-04,2016,"Dec",4,"16:45",16,45,"Sunday","Serious",3,"Slight","Car occupant","Driver or rider","Female",25,"Unclassified","Single carriageway",30,"Unclassified","Not a Pedestrian","Not a Pedestrian",430759,439910,"E01011565",2,"Crossroads","Darkness - lights lit","Fine no high winds","Wet or damp","Car occupant"
"7558","2016133C41203",2016-12-04,2016,"Dec",4,"16:45",16,45,"Sunday","Serious",3,"Slight","Car occupant","Passenger","Male",25,"Unclassified","Single carriageway",30,"Unclassified","Not a Pedestrian","Not a Pedestrian",430759,439910,"E01011565",2,"Crossroads","Darkness - lights lit","Fine no high winds","Wet or damp","Car occupant"
"7559","2016133C41203",2016-12-04,2016,"Dec",4,"16:45",16,45,"Sunday","Serious",3,"Serious","Car occupant","Passenger","Male",1,"Unclassified","Single carriageway",30,"Unclassified","Not a Pedestrian","Not a Pedestrian",430759,439910,"E01011565",2,"Crossroads","Darkness - lights lit","Fine no high winds","Wet or damp","Car occupant"
"7560","2016133B41326",2016-12-04,2016,"Dec",4,"17:25",17,25,"Sunday","Slight",1,"Slight","Pedestrian","Pedestrian","Male",62,"Unclassified","Single carriageway",30,NA,"On footway or verge","Unknown or other",430398,427022,"E01032495",1,"Not at junction or within 20 metres","Darkness - lights lit","Fine no high winds","Dry","Pedestrian"
"7561","2016133C41498",2016-12-04,2016,"Dec",4,"19:25",19,25,"Sunday","Slight",1,"Slight","Car occupant","Passenger","Male",18,"A","Single carriageway",50,NA,"Not a Pedestrian","Not a Pedestrian",436776,443749,"E01011713",1,"Not at junction or within 20 metres","Darkness - no lighting","Fine no high winds","Dry","Car occupant"
"7562","2016133C50563",2016-12-05,2016,"Dec",5,"12:15",12,15,"Monday","Slight",1,"Slight","Car occupant","Driver or rider","Female",57,"A","Single carriageway",30,"Unclassified","Not a Pedestrian","Not a Pedestrian",430547,435123,"E01011361",2,"Crossroads","Daylight","Fine no high winds","Dry","Car occupant"
"7563","2016133C51045",2016-12-05,2016,"Dec",5,"13:00",13,0,"Monday","Slight",2,"Slight","Car occupant","Driver or rider","Female",53,"A","Single carriageway",30,NA,"Not a Pedestrian","Not a Pedestrian",419211,441839,"E01011265",2,"Not at junction or within 20 metres","Daylight","Fine no high winds","Wet or damp","Car occupant"
"7564","2016133C51045",2016-12-05,2016,"Dec",5,"13:00",13,0,"Monday","Slight",2,"Slight","Car occupant","Passenger","Female",79,"A","Single carriageway",30,NA,"Not a Pedestrian","Not a Pedestrian",419211,441839,"E01011265",2,"Not at junction or within 20 metres","Daylight","Fine no high winds","Wet or damp","Car occupant"
"7565","2016133C50993",2016-12-05,2016,"Dec",5,"16:05",16,5,"Monday","Slight",2,"Slight","Bus or coach occupant (17 or more pass seats)","Passenger","Female",20,"A","Single carriageway",30,"Unclassified","Not a Pedestrian","Not a Pedestrian",429956,430864,"E01011312",2,"T or staggered junction","Darkness - lights lit","Fine no high winds","Dry","Bus and goods vehicle occupant"
"7566","2016133C50993",2016-12-05,2016,"Dec",5,"16:05",16,5,"Monday","Slight",2,"Slight","Bus or coach occupant (17 or more pass seats)","Passenger","Male",48,"A","Single carriageway",30,"Unclassified","Not a Pedestrian","Not a Pedestrian",429956,430864,"E01011312",2,"T or staggered junction","Darkness - lights lit","Fine no high winds","Dry","Bus and goods vehicle occupant"
"7567","2016133C60203",2016-12-06,2016,"Dec",6,"07:08",7,8,"Tuesday","Slight",1,"Slight","Cyclist","Driver or rider","Male",29,"Unclassified","Single carriageway",30,NA,"Not a Pedestrian","Not a Pedestrian",421099,439898,"E01011579",2,"Not at junction or within 20 metres","Darkness - lights lit","Fog or mist","Wet or damp","Cyclist"
"7568","2016133C60453",2016-12-06,2016,"Dec",6,"11:10",11,10,"Tuesday","Slight",1,"Slight","Motorcycle over 500cc rider or passenger","Driver or rider","Female",63,"Unclassified","Single carriageway",40,"A","Not a Pedestrian","Not a Pedestrian",429942,425127,"E01011537",2,"T or staggered junction","Daylight","Fine + high winds","Wet or damp","Motorcyclist and pillion"
"7569","2016134160976",2016-12-06,2016,"Dec",6,"16:01",16,1,"Tuesday","Serious",2,"Serious","Car occupant","Driver or rider","Female",47,"A","Single carriageway",30,"Unclassified","Not a Pedestrian","Not a Pedestrian",419983,440944,"E01011275",2,"T or staggered junction","Darkness - lights lit","Fine no high winds","Dry","Car occupant"
"7570","2016134160976",2016-12-06,2016,"Dec",6,"16:01",16,1,"Tuesday","Serious",2,"Slight","Pedestrian","Pedestrian","Male",29,"A","Single carriageway",30,"Unclassified","On footway or verge","Unknown or other",419983,440944,"E01011275",2,"T or staggered junction","Darkness - lights lit","Fine no high winds","Dry","Pedestrian"
"7571","2016133C60720",2016-12-06,2016,"Dec",6,"17:00",17,0,"Tuesday","Slight",1,"Slight","Cyclist","Driver or rider","Male",46,"Unclassified","One way street",30,NA,"Not a Pedestrian","Not a Pedestrian",429769,433923,"E01033008",3,"Not at junction or within 20 metres","Darkness - lights lit","Fine no high winds","Dry","Cyclist"
"7572","2016133C61154",2016-12-06,2016,"Dec",6,"17:42",17,42,"Tuesday","Serious",1,"Serious","Motorcycle 125cc and under rider or passenger","Driver or rider","Male",33,"A","Single carriageway",30,"Unclassified","Not a Pedestrian","Not a Pedestrian",430101,431501,"E01011371",2,"T or staggered junction","Darkness - lights lit","Fine no high winds","Wet or damp","Motorcyclist and pillion"
"7573","2016133C70212",2016-12-07,2016,"Dec",7,"06:34",6,34,"Wednesday","Serious",1,"Serious","Motorcycle 125cc and under rider or passenger","Driver or rider","Male",41,"A","Single carriageway",30,"Unclassified","Not a Pedestrian","Not a Pedestrian",424277,428350,"E01011523",2,"T or staggered junction","Darkness - lights lit","Fine no high winds","Wet or damp","Motorcyclist and pillion"
"7574","2016133C70241",2016-12-07,2016,"Dec",7,"07:22",7,22,"Wednesday","Slight",1,"Slight","Car occupant","Driver or rider","Female",42,"Unclassified","Roundabout",30,"Unclassified","Not a Pedestrian","Not a Pedestrian",426223,427463,"E01011541",2,"Roundabout","Darkness - lights lit","Fine no high winds","Wet or damp","Car occupant"
"7575","2016133C70262",2016-12-07,2016,"Dec",7,"07:41",7,41,"Wednesday","Slight",1,"Slight","Pedestrian","Pedestrian","Female",60,"A","Single carriageway",30,"Unclassified","In carriageway, crossing elsewhere","Crossing from offside - masked by  parked or stationary vehicle",436851,428990,"E01011637",1,"T or staggered junction","Daylight","Fine no high winds","Dry","Pedestrian"
"7576","2016133C70300",2016-12-07,2016,"Dec",7,"07:43",7,43,"Wednesday","Slight",1,"Slight","Car occupant","Driver or rider","Female",25,"A(M)","Dual carriageway",40,"Unclassified","Not a Pedestrian","Not a Pedestrian",428918,433406,"E01033015",2,"Slip road","Darkness - lights lit","Fine no high winds","Wet or damp","Car occupant"
"7577","2016133C70422",2016-12-07,2016,"Dec",7,"09:30",9,30,"Wednesday","Slight",1,"Slight","Cyclist","Driver or rider","Male",17,"Unclassified","Single carriageway",30,NA,"Not a Pedestrian","Not a Pedestrian",429246,432157,"E01033032",2,"Not at junction or within 20 metres","Daylight","Fine no high winds","Dry","Cyclist"
"7578","2016133C70742",2016-12-07,2016,"Dec",7,"12:55",12,55,"Wednesday","Slight",2,"Slight","Taxi/Private hire car occupant","Driver or rider","Male",60,"A(M)","Dual carriageway",40,"Unclassified","Not a Pedestrian","Not a Pedestrian",428944,433439,"E01033015",4,"Slip road","Daylight","Fine no high winds","Wet or damp","Car occupant"
"7579","2016133C70742",2016-12-07,2016,"Dec",7,"12:55",12,55,"Wednesday","Slight",2,"Slight","Car occupant","Driver or rider","Male",55,"A(M)","Dual carriageway",40,"Unclassified","Not a Pedestrian","Not a Pedestrian",428944,433439,"E01033015",4,"Slip road","Daylight","Fine no high winds","Wet or damp","Car occupant"
"7580","2016133C71022",2016-12-07,2016,"Dec",7,"15:10",15,10,"Wednesday","Slight",1,"Slight","Pedestrian","Pedestrian","Male",11,"A","Single carriageway",40,NA,"In carriageway, crossing elsewhere","Crossing from driver's offside",424338,435319,"E01011331",2,"Not at junction or within 20 metres","Daylight","Fine no high winds","Dry","Pedestrian"
"7581","2016133C60890",2016-12-07,2016,"Dec",7,"15:25",15,25,"Wednesday","Slight",1,"Slight","Pedestrian","Pedestrian","Female",61,"Unclassified","Single carriageway",30,NA,"Unknown or other","Unknown or other",428652,436834,"E01011693",2,"Not at junction or within 20 metres","Daylight","Fine no high winds","Wet or damp","Pedestrian"
"7582","2016133C71157",2016-12-07,2016,"Dec",7,"16:15",16,15,"Wednesday","Slight",1,"Slight","Car occupant","Passenger","Male",60,"Unclassified","Single carriageway",30,"Unclassified","Not a Pedestrian","Not a Pedestrian",432934,440131,"E01011650",2,"Crossroads","Daylight","Fine no high winds","Wet or damp","Car occupant"
"7583","2016133C71162",2016-12-07,2016,"Dec",7,"16:15",16,15,"Wednesday","Slight",1,"Slight","Pedestrian","Pedestrian","Male",14,"Unclassified","One way street",30,"Unclassified","Crossing elsewhere within 50m. of pedestrian crossing","Crossing from driver's nearside",429872,433414,"E01033016",1,"More than 4 arms (not roundabout)","Darkness - lights lit","Fine no high winds","Wet or damp","Pedestrian"
"7584","2016133C71177",2016-12-07,2016,"Dec",7,"16:24",16,24,"Wednesday","Slight",1,"Slight","Cyclist","Driver or rider","Male",60,"Unclassified","Single carriageway",40,"Unclassified","Not a Pedestrian","Not a Pedestrian",419257,445183,"E01011571",2,"T or staggered junction","Darkness - lights lit","Fine no high winds","Wet or damp","Cyclist"
"7585","2016133C71536",2016-12-07,2016,"Dec",7,"18:15",18,15,"Wednesday","Slight",1,"Slight","Pedestrian","Pedestrian","Female",69,"Unclassified","Single carriageway",30,"Unclassified","In carriageway, crossing elsewhere","Crossing from driver's offside",423521,437811,"E01011465",1,"T or staggered junction","Darkness - lights lit","Fine no high winds","Dry","Pedestrian"
"7586","2016133C80009",2016-12-08,2016,"Dec",8,"00:10",0,10,"Thursday","Slight",1,"Slight","Car occupant","Driver or rider","Male",55,"A","Roundabout",30,"A","Not a Pedestrian","Not a Pedestrian",421985,436516,"E01011591",2,"Roundabout","Darkness - lights lit","Fine no high winds","Wet or damp","Car occupant"
"7587","2016133C80255",2016-12-08,2016,"Dec",8,"07:42",7,42,"Thursday","Slight",1,"Slight","Goods vehicle (7.5 tonnes mgw and over) occupant","Driver or rider","Male",41,"Unclassified","Single carriageway",30,NA,"Not a Pedestrian","Not a Pedestrian",429282,432813,"E01033015",1,"Not at junction or within 20 metres","Daylight","Raining no high winds","Wet or damp","Bus and goods vehicle occupant"
"7588","2016133C80361",2016-12-08,2016,"Dec",8,"08:20",8,20,"Thursday","Slight",1,"Slight","Pedestrian","Pedestrian","Female",15,"Unclassified","Single carriageway",30,"Unclassified","On footway or verge","Unknown or other",423312,435723,"E01011330",1,"Private drive or entrance","Darkness - lighting unknown","Fine no high winds","Dry","Pedestrian"
"7589","2016133C80618",2016-12-08,2016,"Dec",8,"09:00",9,0,"Thursday","Slight",1,"Slight","Cyclist","Driver or rider","Male",50,"Unclassified","Single carriageway",30,"Unclassified","Not a Pedestrian","Not a Pedestrian",427083,433505,"E01011293",2,"T or staggered junction","Daylight","Fine no high winds","Wet or damp","Cyclist"
"7590","2016133C70383",2016-12-08,2016,"Dec",8,"09:05",9,5,"Thursday","Slight",1,"Slight","Cyclist","Driver or rider","Male",7,"Unclassified","Single carriageway",30,"Unclassified","Not a Pedestrian","Not a Pedestrian",431768,434246,"E01011349",2,"T or staggered junction","Daylight","Fine no high winds","Dry","Cyclist"
"7591","2016133C81366",2016-12-08,2016,"Dec",8,"14:30",14,30,"Thursday","Slight",1,"Slight","Bus or coach occupant (17 or more pass seats)","Passenger","Female",82,"Unclassified","Single carriageway",30,NA,"Not a Pedestrian","Not a Pedestrian",425840,433742,"E01032499",1,"Not at junction or within 20 metres","Daylight","Unknown","Wet or damp","Bus and goods vehicle occupant"
"7592","2016133C81300",2016-12-08,2016,"Dec",8,"18:46",18,46,"Thursday","Fatal",1,"Fatal","Pedestrian","Pedestrian","Male",77,"Unclassified","Single carriageway",30,"Unclassified","In carriageway, crossing elsewhere","Crossing from driver's nearside",436802,434677,"E01011409",1,"T or staggered junction","Darkness - lights lit","Fine no high winds","Wet or damp","Pedestrian"
"7593","2016133C90476",2016-12-08,2016,"Dec",8,"22:00",22,0,"Thursday","Slight",1,"Slight","Car occupant","Driver or rider","Female",28,"A","Single carriageway",30,NA,"Not a Pedestrian","Not a Pedestrian",430055,434187,"E01033010",2,"Not at junction or within 20 metres","Darkness - lights lit","Fine no high winds","Dry","Car occupant"
"7594","2016133C90267",2016-12-09,2016,"Dec",9,"08:00",8,0,"Friday","Slight",1,"Slight","Car occupant","Driver or rider","Female",44,"Unclassified","Single carriageway",30,NA,"Not a Pedestrian","Not a Pedestrian",423979,434377,"E01011334",2,"Not at junction or within 20 metres","Daylight","Fine no high winds","Wet or damp","Car occupant"
"7595","2016133C90318",2016-12-09,2016,"Dec",9,"08:45",8,45,"Friday","Serious",1,"Serious","Motorcycle over 500cc rider or passenger","Driver or rider","Male",35,"Unclassified","Single carriageway",30,"Unclassified","Not a Pedestrian","Not a Pedestrian",428618,440714,"E01011554",3,"T or staggered junction","Daylight","Fine no high winds","Wet or damp","Motorcyclist and pillion"
"7596","2016133C90474",2016-12-09,2016,"Dec",9,"10:35",10,35,"Friday","Slight",1,"Slight","Car occupant","Driver or rider","Female",41,"Unclassified","Single carriageway",30,"Unclassified","Not a Pedestrian","Not a Pedestrian",428835,425824,"E01011552",2,"T or staggered junction","Daylight","Fine no high winds","Wet or damp","Car occupant"
"7597","2016133C90871",2016-12-09,2016,"Dec",9,"14:25",14,25,"Friday","Slight",1,"Slight","Motorcycle 125cc and under rider or passenger","Driver or rider","Male",22,"A","Dual carriageway",40,NA,"Not a Pedestrian","Not a Pedestrian",429817,430668,"E01011322",2,"Not at junction or within 20 metres","Daylight","Fine no high winds","Wet or damp","Motorcyclist and pillion"
"7598","2016133C91094",2016-12-09,2016,"Dec",9,"15:55",15,55,"Friday","Slight",1,"Slight","Van / Goods vehicle (3.5 tonnes mgw or under) occupant","Driver or rider","Female",19,"A","Single carriageway",40,"A","Not a Pedestrian","Not a Pedestrian",425219,437872,"E01011464",2,"Other junction","Daylight","Fine no high winds","Dry","Bus and goods vehicle occupant"
"7599","2016133C91764",2016-12-09,2016,"Dec",9,"17:45",17,45,"Friday","Slight",1,"Slight","Pedestrian","Pedestrian","Male",16,"Unclassified","Single carriageway",30,"Unclassified","In carriageway, crossing elsewhere","Crossing from driver's offside",423483,435451,"E01011330",1,"T or staggered junction","Darkness - lights lit","Fine no high winds","Dry","Pedestrian"
"7600","2016133CA0309",2016-12-10,2016,"Dec",10,"03:41",3,41,"Saturday","Slight",4,"Slight","Car occupant","Driver or rider","Male",20,"Unclassified","Single carriageway",30,NA,"Not a Pedestrian","Not a Pedestrian",433513,436039,"E01011421",2,"Not at junction or within 20 metres","Darkness - lights lit","Fine no high winds","Wet or damp","Car occupant"
"7601","2016133CA0309",2016-12-10,2016,"Dec",10,"03:41",3,41,"Saturday","Slight",4,"Slight","Car occupant","Passenger","Female",16,"Unclassified","Single carriageway",30,NA,"Not a Pedestrian","Not a Pedestrian",433513,436039,"E01011421",2,"Not at junction or within 20 metres","Darkness - lights lit","Fine no high winds","Wet or damp","Car occupant"
"7602","2016133CA0309",2016-12-10,2016,"Dec",10,"03:41",3,41,"Saturday","Slight",4,"Slight","Car occupant","Passenger","Female",16,"Unclassified","Single carriageway",30,NA,"Not a Pedestrian","Not a Pedestrian",433513,436039,"E01011421",2,"Not at junction or within 20 metres","Darkness - lights lit","Fine no high winds","Wet or damp","Car occupant"
"7603","2016133CA0309",2016-12-10,2016,"Dec",10,"03:41",3,41,"Saturday","Slight",4,"Slight","Taxi/Private hire car occupant","Driver or rider","Male",41,"Unclassified","Single carriageway",30,NA,"Not a Pedestrian","Not a Pedestrian",433513,436039,"E01011421",2,"Not at junction or within 20 metres","Darkness - lights lit","Fine no high winds","Wet or damp","Car occupant"
"7604","2016133CA0780",2016-12-10,2016,"Dec",10,"12:02",12,2,"Saturday","Slight",1,"Slight","Pedestrian","Pedestrian","Female",55,"Unclassified","Single carriageway",20,NA,"Crossing on pedestrian crossing facility","Crossing from driver's nearside",430374,433535,"E01033010",1,"Not at junction or within 20 metres","Daylight","Fine no high winds","Dry","Pedestrian"
"7605","2016133CA1194",2016-12-10,2016,"Dec",10,"16:18",16,18,"Saturday","Slight",1,"Slight","Pedestrian","Pedestrian","Male",50,"Unclassified","Single carriageway",30,NA,"In carriageway, not crossing","In carriageway, stationary - not crossing  (standing or playing)",424614,436001,"E01011325",1,"Not at junction or within 20 metres","Darkness - lights lit","Fine no high winds","Wet or damp","Pedestrian"