"","accident_index","date","year","month","day","time","time_hour","time_minute","day_of_week","accident_severity","number_of_casualties","casualty_severity","casualty_type","casualty_class","sex_of_casualty","age_of_casualty","first_road_class","road_type","speed_limit","second_road_class","pedestrian_location","pedestrian_movement","location_easting_osgr","location_northing_osgr","lsoa_of_accident_location","number_of_vehicles","junction_detail","light_conditions","weather_conditions","road_surface_conditions","cas_type"
"7606","2016133CA1529",2016-12-10,2016,"Dec",10,"19:37",19,37,"Saturday","Serious",1,"Serious","Motorcycle 125cc and under rider or passenger","Driver or rider","Male",24,"Unclassified","Single carriageway",20,"Unclassified","Not a Pedestrian","Not a Pedestrian",436731,433192,"E01011419",2,"T or staggered junction","Darkness - lights lit","Fine no high winds","Wet or damp","Motorcyclist and pillion"
"7607","2016133CB0163",2016-12-11,2016,"Dec",11,"01:40",1,40,"Sunday","Serious",1,"Serious","Pedestrian","Pedestrian","Male",53,"Unclassified","One way street",30,"Unclassified","In carriageway, crossing elsewhere","Crossing from driver's nearside",430341,433905,"E01033010",1,"Crossroads","Daylight","Fine no high winds","Dry","Pedestrian"
"7608","2016133CB0924",2016-12-11,2016,"Dec",11,"14:24",14,24,"Sunday","Slight",2,"Slight","Car occupant","Driver or rider","Male",58,"Unclassified","Single carriageway",50,"C","Not a Pedestrian","Not a Pedestrian",420926,433538,"E01011613",2,"Crossroads","Daylight","Fine no high winds","Dry","Car occupant"
"7609","2016133CB0924",2016-12-11,2016,"Dec",11,"14:24",14,24,"Sunday","Slight",2,"Slight","Car occupant","Driver or rider","Female",20,"Unclassified","Single carriageway",50,"C","Not a Pedestrian","Not a Pedestrian",420926,433538,"E01011613",2,"Crossroads","Daylight","Fine no high winds","Dry","Car occupant"
"7610","2016133CB1196",2016-12-11,2016,"Dec",11,"14:30",14,30,"Sunday","Slight",1,"Slight","Cyclist","Driver or rider","Male",20,"Unclassified","Single carriageway",30,"Unclassified","Not a Pedestrian","Not a Pedestrian",428397,434388,"E01011681",2,"T or staggered junction","Daylight","Fine no high winds","Dry","Cyclist"
"7611","2016133CB1279",2016-12-11,2016,"Dec",11,"16:00",16,0,"Sunday","Serious",1,"Serious","Motorcycle 125cc and under rider or passenger","Driver or rider","Male",22,"Unclassified","Single carriageway",30,NA,"Not a Pedestrian","Not a Pedestrian",432887,435449,"E01011424",2,"Not at junction or within 20 metres","Darkness - lights lit","Fine no high winds","Dry","Motorcyclist and pillion"
"7612","2016133CC0249",2016-12-12,2016,"Dec",12,"07:20",7,20,"Monday","Fatal",1,"Fatal","Cyclist","Driver or rider","Male",58,"A","Single carriageway",30,"Unclassified","Not a Pedestrian","Not a Pedestrian",436836,433725,"E01011411",2,"T or staggered junction","Darkness - lights lit","Fine no high winds","Wet or damp","Cyclist"
"7613","2016133CC0264",2016-12-12,2016,"Dec",12,"07:48",7,48,"Monday","Slight",1,"Slight","Van / Goods vehicle (3.5 tonnes mgw or under) occupant","Driver or rider","Female",39,"Unclassified","Single carriageway",30,NA,"Not a Pedestrian","Not a Pedestrian",428809,430409,"E01011315",2,"Not at junction or within 20 metres","Darkness - lights lit","Fine no high winds","Dry","Bus and goods vehicle occupant"
"7614","2016133CC0303",2016-12-12,2016,"Dec",12,"08:25",8,25,"Monday","Slight",1,"Slight","Cyclist","Driver or rider","Female",34,"Unclassified","Single carriageway",30,"Unclassified","Not a Pedestrian","Not a Pedestrian",431483,435012,"E01011673",2,"Crossroads","Daylight","Fine no high winds","Dry","Cyclist"
"7615","2016133CC0920",2016-12-12,2016,"Dec",12,"15:00",15,0,"Monday","Slight",1,"Slight","Pedestrian","Pedestrian","Female",56,"Unclassified","Single carriageway",30,"Unclassified","On footway or verge","Unknown or other",430774,435249,"E01011360",1,"T or staggered junction","Daylight","Fine no high winds","Dry","Pedestrian"
"7616","2016133CC1092",2016-12-12,2016,"Dec",12,"16:35",16,35,"Monday","Slight",1,"Slight","Car occupant","Passenger","Female",14,"B","Roundabout",30,"Unclassified","Not a Pedestrian","Not a Pedestrian",424339,429261,"E01011519",2,"Mini-roundabout","Darkness - lights lit","Fine no high winds","Dry","Car occupant"
"7617","2016133CC1220",2016-12-12,2016,"Dec",12,"17:53",17,53,"Monday","Slight",5,"Slight","Car occupant","Driver or rider","Male",43,"Unclassified","Single carriageway",30,"Unclassified","Not a Pedestrian","Not a Pedestrian",433151,435257,"E01011431",2,"Crossroads","Darkness - lights lit","Raining no high winds","Wet or damp","Car occupant"
"7618","2016133CC1220",2016-12-12,2016,"Dec",12,"17:53",17,53,"Monday","Slight",5,"Slight","Car occupant","Passenger","Female",46,"Unclassified","Single carriageway",30,"Unclassified","Not a Pedestrian","Not a Pedestrian",433151,435257,"E01011431",2,"Crossroads","Darkness - lights lit","Raining no high winds","Wet or damp","Car occupant"
"7619","2016133CC1220",2016-12-12,2016,"Dec",12,"17:53",17,53,"Monday","Slight",5,"Slight","Car occupant","Passenger","Female",19,"Unclassified","Single carriageway",30,"Unclassified","Not a Pedestrian","Not a Pedestrian",433151,435257,"E01011431",2,"Crossroads","Darkness - lights lit","Raining no high winds","Wet or damp","Car occupant"
"7620","2016133CC1220",2016-12-12,2016,"Dec",12,"17:53",17,53,"Monday","Slight",5,"Slight","Car occupant","Driver or rider","Female",55,"Unclassified","Single carriageway",30,"Unclassified","Not a Pedestrian","Not a Pedestrian",433151,435257,"E01011431",2,"Crossroads","Darkness - lights lit","Raining no high winds","Wet or damp","Car occupant"
"7621","2016133CC1220",2016-12-12,2016,"Dec",12,"17:53",17,53,"Monday","Slight",5,"Slight","Car occupant","Passenger","Male",13,"Unclassified","Single carriageway",30,"Unclassified","Not a Pedestrian","Not a Pedestrian",433151,435257,"E01011431",2,"Crossroads","Darkness - lights lit","Raining no high winds","Wet or damp","Car occupant"
"7622","2016133CC1279",2016-12-12,2016,"Dec",12,"18:15",18,15,"Monday","Slight",1,"Slight","Cyclist","Driver or rider","Male",52,"Unclassified","Single carriageway",30,"Unclassified","Not a Pedestrian","Not a Pedestrian",422215,433913,"E01011610",2,"Roundabout","Darkness - lights lit","Fine no high winds","Dry","Cyclist"
"7623","2016133CC1466",2016-12-12,2016,"Dec",12,"20:00",20,0,"Monday","Slight",1,"Slight","Van / Goods vehicle (3.5 tonnes mgw or under) occupant","Driver or rider","Male",22,"A","Single carriageway",30,"Unclassified","Not a Pedestrian","Not a Pedestrian",431739,431420,"E01011468",2,"T or staggered junction","Darkness - lights lit","Fine no high winds","Dry","Bus and goods vehicle occupant"
"7624","2016133CD0350",2016-12-13,2016,"Dec",13,"08:16",8,16,"Tuesday","Slight",1,"Slight","Car occupant","Driver or rider","Female",61,"Unclassified","Single carriageway",30,"Unclassified","Not a Pedestrian","Not a Pedestrian",423866,435751,"E01011330",2,"T or staggered junction","Daylight","Fine no high winds","Dry","Car occupant"
"7625","2016133CD0639",2016-12-13,2016,"Dec",13,"12:40",12,40,"Tuesday","Serious",2,"Serious","Car occupant","Driver or rider","Male",28,"A","Dual carriageway",40,"Unclassified","Not a Pedestrian","Not a Pedestrian",426620,433883,"E01032500",2,"T or staggered junction","Daylight","Raining no high winds","Wet or damp","Car occupant"
"7626","2016133CD0639",2016-12-13,2016,"Dec",13,"12:40",12,40,"Tuesday","Serious",2,"Serious","Car occupant","Passenger","Male",33,"A","Dual carriageway",40,"Unclassified","Not a Pedestrian","Not a Pedestrian",426620,433883,"E01032500",2,"T or staggered junction","Daylight","Raining no high winds","Wet or damp","Car occupant"
"7627","2016133CD0746",2016-12-13,2016,"Dec",13,"13:54",13,54,"Tuesday","Slight",1,"Slight","Pedestrian","Pedestrian","Female",25,"Unclassified","Single carriageway",30,"Unclassified","In carriageway, crossing elsewhere","Crossing from driver's nearside",431513,434301,"E01033035",1,"T or staggered junction","Daylight","Fine no high winds","Dry","Pedestrian"
"7628","2016133CD1089",2016-12-13,2016,"Dec",13,"16:50",16,50,"Tuesday","Slight",1,"Slight","Car occupant","Driver or rider","Male",61,"A","Dual carriageway",30,"A","Not a Pedestrian","Not a Pedestrian",430784,433254,"E01033011",3,"Crossroads","Darkness - lights lit","Raining no high winds","Wet or damp","Car occupant"
"7629","2016133CD1195",2016-12-13,2016,"Dec",13,"17:55",17,55,"Tuesday","Slight",1,"Slight","Cyclist","Driver or rider","Male",59,"Unclassified","Single carriageway",30,"Unclassified","Not a Pedestrian","Not a Pedestrian",428496,431281,"E01011369",2,"T or staggered junction","Darkness - lights lit","Raining no high winds","Wet or damp","Cyclist"
"7630","2016133CD1234",2016-12-13,2016,"Dec",13,"18:00",18,0,"Tuesday","Slight",1,"Slight","Bus or coach occupant (17 or more pass seats)","Passenger","Female",18,"Unclassified","Single carriageway",30,"Unclassified","Not a Pedestrian","Not a Pedestrian",431081,433152,"E01033033",2,"T or staggered junction","Darkness - lights lit","Fine no high winds","Wet or damp","Bus and goods vehicle occupant"
"7631","2016133CE0068",2016-12-14,2016,"Dec",14,"01:05",1,5,"Wednesday","Slight",1,"Slight","Car occupant","Driver or rider","Female",28,"Motorway","Slip road",70,NA,"Not a Pedestrian","Not a Pedestrian",431816,430459,"E01011469",1,"Not at junction or within 20 metres","Darkness - lights lit","Raining no high winds","Wet or damp","Car occupant"
"7632","2016133CD0400",2016-12-14,2016,"Dec",14,"09:57",9,57,"Wednesday","Slight",4,"Slight","Van / Goods vehicle (3.5 tonnes mgw or under) occupant","Driver or rider","Male",47,"Motorway","Single carriageway",30,"Unclassified","Not a Pedestrian","Not a Pedestrian",429146,431788,"E01011366",2,"T or staggered junction","Daylight","Fine no high winds","Wet or damp","Bus and goods vehicle occupant"
"7633","2016133CD0400",2016-12-14,2016,"Dec",14,"09:57",9,57,"Wednesday","Slight",4,"Slight","Van / Goods vehicle (3.5 tonnes mgw or under) occupant","Passenger","Male",36,"Motorway","Single carriageway",30,"Unclassified","Not a Pedestrian","Not a Pedestrian",429146,431788,"E01011366",2,"T or staggered junction","Daylight","Fine no high winds","Wet or damp","Bus and goods vehicle occupant"
"7634","2016133CD0400",2016-12-14,2016,"Dec",14,"09:57",9,57,"Wednesday","Slight",4,"Slight","Taxi/Private hire car occupant","Driver or rider","Male",41,"Motorway","Single carriageway",30,"Unclassified","Not a Pedestrian","Not a Pedestrian",429146,431788,"E01011366",2,"T or staggered junction","Daylight","Fine no high winds","Wet or damp","Car occupant"
"7635","2016133CD0400",2016-12-14,2016,"Dec",14,"09:57",9,57,"Wednesday","Slight",4,"Slight","Taxi/Private hire car occupant","Passenger","Female",39,"Motorway","Single carriageway",30,"Unclassified","Not a Pedestrian","Not a Pedestrian",429146,431788,"E01011366",2,"T or staggered junction","Daylight","Fine no high winds","Wet or damp","Car occupant"
"7636","2016133CC0353",2016-12-14,2016,"Dec",14,"15:30",15,30,"Wednesday","Serious",1,"Serious","Cyclist","Driver or rider","Male",41,"Unclassified","Single carriageway",30,"Unclassified","Not a Pedestrian","Not a Pedestrian",430984,434450,"E01033031",2,"T or staggered junction","Daylight","Fine no high winds","Dry","Cyclist"
"7637","2016133CE1533",2016-12-14,2016,"Dec",14,"19:35",19,35,"Wednesday","Slight",1,"Slight","Car occupant","Driver or rider","Female",45,"Motorway","Dual carriageway",70,NA,"Not a Pedestrian","Not a Pedestrian",423318,427883,"E01011527",2,"Not at junction or within 20 metres","Darkness - lights lit","Raining no high winds","Wet or damp","Car occupant"
"7638","2016133CE1789",2016-12-14,2016,"Dec",14,"21:49",21,49,"Wednesday","Slight",1,"Slight","Car occupant","Driver or rider","Female",24,"Unclassified","Roundabout",30,"Unclassified","Not a Pedestrian","Not a Pedestrian",431482,431715,"E01011468",2,"Roundabout","Darkness - lights lit","Fine no high winds","Dry","Car occupant"
"7639","2016133CF0250",2016-12-15,2016,"Dec",15,"07:09",7,9,"Thursday","Slight",2,"Slight","Car occupant","Driver or rider","Male",35,"Unclassified","Single carriageway",60,"Unclassified","Not a Pedestrian","Not a Pedestrian",434616,441232,"E01011713",2,"Crossroads","Darkness - no lighting","Fog or mist","Wet or damp","Car occupant"
"7640","2016133CF0250",2016-12-15,2016,"Dec",15,"07:09",7,9,"Thursday","Slight",2,"Slight","Car occupant","Driver or rider","Male",41,"Unclassified","Single carriageway",60,"Unclassified","Not a Pedestrian","Not a Pedestrian",434616,441232,"E01011713",2,"Crossroads","Darkness - no lighting","Fog or mist","Wet or damp","Car occupant"
"7641","2016133CF0311",2016-12-15,2016,"Dec",15,"08:30",8,30,"Thursday","Slight",1,"Slight","Car occupant","Driver or rider","Male",59,"Unclassified","Single carriageway",40,"A","Not a Pedestrian","Not a Pedestrian",424763,427904,"E01011530",2,"T or staggered junction","Daylight","Fine no high winds","Wet or damp","Car occupant"
"7642","2016133CF0887",2016-12-15,2016,"Dec",15,"15:10",15,10,"Thursday","Slight",1,"Slight","Pedestrian","Pedestrian","Male",13,"Unclassified","Single carriageway",30,NA,"Crossing elsewhere within 50m. of pedestrian crossing","Crossing from driver's offside",430668,433452,"E01033011",1,"Not at junction or within 20 metres","Daylight","Fine no high winds","Wet or damp","Pedestrian"
"7643","2016133CF1233",2016-12-15,2016,"Dec",15,"18:10",18,10,"Thursday","Slight",2,"Slight","Car occupant","Driver or rider","Female",53,"Unclassified","Dual carriageway",40,"Unclassified","Not a Pedestrian","Not a Pedestrian",428421,432520,"E01011363",2,"Roundabout","Darkness - lights lit","Fine no high winds","Dry","Car occupant"
"7644","2016133CF1233",2016-12-15,2016,"Dec",15,"18:10",18,10,"Thursday","Slight",2,"Slight","Car occupant","Passenger","Female",38,"Unclassified","Dual carriageway",40,"Unclassified","Not a Pedestrian","Not a Pedestrian",428421,432520,"E01011363",2,"Roundabout","Darkness - lights lit","Fine no high winds","Dry","Car occupant"
"7645","2016133CG0196",2016-12-16,2016,"Dec",16,"06:32",6,32,"Friday","Slight",1,"Slight","Car occupant","Driver or rider","Female",31,"Unclassified","Single carriageway",30,"Unclassified","Not a Pedestrian","Not a Pedestrian",435151,434881,"E01011667",2,"Other junction","Darkness - lights lit","Fine no high winds","Dry","Car occupant"
"7646","2016133CG0261",2016-12-16,2016,"Dec",16,"08:04",8,4,"Friday","Slight",1,"Slight","Car occupant","Driver or rider","Female",30,"Motorway","Dual carriageway",70,NA,"Not a Pedestrian","Not a Pedestrian",428868,426431,"E01011538",2,"Not at junction or within 20 metres","Daylight","Fine no high winds","Dry","Car occupant"
"7647","2016133CG0318",2016-12-16,2016,"Dec",16,"08:55",8,55,"Friday","Slight",1,"Slight","Van / Goods vehicle (3.5 tonnes mgw or under) occupant","Driver or rider","Male",34,"Unclassified","Single carriageway",30,"Unclassified","Not a Pedestrian","Not a Pedestrian",422227,433677,"E01011610",1,"T or staggered junction","Daylight","Fine no high winds","Dry","Bus and goods vehicle occupant"
"7648","2016133CG0598",2016-12-16,2016,"Dec",16,"11:58",11,58,"Friday","Slight",1,"Slight","Motorcycle over 125cc and up to 500cc rider or  passenger","Driver or rider","Male",21,"A(M)","Dual carriageway",40,"Unclassified","Not a Pedestrian","Not a Pedestrian",429412,433946,"E01011678",2,"Slip road","Daylight","Fine no high winds","Wet or damp","Motorcyclist and pillion"
"7649","2016133CG0869",2016-12-16,2016,"Dec",16,"13:00",13,0,"Friday","Slight",1,"Slight","Pedestrian","Pedestrian","Female",36,"Unclassified","Single carriageway",30,"A","On footway or verge","Unknown or other",430064,431119,"E01011371",1,"Slip road","Daylight","Fine no high winds","Dry","Pedestrian"
"7650","2016133CG0758",2016-12-16,2016,"Dec",16,"13:20",13,20,"Friday","Slight",1,"Slight","Car occupant","Driver or rider","Female",55,"A","Single carriageway",30,"Unclassified","Not a Pedestrian","Not a Pedestrian",422948,443101,"E01032503",2,"Crossroads","Daylight","Fine no high winds","Dry","Car occupant"
"7651","2016133CG0923",2016-12-16,2016,"Dec",16,"14:45",14,45,"Friday","Slight",5,"Slight","Car occupant","Driver or rider","Male",28,"A","Dual carriageway",40,"Unclassified","Not a Pedestrian","Not a Pedestrian",435416,433579,"E01011417",4,"T or staggered junction","Daylight","Fine no high winds","Dry","Car occupant"
"7652","2016133CG0923",2016-12-16,2016,"Dec",16,"14:45",14,45,"Friday","Slight",5,"Slight","Car occupant","Driver or rider","Female",47,"A","Dual carriageway",40,"Unclassified","Not a Pedestrian","Not a Pedestrian",435416,433579,"E01011417",4,"T or staggered junction","Daylight","Fine no high winds","Dry","Car occupant"
"7653","2016133CG0923",2016-12-16,2016,"Dec",16,"14:45",14,45,"Friday","Slight",5,"Slight","Car occupant","Passenger","Female",9,"A","Dual carriageway",40,"Unclassified","Not a Pedestrian","Not a Pedestrian",435416,433579,"E01011417",4,"T or staggered junction","Daylight","Fine no high winds","Dry","Car occupant"
"7654","2016133CG0923",2016-12-16,2016,"Dec",16,"14:45",14,45,"Friday","Slight",5,"Slight","Car occupant","Passenger","Female",44,"A","Dual carriageway",40,"Unclassified","Not a Pedestrian","Not a Pedestrian",435416,433579,"E01011417",4,"T or staggered junction","Daylight","Fine no high winds","Dry","Car occupant"
"7655","2016133CG0923",2016-12-16,2016,"Dec",16,"14:45",14,45,"Friday","Slight",5,"Slight","Car occupant","Passenger","Female",8,"A","Dual carriageway",40,"Unclassified","Not a Pedestrian","Not a Pedestrian",435416,433579,"E01011417",4,"T or staggered junction","Daylight","Fine no high winds","Dry","Car occupant"
"7656","2016133CG0866",2016-12-16,2016,"Dec",16,"15:00",15,0,"Friday","Serious",2,"Slight","Pedestrian","Pedestrian","Female",74,"Unclassified","Single carriageway",30,"Unclassified","In carriageway, crossing elsewhere","Crossing from driver's offside",432716,438967,"E01011650",1,"T or staggered junction","Daylight","Fine no high winds","Wet or damp","Pedestrian"
"7657","2016133CG0866",2016-12-16,2016,"Dec",16,"15:00",15,0,"Friday","Serious",2,"Serious","Pedestrian","Pedestrian","Female",66,"Unclassified","Single carriageway",30,"Unclassified","In carriageway, crossing elsewhere","Crossing from driver's offside",432716,438967,"E01011650",1,"T or staggered junction","Daylight","Fine no high winds","Wet or damp","Pedestrian"
"7658","2016133CJ1060",2016-12-16,2016,"Dec",16,"15:15",15,15,"Friday","Serious",1,"Serious","Cyclist","Driver or rider","Male",44,"Unclassified","Single carriageway",30,NA,"Not a Pedestrian","Not a Pedestrian",436401,428390,"E01011635",1,"Not at junction or within 20 metres","Daylight","Fine no high winds","Dry","Cyclist"
"7659","2016133CG1091",2016-12-16,2016,"Dec",16,"16:05",16,5,"Friday","Slight",1,"Slight","Pedestrian","Pedestrian","Female",74,"Unclassified","Single carriageway",30,"Unclassified","In carriageway, crossing elsewhere","Crossing from driver's nearside",422424,433495,"E01011612",1,"T or staggered junction","Darkness - lights lit","Fine no high winds","Dry","Pedestrian"
"7660","2016133CF1638",2016-12-16,2016,"Dec",16,"16:38",16,38,"Friday","Slight",2,"Slight","Car occupant","Driver or rider","Female",21,"A","Dual carriageway",70,NA,"Not a Pedestrian","Not a Pedestrian",421004,434320,"E01011595",2,"Not at junction or within 20 metres","Darkness - lights lit","Fine no high winds","Dry","Car occupant"
"7661","2016133CF1638",2016-12-16,2016,"Dec",16,"16:38",16,38,"Friday","Slight",2,"Slight","Car occupant","Passenger","Female",18,"A","Dual carriageway",70,NA,"Not a Pedestrian","Not a Pedestrian",421004,434320,"E01011595",2,"Not at junction or within 20 metres","Darkness - lights lit","Fine no high winds","Dry","Car occupant"
"7662","2016133CG1145",2016-12-16,2016,"Dec",16,"16:50",16,50,"Friday","Slight",1,"Slight","Car occupant","Driver or rider","Female",26,"Motorway","Slip road",70,"Motorway","Not a Pedestrian","Not a Pedestrian",432294,425968,"E01011499",2,"Slip road","Darkness - lights lit","Fine no high winds","Dry","Car occupant"
"7663","2016133CG1628",2016-12-16,2016,"Dec",16,"20:40",20,40,"Friday","Slight",1,"Slight","Pedestrian","Pedestrian","Male",47,"Unclassified","Single carriageway",30,NA,"Unknown or other","In carriageway, stationary - not crossing  (standing or playing) - masked by parked or stationary vehicle",432219,435318,"E01011432",1,"Not at junction or within 20 metres","Darkness - lights lit","Fine no high winds","Dry","Pedestrian"
"7664","2016133CG1977",2016-12-16,2016,"Dec",16,"23:35",23,35,"Friday","Slight",1,"Slight","Car occupant","Driver or rider","Male",30,"Unclassified","Single carriageway",30,NA,"Not a Pedestrian","Not a Pedestrian",430332,433348,"E01033010",2,"Not at junction or within 20 metres","Darkness - lights lit","Fine no high winds","Dry","Car occupant"
"7665","2016133CH0085",2016-12-17,2016,"Dec",17,"00:45",0,45,"Saturday","Slight",2,"Slight","Car occupant","Driver or rider","Male",30,"Unclassified","Single carriageway",30,"Unclassified","Not a Pedestrian","Not a Pedestrian",431544,433972,"E01011349",1,"T or staggered junction","Darkness - lights lit","Fine no high winds","Dry","Car occupant"
"7666","2016133CH0085",2016-12-17,2016,"Dec",17,"00:45",0,45,"Saturday","Slight",2,"Slight","Car occupant","Passenger","Male",30,"Unclassified","Single carriageway",30,"Unclassified","Not a Pedestrian","Not a Pedestrian",431544,433972,"E01011349",1,"T or staggered junction","Darkness - lights lit","Fine no high winds","Dry","Car occupant"
"7667","2016133CH0146",2016-12-17,2016,"Dec",17,"01:18",1,18,"Saturday","Slight",3,"Slight","Car occupant","Driver or rider","Female",27,"A","Dual carriageway",30,"Unclassified","Not a Pedestrian","Not a Pedestrian",429137,435242,"E01033005",2,"T or staggered junction","Darkness - lights lit","Fine no high winds","Dry","Car occupant"
"7668","2016133CH0146",2016-12-17,2016,"Dec",17,"01:18",1,18,"Saturday","Slight",3,"Slight","Car occupant","Passenger","Female",22,"A","Dual carriageway",30,"Unclassified","Not a Pedestrian","Not a Pedestrian",429137,435242,"E01033005",2,"T or staggered junction","Darkness - lights lit","Fine no high winds","Dry","Car occupant"
"7669","2016133CH0146",2016-12-17,2016,"Dec",17,"01:18",1,18,"Saturday","Slight",3,"Slight","Car occupant","Driver or rider","Male",24,"A","Dual carriageway",30,"Unclassified","Not a Pedestrian","Not a Pedestrian",429137,435242,"E01033005",2,"T or staggered junction","Darkness - lights lit","Fine no high winds","Dry","Car occupant"
"7670","2016133CH0608",2016-12-17,2016,"Dec",17,"10:25",10,25,"Saturday","Serious",1,"Serious","Pedestrian","Pedestrian","Male",80,"Unclassified","Single carriageway",20,"Unclassified","In carriageway, crossing elsewhere","Crossing from driver's nearside",428481,437179,"E01011689",1,"T or staggered junction","Daylight","Fine no high winds","Dry","Pedestrian"
"7671","2016133CH0677",2016-12-17,2016,"Dec",17,"11:05",11,5,"Saturday","Slight",1,"Slight","Car occupant","Passenger","Female",74,"A","Roundabout",30,"Unclassified","Not a Pedestrian","Not a Pedestrian",430153,438255,"E01011514",2,"Roundabout","Daylight","Fine no high winds","Dry","Car occupant"
"7672","2016133CG0238",2016-12-18,2016,"Dec",18,"07:35",7,35,"Sunday","Slight",1,"Slight","Taxi/Private hire car occupant","Passenger","Female",24,"A(M)","Dual carriageway",40,"A","Not a Pedestrian","Not a Pedestrian",430188,434387,"E01033002",2,"Slip road","Darkness - lights lit","Fine no high winds","Dry","Car occupant"
"7673","2016133CG1273",2016-12-18,2016,"Dec",18,"17:54",17,54,"Sunday","Slight",1,"Slight","Car occupant","Passenger","Female",8,"A","Roundabout",40,"Unclassified","Not a Pedestrian","Not a Pedestrian",433337,436250,"E01011646",3,"Roundabout","Darkness - lights lit","Fine no high winds","Dry","Car occupant"
"7674","2016133CI1412",2016-12-18,2016,"Dec",18,"19:28",19,28,"Sunday","Serious",3,"Serious","Car occupant","Driver or rider","Male",29,"B","Single carriageway",30,"Unclassified","Not a Pedestrian","Not a Pedestrian",426636,433090,"E01011729",2,"Crossroads","Darkness - lights lit","Fine no high winds","Dry","Car occupant"
"7675","2016133CI1412",2016-12-18,2016,"Dec",18,"19:28",19,28,"Sunday","Serious",3,"Slight","Car occupant","Driver or rider","Male",25,"B","Single carriageway",30,"Unclassified","Not a Pedestrian","Not a Pedestrian",426636,433090,"E01011729",2,"Crossroads","Darkness - lights lit","Fine no high winds","Dry","Car occupant"
"7676","2016133CI1412",2016-12-18,2016,"Dec",18,"19:28",19,28,"Sunday","Serious",3,"Serious","Car occupant","Passenger","Female",17,"B","Single carriageway",30,"Unclassified","Not a Pedestrian","Not a Pedestrian",426636,433090,"E01011729",2,"Crossroads","Darkness - lights lit","Fine no high winds","Dry","Car occupant"
"7677","2016133CJ0217",2016-12-19,2016,"Dec",19,"05:45",5,45,"Monday","Slight",2,"Slight","Goods vehicle (7.5 tonnes mgw and over) occupant","Driver or rider","Male",27,"Motorway","Dual carriageway",70,NA,"Not a Pedestrian","Not a Pedestrian",432270,426958,"E01011499",2,"Not at junction or within 20 metres","Darkness - lights lit","Fine no high winds","Dry","Bus and goods vehicle occupant"
"7678","2016133CJ0217",2016-12-19,2016,"Dec",19,"05:45",5,45,"Monday","Slight",2,"Slight","Car occupant","Driver or rider","Male",60,"Motorway","Dual carriageway",70,NA,"Not a Pedestrian","Not a Pedestrian",432270,426958,"E01011499",2,"Not at junction or within 20 metres","Darkness - lights lit","Fine no high winds","Dry","Car occupant"
"7679","2016133CJ0270",2016-12-19,2016,"Dec",19,"07:48",7,48,"Monday","Slight",3,"Slight","Car occupant","Driver or rider","Male",62,"Motorway","Dual carriageway",60,NA,"Not a Pedestrian","Not a Pedestrian",429530,426401,"E01011538",3,"Not at junction or within 20 metres","Daylight","Fine no high winds","Dry","Car occupant"
"7680","2016133CJ0270",2016-12-19,2016,"Dec",19,"07:48",7,48,"Monday","Slight",3,"Slight","Car occupant","Driver or rider","Female",44,"Motorway","Dual carriageway",60,NA,"Not a Pedestrian","Not a Pedestrian",429530,426401,"E01011538",3,"Not at junction or within 20 metres","Daylight","Fine no high winds","Dry","Car occupant"
"7681","2016133CJ0270",2016-12-19,2016,"Dec",19,"07:48",7,48,"Monday","Slight",3,"Slight","Car occupant","Passenger","Male",13,"Motorway","Dual carriageway",60,NA,"Not a Pedestrian","Not a Pedestrian",429530,426401,"E01011538",3,"Not at junction or within 20 metres","Daylight","Fine no high winds","Dry","Car occupant"
"7682","2016133CK1466",2016-12-20,2016,"Dec",20,"09:51",9,51,"Tuesday","Slight",1,"Slight","Car occupant","Driver or rider","Male",43,"Motorway","Dual carriageway",70,"A","Not a Pedestrian","Not a Pedestrian",431960,430420,"E01011469",2,"Slip road","Daylight","Fine no high winds","Dry","Car occupant"
"7683","2016133CK0647",2016-12-20,2016,"Dec",20,"12:55",12,55,"Tuesday","Slight",1,"Slight","Pedestrian","Pedestrian","Male",46,"Unclassified","Single carriageway",30,NA,"In carriageway, crossing elsewhere","Unknown or other",431316,434917,"E01011673",1,"Not at junction or within 20 metres","Daylight","Fine no high winds","Dry","Pedestrian"
"7684","2016133CK0690",2016-12-20,2016,"Dec",20,"13:00",13,0,"Tuesday","Slight",1,"Slight","Car occupant","Driver or rider","Male",33,"A","Single carriageway",40,"Unclassified","Not a Pedestrian","Not a Pedestrian",428010,432089,"E01011362",2,"T or staggered junction","Daylight","Fine no high winds","Dry","Car occupant"
"7685","2016133CK0762",2016-12-20,2016,"Dec",20,"14:10",14,10,"Tuesday","Slight",1,"Slight","Bus or coach occupant (17 or more pass seats)","Passenger","Female",88,"Unclassified","Single carriageway",30,NA,"Not a Pedestrian","Not a Pedestrian",430643,433451,"E01033011",1,"Not at junction or within 20 metres","Daylight","Fine no high winds","Wet or damp","Bus and goods vehicle occupant"
"7686","2016133CK0738",2016-12-20,2016,"Dec",20,"14:31",14,31,"Tuesday","Slight",1,"Slight","Cyclist","Driver or rider","Male",16,"Unclassified","Single carriageway",30,"Unclassified","Not a Pedestrian","Not a Pedestrian",431813,435889,"E01011426",2,"T or staggered junction","Daylight","Raining + high winds","Wet or damp","Cyclist"
"7687","2016133CK1013",2016-12-20,2016,"Dec",20,"16:15",16,15,"Tuesday","Slight",1,"Slight","Car occupant","Driver or rider","Male",35,"B","Single carriageway",50,"B","Not a Pedestrian","Not a Pedestrian",431661,426460,"E01011499",2,"T or staggered junction","Darkness - lights lit","Fine no high winds","Wet or damp","Car occupant"