"","accident_index","date","year","month","day","time","time_hour","time_minute","day_of_week","accident_severity","number_of_casualties","casualty_severity","casualty_type","casualty_class","sex_of_casualty","age_of_casualty","first_road_class","road_type","speed_limit","second_road_class","pedestrian_location","pedestrian_movement","location_easting_osgr","location_northing_osgr","lsoa_of_accident_location","number_of_vehicles","junction_detail","light_conditions","weather_conditions","road_surface_conditions","cas_type"
"7688","2016133CK1244",2016-12-20,2016,"Dec",20,"18:20",18,20,"Tuesday","Slight",2,"Slight","Car occupant","Driver or rider","Female",27,"Motorway","Dual carriageway",50,NA,"Not a Pedestrian","Not a Pedestrian",432253,426389,"E01011499",2,"Not at junction or within 20 metres","Darkness - lights lit","Fine no high winds","Dry","Car occupant"
"7689","2016133CK1244",2016-12-20,2016,"Dec",20,"18:20",18,20,"Tuesday","Slight",2,"Slight","Car occupant","Driver or rider","Female",31,"Motorway","Dual carriageway",50,NA,"Not a Pedestrian","Not a Pedestrian",432253,426389,"E01011499",2,"Not at junction or within 20 metres","Darkness - lights lit","Fine no high winds","Dry","Car occupant"
"7690","2016133CK1621",2016-12-20,2016,"Dec",20,"21:40",21,40,"Tuesday","Slight",1,"Slight","Car occupant","Passenger","Male",30,"A","Dual carriageway",40,"Unclassified","Not a Pedestrian","Not a Pedestrian",434425,434435,"E01011341",2,"Crossroads","Darkness - lights lit","Fine no high winds","Wet or damp","Car occupant"
"7691","2016133CK1672",2016-12-20,2016,"Dec",20,"22:13",22,13,"Tuesday","Slight",2,"Slight","Car occupant","Driver or rider","Male",23,"Unclassified","Single carriageway",30,"Unclassified","Not a Pedestrian","Not a Pedestrian",435962,437146,"E01011718",3,"T or staggered junction","Darkness - lights lit","Fine no high winds","Wet or damp","Car occupant"
"7692","2016133CK1672",2016-12-20,2016,"Dec",20,"22:13",22,13,"Tuesday","Slight",2,"Slight","Car occupant","Passenger","Female",20,"Unclassified","Single carriageway",30,"Unclassified","Not a Pedestrian","Not a Pedestrian",435962,437146,"E01011718",3,"T or staggered junction","Darkness - lights lit","Fine no high winds","Wet or damp","Car occupant"
"7693","2016133CL0341",2016-12-21,2016,"Dec",21,"09:20",9,20,"Wednesday","Slight",2,"Slight","Taxi/Private hire car occupant","Driver or rider","Male",45,"A","Dual carriageway",30,"A","Not a Pedestrian","Not a Pedestrian",430980,433149,"E01033033",2,"T or staggered junction","Daylight","Fine no high winds","Wet or damp","Car occupant"
"7694","2016133CL0341",2016-12-21,2016,"Dec",21,"09:20",9,20,"Wednesday","Slight",2,"Slight","Taxi/Private hire car occupant","Passenger","Male",30,"A","Dual carriageway",30,"A","Not a Pedestrian","Not a Pedestrian",430980,433149,"E01033033",2,"T or staggered junction","Daylight","Fine no high winds","Wet or damp","Car occupant"
"7695","2016133CL0640",2016-12-21,2016,"Dec",21,"12:40",12,40,"Wednesday","Slight",1,"Slight","Cyclist","Driver or rider","Male",27,"Unclassified","Single carriageway",30,"Unclassified","Not a Pedestrian","Not a Pedestrian",429193,435346,"E01033005",2,"T or staggered junction","Daylight","Fine no high winds","Dry","Cyclist"
"7696","2016133CL0689",2016-12-21,2016,"Dec",21,"12:45",12,45,"Wednesday","Slight",2,"Slight","Car occupant","Passenger","Female",45,"A","Dual carriageway",30,"Unclassified","Not a Pedestrian","Not a Pedestrian",430177,434291,"E01033010",2,"Other junction","Daylight","Fine no high winds","Dry","Car occupant"
"7697","2016133CL0689",2016-12-21,2016,"Dec",21,"12:45",12,45,"Wednesday","Slight",2,"Slight","Car occupant","Passenger","Female",19,"A","Dual carriageway",30,"Unclassified","Not a Pedestrian","Not a Pedestrian",430177,434291,"E01033010",2,"Other junction","Daylight","Fine no high winds","Dry","Car occupant"
"7698","2016133CL0854",2016-12-21,2016,"Dec",21,"14:14",14,14,"Wednesday","Slight",1,"Slight","Pedestrian","Pedestrian","Female",74,"Unclassified","Unknown",20,"Unclassified","In carriageway, crossing elsewhere","Unknown or other",420847,441087,"E01011274",2,"T or staggered junction","Daylight","Fine no high winds","Dry","Pedestrian"
"7699","2016133CH1687",2016-12-21,2016,"Dec",21,"19:15",19,15,"Wednesday","Slight",1,"Slight","Car occupant","Driver or rider","Female",45,"Motorway","Slip road",70,"A","Not a Pedestrian","Not a Pedestrian",427559,431057,"E01011318",2,"Slip road","Darkness - lighting unknown","Fine no high winds","Dry","Car occupant"
"7700","2016133CL1403",2016-12-21,2016,"Dec",21,"19:45",19,45,"Wednesday","Slight",1,"Slight","Cyclist","Driver or rider","Male",20,"Unclassified","Single carriageway",30,"Unclassified","Not a Pedestrian","Not a Pedestrian",428102,434513,"E01011481",2,"Crossroads","Darkness - lights lit","Fine no high winds","Wet or damp","Cyclist"
"7701","2016133CL1451",2016-12-21,2016,"Dec",21,"20:15",20,15,"Wednesday","Serious",1,"Serious","Car occupant","Driver or rider","Male",24,"Motorway","Dual carriageway",70,NA,"Not a Pedestrian","Not a Pedestrian",437417,431263,"E01011402",1,"Not at junction or within 20 metres","Darkness - no lighting","Fine no high winds","Wet or damp","Car occupant"
"7702","2016133CM0249",2016-12-22,2016,"Dec",22,"07:14",7,14,"Thursday","Slight",4,"Slight","Car occupant","Driver or rider","Male",46,"Motorway","Dual carriageway",70,"Motorway","Not a Pedestrian","Not a Pedestrian",431900,425447,"E01011551",3,"Slip road","Darkness - lights lit","Fine no high winds","Wet or damp","Car occupant"
"7703","2016133CM0249",2016-12-22,2016,"Dec",22,"07:14",7,14,"Thursday","Slight",4,"Slight","Car occupant","Passenger","Female",14,"Motorway","Dual carriageway",70,"Motorway","Not a Pedestrian","Not a Pedestrian",431900,425447,"E01011551",3,"Slip road","Darkness - lights lit","Fine no high winds","Wet or damp","Car occupant"
"7704","2016133CM0249",2016-12-22,2016,"Dec",22,"07:14",7,14,"Thursday","Slight",4,"Slight","Car occupant","Driver or rider","Female",57,"Motorway","Dual carriageway",70,"Motorway","Not a Pedestrian","Not a Pedestrian",431900,425447,"E01011551",3,"Slip road","Darkness - lights lit","Fine no high winds","Wet or damp","Car occupant"
"7705","2016133CM0249",2016-12-22,2016,"Dec",22,"07:14",7,14,"Thursday","Slight",4,"Slight","Car occupant","Driver or rider","Female",29,"Motorway","Dual carriageway",70,"Motorway","Not a Pedestrian","Not a Pedestrian",431900,425447,"E01011551",3,"Slip road","Darkness - lights lit","Fine no high winds","Wet or damp","Car occupant"
"7706","2016133CM0334",2016-12-22,2016,"Dec",22,"08:59",8,59,"Thursday","Slight",1,"Slight","Cyclist","Driver or rider","Male",69,"A","Slip road",30,"Motorway","Not a Pedestrian","Not a Pedestrian",442207,434632,"E01011297",2,"Slip road","Daylight","Fine no high winds","Wet or damp","Cyclist"
"7707","2016133CM0497",2016-12-22,2016,"Dec",22,"11:10",11,10,"Thursday","Slight",1,"Slight","Car occupant","Driver or rider","Male",54,"Motorway","Dual carriageway",70,NA,"Not a Pedestrian","Not a Pedestrian",433298,429642,"E01011639",2,"Not at junction or within 20 metres","Daylight","Fine no high winds","Dry","Car occupant"
"7708","2016133CM0726",2016-12-22,2016,"Dec",22,"12:30",12,30,"Thursday","Slight",2,"Slight","Bus or coach occupant (17 or more pass seats)","Passenger","Female",51,"Unclassified","Single carriageway",30,NA,"Not a Pedestrian","Not a Pedestrian",430378,433537,"E01033010",1,"Not at junction or within 20 metres","Daylight","Fine no high winds","Dry","Bus and goods vehicle occupant"
"7709","2016133CM0726",2016-12-22,2016,"Dec",22,"12:30",12,30,"Thursday","Slight",2,"Slight","Bus or coach occupant (17 or more pass seats)","Passenger","Female",81,"Unclassified","Single carriageway",30,NA,"Not a Pedestrian","Not a Pedestrian",430378,433537,"E01033010",1,"Not at junction or within 20 metres","Daylight","Fine no high winds","Dry","Bus and goods vehicle occupant"
"7710","2016133CM1153",2016-12-22,2016,"Dec",22,"17:17",17,17,"Thursday","Slight",1,"Slight","Car occupant","Driver or rider","Male",19,"A(M)","Dual carriageway",70,NA,"Not a Pedestrian","Not a Pedestrian",443361,438884,"E01011309",1,"Not at junction or within 20 metres","Darkness - lights lit","Fine no high winds","Dry","Car occupant"
"7711","2016133CN0283",2016-12-23,2016,"Dec",23,"08:00",8,0,"Friday","Slight",1,"Slight","Car occupant","Driver or rider","Female",20,"A","Dual carriageway",30,"Unclassified","Not a Pedestrian","Not a Pedestrian",428010,434343,"E01011481",2,"Crossroads","Daylight","Fine no high winds","Dry","Car occupant"
"7712","2016133CN0944",2016-12-23,2016,"Dec",23,"15:30",15,30,"Friday","Slight",1,"Slight","Car occupant","Driver or rider","Male",23,"Unclassified","Single carriageway",30,"Unclassified","Not a Pedestrian","Not a Pedestrian",431112,432101,"E01011467",2,"T or staggered junction","Daylight","Fine no high winds","Dry","Car occupant"
"7713","2016133CN1740",2016-12-23,2016,"Dec",23,"23:45",23,45,"Friday","Slight",1,"Slight","Car occupant","Driver or rider","Female",21,"Unclassified","Single carriageway",30,"Unclassified","Not a Pedestrian","Not a Pedestrian",427693,434468,"E01011483",2,"T or staggered junction","Darkness - lights lit","Fine no high winds","Dry","Car occupant"
"7714","2016133CO0893",2016-12-24,2016,"Dec",24,"12:00",12,0,"Saturday","Slight",1,"Slight","Cyclist","Driver or rider","Male",22,"A","Roundabout",30,"Motorway","Not a Pedestrian","Not a Pedestrian",442200,434494,"E01011297",2,"Roundabout","Daylight","Fine no high winds","Dry","Cyclist"
"7715","2016133CP0716",2016-12-25,2016,"Dec",25,"15:44",15,44,"Sunday","Serious",2,"Serious","Car occupant","Driver or rider","Male",79,"A","Single carriageway",30,NA,"Not a Pedestrian","Not a Pedestrian",417962,442826,"E01011266",2,"Not at junction or within 20 metres","Darkness - lights lit","Fine no high winds","Wet or damp","Car occupant"
"7716","2016133CP0716",2016-12-25,2016,"Dec",25,"15:44",15,44,"Sunday","Serious",2,"Slight","Car occupant","Driver or rider","Male",25,"A","Single carriageway",30,NA,"Not a Pedestrian","Not a Pedestrian",417962,442826,"E01011266",2,"Not at junction or within 20 metres","Darkness - lights lit","Fine no high winds","Wet or damp","Car occupant"
"7717","2016133CQ0439",2016-12-26,2016,"Dec",26,"10:40",10,40,"Monday","Slight",1,"Slight","Van / Goods vehicle (3.5 tonnes mgw or under) occupant","Passenger","Female",38,"A","Single carriageway",50,"Unclassified","Not a Pedestrian","Not a Pedestrian",435935,440522,"E01011311",2,"Private drive or entrance","Daylight","Fine no high winds","Dry","Bus and goods vehicle occupant"
"7718","20161341F0446",2016-12-26,2016,"Dec",26,"17:30",17,30,"Monday","Serious",1,"Serious","Pedestrian","Pedestrian","Male",36,"Unclassified","Single carriageway",30,NA,"On footway or verge","Walking along in carriageway, back to traffic",427222,433739,"E01011284",1,"Not at junction or within 20 metres","Darkness - lights lit","Fine no high winds","Dry","Pedestrian"
"7719","2016133CQ1029",2016-12-26,2016,"Dec",26,"17:55",17,55,"Monday","Serious",1,"Serious","Pedestrian","Pedestrian","Female",33,"A","Dual carriageway",40,NA,"Crossing on pedestrian crossing facility","Crossing from driver's offside",425504,432825,"E01011730",1,"Not at junction or within 20 metres","Darkness - lights lit","Fine no high winds","Dry","Pedestrian"
"7720","2016133CQ1200",2016-12-26,2016,"Dec",26,"19:33",19,33,"Monday","Slight",1,"Slight","Pedestrian","Pedestrian","Male",22,"Unclassified","Single carriageway",30,NA,"In carriageway, crossing elsewhere","Unknown or other",428758,430830,"E01011315",1,"Not at junction or within 20 metres","Daylight","Fine no high winds","Dry","Pedestrian"
"7721","2016133CQ1471",2016-12-26,2016,"Dec",26,"22:10",22,10,"Monday","Slight",3,"Slight","Car occupant","Driver or rider","Male",20,"A","Dual carriageway",40,NA,"Not a Pedestrian","Not a Pedestrian",424025,428223,"E01011523",2,"Not at junction or within 20 metres","Darkness - lights lit","Fine no high winds","Wet or damp","Car occupant"
"7722","2016133CQ1471",2016-12-26,2016,"Dec",26,"22:10",22,10,"Monday","Slight",3,"Slight","Car occupant","Passenger","Female",18,"A","Dual carriageway",40,NA,"Not a Pedestrian","Not a Pedestrian",424025,428223,"E01011523",2,"Not at junction or within 20 metres","Darkness - lights lit","Fine no high winds","Wet or damp","Car occupant"
"7723","2016133CQ1471",2016-12-26,2016,"Dec",26,"22:10",22,10,"Monday","Slight",3,"Slight","Other vehicle occupant","Driver or rider","Male",47,"A","Dual carriageway",40,NA,"Not a Pedestrian","Not a Pedestrian",424025,428223,"E01011523",2,"Not at junction or within 20 metres","Darkness - lights lit","Fine no high winds","Wet or damp","Others"
"7724","2016133CQ1650",2016-12-26,2016,"Dec",26,"23:55",23,55,"Monday","Serious",2,"Slight","Car occupant","Driver or rider","Male",22,"Unclassified","Single carriageway",30,NA,"Not a Pedestrian","Not a Pedestrian",433235,433028,"E01011621",5,"Not at junction or within 20 metres","Darkness - lights lit","Fine no high winds","Wet or damp","Car occupant"
"7725","2016133CQ1650",2016-12-26,2016,"Dec",26,"23:55",23,55,"Monday","Serious",2,"Serious","Car occupant","Passenger","Female",21,"Unclassified","Single carriageway",30,NA,"Not a Pedestrian","Not a Pedestrian",433235,433028,"E01011621",5,"Not at junction or within 20 metres","Darkness - lights lit","Fine no high winds","Wet or damp","Car occupant"
"7726","2016133CS0222",2016-12-28,2016,"Dec",28,"07:15",7,15,"Wednesday","Slight",1,"Slight","Car occupant","Driver or rider","Female",36,"Unclassified","Single carriageway",40,NA,"Not a Pedestrian","Not a Pedestrian",420072,435762,"E01011590",1,"Not at junction or within 20 metres","Darkness - lights lit","Fine no high winds","Frost or ice","Car occupant"
"7727","2016133CS0508",2016-12-28,2016,"Dec",28,"11:50",11,50,"Wednesday","Slight",2,"Slight","Car occupant","Driver or rider","Female",60,"Unclassified","Single carriageway",30,"Unclassified","Not a Pedestrian","Not a Pedestrian",426638,427220,"E01011547",2,"T or staggered junction","Daylight","Fine no high winds","Wet or damp","Car occupant"
"7728","2016133CS0508",2016-12-28,2016,"Dec",28,"11:50",11,50,"Wednesday","Slight",2,"Slight","Car occupant","Driver or rider","Female",39,"Unclassified","Single carriageway",30,"Unclassified","Not a Pedestrian","Not a Pedestrian",426638,427220,"E01011547",2,"T or staggered junction","Daylight","Fine no high winds","Wet or damp","Car occupant"
"7729","2016133CS0678",2016-12-28,2016,"Dec",28,"13:20",13,20,"Wednesday","Slight",4,"Slight","Car occupant","Driver or rider","Male",30,"Unclassified","Single carriageway",30,"Unclassified","Not a Pedestrian","Not a Pedestrian",431521,434303,"E01033035",2,"T or staggered junction","Daylight","Fine no high winds","Wet or damp","Car occupant"
"7730","2016133CS0678",2016-12-28,2016,"Dec",28,"13:20",13,20,"Wednesday","Slight",4,"Slight","Car occupant","Passenger","Male",7,"Unclassified","Single carriageway",30,"Unclassified","Not a Pedestrian","Not a Pedestrian",431521,434303,"E01033035",2,"T or staggered junction","Daylight","Fine no high winds","Wet or damp","Car occupant"
"7731","2016133CS0678",2016-12-28,2016,"Dec",28,"13:20",13,20,"Wednesday","Slight",4,"Slight","Car occupant","Passenger","Male",6,"Unclassified","Single carriageway",30,"Unclassified","Not a Pedestrian","Not a Pedestrian",431521,434303,"E01033035",2,"T or staggered junction","Daylight","Fine no high winds","Wet or damp","Car occupant"
"7732","2016133CS0678",2016-12-28,2016,"Dec",28,"13:20",13,20,"Wednesday","Slight",4,"Slight","Car occupant","Passenger","Female",4,"Unclassified","Single carriageway",30,"Unclassified","Not a Pedestrian","Not a Pedestrian",431521,434303,"E01033035",2,"T or staggered junction","Daylight","Fine no high winds","Wet or damp","Car occupant"
"7733","2016133CT0534",2016-12-29,2016,"Dec",29,"11:43",11,43,"Thursday","Slight",1,"Slight","Car occupant","Driver or rider","Male",25,"Motorway","Dual carriageway",70,NA,"Not a Pedestrian","Not a Pedestrian",440169,434251,"E01011296",2,"Not at junction or within 20 metres","Daylight","Fine no high winds","Frost or ice","Car occupant"
"7734","2016133CT0550",2016-12-29,2016,"Dec",29,"11:45",11,45,"Thursday","Slight",1,"Slight","Van / Goods vehicle (3.5 tonnes mgw or under) occupant","Driver or rider","Male",22,"Unclassified","Single carriageway",20,"Unclassified","Not a Pedestrian","Not a Pedestrian",427492,430615,"E01011318",1,"T or staggered junction","Daylight","Fine no high winds","Frost or ice","Bus and goods vehicle occupant"
"7735","2016133CT0978",2016-12-29,2016,"Dec",29,"13:50",13,50,"Thursday","Slight",1,"Slight","Bus or coach occupant (17 or more pass seats)","Passenger","Female",82,"Unclassified","Single carriageway",30,NA,"Not a Pedestrian","Not a Pedestrian",420763,441191,"E01011269",1,"Not at junction or within 20 metres","Daylight","Fine no high winds","Dry","Bus and goods vehicle occupant"
"7736","2016133CT0794",2016-12-29,2016,"Dec",29,"14:05",14,5,"Thursday","Slight",1,"Slight","Cyclist","Driver or rider","Male",66,"Unclassified","Single carriageway",20,NA,"Not a Pedestrian","Not a Pedestrian",427074,434913,"E01011482",2,"Not at junction or within 20 metres","Daylight","Fine no high winds","Frost or ice","Cyclist"
"7737","2016133CT1005",2016-12-29,2016,"Dec",29,"15:53",15,53,"Thursday","Slight",1,"Slight","Car occupant","Driver or rider","Male",41,"A","Single carriageway",30,"A","Not a Pedestrian","Not a Pedestrian",424159,444000,"E01032503",2,"T or staggered junction","Darkness - lights lit","Fine no high winds","Dry","Car occupant"
"7738","2016133CT1179",2016-12-29,2016,"Dec",29,"17:25",17,25,"Thursday","Slight",1,"Slight","Pedestrian","Pedestrian","Female",23,"Unclassified","One way street",30,"Unclassified","Crossing on pedestrian crossing facility","Crossing from offside - masked by  parked or stationary vehicle",429839,433406,"E01033016",1,"T or staggered junction","Darkness - lights lit","Fine no high winds","Dry","Pedestrian"
"7739","2016133CT1407",2016-12-29,2016,"Dec",29,"19:51",19,51,"Thursday","Slight",1,"Slight","Car occupant","Driver or rider","Female",66,"A","Roundabout",30,"Unclassified","Not a Pedestrian","Not a Pedestrian",436884,433607,"E01011411",3,"Roundabout","Darkness - lights lit","Fine no high winds","Dry","Car occupant"
"7740","2016133CU0772",2016-12-30,2016,"Dec",30,"15:00",15,0,"Friday","Slight",1,"Slight","Car occupant","Driver or rider","Female",30,"Unclassified","Single carriageway",30,"Unclassified","Not a Pedestrian","Not a Pedestrian",427629,433965,"E01011284",4,"T or staggered junction","Daylight","Fine no high winds","Dry","Car occupant"
"7741","2016133CV0486",2016-12-30,2016,"Dec",30,"21:50",21,50,"Friday","Slight",1,"Slight","Cyclist","Driver or rider","Male",20,"Unclassified","Single carriageway",30,"Unclassified","Not a Pedestrian","Not a Pedestrian",430904,435552,"E01011360",2,"T or staggered junction","Darkness - lights lit","Fine no high winds","Dry","Cyclist"
"7742","2016133CV0712",2016-12-31,2016,"Dec",31,"13:50",13,50,"Saturday","Slight",1,"Slight","Car occupant","Passenger","Male",4,"A","Roundabout",30,"A","Not a Pedestrian","Not a Pedestrian",427934,426304,"E01011550",2,"Roundabout","Daylight","Fine no high winds","Dry","Car occupant"
"7743","2016133CV0884",2016-12-31,2016,"Dec",31,"15:15",15,15,"Saturday","Slight",1,"Slight","Car occupant","Driver or rider","Female",24,"Motorway","Roundabout",60,"A","Not a Pedestrian","Not a Pedestrian",442203,434488,"E01011297",2,"Roundabout","Daylight","Fine no high winds","Dry","Car occupant"
"7744","2016133CV1171",2016-12-31,2016,"Dec",31,"18:50",18,50,"Saturday","Slight",1,"Slight","Motorcycle 125cc and under rider or passenger","Driver or rider","Male",29,"Unclassified","Single carriageway",30,NA,"Not a Pedestrian","Not a Pedestrian",423815,434248,"E01011608",2,"Not at junction or within 20 metres","Darkness - lights lit","Fine no high winds","Wet or damp","Motorcyclist and pillion"
"7745","2016133CV1423",2016-12-31,2016,"Dec",31,"21:55",21,55,"Saturday","Slight",1,"Slight","Car occupant","Driver or rider","Female",30,"Unclassified","Single carriageway",30,"Unclassified","Not a Pedestrian","Not a Pedestrian",427102,427700,"E01032492",2,"T or staggered junction","Darkness - lights lit","Fine no high winds","Wet or damp","Car occupant"
"7746","2017134110858",2017-01-01,2017,"Jan",1,"08:05",8,5,"Sunday","Slight",2,"Slight","Car occupant","Driver or rider","Male",32,"A","Single carriageway",40,"Unclassified","Not a Pedestrian","Not a Pedestrian",428940,429856,"E01011320",2,"Crossroads","Daylight","Fine no high winds","Wet or damp","Car occupant"
"7747","2017134110858",2017-01-01,2017,"Jan",1,"08:05",8,5,"Sunday","Slight",2,"Slight","Car occupant","Driver or rider","Male",30,"A","Single carriageway",40,"Unclassified","Not a Pedestrian","Not a Pedestrian",428940,429856,"E01011320",2,"Crossroads","Daylight","Fine no high winds","Wet or damp","Car occupant"
"7748","2017134111706",2017-01-01,2017,"Jan",1,"12:00",12,0,"Sunday","Slight",1,"Slight","Car occupant","Driver or rider","Female",34,"Unclassified","Single carriageway",30,NA,"Not a Pedestrian","Not a Pedestrian",435946,436807,"E01011720",2,"Not at junction or within 20 metres","Daylight","Fine no high winds","Dry","Car occupant"
"7749","2017134111495",2017-01-01,2017,"Jan",1,"17:05",17,5,"Sunday","Slight",1,"Slight","Car occupant","Passenger","Female",26,"Unclassified","Single carriageway",30,"A","Not a Pedestrian","Not a Pedestrian",429899,434277,"E01033008",2,"Crossroads","Darkness - lights lit","Raining no high winds","Wet or damp","Car occupant"
"7750","2017134120471",2017-01-02,2017,"Jan",2,"12:30",12,30,"Monday","Slight",2,"Slight","Car occupant","Driver or rider","Male",39,"A(M)","Dual carriageway",70,NA,"Not a Pedestrian","Not a Pedestrian",443658,436768,"E01011297",3,"Not at junction or within 20 metres","Daylight","Fine no high winds","Dry","Car occupant"
"7751","2017134120471",2017-01-02,2017,"Jan",2,"12:30",12,30,"Monday","Slight",2,"Slight","Car occupant","Driver or rider","Female",69,"A(M)","Dual carriageway",70,NA,"Not a Pedestrian","Not a Pedestrian",443658,436768,"E01011297",3,"Not at junction or within 20 metres","Daylight","Fine no high winds","Dry","Car occupant"
"7752","2017134121066",2017-01-02,2017,"Jan",2,"18:00",18,0,"Monday","Slight",1,"Slight","Motorcycle over 125cc and up to 500cc rider or  passenger","Driver or rider","Male",36,"Unclassified","Single carriageway",30,"Unclassified","Not a Pedestrian","Not a Pedestrian",430501,437057,"E01011352",2,"Other junction","Darkness - lights lit","Fine no high winds","Dry","Motorcyclist and pillion"
"7753","2017134121054",2017-01-02,2017,"Jan",2,"18:07",18,7,"Monday","Serious",3,"Slight","Car occupant","Driver or rider","Male",18,"Motorway","Dual carriageway",70,NA,"Not a Pedestrian","Not a Pedestrian",442103,434572,"E01011297",2,"Not at junction or within 20 metres","Darkness - no lighting","Fine no high winds","Dry","Car occupant"
"7754","2017134121054",2017-01-02,2017,"Jan",2,"18:07",18,7,"Monday","Serious",3,"Serious","Car occupant","Passenger","Female",17,"Motorway","Dual carriageway",70,NA,"Not a Pedestrian","Not a Pedestrian",442103,434572,"E01011297",2,"Not at junction or within 20 metres","Darkness - no lighting","Fine no high winds","Dry","Car occupant"
"7755","2017134121054",2017-01-02,2017,"Jan",2,"18:07",18,7,"Monday","Serious",3,"Slight","Car occupant","Passenger","Female",19,"Motorway","Dual carriageway",70,NA,"Not a Pedestrian","Not a Pedestrian",442103,434572,"E01011297",2,"Not at junction or within 20 metres","Darkness - no lighting","Fine no high winds","Dry","Car occupant"
"7756","2017134121358",2017-01-02,2017,"Jan",2,"21:20",21,20,"Monday","Serious",1,"Serious","Pedestrian","Pedestrian","Male",50,"Unclassified","Single carriageway",20,"Unclassified","In carriageway, crossing elsewhere","Crossing from driver's nearside",431382,438004,"E01011504",1,"T or staggered junction","Darkness - lights lit","Fine no high winds","Wet or damp","Pedestrian"
"7757","2017134130470",2017-01-03,2017,"Jan",3,"11:15",11,15,"Tuesday","Slight",1,"Slight","Car occupant","Driver or rider","Female",67,"Unclassified","Single carriageway",30,NA,"Not a Pedestrian","Not a Pedestrian",420176,445342,"E01011569",2,"Not at junction or within 20 metres","Daylight","Fine no high winds","Dry","Car occupant"
"7758","2017134170512",2017-01-03,2017,"Jan",3,"17:30",17,30,"Tuesday","Slight",2,"Slight","Other vehicle occupant","Driver or rider","Male",46,"Motorway","Slip road",70,"A","Not a Pedestrian","Not a Pedestrian",435907,425856,"E01011636",2,"T or staggered junction","Darkness - lights lit","Fine no high winds","Dry","Others"
"7759","2017134170512",2017-01-03,2017,"Jan",3,"17:30",17,30,"Tuesday","Slight",2,"Slight","Other vehicle occupant","Passenger","Female",32,"Motorway","Slip road",70,"A","Not a Pedestrian","Not a Pedestrian",435907,425856,"E01011636",2,"T or staggered junction","Darkness - lights lit","Fine no high winds","Dry","Others"
"7760","2017134140404",2017-01-04,2017,"Jan",4,"10:48",10,48,"Wednesday","Serious",1,"Serious","Cyclist","Driver or rider","Male",82,"A","Roundabout",30,"A","Not a Pedestrian","Not a Pedestrian",421525,428537,"E01011527",2,"Roundabout","Daylight","Fine no high winds","Wet or damp","Cyclist"
"7761","2017134140453",2017-01-04,2017,"Jan",4,"11:30",11,30,"Wednesday","Slight",2,"Slight","Car occupant","Driver or rider","Male",72,"Unclassified","Single carriageway",30,"Unclassified","Not a Pedestrian","Not a Pedestrian",427512,432598,"E01011362",2,"T or staggered junction","Daylight","Fine no high winds","Dry","Car occupant"
"7762","2017134140453",2017-01-04,2017,"Jan",4,"11:30",11,30,"Wednesday","Slight",2,"Slight","Car occupant","Passenger","Female",71,"Unclassified","Single carriageway",30,"Unclassified","Not a Pedestrian","Not a Pedestrian",427512,432598,"E01011362",2,"T or staggered junction","Daylight","Fine no high winds","Dry","Car occupant"
"7763","2017134140460",2017-01-04,2017,"Jan",4,"11:32",11,32,"Wednesday","Slight",1,"Slight","Pedestrian","Pedestrian","Female",86,"Unclassified","Single carriageway",30,NA,"Crossing on pedestrian crossing facility","Crossing from driver's nearside",440390,433058,"E01011396",1,"Not at junction or within 20 metres","Daylight","Fine no high winds","Dry","Pedestrian"
"7764","2017134141114",2017-01-04,2017,"Jan",4,"16:45",16,45,"Wednesday","Slight",1,"Slight","Car occupant","Driver or rider","Male",23,"A","Roundabout",40,"Unclassified","Not a Pedestrian","Not a Pedestrian",429926,437020,"E01011355",2,"Roundabout","Darkness - lights lit","Fine no high winds","Dry","Car occupant"
"7765","2017134141066",2017-01-04,2017,"Jan",4,"17:00",17,0,"Wednesday","Serious",1,"Serious","Motorcycle 50cc and under rider or passenger","Driver or rider","Male",42,"A","Dual carriageway",40,"A","Not a Pedestrian","Not a Pedestrian",428934,433453,"E01011363",2,"Slip road","Darkness - lights lit","Fine no high winds","Dry","Motorcyclist and pillion"
"7766","2017134141070",2017-01-04,2017,"Jan",4,"17:10",17,10,"Wednesday","Slight",1,"Slight","Motorcycle 50cc and under rider or passenger","Driver or rider","Male",48,"Unclassified","Single carriageway",30,NA,"Not a Pedestrian","Not a Pedestrian",431409,429362,"E01011475",1,"Not at junction or within 20 metres","Darkness - lights lit","Fine no high winds","Dry","Motorcyclist and pillion"
"7767","2017134150393",2017-01-05,2017,"Jan",5,"10:05",10,5,"Thursday","Slight",1,"Slight","Pedestrian","Pedestrian","Male",30,"A","Roundabout",40,"B","Crossing elsewhere within 50m. of pedestrian crossing","Crossing from offside - masked by  parked or stationary vehicle",429962,436643,"E01011350",1,"Roundabout","Daylight","Fine no high winds","Dry","Pedestrian"
"7768","2017134150550",2017-01-05,2017,"Jan",5,"12:00",12,0,"Thursday","Slight",1,"Slight","Car occupant","Driver or rider","Female",26,"Unclassified","Single carriageway",30,NA,"Not a Pedestrian","Not a Pedestrian",426818,435487,"E01011477",2,"Not at junction or within 20 metres","Daylight","Other","Frost or ice","Car occupant"
"7769","2017134150991",2017-01-05,2017,"Jan",5,"15:50",15,50,"Thursday","Slight",1,"Slight","Pedestrian","Pedestrian","Male",20,"Unclassified","Single carriageway",30,NA,"In carriageway, crossing elsewhere","Crossing from driver's nearside",432483,433871,"E01011348",1,"Not at junction or within 20 metres","Daylight","Fine no high winds","Dry","Pedestrian"