"","accident_index","date","year","month","day","time","time_hour","time_minute","day_of_week","accident_severity","number_of_casualties","casualty_severity","casualty_type","casualty_class","sex_of_casualty","age_of_casualty","first_road_class","road_type","speed_limit","second_road_class","pedestrian_location","pedestrian_movement","location_easting_osgr","location_northing_osgr","lsoa_of_accident_location","number_of_vehicles","junction_detail","light_conditions","weather_conditions","road_surface_conditions","cas_type"
"7770","20171341I1381",2017-01-05,2017,"Jan",5,"17:40",17,40,"Thursday","Serious",1,"Serious","Pedestrian","Pedestrian","Male",34,"A","Single carriageway",30,"Unclassified","Crossing on pedestrian crossing facility","Crossing from driver's nearside",427999,436010,"E01011440",1,"T or staggered junction","Darkness - lights lit","Fine no high winds","Wet or damp","Pedestrian"
"7771","2017134161249",2017-01-06,2017,"Jan",6,"18:57",18,57,"Friday","Slight",1,"Slight","Car occupant","Passenger","Male",25,"A","Dual carriageway",30,NA,"Not a Pedestrian","Not a Pedestrian",428268,434138,"E01011681",2,"Not at junction or within 20 metres","Darkness - lighting unknown","Fine no high winds","Dry","Car occupant"
"7772","2017134161393",2017-01-06,2017,"Jan",6,"20:10",20,10,"Friday","Slight",4,"Slight","Car occupant","Driver or rider","Female",42,"B","Roundabout",30,"B","Not a Pedestrian","Not a Pedestrian",426232,427445,"E01011541",2,"Roundabout","Darkness - lights lit","Fine no high winds","Wet or damp","Car occupant"
"7773","2017134161393",2017-01-06,2017,"Jan",6,"20:10",20,10,"Friday","Slight",4,"Slight","Car occupant","Passenger","Female",10,"B","Roundabout",30,"B","Not a Pedestrian","Not a Pedestrian",426232,427445,"E01011541",2,"Roundabout","Darkness - lights lit","Fine no high winds","Wet or damp","Car occupant"
"7774","2017134161393",2017-01-06,2017,"Jan",6,"20:10",20,10,"Friday","Slight",4,"Slight","Car occupant","Passenger","Female",10,"B","Roundabout",30,"B","Not a Pedestrian","Not a Pedestrian",426232,427445,"E01011541",2,"Roundabout","Darkness - lights lit","Fine no high winds","Wet or damp","Car occupant"
"7775","2017134161393",2017-01-06,2017,"Jan",6,"20:10",20,10,"Friday","Slight",4,"Slight","Car occupant","Passenger","Female",11,"B","Roundabout",30,"B","Not a Pedestrian","Not a Pedestrian",426232,427445,"E01011541",2,"Roundabout","Darkness - lights lit","Fine no high winds","Wet or damp","Car occupant"
"7776","2017134170465",2017-01-07,2017,"Jan",7,"09:56",9,56,"Saturday","Slight",1,"Slight","Cyclist","Driver or rider","Male",48,"Unclassified","Single carriageway",30,"Unclassified","Not a Pedestrian","Not a Pedestrian",419001,442121,"E01011265",2,"T or staggered junction","Daylight","Fine no high winds","Dry","Cyclist"
"7777","2017134170476",2017-01-07,2017,"Jan",7,"10:04",10,4,"Saturday","Slight",1,"Slight","Cyclist","Driver or rider","Male",46,"A","Single carriageway",40,NA,"Not a Pedestrian","Not a Pedestrian",418684,445539,"E01011582",2,"Not at junction or within 20 metres","Daylight","Fine no high winds","Wet or damp","Cyclist"
"7778","2017134170626",2017-01-07,2017,"Jan",7,"11:00",11,0,"Saturday","Slight",1,"Slight","Cyclist","Driver or rider","Male",51,"A","Slip road",30,"A","Not a Pedestrian","Not a Pedestrian",430604,434563,"E01011671",2,"T or staggered junction","Daylight","Fine no high winds","Dry","Cyclist"
"7779","2017134C71829",2017-01-07,2017,"Jan",7,"18:00",18,0,"Saturday","Slight",1,"Slight","Taxi/Private hire car occupant","Passenger","Female",15,"Unclassified","Single carriageway",20,NA,"Not a Pedestrian","Not a Pedestrian",431177,431732,"E01011467",1,"Not at junction or within 20 metres","Darkness - lights lit","Fine no high winds","Dry","Car occupant"
"7780","2017134171908",2017-01-07,2017,"Jan",7,"23:33",23,33,"Saturday","Slight",1,"Slight","Car occupant","Driver or rider","Male",20,"Unclassified","Single carriageway",30,"Unclassified","Not a Pedestrian","Not a Pedestrian",431003,434499,"E01033003",1,"T or staggered junction","Darkness - lights lit","Fine no high winds","Wet or damp","Car occupant"
"7781","2017134190321",2017-01-09,2017,"Jan",9,"08:47",8,47,"Monday","Slight",2,"Slight","Car occupant","Driver or rider","Male",61,"A","Single carriageway",50,"Unclassified","Not a Pedestrian","Not a Pedestrian",422393,442334,"E01032503",3,"T or staggered junction","Daylight","Raining no high winds","Wet or damp","Car occupant"
"7782","2017134190321",2017-01-09,2017,"Jan",9,"08:47",8,47,"Monday","Slight",2,"Slight","Car occupant","Passenger","Female",29,"A","Single carriageway",50,"Unclassified","Not a Pedestrian","Not a Pedestrian",422393,442334,"E01032503",3,"T or staggered junction","Daylight","Raining no high winds","Wet or damp","Car occupant"
"7783","2017134190351",2017-01-09,2017,"Jan",9,"09:12",9,12,"Monday","Slight",1,"Slight","Car occupant","Driver or rider","Female",31,"Motorway","Dual carriageway",50,NA,"Not a Pedestrian","Not a Pedestrian",429125,431824,"E01011368",2,"Not at junction or within 20 metres","Daylight","Fine no high winds","Dry","Car occupant"
"7784","2017134190923",2017-01-09,2017,"Jan",9,"15:10",15,10,"Monday","Slight",1,"Slight","Car occupant","Passenger","Female",38,"A","Single carriageway",40,"Unclassified","Not a Pedestrian","Not a Pedestrian",422670,437868,"E01011458",2,"T or staggered junction","Daylight","Raining no high winds","Wet or damp","Car occupant"
"7785","2017134191303",2017-01-09,2017,"Jan",9,"18:53",18,53,"Monday","Slight",1,"Slight","Car occupant","Driver or rider","Female",24,"A(M)","Dual carriageway",40,NA,"Not a Pedestrian","Not a Pedestrian",429284,433672,"E01011678",3,"Not at junction or within 20 metres","Darkness - lights lit","Fine no high winds","Wet or damp","Car occupant"
"7786","20171341S0531",2017-01-10,2017,"Jan",10,"07:25",7,25,"Tuesday","Slight",1,"Slight","Pedestrian","Pedestrian","Male",32,"B","Single carriageway",20,NA,"In carriageway, crossing elsewhere","Crossing from nearside - masked by parked or stationary vehicle",433001,426259,"E01011500",1,"Not at junction or within 20 metres","Darkness - lighting unknown","Fine no high winds","Dry","Pedestrian"
"7787","20171341A1358",2017-01-10,2017,"Jan",10,"09:54",9,54,"Tuesday","Slight",4,"Slight","Pedestrian","Pedestrian","Male",41,"Unclassified","Dual carriageway",30,NA,"Crossing on pedestrian crossing facility","Unknown or other",431081,430345,"E01011473",3,"Not at junction or within 20 metres","Darkness - lights lit","Fine no high winds","Dry","Pedestrian"
"7788","20171341A1358",2017-01-10,2017,"Jan",10,"09:54",9,54,"Tuesday","Slight",4,"Slight","Pedestrian","Pedestrian","Male",21,"Unclassified","Dual carriageway",30,NA,"Crossing on pedestrian crossing facility","Unknown or other",431081,430345,"E01011473",3,"Not at junction or within 20 metres","Darkness - lights lit","Fine no high winds","Dry","Pedestrian"
"7789","20171341A1358",2017-01-10,2017,"Jan",10,"09:54",9,54,"Tuesday","Slight",4,"Slight","Pedestrian","Pedestrian","Male",27,"Unclassified","Dual carriageway",30,NA,"Crossing on pedestrian crossing facility","Unknown or other",431081,430345,"E01011473",3,"Not at junction or within 20 metres","Darkness - lights lit","Fine no high winds","Dry","Pedestrian"
"7790","20171341A1358",2017-01-10,2017,"Jan",10,"09:54",9,54,"Tuesday","Slight",4,"Slight","Car occupant","Driver or rider","Male",24,"Unclassified","Dual carriageway",30,NA,"Not a Pedestrian","Not a Pedestrian",431081,430345,"E01011473",3,"Not at junction or within 20 metres","Darkness - lights lit","Fine no high winds","Dry","Car occupant"
"7791","20171341A0725",2017-01-10,2017,"Jan",10,"14:00",14,0,"Tuesday","Slight",2,"Slight","Bus or coach occupant (17 or more pass seats)","Passenger","Female",52,"Unclassified","Unknown",30,"A(M)","Not a Pedestrian","Not a Pedestrian",430424,433960,"E01033010",1,"Crossroads","Daylight","Other","Dry","Bus and goods vehicle occupant"
"7792","20171341A0725",2017-01-10,2017,"Jan",10,"14:00",14,0,"Tuesday","Slight",2,"Slight","Bus or coach occupant (17 or more pass seats)","Passenger","Female",56,"Unclassified","Unknown",30,"A(M)","Not a Pedestrian","Not a Pedestrian",430424,433960,"E01033010",1,"Crossroads","Daylight","Other","Dry","Bus and goods vehicle occupant"
"7793","20171341A0837",2017-01-10,2017,"Jan",10,"15:20",15,20,"Tuesday","Serious",1,"Serious","Pedestrian","Pedestrian","Female",63,"Unclassified","Single carriageway",30,"Unclassified","Crossing on pedestrian crossing facility","Crossing from driver's offside",429398,431344,"E01011373",2,"Crossroads","Daylight","Fine no high winds","Dry","Pedestrian"
"7794","20171341A1233",2017-01-10,2017,"Jan",10,"18:50",18,50,"Tuesday","Slight",1,"Slight","Car occupant","Driver or rider","Female",27,"Unclassified","Single carriageway",30,NA,"Not a Pedestrian","Not a Pedestrian",431946,435786,"E01011428",3,"Not at junction or within 20 metres","Darkness - lighting unknown","Fine no high winds","Dry","Car occupant"
"7795","20171341B0375",2017-01-11,2017,"Jan",11,"07:45",7,45,"Wednesday","Serious",1,"Serious","Cyclist","Driver or rider","Female",34,"A","Single carriageway",30,"Unclassified","Not a Pedestrian","Not a Pedestrian",427322,437205,"E01011690",2,"T or staggered junction","Daylight","Fine + high winds","Wet or damp","Cyclist"
"7796","20171341B0716",2017-01-11,2017,"Jan",11,"11:45",11,45,"Wednesday","Slight",2,"Slight","Car occupant","Passenger","Female",18,"A","Single carriageway",30,"A","Not a Pedestrian","Not a Pedestrian",424929,427642,"E01011530",2,"Crossroads","Daylight","Fine + high winds","Wet or damp","Car occupant"
"7797","20171341B0716",2017-01-11,2017,"Jan",11,"11:45",11,45,"Wednesday","Slight",2,"Slight","Car occupant","Driver or rider","Female",82,"A","Single carriageway",30,"A","Not a Pedestrian","Not a Pedestrian",424929,427642,"E01011530",2,"Crossroads","Daylight","Fine + high winds","Wet or damp","Car occupant"
"7798","20171341B0624",2017-01-11,2017,"Jan",11,"13:00",13,0,"Wednesday","Serious",2,"Slight","Motorcycle 125cc and under rider or passenger","Driver or rider","Male",20,"Unclassified","Single carriageway",30,"Unclassified","Not a Pedestrian","Not a Pedestrian",436201,436472,"E01011721",2,"T or staggered junction","Daylight","Fine no high winds","Dry","Motorcyclist and pillion"
"7799","20171341B0624",2017-01-11,2017,"Jan",11,"13:00",13,0,"Wednesday","Serious",2,"Serious","Motorcycle over 125cc and up to 500cc rider or  passenger","Driver or rider","Male",59,"Unclassified","Single carriageway",30,"Unclassified","Not a Pedestrian","Not a Pedestrian",436201,436472,"E01011721",2,"T or staggered junction","Daylight","Fine no high winds","Dry","Motorcyclist and pillion"
"7800","20171341B1649",2017-01-11,2017,"Jan",11,"20:40",20,40,"Wednesday","Slight",1,"Slight","Car occupant","Driver or rider","Female",52,"A","Roundabout",30,"Unclassified","Not a Pedestrian","Not a Pedestrian",428570,433002,"E01011363",2,"Other junction","Darkness - lights lit","Fine no high winds","Dry","Car occupant"
"7801","20171351B1932",2017-01-11,2017,"Jan",11,"23:20",23,20,"Wednesday","Serious",1,"Serious","Motorcycle 125cc and under rider or passenger","Driver or rider","Male",34,"Unclassified","Single carriageway",30,NA,"Not a Pedestrian","Not a Pedestrian",431947,435868,"E01011422",2,"Not at junction or within 20 metres","Darkness - lights lit","Fine no high winds","Wet or damp","Motorcyclist and pillion"
"7802","20171341C0190",2017-01-12,2017,"Jan",12,"06:40",6,40,"Thursday","Serious",2,"Serious","Car occupant","Driver or rider","Male",25,"Unclassified","Single carriageway",30,"Unclassified","Not a Pedestrian","Not a Pedestrian",423052,439311,"E01011455",2,"T or staggered junction","Darkness - lighting unknown","Fine no high winds","Dry","Car occupant"
"7803","20171341C0190",2017-01-12,2017,"Jan",12,"06:40",6,40,"Thursday","Serious",2,"Slight","Car occupant","Driver or rider","Male",39,"Unclassified","Single carriageway",30,"Unclassified","Not a Pedestrian","Not a Pedestrian",423052,439311,"E01011455",2,"T or staggered junction","Darkness - lighting unknown","Fine no high winds","Dry","Car occupant"
"7804","20171341C0202",2017-01-12,2017,"Jan",12,"07:10",7,10,"Thursday","Slight",1,"Slight","Cyclist","Driver or rider","Male",49,"A","Single carriageway",40,"Unclassified","Not a Pedestrian","Not a Pedestrian",422686,437858,"E01011458",2,"T or staggered junction","Darkness - lighting unknown","Fine no high winds","Dry","Cyclist"
"7805","20171341C0311",2017-01-12,2017,"Jan",12,"08:15",8,15,"Thursday","Slight",1,"Slight","Cyclist","Driver or rider","Male",32,"A","Single carriageway",30,"Unclassified","Not a Pedestrian","Not a Pedestrian",426197,435960,"E01011488",2,"T or staggered junction","Daylight","Fine no high winds","Dry","Cyclist"
"7806","20171341C0267",2017-01-12,2017,"Jan",12,"08:20",8,20,"Thursday","Slight",1,"Slight","Cyclist","Driver or rider","Female",50,"A","Roundabout",30,"Unclassified","Not a Pedestrian","Not a Pedestrian",424944,434437,"E01011336",2,"Roundabout","Daylight","Fine no high winds","Wet or damp","Cyclist"
"7807","20171341C0498",2017-01-12,2017,"Jan",12,"11:25",11,25,"Thursday","Serious",1,"Serious","Car occupant","Driver or rider","Male",80,"Unclassified","Single carriageway",30,"Unclassified","Not a Pedestrian","Not a Pedestrian",429913,437438,"E01011507",2,"Crossroads","Daylight","Fine no high winds","Dry","Car occupant"
"7808","20171341C0563",2017-01-12,2017,"Jan",12,"12:05",12,5,"Thursday","Slight",1,"Slight","Cyclist","Driver or rider","Male",10,"Unclassified","Single carriageway",30,"Unclassified","Not a Pedestrian","Not a Pedestrian",434855,428429,"E01011627",2,"T or staggered junction","Daylight","Raining no high winds","Wet or damp","Cyclist"
"7809","20171341C0873",2017-01-12,2017,"Jan",12,"15:00",15,0,"Thursday","Slight",1,"Slight","Car occupant","Driver or rider","Female",49,"Unclassified","Single carriageway",30,"Unclassified","Not a Pedestrian","Not a Pedestrian",437291,435675,"E01011410",2,"Private drive or entrance","Daylight","Fine no high winds","Dry","Car occupant"
"7810","20171341C1238",2017-01-12,2017,"Jan",12,"18:45",18,45,"Thursday","Slight",1,"Slight","Pedestrian","Pedestrian","Male",30,"Unclassified","One way street",30,"Unclassified","In carriageway, crossing elsewhere","Crossing from driver's nearside",431381,435358,"E01011429",1,"T or staggered junction","Darkness - lights lit","Fine no high winds","Wet or damp","Pedestrian"
"7811","20171341D0238",2017-01-13,2017,"Jan",13,"07:15",7,15,"Friday","Slight",1,"Slight","Pedestrian","Pedestrian","Female",13,"Unclassified","Single carriageway",30,"Unclassified","In carriageway, crossing elsewhere","Unknown or other",428080,433188,"E01011363",1,"T or staggered junction","Darkness - lighting unknown","Fine no high winds","Wet or damp","Pedestrian"
"7812","20171341D0323",2017-01-13,2017,"Jan",13,"08:54",8,54,"Friday","Slight",1,"Slight","Car occupant","Passenger","Male",1,"Unclassified","Single carriageway",30,"Unclassified","Not a Pedestrian","Not a Pedestrian",430266,436769,"E01011350",2,"T or staggered junction","Daylight","Fine no high winds","Frost or ice","Car occupant"
"7813","20171341D0385",2017-01-13,2017,"Jan",13,"09:25",9,25,"Friday","Slight",1,"Slight","Car occupant","Driver or rider","Female",47,"A","Dual carriageway",30,"Unclassified","Not a Pedestrian","Not a Pedestrian",430815,434504,"E01033003",2,"Crossroads","Daylight","Fine no high winds","Wet or damp","Car occupant"
"7814","20171341D1270",2017-01-13,2017,"Jan",13,"17:10",17,10,"Friday","Slight",1,"Slight","Car occupant","Driver or rider","Female",46,"A","Roundabout",40,"A","Not a Pedestrian","Not a Pedestrian",430708,439034,"E01011512",2,"Roundabout","Darkness - lights lit","Fine no high winds","Dry","Car occupant"
"7815","20171341D1308",2017-01-13,2017,"Jan",13,"17:50",17,50,"Friday","Slight",2,"Slight","Car occupant","Driver or rider","Male",84,"Unclassified","Single carriageway",60,NA,"Not a Pedestrian","Not a Pedestrian",440332,434550,"E01011297",2,"Not at junction or within 20 metres","Darkness - no lighting","Fine no high winds","Wet or damp","Car occupant"
"7816","20171341D1308",2017-01-13,2017,"Jan",13,"17:50",17,50,"Friday","Slight",2,"Slight","Van / Goods vehicle (3.5 tonnes mgw or under) occupant","Driver or rider","Male",29,"Unclassified","Single carriageway",60,NA,"Not a Pedestrian","Not a Pedestrian",440332,434550,"E01011297",2,"Not at junction or within 20 metres","Darkness - no lighting","Fine no high winds","Wet or damp","Bus and goods vehicle occupant"
"7817","20171341D1678",2017-01-13,2017,"Jan",13,"21:15",21,15,"Friday","Slight",2,"Slight","Car occupant","Driver or rider","Female",26,"Motorway","Dual carriageway",50,NA,"Not a Pedestrian","Not a Pedestrian",428276,431564,"E01011369",2,"Not at junction or within 20 metres","Darkness - lights lit","Fine no high winds","Wet or damp","Car occupant"
"7818","20171341D1678",2017-01-13,2017,"Jan",13,"21:15",21,15,"Friday","Slight",2,"Slight","Car occupant","Driver or rider","Female",21,"Motorway","Dual carriageway",50,NA,"Not a Pedestrian","Not a Pedestrian",428276,431564,"E01011369",2,"Not at junction or within 20 metres","Darkness - lights lit","Fine no high winds","Wet or damp","Car occupant"
"7819","20171341E0023",2017-01-14,2017,"Jan",14,"00:10",0,10,"Saturday","Slight",1,"Slight","Car occupant","Driver or rider","Male",21,"Unclassified","Single carriageway",60,NA,"Not a Pedestrian","Not a Pedestrian",437522,431960,"E01011411",1,"Not at junction or within 20 metres","Darkness - no lighting","Fine no high winds","Frost or ice","Car occupant"
"7820","20171341E0499",2017-01-14,2017,"Jan",14,"11:03",11,3,"Saturday","Slight",1,"Slight","Pedestrian","Pedestrian","Female",75,"Unclassified","Single carriageway",30,NA,"Crossing on pedestrian crossing facility","Crossing from driver's nearside",420203,445698,"E01011569",1,"Not at junction or within 20 metres","Darkness - lights lit","Fine no high winds","Wet or damp","Pedestrian"
"7821","2017133BE0850",2017-01-14,2017,"Jan",14,"13:30",13,30,"Saturday","Slight",1,"Slight","Cyclist","Driver or rider","Male",36,"A","Dual carriageway",40,NA,"Not a Pedestrian","Not a Pedestrian",430828,433222,"E01033033",2,"Not at junction or within 20 metres","Daylight","Fine no high winds","Dry","Cyclist"
"7822","20171341E0929",2017-01-14,2017,"Jan",14,"15:15",15,15,"Saturday","Slight",1,"Slight","Cyclist","Driver or rider","Male",16,"A","Roundabout",30,"A","Not a Pedestrian","Not a Pedestrian",428378,432525,"E01011363",2,"Roundabout","Daylight","Fine no high winds","Dry","Cyclist"
"7823","20171341E1254",2017-01-14,2017,"Jan",14,"18:17",18,17,"Saturday","Slight",1,"Slight","Cyclist","Driver or rider","Male",18,"Unclassified","Single carriageway",30,"Unclassified","Not a Pedestrian","Not a Pedestrian",430498,437103,"E01011352",2,"T or staggered junction","Darkness - lighting unknown","Fine no high winds","Dry","Cyclist"
"7824","20171341E1591",2017-01-14,2017,"Jan",14,"21:20",21,20,"Saturday","Slight",3,"Slight","Car occupant","Driver or rider","Male",32,"Unclassified","Single carriageway",30,"Unclassified","Not a Pedestrian","Not a Pedestrian",431863,435107,"E01011673",2,"T or staggered junction","Darkness - lights lit","Fine no high winds","Dry","Car occupant"
"7825","20171341E1591",2017-01-14,2017,"Jan",14,"21:20",21,20,"Saturday","Slight",3,"Slight","Car occupant","Driver or rider","Male",27,"Unclassified","Single carriageway",30,"Unclassified","Not a Pedestrian","Not a Pedestrian",431863,435107,"E01011673",2,"T or staggered junction","Darkness - lights lit","Fine no high winds","Dry","Car occupant"
"7826","20171341E1591",2017-01-14,2017,"Jan",14,"21:20",21,20,"Saturday","Slight",3,"Slight","Car occupant","Passenger","Male",28,"Unclassified","Single carriageway",30,"Unclassified","Not a Pedestrian","Not a Pedestrian",431863,435107,"E01011673",2,"T or staggered junction","Darkness - lights lit","Fine no high winds","Dry","Car occupant"
"7827","20171341F0014",2017-01-15,2017,"Jan",15,"00:09",0,9,"Sunday","Slight",1,"Slight","Taxi/Private hire car occupant","Passenger","Male",36,"B","Single carriageway",30,"Unclassified","Not a Pedestrian","Not a Pedestrian",432853,434337,"E01011347",2,"T or staggered junction","Darkness - lights lit","Fine no high winds","Wet or damp","Car occupant"
"7828","20171341F0594",2017-01-15,2017,"Jan",15,"12:30",12,30,"Sunday","Serious",2,"Slight","Car occupant","Driver or rider","Male",87,"Unclassified","Single carriageway",30,"Unclassified","Not a Pedestrian","Not a Pedestrian",428837,440134,"E01011554",3,"T or staggered junction","Daylight","Fine no high winds","Wet or damp","Car occupant"
"7829","20171341F0594",2017-01-15,2017,"Jan",15,"12:30",12,30,"Sunday","Serious",2,"Serious","Car occupant","Passenger","Female",86,"Unclassified","Single carriageway",30,"Unclassified","Not a Pedestrian","Not a Pedestrian",428837,440134,"E01011554",3,"T or staggered junction","Daylight","Fine no high winds","Wet or damp","Car occupant"
"7830","20171341F0644",2017-01-15,2017,"Jan",15,"13:08",13,8,"Sunday","Slight",1,"Slight","Cyclist","Driver or rider","Male",31,"B","Single carriageway",30,"Unclassified","Not a Pedestrian","Not a Pedestrian",429987,438567,"E01011514",2,"Roundabout","Daylight","Fine no high winds","Wet or damp","Cyclist"
"7831","20171341F1134",2017-01-15,2017,"Jan",15,"18:00",18,0,"Sunday","Slight",2,"Slight","Car occupant","Driver or rider","Female",57,"A(M)","Dual carriageway",70,NA,"Not a Pedestrian","Not a Pedestrian",443545,438278,"E01011309",2,"Not at junction or within 20 metres","Darkness - lights lit","Fine no high winds","Wet or damp","Car occupant"
"7832","20171341F1134",2017-01-15,2017,"Jan",15,"18:00",18,0,"Sunday","Slight",2,"Slight","Car occupant","Driver or rider","Female",30,"A(M)","Dual carriageway",70,NA,"Not a Pedestrian","Not a Pedestrian",443545,438278,"E01011309",2,"Not at junction or within 20 metres","Darkness - lights lit","Fine no high winds","Wet or damp","Car occupant"
"7833","20171341F1285",2017-01-15,2017,"Jan",15,"19:17",19,17,"Sunday","Slight",1,"Slight","Car occupant","Driver or rider","Male",30,"Unclassified","Single carriageway",30,"Unclassified","Not a Pedestrian","Not a Pedestrian",430511,434358,"E01033003",2,"T or staggered junction","Darkness - lights lit","Raining no high winds","Wet or damp","Car occupant"
"7834","20171341F1420",2017-01-15,2017,"Jan",15,"21:00",21,0,"Sunday","Slight",2,"Slight","Car occupant","Driver or rider","Female",35,"Unclassified","Single carriageway",30,"Unclassified","Not a Pedestrian","Not a Pedestrian",425909,435509,"E01011324",2,"T or staggered junction","Darkness - lighting unknown","Fine no high winds","Dry","Car occupant"
"7835","20171341F1420",2017-01-15,2017,"Jan",15,"21:00",21,0,"Sunday","Slight",2,"Slight","Car occupant","Passenger","Male",14,"Unclassified","Single carriageway",30,"Unclassified","Not a Pedestrian","Not a Pedestrian",425909,435509,"E01011324",2,"T or staggered junction","Darkness - lighting unknown","Fine no high winds","Dry","Car occupant"
"7836","20171341G0068",2017-01-16,2017,"Jan",16,"01:40",1,40,"Monday","Slight",1,"Slight","Car occupant","Driver or rider","Male",30,"A","Dual carriageway",40,"Unclassified","Not a Pedestrian","Not a Pedestrian",432754,429756,"E01011470",1,"Roundabout","Darkness - lights lit","Raining no high winds","Wet or damp","Car occupant"
"7837","20171341G0151",2017-01-16,2017,"Jan",16,"06:27",6,27,"Monday","Slight",1,"Slight","Cyclist","Driver or rider","Male",52,"Unclassified","Single carriageway",30,"Unclassified","Not a Pedestrian","Not a Pedestrian",424945,434437,"E01011336",2,"Roundabout","Darkness - lights lit","Raining no high winds","Wet or damp","Cyclist"
"7838","20171341G0256",2017-01-16,2017,"Jan",16,"09:05",9,5,"Monday","Slight",1,"Slight","Motorcycle 125cc and under rider or passenger","Driver or rider","Male",19,"A","Single carriageway",60,NA,"Not a Pedestrian","Not a Pedestrian",421307,428923,"E01011521",2,"Not at junction or within 20 metres","Daylight","Fine no high winds","Wet or damp","Motorcyclist and pillion"
"7839","20171341G0491",2017-01-16,2017,"Jan",16,"11:20",11,20,"Monday","Slight",1,"Slight","Goods vehicle (7.5 tonnes mgw and over) occupant","Passenger","Male",56,"A","Dual carriageway",40,"A","Not a Pedestrian","Not a Pedestrian",432278,432587,"E01011625",2,"T or staggered junction","Daylight","Fine no high winds","Dry","Bus and goods vehicle occupant"
"7840","20171341F0731",2017-01-16,2017,"Jan",16,"14:00",14,0,"Monday","Serious",6,"Serious","Car occupant","Driver or rider","Male",62,"A","Dual carriageway",30,NA,"Not a Pedestrian","Not a Pedestrian",428342,434078,"E01011363",5,"Not at junction or within 20 metres","Daylight","Fine no high winds","Wet or damp","Car occupant"
"7841","20171341F0731",2017-01-16,2017,"Jan",16,"14:00",14,0,"Monday","Serious",6,"Slight","Car occupant","Driver or rider","Male",51,"A","Dual carriageway",30,NA,"Not a Pedestrian","Not a Pedestrian",428342,434078,"E01011363",5,"Not at junction or within 20 metres","Daylight","Fine no high winds","Wet or damp","Car occupant"
"7842","20171341F0731",2017-01-16,2017,"Jan",16,"14:00",14,0,"Monday","Serious",6,"Slight","Car occupant","Passenger","Female",49,"A","Dual carriageway",30,NA,"Not a Pedestrian","Not a Pedestrian",428342,434078,"E01011363",5,"Not at junction or within 20 metres","Daylight","Fine no high winds","Wet or damp","Car occupant"
"7843","20171341F0731",2017-01-16,2017,"Jan",16,"14:00",14,0,"Monday","Serious",6,"Slight","Car occupant","Driver or rider","Male",42,"A","Dual carriageway",30,NA,"Not a Pedestrian","Not a Pedestrian",428342,434078,"E01011363",5,"Not at junction or within 20 metres","Daylight","Fine no high winds","Wet or damp","Car occupant"
"7844","20171341F0731",2017-01-16,2017,"Jan",16,"14:00",14,0,"Monday","Serious",6,"Slight","Car occupant","Driver or rider","Female",63,"A","Dual carriageway",30,NA,"Not a Pedestrian","Not a Pedestrian",428342,434078,"E01011363",5,"Not at junction or within 20 metres","Daylight","Fine no high winds","Wet or damp","Car occupant"
"7845","20171341F0731",2017-01-16,2017,"Jan",16,"14:00",14,0,"Monday","Serious",6,"Slight","Car occupant","Driver or rider","Male",26,"A","Dual carriageway",30,NA,"Not a Pedestrian","Not a Pedestrian",428342,434078,"E01011363",5,"Not at junction or within 20 metres","Daylight","Fine no high winds","Wet or damp","Car occupant"
"7846","20171341G1022",2017-01-16,2017,"Jan",16,"16:05",16,5,"Monday","Slight",1,"Slight","Car occupant","Driver or rider","Male",38,"Motorway","Slip road",50,NA,"Not a Pedestrian","Not a Pedestrian",431816,430458,"E01011469",1,"Not at junction or within 20 metres","Darkness - lights lit","Raining no high winds","Wet or damp","Car occupant"
"7847","20171341G1249",2017-01-16,2017,"Jan",16,"17:55",17,55,"Monday","Slight",1,"Slight","Car occupant","Driver or rider","Female",52,"B","Single carriageway",60,"Unclassified","Not a Pedestrian","Not a Pedestrian",443329,435492,"E01011297",2,"Crossroads","Darkness - lights lit","Fog or mist","Wet or damp","Car occupant"
"7848","20171341G1279",2017-01-16,2017,"Jan",16,"18:15",18,15,"Monday","Slight",1,"Slight","Car occupant","Driver or rider","Female",21,"Unclassified","Slip road",30,"Unclassified","Not a Pedestrian","Not a Pedestrian",430882,432024,"E01033018",2,"T or staggered junction","Darkness - lights lit","Raining no high winds","Wet or damp","Car occupant"
"7849","20171341H0941",2017-01-17,2017,"Jan",17,"14:30",14,30,"Tuesday","Slight",4,"Slight","Car occupant","Driver or rider","Male",52,"Unclassified","Single carriageway",30,"Unclassified","Not a Pedestrian","Not a Pedestrian",430855,433361,"E01033033",3,"T or staggered junction","Daylight","Fine no high winds","Dry","Car occupant"
"7850","20171341H0941",2017-01-17,2017,"Jan",17,"14:30",14,30,"Tuesday","Slight",4,"Slight","Car occupant","Passenger","Female",51,"Unclassified","Single carriageway",30,"Unclassified","Not a Pedestrian","Not a Pedestrian",430855,433361,"E01033033",3,"T or staggered junction","Daylight","Fine no high winds","Dry","Car occupant"
"7851","20171341H0941",2017-01-17,2017,"Jan",17,"14:30",14,30,"Tuesday","Slight",4,"Slight","Car occupant","Passenger","Female",23,"Unclassified","Single carriageway",30,"Unclassified","Not a Pedestrian","Not a Pedestrian",430855,433361,"E01033033",3,"T or staggered junction","Daylight","Fine no high winds","Dry","Car occupant"
"7852","20171341H0941",2017-01-17,2017,"Jan",17,"14:30",14,30,"Tuesday","Slight",4,"Slight","Car occupant","Passenger","Male",2,"Unclassified","Single carriageway",30,"Unclassified","Not a Pedestrian","Not a Pedestrian",430855,433361,"E01033033",3,"T or staggered junction","Daylight","Fine no high winds","Dry","Car occupant"