"","accident_index","date","year","month","day","time","time_hour","time_minute","day_of_week","accident_severity","number_of_casualties","casualty_severity","casualty_type","casualty_class","sex_of_casualty","age_of_casualty","first_road_class","road_type","speed_limit","second_road_class","pedestrian_location","pedestrian_movement","location_easting_osgr","location_northing_osgr","lsoa_of_accident_location","number_of_vehicles","junction_detail","light_conditions","weather_conditions","road_surface_conditions","cas_type"
"7853","20171341H1534",2017-01-17,2017,"Jan",17,"17:15",17,15,"Tuesday","Slight",1,"Slight","Cyclist","Driver or rider","Female",23,"Unclassified","Single carriageway",30,"Unclassified","Not a Pedestrian","Not a Pedestrian",428931,432429,"E01033013",2,"T or staggered junction","Darkness - lights lit","Fine no high winds","Dry","Cyclist"
"7854","20171341H1209",2017-01-17,2017,"Jan",17,"17:30",17,30,"Tuesday","Serious",4,"Serious","Car occupant","Passenger","Female",45,"A","Dual carriageway",40,"A","Not a Pedestrian","Not a Pedestrian",427498,425512,"E01011548",2,"Crossroads","Darkness - lights lit","Fine no high winds","Wet or damp","Car occupant"
"7855","20171341H1209",2017-01-17,2017,"Jan",17,"17:30",17,30,"Tuesday","Serious",4,"Serious","Car occupant","Passenger","Male",15,"A","Dual carriageway",40,"A","Not a Pedestrian","Not a Pedestrian",427498,425512,"E01011548",2,"Crossroads","Darkness - lights lit","Fine no high winds","Wet or damp","Car occupant"
"7856","20171341H1209",2017-01-17,2017,"Jan",17,"17:30",17,30,"Tuesday","Serious",4,"Slight","Car occupant","Driver or rider","Male",46,"A","Dual carriageway",40,"A","Not a Pedestrian","Not a Pedestrian",427498,425512,"E01011548",2,"Crossroads","Darkness - lights lit","Fine no high winds","Wet or damp","Car occupant"
"7857","20171341H1209",2017-01-17,2017,"Jan",17,"17:30",17,30,"Tuesday","Serious",4,"Slight","Car occupant","Driver or rider","Female",18,"A","Dual carriageway",40,"A","Not a Pedestrian","Not a Pedestrian",427498,425512,"E01011548",2,"Crossroads","Darkness - lights lit","Fine no high winds","Wet or damp","Car occupant"
"7858","20171341K1235",2017-01-17,2017,"Jan",17,"17:30",17,30,"Tuesday","Slight",1,"Slight","Cyclist","Driver or rider","Male",16,"Unclassified","Single carriageway",30,NA,"Not a Pedestrian","Not a Pedestrian",425131,433893,"E01032606",2,"Not at junction or within 20 metres","Darkness - lighting unknown","Fine no high winds","Dry","Cyclist"
"7859","20171341I0945",2017-01-18,2017,"Jan",18,"15:45",15,45,"Wednesday","Slight",2,"Slight","Car occupant","Driver or rider","Male",28,"A","Dual carriageway",30,NA,"Not a Pedestrian","Not a Pedestrian",437637,433169,"E01011411",2,"Not at junction or within 20 metres","Daylight","Fine no high winds","Dry","Car occupant"
"7860","20171341I0945",2017-01-18,2017,"Jan",18,"15:45",15,45,"Wednesday","Slight",2,"Slight","Car occupant","Passenger","Female",31,"A","Dual carriageway",30,NA,"Not a Pedestrian","Not a Pedestrian",437637,433169,"E01011411",2,"Not at junction or within 20 metres","Daylight","Fine no high winds","Dry","Car occupant"
"7861","20171341J0590",2017-01-18,2017,"Jan",18,"17:00",17,0,"Wednesday","Slight",1,"Slight","Pedestrian","Pedestrian","Female",14,"Unclassified","Roundabout",30,"Unclassified","In carriageway, crossing elsewhere","Unknown or other",432831,435186,"E01011431",1,"Roundabout","Darkness - lights lit","Fine no high winds","Dry","Pedestrian"
"7862","20171341I1210",2017-01-18,2017,"Jan",18,"17:58",17,58,"Wednesday","Slight",1,"Slight","Pedestrian","Pedestrian","Male",29,"Unclassified","Single carriageway",30,"Unclassified","In carriageway, crossing elsewhere","Unknown or other",432385,436372,"E01011647",1,"T or staggered junction","Darkness - lights lit","Fine no high winds","Wet or damp","Pedestrian"
"7863","20171341N0728",2017-01-18,2017,"Jan",18,"18:45",18,45,"Wednesday","Slight",1,"Slight","Cyclist","Driver or rider","Male",47,"A","Roundabout",40,"Unclassified","Not a Pedestrian","Not a Pedestrian",421032,445002,"E01011572",2,"Roundabout","Darkness - lighting unknown","Fine no high winds","Dry","Cyclist"
"7864","20171341J0305",2017-01-19,2017,"Jan",19,"08:35",8,35,"Thursday","Serious",1,"Serious","Motorcycle 125cc and under rider or passenger","Driver or rider","Male",18,"A","Single carriageway",30,"Unclassified","Not a Pedestrian","Not a Pedestrian",431435,431610,"E01011467",2,"T or staggered junction","Daylight","Fine no high winds","Dry","Motorcyclist and pillion"
"7865","20171341J0331",2017-01-19,2017,"Jan",19,"09:01",9,1,"Thursday","Slight",2,"Slight","Car occupant","Driver or rider","Male",33,"Unclassified","Single carriageway",20,NA,"Not a Pedestrian","Not a Pedestrian",431115,430363,"E01011472",3,"Not at junction or within 20 metres","Daylight","Fine no high winds","Dry","Car occupant"
"7866","20171341J0331",2017-01-19,2017,"Jan",19,"09:01",9,1,"Thursday","Slight",2,"Slight","Car occupant","Driver or rider","Female",22,"Unclassified","Single carriageway",20,NA,"Not a Pedestrian","Not a Pedestrian",431115,430363,"E01011472",3,"Not at junction or within 20 metres","Daylight","Fine no high winds","Dry","Car occupant"
"7867","20171341J0608",2017-01-19,2017,"Jan",19,"11:45",11,45,"Thursday","Slight",1,"Slight","Cyclist","Driver or rider","Male",21,"Unclassified","Single carriageway",30,"Unclassified","Not a Pedestrian","Not a Pedestrian",428377,435261,"E01011445",2,"T or staggered junction","Daylight","Fine no high winds","Dry","Cyclist"
"7868","20171341J0890",2017-01-19,2017,"Jan",19,"19:20",19,20,"Thursday","Slight",1,"Slight","Car occupant","Driver or rider","Female",46,"A","Roundabout",40,"Motorway","Not a Pedestrian","Not a Pedestrian",430842,424389,"E01011537",2,"Roundabout","Darkness - lighting unknown","Fine no high winds","Dry","Car occupant"
"7869","20171341K0261",2017-01-20,2017,"Jan",20,"07:45",7,45,"Friday","Slight",1,"Slight","Car occupant","Driver or rider","Male",52,"Motorway","Dual carriageway",70,NA,"Not a Pedestrian","Not a Pedestrian",433670,425849,"E01011500",2,"Not at junction or within 20 metres","Darkness - lights lit","Fine no high winds","Dry","Car occupant"
"7870","20171341K0529",2017-01-20,2017,"Jan",20,"11:00",11,0,"Friday","Serious",1,"Serious","Pedestrian","Pedestrian","Male",60,"Unclassified","Single carriageway",30,NA,"Unknown or other","Unknown or other",423365,433599,"E01011611",1,"Not at junction or within 20 metres","Daylight","Fine no high winds","Dry","Pedestrian"
"7871","20171341L0776",2017-01-20,2017,"Jan",20,"13:00",13,0,"Friday","Slight",1,"Slight","Cyclist","Driver or rider","Male",19,"Unclassified","Single carriageway",20,"Unclassified","Not a Pedestrian","Not a Pedestrian",427976,435308,"E01011441",2,"T or staggered junction","Daylight","Fine no high winds","Dry","Cyclist"
"7872","20171341K1027",2017-01-20,2017,"Jan",20,"15:40",15,40,"Friday","Slight",2,"Slight","Car occupant","Driver or rider","Male",50,"A","Roundabout",40,"A","Not a Pedestrian","Not a Pedestrian",428137,426346,"E01011550",2,"Roundabout","Daylight","Fine no high winds","Dry","Car occupant"
"7873","20171341K1027",2017-01-20,2017,"Jan",20,"15:40",15,40,"Friday","Slight",2,"Slight","Car occupant","Passenger","Male",51,"A","Roundabout",40,"A","Not a Pedestrian","Not a Pedestrian",428137,426346,"E01011550",2,"Roundabout","Daylight","Fine no high winds","Dry","Car occupant"
"7874","20171341K1530",2017-01-20,2017,"Jan",20,"20:07",20,7,"Friday","Slight",3,"Slight","Taxi/Private hire car occupant","Driver or rider","Male",24,"A(M)","Slip road",40,"A(M)","Not a Pedestrian","Not a Pedestrian",429410,433938,"E01011678",2,"Slip road","Darkness - lighting unknown","Fine no high winds","Wet or damp","Car occupant"
"7875","20171341K1530",2017-01-20,2017,"Jan",20,"20:07",20,7,"Friday","Slight",3,"Slight","Taxi/Private hire car occupant","Passenger","Female",18,"A(M)","Slip road",40,"A(M)","Not a Pedestrian","Not a Pedestrian",429410,433938,"E01011678",2,"Slip road","Darkness - lighting unknown","Fine no high winds","Wet or damp","Car occupant"
"7876","20171341K1530",2017-01-20,2017,"Jan",20,"20:07",20,7,"Friday","Slight",3,"Slight","Car occupant","Driver or rider","Female",29,"A(M)","Slip road",40,"A(M)","Not a Pedestrian","Not a Pedestrian",429410,433938,"E01011678",2,"Slip road","Darkness - lighting unknown","Fine no high winds","Wet or damp","Car occupant"
"7877","20171341K1558",2017-01-20,2017,"Jan",20,"20:15",20,15,"Friday","Slight",2,"Slight","Pedestrian","Pedestrian","Female",5,"Unclassified","Single carriageway",30,"Unclassified","In carriageway, crossing elsewhere","Crossing from driver's nearside",432042,434989,"E01011434",1,"T or staggered junction","Darkness - lights lit","Fine no high winds","Dry","Pedestrian"
"7878","20171341K1558",2017-01-20,2017,"Jan",20,"20:15",20,15,"Friday","Slight",2,"Slight","Pedestrian","Pedestrian","Female",37,"Unclassified","Single carriageway",30,"Unclassified","In carriageway, crossing elsewhere","Crossing from driver's nearside",432042,434989,"E01011434",1,"T or staggered junction","Darkness - lights lit","Fine no high winds","Dry","Pedestrian"
"7879","20171341K1642",2017-01-20,2017,"Jan",20,"20:20",20,20,"Friday","Slight",1,"Slight","Cyclist","Driver or rider","Female",26,"Unclassified","Single carriageway",30,"Unclassified","Not a Pedestrian","Not a Pedestrian",429895,433410,"E01033016",2,"T or staggered junction","Darkness - lights lit","Fine no high winds","Dry","Cyclist"
"7880","20171341K1678",2017-01-20,2017,"Jan",20,"21:28",21,28,"Friday","Slight",1,"Slight","Car occupant","Driver or rider","Male",19,"Unclassified","Single carriageway",30,"Unclassified","Not a Pedestrian","Not a Pedestrian",429034,431996,"E01011368",2,"T or staggered junction","Darkness - lights lit","Fine no high winds","Dry","Car occupant"
"7881","20171341L0610",2017-01-21,2017,"Jan",21,"11:00",11,0,"Saturday","Slight",3,"Slight","Car occupant","Driver or rider","Female",84,"A","Single carriageway",40,"Unclassified","Not a Pedestrian","Not a Pedestrian",422947,443102,"E01032503",2,"Crossroads","Daylight","Fine no high winds","Wet or damp","Car occupant"
"7882","20171341L0610",2017-01-21,2017,"Jan",21,"11:00",11,0,"Saturday","Slight",3,"Slight","Car occupant","Driver or rider","Male",63,"A","Single carriageway",40,"Unclassified","Not a Pedestrian","Not a Pedestrian",422947,443102,"E01032503",2,"Crossroads","Daylight","Fine no high winds","Wet or damp","Car occupant"
"7883","20171341L0610",2017-01-21,2017,"Jan",21,"11:00",11,0,"Saturday","Slight",3,"Slight","Car occupant","Passenger","Female",57,"A","Single carriageway",40,"Unclassified","Not a Pedestrian","Not a Pedestrian",422947,443102,"E01032503",2,"Crossroads","Daylight","Fine no high winds","Wet or damp","Car occupant"
"7884","20171341L0722",2017-01-21,2017,"Jan",21,"12:24",12,24,"Saturday","Slight",1,"Slight","Van / Goods vehicle (3.5 tonnes mgw or under) occupant","Driver or rider","Male",37,"A","Roundabout",30,"A","Not a Pedestrian","Not a Pedestrian",431965,430309,"E01011469",2,"Roundabout","Daylight","Fine no high winds","Dry","Bus and goods vehicle occupant"
"7885","20171341L0823",2017-01-21,2017,"Jan",21,"13:29",13,29,"Saturday","Slight",1,"Slight","Car occupant","Passenger","Female",41,"Motorway","Slip road",70,NA,"Not a Pedestrian","Not a Pedestrian",424149,427904,"E01011523",2,"Not at junction or within 20 metres","Daylight","Fine no high winds","Dry","Car occupant"
"7886","20171341L0862",2017-01-21,2017,"Jan",21,"13:50",13,50,"Saturday","Slight",3,"Slight","Car occupant","Driver or rider","Male",18,"Unclassified","Single carriageway",30,NA,"Not a Pedestrian","Not a Pedestrian",432287,438836,"E01011653",3,"Not at junction or within 20 metres","Daylight","Fine no high winds","Wet or damp","Car occupant"
"7887","20171341L0862",2017-01-21,2017,"Jan",21,"13:50",13,50,"Saturday","Slight",3,"Slight","Car occupant","Passenger","Female",19,"Unclassified","Single carriageway",30,NA,"Not a Pedestrian","Not a Pedestrian",432287,438836,"E01011653",3,"Not at junction or within 20 metres","Daylight","Fine no high winds","Wet or damp","Car occupant"
"7888","20171341L0862",2017-01-21,2017,"Jan",21,"13:50",13,50,"Saturday","Slight",3,"Slight","Car occupant","Driver or rider","Female",22,"Unclassified","Single carriageway",30,NA,"Not a Pedestrian","Not a Pedestrian",432287,438836,"E01011653",3,"Not at junction or within 20 metres","Daylight","Fine no high winds","Wet or damp","Car occupant"
"7889","2017134281569",2017-01-21,2017,"Jan",21,"17:00",17,0,"Saturday","Slight",1,"Slight","Car occupant","Driver or rider","Male",55,"A(M)","Slip road",40,"Unclassified","Not a Pedestrian","Not a Pedestrian",429040,433534,"E01033008",2,"Slip road","Darkness - lighting unknown","Fine no high winds","Dry","Car occupant"
"7890","2017134230500",2017-01-21,2017,"Jan",21,"19:09",19,9,"Saturday","Serious",1,"Serious","Cyclist","Driver or rider","Male",25,"Unclassified","Single carriageway",30,"Unclassified","Not a Pedestrian","Not a Pedestrian",430119,433796,"E01033010",2,"T or staggered junction","Darkness - lights lit","Fine no high winds","Dry","Cyclist"
"7891","20171341L1506",2017-01-21,2017,"Jan",21,"19:50",19,50,"Saturday","Slight",1,"Slight","Car occupant","Driver or rider","Male",46,"Unclassified","Single carriageway",30,"Unclassified","Not a Pedestrian","Not a Pedestrian",429169,431942,"E01011368",2,"T or staggered junction","Darkness - lights lit","Fine no high winds","Dry","Car occupant"
"7892","20171341L1628",2017-01-21,2017,"Jan",21,"21:18",21,18,"Saturday","Slight",1,"Slight","Cyclist","Driver or rider","Male",19,"Unclassified","Dual carriageway",40,NA,"Not a Pedestrian","Not a Pedestrian",430024,432605,"E01033032",2,"Not at junction or within 20 metres","Darkness - lights lit","Fine no high winds","Dry","Cyclist"
"7893","20171341M0349",2017-01-22,2017,"Jan",22,"06:45",6,45,"Sunday","Slight",1,"Slight","Car occupant","Driver or rider","Male",33,"A","Dual carriageway",40,NA,"Not a Pedestrian","Not a Pedestrian",429293,433679,"E01011678",2,"Not at junction or within 20 metres","Darkness - lights lit","Fine no high winds","Wet or damp","Car occupant"
"7894","20171341M0542",2017-01-22,2017,"Jan",22,"11:15",11,15,"Sunday","Serious",1,"Serious","Pedestrian","Pedestrian","Male",13,"Unclassified","Single carriageway",30,NA,"In carriageway, crossing elsewhere","Crossing from driver's nearside",434937,428908,"E01011628",2,"Not at junction or within 20 metres","Daylight","Fine no high winds","Dry","Pedestrian"
"7895","20171341M0938",2017-01-22,2017,"Jan",22,"15:30",15,30,"Sunday","Slight",1,"Slight","Cyclist","Driver or rider","Male",30,"Unclassified","Single carriageway",30,"Unclassified","Not a Pedestrian","Not a Pedestrian",434252,434278,"E01011346",2,"T or staggered junction","Daylight","Fine no high winds","Dry","Cyclist"
"7896","20171341M1009",2017-01-22,2017,"Jan",22,"16:30",16,30,"Sunday","Slight",1,"Slight","Motorcycle 125cc and under rider or passenger","Driver or rider","Male",23,"A","Single carriageway",30,"Unclassified","Not a Pedestrian","Not a Pedestrian",427483,434591,"E01011482",2,"T or staggered junction","Daylight","Fine no high winds","Dry","Motorcyclist and pillion"
"7897","20171341M1270",2017-01-22,2017,"Jan",22,"19:03",19,3,"Sunday","Slight",3,"Slight","Car occupant","Driver or rider","Female",26,"Unclassified","Dual carriageway",30,"Unclassified","Not a Pedestrian","Not a Pedestrian",431966,435835,"E01011422",3,"Crossroads","Darkness - lights lit","Fine no high winds","Wet or damp","Car occupant"
"7898","20171341M1270",2017-01-22,2017,"Jan",22,"19:03",19,3,"Sunday","Slight",3,"Slight","Car occupant","Passenger","Female",24,"Unclassified","Dual carriageway",30,"Unclassified","Not a Pedestrian","Not a Pedestrian",431966,435835,"E01011422",3,"Crossroads","Darkness - lights lit","Fine no high winds","Wet or damp","Car occupant"
"7899","20171341M1270",2017-01-22,2017,"Jan",22,"19:03",19,3,"Sunday","Slight",3,"Slight","Car occupant","Passenger","Male",20,"Unclassified","Dual carriageway",30,"Unclassified","Not a Pedestrian","Not a Pedestrian",431966,435835,"E01011422",3,"Crossroads","Darkness - lights lit","Fine no high winds","Wet or damp","Car occupant"
"7900","20171341M1419",2017-01-22,2017,"Jan",22,"20:30",20,30,"Sunday","Slight",1,"Slight","Car occupant","Passenger","Female",34,"Unclassified","Single carriageway",30,NA,"Not a Pedestrian","Not a Pedestrian",433495,435155,"E01011339",2,"Not at junction or within 20 metres","Darkness - lights lit","Fine no high winds","Dry","Car occupant"
"7901","20171341N1111",2017-01-23,2017,"Jan",23,"17:00",17,0,"Monday","Slight",1,"Slight","Car occupant","Passenger","Female",29,"Unclassified","Roundabout",40,"Unclassified","Not a Pedestrian","Not a Pedestrian",428420,428758,"E01011493",2,"Roundabout","Darkness - lighting unknown","Fine no high winds","Wet or damp","Car occupant"
"7902","20171341O0306",2017-01-24,2017,"Jan",24,"09:01",9,1,"Tuesday","Slight",1,"Slight","Pedestrian","Pedestrian","Female",40,"Unclassified","Single carriageway",30,NA,"In carriageway, crossing elsewhere","Crossing from driver's offside",430973,435826,"E01011356",1,"Not at junction or within 20 metres","Daylight","Fine no high winds","Dry","Pedestrian"
"7903","20171341O0573",2017-01-24,2017,"Jan",24,"12:05",12,5,"Tuesday","Slight",1,"Slight","Cyclist","Driver or rider","Female",42,"A","Single carriageway",30,"Unclassified","Not a Pedestrian","Not a Pedestrian",427312,434684,"E01011482",2,"T or staggered junction","Daylight","Fine no high winds","Dry","Cyclist"
"7904","20171341O0994",2017-01-24,2017,"Jan",24,"16:08",16,8,"Tuesday","Slight",1,"Slight","Car occupant","Driver or rider","Female",26,"Motorway","Dual carriageway",50,NA,"Not a Pedestrian","Not a Pedestrian",427529,430960,"E01011318",1,"Not at junction or within 20 metres","Daylight","Fine no high winds","Wet or damp","Car occupant"
"7905","20171341O1063",2017-01-24,2017,"Jan",24,"16:40",16,40,"Tuesday","Slight",1,"Slight","Motorcycle 125cc and under rider or passenger","Driver or rider","Male",27,"Unclassified","Single carriageway",30,NA,"Not a Pedestrian","Not a Pedestrian",436558,436164,"E01011723",2,"Not at junction or within 20 metres","Darkness - lights lit","Fine no high winds","Wet or damp","Motorcyclist and pillion"
"7906","20171341P0047",2017-01-25,2017,"Jan",25,"01:28",1,28,"Wednesday","Serious",1,"Serious","Car occupant","Driver or rider","Male",17,"Unclassified","Single carriageway",30,"Unclassified","Not a Pedestrian","Not a Pedestrian",425569,433062,"E01011730",2,"T or staggered junction","Darkness - lights lit","Fine no high winds","Frost or ice","Car occupant"
"7907","20171341P0349",2017-01-25,2017,"Jan",25,"09:55",9,55,"Wednesday","Serious",1,"Serious","Pedestrian","Pedestrian","Male",52,"Unclassified","Single carriageway",30,"Unclassified","In carriageway, crossing elsewhere","Crossing from driver's offside",430355,433052,"E01033016",1,"Crossroads","Daylight","Fine no high winds","Dry","Pedestrian"
"7908","20171341P0498",2017-01-25,2017,"Jan",25,"11:25",11,25,"Wednesday","Slight",1,"Slight","Motorcycle 125cc and under rider or passenger","Driver or rider","Male",57,"A","Single carriageway",30,"Unclassified","Not a Pedestrian","Not a Pedestrian",430103,431583,"E01011371",2,"T or staggered junction","Daylight","Fine no high winds","Wet or damp","Motorcyclist and pillion"
"7909","20171341P0554",2017-01-25,2017,"Jan",25,"11:47",11,47,"Wednesday","Slight",1,"Slight","Car occupant","Driver or rider","Female",77,"Motorway","Dual carriageway",50,NA,"Not a Pedestrian","Not a Pedestrian",430574,430623,"E01011468",2,"Not at junction or within 20 metres","Daylight","Fine no high winds","Dry","Car occupant"
"7910","20171341P0602",2017-01-25,2017,"Jan",25,"12:00",12,0,"Wednesday","Slight",1,"Slight","Pedestrian","Pedestrian","Male",12,"Unclassified","Single carriageway",30,NA,"Crossing on pedestrian crossing facility","Crossing from driver's offside",431949,432600,"E01011625",1,"Not at junction or within 20 metres","Daylight","Fine no high winds","Dry","Pedestrian"
"7911","20171341P0877",2017-01-25,2017,"Jan",25,"15:00",15,0,"Wednesday","Serious",1,"Serious","Pedestrian","Pedestrian","Male",78,"A","Single carriageway",30,NA,"In carriageway, crossing elsewhere","Crossing from driver's offside",434608,428101,"E01011633",1,"Not at junction or within 20 metres","Daylight","Fine no high winds","Wet or damp","Pedestrian"
"7912","20171341P1213",2017-01-25,2017,"Jan",25,"17:54",17,54,"Wednesday","Slight",1,"Slight","Cyclist","Driver or rider","Male",43,"A","Roundabout",40,"Unclassified","Not a Pedestrian","Not a Pedestrian",426190,442454,"E01032504",1,"Roundabout","Darkness - lighting unknown","Fine no high winds","Dry","Cyclist"
"7913","20171341Q0386",2017-01-26,2017,"Jan",26,"09:53",9,53,"Thursday","Serious",1,"Serious","Pedestrian","Pedestrian","Male",26,"Unclassified","Single carriageway",30,"Unclassified","Crossing on pedestrian crossing facility","Crossing from driver's nearside",431388,435014,"E01011673",1,"Crossroads","Daylight","Fine no high winds","Dry","Pedestrian"
"7914","20171341Q0952",2017-01-26,2017,"Jan",26,"12:32",12,32,"Thursday","Slight",1,"Slight","Car occupant","Driver or rider","Male",45,"A","Roundabout",30,"A","Not a Pedestrian","Not a Pedestrian",424179,428212,"E01011523",2,"Roundabout","Daylight","Fine no high winds","Dry","Car occupant"
"7915","20171341Q1278",2017-01-26,2017,"Jan",26,"17:16",17,16,"Thursday","Slight",1,"Slight","Cyclist","Driver or rider","Male",54,"Unclassified","Single carriageway",30,NA,"Not a Pedestrian","Not a Pedestrian",429647,433796,"E01033008",2,"Not at junction or within 20 metres","Darkness - lights lit","Fine no high winds","Dry","Cyclist"
"7916","20171341Q1329",2017-01-26,2017,"Jan",26,"18:45",18,45,"Thursday","Slight",1,"Slight","Car occupant","Driver or rider","Female",34,"Unclassified","Roundabout",30,"Unclassified","Not a Pedestrian","Not a Pedestrian",432908,435044,"E01011431",2,"Roundabout","Darkness - lights lit","Fine no high winds","Dry","Car occupant"
"7917","20171341R0226",2017-01-27,2017,"Jan",27,"07:35",7,35,"Friday","Slight",3,"Slight","Car occupant","Driver or rider","Female",36,"Motorway","Dual carriageway",50,NA,"Not a Pedestrian","Not a Pedestrian",430518,431577,"E01011374",2,"Not at junction or within 20 metres","Daylight","Fine no high winds","Dry","Car occupant"
"7918","20171341R0226",2017-01-27,2017,"Jan",27,"07:35",7,35,"Friday","Slight",3,"Slight","Goods vehicle (over 3.5t. and under 7.5t.) occupant","Driver or rider","Male",34,"Motorway","Dual carriageway",50,NA,"Not a Pedestrian","Not a Pedestrian",430518,431577,"E01011374",2,"Not at junction or within 20 metres","Daylight","Fine no high winds","Dry","Bus and goods vehicle occupant"
"7919","20171341R0226",2017-01-27,2017,"Jan",27,"07:35",7,35,"Friday","Slight",3,"Slight","Goods vehicle (over 3.5t. and under 7.5t.) occupant","Passenger","Female",22,"Motorway","Dual carriageway",50,NA,"Not a Pedestrian","Not a Pedestrian",430518,431577,"E01011374",2,"Not at junction or within 20 metres","Daylight","Fine no high winds","Dry","Bus and goods vehicle occupant"
"7920","20171341R0385",2017-01-27,2017,"Jan",27,"10:10",10,10,"Friday","Serious",1,"Serious","Car occupant","Driver or rider","Female",21,"A","Single carriageway",60,NA,"Not a Pedestrian","Not a Pedestrian",440401,446862,"E01011704",2,"Not at junction or within 20 metres","Daylight","Fine no high winds","Wet or damp","Car occupant"
"7921","20171341R1275",2017-01-27,2017,"Jan",27,"18:55",18,55,"Friday","Serious",1,"Serious","Motorcycle 125cc and under rider or passenger","Driver or rider","Male",20,"Unclassified","Single carriageway",30,"Unclassified","Not a Pedestrian","Not a Pedestrian",438357,440696,"E01011310",2,"T or staggered junction","Darkness - lights lit","Fine no high winds","Dry","Motorcyclist and pillion"
"7922","20171341R1294",2017-01-27,2017,"Jan",27,"19:00",19,0,"Friday","Slight",2,"Slight","Car occupant","Driver or rider","Male",27,"A","Single carriageway",60,NA,"Not a Pedestrian","Not a Pedestrian",421957,428201,"E01011527",3,"Not at junction or within 20 metres","Darkness - lights lit","Fine no high winds","Wet or damp","Car occupant"
"7923","20171341R1294",2017-01-27,2017,"Jan",27,"19:00",19,0,"Friday","Slight",2,"Slight","Car occupant","Driver or rider","Female",17,"A","Single carriageway",60,NA,"Not a Pedestrian","Not a Pedestrian",421957,428201,"E01011527",3,"Not at junction or within 20 metres","Darkness - lights lit","Fine no high winds","Wet or damp","Car occupant"
"7924","20171341R1582",2017-01-27,2017,"Jan",27,"22:00",22,0,"Friday","Slight",1,"Slight","Pedestrian","Pedestrian","Female",19,"Unclassified","Single carriageway",30,"Unclassified","Crossing on pedestrian crossing facility","Crossing from driver's offside",430316,431181,"E01011374",1,"T or staggered junction","Darkness - lights lit","Raining no high winds","Wet or damp","Pedestrian"
"7925","20171341S0145",2017-01-28,2017,"Jan",28,"02:00",2,0,"Saturday","Slight",4,"Slight","Car occupant","Driver or rider","Male",67,"A","Single carriageway",30,"Unclassified","Not a Pedestrian","Not a Pedestrian",427201,434752,"E01011482",2,"T or staggered junction","Darkness - lights lit","Fine no high winds","Wet or damp","Car occupant"
"7926","20171341S0145",2017-01-28,2017,"Jan",28,"02:00",2,0,"Saturday","Slight",4,"Slight","Taxi/Private hire car occupant","Passenger","Male",18,"A","Single carriageway",30,"Unclassified","Not a Pedestrian","Not a Pedestrian",427201,434752,"E01011482",2,"T or staggered junction","Darkness - lights lit","Fine no high winds","Wet or damp","Car occupant"
"7927","20171341S0145",2017-01-28,2017,"Jan",28,"02:00",2,0,"Saturday","Slight",4,"Slight","Taxi/Private hire car occupant","Passenger","Male",25,"A","Single carriageway",30,"Unclassified","Not a Pedestrian","Not a Pedestrian",427201,434752,"E01011482",2,"T or staggered junction","Darkness - lights lit","Fine no high winds","Wet or damp","Car occupant"
"7928","20171341S0145",2017-01-28,2017,"Jan",28,"02:00",2,0,"Saturday","Slight",4,"Slight","Taxi/Private hire car occupant","Passenger","Male",24,"A","Single carriageway",30,"Unclassified","Not a Pedestrian","Not a Pedestrian",427201,434752,"E01011482",2,"T or staggered junction","Darkness - lights lit","Fine no high winds","Wet or damp","Car occupant"
"7929","20171341S1246",2017-01-28,2017,"Jan",28,"14:45",14,45,"Saturday","Serious",1,"Serious","Motorcycle over 125cc and up to 500cc rider or  passenger","Driver or rider","Male",23,"Unclassified","Single carriageway",30,NA,"Not a Pedestrian","Not a Pedestrian",431036,431334,"E01011467",2,"Not at junction or within 20 metres","Darkness - lights lit","Fine no high winds","Dry","Motorcyclist and pillion"
"7930","20171341S0890",2017-01-28,2017,"Jan",28,"15:10",15,10,"Saturday","Slight",1,"Slight","Car occupant","Driver or rider","Female",36,"A","Roundabout",30,"Unclassified","Not a Pedestrian","Not a Pedestrian",428500,433200,"E01011363",2,"Roundabout","Daylight","Fine no high winds","Dry","Car occupant"
"7931","2017134CS1526",2017-01-28,2017,"Jan",28,"19:55",19,55,"Saturday","Slight",1,"Slight","Car occupant","Driver or rider","Male",56,"A","Single carriageway",30,"Unclassified","Not a Pedestrian","Not a Pedestrian",431350,435060,"E01011429",2,"T or staggered junction","Darkness - lights lit","Fine no high winds","Dry","Car occupant"
"7932","20171341T0497",2017-01-29,2017,"Jan",29,"10:45",10,45,"Sunday","Serious",1,"Serious","Cyclist","Driver or rider","Male",41,"Unclassified","Single carriageway",40,"B","Not a Pedestrian","Not a Pedestrian",424150,435969,"E01011325",2,"T or staggered junction","Daylight","Fine no high winds","Wet or damp","Cyclist"
"7933","20171341T1161",2017-01-29,2017,"Jan",29,"17:30",17,30,"Sunday","Slight",1,"Slight","Car occupant","Driver or rider","Male",49,"Unclassified","Single carriageway",30,"Unclassified","Not a Pedestrian","Not a Pedestrian",430782,438592,"E01011512",2,"Crossroads","Darkness - lights lit","Raining no high winds","Wet or damp","Car occupant"
"7934","20171341U0187",2017-01-30,2017,"Jan",30,"07:05",7,5,"Monday","Slight",1,"Slight","Car occupant","Driver or rider","Male",35,"Motorway","Dual carriageway",50,"Motorway","Not a Pedestrian","Not a Pedestrian",431949,428020,"E01011502",2,"Slip road","Darkness - lights lit","Raining no high winds","Wet or damp","Car occupant"