"","accident_index","date","year","month","day","time","time_hour","time_minute","day_of_week","accident_severity","number_of_casualties","casualty_severity","casualty_type","casualty_class","sex_of_casualty","age_of_casualty","first_road_class","road_type","speed_limit","second_road_class","pedestrian_location","pedestrian_movement","location_easting_osgr","location_northing_osgr","lsoa_of_accident_location","number_of_vehicles","junction_detail","light_conditions","weather_conditions","road_surface_conditions","cas_type"
"7935","20171341U0272",2017-01-30,2017,"Jan",30,"08:46",8,46,"Monday","Slight",1,"Slight","Cyclist","Driver or rider","Male",30,"Unclassified","Single carriageway",30,"Unclassified","Not a Pedestrian","Not a Pedestrian",432059,435965,"E01011647",2,"T or staggered junction","Daylight","Fine no high winds","Wet or damp","Cyclist"
"7936","20171341U0518",2017-01-30,2017,"Jan",30,"11:46",11,46,"Monday","Slight",1,"Slight","Car occupant","Driver or rider","Male",66,"A","Dual carriageway",30,"B","Not a Pedestrian","Not a Pedestrian",436864,433662,"E01011411",2,"Roundabout","Daylight","Fine no high winds","Dry","Car occupant"
"7937","20171341U0676",2017-01-30,2017,"Jan",30,"13:29",13,29,"Monday","Slight",1,"Slight","Motorcycle 125cc and under rider or passenger","Driver or rider","Male",55,"Unclassified","Dual carriageway",30,NA,"Not a Pedestrian","Not a Pedestrian",430097,433239,"E01033016",2,"Not at junction or within 20 metres","Daylight","Fine no high winds","Wet or damp","Motorcyclist and pillion"
"7938","20171341U0857",2017-01-30,2017,"Jan",30,"15:10",15,10,"Monday","Slight",2,"Slight","Car occupant","Driver or rider","Female",66,"A","Dual carriageway",40,NA,"Not a Pedestrian","Not a Pedestrian",433169,436159,"E01011648",2,"Not at junction or within 20 metres","Daylight","Fine no high winds","Dry","Car occupant"
"7939","20171341U0857",2017-01-30,2017,"Jan",30,"15:10",15,10,"Monday","Slight",2,"Slight","Car occupant","Passenger","Female",31,"A","Dual carriageway",40,NA,"Not a Pedestrian","Not a Pedestrian",433169,436159,"E01011648",2,"Not at junction or within 20 metres","Daylight","Fine no high winds","Dry","Car occupant"
"7940","20171341U1239",2017-01-30,2017,"Jan",30,"18:23",18,23,"Monday","Slight",1,"Slight","Pedestrian","Pedestrian","Male",13,"Unclassified","Single carriageway",30,"Unclassified","In carriageway, crossing elsewhere","Crossing from driver's nearside",420178,441796,"E01011268",1,"T or staggered junction","Darkness - lighting unknown","Fine no high winds","Dry","Pedestrian"
"7941","20171341U1598",2017-01-30,2017,"Jan",30,"21:44",21,44,"Monday","Slight",2,"Slight","Car occupant","Driver or rider","Female",40,"Unclassified","Single carriageway",30,"Unclassified","Not a Pedestrian","Not a Pedestrian",430637,438185,"E01011515",2,"T or staggered junction","Darkness - lights lit","Fine no high winds","Dry","Car occupant"
"7942","20171341U1598",2017-01-30,2017,"Jan",30,"21:44",21,44,"Monday","Slight",2,"Slight","Car occupant","Passenger","Female",49,"Unclassified","Single carriageway",30,"Unclassified","Not a Pedestrian","Not a Pedestrian",430637,438185,"E01011515",2,"T or staggered junction","Darkness - lights lit","Fine no high winds","Dry","Car occupant"
"7943","20171341V0011",2017-01-31,2017,"Jan",31,"00:09",0,9,"Tuesday","Slight",1,"Slight","Car occupant","Driver or rider","Male",24,"Unclassified","Single carriageway",30,NA,"Not a Pedestrian","Not a Pedestrian",428164,436724,"E01011692",1,"Not at junction or within 20 metres","Darkness - lights lit","Fine no high winds","Dry","Car occupant"
"7944","20171341V0227",2017-01-31,2017,"Jan",31,"08:14",8,14,"Tuesday","Slight",1,"Slight","Car occupant","Driver or rider","Male",50,"A","Dual carriageway",40,NA,"Not a Pedestrian","Not a Pedestrian",425027,433155,"E01011727",1,"Not at junction or within 20 metres","Daylight","Raining no high winds","Wet or damp","Car occupant"
"7945","2017134210168",2017-02-01,2017,"Feb",1,"07:10",7,10,"Wednesday","Slight",2,"Slight","Car occupant","Driver or rider","Female",59,"A","Dual carriageway",40,NA,"Not a Pedestrian","Not a Pedestrian",431900,430373,"E01011469",2,"Not at junction or within 20 metres","Darkness - lighting unknown","Raining no high winds","Wet or damp","Car occupant"
"7946","2017134210168",2017-02-01,2017,"Feb",1,"07:10",7,10,"Wednesday","Slight",2,"Slight","Car occupant","Driver or rider","Male",43,"A","Dual carriageway",40,NA,"Not a Pedestrian","Not a Pedestrian",431900,430373,"E01011469",2,"Not at junction or within 20 metres","Darkness - lighting unknown","Raining no high winds","Wet or damp","Car occupant"
"7947","2017134210950",2017-02-01,2017,"Feb",1,"15:34",15,34,"Wednesday","Slight",1,"Slight","Car occupant","Driver or rider","Female",33,"A","Roundabout",40,"A","Not a Pedestrian","Not a Pedestrian",428087,426535,"E01011538",2,"Roundabout","Daylight","Fine no high winds","Dry","Car occupant"
"7948","2017134211417",2017-02-01,2017,"Feb",1,"19:15",19,15,"Wednesday","Slight",1,"Slight","Car occupant","Driver or rider","Male",22,"A","Single carriageway",30,"Unclassified","Not a Pedestrian","Not a Pedestrian",431765,435538,"E01011429",2,"T or staggered junction","Darkness - lights lit","Fine no high winds","Dry","Car occupant"
"7949","2017134220251",2017-02-02,2017,"Feb",2,"08:20",8,20,"Thursday","Slight",3,"Slight","Car occupant","Driver or rider","Female",31,"Unclassified","Single carriageway",30,"Unclassified","Not a Pedestrian","Not a Pedestrian",431971,437046,"E01011642",2,"T or staggered junction","Daylight","Fine no high winds","Dry","Car occupant"
"7950","2017134220251",2017-02-02,2017,"Feb",2,"08:20",8,20,"Thursday","Slight",3,"Slight","Car occupant","Passenger","Male",6,"Unclassified","Single carriageway",30,"Unclassified","Not a Pedestrian","Not a Pedestrian",431971,437046,"E01011642",2,"T or staggered junction","Daylight","Fine no high winds","Dry","Car occupant"
"7951","2017134220251",2017-02-02,2017,"Feb",2,"08:20",8,20,"Thursday","Slight",3,"Slight","Car occupant","Passenger","Female",3,"Unclassified","Single carriageway",30,"Unclassified","Not a Pedestrian","Not a Pedestrian",431971,437046,"E01011642",2,"T or staggered junction","Daylight","Fine no high winds","Dry","Car occupant"
"7952","2017134220549",2017-02-02,2017,"Feb",2,"08:40",8,40,"Thursday","Slight",1,"Slight","Cyclist","Driver or rider","Male",28,"A","Single carriageway",40,"Unclassified","Not a Pedestrian","Not a Pedestrian",427569,436873,"E01011694",2,"T or staggered junction","Daylight","Fine no high winds","Dry","Cyclist"
"7953","2017134220293",2017-02-02,2017,"Feb",2,"09:01",9,1,"Thursday","Slight",2,"Slight","Car occupant","Driver or rider","Male",45,"Motorway","Dual carriageway",70,NA,"Not a Pedestrian","Not a Pedestrian",434423,425867,"E01011634",2,"Not at junction or within 20 metres","Daylight","Fine no high winds","Wet or damp","Car occupant"
"7954","2017134220293",2017-02-02,2017,"Feb",2,"09:01",9,1,"Thursday","Slight",2,"Slight","Car occupant","Passenger","Male",67,"Motorway","Dual carriageway",70,NA,"Not a Pedestrian","Not a Pedestrian",434423,425867,"E01011634",2,"Not at junction or within 20 metres","Daylight","Fine no high winds","Wet or damp","Car occupant"
"7955","2017134220566",2017-02-02,2017,"Feb",2,"12:00",12,0,"Thursday","Serious",2,"Serious","Pedestrian","Pedestrian","Female",40,"Unclassified","Single carriageway",30,"A","In carriageway, crossing elsewhere","Crossing from driver's nearside",430675,436800,"E01011352",1,"T or staggered junction","Daylight","Fine no high winds","Dry","Pedestrian"
"7956","2017134220566",2017-02-02,2017,"Feb",2,"12:00",12,0,"Thursday","Serious",2,"Slight","Motorcycle 125cc and under rider or passenger","Driver or rider","Male",24,"Unclassified","Single carriageway",30,"A","Not a Pedestrian","Not a Pedestrian",430675,436800,"E01011352",1,"T or staggered junction","Daylight","Fine no high winds","Dry","Motorcyclist and pillion"
"7957","2017134220616",2017-02-02,2017,"Feb",2,"12:30",12,30,"Thursday","Serious",3,"Slight","Car occupant","Driver or rider","Male",80,"A","Single carriageway",30,"B","Not a Pedestrian","Not a Pedestrian",440575,432100,"E01011302",2,"T or staggered junction","Daylight","Fine no high winds","Dry","Car occupant"
"7958","2017134220616",2017-02-02,2017,"Feb",2,"12:30",12,30,"Thursday","Serious",3,"Serious","Car occupant","Passenger","Female",78,"A","Single carriageway",30,"B","Not a Pedestrian","Not a Pedestrian",440575,432100,"E01011302",2,"T or staggered junction","Daylight","Fine no high winds","Dry","Car occupant"
"7959","2017134220616",2017-02-02,2017,"Feb",2,"12:30",12,30,"Thursday","Serious",3,"Slight","Car occupant","Driver or rider","Female",60,"A","Single carriageway",30,"B","Not a Pedestrian","Not a Pedestrian",440575,432100,"E01011302",2,"T or staggered junction","Daylight","Fine no high winds","Dry","Car occupant"
"7960","2017134220736",2017-02-02,2017,"Feb",2,"13:15",13,15,"Thursday","Slight",1,"Slight","Car occupant","Driver or rider","Male",42,"A","Dual carriageway",40,"A","Not a Pedestrian","Not a Pedestrian",431507,432550,"E01011626",2,"Crossroads","Daylight","Fine no high winds","Dry","Car occupant"
"7961","2017134220863",2017-02-02,2017,"Feb",2,"14:45",14,45,"Thursday","Slight",1,"Slight","Car occupant","Driver or rider","Male",59,"A(M)","Dual carriageway",70,NA,"Not a Pedestrian","Not a Pedestrian",440935,445753,"E01011704",1,"Not at junction or within 20 metres","Daylight","Fine no high winds","Dry","Car occupant"
"7962","2017134230442",2017-02-03,2017,"Feb",3,"10:11",10,11,"Friday","Slight",1,"Slight","Car occupant","Driver or rider","Male",83,"Unclassified","Single carriageway",30,NA,"Not a Pedestrian","Not a Pedestrian",424589,439358,"E01032501",3,"Not at junction or within 20 metres","Daylight","Fine no high winds","Dry","Car occupant"
"7963","2017134230566",2017-02-03,2017,"Feb",3,"11:30",11,30,"Friday","Slight",1,"Slight","Car occupant","Driver or rider","Male",30,"Unclassified","Single carriageway",30,"Unclassified","Not a Pedestrian","Not a Pedestrian",428046,424375,"E01011536",2,"T or staggered junction","Daylight","Fine no high winds","Dry","Car occupant"
"7964","2017134231034",2017-02-03,2017,"Feb",3,"11:55",11,55,"Friday","Slight",1,"Slight","Bus or coach occupant (17 or more pass seats)","Passenger","Male",65,"Unclassified","Single carriageway",30,NA,"Not a Pedestrian","Not a Pedestrian",430156,433763,"E01033010",1,"Not at junction or within 20 metres","Daylight","Fine no high winds","Dry","Bus and goods vehicle occupant"
"7965","2017134230696",2017-02-03,2017,"Feb",3,"12:43",12,43,"Friday","Slight",1,"Slight","Car occupant","Driver or rider","Female",23,"Motorway","Dual carriageway",70,NA,"Not a Pedestrian","Not a Pedestrian",431002,426514,"E01011499",2,"Not at junction or within 20 metres","Daylight","Fine no high winds","Dry","Car occupant"
"7966","2017134231213",2017-02-03,2017,"Feb",3,"16:15",16,15,"Friday","Slight",1,"Slight","Car occupant","Driver or rider","Female",45,"A","Dual carriageway",70,NA,"Not a Pedestrian","Not a Pedestrian",421297,434056,"E01011585",2,"Not at junction or within 20 metres","Daylight","Fine no high winds","Wet or damp","Car occupant"
"7967","2017134231514",2017-02-03,2017,"Feb",3,"19:20",19,20,"Friday","Slight",1,"Slight","Pedestrian","Pedestrian","Female",23,"Unclassified","Single carriageway",30,"B","In carriageway, crossing elsewhere","Unknown or other",427206,435738,"E01032945",1,"T or staggered junction","Darkness - lights lit","Fine no high winds","Dry","Pedestrian"
"7968","2017134240448",2017-02-04,2017,"Feb",4,"09:05",9,5,"Saturday","Serious",1,"Serious","Cyclist","Driver or rider","Male",47,"Unclassified","Single carriageway",30,"Unclassified","Not a Pedestrian","Not a Pedestrian",425413,440393,"E01011378",3,"T or staggered junction","Daylight","Fine no high winds","Wet or damp","Cyclist"
"7969","2017134240541",2017-02-04,2017,"Feb",4,"10:19",10,19,"Saturday","Fatal",1,"Fatal","Pedestrian","Pedestrian","Female",43,"A","Dual carriageway",70,NA,"In carriageway, crossing elsewhere","Crossing from driver's nearside",428749,438559,"E01011505",1,"Not at junction or within 20 metres","Daylight","Fine no high winds","Wet or damp","Pedestrian"
"7970","2017134241230",2017-02-04,2017,"Feb",4,"14:50",14,50,"Saturday","Slight",1,"Slight","Bus or coach occupant (17 or more pass seats)","Passenger","Female",75,"Unclassified","Dual carriageway",30,NA,"Not a Pedestrian","Not a Pedestrian",431288,433861,"E01033031",2,"Not at junction or within 20 metres","Daylight","Fine no high winds","Dry","Bus and goods vehicle occupant"
"7971","2017134241239",2017-02-04,2017,"Feb",4,"16:31",16,31,"Saturday","Serious",1,"Serious","Pedestrian","Pedestrian","Female",19,"A","Single carriageway",30,NA,"In carriageway, crossing elsewhere","Crossing from nearside - masked by parked or stationary vehicle",427983,436032,"E01011440",2,"Not at junction or within 20 metres","Daylight","Fine no high winds","Dry","Pedestrian"
"7972","2017134241383",2017-02-04,2017,"Feb",4,"18:05",18,5,"Saturday","Serious",1,"Serious","Motorcycle over 125cc and up to 500cc rider or  passenger","Driver or rider","Male",22,"B","Single carriageway",30,NA,"Not a Pedestrian","Not a Pedestrian",435406,433577,"E01011417",2,"Not at junction or within 20 metres","Darkness - lights lit","Fine no high winds","Dry","Motorcyclist and pillion"
"7973","2017134241546",2017-02-04,2017,"Feb",4,"19:36",19,36,"Saturday","Slight",2,"Slight","Van / Goods vehicle (3.5 tonnes mgw or under) occupant","Driver or rider","Male",52,"Unclassified","Single carriageway",30,"Unclassified","Not a Pedestrian","Not a Pedestrian",429597,432562,"E01033032",2,"Crossroads","Darkness - lights lit","Fine no high winds","Wet or damp","Bus and goods vehicle occupant"
"7974","2017134241546",2017-02-04,2017,"Feb",4,"19:36",19,36,"Saturday","Slight",2,"Slight","Van / Goods vehicle (3.5 tonnes mgw or under) occupant","Passenger","Female",40,"Unclassified","Single carriageway",30,"Unclassified","Not a Pedestrian","Not a Pedestrian",429597,432562,"E01033032",2,"Crossroads","Darkness - lights lit","Fine no high winds","Wet or damp","Bus and goods vehicle occupant"
"7975","2017134241593",2017-02-04,2017,"Feb",4,"20:03",20,3,"Saturday","Slight",6,"Slight","Car occupant","Driver or rider","Male",27,"Motorway","Dual carriageway",70,NA,"Not a Pedestrian","Not a Pedestrian",433758,425846,"E01011500",2,"Not at junction or within 20 metres","Darkness - lights unlit","Fine no high winds","Dry","Car occupant"
"7976","2017134241593",2017-02-04,2017,"Feb",4,"20:03",20,3,"Saturday","Slight",6,"Slight","Car occupant","Passenger","Male",27,"Motorway","Dual carriageway",70,NA,"Not a Pedestrian","Not a Pedestrian",433758,425846,"E01011500",2,"Not at junction or within 20 metres","Darkness - lights unlit","Fine no high winds","Dry","Car occupant"
"7977","2017134241593",2017-02-04,2017,"Feb",4,"20:03",20,3,"Saturday","Slight",6,"Slight","Car occupant","Passenger","Female",45,"Motorway","Dual carriageway",70,NA,"Not a Pedestrian","Not a Pedestrian",433758,425846,"E01011500",2,"Not at junction or within 20 metres","Darkness - lights unlit","Fine no high winds","Dry","Car occupant"
"7978","2017134241593",2017-02-04,2017,"Feb",4,"20:03",20,3,"Saturday","Slight",6,"Slight","Car occupant","Passenger","Male",5,"Motorway","Dual carriageway",70,NA,"Not a Pedestrian","Not a Pedestrian",433758,425846,"E01011500",2,"Not at junction or within 20 metres","Darkness - lights unlit","Fine no high winds","Dry","Car occupant"
"7979","2017134241593",2017-02-04,2017,"Feb",4,"20:03",20,3,"Saturday","Slight",6,"Slight","Car occupant","Passenger","Female",45,"Motorway","Dual carriageway",70,NA,"Not a Pedestrian","Not a Pedestrian",433758,425846,"E01011500",2,"Not at junction or within 20 metres","Darkness - lights unlit","Fine no high winds","Dry","Car occupant"
"7980","2017134241593",2017-02-04,2017,"Feb",4,"20:03",20,3,"Saturday","Slight",6,"Slight","Car occupant","Passenger","Female",14,"Motorway","Dual carriageway",70,NA,"Not a Pedestrian","Not a Pedestrian",433758,425846,"E01011500",2,"Not at junction or within 20 metres","Darkness - lights unlit","Fine no high winds","Dry","Car occupant"
"7981","2017134241625",2017-02-04,2017,"Feb",4,"20:24",20,24,"Saturday","Slight",4,"Slight","Car occupant","Driver or rider","Male",77,"Unclassified","Single carriageway",30,"B","Not a Pedestrian","Not a Pedestrian",428630,436980,"E01011691",2,"T or staggered junction","Darkness - lights lit","Fine no high winds","Dry","Car occupant"
"7982","2017134241625",2017-02-04,2017,"Feb",4,"20:24",20,24,"Saturday","Slight",4,"Slight","Car occupant","Driver or rider","Male",26,"Unclassified","Single carriageway",30,"B","Not a Pedestrian","Not a Pedestrian",428630,436980,"E01011691",2,"T or staggered junction","Darkness - lights lit","Fine no high winds","Dry","Car occupant"
"7983","2017134241625",2017-02-04,2017,"Feb",4,"20:24",20,24,"Saturday","Slight",4,"Slight","Car occupant","Passenger","Male",25,"Unclassified","Single carriageway",30,"B","Not a Pedestrian","Not a Pedestrian",428630,436980,"E01011691",2,"T or staggered junction","Darkness - lights lit","Fine no high winds","Dry","Car occupant"
"7984","2017134241625",2017-02-04,2017,"Feb",4,"20:24",20,24,"Saturday","Slight",4,"Slight","Car occupant","Passenger","Male",27,"Unclassified","Single carriageway",30,"B","Not a Pedestrian","Not a Pedestrian",428630,436980,"E01011691",2,"T or staggered junction","Darkness - lights lit","Fine no high winds","Dry","Car occupant"
"7985","2017134251310",2017-02-05,2017,"Feb",5,"18:10",18,10,"Sunday","Fatal",3,"Fatal","Motorcycle over 125cc and up to 500cc rider or  passenger","Driver or rider","Male",30,"A","Dual carriageway",40,"Unclassified","Not a Pedestrian","Not a Pedestrian",425964,434125,"E01032499",2,"T or staggered junction","Darkness - lights lit","Fine no high winds","Wet or damp","Motorcyclist and pillion"
"7986","2017134251310",2017-02-05,2017,"Feb",5,"18:10",18,10,"Sunday","Fatal",3,"Slight","Car occupant","Driver or rider","Male",72,"A","Dual carriageway",40,"Unclassified","Not a Pedestrian","Not a Pedestrian",425964,434125,"E01032499",2,"T or staggered junction","Darkness - lights lit","Fine no high winds","Wet or damp","Car occupant"
"7987","2017134251310",2017-02-05,2017,"Feb",5,"18:10",18,10,"Sunday","Fatal",3,"Serious","Car occupant","Passenger","Female",70,"A","Dual carriageway",40,"Unclassified","Not a Pedestrian","Not a Pedestrian",425964,434125,"E01032499",2,"T or staggered junction","Darkness - lights lit","Fine no high winds","Wet or damp","Car occupant"
"7988","2017134251517",2017-02-05,2017,"Feb",5,"20:00",20,0,"Sunday","Slight",2,"Slight","Car occupant","Driver or rider","Female",33,"Unclassified","Single carriageway",30,"Unclassified","Not a Pedestrian","Not a Pedestrian",433897,436116,"E01011425",2,"Crossroads","Darkness - lights lit","Fine no high winds","Dry","Car occupant"
"7989","2017134251517",2017-02-05,2017,"Feb",5,"20:00",20,0,"Sunday","Slight",2,"Slight","Car occupant","Driver or rider","Male",55,"Unclassified","Single carriageway",30,"Unclassified","Not a Pedestrian","Not a Pedestrian",433897,436116,"E01011425",2,"Crossroads","Darkness - lights lit","Fine no high winds","Dry","Car occupant"
"7990","2017134290660",2017-02-06,2017,"Feb",6,"08:10",8,10,"Monday","Slight",1,"Slight","Motorcycle 125cc and under rider or passenger","Driver or rider","Male",25,"Unclassified","Dual carriageway",30,NA,"Not a Pedestrian","Not a Pedestrian",427403,431207,"E01011318",2,"Not at junction or within 20 metres","Daylight","Fine no high winds","Wet or damp","Motorcyclist and pillion"
"7991","2017134260435",2017-02-06,2017,"Feb",6,"09:50",9,50,"Monday","Slight",1,"Slight","Car occupant","Passenger","Female",43,"A","Dual carriageway",40,NA,"Not a Pedestrian","Not a Pedestrian",429417,433854,"E01033008",2,"Not at junction or within 20 metres","Daylight","Fine no high winds","Dry","Car occupant"
"7992","2017134261261",2017-02-06,2017,"Feb",6,"14:30",14,30,"Monday","Slight",1,"Slight","Cyclist","Driver or rider","Male",42,"B","Single carriageway",30,NA,"Not a Pedestrian","Not a Pedestrian",432397,434884,"E01011433",2,"Not at junction or within 20 metres","Daylight","Fine no high winds","Dry","Cyclist"
"7993","2017134281539",2017-02-06,2017,"Feb",6,"15:00",15,0,"Monday","Slight",1,"Slight","Pedestrian","Pedestrian","Female",52,"Unclassified","Single carriageway",60,NA,"On footway or verge","Unknown or other",438867,426776,"E01011393",1,"Not at junction or within 20 metres","Daylight","Fine no high winds","Dry","Pedestrian"
"7994","2017134261212",2017-02-06,2017,"Feb",6,"17:18",17,18,"Monday","Serious",1,"Serious","Pedestrian","Pedestrian","Female",6,"Unclassified","Single carriageway",30,NA,"In carriageway, crossing elsewhere","Crossing from driver's offside",431204,434324,"E01033031",1,"Not at junction or within 20 metres","Darkness - lights lit","Raining no high winds","Wet or damp","Pedestrian"
"7995","2017134261344",2017-02-06,2017,"Feb",6,"18:15",18,15,"Monday","Slight",1,"Slight","Car occupant","Passenger","Female",56,"Unclassified","Dual carriageway",40,"Unclassified","Not a Pedestrian","Not a Pedestrian",430211,434362,"E01033010",2,"Crossroads","Darkness - lights lit","Raining no high winds","Wet or damp","Car occupant"
"7996","2017134270713",2017-02-07,2017,"Feb",7,"10:55",10,55,"Tuesday","Slight",1,"Slight","Car occupant","Driver or rider","Female",84,"A","Roundabout",30,"A","Not a Pedestrian","Not a Pedestrian",428010,426242,"E01011550",2,"Roundabout","Daylight","Fine no high winds","Dry","Car occupant"
"7997","2017134271286",2017-02-07,2017,"Feb",7,"17:40",17,40,"Tuesday","Slight",1,"Slight","Car occupant","Driver or rider","Male",39,"Unclassified","Single carriageway",30,"Unclassified","Not a Pedestrian","Not a Pedestrian",429213,433497,"E01033015",2,"Crossroads","Darkness - lights lit","Fine no high winds","Dry","Car occupant"
"7998","2017134280868",2017-02-08,2017,"Feb",8,"08:00",8,0,"Wednesday","Slight",2,"Slight","Car occupant","Passenger","Female",12,"A","Single carriageway",30,"Unclassified","Not a Pedestrian","Not a Pedestrian",426626,428772,"E01011531",2,"T or staggered junction","Daylight","Fine no high winds","Dry","Car occupant"
"7999","2017134280868",2017-02-08,2017,"Feb",8,"08:00",8,0,"Wednesday","Slight",2,"Slight","Car occupant","Passenger","Female",12,"A","Single carriageway",30,"Unclassified","Not a Pedestrian","Not a Pedestrian",426626,428772,"E01011531",2,"T or staggered junction","Daylight","Fine no high winds","Dry","Car occupant"
"8000","2017134281676",2017-02-08,2017,"Feb",8,"11:30",11,30,"Wednesday","Serious",1,"Serious","Pedestrian","Pedestrian","Female",81,"Unclassified","Single carriageway",30,NA,"On footway or verge","Unknown or other",430914,436997,"E01011351",1,"Not at junction or within 20 metres","Daylight","Fine no high winds","Dry","Pedestrian"
"8001","2017134280787",2017-02-08,2017,"Feb",8,"11:44",11,44,"Wednesday","Slight",1,"Slight","Pedestrian","Pedestrian","Female",20,"Unclassified","Single carriageway",30,"Unclassified","In carriageway, crossing elsewhere","Crossing from driver's offside",431768,434662,"E01011677",1,"Other junction","Daylight","Fine no high winds","Dry","Pedestrian"
"8002","2017134280712",2017-02-08,2017,"Feb",8,"13:02",13,2,"Wednesday","Slight",1,"Slight","Cyclist","Driver or rider","Male",19,"Unclassified","Single carriageway",30,NA,"Not a Pedestrian","Not a Pedestrian",429904,434337,"E01033008",2,"Not at junction or within 20 metres","Daylight","Fine no high winds","Dry","Cyclist"
"8003","2017134280921",2017-02-08,2017,"Feb",8,"14:15",14,15,"Wednesday","Slight",1,"Slight","Pedestrian","Pedestrian","Male",21,"Unclassified","Single carriageway",30,"A","In carriageway, crossing elsewhere","Crossing from driver's offside",425139,437864,"E01011464",1,"T or staggered junction","Daylight","Fine no high winds","Dry","Pedestrian"
"8004","2017134281279",2017-02-08,2017,"Feb",8,"16:30",16,30,"Wednesday","Slight",1,"Slight","Car occupant","Driver or rider","Female",47,"Unclassified","Single carriageway",30,NA,"Not a Pedestrian","Not a Pedestrian",417883,443325,"E01011266",2,"Not at junction or within 20 metres","Darkness - lights lit","Fine no high winds","Dry","Car occupant"
"8005","2017134281245",2017-02-08,2017,"Feb",8,"17:30",17,30,"Wednesday","Slight",1,"Slight","Pedestrian","Pedestrian","Male",24,"Unclassified","Single carriageway",30,NA,"In carriageway, crossing elsewhere","Crossing from offside - masked by  parked or stationary vehicle",429763,432753,"E01033016",1,"Not at junction or within 20 metres","Darkness - lights lit","Fine no high winds","Dry","Pedestrian"
"8006","2017134281247",2017-02-08,2017,"Feb",8,"18:11",18,11,"Wednesday","Slight",1,"Slight","Motorcycle over 500cc rider or passenger","Driver or rider","Male",25,"A","Single carriageway",30,"Unclassified","Not a Pedestrian","Not a Pedestrian",421056,439384,"E01011580",2,"T or staggered junction","Darkness - lights lit","Fine no high winds","Wet or damp","Motorcyclist and pillion"
"8007","2017134281406",2017-02-08,2017,"Feb",8,"19:00",19,0,"Wednesday","Slight",1,"Slight","Cyclist","Driver or rider","Female",22,"Unclassified","Single carriageway",60,NA,"Not a Pedestrian","Not a Pedestrian",430098,433900,"E01033010",2,"Not at junction or within 20 metres","Darkness - lights lit","Fine no high winds","Dry","Cyclist"
"8008","2017134281410",2017-02-08,2017,"Feb",8,"19:00",19,0,"Wednesday","Serious",1,"Serious","Pedestrian","Pedestrian","Female",14,"Unclassified","Single carriageway",30,NA,"Crossing elsewhere within 50m. of pedestrian crossing","Crossing from driver's nearside",430349,431183,"E01011374",1,"Not at junction or within 20 metres","Darkness - lights lit","Fine no high winds","Dry","Pedestrian"
"8009","2017134281541",2017-02-08,2017,"Feb",8,"20:24",20,24,"Wednesday","Serious",1,"Serious","Car occupant","Passenger","Male",15,"Unclassified","Single carriageway",30,NA,"Not a Pedestrian","Not a Pedestrian",425541,432450,"E01011735",3,"Not at junction or within 20 metres","Darkness - lights lit","Fine no high winds","Dry","Car occupant"
"8010","2017134290195",2017-02-09,2017,"Feb",9,"06:45",6,45,"Thursday","Slight",1,"Slight","Motorcycle 125cc and under rider or passenger","Driver or rider","Male",50,"Unclassified","Single carriageway",30,"Unclassified","Not a Pedestrian","Not a Pedestrian",429076,433048,"E01033013",2,"T or staggered junction","Darkness - lights lit","Raining no high winds","Wet or damp","Motorcyclist and pillion"
"8011","2017134290251",2017-02-09,2017,"Feb",9,"08:00",8,0,"Thursday","Slight",1,"Slight","Pedestrian","Pedestrian","Female",15,"Unclassified","Single carriageway",30,NA,"Crossing on pedestrian crossing facility","Crossing from driver's nearside",429910,436617,"E01011355",1,"Not at junction or within 20 metres","Daylight","Fine no high winds","Dry","Pedestrian"
"8012","2017134290388",2017-02-09,2017,"Feb",9,"09:18",9,18,"Thursday","Slight",1,"Slight","Car occupant","Driver or rider","Male",63,"Unclassified","Single carriageway",30,"Unclassified","Not a Pedestrian","Not a Pedestrian",430778,438714,"E01011512",3,"T or staggered junction","Daylight","Fine no high winds","Dry","Car occupant"
"8013","2017134290970",2017-02-09,2017,"Feb",9,"14:29",14,29,"Thursday","Slight",1,"Slight","Motorcycle 50cc and under rider or passenger","Driver or rider","Male",16,"Unclassified","One way street",30,"Unclassified","Not a Pedestrian","Not a Pedestrian",441867,427768,"E01011299",2,"T or staggered junction","Daylight","Fine no high winds","Dry","Motorcyclist and pillion"
"8014","2017134291614",2017-02-09,2017,"Feb",9,"20:15",20,15,"Thursday","Slight",2,"Slight","Car occupant","Passenger","Female",34,"Unclassified","Single carriageway",30,"Unclassified","Not a Pedestrian","Not a Pedestrian",430380,434973,"E01011671",2,"T or staggered junction","Darkness - lighting unknown","Fine no high winds","Wet or damp","Car occupant"
"8015","2017134291614",2017-02-09,2017,"Feb",9,"20:15",20,15,"Thursday","Slight",2,"Slight","Car occupant","Passenger","Female",26,"Unclassified","Single carriageway",30,"Unclassified","Not a Pedestrian","Not a Pedestrian",430380,434973,"E01011671",2,"T or staggered junction","Darkness - lighting unknown","Fine no high winds","Wet or damp","Car occupant"
"8016","2017134270865",2017-02-10,2017,"Feb",10,"14:50",14,50,"Friday","Slight",1,"Slight","Cyclist","Driver or rider","Male",24,"Unclassified","Single carriageway",30,"Unclassified","Not a Pedestrian","Not a Pedestrian",429603,431816,"E01011364",2,"T or staggered junction","Daylight","Fine no high winds","Dry","Cyclist"