"","accident_index","date","year","month","day","time","time_hour","time_minute","day_of_week","accident_severity","number_of_casualties","casualty_severity","casualty_type","casualty_class","sex_of_casualty","age_of_casualty","first_road_class","road_type","speed_limit","second_road_class","pedestrian_location","pedestrian_movement","location_easting_osgr","location_northing_osgr","lsoa_of_accident_location","number_of_vehicles","junction_detail","light_conditions","weather_conditions","road_surface_conditions","cas_type"
"8017","20171342A0906",2017-02-10,2017,"Feb",10,"14:50",14,50,"Friday","Slight",1,"Slight","Car occupant","Driver or rider","Male",74,"Motorway","Dual carriageway",70,NA,"Not a Pedestrian","Not a Pedestrian",430627,426522,"E01011499",3,"Not at junction or within 20 metres","Daylight","Fine no high winds","Wet or damp","Car occupant"
"8018","20171342A1271",2017-02-10,2017,"Feb",10,"18:00",18,0,"Friday","Serious",2,"Slight","Pedestrian","Pedestrian","Male",75,"B","Single carriageway",30,NA,"Crossing on pedestrian crossing facility","Crossing from driver's offside",428644,436994,"E01011691",1,"Not at junction or within 20 metres","Darkness - lights lit","Fine no high winds","Dry","Pedestrian"
"8019","20171342A1271",2017-02-10,2017,"Feb",10,"18:00",18,0,"Friday","Serious",2,"Serious","Pedestrian","Pedestrian","Male",59,"B","Single carriageway",30,NA,"Crossing on pedestrian crossing facility","Crossing from driver's offside",428644,436994,"E01011691",1,"Not at junction or within 20 metres","Darkness - lights lit","Fine no high winds","Dry","Pedestrian"
"8020","20171342A1367",2017-02-10,2017,"Feb",10,"18:54",18,54,"Friday","Slight",1,"Slight","Taxi/Private hire car occupant","Driver or rider","Male",57,"Motorway","Dual carriageway",70,NA,"Not a Pedestrian","Not a Pedestrian",426612,429714,"E01011518",2,"Not at junction or within 20 metres","Darkness - lights lit","Fine no high winds","Wet or damp","Car occupant"
"8021","20171342A1453",2017-02-10,2017,"Feb",10,"19:30",19,30,"Friday","Serious",1,"Serious","Pedestrian","Pedestrian","Male",12,"Unclassified","Single carriageway",30,NA,"In carriageway, crossing elsewhere","Unknown or other",428093,434657,"E01011481",1,"Not at junction or within 20 metres","Darkness - lights lit","Fine no high winds","Wet or damp","Pedestrian"
"8022","20171342A1657",2017-02-10,2017,"Feb",10,"21:23",21,23,"Friday","Slight",1,"Slight","Cyclist","Driver or rider","Male",19,"Unclassified","Single carriageway",30,NA,"Not a Pedestrian","Not a Pedestrian",429986,431295,"E01011372",2,"Not at junction or within 20 metres","Darkness - lights lit","Fine no high winds","Wet or damp","Cyclist"
"8023","20171342C1415",2017-02-12,2017,"Feb",12,"20:38",20,38,"Sunday","Slight",1,"Slight","Car occupant","Driver or rider","Male",48,"Unclassified","Single carriageway",30,"Unclassified","Not a Pedestrian","Not a Pedestrian",429180,438756,"E01011560",4,"T or staggered junction","Darkness - lights lit","Fine no high winds","Dry","Car occupant"
"8024","20171342D0516",2017-02-13,2017,"Feb",13,"11:00",11,0,"Monday","Slight",1,"Slight","Car occupant","Driver or rider","Female",23,"Unclassified","Single carriageway",30,"Unclassified","Not a Pedestrian","Not a Pedestrian",428097,434513,"E01011481",2,"Crossroads","Daylight","Fine no high winds","Wet or damp","Car occupant"
"8025","20171342D0897",2017-02-13,2017,"Feb",13,"14:35",14,35,"Monday","Slight",1,"Slight","Car occupant","Driver or rider","Male",31,"Motorway","Slip road",30,"Unclassified","Not a Pedestrian","Not a Pedestrian",429828,432296,"E01011364",2,"Slip road","Daylight","Fine no high winds","Wet or damp","Car occupant"
"8026","20171342D1529",2017-02-13,2017,"Feb",13,"17:28",17,28,"Monday","Slight",2,"Slight","Car occupant","Driver or rider","Male",46,"Unclassified","Single carriageway",30,"Unclassified","Not a Pedestrian","Not a Pedestrian",427558,433895,"E01011284",3,"T or staggered junction","Darkness - lights lit","Fine no high winds","Dry","Car occupant"
"8027","20171342D1529",2017-02-13,2017,"Feb",13,"17:28",17,28,"Monday","Slight",2,"Slight","Car occupant","Driver or rider","Female",40,"Unclassified","Single carriageway",30,"Unclassified","Not a Pedestrian","Not a Pedestrian",427558,433895,"E01011284",3,"T or staggered junction","Darkness - lights lit","Fine no high winds","Dry","Car occupant"
"8028","20171342E0246",2017-02-14,2017,"Feb",14,"07:15",7,15,"Tuesday","Serious",2,"Slight","Motorcycle 125cc and under rider or passenger","Driver or rider","Male",46,"Unclassified","Single carriageway",30,"Unclassified","Not a Pedestrian","Not a Pedestrian",422914,433585,"E01011610",2,"T or staggered junction","Darkness - lighting unknown","Fine no high winds","Dry","Motorcyclist and pillion"
"8029","20171342E0246",2017-02-14,2017,"Feb",14,"07:15",7,15,"Tuesday","Serious",2,"Serious","Motorcycle 125cc and under rider or passenger","Passenger","Female",48,"Unclassified","Single carriageway",30,"Unclassified","Not a Pedestrian","Not a Pedestrian",422914,433585,"E01011610",2,"T or staggered junction","Darkness - lighting unknown","Fine no high winds","Dry","Motorcyclist and pillion"
"8030","20171342E0563",2017-02-14,2017,"Feb",14,"08:30",8,30,"Tuesday","Slight",1,"Slight","Bus or coach occupant (17 or more pass seats)","Passenger","Female",72,"Unclassified","Single carriageway",30,NA,"Not a Pedestrian","Not a Pedestrian",428858,436547,"E01011450",1,"Not at junction or within 20 metres","Daylight","Fine no high winds","Dry","Bus and goods vehicle occupant"
"8031","20171342E0449",2017-02-14,2017,"Feb",14,"10:33",10,33,"Tuesday","Slight",1,"Slight","Car occupant","Driver or rider","Male",32,"B","Single carriageway",30,NA,"Not a Pedestrian","Not a Pedestrian",428191,427777,"E01011540",5,"Not at junction or within 20 metres","Daylight","Fine no high winds","Wet or damp","Car occupant"
"8032","20171342E0803",2017-02-14,2017,"Feb",14,"13:31",13,31,"Tuesday","Slight",1,"Slight","Bus or coach occupant (17 or more pass seats)","Passenger","Female",33,"Unclassified","Single carriageway",30,NA,"Not a Pedestrian","Not a Pedestrian",430699,433451,"E01033011",1,"Not at junction or within 20 metres","Daylight","Fine no high winds","Dry","Bus and goods vehicle occupant"
"8033","20171342E1039",2017-02-14,2017,"Feb",14,"16:25",16,25,"Tuesday","Slight",1,"Slight","Car occupant","Passenger","Female",52,"A","Roundabout",40,"Unclassified","Not a Pedestrian","Not a Pedestrian",427986,430307,"E01011317",2,"Roundabout","Daylight","Fine no high winds","Dry","Car occupant"
"8034","20171342F0796",2017-02-15,2017,"Feb",15,"07:30",7,30,"Wednesday","Slight",1,"Slight","Car occupant","Driver or rider","Male",30,"A","Roundabout",40,"Motorway","Not a Pedestrian","Not a Pedestrian",433678,429590,"E01011639",2,"Roundabout","Darkness - lighting unknown","Fine no high winds","Wet or damp","Car occupant"
"8035","20171342F0366",2017-02-15,2017,"Feb",15,"08:55",8,55,"Wednesday","Slight",1,"Slight","Car occupant","Driver or rider","Male",24,"Unclassified","Single carriageway",30,"Unclassified","Not a Pedestrian","Not a Pedestrian",432050,439738,"E01011651",2,"T or staggered junction","Daylight","Fine no high winds","Dry","Car occupant"
"8036","20171342F0422",2017-02-15,2017,"Feb",15,"09:47",9,47,"Wednesday","Slight",1,"Slight","Car occupant","Driver or rider","Male",55,"A","Single carriageway",30,"B","Not a Pedestrian","Not a Pedestrian",422475,427902,"E01011527",2,"T or staggered junction","Daylight","Fine no high winds","Dry","Car occupant"
"8037","20171342F0657",2017-02-15,2017,"Feb",15,"12:00",12,0,"Wednesday","Serious",1,"Serious","Pedestrian","Pedestrian","Male",20,"A","Single carriageway",40,NA,"In carriageway, crossing elsewhere","Crossing from driver's nearside",433240,434039,"E01011340",1,"Not at junction or within 20 metres","Daylight","Fine no high winds","Dry","Pedestrian"
"8038","20171342F1242",2017-02-15,2017,"Feb",15,"17:15",17,15,"Wednesday","Slight",1,"Slight","Car occupant","Driver or rider","Female",51,"Unclassified","Single carriageway",30,"Unclassified","Not a Pedestrian","Not a Pedestrian",431437,435719,"E01011359",2,"T or staggered junction","Darkness - lights lit","Fine no high winds","Dry","Car occupant"
"8039","20171342G0389",2017-02-16,2017,"Feb",16,"09:00",9,0,"Thursday","Slight",1,"Slight","Cyclist","Driver or rider","Male",39,"Unclassified","One way street",30,NA,"Not a Pedestrian","Not a Pedestrian",430696,433338,"E01033011",2,"Not at junction or within 20 metres","Daylight","Fine no high winds","Dry","Cyclist"
"8040","20171342G1381",2017-02-16,2017,"Feb",16,"19:00",19,0,"Thursday","Serious",3,"Serious","Car occupant","Driver or rider","Male",49,"B","Single carriageway",40,NA,"Not a Pedestrian","Not a Pedestrian",425186,436012,"E01011324",2,"Not at junction or within 20 metres","Darkness - lights lit","Raining no high winds","Wet or damp","Car occupant"
"8041","20171342G1381",2017-02-16,2017,"Feb",16,"19:00",19,0,"Thursday","Serious",3,"Serious","Car occupant","Passenger","Female",54,"B","Single carriageway",40,NA,"Not a Pedestrian","Not a Pedestrian",425186,436012,"E01011324",2,"Not at junction or within 20 metres","Darkness - lights lit","Raining no high winds","Wet or damp","Car occupant"
"8042","20171342G1381",2017-02-16,2017,"Feb",16,"19:00",19,0,"Thursday","Serious",3,"Slight","Car occupant","Driver or rider","Male",42,"B","Single carriageway",40,NA,"Not a Pedestrian","Not a Pedestrian",425186,436012,"E01011324",2,"Not at junction or within 20 metres","Darkness - lights lit","Raining no high winds","Wet or damp","Car occupant"
"8043","20171342H0172",2017-02-17,2017,"Feb",17,"04:30",4,30,"Friday","Serious",2,"Serious","Car occupant","Driver or rider","Male",21,"Unclassified","Single carriageway",30,"Unclassified","Not a Pedestrian","Not a Pedestrian",422439,432162,"E01011603",5,"T or staggered junction","Darkness - lights lit","Raining + high winds","Wet or damp","Car occupant"
"8044","20171342H0172",2017-02-17,2017,"Feb",17,"04:30",4,30,"Friday","Serious",2,"Slight","Car occupant","Passenger","Female",20,"Unclassified","Single carriageway",30,"Unclassified","Not a Pedestrian","Not a Pedestrian",422439,432162,"E01011603",5,"T or staggered junction","Darkness - lights lit","Raining + high winds","Wet or damp","Car occupant"
"8045","20171342H0287",2017-02-17,2017,"Feb",17,"08:05",8,5,"Friday","Slight",1,"Slight","Cyclist","Driver or rider","Female",27,"A","Single carriageway",20,"Unclassified","Not a Pedestrian","Not a Pedestrian",427569,434540,"E01011482",2,"Other junction","Daylight","Fog or mist","Wet or damp","Cyclist"
"8046","20171342H0769",2017-02-17,2017,"Feb",17,"08:45",8,45,"Friday","Slight",1,"Slight","Taxi/Private hire car occupant","Passenger","Female",21,"A","Dual carriageway",30,"Unclassified","Not a Pedestrian","Not a Pedestrian",427710,430880,"E01011318",2,"Crossroads","Daylight","Raining no high winds","Wet or damp","Car occupant"
"8047","20171342H0887",2017-02-17,2017,"Feb",17,"14:38",14,38,"Friday","Slight",1,"Slight","Pedestrian","Pedestrian","Female",3,"Unclassified","Single carriageway",30,NA,"In carriageway, crossing elsewhere","Crossing from offside - masked by  parked or stationary vehicle",434359,432773,"E01011624",1,"Not at junction or within 20 metres","Daylight","Fine no high winds","Dry","Pedestrian"
"8048","20171342H1068",2017-02-17,2017,"Feb",17,"16:00",16,0,"Friday","Slight",1,"Slight","Pedestrian","Pedestrian","Female",39,"Unclassified","Single carriageway",30,"Unclassified","Crossing elsewhere within 50m. of pedestrian crossing","Crossing from offside - masked by  parked or stationary vehicle",432656,436882,"E01011645",1,"Crossroads","Daylight","Fine no high winds","Dry","Pedestrian"
"8049","20171342H1544",2017-02-17,2017,"Feb",17,"20:00",20,0,"Friday","Slight",1,"Slight","Car occupant","Driver or rider","Male",35,"B","Dual carriageway",40,NA,"Not a Pedestrian","Not a Pedestrian",434683,433570,"E01011415",2,"Not at junction or within 20 metres","Darkness - lights lit","Fine no high winds","Dry","Car occupant"
"8050","20171342I0049",2017-02-18,2017,"Feb",18,"00:40",0,40,"Saturday","Serious",1,"Serious","Car occupant","Passenger","Male",18,"Unclassified","Single carriageway",30,NA,"Not a Pedestrian","Not a Pedestrian",430569,435259,"E01011361",1,"Not at junction or within 20 metres","Darkness - lights lit","Fine no high winds","Dry","Car occupant"
"8051","20171342I1347",2017-02-18,2017,"Feb",18,"16:40",16,40,"Saturday","Slight",1,"Slight","Bus or coach occupant (17 or more pass seats)","Passenger","Female",35,"Unclassified","Single carriageway",30,NA,"Not a Pedestrian","Not a Pedestrian",430418,433809,"E01033010",1,"Not at junction or within 20 metres","Daylight","Fine no high winds","Dry","Bus and goods vehicle occupant"
"8052","20171342I1688",2017-02-18,2017,"Feb",18,"20:56",20,56,"Saturday","Slight",1,"Slight","Car occupant","Passenger","Female",44,"A","Single carriageway",30,"B","Not a Pedestrian","Not a Pedestrian",426282,435582,"E01011488",2,"Crossroads","Darkness - lights lit","Raining no high winds","Wet or damp","Car occupant"
"8053","20171342J0537",2017-02-19,2017,"Feb",19,"09:35",9,35,"Sunday","Slight",1,"Slight","Car occupant","Driver or rider","Male",69,"A","Single carriageway",50,NA,"Not a Pedestrian","Not a Pedestrian",435845,440373,"E01011311",2,"Not at junction or within 20 metres","Daylight","Fine no high winds","Wet or damp","Car occupant"
"8054","20171342J0807",2017-02-19,2017,"Feb",19,"13:00",13,0,"Sunday","Slight",1,"Slight","Car occupant","Passenger","Female",59,"Unclassified","Single carriageway",30,"A","Not a Pedestrian","Not a Pedestrian",433926,434122,"E01011346",2,"T or staggered junction","Daylight","Fine no high winds","Dry","Car occupant"
"8055","20171342J0883",2017-02-19,2017,"Feb",19,"13:50",13,50,"Sunday","Slight",2,"Slight","Car occupant","Passenger","Female",16,"Motorway","Dual carriageway",70,NA,"Not a Pedestrian","Not a Pedestrian",437431,425628,"E01011636",2,"Not at junction or within 20 metres","Daylight","Fine no high winds","Dry","Car occupant"
"8056","20171342J0883",2017-02-19,2017,"Feb",19,"13:50",13,50,"Sunday","Slight",2,"Slight","Car occupant","Passenger","Male",15,"Motorway","Dual carriageway",70,NA,"Not a Pedestrian","Not a Pedestrian",437431,425628,"E01011636",2,"Not at junction or within 20 metres","Daylight","Fine no high winds","Dry","Car occupant"
"8057","20171342J1447",2017-02-19,2017,"Feb",19,"18:55",18,55,"Sunday","Slight",2,"Slight","Car occupant","Driver or rider","Male",36,"A","Single carriageway",40,NA,"Not a Pedestrian","Not a Pedestrian",441546,431859,"E01011404",2,"Not at junction or within 20 metres","Darkness - lights lit","Fine no high winds","Dry","Car occupant"
"8058","20171342J1447",2017-02-19,2017,"Feb",19,"18:55",18,55,"Sunday","Slight",2,"Slight","Car occupant","Driver or rider","Male",49,"A","Single carriageway",40,NA,"Not a Pedestrian","Not a Pedestrian",441546,431859,"E01011404",2,"Not at junction or within 20 metres","Darkness - lights lit","Fine no high winds","Dry","Car occupant"
"8059","20171342J1718",2017-02-19,2017,"Feb",19,"21:49",21,49,"Sunday","Serious",5,"Slight","Car occupant","Driver or rider","Male",46,"Motorway","Dual carriageway",70,NA,"Not a Pedestrian","Not a Pedestrian",434386,425866,"E01011634",2,"Not at junction or within 20 metres","Darkness - no lighting","Fine no high winds","Dry","Car occupant"
"8060","20171342J1718",2017-02-19,2017,"Feb",19,"21:49",21,49,"Sunday","Serious",5,"Serious","Car occupant","Passenger","Male",1,"Motorway","Dual carriageway",70,NA,"Not a Pedestrian","Not a Pedestrian",434386,425866,"E01011634",2,"Not at junction or within 20 metres","Darkness - no lighting","Fine no high winds","Dry","Car occupant"
"8061","20171342J1718",2017-02-19,2017,"Feb",19,"21:49",21,49,"Sunday","Serious",5,"Serious","Car occupant","Driver or rider","Male",55,"Motorway","Dual carriageway",70,NA,"Not a Pedestrian","Not a Pedestrian",434386,425866,"E01011634",2,"Not at junction or within 20 metres","Darkness - no lighting","Fine no high winds","Dry","Car occupant"
"8062","20171342J1718",2017-02-19,2017,"Feb",19,"21:49",21,49,"Sunday","Serious",5,"Serious","Car occupant","Passenger","Female",52,"Motorway","Dual carriageway",70,NA,"Not a Pedestrian","Not a Pedestrian",434386,425866,"E01011634",2,"Not at junction or within 20 metres","Darkness - no lighting","Fine no high winds","Dry","Car occupant"
"8063","20171342J1718",2017-02-19,2017,"Feb",19,"21:49",21,49,"Sunday","Serious",5,"Serious","Car occupant","Passenger","Male",16,"Motorway","Dual carriageway",70,NA,"Not a Pedestrian","Not a Pedestrian",434386,425866,"E01011634",2,"Not at junction or within 20 metres","Darkness - no lighting","Fine no high winds","Dry","Car occupant"
"8064","20171342K0813",2017-02-20,2017,"Feb",20,"12:45",12,45,"Monday","Slight",1,"Slight","Car occupant","Passenger","Female",39,"Unclassified","Dual carriageway",30,"Unclassified","Not a Pedestrian","Not a Pedestrian",421962,436562,"E01011591",2,"T or staggered junction","Daylight","Other","Wet or damp","Car occupant"
"8065","20171342L0971",2017-02-21,2017,"Feb",21,"15:06",15,6,"Tuesday","Slight",1,"Slight","Pedestrian","Pedestrian","Female",13,"Unclassified","Single carriageway",30,"Unclassified","In carriageway, crossing elsewhere","Crossing from driver's nearside",421626,434915,"E01011594",1,"T or staggered junction","Daylight","Raining no high winds","Wet or damp","Pedestrian"
"8066","20171342M0677",2017-02-22,2017,"Feb",22,"10:15",10,15,"Wednesday","Slight",1,"Slight","Pedestrian","Pedestrian","Male",31,"A","Dual carriageway",40,NA,"Crossing on pedestrian crossing facility","Crossing from driver's nearside",430840,433326,"E01033033",1,"Not at junction or within 20 metres","Daylight","Fine no high winds","Dry","Pedestrian"
"8067","20171342M0823",2017-02-22,2017,"Feb",22,"15:15",15,15,"Wednesday","Slight",1,"Slight","Car occupant","Driver or rider","Female",30,"Unclassified","Single carriageway",30,NA,"Not a Pedestrian","Not a Pedestrian",431745,428514,"E01011502",2,"Not at junction or within 20 metres","Daylight","Fine no high winds","Dry","Car occupant"
"8068","20171342M1015",2017-02-22,2017,"Feb",22,"15:26",15,26,"Wednesday","Serious",1,"Serious","Pedestrian","Pedestrian","Male",12,"Unclassified","Single carriageway",30,NA,"Crossing elsewhere within 50m. of pedestrian crossing","Crossing from driver's offside",426223,427417,"E01011541",1,"Not at junction or within 20 metres","Daylight","Fine no high winds","Dry","Pedestrian"
"8069","20171342M1389",2017-02-22,2017,"Feb",22,"18:22",18,22,"Wednesday","Slight",1,"Slight","Cyclist","Driver or rider","Male",45,"A","Roundabout",40,"Unclassified","Not a Pedestrian","Not a Pedestrian",425024,433158,"E01011727",2,"Roundabout","Darkness - lights lit","Fine no high winds","Dry","Cyclist"
"8070","20171342N0039",2017-02-23,2017,"Feb",23,"00:43",0,43,"Thursday","Slight",2,"Slight","Car occupant","Driver or rider","Male",26,"A","Roundabout",40,"A","Not a Pedestrian","Not a Pedestrian",428682,433139,"E01011363",2,"Roundabout","Darkness - lights lit","Raining + high winds","Wet or damp","Car occupant"
"8071","20171342N0039",2017-02-23,2017,"Feb",23,"00:43",0,43,"Thursday","Slight",2,"Slight","Car occupant","Passenger","Male",20,"A","Roundabout",40,"A","Not a Pedestrian","Not a Pedestrian",428682,433139,"E01011363",2,"Roundabout","Darkness - lights lit","Raining + high winds","Wet or damp","Car occupant"
"8072","20171342N0362",2017-02-23,2017,"Feb",23,"09:05",9,5,"Thursday","Slight",1,"Slight","Cyclist","Driver or rider","Male",17,"A","Dual carriageway",30,NA,"Not a Pedestrian","Not a Pedestrian",430542,432699,"E01033016",2,"Not at junction or within 20 metres","Daylight","Fine no high winds","Dry","Cyclist"
"8073","20171342N1476",2017-02-23,2017,"Feb",23,"15:00",15,0,"Thursday","Slight",1,"Slight","Pedestrian","Pedestrian","Female",11,"B","Single carriageway",30,NA,"In carriageway, crossing elsewhere","Crossing from driver's nearside",435554,433602,"E01011417",1,"Not at junction or within 20 metres","Daylight","Fine no high winds","Dry","Pedestrian"
"8074","20171342N1143",2017-02-23,2017,"Feb",23,"17:30",17,30,"Thursday","Slight",1,"Slight","Cyclist","Driver or rider","Female",21,"Unclassified","Single carriageway",30,NA,"Not a Pedestrian","Not a Pedestrian",427498,435929,"E01032945",2,"Not at junction or within 20 metres","Darkness - lights lit","Raining no high winds","Wet or damp","Cyclist"
"8075","20171342O0353",2017-02-24,2017,"Feb",24,"09:00",9,0,"Friday","Slight",1,"Slight","Pedestrian","Pedestrian","Male",7,"Unclassified","Single carriageway",30,NA,"In carriageway, crossing elsewhere","Crossing from offside - masked by  parked or stationary vehicle",435087,436579,"E01011659",1,"Not at junction or within 20 metres","Daylight","Fine no high winds","Dry","Pedestrian"
"8076","20171342O0451",2017-02-24,2017,"Feb",24,"10:04",10,4,"Friday","Serious",1,"Serious","Cyclist","Driver or rider","Male",72,"Unclassified","Single carriageway",30,"Unclassified","Not a Pedestrian","Not a Pedestrian",420496,445124,"E01011572",2,"Crossroads","Daylight","Fine no high winds","Dry","Cyclist"
"8077","20171342O0601",2017-02-24,2017,"Feb",24,"11:30",11,30,"Friday","Serious",1,"Serious","Motorcycle over 500cc rider or passenger","Driver or rider","Male",48,"A","Dual carriageway",50,"Unclassified","Not a Pedestrian","Not a Pedestrian",432735,429742,"E01011470",2,"Roundabout","Daylight","Fine no high winds","Dry","Motorcyclist and pillion"
"8078","20171342O0673",2017-02-24,2017,"Feb",24,"12:16",12,16,"Friday","Slight",1,"Slight","Pedestrian","Pedestrian","Male",71,"Unclassified","Single carriageway",30,"Unclassified","In carriageway, crossing elsewhere","Unknown or other",430773,438444,"E01011512",1,"T or staggered junction","Daylight","Fine no high winds","Dry","Pedestrian"
"8079","20171342O0912",2017-02-24,2017,"Feb",24,"14:30",14,30,"Friday","Slight",1,"Slight","Car occupant","Driver or rider","Male",39,"Unclassified","Single carriageway",30,"Unclassified","Not a Pedestrian","Not a Pedestrian",429002,431052,"E01011314",2,"T or staggered junction","Daylight","Fine no high winds","Dry","Car occupant"
"8080","20171342O1335",2017-02-24,2017,"Feb",24,"18:10",18,10,"Friday","Slight",1,"Slight","Cyclist","Driver or rider","Male",26,"Unclassified","Single carriageway",30,"Unclassified","Not a Pedestrian","Not a Pedestrian",424723,434446,"E01011336",2,"T or staggered junction","Darkness - lights lit","Fine no high winds","Dry","Cyclist"
"8081","20171342O0419",2017-02-24,2017,"Feb",24,"18:30",18,30,"Friday","Slight",1,"Slight","Car occupant","Driver or rider","Female",27,"A","Dual carriageway",70,NA,"Not a Pedestrian","Not a Pedestrian",421206,434127,"E01011599",2,"Not at junction or within 20 metres","Darkness - lighting unknown","Fine no high winds","Dry","Car occupant"
"8082","20171342P0067",2017-02-25,2017,"Feb",25,"00:33",0,33,"Saturday","Slight",1,"Slight","Bus or coach occupant (17 or more pass seats)","Passenger","Male",81,"Unclassified","Single carriageway",30,"Unclassified","Not a Pedestrian","Not a Pedestrian",426632,433498,"E01032607",2,"T or staggered junction","Darkness - lighting unknown","Fine no high winds","Dry","Bus and goods vehicle occupant"
"8083","20171342P0073",2017-02-25,2017,"Feb",25,"00:50",0,50,"Saturday","Slight",1,"Slight","Pedestrian","Pedestrian","Female",20,"Unclassified","Single carriageway",30,NA,"On footway or verge","Unknown or other",422056,434242,"E01011587",1,"Not at junction or within 20 metres","Darkness - lights lit","Fine no high winds","Dry","Pedestrian"
"8084","20171342P0232",2017-02-25,2017,"Feb",25,"03:20",3,20,"Saturday","Serious",3,"Slight","Car occupant","Driver or rider","Male",33,"Motorway","Dual carriageway",70,"Motorway","Not a Pedestrian","Not a Pedestrian",430404,424224,"E01011537",2,"Slip road","Darkness - no lighting","Fine no high winds","Dry","Car occupant"
"8085","20171342P0232",2017-02-25,2017,"Feb",25,"03:20",3,20,"Saturday","Serious",3,"Slight","Car occupant","Driver or rider","Male",36,"Motorway","Dual carriageway",70,"Motorway","Not a Pedestrian","Not a Pedestrian",430404,424224,"E01011537",2,"Slip road","Darkness - no lighting","Fine no high winds","Dry","Car occupant"
"8086","20171342P0232",2017-02-25,2017,"Feb",25,"03:20",3,20,"Saturday","Serious",3,"Serious","Car occupant","Passenger","Female",42,"Motorway","Dual carriageway",70,"Motorway","Not a Pedestrian","Not a Pedestrian",430404,424224,"E01011537",2,"Slip road","Darkness - no lighting","Fine no high winds","Dry","Car occupant"
"8087","20171342P1293",2017-02-25,2017,"Feb",25,"18:13",18,13,"Saturday","Slight",1,"Slight","Cyclist","Driver or rider","Male",56,"Unclassified","Roundabout",30,"Unclassified","Not a Pedestrian","Not a Pedestrian",427482,432594,"E01011733",2,"Mini-roundabout","Darkness - lights lit","Fine no high winds","Wet or damp","Cyclist"
"8088","20171342P1826",2017-02-25,2017,"Feb",25,"23:20",23,20,"Saturday","Slight",3,"Slight","Taxi/Private hire car occupant","Driver or rider","Male",36,"Unclassified","Single carriageway",30,"Unclassified","Not a Pedestrian","Not a Pedestrian",429469,430434,"E01011316",2,"T or staggered junction","Darkness - lights lit","Raining no high winds","Wet or damp","Car occupant"
"8089","20171342P1826",2017-02-25,2017,"Feb",25,"23:20",23,20,"Saturday","Slight",3,"Slight","Taxi/Private hire car occupant","Passenger","Male",51,"Unclassified","Single carriageway",30,"Unclassified","Not a Pedestrian","Not a Pedestrian",429469,430434,"E01011316",2,"T or staggered junction","Darkness - lights lit","Raining no high winds","Wet or damp","Car occupant"
"8090","20171342P1826",2017-02-25,2017,"Feb",25,"23:20",23,20,"Saturday","Slight",3,"Slight","Taxi/Private hire car occupant","Passenger","Female",46,"Unclassified","Single carriageway",30,"Unclassified","Not a Pedestrian","Not a Pedestrian",429469,430434,"E01011316",2,"T or staggered junction","Darkness - lights lit","Raining no high winds","Wet or damp","Car occupant"
"8091","20171342Q0010",2017-02-26,2017,"Feb",26,"00:04",0,4,"Sunday","Serious",1,"Serious","Pedestrian","Pedestrian","Male",36,"Unclassified","Single carriageway",30,"Unclassified","In carriageway, not crossing","Walking along in carriageway, back to traffic",436352,433868,"E01011414",2,"Other junction","Darkness - lights lit","Raining no high winds","Wet or damp","Pedestrian"
"8092","20171342Q1021",2017-02-26,2017,"Feb",26,"14:45",14,45,"Sunday","Slight",1,"Slight","Car occupant","Driver or rider","Male",32,"Unclassified","Single carriageway",30,"Unclassified","Not a Pedestrian","Not a Pedestrian",424993,432898,"E01011727",2,"Crossroads","Daylight","Fine no high winds","Dry","Car occupant"
"8093","20171342R0224",2017-02-27,2017,"Feb",27,"08:10",8,10,"Monday","Serious",1,"Serious","Car occupant","Driver or rider","Female",53,"Unclassified","Single carriageway",30,"Unclassified","Not a Pedestrian","Not a Pedestrian",420184,441799,"E01011268",2,"T or staggered junction","Daylight","Raining no high winds","Wet or damp","Car occupant"
"8094","20171342R0333",2017-02-27,2017,"Feb",27,"08:25",8,25,"Monday","Slight",1,"Slight","Car occupant","Driver or rider","Female",37,"Motorway","Dual carriageway",50,"Motorway","Not a Pedestrian","Not a Pedestrian",430221,431982,"E01011364",2,"Slip road","Daylight","Fine no high winds","Dry","Car occupant"
"8095","20171342R0651",2017-02-27,2017,"Feb",27,"12:40",12,40,"Monday","Slight",1,"Slight","Car occupant","Passenger","Female",65,"A","Dual carriageway",40,"Motorway","Not a Pedestrian","Not a Pedestrian",424067,428058,"E01011523",2,"T or staggered junction","Daylight","Fine no high winds","Wet or damp","Car occupant"
"8096","20171342R0855",2017-02-27,2017,"Feb",27,"14:25",14,25,"Monday","Slight",1,"Slight","Car occupant","Driver or rider","Male",64,"Motorway","Dual carriageway",70,NA,"Not a Pedestrian","Not a Pedestrian",429150,426408,"E01011538",2,"Not at junction or within 20 metres","Daylight","Raining no high winds","Wet or damp","Car occupant"
"8097","20171342S0227",2017-02-28,2017,"Feb",28,"08:00",8,0,"Tuesday","Slight",1,"Slight","Car occupant","Driver or rider","Female",35,"A","Single carriageway",30,"Unclassified","Not a Pedestrian","Not a Pedestrian",432866,427586,"E01011634",2,"T or staggered junction","Daylight","Fine no high winds","Dry","Car occupant"
"8098","20171342S0853",2017-02-28,2017,"Feb",28,"14:25",14,25,"Tuesday","Serious",1,"Serious","Pedestrian","Pedestrian","Male",47,"Unclassified","Single carriageway",30,NA,"On footway or verge","Unknown or other",423910,430226,"E01011728",1,"Not at junction or within 20 metres","Daylight","Fine no high winds","Dry","Pedestrian"