"","accident_index","date","year","month","day","time","time_hour","time_minute","day_of_week","accident_severity","number_of_casualties","casualty_severity","casualty_type","casualty_class","sex_of_casualty","age_of_casualty","first_road_class","road_type","speed_limit","second_road_class","pedestrian_location","pedestrian_movement","location_easting_osgr","location_northing_osgr","lsoa_of_accident_location","number_of_vehicles","junction_detail","light_conditions","weather_conditions","road_surface_conditions","cas_type"
"8099","20171342S1557",2017-02-28,2017,"Feb",28,"16:30",16,30,"Tuesday","Slight",1,"Slight","Car occupant","Driver or rider","Female",26,"Unclassified","Single carriageway",30,"Unclassified","Not a Pedestrian","Not a Pedestrian",428836,434635,"E01033006",2,"Crossroads","Daylight","Fine no high winds","Dry","Car occupant"
"8100","20171342S1230",2017-02-28,2017,"Feb",28,"16:43",16,43,"Tuesday","Slight",1,"Slight","Car occupant","Passenger","Male",56,"A(M)","Dual carriageway",40,NA,"Not a Pedestrian","Not a Pedestrian",429556,434236,"E01011678",2,"Not at junction or within 20 metres","Darkness - lighting unknown","Fine no high winds","Dry","Car occupant"
"8101","20171342S1338",2017-02-28,2017,"Feb",28,"18:13",18,13,"Tuesday","Slight",1,"Slight","Cyclist","Driver or rider","Male",23,"Unclassified","Dual carriageway",30,NA,"Not a Pedestrian","Not a Pedestrian",430174,432871,"E01033016",2,"Not at junction or within 20 metres","Darkness - lights lit","Fine no high winds","Dry","Cyclist"
"8102","2017134310185",2017-03-01,2017,"Mar",1,"06:58",6,58,"Wednesday","Serious",1,"Serious","Motorcycle 125cc and under rider or passenger","Driver or rider","Male",21,"Unclassified","Single carriageway",30,"Unclassified","Not a Pedestrian","Not a Pedestrian",432491,434874,"E01011433",2,"Other junction","Darkness - lights lit","Raining no high winds","Wet or damp","Motorcyclist and pillion"
"8103","2017134310195",2017-03-01,2017,"Mar",1,"07:20",7,20,"Wednesday","Slight",2,"Slight","Car occupant","Driver or rider","Male",33,"Unclassified","Single carriageway",30,NA,"Not a Pedestrian","Not a Pedestrian",417632,441398,"E01011270",2,"Not at junction or within 20 metres","Darkness - lighting unknown","Fine no high winds","Dry","Car occupant"
"8104","2017134310195",2017-03-01,2017,"Mar",1,"07:20",7,20,"Wednesday","Slight",2,"Slight","Car occupant","Passenger","Female",32,"Unclassified","Single carriageway",30,NA,"Not a Pedestrian","Not a Pedestrian",417632,441398,"E01011270",2,"Not at junction or within 20 metres","Darkness - lighting unknown","Fine no high winds","Dry","Car occupant"
"8105","2017134310587",2017-03-01,2017,"Mar",1,"12:21",12,21,"Wednesday","Slight",1,"Slight","Pedestrian","Pedestrian","Male",66,"Unclassified","Single carriageway",30,"B","In carriageway, crossing elsewhere","Crossing from driver's offside",422235,433356,"E01011612",1,"T or staggered junction","Daylight","Fine no high winds","Dry","Pedestrian"
"8106","2017134310640",2017-03-01,2017,"Mar",1,"12:46",12,46,"Wednesday","Serious",1,"Serious","Pedestrian","Pedestrian","Female",19,"Unclassified","Single carriageway",30,NA,"In carriageway, crossing elsewhere","Crossing from driver's offside",429787,427582,"E01011497",1,"Not at junction or within 20 metres","Daylight","Raining no high winds","Wet or damp","Pedestrian"
"8107","2017134310998",2017-03-01,2017,"Mar",1,"15:51",15,51,"Wednesday","Slight",1,"Slight","Pedestrian","Pedestrian","Female",15,"Unclassified","Single carriageway",30,NA,"In carriageway, crossing elsewhere","Crossing from driver's nearside",429796,438126,"E01011505",1,"Not at junction or within 20 metres","Daylight","Fine no high winds","Dry","Pedestrian"
"8108","2017134311068",2017-03-01,2017,"Mar",1,"16:26",16,26,"Wednesday","Slight",2,"Slight","Car occupant","Driver or rider","Female",28,"Unclassified","Single carriageway",30,"Unclassified","Not a Pedestrian","Not a Pedestrian",431052,437866,"E01011504",2,"T or staggered junction","Daylight","Fine no high winds","Wet or damp","Car occupant"
"8109","2017134311068",2017-03-01,2017,"Mar",1,"16:26",16,26,"Wednesday","Slight",2,"Slight","Car occupant","Passenger","Female",58,"Unclassified","Single carriageway",30,"Unclassified","Not a Pedestrian","Not a Pedestrian",431052,437866,"E01011504",2,"T or staggered junction","Daylight","Fine no high winds","Wet or damp","Car occupant"
"8110","2017134311364",2017-03-01,2017,"Mar",1,"18:15",18,15,"Wednesday","Slight",1,"Slight","Pedestrian","Pedestrian","Male",50,"Unclassified","Single carriageway",30,NA,"Unknown or other","Unknown or other",428497,437147,"E01011689",1,"Not at junction or within 20 metres","Darkness - lights lit","Fine no high winds","Dry","Pedestrian"
"8111","2017134311490",2017-03-01,2017,"Mar",1,"18:35",18,35,"Wednesday","Slight",1,"Slight","Cyclist","Driver or rider","Male",22,"Unclassified","Single carriageway",20,"Unclassified","Not a Pedestrian","Not a Pedestrian",428550,434981,"E01011448",2,"T or staggered junction","Darkness - lights lit","Raining no high winds","Wet or damp","Cyclist"
"8112","20171342S0213",2017-03-02,2017,"Mar",2,"07:54",7,54,"Thursday","Serious",1,"Serious","Motorcycle over 500cc rider or passenger","Driver or rider","Male",51,"Motorway","Dual carriageway",70,NA,"Not a Pedestrian","Not a Pedestrian",431917,428200,"E01011502",2,"Not at junction or within 20 metres","Daylight","Fine no high winds","Dry","Motorcyclist and pillion"
"8113","2017134320618",2017-03-02,2017,"Mar",2,"11:46",11,46,"Thursday","Slight",2,"Slight","Car occupant","Driver or rider","Female",54,"Unclassified","Single carriageway",30,"Unclassified","Not a Pedestrian","Not a Pedestrian",428455,431349,"E01011369",2,"Crossroads","Daylight","Fine no high winds","Dry","Car occupant"
"8114","2017134320618",2017-03-02,2017,"Mar",2,"11:46",11,46,"Thursday","Slight",2,"Slight","Car occupant","Driver or rider","Female",83,"Unclassified","Single carriageway",30,"Unclassified","Not a Pedestrian","Not a Pedestrian",428455,431349,"E01011369",2,"Crossroads","Daylight","Fine no high winds","Dry","Car occupant"
"8115","2017134320734",2017-03-02,2017,"Mar",2,"12:55",12,55,"Thursday","Slight",1,"Slight","Cyclist","Driver or rider","Male",28,"Unclassified","Single carriageway",30,"Unclassified","Not a Pedestrian","Not a Pedestrian",423649,434879,"E01011337",2,"T or staggered junction","Daylight","Fine no high winds","Dry","Cyclist"
"8116","2017134321314",2017-03-02,2017,"Mar",2,"13:40",13,40,"Thursday","Slight",3,"Slight","Car occupant","Driver or rider","Female",25,"A","Roundabout",40,"B","Not a Pedestrian","Not a Pedestrian",420944,434447,"E01011595",2,"Roundabout","Daylight","Fine no high winds","Dry","Car occupant"
"8117","2017134321314",2017-03-02,2017,"Mar",2,"13:40",13,40,"Thursday","Slight",3,"Slight","Car occupant","Passenger","Female",25,"A","Roundabout",40,"B","Not a Pedestrian","Not a Pedestrian",420944,434447,"E01011595",2,"Roundabout","Daylight","Fine no high winds","Dry","Car occupant"
"8118","2017134321314",2017-03-02,2017,"Mar",2,"13:40",13,40,"Thursday","Slight",3,"Slight","Car occupant","Driver or rider","Female",29,"A","Roundabout",40,"B","Not a Pedestrian","Not a Pedestrian",420944,434447,"E01011595",2,"Roundabout","Daylight","Fine no high winds","Dry","Car occupant"
"8119","2017134321414",2017-03-02,2017,"Mar",2,"18:36",18,36,"Thursday","Slight",3,"Slight","Car occupant","Driver or rider","Female",25,"A","Single carriageway",50,"Unclassified","Not a Pedestrian","Not a Pedestrian",443110,433207,"E01011298",2,"T or staggered junction","Darkness - lighting unknown","Fine no high winds","Dry","Car occupant"
"8120","2017134321414",2017-03-02,2017,"Mar",2,"18:36",18,36,"Thursday","Slight",3,"Slight","Car occupant","Passenger","Male",27,"A","Single carriageway",50,"Unclassified","Not a Pedestrian","Not a Pedestrian",443110,433207,"E01011298",2,"T or staggered junction","Darkness - lighting unknown","Fine no high winds","Dry","Car occupant"
"8121","2017134321414",2017-03-02,2017,"Mar",2,"18:36",18,36,"Thursday","Slight",3,"Slight","Car occupant","Driver or rider","Male",44,"A","Single carriageway",50,"Unclassified","Not a Pedestrian","Not a Pedestrian",443110,433207,"E01011298",2,"T or staggered junction","Darkness - lighting unknown","Fine no high winds","Dry","Car occupant"
"8122","2017134330322",2017-03-03,2017,"Mar",3,"08:15",8,15,"Friday","Slight",1,"Slight","Cyclist","Driver or rider","Male",16,"Unclassified","Single carriageway",30,NA,"Not a Pedestrian","Not a Pedestrian",432498,434027,"E01011348",2,"Not at junction or within 20 metres","Daylight","Fine no high winds","Dry","Cyclist"
"8123","2017134331016",2017-03-03,2017,"Mar",3,"14:35",14,35,"Friday","Slight",1,"Slight","Pedestrian","Pedestrian","Female",32,"A","Single carriageway",30,NA,"Unknown or other","Unknown or other",427115,434815,"E01011482",1,"Not at junction or within 20 metres","Daylight","Raining no high winds","Wet or damp","Pedestrian"
"8124","2017134331487",2017-03-03,2017,"Mar",3,"19:00",19,0,"Friday","Slight",1,"Slight","Pedestrian","Pedestrian","Male",44,"Unclassified","Single carriageway",50,"Unclassified","In carriageway, crossing elsewhere","Crossing from driver's offside",431762,435552,"E01011422",1,"T or staggered junction","Darkness - lights lit","Raining no high winds","Wet or damp","Pedestrian"
"8125","2017134331802",2017-03-03,2017,"Mar",3,"19:10",19,10,"Friday","Slight",1,"Slight","Pedestrian","Pedestrian","Male",44,"Unclassified","Roundabout",30,"Unclassified","In carriageway, crossing elsewhere","Crossing from driver's offside",425225,435780,"E01011324",1,"Roundabout","Darkness - lights lit","Fine no high winds","Dry","Pedestrian"
"8126","2017134360740",2017-03-03,2017,"Mar",3,"20:15",20,15,"Friday","Slight",3,"Slight","Car occupant","Driver or rider","Male",31,"Unclassified","One way street",30,NA,"Not a Pedestrian","Not a Pedestrian",430485,433853,"E01033010",2,"Not at junction or within 20 metres","Darkness - lights lit","Raining no high winds","Wet or damp","Car occupant"
"8127","2017134360740",2017-03-03,2017,"Mar",3,"20:15",20,15,"Friday","Slight",3,"Slight","Car occupant","Passenger","Male",9,"Unclassified","One way street",30,NA,"Not a Pedestrian","Not a Pedestrian",430485,433853,"E01033010",2,"Not at junction or within 20 metres","Darkness - lights lit","Raining no high winds","Wet or damp","Car occupant"
"8128","2017134360740",2017-03-03,2017,"Mar",3,"20:15",20,15,"Friday","Slight",3,"Slight","Car occupant","Passenger","Male",7,"Unclassified","One way street",30,NA,"Not a Pedestrian","Not a Pedestrian",430485,433853,"E01033010",2,"Not at junction or within 20 metres","Darkness - lights lit","Raining no high winds","Wet or damp","Car occupant"
"8129","2017134340426",2017-03-04,2017,"Mar",4,"08:20",8,20,"Saturday","Slight",1,"Slight","Car occupant","Driver or rider","Female",39,"Unclassified","Single carriageway",30,"Unclassified","Not a Pedestrian","Not a Pedestrian",422182,428745,"E01011521",2,"T or staggered junction","Daylight","Fine no high winds","Wet or damp","Car occupant"
"8130","2017134340749",2017-03-04,2017,"Mar",4,"11:10",11,10,"Saturday","Slight",1,"Slight","Bus or coach occupant (17 or more pass seats)","Passenger","Female",2,"A","Single carriageway",30,NA,"Not a Pedestrian","Not a Pedestrian",428864,433371,"E01011363",1,"Not at junction or within 20 metres","Daylight","Fine no high winds","Dry","Bus and goods vehicle occupant"
"8131","2017134341691",2017-03-04,2017,"Mar",4,"20:45",20,45,"Saturday","Slight",2,"Slight","Car occupant","Driver or rider","Female",36,"Motorway","Dual carriageway",70,NA,"Not a Pedestrian","Not a Pedestrian",436158,431159,"E01011420",2,"Not at junction or within 20 metres","Darkness - no lighting","Raining no high winds","Wet or damp","Car occupant"
"8132","2017134341691",2017-03-04,2017,"Mar",4,"20:45",20,45,"Saturday","Slight",2,"Slight","Car occupant","Passenger","Male",32,"Motorway","Dual carriageway",70,NA,"Not a Pedestrian","Not a Pedestrian",436158,431159,"E01011420",2,"Not at junction or within 20 metres","Darkness - no lighting","Raining no high winds","Wet or damp","Car occupant"
"8133","2017134350527",2017-03-05,2017,"Mar",5,"09:10",9,10,"Sunday","Slight",1,"Slight","Bus or coach occupant (17 or more pass seats)","Passenger","Female",23,"Unclassified","Single carriageway",30,NA,"Not a Pedestrian","Not a Pedestrian",430376,433530,"E01033010",1,"Not at junction or within 20 metres","Daylight","Fine no high winds","Dry","Bus and goods vehicle occupant"
"8134","2017134330520",2017-03-05,2017,"Mar",5,"10:30",10,30,"Sunday","Slight",1,"Slight","Car occupant","Driver or rider","Male",33,"A","Slip road",40,NA,"Not a Pedestrian","Not a Pedestrian",425138,434370,"E01011286",2,"Not at junction or within 20 metres","Daylight","Raining no high winds","Wet or damp","Car occupant"
"8135","20171342L1122",2017-03-05,2017,"Mar",5,"16:29",16,29,"Sunday","Slight",1,"Slight","Pedestrian","Pedestrian","Female",37,"Unclassified","Single carriageway",30,NA,"Unknown or other","Unknown or other",430063,433752,"E01033010",1,"Not at junction or within 20 metres","Daylight","Fine no high winds","Dry","Pedestrian"
"8136","2017134360298",2017-03-06,2017,"Mar",6,"08:26",8,26,"Monday","Serious",1,"Serious","Motorcycle 125cc and under rider or passenger","Driver or rider","Male",20,"Unclassified","Single carriageway",30,NA,"Not a Pedestrian","Not a Pedestrian",424758,438418,"E01011460",2,"Not at junction or within 20 metres","Daylight","Fine no high winds","Wet or damp","Motorcyclist and pillion"
"8137","2017134360611",2017-03-06,2017,"Mar",6,"11:30",11,30,"Monday","Slight",1,"Slight","Pedestrian","Pedestrian","Female",48,"Unclassified","Single carriageway",30,NA,"Crossing on pedestrian crossing facility","Crossing from driver's offside",427158,433521,"E01011293",1,"Not at junction or within 20 metres","Daylight","Fine no high winds","Dry","Pedestrian"
"8138","2017134360793",2017-03-06,2017,"Mar",6,"13:12",13,12,"Monday","Slight",1,"Slight","Pedestrian","Pedestrian","Female",64,"Unclassified","Single carriageway",30,NA,"In carriageway, crossing elsewhere","Crossing from nearside - masked by parked or stationary vehicle",429600,433965,"E01033008",1,"Not at junction or within 20 metres","Daylight","Fine no high winds","Dry","Pedestrian"
"8139","2017134361076",2017-03-06,2017,"Mar",6,"15:15",15,15,"Monday","Slight",1,"Slight","Cyclist","Driver or rider","Male",73,"A","Single carriageway",30,NA,"Not a Pedestrian","Not a Pedestrian",423441,429921,"E01011520",2,"Not at junction or within 20 metres","Daylight","Fine no high winds","Dry","Cyclist"
"8140","2017134370562",2017-03-07,2017,"Mar",7,"09:45",9,45,"Tuesday","Slight",1,"Slight","Bus or coach occupant (17 or more pass seats)","Passenger","Female",80,"Unclassified","One way street",30,NA,"Not a Pedestrian","Not a Pedestrian",430985,433454,"E01033033",1,"Not at junction or within 20 metres","Daylight","Fine no high winds","Dry","Bus and goods vehicle occupant"
"8141","2017134371573",2017-03-07,2017,"Mar",7,"17:15",17,15,"Tuesday","Slight",1,"Slight","Cyclist","Driver or rider","Female",45,"B","Single carriageway",30,"A","Not a Pedestrian","Not a Pedestrian",433116,434029,"E01011340",2,"Crossroads","Darkness - lighting unknown","Fine no high winds","Dry","Cyclist"
"8142","2017134371824",2017-03-07,2017,"Mar",7,"20:55",20,55,"Tuesday","Slight",2,"Slight","Car occupant","Driver or rider","Female",35,"Unclassified","Single carriageway",30,NA,"Not a Pedestrian","Not a Pedestrian",427909,434081,"E01011363",2,"Not at junction or within 20 metres","Darkness - lights lit","Fine no high winds","Dry","Car occupant"
"8143","2017134371824",2017-03-07,2017,"Mar",7,"20:55",20,55,"Tuesday","Slight",2,"Slight","Car occupant","Driver or rider","Female",42,"Unclassified","Single carriageway",30,NA,"Not a Pedestrian","Not a Pedestrian",427909,434081,"E01011363",2,"Not at junction or within 20 metres","Darkness - lights lit","Fine no high winds","Dry","Car occupant"
"8144","2017134381922",2017-03-07,2017,"Mar",7,"22:07",22,7,"Tuesday","Slight",2,"Slight","Car occupant","Driver or rider","Male",57,"Unclassified","Single carriageway",30,"Unclassified","Not a Pedestrian","Not a Pedestrian",431229,434811,"E01011673",2,"T or staggered junction","Darkness - lights lit","Fine no high winds","Dry","Car occupant"
"8145","2017134381922",2017-03-07,2017,"Mar",7,"22:07",22,7,"Tuesday","Slight",2,"Slight","Car occupant","Passenger","Female",22,"Unclassified","Single carriageway",30,"Unclassified","Not a Pedestrian","Not a Pedestrian",431229,434811,"E01011673",2,"T or staggered junction","Darkness - lights lit","Fine no high winds","Dry","Car occupant"
"8146","2017134380224",2017-03-08,2017,"Mar",8,"08:17",8,17,"Wednesday","Slight",1,"Slight","Car occupant","Driver or rider","Male",44,"Unclassified","Single carriageway",30,"Unclassified","Not a Pedestrian","Not a Pedestrian",429189,431919,"E01011368",2,"T or staggered junction","Daylight","Fine no high winds","Dry","Car occupant"
"8147","2017134381244",2017-03-08,2017,"Mar",8,"10:38",10,38,"Wednesday","Slight",1,"Slight","Car occupant","Driver or rider","Female",23,"Unclassified","Single carriageway",30,"Unclassified","Not a Pedestrian","Not a Pedestrian",420712,440962,"E01011274",2,"T or staggered junction","Daylight","Fine no high winds","Wet or damp","Car occupant"
"8148","2017134380455",2017-03-08,2017,"Mar",8,"14:10",14,10,"Wednesday","Slight",1,"Slight","Car occupant","Passenger","Male",37,"A","Single carriageway",40,"A","Not a Pedestrian","Not a Pedestrian",429372,433759,"E01011678",2,"Slip road","Daylight","Raining no high winds","Wet or damp","Car occupant"
"8149","2017134381184",2017-03-08,2017,"Mar",8,"17:00",17,0,"Wednesday","Slight",1,"Slight","Pedestrian","Pedestrian","Female",7,"Unclassified","Single carriageway",30,"Unclassified","In carriageway, crossing elsewhere","Crossing from driver's nearside",431360,435256,"E01011361",1,"T or staggered junction","Darkness - lighting unknown","Fine no high winds","Dry","Pedestrian"
"8150","2017134390352",2017-03-09,2017,"Mar",9,"08:53",8,53,"Thursday","Slight",2,"Slight","Car occupant","Driver or rider","Female",34,"B","Single carriageway",30,"Unclassified","Not a Pedestrian","Not a Pedestrian",433310,426326,"E01011500",2,"Crossroads","Daylight","Fine no high winds","Dry","Car occupant"
"8151","2017134390352",2017-03-09,2017,"Mar",9,"08:53",8,53,"Thursday","Slight",2,"Slight","Car occupant","Driver or rider","Male",42,"B","Single carriageway",30,"Unclassified","Not a Pedestrian","Not a Pedestrian",433310,426326,"E01011500",2,"Crossroads","Daylight","Fine no high winds","Dry","Car occupant"
"8152","2017134391051",2017-03-09,2017,"Mar",9,"15:35",15,35,"Thursday","Slight",1,"Slight","Car occupant","Driver or rider","Female",31,"Motorway","Dual carriageway",70,NA,"Not a Pedestrian","Not a Pedestrian",433341,425886,"E01011500",2,"Not at junction or within 20 metres","Daylight","Fine no high winds","Dry","Car occupant"
"8153","2017134391331",2017-03-09,2017,"Mar",9,"17:38",17,38,"Thursday","Fatal",1,"Fatal","Motorcycle 125cc and under rider or passenger","Driver or rider","Male",20,"Unclassified","One way street",30,NA,"Not a Pedestrian","Not a Pedestrian",419137,444527,"E01011571",4,"Not at junction or within 20 metres","Darkness - lighting unknown","Fine no high winds","Dry","Motorcyclist and pillion"
"8154","2017134391670",2017-03-09,2017,"Mar",9,"20:15",20,15,"Thursday","Serious",1,"Serious","Cyclist","Driver or rider","Male",15,"A","Single carriageway",30,"Unclassified","Not a Pedestrian","Not a Pedestrian",435722,436924,"E01011661",2,"T or staggered junction","Darkness - lights lit","Fine no high winds","Dry","Cyclist"
"8155","2017134391696",2017-03-09,2017,"Mar",9,"20:30",20,30,"Thursday","Serious",2,"Serious","Car occupant","Driver or rider","Female",24,"Motorway","Dual carriageway",70,NA,"Not a Pedestrian","Not a Pedestrian",431510,425103,"E01011551",2,"Not at junction or within 20 metres","Darkness - lights lit","Fine no high winds","Dry","Car occupant"
"8156","2017134391696",2017-03-09,2017,"Mar",9,"20:30",20,30,"Thursday","Serious",2,"Slight","Car occupant","Driver or rider","Male",42,"Motorway","Dual carriageway",70,NA,"Not a Pedestrian","Not a Pedestrian",431510,425103,"E01011551",2,"Not at junction or within 20 metres","Darkness - lights lit","Fine no high winds","Dry","Car occupant"
"8157","20171343C0679",2017-03-10,2017,"Mar",10,"13:30",13,30,"Friday","Slight",1,"Slight","Cyclist","Driver or rider","Male",32,"Unclassified","Single carriageway",30,"Unclassified","Not a Pedestrian","Not a Pedestrian",430839,428405,"E01032497",2,"T or staggered junction","Daylight","Raining no high winds","Wet or damp","Cyclist"
"8158","20171343A0810",2017-03-10,2017,"Mar",10,"13:34",13,34,"Friday","Slight",2,"Slight","Car occupant","Driver or rider","Female",36,"A","Single carriageway",30,"Unclassified","Not a Pedestrian","Not a Pedestrian",427426,431237,"E01011318",2,"Other junction","Daylight","Fine no high winds","Dry","Car occupant"
"8159","20171343A0810",2017-03-10,2017,"Mar",10,"13:34",13,34,"Friday","Slight",2,"Slight","Car occupant","Passenger","Female",33,"A","Single carriageway",30,"Unclassified","Not a Pedestrian","Not a Pedestrian",427426,431237,"E01011318",2,"Other junction","Daylight","Fine no high winds","Dry","Car occupant"
"8160","20171343B0950",2017-03-11,2017,"Mar",11,"13:27",13,27,"Saturday","Slight",1,"Slight","Car occupant","Passenger","Female",67,"Unclassified","Single carriageway",30,"Unclassified","Not a Pedestrian","Not a Pedestrian",427182,435265,"E01011480",2,"Other junction","Daylight","Fine no high winds","Dry","Car occupant"
"8161","20171343B0487",2017-03-11,2017,"Mar",11,"14:00",14,0,"Saturday","Serious",1,"Serious","Motorcycle over 500cc rider or passenger","Driver or rider","Male",46,"A","Roundabout",30,"A","Not a Pedestrian","Not a Pedestrian",424128,428173,"E01011529",2,"Roundabout","Daylight","Fine no high winds","Dry","Motorcyclist and pillion"
"8162","20171343B1104",2017-03-11,2017,"Mar",11,"14:40",14,40,"Saturday","Slight",1,"Slight","Cyclist","Driver or rider","Male",4,"Unclassified","Single carriageway",20,"Unclassified","Not a Pedestrian","Not a Pedestrian",426291,433335,"E01011729",2,"T or staggered junction","Daylight","Fine no high winds","Dry","Cyclist"
"8163","20171343B1108",2017-03-11,2017,"Mar",11,"14:42",14,42,"Saturday","Slight",1,"Slight","Car occupant","Driver or rider","Male",37,"Unclassified","Single carriageway",30,NA,"Not a Pedestrian","Not a Pedestrian",428445,434362,"E01011681",2,"Not at junction or within 20 metres","Daylight","Fine no high winds","Dry","Car occupant"
"8164","20171343B1131",2017-03-11,2017,"Mar",11,"14:53",14,53,"Saturday","Serious",1,"Serious","Motorcycle over 500cc rider or passenger","Driver or rider","Male",56,"Unclassified","One way street",30,"Unclassified","Not a Pedestrian","Not a Pedestrian",430306,433081,"E01033016",2,"Other junction","Daylight","Fine no high winds","Dry","Motorcyclist and pillion"
"8165","20171343B2150",2017-03-11,2017,"Mar",11,"23:22",23,22,"Saturday","Slight",1,"Slight","Pedestrian","Pedestrian","Female",45,"A","Single carriageway",30,NA,"In centre of carriageway - not on refuge, island or central reservation","Crossing from driver's nearside",427958,436095,"E01011451",1,"Not at junction or within 20 metres","Darkness - lights lit","Raining no high winds","Wet or damp","Pedestrian"
"8166","20171343E0234",2017-03-12,2017,"Mar",12,"10:15",10,15,"Sunday","Slight",1,"Slight","Bus or coach occupant (17 or more pass seats)","Passenger","Female",89,"Unclassified","Single carriageway",30,NA,"Not a Pedestrian","Not a Pedestrian",433853,435844,"E01011423",1,"Not at junction or within 20 metres","Daylight","Fine no high winds","Dry","Bus and goods vehicle occupant"
"8167","20171343C1364",2017-03-12,2017,"Mar",12,"17:15",17,15,"Sunday","Slight",1,"Slight","Car occupant","Driver or rider","Male",26,"A","Dual carriageway",30,"Unclassified","Not a Pedestrian","Not a Pedestrian",430876,432299,"E01033018",2,"T or staggered junction","Darkness - lighting unknown","Fine no high winds","Dry","Car occupant"
"8168","20171343C1840",2017-03-12,2017,"Mar",12,"21:15",21,15,"Sunday","Slight",1,"Slight","Car occupant","Driver or rider","Male",30,"Motorway","Dual carriageway",70,NA,"Not a Pedestrian","Not a Pedestrian",433561,429707,"E01011639",2,"Not at junction or within 20 metres","Darkness - lights lit","Fine no high winds","Dry","Car occupant"
"8169","20171343D0247",2017-03-13,2017,"Mar",13,"07:35",7,35,"Monday","Slight",1,"Slight","Pedestrian","Pedestrian","Female",18,"Unclassified","Single carriageway",30,NA,"In carriageway, crossing elsewhere","Crossing from driver's nearside",429311,436087,"E01032946",1,"Not at junction or within 20 metres","Daylight","Fine no high winds","Dry","Pedestrian"
"8170","20171343D0356",2017-03-13,2017,"Mar",13,"08:15",8,15,"Monday","Slight",1,"Slight","Cyclist","Driver or rider","Male",38,"Unclassified","Roundabout",30,"A","Not a Pedestrian","Not a Pedestrian",425015,433156,"E01011727",2,"Roundabout","Daylight","Fine no high winds","Dry","Cyclist"
"8171","20171343D0362",2017-03-13,2017,"Mar",13,"09:05",9,5,"Monday","Slight",1,"Slight","Cyclist","Driver or rider","Female",40,"A","Single carriageway",30,NA,"Not a Pedestrian","Not a Pedestrian",428650,435650,"E01011443",2,"Not at junction or within 20 metres","Daylight","Fine no high winds","Dry","Cyclist"
"8172","20171343D0388",2017-03-13,2017,"Mar",13,"09:16",9,16,"Monday","Slight",1,"Slight","Pedestrian","Pedestrian","Female",73,"Unclassified","Single carriageway",30,"Unclassified","In carriageway, crossing elsewhere","Crossing from driver's offside",431819,433225,"E01033021",1,"T or staggered junction","Daylight","Fine no high winds","Dry","Pedestrian"
"8173","20171343D0669",2017-03-13,2017,"Mar",13,"11:45",11,45,"Monday","Slight",1,"Slight","Car occupant","Passenger","Female",69,"Unclassified","Dual carriageway",30,NA,"Not a Pedestrian","Not a Pedestrian",427850,434406,"E01011483",2,"Not at junction or within 20 metres","Daylight","Fine no high winds","Dry","Car occupant"
"8174","20171343D1567",2017-03-13,2017,"Mar",13,"17:40",17,40,"Monday","Slight",1,"Slight","Bus or coach occupant (17 or more pass seats)","Passenger","Male",6,"Unclassified","Dual carriageway",30,NA,"Not a Pedestrian","Not a Pedestrian",431215,433707,"E01011338",1,"Not at junction or within 20 metres","Darkness - lighting unknown","Fine no high winds","Dry","Bus and goods vehicle occupant"
"8175","20171343E0213",2017-03-14,2017,"Mar",14,"07:14",7,14,"Tuesday","Slight",1,"Slight","Goods vehicle (7.5 tonnes mgw and over) occupant","Driver or rider","Male",42,"A","Single carriageway",50,NA,"Not a Pedestrian","Not a Pedestrian",442910,430929,"E01011302",2,"Not at junction or within 20 metres","Darkness - lighting unknown","Fine no high winds","Dry","Bus and goods vehicle occupant"
"8176","20171343F0228",2017-03-15,2017,"Mar",15,"08:00",8,0,"Wednesday","Slight",1,"Slight","Motorcycle 125cc and under rider or passenger","Driver or rider","Male",51,"Unclassified","Single carriageway",30,"B","Not a Pedestrian","Not a Pedestrian",426230,433076,"E01011729",2,"T or staggered junction","Daylight","Fine no high winds","Dry","Motorcyclist and pillion"
"8177","20171343H0348",2017-03-15,2017,"Mar",15,"14:40",14,40,"Wednesday","Slight",1,"Slight","Car occupant","Driver or rider","Male",39,"B","Single carriageway",30,"Unclassified","Not a Pedestrian","Not a Pedestrian",420500,433957,"E01011597",2,"T or staggered junction","Daylight","Fine no high winds","Dry","Car occupant"
"8178","20171343F1519",2017-03-15,2017,"Mar",15,"19:00",19,0,"Wednesday","Slight",1,"Slight","Car occupant","Driver or rider","Female",31,"Unclassified","Single carriageway",20,NA,"Not a Pedestrian","Not a Pedestrian",425190,438930,"E01032502",3,"Not at junction or within 20 metres","Darkness - lights lit","Fine no high winds","Dry","Car occupant"
"8179","20171343F1625",2017-03-15,2017,"Mar",15,"19:50",19,50,"Wednesday","Slight",1,"Slight","Pedestrian","Pedestrian","Male",27,"A","Dual carriageway",40,NA,"In carriageway, crossing elsewhere","Crossing from driver's nearside",431311,433679,"E01011338",1,"Not at junction or within 20 metres","Darkness - lights lit","Fine no high winds","Dry","Pedestrian"