"","accident_index","date","year","month","day","time","time_hour","time_minute","day_of_week","accident_severity","number_of_casualties","casualty_severity","casualty_type","casualty_class","sex_of_casualty","age_of_casualty","first_road_class","road_type","speed_limit","second_road_class","pedestrian_location","pedestrian_movement","location_easting_osgr","location_northing_osgr","lsoa_of_accident_location","number_of_vehicles","junction_detail","light_conditions","weather_conditions","road_surface_conditions","cas_type"
"8180","20171343G1340",2017-03-16,2017,"Mar",16,"08:20",8,20,"Thursday","Slight",1,"Slight","Cyclist","Driver or rider","Male",40,"Unclassified","Single carriageway",30,"Unclassified","Not a Pedestrian","Not a Pedestrian",429712,437762,"E01011505",2,"T or staggered junction","Daylight","Fine no high winds","Dry","Cyclist"
"8181","20171343G1116",2017-03-16,2017,"Mar",16,"16:10",16,10,"Thursday","Slight",1,"Slight","Car occupant","Driver or rider","Female",36,"Unclassified","Single carriageway",30,NA,"Not a Pedestrian","Not a Pedestrian",430001,428088,"E01011494",2,"Not at junction or within 20 metres","Daylight","Fine no high winds","Dry","Car occupant"
"8182","20171343G1455",2017-03-16,2017,"Mar",16,"17:45",17,45,"Thursday","Slight",1,"Slight","Cyclist","Driver or rider","Male",21,"Unclassified","Single carriageway",30,"Unclassified","Not a Pedestrian","Not a Pedestrian",427933,435714,"E01011441",2,"T or staggered junction","Darkness - lighting unknown","Raining + high winds","Wet or damp","Cyclist"
"8183","20171343G1403",2017-03-16,2017,"Mar",16,"18:15",18,15,"Thursday","Serious",1,"Serious","Pedestrian","Pedestrian","Male",16,"A","Dual carriageway",40,NA,"Crossing elsewhere within 50m. of pedestrian crossing","Crossing from driver's offside",428321,429560,"E01011531",1,"Not at junction or within 20 metres","Darkness - lights lit","Raining no high winds","Wet or damp","Pedestrian"
"8184","20171343G1841",2017-03-16,2017,"Mar",16,"23:00",23,0,"Thursday","Slight",1,"Slight","Cyclist","Driver or rider","Male",48,"Unclassified","Single carriageway",30,NA,"Not a Pedestrian","Not a Pedestrian",428594,434562,"E01011681",2,"Not at junction or within 20 metres","Darkness - lights lit","Fine no high winds","Dry","Cyclist"
"8185","20171343H0038",2017-03-17,2017,"Mar",17,"00:37",0,37,"Friday","Slight",1,"Slight","Car occupant","Driver or rider","Male",36,"Unclassified","Roundabout",30,"A","Not a Pedestrian","Not a Pedestrian",423842,434259,"E01011608",2,"Roundabout","Darkness - lighting unknown","Fine no high winds","Dry","Car occupant"
"8186","2017133AP0313",2017-03-17,2017,"Mar",17,"08:15",8,15,"Friday","Serious",1,"Serious","Pedestrian","Pedestrian","Female",61,"A","Single carriageway",30,"Unclassified","In carriageway, crossing elsewhere","Crossing from driver's nearside",426340,428455,"E01011525",1,"T or staggered junction","Daylight","Other","Dry","Pedestrian"
"8187","20171343H0711",2017-03-17,2017,"Mar",17,"12:10",12,10,"Friday","Slight",1,"Slight","Car occupant","Driver or rider","Female",44,"B","Single carriageway",30,"Unclassified","Not a Pedestrian","Not a Pedestrian",421497,434608,"E01011587",2,"T or staggered junction","Daylight","Fine no high winds","Wet or damp","Car occupant"
"8188","20171343H0862",2017-03-17,2017,"Mar",17,"13:50",13,50,"Friday","Slight",1,"Slight","Car occupant","Driver or rider","Female",30,"A","Dual carriageway",40,NA,"Not a Pedestrian","Not a Pedestrian",428716,433218,"E01011363",2,"Not at junction or within 20 metres","Daylight","Fine no high winds","Dry","Car occupant"
"8189","20171343H1212",2017-03-17,2017,"Mar",17,"16:40",16,40,"Friday","Slight",1,"Slight","Car occupant","Passenger","Male",46,"A","Roundabout",40,"A","Not a Pedestrian","Not a Pedestrian",419486,445015,"E01011571",2,"Roundabout","Daylight","Fine no high winds","Wet or damp","Car occupant"
"8190","20171343H1389",2017-03-17,2017,"Mar",17,"18:15",18,15,"Friday","Slight",1,"Slight","Car occupant","Driver or rider","Male",43,"A","Roundabout",40,"Motorway","Not a Pedestrian","Not a Pedestrian",428492,431580,"E01011366",2,"Roundabout","Darkness - lights lit","Raining no high winds","Wet or damp","Car occupant"
"8191","20171343H1539",2017-03-17,2017,"Mar",17,"19:30",19,30,"Friday","Slight",1,"Slight","Cyclist","Driver or rider","Male",27,"Unclassified","Single carriageway",30,"Unclassified","Not a Pedestrian","Not a Pedestrian",431896,434915,"E01011677",2,"Crossroads","Darkness - lights lit","Fine no high winds","Wet or damp","Cyclist"
"8192","2017134460758",2017-03-18,2017,"Mar",18,"12:00",12,0,"Saturday","Slight",1,"Slight","Taxi/Private hire car occupant","Passenger","Female",25,"B","Single carriageway",30,"A","Not a Pedestrian","Not a Pedestrian",426280,435587,"E01011488",2,"T or staggered junction","Daylight","Fine no high winds","Dry","Car occupant"
"8193","20171343I1929",2017-03-18,2017,"Mar",18,"22:45",22,45,"Saturday","Slight",1,"Slight","Pedestrian","Pedestrian","Male",21,"A","Dual carriageway",30,"Unclassified","In carriageway, crossing elsewhere","Crossing from driver's nearside",430869,433352,"E01033033",1,"Crossroads","Darkness - lights lit","Fine no high winds","Wet or damp","Pedestrian"
"8194","20171343J0576",2017-03-19,2017,"Mar",19,"10:00",10,0,"Sunday","Slight",1,"Slight","Car occupant","Passenger","Female",29,"B","Single carriageway",40,NA,"Not a Pedestrian","Not a Pedestrian",424817,425559,"E01011534",2,"Not at junction or within 20 metres","Daylight","Other","Wet or damp","Car occupant"
"8195","20171343J0732",2017-03-19,2017,"Mar",19,"12:40",12,40,"Sunday","Slight",1,"Slight","Car occupant","Passenger","Female",27,"A","Single carriageway",30,"A","Not a Pedestrian","Not a Pedestrian",436005,428266,"E01011635",2,"T or staggered junction","Daylight","Fine no high winds","Dry","Car occupant"
"8196","20171343J0844",2017-03-19,2017,"Mar",19,"13:55",13,55,"Sunday","Slight",1,"Slight","Pedestrian","Pedestrian","Female",43,"Unclassified","One way street",30,"A","On footway or verge","Unknown or other",426370,428469,"E01011525",1,"T or staggered junction","Daylight","Fine no high winds","Wet or damp","Pedestrian"
"8197","20171343J1516",2017-03-19,2017,"Mar",19,"19:46",19,46,"Sunday","Slight",2,"Slight","Car occupant","Passenger","Male",31,"Unclassified","Single carriageway",30,NA,"Not a Pedestrian","Not a Pedestrian",431164,435810,"E01011359",3,"Not at junction or within 20 metres","Darkness - lighting unknown","Fine no high winds","Dry","Car occupant"
"8198","20171343J1516",2017-03-19,2017,"Mar",19,"19:46",19,46,"Sunday","Slight",2,"Slight","Car occupant","Passenger","Male",19,"Unclassified","Single carriageway",30,NA,"Not a Pedestrian","Not a Pedestrian",431164,435810,"E01011359",3,"Not at junction or within 20 metres","Darkness - lighting unknown","Fine no high winds","Dry","Car occupant"
"8199","20171343K0921",2017-03-20,2017,"Mar",20,"12:30",12,30,"Monday","Slight",1,"Slight","Car occupant","Driver or rider","Male",36,"A","Dual carriageway",30,"A","Not a Pedestrian","Not a Pedestrian",430032,432530,"E01033016",2,"Roundabout","Daylight","Fine no high winds","Dry","Car occupant"
"8200","20171343L0448",2017-03-21,2017,"Mar",21,"07:55",7,55,"Tuesday","Slight",1,"Slight","Cyclist","Driver or rider","Male",10,"Unclassified","Single carriageway",30,"Unclassified","Not a Pedestrian","Not a Pedestrian",432712,436886,"E01011643",3,"Crossroads","Daylight","Snowing + high winds","Wet or damp","Cyclist"
"8201","20171343L0323",2017-03-21,2017,"Mar",21,"08:45",8,45,"Tuesday","Serious",1,"Serious","Cyclist","Driver or rider","Male",33,"Unclassified","Single carriageway",30,"Unclassified","Not a Pedestrian","Not a Pedestrian",430901,435528,"E01011361",2,"T or staggered junction","Daylight","Fine no high winds","Wet or damp","Cyclist"
"8202","20171343L0335",2017-03-21,2017,"Mar",21,"08:50",8,50,"Tuesday","Slight",1,"Slight","Car occupant","Driver or rider","Male",23,"A","Single carriageway",30,NA,"Not a Pedestrian","Not a Pedestrian",431766,435529,"E01011429",2,"Not at junction or within 20 metres","Daylight","Raining no high winds","Wet or damp","Car occupant"
"8203","20171343L0347",2017-03-21,2017,"Mar",21,"09:00",9,0,"Tuesday","Slight",1,"Slight","Car occupant","Driver or rider","Female",30,"Unclassified","Single carriageway",30,"Unclassified","Not a Pedestrian","Not a Pedestrian",423625,443388,"E01032503",1,"T or staggered junction","Daylight","Raining no high winds","Frost or ice","Car occupant"
"8204","20171343L0454",2017-03-21,2017,"Mar",21,"09:55",9,55,"Tuesday","Slight",1,"Slight","Motorcycle 50cc and under rider or passenger","Driver or rider","Male",16,"Unclassified","Single carriageway",30,"Unclassified","Not a Pedestrian","Not a Pedestrian",441756,427852,"E01011307",2,"T or staggered junction","Daylight","Fine no high winds","Wet or damp","Motorcyclist and pillion"
"8205","20171343L1206",2017-03-21,2017,"Mar",21,"16:45",16,45,"Tuesday","Slight",1,"Slight","Car occupant","Driver or rider","Male",27,"Unclassified","Single carriageway",30,"Unclassified","Not a Pedestrian","Not a Pedestrian",421931,432530,"E01011603",2,"Other junction","Daylight","Fine no high winds","Dry","Car occupant"
"8206","20171343L1514",2017-03-21,2017,"Mar",21,"16:50",16,50,"Tuesday","Slight",1,"Slight","Motorcycle over 500cc rider or passenger","Driver or rider","Male",26,"A","Single carriageway",60,NA,"Not a Pedestrian","Not a Pedestrian",439215,432248,"E01011402",2,"Not at junction or within 20 metres","Daylight","Fine no high winds","Dry","Motorcyclist and pillion"
"8207","20171343L1218",2017-03-21,2017,"Mar",21,"16:52",16,52,"Tuesday","Slight",1,"Slight","Car occupant","Driver or rider","Female",54,"Unclassified","Single carriageway",20,"Unclassified","Not a Pedestrian","Not a Pedestrian",432513,438027,"E01011655",3,"Crossroads","Daylight","Fine + high winds","Dry","Car occupant"
"8208","20171343L1587",2017-03-21,2017,"Mar",21,"18:30",18,30,"Tuesday","Slight",1,"Slight","Pedestrian","Pedestrian","Male",26,"Unclassified","Single carriageway",30,NA,"In carriageway, crossing elsewhere","Crossing from driver's offside",429610,433964,"E01033008",1,"Not at junction or within 20 metres","Darkness - lighting unknown","Fine no high winds","Dry","Pedestrian"
"8209","20171343L1560",2017-03-21,2017,"Mar",21,"19:35",19,35,"Tuesday","Serious",1,"Serious","Pedestrian","Pedestrian","Male",16,"Unclassified","One way street",30,NA,"In carriageway, crossing elsewhere","Crossing from driver's offside",430538,433299,"E01033011",1,"Not at junction or within 20 metres","Darkness - lights lit","Fine no high winds","Dry","Pedestrian"
"8210","20171343M0555",2017-03-22,2017,"Mar",22,"11:15",11,15,"Wednesday","Slight",1,"Slight","Car occupant","Driver or rider","Female",28,"A","Slip road",70,"Unclassified","Not a Pedestrian","Not a Pedestrian",436043,435761,"E01011665",2,"Slip road","Daylight","Raining no high winds","Wet or damp","Car occupant"
"8211","20171343M0582",2017-03-22,2017,"Mar",22,"11:30",11,30,"Wednesday","Slight",1,"Slight","Car occupant","Driver or rider","Male",27,"Motorway","Dual carriageway",70,NA,"Not a Pedestrian","Not a Pedestrian",433631,425850,"E01011500",1,"Not at junction or within 20 metres","Daylight","Raining no high winds","Wet or damp","Car occupant"
"8212","20171343M0763",2017-03-22,2017,"Mar",22,"13:22",13,22,"Wednesday","Slight",1,"Slight","Car occupant","Passenger","Female",39,"Unclassified","Single carriageway",30,"Unclassified","Not a Pedestrian","Not a Pedestrian",433167,435237,"E01011339",2,"Crossroads","Daylight","Raining + high winds","Wet or damp","Car occupant"
"8213","20171343M0808",2017-03-22,2017,"Mar",22,"13:45",13,45,"Wednesday","Slight",1,"Slight","Pedestrian","Pedestrian","Female",35,"Unclassified","One way street",30,NA,"In carriageway, crossing elsewhere","Crossing from driver's nearside",430062,433712,"E01033010",1,"Not at junction or within 20 metres","Daylight","Raining no high winds","Wet or damp","Pedestrian"
"8214","20171343M1120",2017-03-22,2017,"Mar",22,"15:00",15,0,"Wednesday","Slight",1,"Slight","Bus or coach occupant (17 or more pass seats)","Passenger","Female",64,"Unclassified","Single carriageway",30,NA,"Not a Pedestrian","Not a Pedestrian",429861,433786,"E01033008",1,"Not at junction or within 20 metres","Daylight","Fine no high winds","Dry","Bus and goods vehicle occupant"
"8215","20171343M1325",2017-03-22,2017,"Mar",22,"16:34",16,34,"Wednesday","Slight",2,"Slight","Bus or coach occupant (17 or more pass seats)","Passenger","Female",22,"Unclassified","Single carriageway",30,NA,"Not a Pedestrian","Not a Pedestrian",428576,434227,"E01011681",1,"Not at junction or within 20 metres","Daylight","Fine no high winds","Dry","Bus and goods vehicle occupant"
"8216","20171343M1325",2017-03-22,2017,"Mar",22,"16:34",16,34,"Wednesday","Slight",2,"Slight","Bus or coach occupant (17 or more pass seats)","Passenger","Female",22,"Unclassified","Single carriageway",30,NA,"Not a Pedestrian","Not a Pedestrian",428576,434227,"E01011681",1,"Not at junction or within 20 metres","Daylight","Fine no high winds","Dry","Bus and goods vehicle occupant"
"8217","20171343M1412",2017-03-22,2017,"Mar",22,"19:10",19,10,"Wednesday","Slight",1,"Slight","Pedestrian","Pedestrian","Female",23,"A","Dual carriageway",30,"Unclassified","Crossing on pedestrian crossing facility","Crossing from driver's offside",428963,435464,"E01033005",1,"Crossroads","Darkness - lights lit","Raining no high winds","Wet or damp","Pedestrian"
"8218","20171343M1418",2017-03-22,2017,"Mar",22,"19:18",19,18,"Wednesday","Slight",3,"Slight","Car occupant","Passenger","Male",47,"Unclassified","Single carriageway",30,NA,"Not a Pedestrian","Not a Pedestrian",430891,436425,"E01011356",2,"Not at junction or within 20 metres","Darkness - lights lit","Raining no high winds","Wet or damp","Car occupant"
"8219","20171343M1418",2017-03-22,2017,"Mar",22,"19:18",19,18,"Wednesday","Slight",3,"Slight","Car occupant","Passenger","Female",12,"Unclassified","Single carriageway",30,NA,"Not a Pedestrian","Not a Pedestrian",430891,436425,"E01011356",2,"Not at junction or within 20 metres","Darkness - lights lit","Raining no high winds","Wet or damp","Car occupant"
"8220","20171343M1418",2017-03-22,2017,"Mar",22,"19:18",19,18,"Wednesday","Slight",3,"Slight","Car occupant","Passenger","Female",9,"Unclassified","Single carriageway",30,NA,"Not a Pedestrian","Not a Pedestrian",430891,436425,"E01011356",2,"Not at junction or within 20 metres","Darkness - lights lit","Raining no high winds","Wet or damp","Car occupant"
"8221","20171343N0295",2017-03-23,2017,"Mar",23,"08:20",8,20,"Thursday","Slight",1,"Slight","Car occupant","Driver or rider","Female",52,"A","Single carriageway",40,NA,"Not a Pedestrian","Not a Pedestrian",424901,443470,"E01011576",2,"Not at junction or within 20 metres","Daylight","Fine no high winds","Wet or damp","Car occupant"
"8222","20171343N0742",2017-03-23,2017,"Mar",23,"12:35",12,35,"Thursday","Slight",3,"Slight","Car occupant","Driver or rider","Male",21,"Unclassified","Single carriageway",60,"Unclassified","Not a Pedestrian","Not a Pedestrian",415907,442017,"E01011270",2,"T or staggered junction","Daylight","Fine no high winds","Dry","Car occupant"
"8223","20171343N0742",2017-03-23,2017,"Mar",23,"12:35",12,35,"Thursday","Slight",3,"Slight","Car occupant","Driver or rider","Male",90,"Unclassified","Single carriageway",60,"Unclassified","Not a Pedestrian","Not a Pedestrian",415907,442017,"E01011270",2,"T or staggered junction","Daylight","Fine no high winds","Dry","Car occupant"
"8224","20171343N0742",2017-03-23,2017,"Mar",23,"12:35",12,35,"Thursday","Slight",3,"Slight","Car occupant","Passenger","Female",84,"Unclassified","Single carriageway",60,"Unclassified","Not a Pedestrian","Not a Pedestrian",415907,442017,"E01011270",2,"T or staggered junction","Daylight","Fine no high winds","Dry","Car occupant"
"8225","20171343N1330",2017-03-23,2017,"Mar",23,"17:16",17,16,"Thursday","Serious",1,"Serious","Car occupant","Driver or rider","Female",75,"Unclassified","Dual carriageway",50,NA,"Not a Pedestrian","Not a Pedestrian",438247,432793,"E01011402",2,"Not at junction or within 20 metres","Darkness - lighting unknown","Fine no high winds","Dry","Car occupant"
"8226","20171343N1414",2017-03-23,2017,"Mar",23,"17:55",17,55,"Thursday","Slight",1,"Slight","Car occupant","Driver or rider","Male",31,"Motorway","Slip road",50,"Motorway","Not a Pedestrian","Not a Pedestrian",432274,427085,"E01032496",2,"Slip road","Darkness - lighting unknown","Fine no high winds","Dry","Car occupant"
"8227","20171343O1935",2017-03-24,2017,"Mar",24,"04:03",4,3,"Friday","Slight",1,"Slight","Car occupant","Driver or rider","Female",19,"A","Single carriageway",30,"Unclassified","Not a Pedestrian","Not a Pedestrian",430087,431254,"E01011372",4,"T or staggered junction","Darkness - lights lit","Fine no high winds","Dry","Car occupant"
"8228","20171343O0409",2017-03-24,2017,"Mar",24,"08:30",8,30,"Friday","Slight",1,"Slight","Cyclist","Driver or rider","Male",12,"Unclassified","Single carriageway",30,"Unclassified","Not a Pedestrian","Not a Pedestrian",428464,426302,"E01011553",2,"T or staggered junction","Daylight","Fine no high winds","Dry","Cyclist"
"8229","20171343O0354",2017-03-24,2017,"Mar",24,"09:00",9,0,"Friday","Slight",1,"Slight","Motorcycle over 500cc rider or passenger","Driver or rider","Male",24,"Unclassified","Single carriageway",30,"Unclassified","Not a Pedestrian","Not a Pedestrian",438275,436494,"E01011719",2,"Private drive or entrance","Daylight","Fine no high winds","Dry","Motorcyclist and pillion"
"8230","20171343O0655",2017-03-24,2017,"Mar",24,"12:00",12,0,"Friday","Serious",1,"Serious","Pedestrian","Pedestrian","Female",17,"B","Dual carriageway",30,"Unclassified","Crossing on pedestrian crossing facility","Crossing from driver's nearside",435596,433611,"E01011417",1,"T or staggered junction","Daylight","Fine no high winds","Dry","Pedestrian"
"8231","20171343P0534",2017-03-24,2017,"Mar",24,"12:30",12,30,"Friday","Slight",1,"Slight","Pedestrian","Pedestrian","Male",89,"A","Single carriageway",40,"Unclassified","On footway or verge","Unknown or other",439849,432404,"E01011402",1,"Private drive or entrance","Daylight","Fine no high winds","Dry","Pedestrian"
"8232","20171343O0926",2017-03-24,2017,"Mar",24,"14:20",14,20,"Friday","Slight",1,"Slight","Car occupant","Passenger","Female",19,"Unclassified","Single carriageway",30,"Unclassified","Not a Pedestrian","Not a Pedestrian",428093,434585,"E01011481",2,"T or staggered junction","Daylight","Fine no high winds","Dry","Car occupant"
"8233","20171343O1176",2017-03-24,2017,"Mar",24,"16:35",16,35,"Friday","Slight",1,"Slight","Car occupant","Driver or rider","Female",30,"Unclassified","Dual carriageway",40,"Unclassified","Not a Pedestrian","Not a Pedestrian",435674,434784,"E01011345",3,"Crossroads","Daylight","Fine no high winds","Dry","Car occupant"
"8234","20171343O1390",2017-03-24,2017,"Mar",24,"18:15",18,15,"Friday","Slight",3,"Slight","Car occupant","Passenger","Male",21,"Unclassified","Single carriageway",30,"Unclassified","Not a Pedestrian","Not a Pedestrian",424186,438895,"E01011459",2,"T or staggered junction","Darkness - lighting unknown","Fine no high winds","Dry","Car occupant"
"8235","20171343O1390",2017-03-24,2017,"Mar",24,"18:15",18,15,"Friday","Slight",3,"Slight","Car occupant","Passenger","Male",20,"Unclassified","Single carriageway",30,"Unclassified","Not a Pedestrian","Not a Pedestrian",424186,438895,"E01011459",2,"T or staggered junction","Darkness - lighting unknown","Fine no high winds","Dry","Car occupant"
"8236","20171343O1390",2017-03-24,2017,"Mar",24,"18:15",18,15,"Friday","Slight",3,"Slight","Car occupant","Passenger","Male",19,"Unclassified","Single carriageway",30,"Unclassified","Not a Pedestrian","Not a Pedestrian",424186,438895,"E01011459",2,"T or staggered junction","Darkness - lighting unknown","Fine no high winds","Dry","Car occupant"
"8237","20171343P0668",2017-03-25,2017,"Mar",25,"12:00",12,0,"Saturday","Serious",1,"Serious","Car occupant","Driver or rider","Female",26,"A","Dual carriageway",30,NA,"Not a Pedestrian","Not a Pedestrian",431093,433558,"E01033011",2,"Not at junction or within 20 metres","Daylight","Fine no high winds","Dry","Car occupant"
"8238","20171343P0722",2017-03-25,2017,"Mar",25,"12:30",12,30,"Saturday","Serious",2,"Serious","Car occupant","Passenger","Female",12,"A","Single carriageway",30,"Unclassified","Not a Pedestrian","Not a Pedestrian",425729,428089,"E01011532",1,"T or staggered junction","Daylight","Other","Dry","Car occupant"
"8239","20171343P0722",2017-03-25,2017,"Mar",25,"12:30",12,30,"Saturday","Serious",2,"Serious","Car occupant","Passenger","Female",10,"A","Single carriageway",30,"Unclassified","Not a Pedestrian","Not a Pedestrian",425729,428089,"E01011532",1,"T or staggered junction","Daylight","Other","Dry","Car occupant"
"8240","20171343P0753",2017-03-25,2017,"Mar",25,"12:51",12,51,"Saturday","Slight",2,"Slight","Car occupant","Passenger","Female",9,"Unclassified","Single carriageway",20,"A","Not a Pedestrian","Not a Pedestrian",434447,433684,"E01011616",2,"T or staggered junction","Daylight","Fine no high winds","Dry","Car occupant"
"8241","20171343P0753",2017-03-25,2017,"Mar",25,"12:51",12,51,"Saturday","Slight",2,"Slight","Car occupant","Passenger","Male",8,"Unclassified","Single carriageway",20,"A","Not a Pedestrian","Not a Pedestrian",434447,433684,"E01011616",2,"T or staggered junction","Daylight","Fine no high winds","Dry","Car occupant"
"8242","20171343P0807",2017-03-25,2017,"Mar",25,"13:20",13,20,"Saturday","Slight",2,"Slight","Car occupant","Driver or rider","Female",71,"B","Single carriageway",30,"A","Not a Pedestrian","Not a Pedestrian",420828,439684,"E01011580",2,"Crossroads","Daylight","Fine no high winds","Dry","Car occupant"
"8243","20171343P0807",2017-03-25,2017,"Mar",25,"13:20",13,20,"Saturday","Slight",2,"Slight","Car occupant","Passenger","Female",77,"B","Single carriageway",30,"A","Not a Pedestrian","Not a Pedestrian",420828,439684,"E01011580",2,"Crossroads","Daylight","Fine no high winds","Dry","Car occupant"
"8244","20171343P1599",2017-03-25,2017,"Mar",25,"19:40",19,40,"Saturday","Slight",1,"Slight","Motorcycle 50cc and under rider or passenger","Driver or rider","Male",53,"Unclassified","Roundabout",30,"Unclassified","Not a Pedestrian","Not a Pedestrian",428758,432733,"E01033013",2,"Roundabout","Darkness - lights lit","Fine no high winds","Dry","Motorcyclist and pillion"
"8245","20171343P1723",2017-03-25,2017,"Mar",25,"20:40",20,40,"Saturday","Slight",1,"Slight","Pedestrian","Pedestrian","Male",9,"B","Single carriageway",30,NA,"In carriageway, crossing elsewhere","Crossing from driver's offside",432851,434336,"E01011347",1,"Not at junction or within 20 metres","Darkness - lights lit","Fine no high winds","Dry","Pedestrian"
"8246","20171343Q0655",2017-03-26,2017,"Mar",26,"12:45",12,45,"Sunday","Slight",1,"Slight","Cyclist","Driver or rider","Male",42,"Unclassified","Roundabout",30,"B","Not a Pedestrian","Not a Pedestrian",442249,449085,"E01011704",2,"Roundabout","Daylight","Fine no high winds","Dry","Cyclist"
"8247","20171343R0212",2017-03-27,2017,"Mar",27,"06:35",6,35,"Monday","Serious",1,"Serious","Motorcycle over 500cc rider or passenger","Driver or rider","Male",59,"A","Dual carriageway",40,"Unclassified","Not a Pedestrian","Not a Pedestrian",434484,429208,"E01011628",2,"T or staggered junction","Darkness - lights lit","Fine no high winds","Dry","Motorcyclist and pillion"
"8248","20171343R0261",2017-03-27,2017,"Mar",27,"07:30",7,30,"Monday","Slight",1,"Slight","Bus or coach occupant (17 or more pass seats)","Driver or rider","Male",23,"A","Roundabout",40,"B","Not a Pedestrian","Not a Pedestrian",429960,436591,"E01011355",3,"Roundabout","Darkness - lighting unknown","Fine no high winds","Dry","Bus and goods vehicle occupant"
"8249","20171343R0288",2017-03-27,2017,"Mar",27,"07:50",7,50,"Monday","Slight",1,"Slight","Car occupant","Passenger","Female",24,"B","Roundabout",40,"A","Not a Pedestrian","Not a Pedestrian",428505,433061,"E01011363",2,"Roundabout","Daylight","Fine no high winds","Dry","Car occupant"
"8250","20171343R1090",2017-03-27,2017,"Mar",27,"08:00",8,0,"Monday","Slight",1,"Slight","Cyclist","Driver or rider","Male",14,"A","Single carriageway",30,NA,"Not a Pedestrian","Not a Pedestrian",424255,435382,"E01011323",2,"Not at junction or within 20 metres","Daylight","Fine no high winds","Dry","Cyclist"
"8251","20171343R0485",2017-03-27,2017,"Mar",27,"10:30",10,30,"Monday","Slight",2,"Slight","Car occupant","Driver or rider","Male",18,"Unclassified","Single carriageway",30,NA,"Not a Pedestrian","Not a Pedestrian",430892,434833,"E01011671",6,"Not at junction or within 20 metres","Daylight","Fine no high winds","Dry","Car occupant"
"8252","20171343R0485",2017-03-27,2017,"Mar",27,"10:30",10,30,"Monday","Slight",2,"Slight","Car occupant","Passenger","Male",17,"Unclassified","Single carriageway",30,NA,"Not a Pedestrian","Not a Pedestrian",430892,434833,"E01011671",6,"Not at junction or within 20 metres","Daylight","Fine no high winds","Dry","Car occupant"
"8253","20171343R0728",2017-03-27,2017,"Mar",27,"12:58",12,58,"Monday","Slight",2,"Slight","Car occupant","Driver or rider","Female",29,"A","Dual carriageway",40,"Unclassified","Not a Pedestrian","Not a Pedestrian",425604,434252,"E01011283",2,"T or staggered junction","Daylight","Fine no high winds","Dry","Car occupant"
"8254","20171343R0728",2017-03-27,2017,"Mar",27,"12:58",12,58,"Monday","Slight",2,"Slight","Car occupant","Passenger","Male",32,"A","Dual carriageway",40,"Unclassified","Not a Pedestrian","Not a Pedestrian",425604,434252,"E01011283",2,"T or staggered junction","Daylight","Fine no high winds","Dry","Car occupant"
"8255","20171343H1717",2017-03-27,2017,"Mar",27,"18:25",18,25,"Monday","Slight",1,"Slight","Cyclist","Driver or rider","Male",20,"Unclassified","Single carriageway",30,"Unclassified","Not a Pedestrian","Not a Pedestrian",421103,434543,"E01011599",2,"T or staggered junction","Darkness - lighting unknown","Fine no high winds","Dry","Cyclist"
"8256","20171343S0181",2017-03-28,2017,"Mar",28,"07:08",7,8,"Tuesday","Slight",1,"Slight","Car occupant","Driver or rider","Female",21,"Unclassified","Single carriageway",40,NA,"Not a Pedestrian","Not a Pedestrian",434904,437720,"E01011657",3,"Not at junction or within 20 metres","Darkness - lighting unknown","Fine no high winds","Dry","Car occupant"
"8257","20171343S1129",2017-03-28,2017,"Mar",28,"10:00",10,0,"Tuesday","Slight",1,"Slight","Pedestrian","Pedestrian","Female",35,"Unclassified","Single carriageway",30,"Unclassified","In carriageway, crossing elsewhere","Crossing from driver's offside",426852,436030,"E01011489",1,"T or staggered junction","Daylight","Fine no high winds","Dry","Pedestrian"
"8258","20171343S1285",2017-03-28,2017,"Mar",28,"15:00",15,0,"Tuesday","Slight",1,"Slight","Bus or coach occupant (17 or more pass seats)","Passenger","Female",1,"B","Single carriageway",30,"Unclassified","Not a Pedestrian","Not a Pedestrian",432407,434830,"E01011433",1,"Crossroads","Daylight","Fine no high winds","Dry","Bus and goods vehicle occupant"
"8259","20171343P1031",2017-03-28,2017,"Mar",28,"15:14",15,14,"Tuesday","Slight",1,"Slight","Pedestrian","Pedestrian","Male",27,"A","Single carriageway",30,NA,"In carriageway, not crossing","In carriageway, stationary - not crossing  (standing or playing) - masked by parked or stationary vehicle",429377,434952,"E01033005",1,"Not at junction or within 20 metres","Daylight","Fine no high winds","Dry","Pedestrian"
"8260","20171343S1198",2017-03-28,2017,"Mar",28,"17:00",17,0,"Tuesday","Slight",1,"Slight","Cyclist","Driver or rider","Male",51,"A","Single carriageway",40,NA,"Not a Pedestrian","Not a Pedestrian",425242,436499,"E01032493",2,"Not at junction or within 20 metres","Darkness - lighting unknown","Fine no high winds","Dry","Cyclist"
"8261","20171343T0538",2017-03-29,2017,"Mar",29,"05:40",5,40,"Wednesday","Slight",1,"Slight","Cyclist","Driver or rider","Male",29,"A","Dual carriageway",30,"A","Not a Pedestrian","Not a Pedestrian",430980,432090,"E01033018",2,"Crossroads","Darkness - lights lit","Fine no high winds","Wet or damp","Cyclist"
"8262","20171343T0558",2017-03-29,2017,"Mar",29,"11:24",11,24,"Wednesday","Slight",1,"Slight","Car occupant","Driver or rider","Female",20,"A","Dual carriageway",40,"Unclassified","Not a Pedestrian","Not a Pedestrian",425924,432244,"E01011737",3,"Other junction","Daylight","Raining no high winds","Wet or damp","Car occupant"