"","accident_index","date","year","month","day","time","time_hour","time_minute","day_of_week","accident_severity","number_of_casualties","casualty_severity","casualty_type","casualty_class","sex_of_casualty","age_of_casualty","first_road_class","road_type","speed_limit","second_road_class","pedestrian_location","pedestrian_movement","location_easting_osgr","location_northing_osgr","lsoa_of_accident_location","number_of_vehicles","junction_detail","light_conditions","weather_conditions","road_surface_conditions","cas_type"
"8347","20171344C1082",2017-04-12,2017,"Apr",12,"16:20",16,20,"Wednesday","Slight",2,"Slight","Car occupant","Passenger","Male",9,"Unclassified","Single carriageway",30,NA,"Not a Pedestrian","Not a Pedestrian",427322,439260,"E01011386",2,"Not at junction or within 20 metres","Daylight","Fine no high winds","Dry","Car occupant"
"8348","20171344C1082",2017-04-12,2017,"Apr",12,"16:20",16,20,"Wednesday","Slight",2,"Slight","Car occupant","Passenger","Female",70,"Unclassified","Single carriageway",30,NA,"Not a Pedestrian","Not a Pedestrian",427322,439260,"E01011386",2,"Not at junction or within 20 metres","Daylight","Fine no high winds","Dry","Car occupant"
"8349","20171344C1168",2017-04-12,2017,"Apr",12,"17:00",17,0,"Wednesday","Slight",1,"Slight","Car occupant","Driver or rider","Male",39,"A","Dual carriageway",40,NA,"Not a Pedestrian","Not a Pedestrian",419900,434092,"E01011597",4,"Not at junction or within 20 metres","Darkness - lighting unknown","Fine no high winds","Dry","Car occupant"
"8350","20171344D1027",2017-04-13,2017,"Apr",13,"15:36",15,36,"Thursday","Slight",1,"Slight","Bus or coach occupant (17 or more pass seats)","Passenger","Female",21,"A","Single carriageway",30,NA,"Not a Pedestrian","Not a Pedestrian",431141,433617,"E01033011",2,"Not at junction or within 20 metres","Daylight","Fine no high winds","Dry","Bus and goods vehicle occupant"
"8351","20171344D1486",2017-04-13,2017,"Apr",13,"19:00",19,0,"Thursday","Slight",1,"Slight","Car occupant","Driver or rider","Male",25,"Unclassified","Single carriageway",30,"Unclassified","Not a Pedestrian","Not a Pedestrian",428666,425374,"E01011536",2,"T or staggered junction","Darkness - lighting unknown","Fine no high winds","Dry","Car occupant"
"8352","20171344E0562",2017-04-14,2017,"Apr",14,"11:02",11,2,"Friday","Serious",1,"Serious","Pedestrian","Pedestrian","Male",15,"Unclassified","Single carriageway",30,NA,"On footway or verge","Walking along in carriageway, facing traffic",425632,438730,"E01011388",1,"Not at junction or within 20 metres","Daylight","Fine no high winds","Dry","Pedestrian"
"8353","20171344D0967",2017-04-14,2017,"Apr",14,"15:00",15,0,"Friday","Slight",1,"Slight","Car occupant","Passenger","Female",7,"A","Single carriageway",30,"Unclassified","Not a Pedestrian","Not a Pedestrian",427763,431683,"E01011362",2,"T or staggered junction","Daylight","Fine no high winds","Dry","Car occupant"
"8354","20171344E1402",2017-04-14,2017,"Apr",14,"18:30",18,30,"Friday","Slight",1,"Slight","Pedestrian","Pedestrian","Male",54,"Unclassified","Single carriageway",30,NA,"In carriageway, crossing elsewhere","Crossing from driver's nearside",432605,433922,"E01011348",1,"Not at junction or within 20 metres","Darkness - lighting unknown","Fine no high winds","Dry","Pedestrian"
"8355","20171344E1732",2017-04-14,2017,"Apr",14,"21:20",21,20,"Friday","Slight",2,"Slight","Car occupant","Driver or rider","Male",26,"Unclassified","One way street",30,"Unclassified","Not a Pedestrian","Not a Pedestrian",426569,427289,"E01011541",2,"Other junction","Darkness - lights lit","Fine no high winds","Wet or damp","Car occupant"
"8356","20171344E1732",2017-04-14,2017,"Apr",14,"21:20",21,20,"Friday","Slight",2,"Slight","Car occupant","Driver or rider","Male",60,"Unclassified","One way street",30,"Unclassified","Not a Pedestrian","Not a Pedestrian",426569,427289,"E01011541",2,"Other junction","Darkness - lights lit","Fine no high winds","Wet or damp","Car occupant"
"8357","20171344E1962",2017-04-14,2017,"Apr",14,"23:42",23,42,"Friday","Slight",1,"Slight","Cyclist","Driver or rider","Male",24,"Unclassified","Single carriageway",30,NA,"Not a Pedestrian","Not a Pedestrian",430083,431222,"E01011371",2,"Not at junction or within 20 metres","Darkness - lights lit","Raining no high winds","Wet or damp","Cyclist"
"8358","20171344E1965",2017-04-14,2017,"Apr",14,"23:43",23,43,"Friday","Slight",1,"Slight","Car occupant","Passenger","Male",12,"A","Roundabout",40,"Unclassified","Not a Pedestrian","Not a Pedestrian",429832,438889,"E01011510",1,"Roundabout","Darkness - lights lit","Fine no high winds","Dry","Car occupant"
"8359","20171344F0815",2017-04-15,2017,"Apr",15,"13:13",13,13,"Saturday","Slight",1,"Slight","Car occupant","Driver or rider","Female",49,"Unclassified","Single carriageway",30,"Unclassified","Not a Pedestrian","Not a Pedestrian",430680,434569,"E01033003",2,"T or staggered junction","Daylight","Fine no high winds","Dry","Car occupant"
"8360","20171344F1131",2017-04-15,2017,"Apr",15,"16:00",16,0,"Saturday","Slight",1,"Slight","Pedestrian","Pedestrian","Female",45,"Unclassified","Dual carriageway",30,NA,"On footway or verge","Unknown or other",430275,433407,"E01033010",1,"Not at junction or within 20 metres","Daylight","Fine no high winds","Dry","Pedestrian"
"8361","20171344F1186",2017-04-15,2017,"Apr",15,"16:25",16,25,"Saturday","Slight",1,"Slight","Car occupant","Passenger","Female",56,"A","Single carriageway",30,NA,"Not a Pedestrian","Not a Pedestrian",427156,437353,"E01011690",3,"Not at junction or within 20 metres","Daylight","Fine no high winds","Dry","Car occupant"
"8362","20171344F1750",2017-04-15,2017,"Apr",15,"21:45",21,45,"Saturday","Slight",1,"Slight","Car occupant","Driver or rider","Female",26,"A","Dual carriageway",40,"Unclassified","Not a Pedestrian","Not a Pedestrian",433446,434059,"E01011346",2,"T or staggered junction","Darkness - lights lit","Fine no high winds","Dry","Car occupant"
"8363","20171344P0924",2017-04-16,2017,"Apr",16,"10:31",10,31,"Sunday","Slight",1,"Slight","Taxi/Private hire car occupant","Passenger","Male",63,"A","Single carriageway",30,NA,"Not a Pedestrian","Not a Pedestrian",427834,436300,"E01011440",1,"Not at junction or within 20 metres","Daylight","Fine no high winds","Dry","Car occupant"
"8364","20171344G0906",2017-04-16,2017,"Apr",16,"14:54",14,54,"Sunday","Slight",1,"Slight","Car occupant","Driver or rider","Male",24,"Unclassified","Single carriageway",30,"Unclassified","Not a Pedestrian","Not a Pedestrian",430788,434777,"E01011671",2,"T or staggered junction","Daylight","Fine no high winds","Dry","Car occupant"
"8365","20171344G0984",2017-04-16,2017,"Apr",16,"15:45",15,45,"Sunday","Slight",1,"Slight","Car occupant","Passenger","Male",20,"A","Single carriageway",40,"Unclassified","Not a Pedestrian","Not a Pedestrian",423362,437649,"E01011465",2,"Private drive or entrance","Daylight","Fine no high winds","Dry","Car occupant"
"8366","20171344G1394",2017-04-16,2017,"Apr",16,"18:16",18,16,"Sunday","Slight",1,"Slight","Bus or coach occupant (17 or more pass seats)","Passenger","Female",47,"Unclassified","Single carriageway",30,NA,"Not a Pedestrian","Not a Pedestrian",435718,435739,"E01011663",1,"Not at junction or within 20 metres","Darkness - lighting unknown","Fine no high winds","Dry","Bus and goods vehicle occupant"
"8367","20171344G1407",2017-04-16,2017,"Apr",16,"19:45",19,45,"Sunday","Slight",1,"Slight","Car occupant","Driver or rider","Male",20,"A","Dual carriageway",60,NA,"Not a Pedestrian","Not a Pedestrian",420994,435169,"E01011595",1,"Not at junction or within 20 metres","Darkness - lighting unknown","Raining no high winds","Wet or damp","Car occupant"
"8368","20171344G1512",2017-04-16,2017,"Apr",16,"20:47",20,47,"Sunday","Slight",1,"Slight","Car occupant","Driver or rider","Male",20,"Unclassified","Single carriageway",30,"Unclassified","Not a Pedestrian","Not a Pedestrian",430780,438592,"E01011512",2,"Crossroads","Darkness - lighting unknown","Fine no high winds","Dry","Car occupant"
"8369","20171344G1674",2017-04-16,2017,"Apr",16,"22:10",22,10,"Sunday","Slight",1,"Slight","Car occupant","Passenger","Female",36,"Motorway","Dual carriageway",70,NA,"Not a Pedestrian","Not a Pedestrian",433532,425854,"E01011500",1,"Not at junction or within 20 metres","Darkness - lights lit","Raining no high winds","Wet or damp","Car occupant"
"8370","20171344G1773",2017-04-16,2017,"Apr",16,"23:12",23,12,"Sunday","Slight",2,"Slight","Car occupant","Passenger","Female",15,"A","Dual carriageway",40,NA,"Not a Pedestrian","Not a Pedestrian",428692,433187,"E01011363",2,"Not at junction or within 20 metres","Darkness - lights lit","Fine no high winds","Wet or damp","Car occupant"
"8371","20171344G1773",2017-04-16,2017,"Apr",16,"23:12",23,12,"Sunday","Slight",2,"Slight","Car occupant","Passenger","Female",43,"A","Dual carriageway",40,NA,"Not a Pedestrian","Not a Pedestrian",428692,433187,"E01011363",2,"Not at junction or within 20 metres","Darkness - lights lit","Fine no high winds","Wet or damp","Car occupant"
"8372","20171344H0721",2017-04-17,2017,"Apr",17,"13:00",13,0,"Monday","Slight",2,"Slight","Car occupant","Driver or rider","Male",63,"A","Dual carriageway",40,NA,"Not a Pedestrian","Not a Pedestrian",428813,433303,"E01033013",3,"Not at junction or within 20 metres","Daylight","Fine no high winds","Dry","Car occupant"
"8373","20171344H0721",2017-04-17,2017,"Apr",17,"13:00",13,0,"Monday","Slight",2,"Slight","Car occupant","Passenger","Female",40,"A","Dual carriageway",40,NA,"Not a Pedestrian","Not a Pedestrian",428813,433303,"E01033013",3,"Not at junction or within 20 metres","Daylight","Fine no high winds","Dry","Car occupant"
"8374","20171344I0678",2017-04-18,2017,"Apr",18,"07:50",7,50,"Tuesday","Slight",1,"Slight","Cyclist","Driver or rider","Male",42,"A","Single carriageway",30,"Unclassified","Not a Pedestrian","Not a Pedestrian",427569,434540,"E01011482",2,"T or staggered junction","Daylight","Fine no high winds","Dry","Cyclist"
"8375","20171344I0488",2017-04-18,2017,"Apr",18,"10:40",10,40,"Tuesday","Serious",1,"Serious","Car occupant","Driver or rider","Female",81,"A","Single carriageway",30,NA,"Not a Pedestrian","Not a Pedestrian",418071,442615,"E01011280",3,"Not at junction or within 20 metres","Daylight","Fine no high winds","Dry","Car occupant"
"8376","20171344H0688",2017-04-18,2017,"Apr",18,"11:30",11,30,"Tuesday","Slight",1,"Slight","Car occupant","Passenger","Female",26,"Unclassified","Single carriageway",30,"Unclassified","Not a Pedestrian","Not a Pedestrian",431236,434803,"E01011673",2,"T or staggered junction","Daylight","Fine no high winds","Dry","Car occupant"
"8377","20171344I1269",2017-04-18,2017,"Apr",18,"17:15",17,15,"Tuesday","Slight",1,"Slight","Car occupant","Driver or rider","Female",49,"A","Dual carriageway",60,NA,"Not a Pedestrian","Not a Pedestrian",421666,436128,"E01011588",5,"Not at junction or within 20 metres","Darkness - lighting unknown","Fine no high winds","Dry","Car occupant"
"8378","20171344I1750",2017-04-18,2017,"Apr",18,"21:07",21,7,"Tuesday","Slight",2,"Slight","Car occupant","Driver or rider","Female",24,"A","Single carriageway",30,"Unclassified","Not a Pedestrian","Not a Pedestrian",427301,433634,"E01011293",2,"Crossroads","Darkness - lighting unknown","Fine no high winds","Dry","Car occupant"
"8379","20171344I1750",2017-04-18,2017,"Apr",18,"21:07",21,7,"Tuesday","Slight",2,"Slight","Car occupant","Driver or rider","Male",33,"A","Single carriageway",30,"Unclassified","Not a Pedestrian","Not a Pedestrian",427301,433634,"E01011293",2,"Crossroads","Darkness - lighting unknown","Fine no high winds","Dry","Car occupant"
"8380","20171344I1778",2017-04-18,2017,"Apr",18,"21:19",21,19,"Tuesday","Slight",1,"Slight","Motorcycle 125cc and under rider or passenger","Driver or rider","Male",19,"A","Dual carriageway",40,"Unclassified","Not a Pedestrian","Not a Pedestrian",427944,430316,"E01011317",2,"Roundabout","Darkness - lights lit","Fine no high winds","Dry","Motorcyclist and pillion"
"8381","20171344J0902",2017-04-19,2017,"Apr",19,"14:42",14,42,"Wednesday","Slight",1,"Slight","Car occupant","Driver or rider","Male",77,"A","Dual carriageway",40,NA,"Not a Pedestrian","Not a Pedestrian",437020,433588,"E01011411",2,"Not at junction or within 20 metres","Daylight","Fine no high winds","Dry","Car occupant"
"8382","20171344J1161",2017-04-19,2017,"Apr",19,"16:40",16,40,"Wednesday","Slight",3,"Slight","Car occupant","Driver or rider","Male",65,"B","Single carriageway",30,"Unclassified","Not a Pedestrian","Not a Pedestrian",426060,435592,"E01011477",3,"T or staggered junction","Daylight","Fine no high winds","Dry","Car occupant"
"8383","20171344J1161",2017-04-19,2017,"Apr",19,"16:40",16,40,"Wednesday","Slight",3,"Slight","Car occupant","Driver or rider","Female",64,"B","Single carriageway",30,"Unclassified","Not a Pedestrian","Not a Pedestrian",426060,435592,"E01011477",3,"T or staggered junction","Daylight","Fine no high winds","Dry","Car occupant"
"8384","20171344J1161",2017-04-19,2017,"Apr",19,"16:40",16,40,"Wednesday","Slight",3,"Slight","Car occupant","Passenger","Female",62,"B","Single carriageway",30,"Unclassified","Not a Pedestrian","Not a Pedestrian",426060,435592,"E01011477",3,"T or staggered junction","Daylight","Fine no high winds","Dry","Car occupant"
"8385","20171344J1939",2017-04-19,2017,"Apr",19,"23:13",23,13,"Wednesday","Slight",1,"Slight","Car occupant","Driver or rider","Male",37,"Unclassified","Single carriageway",30,"Unclassified","Not a Pedestrian","Not a Pedestrian",434385,435138,"E01011339",2,"T or staggered junction","Darkness - lights lit","Fine no high winds","Dry","Car occupant"
"8386","20171344K0272",2017-04-20,2017,"Apr",20,"08:15",8,15,"Thursday","Slight",1,"Slight","Car occupant","Driver or rider","Male",20,"B","Single carriageway",30,NA,"Not a Pedestrian","Not a Pedestrian",440551,432016,"E01011405",1,"Not at junction or within 20 metres","Daylight","Fine no high winds","Dry","Car occupant"
"8387","20171344K0914",2017-04-20,2017,"Apr",20,"15:39",15,39,"Thursday","Slight",1,"Slight","Pedestrian","Pedestrian","Female",18,"Unclassified","Single carriageway",30,NA,"On footway or verge","Unknown or other",421699,432953,"E01011605",2,"Not at junction or within 20 metres","Daylight","Fine no high winds","Dry","Pedestrian"
"8388","20171344K0955",2017-04-20,2017,"Apr",20,"15:50",15,50,"Thursday","Fatal",1,"Fatal","Pedestrian","Pedestrian","Female",57,"A","Single carriageway",60,"Unclassified","In carriageway, crossing elsewhere","Crossing from driver's nearside",432870,444975,"E01011561",1,"Other junction","Daylight","Fine no high winds","Dry","Pedestrian"
"8389","20171344P1617",2017-04-21,2017,"Apr",21,"08:35",8,35,"Friday","Slight",1,"Slight","Cyclist","Driver or rider","Male",33,"A","Dual carriageway",40,NA,"Not a Pedestrian","Not a Pedestrian",428973,433603,"E01011678",2,"Not at junction or within 20 metres","Daylight","Fine no high winds","Dry","Cyclist"
"8390","20171344L0331",2017-04-21,2017,"Apr",21,"09:03",9,3,"Friday","Slight",1,"Slight","Cyclist","Driver or rider","Male",26,"A","Single carriageway",30,"Unclassified","Not a Pedestrian","Not a Pedestrian",427485,437004,"E01011690",2,"T or staggered junction","Daylight","Fine no high winds","Dry","Cyclist"
"8391","20171344M0836",2017-04-21,2017,"Apr",21,"19:10",19,10,"Friday","Slight",1,"Slight","Bus or coach occupant (17 or more pass seats)","Passenger","Male",60,"Unclassified","Single carriageway",30,"Unclassified","Not a Pedestrian","Not a Pedestrian",428267,434454,"E01011483",2,"Crossroads","Darkness - lighting unknown","Fine no high winds","Dry","Bus and goods vehicle occupant"
"8392","20171344M0833",2017-04-21,2017,"Apr",21,"19:20",19,20,"Friday","Slight",1,"Slight","Bus or coach occupant (17 or more pass seats)","Passenger","Female",3,"A","Dual carriageway",30,"Unclassified","Not a Pedestrian","Not a Pedestrian",432665,435865,"E01011424",1,"T or staggered junction","Darkness - lighting unknown","Fine no high winds","Dry","Bus and goods vehicle occupant"
"8393","20171344M0695",2017-04-22,2017,"Apr",22,"11:50",11,50,"Saturday","Slight",3,"Slight","Taxi/Private hire car occupant","Driver or rider","Male",52,"B","Single carriageway",30,"Unclassified","Not a Pedestrian","Not a Pedestrian",426140,435591,"E01011477",2,"T or staggered junction","Daylight","Fine no high winds","Dry","Car occupant"
"8394","20171344M0695",2017-04-22,2017,"Apr",22,"11:50",11,50,"Saturday","Slight",3,"Slight","Taxi/Private hire car occupant","Passenger","Male",31,"B","Single carriageway",30,"Unclassified","Not a Pedestrian","Not a Pedestrian",426140,435591,"E01011477",2,"T or staggered junction","Daylight","Fine no high winds","Dry","Car occupant"
"8395","20171344M0695",2017-04-22,2017,"Apr",22,"11:50",11,50,"Saturday","Slight",3,"Slight","Car occupant","Passenger","Female",37,"B","Single carriageway",30,"Unclassified","Not a Pedestrian","Not a Pedestrian",426140,435591,"E01011477",2,"T or staggered junction","Daylight","Fine no high winds","Dry","Car occupant"
"8396","20171344M1379",2017-04-22,2017,"Apr",22,"16:05",16,5,"Saturday","Slight",1,"Slight","Car occupant","Driver or rider","Female",27,"Unclassified","Dual carriageway",30,"Unclassified","Not a Pedestrian","Not a Pedestrian",429254,433501,"E01033015",3,"Crossroads","Daylight","Fine no high winds","Dry","Car occupant"
"8397","20171344M1248",2017-04-22,2017,"Apr",22,"16:45",16,45,"Saturday","Slight",1,"Slight","Motorcycle 125cc and under rider or passenger","Driver or rider","Male",28,"Unclassified","Single carriageway",20,NA,"Not a Pedestrian","Not a Pedestrian",431533,429883,"E01011474",2,"Not at junction or within 20 metres","Daylight","Fine no high winds","Dry","Motorcyclist and pillion"
"8398","20171344M1295",2017-04-22,2017,"Apr",22,"17:11",17,11,"Saturday","Slight",1,"Slight","Cyclist","Driver or rider","Male",33,"A","Single carriageway",30,"Unclassified","Not a Pedestrian","Not a Pedestrian",427322,437201,"E01011690",2,"T or staggered junction","Darkness - lighting unknown","Fine no high winds","Dry","Cyclist"
"8399","20171344P0751",2017-04-22,2017,"Apr",22,"18:30",18,30,"Saturday","Slight",2,"Slight","Motorcycle over 500cc rider or passenger","Driver or rider","Male",37,"A","Roundabout",30,"A","Not a Pedestrian","Not a Pedestrian",436179,427756,"E01011635",2,"Roundabout","Darkness - lighting unknown","Fine no high winds","Dry","Motorcyclist and pillion"
"8400","20171344P0751",2017-04-22,2017,"Apr",22,"18:30",18,30,"Saturday","Slight",2,"Slight","Motorcycle over 500cc rider or passenger","Passenger","Female",35,"A","Roundabout",30,"A","Not a Pedestrian","Not a Pedestrian",436179,427756,"E01011635",2,"Roundabout","Darkness - lighting unknown","Fine no high winds","Dry","Motorcyclist and pillion"
"8401","20171344M1509",2017-04-22,2017,"Apr",22,"18:47",18,47,"Saturday","Slight",1,"Slight","Pedestrian","Pedestrian","Male",24,"Unclassified","One way street",30,NA,"In carriageway, not crossing","Unknown or other",430823,434111,"E01033003",1,"Not at junction or within 20 metres","Darkness - lighting unknown","Fine no high winds","Dry","Pedestrian"
"8402","20171344N0367",2017-04-23,2017,"Apr",23,"04:50",4,50,"Sunday","Slight",1,"Slight","Cyclist","Driver or rider","Male",41,"Unclassified","Single carriageway",30,"Unclassified","Not a Pedestrian","Not a Pedestrian",428098,434518,"E01011481",2,"Crossroads","Darkness - lighting unknown","Fine no high winds","Dry","Cyclist"
"8403","20171344N0628",2017-04-23,2017,"Apr",23,"11:00",11,0,"Sunday","Serious",2,"Serious","Motorcycle over 500cc rider or passenger","Driver or rider","Male",62,"A","Single carriageway",30,NA,"Not a Pedestrian","Not a Pedestrian",439774,432432,"E01011402",2,"Not at junction or within 20 metres","Daylight","Fine no high winds","Dry","Motorcyclist and pillion"
"8404","20171344N0628",2017-04-23,2017,"Apr",23,"11:00",11,0,"Sunday","Serious",2,"Slight","Motorcycle over 500cc rider or passenger","Passenger","Female",55,"A","Single carriageway",30,NA,"Not a Pedestrian","Not a Pedestrian",439774,432432,"E01011402",2,"Not at junction or within 20 metres","Daylight","Fine no high winds","Dry","Motorcyclist and pillion"
"8405","20171344N0923",2017-04-23,2017,"Apr",23,"14:10",14,10,"Sunday","Slight",1,"Slight","Car occupant","Driver or rider","Male",42,"Unclassified","Single carriageway",60,"Unclassified","Not a Pedestrian","Not a Pedestrian",434620,441227,"E01011713",2,"Crossroads","Daylight","Fine no high winds","Dry","Car occupant"
"8406","20171344O0174",2017-04-24,2017,"Apr",24,"07:05",7,5,"Monday","Slight",1,"Slight","Car occupant","Driver or rider","Male",23,"A","Single carriageway",30,NA,"Not a Pedestrian","Not a Pedestrian",425228,437877,"E01011464",2,"Not at junction or within 20 metres","Darkness - lighting unknown","Fine no high winds","Dry","Car occupant"
"8407","20171344O1237",2017-04-24,2017,"Apr",24,"17:02",17,2,"Monday","Serious",1,"Serious","Motorcycle over 125cc and up to 500cc rider or  passenger","Driver or rider","Male",56,"A","Roundabout",30,"A","Not a Pedestrian","Not a Pedestrian",439381,432410,"E01011402",2,"Roundabout","Darkness - lighting unknown","Fine no high winds","Dry","Motorcyclist and pillion"
"8408","20171344O1255",2017-04-24,2017,"Apr",24,"17:09",17,9,"Monday","Slight",3,"Slight","Car occupant","Driver or rider","Female",34,"Unclassified","Single carriageway",30,"Unclassified","Not a Pedestrian","Not a Pedestrian",430869,435329,"E01011360",2,"Crossroads","Darkness - lighting unknown","Fine no high winds","Dry","Car occupant"
"8409","20171344O1255",2017-04-24,2017,"Apr",24,"17:09",17,9,"Monday","Slight",3,"Slight","Car occupant","Passenger","Female",15,"Unclassified","Single carriageway",30,"Unclassified","Not a Pedestrian","Not a Pedestrian",430869,435329,"E01011360",2,"Crossroads","Darkness - lighting unknown","Fine no high winds","Dry","Car occupant"
"8410","20171344O1255",2017-04-24,2017,"Apr",24,"17:09",17,9,"Monday","Slight",3,"Slight","Car occupant","Driver or rider","Male",25,"Unclassified","Single carriageway",30,"Unclassified","Not a Pedestrian","Not a Pedestrian",430869,435329,"E01011360",2,"Crossroads","Darkness - lighting unknown","Fine no high winds","Dry","Car occupant"
"8411","20171344P1127",2017-04-25,2017,"Apr",25,"16:00",16,0,"Tuesday","Slight",1,"Slight","Pedestrian","Pedestrian","Female",24,"Unclassified","Single carriageway",30,NA,"In carriageway, crossing elsewhere","Crossing from driver's offside",429825,432963,"E01033015",1,"Not at junction or within 20 metres","Daylight","Fine no high winds","Dry","Pedestrian"
"8412","20171344P1178",2017-04-25,2017,"Apr",25,"16:45",16,45,"Tuesday","Slight",2,"Slight","Car occupant","Passenger","Male",42,"Unclassified","Single carriageway",30,NA,"Not a Pedestrian","Not a Pedestrian",433190,433142,"E01011621",2,"Not at junction or within 20 metres","Daylight","Fine no high winds","Dry","Car occupant"
"8413","20171344P1178",2017-04-25,2017,"Apr",25,"16:45",16,45,"Tuesday","Slight",2,"Slight","Car occupant","Passenger","Female",13,"Unclassified","Single carriageway",30,NA,"Not a Pedestrian","Not a Pedestrian",433190,433142,"E01011621",2,"Not at junction or within 20 metres","Daylight","Fine no high winds","Dry","Car occupant"
"8414","20171344P1195",2017-04-25,2017,"Apr",25,"16:50",16,50,"Tuesday","Slight",1,"Slight","Car occupant","Passenger","Male",20,"A","Dual carriageway",60,NA,"Not a Pedestrian","Not a Pedestrian",422801,437421,"E01011452",2,"Not at junction or within 20 metres","Darkness - lights lit","Fine no high winds","Dry","Car occupant"
"8415","20171344Q0271",2017-04-26,2017,"Apr",26,"07:30",7,30,"Wednesday","Serious",1,"Serious","Cyclist","Driver or rider","Male",13,"Unclassified","Single carriageway",30,"A","Not a Pedestrian","Not a Pedestrian",432937,426585,"E01032496",2,"T or staggered junction","Darkness - lighting unknown","Fine no high winds","Dry","Cyclist"
"8416","20171344Q0210",2017-04-26,2017,"Apr",26,"07:41",7,41,"Wednesday","Slight",1,"Slight","Car occupant","Driver or rider","Female",30,"Unclassified","Single carriageway",30,"Unclassified","Not a Pedestrian","Not a Pedestrian",425621,428582,"E01011532",2,"T or staggered junction","Daylight","Fine no high winds","Dry","Car occupant"
"8417","20171344Q1084",2017-04-26,2017,"Apr",26,"15:50",15,50,"Wednesday","Slight",1,"Slight","Pedestrian","Pedestrian","Male",13,"B","Single carriageway",30,NA,"In carriageway, crossing elsewhere","Crossing from nearside - masked by parked or stationary vehicle",427614,433001,"E01011362",2,"Not at junction or within 20 metres","Daylight","Fine no high winds","Dry","Pedestrian"
"8418","20171344Q1497",2017-04-26,2017,"Apr",26,"19:18",19,18,"Wednesday","Slight",1,"Slight","Car occupant","Driver or rider","Female",50,"Unclassified","Single carriageway",30,"Unclassified","Not a Pedestrian","Not a Pedestrian",432209,438093,"E01011654",2,"Crossroads","Darkness - lighting unknown","Fine no high winds","Dry","Car occupant"
"8419","20171344R0257",2017-04-27,2017,"Apr",27,"08:16",8,16,"Thursday","Slight",1,"Slight","Cyclist","Driver or rider","Male",33,"Unclassified","Single carriageway",30,"Unclassified","Not a Pedestrian","Not a Pedestrian",428849,440085,"E01011554",2,"T or staggered junction","Daylight","Fine no high winds","Wet or damp","Cyclist"
"8420","20171344R0287",2017-04-27,2017,"Apr",27,"08:31",8,31,"Thursday","Slight",2,"Slight","Car occupant","Driver or rider","Male",39,"Motorway","Dual carriageway",70,NA,"Not a Pedestrian","Not a Pedestrian",432040,426285,"E01011499",2,"Not at junction or within 20 metres","Daylight","Fine no high winds","Dry","Car occupant"
"8421","20171344R0287",2017-04-27,2017,"Apr",27,"08:31",8,31,"Thursday","Slight",2,"Slight","Car occupant","Driver or rider","Male",51,"Motorway","Dual carriageway",70,NA,"Not a Pedestrian","Not a Pedestrian",432040,426285,"E01011499",2,"Not at junction or within 20 metres","Daylight","Fine no high winds","Dry","Car occupant"
"8422","20171344R0745",2017-04-27,2017,"Apr",27,"13:00",13,0,"Thursday","Slight",1,"Slight","Bus or coach occupant (17 or more pass seats)","Passenger","Female",75,"A","Single carriageway",30,"Unclassified","Not a Pedestrian","Not a Pedestrian",429387,434940,"E01033005",1,"T or staggered junction","Daylight","Fine no high winds","Dry","Bus and goods vehicle occupant"
"8423","20171344R1166",2017-04-27,2017,"Apr",27,"16:41",16,41,"Thursday","Slight",1,"Slight","Cyclist","Driver or rider","Male",38,"Unclassified","Single carriageway",30,"Unclassified","Not a Pedestrian","Not a Pedestrian",426946,432850,"E01011729",2,"T or staggered junction","Daylight","Fine no high winds","Dry","Cyclist"
"8424","20171344R1463",2017-04-27,2017,"Apr",27,"19:00",19,0,"Thursday","Slight",1,"Slight","Car occupant","Driver or rider","Male",27,"Unclassified","Single carriageway",30,"Unclassified","Not a Pedestrian","Not a Pedestrian",429492,432910,"E01033015",2,"T or staggered junction","Darkness - lighting unknown","Fine no high winds","Dry","Car occupant"
"8425","20171344R1554",2017-04-27,2017,"Apr",27,"19:10",19,10,"Thursday","Slight",1,"Slight","Bus or coach occupant (17 or more pass seats)","Passenger","Female",41,"Unclassified","Single carriageway",30,"Unclassified","Not a Pedestrian","Not a Pedestrian",430071,433947,"E01033010",1,"Crossroads","Darkness - lighting unknown","Fine no high winds","Dry","Bus and goods vehicle occupant"
"8426","20171344R1802",2017-04-27,2017,"Apr",27,"22:30",22,30,"Thursday","Slight",4,"Slight","Car occupant","Driver or rider","Male",18,"Unclassified","Single carriageway",60,NA,"Not a Pedestrian","Not a Pedestrian",437512,431954,"E01011411",1,"Not at junction or within 20 metres","Darkness - no lighting","Fine no high winds","Dry","Car occupant"
"8427","20171344R1802",2017-04-27,2017,"Apr",27,"22:30",22,30,"Thursday","Slight",4,"Slight","Car occupant","Passenger","Female",19,"Unclassified","Single carriageway",60,NA,"Not a Pedestrian","Not a Pedestrian",437512,431954,"E01011411",1,"Not at junction or within 20 metres","Darkness - no lighting","Fine no high winds","Dry","Car occupant"
"8428","20171344R1802",2017-04-27,2017,"Apr",27,"22:30",22,30,"Thursday","Slight",4,"Slight","Car occupant","Passenger","Male",18,"Unclassified","Single carriageway",60,NA,"Not a Pedestrian","Not a Pedestrian",437512,431954,"E01011411",1,"Not at junction or within 20 metres","Darkness - no lighting","Fine no high winds","Dry","Car occupant"