"","accident_index","date","year","month","day","time","time_hour","time_minute","day_of_week","accident_severity","number_of_casualties","casualty_severity","casualty_type","casualty_class","sex_of_casualty","age_of_casualty","first_road_class","road_type","speed_limit","second_road_class","pedestrian_location","pedestrian_movement","location_easting_osgr","location_northing_osgr","lsoa_of_accident_location","number_of_vehicles","junction_detail","light_conditions","weather_conditions","road_surface_conditions","cas_type"
"8429","20171344R1802",2017-04-27,2017,"Apr",27,"22:30",22,30,"Thursday","Slight",4,"Slight","Car occupant","Passenger","Female",17,"Unclassified","Single carriageway",60,NA,"Not a Pedestrian","Not a Pedestrian",437512,431954,"E01011411",1,"Not at junction or within 20 metres","Darkness - no lighting","Fine no high winds","Dry","Car occupant"
"8430","20171344S0270",2017-04-28,2017,"Apr",28,"08:05",8,5,"Friday","Slight",1,"Slight","Taxi/Private hire car occupant","Driver or rider","Male",34,"Unclassified","Single carriageway",30,NA,"Not a Pedestrian","Not a Pedestrian",432460,433906,"E01011348",2,"Not at junction or within 20 metres","Daylight","Fine no high winds","Dry","Car occupant"
"8431","20171344S0656",2017-04-28,2017,"Apr",28,"09:02",9,2,"Friday","Slight",1,"Slight","Bus or coach occupant (17 or more pass seats)","Passenger","Female",51,"A","Single carriageway",30,"Unclassified","Not a Pedestrian","Not a Pedestrian",430865,434169,"E01033031",2,"Private drive or entrance","Daylight","Fine no high winds","Dry","Bus and goods vehicle occupant"
"8432","20171344S0337",2017-04-28,2017,"Apr",28,"09:06",9,6,"Friday","Slight",1,"Slight","Goods vehicle (over 3.5t. and under 7.5t.) occupant","Driver or rider","Female",48,"Unclassified","Single carriageway",60,NA,"Not a Pedestrian","Not a Pedestrian",422251,443530,"E01032503",2,"Not at junction or within 20 metres","Daylight","Fine no high winds","Dry","Bus and goods vehicle occupant"
"8433","20171344S0438",2017-04-28,2017,"Apr",28,"10:20",10,20,"Friday","Slight",1,"Slight","Van / Goods vehicle (3.5 tonnes mgw or under) occupant","Driver or rider","Male",56,"Motorway","Dual carriageway",70,NA,"Not a Pedestrian","Not a Pedestrian",433645,425843,"E01011500",2,"Not at junction or within 20 metres","Daylight","Fine no high winds","Dry","Bus and goods vehicle occupant"
"8434","20171344S0958",2017-04-28,2017,"Apr",28,"14:57",14,57,"Friday","Slight",1,"Slight","Car occupant","Driver or rider","Female",57,"Unclassified","Unknown",30,"Unclassified","Not a Pedestrian","Not a Pedestrian",421622,434072,"E01011587",2,"T or staggered junction","Daylight","Fine no high winds","Dry","Car occupant"
"8435","2017134520706",2017-04-28,2017,"Apr",28,"15:30",15,30,"Friday","Serious",1,"Serious","Pedestrian","Pedestrian","Male",40,"Unclassified","Single carriageway",30,NA,"Unknown or other","Unknown or other",432479,438757,"E01011653",1,"Not at junction or within 20 metres","Daylight","Fine no high winds","Dry","Pedestrian"
"8436","20171344S1163",2017-04-28,2017,"Apr",28,"16:24",16,24,"Friday","Slight",4,"Slight","Car occupant","Driver or rider","Male",29,"Unclassified","Single carriageway",30,"Unclassified","Not a Pedestrian","Not a Pedestrian",432381,434684,"E01011344",2,"T or staggered junction","Daylight","Fine no high winds","Dry","Car occupant"
"8437","20171344S1163",2017-04-28,2017,"Apr",28,"16:24",16,24,"Friday","Slight",4,"Slight","Car occupant","Passenger","Female",2,"Unclassified","Single carriageway",30,"Unclassified","Not a Pedestrian","Not a Pedestrian",432381,434684,"E01011344",2,"T or staggered junction","Daylight","Fine no high winds","Dry","Car occupant"
"8438","20171344S1163",2017-04-28,2017,"Apr",28,"16:24",16,24,"Friday","Slight",4,"Slight","Car occupant","Passenger","Male",1,"Unclassified","Single carriageway",30,"Unclassified","Not a Pedestrian","Not a Pedestrian",432381,434684,"E01011344",2,"T or staggered junction","Daylight","Fine no high winds","Dry","Car occupant"
"8439","20171344S1163",2017-04-28,2017,"Apr",28,"16:24",16,24,"Friday","Slight",4,"Slight","Car occupant","Driver or rider","Male",28,"Unclassified","Single carriageway",30,"Unclassified","Not a Pedestrian","Not a Pedestrian",432381,434684,"E01011344",2,"T or staggered junction","Daylight","Fine no high winds","Dry","Car occupant"
"8440","2017134580539",2017-04-28,2017,"Apr",28,"20:30",20,30,"Friday","Slight",1,"Slight","Pedestrian","Pedestrian","Male",24,"A","Unknown",30,NA,"Unknown or other","Unknown or other",421360,440488,"E01011578",1,"Not at junction or within 20 metres","Darkness - lighting unknown","Fine no high winds","Dry","Pedestrian"
"8441","20171344T0545",2017-04-29,2017,"Apr",29,"09:54",9,54,"Saturday","Slight",1,"Slight","Car occupant","Driver or rider","Female",62,"Unclassified","Single carriageway",30,NA,"Not a Pedestrian","Not a Pedestrian",426831,437312,"E01011685",2,"Not at junction or within 20 metres","Daylight","Fine no high winds","Dry","Car occupant"
"8442","20171344T1292",2017-04-29,2017,"Apr",29,"16:52",16,52,"Saturday","Fatal",1,"Fatal","Pedestrian","Pedestrian","Male",4,"Unclassified","Single carriageway",30,"Unclassified","Crossing on pedestrian crossing facility","Crossing from driver's offside",430955,435807,"E01011360",1,"Crossroads","Daylight","Fine no high winds","Dry","Pedestrian"
"8443","20171344U0094",2017-04-30,2017,"Apr",30,"01:00",1,0,"Sunday","Slight",1,"Slight","Car occupant","Passenger","Female",18,"A","Single carriageway",30,NA,"Not a Pedestrian","Not a Pedestrian",431595,435238,"E01011429",2,"Not at junction or within 20 metres","Darkness - lights lit","Fine no high winds","Wet or damp","Car occupant"
"8444","20171344U1012",2017-04-30,2017,"Apr",30,"15:00",15,0,"Sunday","Slight",2,"Slight","Car occupant","Driver or rider","Female",21,"Unclassified","Single carriageway",30,"Unclassified","Not a Pedestrian","Not a Pedestrian",421730,440794,"E01011580",3,"T or staggered junction","Daylight","Fine no high winds","Dry","Car occupant"
"8445","20171344U1012",2017-04-30,2017,"Apr",30,"15:00",15,0,"Sunday","Slight",2,"Slight","Car occupant","Passenger","Female",20,"Unclassified","Single carriageway",30,"Unclassified","Not a Pedestrian","Not a Pedestrian",421730,440794,"E01011580",3,"T or staggered junction","Daylight","Fine no high winds","Dry","Car occupant"
"8446","20171344U1597",2017-04-30,2017,"Apr",30,"19:49",19,49,"Sunday","Serious",1,"Serious","Motorcycle over 500cc rider or passenger","Driver or rider","Male",17,"A","Dual carriageway",40,NA,"Not a Pedestrian","Not a Pedestrian",431035,432152,"E01011467",2,"Not at junction or within 20 metres","Darkness - lighting unknown","Fine no high winds","Dry","Motorcyclist and pillion"
"8447","2017134510767",2017-04-30,2017,"Apr",30,"20:00",20,0,"Sunday","Slight",1,"Slight","Taxi/Private hire car occupant","Passenger","Female",20,"Unclassified","Single carriageway",20,NA,"Not a Pedestrian","Not a Pedestrian",427488,435271,"E01011479",1,"Not at junction or within 20 metres","Darkness - lighting unknown","Fine no high winds","Dry","Car occupant"
"8448","20171344U1769",2017-04-30,2017,"Apr",30,"21:42",21,42,"Sunday","Slight",1,"Slight","Pedestrian","Pedestrian","Female",38,"Unclassified","One way street",30,NA,"Crossing on pedestrian crossing facility","Crossing from driver's offside",429845,433435,"E01033016",1,"Not at junction or within 20 metres","Darkness - lights lit","Fine no high winds","Dry","Pedestrian"
"8449","2017134510222",2017-05-01,2017,"May",1,"03:15",3,15,"Monday","Slight",1,"Slight","Car occupant","Driver or rider","Female",21,"A","Single carriageway",60,NA,"Not a Pedestrian","Not a Pedestrian",423148,428001,"E01011529",2,"Not at junction or within 20 metres","Darkness - lights lit","Fine no high winds","Dry","Car occupant"
"8450","2017134511048",2017-05-01,2017,"May",1,"14:40",14,40,"Monday","Serious",1,"Serious","Motorcycle over 500cc rider or passenger","Driver or rider","Male",21,"Unclassified","Single carriageway",30,"Unclassified","Not a Pedestrian","Not a Pedestrian",425386,433388,"E01011725",2,"T or staggered junction","Daylight","Fine no high winds","Dry","Motorcyclist and pillion"
"8451","2017134511866",2017-05-01,2017,"May",1,"21:35",21,35,"Monday","Slight",1,"Slight","Car occupant","Driver or rider","Male",31,"A(M)","Dual carriageway",40,NA,"Not a Pedestrian","Not a Pedestrian",429419,433890,"E01033008",1,"Not at junction or within 20 metres","Darkness - lights lit","Fine no high winds","Dry","Car occupant"
"8452","2017134511921",2017-05-01,2017,"May",1,"22:00",22,0,"Monday","Slight",1,"Slight","Car occupant","Driver or rider","Male",31,"Unclassified","Single carriageway",30,"Unclassified","Not a Pedestrian","Not a Pedestrian",430981,434453,"E01033003",2,"T or staggered junction","Darkness - lighting unknown","Fine no high winds","Dry","Car occupant"
"8453","2017134520012",2017-05-02,2017,"May",2,"00:06",0,6,"Tuesday","Slight",1,"Slight","Car occupant","Driver or rider","Male",21,"A","Dual carriageway",40,"Unclassified","Not a Pedestrian","Not a Pedestrian",431771,435539,"E01011429",2,"Crossroads","Darkness - lights lit","Fine no high winds","Dry","Car occupant"
"8454","2017134520310",2017-05-02,2017,"May",2,"08:25",8,25,"Tuesday","Slight",1,"Slight","Pedestrian","Pedestrian","Female",50,"Unclassified","Single carriageway",30,NA,"In carriageway, not crossing","In carriageway, stationary - not crossing  (standing or playing)",424327,439021,"E01011459",2,"Not at junction or within 20 metres","Daylight","Fine no high winds","Dry","Pedestrian"
"8455","2017134520313",2017-05-02,2017,"May",2,"08:30",8,30,"Tuesday","Slight",1,"Slight","Cyclist","Driver or rider","Male",29,"Unclassified","Single carriageway",30,"Unclassified","Not a Pedestrian","Not a Pedestrian",429674,433030,"E01033015",2,"T or staggered junction","Daylight","Fine no high winds","Dry","Cyclist"
"8456","2017134520396",2017-05-02,2017,"May",2,"09:30",9,30,"Tuesday","Serious",1,"Serious","Car occupant","Passenger","Female",55,"Unclassified","Single carriageway",30,"Unclassified","Not a Pedestrian","Not a Pedestrian",431419,434088,"E01033035",2,"Crossroads","Daylight","Fine no high winds","Dry","Car occupant"
"8457","2017134520998",2017-05-02,2017,"May",2,"15:10",15,10,"Tuesday","Serious",1,"Serious","Pedestrian","Pedestrian","Female",11,"B","Single carriageway",30,"Unclassified","In carriageway, not crossing","In carriageway, stationary - not crossing  (standing or playing)",420155,445827,"E01011584",1,"T or staggered junction","Daylight","Fine no high winds","Dry","Pedestrian"
"8458","2017134521440",2017-05-02,2017,"May",2,"16:20",16,20,"Tuesday","Slight",1,"Slight","Bus or coach occupant (17 or more pass seats)","Passenger","Female",87,"Unclassified","Single carriageway",30,NA,"Not a Pedestrian","Not a Pedestrian",436338,434705,"E01011408",1,"Not at junction or within 20 metres","Daylight","Fine no high winds","Dry","Bus and goods vehicle occupant"
"8459","2017134521345",2017-05-02,2017,"May",2,"18:00",18,0,"Tuesday","Slight",1,"Slight","Motorcycle over 500cc rider or passenger","Driver or rider","Male",19,"A","Single carriageway",30,NA,"Not a Pedestrian","Not a Pedestrian",418755,442128,"E01011265",1,"Not at junction or within 20 metres","Darkness - lighting unknown","Fine no high winds","Dry","Motorcyclist and pillion"
"8460","2017134521529",2017-05-02,2017,"May",2,"19:35",19,35,"Tuesday","Slight",1,"Slight","Cyclist","Driver or rider","Male",8,"Unclassified","Single carriageway",30,NA,"Not a Pedestrian","Not a Pedestrian",429776,435223,"E01011670",2,"Not at junction or within 20 metres","Darkness - lighting unknown","Fine no high winds","Dry","Cyclist"
"8461","2017134530098",2017-05-03,2017,"May",3,"01:34",1,34,"Wednesday","Slight",1,"Slight","Car occupant","Driver or rider","Male",26,"Unclassified","Single carriageway",30,"Unclassified","Not a Pedestrian","Not a Pedestrian",429593,435398,"E01011670",2,"T or staggered junction","Darkness - lights lit","Fine no high winds","Dry","Car occupant"
"8462","2017134530360",2017-05-03,2017,"May",3,"07:50",7,50,"Wednesday","Slight",1,"Slight","Car occupant","Driver or rider","Male",25,"Unclassified","Single carriageway",30,NA,"Not a Pedestrian","Not a Pedestrian",426372,437940,"E01011687",2,"Not at junction or within 20 metres","Daylight","Fine no high winds","Dry","Car occupant"
"8463","2017134530618",2017-05-03,2017,"May",3,"11:25",11,25,"Wednesday","Slight",1,"Slight","Motorcycle 125cc and under rider or passenger","Driver or rider","Male",19,"Unclassified","Single carriageway",30,"Unclassified","Not a Pedestrian","Not a Pedestrian",430002,427803,"E01011494",2,"T or staggered junction","Daylight","Fine no high winds","Wet or damp","Motorcyclist and pillion"
"8464","2017134530736",2017-05-03,2017,"May",3,"12:27",12,27,"Wednesday","Slight",1,"Slight","Bus or coach occupant (17 or more pass seats)","Passenger","Male",82,"A","One way street",40,"Motorway","Not a Pedestrian","Not a Pedestrian",431969,430307,"E01011469",2,"Roundabout","Daylight","Fine no high winds","Dry","Bus and goods vehicle occupant"
"8465","2017134590564",2017-05-03,2017,"May",3,"14:55",14,55,"Wednesday","Slight",1,"Slight","Car occupant","Driver or rider","Female",29,"Unclassified","Single carriageway",20,NA,"Not a Pedestrian","Not a Pedestrian",435009,435982,"E01011664",2,"Not at junction or within 20 metres","Daylight","Fine no high winds","Dry","Car occupant"
"8466","2017134531116",2017-05-03,2017,"May",3,"15:16",15,16,"Wednesday","Slight",1,"Slight","Car occupant","Driver or rider","Female",63,"Unclassified","Single carriageway",30,NA,"Not a Pedestrian","Not a Pedestrian",429199,433851,"E01011678",1,"Not at junction or within 20 metres","Daylight","Fine no high winds","Dry","Car occupant"
"8467","2017134531154",2017-05-03,2017,"May",3,"15:31",15,31,"Wednesday","Slight",1,"Slight","Bus or coach occupant (17 or more pass seats)","Passenger","Female",74,"A","Single carriageway",30,NA,"Not a Pedestrian","Not a Pedestrian",424338,435319,"E01011331",1,"Not at junction or within 20 metres","Daylight","Fine no high winds","Dry","Bus and goods vehicle occupant"
"8468","2017134540961",2017-05-03,2017,"May",3,"15:40",15,40,"Wednesday","Slight",1,"Slight","Car occupant","Driver or rider","Male",26,"A","One way street",30,"A","Not a Pedestrian","Not a Pedestrian",430126,432863,"E01033016",2,"Crossroads","Daylight","Fine no high winds","Dry","Car occupant"
"8469","2017134531870",2017-05-03,2017,"May",3,"21:00",21,0,"Wednesday","Slight",1,"Slight","Motorcycle 125cc and under rider or passenger","Driver or rider","Female",29,"Unclassified","Single carriageway",30,NA,"Not a Pedestrian","Not a Pedestrian",424612,435112,"E01011336",2,"Not at junction or within 20 metres","Darkness - lighting unknown","Fine no high winds","Dry","Motorcyclist and pillion"
"8470","2017134540258",2017-05-04,2017,"May",4,"07:53",7,53,"Thursday","Slight",1,"Slight","Cyclist","Driver or rider","Male",10,"Unclassified","Single carriageway",30,"Unclassified","Not a Pedestrian","Not a Pedestrian",425412,434438,"E01011283",2,"T or staggered junction","Daylight","Fine no high winds","Dry","Cyclist"
"8471","2017134540461",2017-05-04,2017,"May",4,"10:25",10,25,"Thursday","Slight",1,"Slight","Pedestrian","Pedestrian","Female",86,"Unclassified","Unknown",30,NA,"On footway or verge","Unknown or other",436767,434233,"E01011412",1,"Not at junction or within 20 metres","Daylight","Fine no high winds","Dry","Pedestrian"
"8472","2017134541280",2017-05-04,2017,"May",4,"15:40",15,40,"Thursday","Slight",1,"Slight","Bus or coach occupant (17 or more pass seats)","Passenger","Male",1,"A","Dual carriageway",40,NA,"Not a Pedestrian","Not a Pedestrian",432016,433574,"E01011623",1,"Not at junction or within 20 metres","Daylight","Fine no high winds","Dry","Bus and goods vehicle occupant"
"8473","2017134541258",2017-05-04,2017,"May",4,"16:50",16,50,"Thursday","Slight",1,"Slight","Motorcycle over 125cc and up to 500cc rider or  passenger","Driver or rider","Male",47,"A","Dual carriageway",40,"Unclassified","Not a Pedestrian","Not a Pedestrian",430624,434659,"E01011671",2,"Crossroads","Daylight","Fine no high winds","Dry","Motorcyclist and pillion"
"8474","2017134541382",2017-05-04,2017,"May",4,"17:45",17,45,"Thursday","Serious",1,"Serious","Motorcycle over 125cc and up to 500cc rider or  passenger","Driver or rider","Male",40,"Unclassified","Single carriageway",30,"Unclassified","Not a Pedestrian","Not a Pedestrian",428929,432434,"E01033013",2,"T or staggered junction","Darkness - lighting unknown","Fine no high winds","Dry","Motorcyclist and pillion"
"8475","2017134541367",2017-05-04,2017,"May",4,"17:55",17,55,"Thursday","Slight",1,"Slight","Car occupant","Passenger","Male",1,"Unclassified","Single carriageway",20,NA,"Not a Pedestrian","Not a Pedestrian",429136,429898,"E01011320",1,"Not at junction or within 20 metres","Darkness - lighting unknown","Fine no high winds","Dry","Car occupant"
"8476","2017134541733",2017-05-04,2017,"May",4,"20:36",20,36,"Thursday","Slight",1,"Slight","Car occupant","Driver or rider","Male",24,"Unclassified","Single carriageway",30,NA,"Not a Pedestrian","Not a Pedestrian",425962,436979,"E01011484",2,"Not at junction or within 20 metres","Darkness - lighting unknown","Fine no high winds","Dry","Car occupant"
"8477","2017134550298",2017-05-05,2017,"May",5,"07:46",7,46,"Friday","Slight",1,"Slight","Cyclist","Driver or rider","Male",29,"Unclassified","Single carriageway",30,"A","Not a Pedestrian","Not a Pedestrian",425165,437877,"E01011464",2,"Roundabout","Daylight","Fine no high winds","Dry","Cyclist"
"8478","2017134550283",2017-05-05,2017,"May",5,"08:16",8,16,"Friday","Slight",1,"Slight","Motorcycle 50cc and under rider or passenger","Driver or rider","Female",23,"Unclassified","Single carriageway",30,"Unclassified","Not a Pedestrian","Not a Pedestrian",430311,435038,"E01011671",2,"T or staggered junction","Daylight","Fine no high winds","Dry","Motorcyclist and pillion"
"8479","2017134550477",2017-05-05,2017,"May",5,"09:15",9,15,"Friday","Slight",2,"Slight","Bus or coach occupant (17 or more pass seats)","Passenger","Female",18,"A","Single carriageway",30,NA,"Not a Pedestrian","Not a Pedestrian",427608,433720,"E01011284",2,"Not at junction or within 20 metres","Daylight","Fine no high winds","Dry","Bus and goods vehicle occupant"
"8480","2017134550477",2017-05-05,2017,"May",5,"09:15",9,15,"Friday","Slight",2,"Slight","Bus or coach occupant (17 or more pass seats)","Passenger","Female",38,"A","Single carriageway",30,NA,"Not a Pedestrian","Not a Pedestrian",427608,433720,"E01011284",2,"Not at junction or within 20 metres","Daylight","Fine no high winds","Dry","Bus and goods vehicle occupant"
"8481","2017134550947",2017-05-05,2017,"May",5,"14:25",14,25,"Friday","Slight",1,"Slight","Car occupant","Driver or rider","Male",48,"Unclassified","Single carriageway",30,"Unclassified","Not a Pedestrian","Not a Pedestrian",426431,433301,"E01032607",2,"Crossroads","Daylight","Fine no high winds","Dry","Car occupant"
"8482","2017134551392",2017-05-05,2017,"May",5,"17:10",17,10,"Friday","Slight",1,"Slight","Car occupant","Driver or rider","Female",23,"Unclassified","Single carriageway",30,"Unclassified","Not a Pedestrian","Not a Pedestrian",431616,426342,"E01011499",2,"T or staggered junction","Darkness - lighting unknown","Fine no high winds","Dry","Car occupant"
"8483","2017134551562",2017-05-05,2017,"May",5,"18:32",18,32,"Friday","Slight",1,"Slight","Pedestrian","Pedestrian","Male",11,"Unclassified","Single carriageway",30,"Unclassified","In carriageway, not crossing","In carriageway, stationary - not crossing  (standing or playing)",420656,436869,"E01011589",1,"T or staggered junction","Darkness - lighting unknown","Fine no high winds","Dry","Pedestrian"
"8484","2017134551577",2017-05-05,2017,"May",5,"18:40",18,40,"Friday","Slight",2,"Slight","Car occupant","Passenger","Male",16,"Unclassified","Single carriageway",30,NA,"Not a Pedestrian","Not a Pedestrian",428181,436719,"E01011692",1,"Not at junction or within 20 metres","Darkness - lighting unknown","Fine no high winds","Dry","Car occupant"
"8485","2017134551577",2017-05-05,2017,"May",5,"18:40",18,40,"Friday","Slight",2,"Slight","Car occupant","Passenger","Female",47,"Unclassified","Single carriageway",30,NA,"Not a Pedestrian","Not a Pedestrian",428181,436719,"E01011692",1,"Not at junction or within 20 metres","Darkness - lighting unknown","Fine no high winds","Dry","Car occupant"
"8486","2017134551917",2017-05-05,2017,"May",5,"18:50",18,50,"Friday","Slight",1,"Slight","Bus or coach occupant (17 or more pass seats)","Passenger","Female",48,"Unclassified","Single carriageway",30,NA,"Not a Pedestrian","Not a Pedestrian",426596,433502,"E01032607",1,"Not at junction or within 20 metres","Darkness - lighting unknown","Fine no high winds","Dry","Bus and goods vehicle occupant"
"8487","2017134551669",2017-05-05,2017,"May",5,"19:15",19,15,"Friday","Slight",1,"Slight","Car occupant","Driver or rider","Female",49,"Unclassified","Single carriageway",30,NA,"Not a Pedestrian","Not a Pedestrian",431570,435558,"E01011429",2,"Not at junction or within 20 metres","Darkness - lighting unknown","Fine no high winds","Dry","Car occupant"
"8488","2017134551819",2017-05-05,2017,"May",5,"20:40",20,40,"Friday","Slight",1,"Slight","Car occupant","Driver or rider","Male",67,"Motorway","Dual carriageway",70,NA,"Not a Pedestrian","Not a Pedestrian",431905,428055,"E01011490",1,"Not at junction or within 20 metres","Darkness - lighting unknown","Fine no high winds","Dry","Car occupant"
"8489","2017134560901",2017-05-06,2017,"May",6,"13:51",13,51,"Saturday","Slight",1,"Slight","Car occupant","Passenger","Male",11,"Unclassified","Single carriageway",30,NA,"Not a Pedestrian","Not a Pedestrian",440841,431091,"E01011300",2,"Not at junction or within 20 metres","Daylight","Fine no high winds","Dry","Car occupant"
"8490","2017134561717",2017-05-06,2017,"May",6,"20:50",20,50,"Saturday","Serious",1,"Serious","Car occupant","Driver or rider","Male",21,"Unclassified","Single carriageway",20,NA,"Not a Pedestrian","Not a Pedestrian",428866,432369,"E01033013",2,"Not at junction or within 20 metres","Darkness - lighting unknown","Fine no high winds","Dry","Car occupant"
"8491","2017134570372",2017-05-07,2017,"May",7,"06:10",6,10,"Sunday","Slight",1,"Slight","Car occupant","Driver or rider","Female",39,"Motorway","Dual carriageway",70,NA,"Not a Pedestrian","Not a Pedestrian",430262,426449,"E01011538",2,"Not at junction or within 20 metres","Darkness - lighting unknown","Fine no high winds","Dry","Car occupant"
"8492","2017134591552",2017-05-08,2017,"May",8,"12:20",12,20,"Monday","Slight",1,"Slight","Car occupant","Driver or rider","Male",20,"B","Single carriageway",30,NA,"Not a Pedestrian","Not a Pedestrian",426166,435514,"E01011477",2,"Not at junction or within 20 metres","Daylight","Fine no high winds","Dry","Car occupant"
"8493","2017134590278",2017-05-09,2017,"May",9,"08:02",8,2,"Tuesday","Slight",1,"Slight","Motorcycle over 500cc rider or passenger","Driver or rider","Male",54,"A","Single carriageway",30,"Unclassified","Not a Pedestrian","Not a Pedestrian",432745,429200,"E01011496",1,"T or staggered junction","Daylight","Fine no high winds","Dry","Motorcyclist and pillion"
"8494","2017134591317",2017-05-09,2017,"May",9,"17:25",17,25,"Tuesday","Slight",1,"Slight","Car occupant","Driver or rider","Male",29,"Motorway","Dual carriageway",70,NA,"Not a Pedestrian","Not a Pedestrian",434803,425892,"E01011636",3,"Not at junction or within 20 metres","Darkness - lighting unknown","Fine no high winds","Dry","Car occupant"
"8495","2017134591438",2017-05-09,2017,"May",9,"18:22",18,22,"Tuesday","Slight",1,"Slight","Cyclist","Driver or rider","Male",42,"Unclassified","Single carriageway",30,"Unclassified","Not a Pedestrian","Not a Pedestrian",428333,435747,"E01011442",2,"T or staggered junction","Darkness - lighting unknown","Fine no high winds","Dry","Cyclist"
"8496","2017134591496",2017-05-09,2017,"May",9,"18:46",18,46,"Tuesday","Slight",1,"Slight","Cyclist","Driver or rider","Male",48,"A","Single carriageway",30,NA,"Not a Pedestrian","Not a Pedestrian",427983,436040,"E01011440",2,"Not at junction or within 20 metres","Darkness - lighting unknown","Fine no high winds","Dry","Cyclist"
"8497","2017134591649",2017-05-09,2017,"May",9,"19:55",19,55,"Tuesday","Slight",2,"Slight","Car occupant","Driver or rider","Female",24,"A","Single carriageway",40,"Unclassified","Not a Pedestrian","Not a Pedestrian",436176,427382,"E01011635",2,"T or staggered junction","Darkness - lighting unknown","Fine no high winds","Dry","Car occupant"
"8498","2017134591649",2017-05-09,2017,"May",9,"19:55",19,55,"Tuesday","Slight",2,"Slight","Car occupant","Driver or rider","Male",49,"A","Single carriageway",40,"Unclassified","Not a Pedestrian","Not a Pedestrian",436176,427382,"E01011635",2,"T or staggered junction","Darkness - lighting unknown","Fine no high winds","Dry","Car occupant"
"8499","20171345A0163",2017-05-10,2017,"May",10,"06:15",6,15,"Wednesday","Serious",1,"Serious","Cyclist","Driver or rider","Male",58,"Unclassified","Single carriageway",30,"Unclassified","Not a Pedestrian","Not a Pedestrian",425109,436682,"E01032493",2,"T or staggered junction","Darkness - lighting unknown","Fine no high winds","Dry","Cyclist"
"8500","20171345A0189",2017-05-10,2017,"May",10,"06:55",6,55,"Wednesday","Slight",1,"Slight","Motorcycle over 500cc rider or passenger","Driver or rider","Male",23,"Unclassified","Roundabout",30,"Unclassified","Not a Pedestrian","Not a Pedestrian",431292,432112,"E01011467",2,"Roundabout","Darkness - lighting unknown","Fine no high winds","Dry","Motorcyclist and pillion"
"8501","20171345A1054",2017-05-10,2017,"May",10,"15:00",15,0,"Wednesday","Slight",1,"Slight","Cyclist","Driver or rider","Male",13,"B","Single carriageway",30,"Unclassified","Not a Pedestrian","Not a Pedestrian",441345,430973,"E01011301",2,"T or staggered junction","Daylight","Fine no high winds","Dry","Cyclist"
"8502","20171345B0538",2017-05-11,2017,"May",11,"07:45",7,45,"Thursday","Slight",1,"Slight","Pedestrian","Pedestrian","Male",16,"A","Dual carriageway",40,NA,"Crossing elsewhere within 50m. of pedestrian crossing","Unknown or other",432073,435855,"E01011427",1,"Not at junction or within 20 metres","Daylight","Fine no high winds","Dry","Pedestrian"
"8503","20171345B0348",2017-05-11,2017,"May",11,"07:50",7,50,"Thursday","Slight",1,"Slight","Car occupant","Passenger","Female",9,"Unclassified","Single carriageway",30,"Unclassified","Not a Pedestrian","Not a Pedestrian",420804,436820,"E01011589",2,"Crossroads","Daylight","Fine no high winds","Dry","Car occupant"
"8504","20171345B1107",2017-05-11,2017,"May",11,"15:27",15,27,"Thursday","Serious",1,"Serious","Car occupant","Driver or rider","Female",24,"Unclassified","Single carriageway",30,NA,"Not a Pedestrian","Not a Pedestrian",426864,432185,"E01011736",2,"Not at junction or within 20 metres","Daylight","Fine no high winds","Dry","Car occupant"
"8505","20171345B1534",2017-05-11,2017,"May",11,"15:34",15,34,"Thursday","Slight",1,"Slight","Cyclist","Driver or rider","Male",57,"Unclassified","Single carriageway",30,"Unclassified","Not a Pedestrian","Not a Pedestrian",427898,436194,"E01011451",2,"Crossroads","Daylight","Fine no high winds","Dry","Cyclist"
"8506","20171345B1345",2017-05-11,2017,"May",11,"17:14",17,14,"Thursday","Slight",1,"Slight","Cyclist","Passenger","Female",30,"Unclassified","Single carriageway",20,"Unclassified","Not a Pedestrian","Not a Pedestrian",431844,435383,"E01011428",1,"Other junction","Darkness - lighting unknown","Fine no high winds","Dry","Cyclist"
"8507","20171345B1729",2017-05-11,2017,"May",11,"18:50",18,50,"Thursday","Slight",1,"Slight","Car occupant","Driver or rider","Female",24,"Motorway","Slip road",70,"Motorway","Not a Pedestrian","Not a Pedestrian",432400,426059,"E01011499",2,"Slip road","Darkness - lighting unknown","Fine no high winds","Dry","Car occupant"
"8508","20171345B1995",2017-05-11,2017,"May",11,"21:16",21,16,"Thursday","Serious",1,"Serious","Motorcycle over 500cc rider or passenger","Driver or rider","Male",52,"Unclassified","Single carriageway",30,NA,"Not a Pedestrian","Not a Pedestrian",432717,438263,"E01011650",2,"Not at junction or within 20 metres","Darkness - lighting unknown","Fine no high winds","Dry","Motorcyclist and pillion"