"","accident_index","date","year","month","day","time","time_hour","time_minute","day_of_week","accident_severity","number_of_casualties","casualty_severity","casualty_type","casualty_class","sex_of_casualty","age_of_casualty","first_road_class","road_type","speed_limit","second_road_class","pedestrian_location","pedestrian_movement","location_easting_osgr","location_northing_osgr","lsoa_of_accident_location","number_of_vehicles","junction_detail","light_conditions","weather_conditions","road_surface_conditions","cas_type"
"8509","20171345B1864",2017-05-11,2017,"May",11,"21:40",21,40,"Thursday","Slight",1,"Slight","Minibus (8 - 16 passenger seats) occupant","Driver or rider","Male",38,"Unclassified","Single carriageway",30,NA,"Not a Pedestrian","Not a Pedestrian",429509,431018,"E01011375",1,"Not at junction or within 20 metres","Darkness - lighting unknown","Fine no high winds","Dry","Bus and goods vehicle occupant"
"8510","20171345C0250",2017-05-12,2017,"May",12,"07:38",7,38,"Friday","Serious",1,"Serious","Pedestrian","Pedestrian","Female",83,"Unclassified","Single carriageway",30,NA,"In carriageway, crossing elsewhere","Crossing from driver's offside",424819,438371,"E01011464",1,"Not at junction or within 20 metres","Daylight","Fine no high winds","Dry","Pedestrian"
"8511","20171345D1568",2017-05-12,2017,"May",12,"18:32",18,32,"Friday","Serious",2,"Serious","Car occupant","Driver or rider","Female",62,"A","Roundabout",30,"A","Not a Pedestrian","Not a Pedestrian",428257,429599,"E01011518",2,"Roundabout","Darkness - lighting unknown","Fine no high winds","Dry","Car occupant"
"8512","20171345D1568",2017-05-12,2017,"May",12,"18:32",18,32,"Friday","Serious",2,"Slight","Car occupant","Passenger","Female",39,"A","Roundabout",30,"A","Not a Pedestrian","Not a Pedestrian",428257,429599,"E01011518",2,"Roundabout","Darkness - lighting unknown","Fine no high winds","Dry","Car occupant"
"8513","20171345C1807",2017-05-12,2017,"May",12,"21:05",21,5,"Friday","Serious",1,"Serious","Motorcycle 125cc and under rider or passenger","Driver or rider","Male",16,"Unclassified","Single carriageway",30,"Unclassified","Not a Pedestrian","Not a Pedestrian",424989,432895,"E01011727",2,"Crossroads","Darkness - lighting unknown","Fine no high winds","Dry","Motorcyclist and pillion"
"8514","20171345D0994",2017-05-13,2017,"May",13,"12:12",12,12,"Saturday","Slight",1,"Slight","Bus or coach occupant (17 or more pass seats)","Passenger","Female",61,"Unclassified","Single carriageway",30,"Unclassified","Not a Pedestrian","Not a Pedestrian",425109,434211,"E01032606",1,"T or staggered junction","Daylight","Fine no high winds","Dry","Bus and goods vehicle occupant"
"8515","20171345E1131",2017-05-14,2017,"May",14,"15:30",15,30,"Sunday","Slight",1,"Slight","Motorcycle 125cc and under rider or passenger","Driver or rider","Male",27,"Unclassified","Single carriageway",30,"Unclassified","Not a Pedestrian","Not a Pedestrian",431488,430106,"E01011469",2,"Private drive or entrance","Daylight","Fine no high winds","Dry","Motorcyclist and pillion"
"8516","20171345F0472",2017-05-15,2017,"May",15,"10:05",10,5,"Monday","Slight",1,"Slight","Car occupant","Driver or rider","Female",31,"A","Dual carriageway",30,"Unclassified","Not a Pedestrian","Not a Pedestrian",428384,434053,"E01011681",2,"T or staggered junction","Daylight","Fine no high winds","Dry","Car occupant"
"8517","20171345F0652",2017-05-15,2017,"May",15,"11:00",11,0,"Monday","Slight",1,"Slight","Car occupant","Driver or rider","Female",42,"Unclassified","Single carriageway",30,"Unclassified","Not a Pedestrian","Not a Pedestrian",423341,433944,"E01011609",2,"T or staggered junction","Daylight","Fine no high winds","Dry","Car occupant"
"8518","20171345F0621",2017-05-15,2017,"May",15,"11:20",11,20,"Monday","Slight",1,"Slight","Taxi/Private hire car occupant","Passenger","Female",54,"B","Single carriageway",30,"A","Not a Pedestrian","Not a Pedestrian",431966,435835,"E01011422",2,"Crossroads","Daylight","Fine no high winds","Dry","Car occupant"
"8519","20171345A0739",2017-05-15,2017,"May",15,"12:55",12,55,"Monday","Slight",1,"Slight","Motorcycle 50cc and under rider or passenger","Driver or rider","Female",18,"Unclassified","Single carriageway",30,NA,"Not a Pedestrian","Not a Pedestrian",427817,434076,"E01011284",3,"Not at junction or within 20 metres","Daylight","Fine no high winds","Dry","Motorcyclist and pillion"
"8520","20171345F1645",2017-05-15,2017,"May",15,"17:05",17,5,"Monday","Slight",1,"Slight","Bus or coach occupant (17 or more pass seats)","Passenger","Female",49,"Unclassified","Single carriageway",30,NA,"Not a Pedestrian","Not a Pedestrian",426437,433743,"E01032608",1,"Not at junction or within 20 metres","Darkness - lighting unknown","Fine no high winds","Wet or damp","Bus and goods vehicle occupant"
"8521","20171345F1474",2017-05-15,2017,"May",15,"18:10",18,10,"Monday","Slight",1,"Slight","Motorcycle 125cc and under rider or passenger","Driver or rider","Male",43,"Unclassified","Single carriageway",30,NA,"Not a Pedestrian","Not a Pedestrian",434849,437033,"E01011657",4,"Not at junction or within 20 metres","Darkness - lighting unknown","Raining no high winds","Wet or damp","Motorcyclist and pillion"
"8522","20171345F1732",2017-05-15,2017,"May",15,"20:25",20,25,"Monday","Slight",1,"Slight","Car occupant","Driver or rider","Male",21,"A","Dual carriageway",70,"B","Not a Pedestrian","Not a Pedestrian",428580,427725,"E01011538",1,"Roundabout","Darkness - lighting unknown","Fine no high winds","Wet or damp","Car occupant"
"8523","20171345G0221",2017-05-16,2017,"May",16,"07:18",7,18,"Tuesday","Slight",1,"Slight","Van / Goods vehicle (3.5 tonnes mgw or under) occupant","Driver or rider","Male",23,"A","Single carriageway",40,NA,"Not a Pedestrian","Not a Pedestrian",443587,431686,"E01011299",2,"Not at junction or within 20 metres","Darkness - lighting unknown","Fine no high winds","Wet or damp","Bus and goods vehicle occupant"
"8524","20171345G0287",2017-05-16,2017,"May",16,"08:20",8,20,"Tuesday","Slight",1,"Slight","Pedestrian","Pedestrian","Male",12,"A","Dual carriageway",30,"Unclassified","Crossing elsewhere within 50m. of pedestrian crossing","Crossing from driver's nearside",430620,432640,"E01033016",1,"T or staggered junction","Daylight","Raining no high winds","Wet or damp","Pedestrian"
"8525","20171345G0308",2017-05-16,2017,"May",16,"08:38",8,38,"Tuesday","Slight",1,"Slight","Cyclist","Driver or rider","Male",24,"Unclassified","Single carriageway",30,"Unclassified","Not a Pedestrian","Not a Pedestrian",429857,435713,"E01011669",2,"T or staggered junction","Daylight","Raining no high winds","Wet or damp","Cyclist"
"8526","20171345G0355",2017-05-16,2017,"May",16,"09:12",9,12,"Tuesday","Slight",1,"Slight","Pedestrian","Pedestrian","Male",67,"Unclassified","Single carriageway",30,"Unclassified","In carriageway, crossing elsewhere","Unknown or other",425304,432987,"E01011730",1,"T or staggered junction","Daylight","Raining no high winds","Wet or damp","Pedestrian"
"8527","20171345G0548",2017-05-16,2017,"May",16,"11:00",11,0,"Tuesday","Slight",1,"Slight","Car occupant","Driver or rider","Male",27,"Unclassified","Single carriageway",60,NA,"Not a Pedestrian","Not a Pedestrian",415248,442965,"E01011270",1,"Not at junction or within 20 metres","Daylight","Raining + high winds","Wet or damp","Car occupant"
"8528","20171345G1172",2017-05-16,2017,"May",16,"16:00",16,0,"Tuesday","Slight",2,"Slight","Car occupant","Driver or rider","Male",49,"A","Single carriageway",30,NA,"Not a Pedestrian","Not a Pedestrian",427222,431825,"E01011734",4,"Not at junction or within 20 metres","Daylight","Fine no high winds","Dry","Car occupant"
"8529","20171345G1172",2017-05-16,2017,"May",16,"16:00",16,0,"Tuesday","Slight",2,"Slight","Cyclist","Driver or rider","Male",54,"A","Single carriageway",30,NA,"Not a Pedestrian","Not a Pedestrian",427222,431825,"E01011734",4,"Not at junction or within 20 metres","Daylight","Fine no high winds","Dry","Cyclist"
"8530","20171345G1304",2017-05-16,2017,"May",16,"16:50",16,50,"Tuesday","Slight",1,"Slight","Motorcycle over 500cc rider or passenger","Driver or rider","Male",54,"A","Dual carriageway",30,"Unclassified","Not a Pedestrian","Not a Pedestrian",429450,433779,"E01033008",2,"Slip road","Daylight","Fine no high winds","Dry","Motorcyclist and pillion"
"8531","20171345H0170",2017-05-17,2017,"May",17,"03:30",3,30,"Wednesday","Slight",1,"Slight","Car occupant","Driver or rider","Male",58,"A(M)","Dual carriageway",70,NA,"Not a Pedestrian","Not a Pedestrian",440464,446324,"E01011704",2,"Not at junction or within 20 metres","Darkness - no lighting","Fine no high winds","Dry","Car occupant"
"8532","20171345H0488",2017-05-17,2017,"May",17,"10:33",10,33,"Wednesday","Slight",1,"Slight","Pedestrian","Pedestrian","Male",33,"Unclassified","Single carriageway",30,NA,"In carriageway, crossing elsewhere","Crossing from driver's offside",426788,432075,"E01011736",1,"Not at junction or within 20 metres","Daylight","Fine no high winds","Dry","Pedestrian"
"8533","20171345H1132",2017-05-17,2017,"May",17,"15:54",15,54,"Wednesday","Slight",1,"Slight","Taxi/Private hire car occupant","Driver or rider","Male",33,"A","Single carriageway",30,"Unclassified","Not a Pedestrian","Not a Pedestrian",429944,427021,"E01032495",2,"T or staggered junction","Daylight","Raining no high winds","Wet or damp","Car occupant"
"8534","20171345H1184",2017-05-17,2017,"May",17,"16:15",16,15,"Wednesday","Slight",1,"Slight","Car occupant","Driver or rider","Male",21,"Unclassified","Single carriageway",30,"Unclassified","Not a Pedestrian","Not a Pedestrian",430345,427488,"E01011494",2,"T or staggered junction","Daylight","Fine no high winds","Wet or damp","Car occupant"
"8535","20171345H1215",2017-05-17,2017,"May",17,"16:30",16,30,"Wednesday","Slight",1,"Slight","Car occupant","Driver or rider","Male",52,"A","Single carriageway",30,"Unclassified","Not a Pedestrian","Not a Pedestrian",428527,429636,"E01011321",2,"T or staggered junction","Daylight","Raining no high winds","Wet or damp","Car occupant"
"8536","20171345H1324",2017-05-17,2017,"May",17,"17:19",17,19,"Wednesday","Serious",1,"Serious","Pedestrian","Pedestrian","Female",14,"Unclassified","Single carriageway",30,"Unclassified","Crossing elsewhere within 50m. of pedestrian crossing","Crossing from driver's nearside",425106,434213,"E01032606",1,"Crossroads","Darkness - lighting unknown","Raining no high winds","Wet or damp","Pedestrian"
"8537","20171345H1415",2017-05-17,2017,"May",17,"18:00",18,0,"Wednesday","Slight",1,"Slight","Cyclist","Driver or rider","Male",37,"A","Single carriageway",30,"Unclassified","Not a Pedestrian","Not a Pedestrian",427655,436653,"E01011694",2,"T or staggered junction","Darkness - lighting unknown","Raining no high winds","Wet or damp","Cyclist"
"8538","20171345H1457",2017-05-17,2017,"May",17,"18:25",18,25,"Wednesday","Slight",1,"Slight","Car occupant","Driver or rider","Female",26,"Unclassified","Single carriageway",30,"Unclassified","Not a Pedestrian","Not a Pedestrian",425594,437040,"E01011484",2,"Crossroads","Darkness - lighting unknown","Fine no high winds","Dry","Car occupant"
"8539","20171345H1553",2017-05-17,2017,"May",17,"19:25",19,25,"Wednesday","Serious",5,"Serious","Car occupant","Passenger","Female",19,"A","Dual carriageway",50,NA,"Not a Pedestrian","Not a Pedestrian",431935,430560,"E01011470",1,"Not at junction or within 20 metres","Darkness - lighting unknown","Raining no high winds","Wet or damp","Car occupant"
"8540","20171345H1553",2017-05-17,2017,"May",17,"19:25",19,25,"Wednesday","Serious",5,"Slight","Car occupant","Driver or rider","Male",20,"A","Dual carriageway",50,NA,"Not a Pedestrian","Not a Pedestrian",431935,430560,"E01011470",1,"Not at junction or within 20 metres","Darkness - lighting unknown","Raining no high winds","Wet or damp","Car occupant"
"8541","20171345H1553",2017-05-17,2017,"May",17,"19:25",19,25,"Wednesday","Serious",5,"Slight","Car occupant","Passenger","Female",17,"A","Dual carriageway",50,NA,"Not a Pedestrian","Not a Pedestrian",431935,430560,"E01011470",1,"Not at junction or within 20 metres","Darkness - lighting unknown","Raining no high winds","Wet or damp","Car occupant"
"8542","20171345H1553",2017-05-17,2017,"May",17,"19:25",19,25,"Wednesday","Serious",5,"Slight","Car occupant","Passenger","Female",17,"A","Dual carriageway",50,NA,"Not a Pedestrian","Not a Pedestrian",431935,430560,"E01011470",1,"Not at junction or within 20 metres","Darkness - lighting unknown","Raining no high winds","Wet or damp","Car occupant"
"8543","20171345H1553",2017-05-17,2017,"May",17,"19:25",19,25,"Wednesday","Serious",5,"Slight","Car occupant","Passenger","Female",19,"A","Dual carriageway",50,NA,"Not a Pedestrian","Not a Pedestrian",431935,430560,"E01011470",1,"Not at junction or within 20 metres","Darkness - lighting unknown","Raining no high winds","Wet or damp","Car occupant"
"8544","20171345I0197",2017-05-18,2017,"May",18,"06:10",6,10,"Thursday","Slight",2,"Slight","Car occupant","Driver or rider","Male",58,"Unclassified","Single carriageway",30,NA,"Not a Pedestrian","Not a Pedestrian",425031,428023,"E01011522",2,"Not at junction or within 20 metres","Darkness - lighting unknown","Fine no high winds","Dry","Car occupant"
"8545","20171345I0197",2017-05-18,2017,"May",18,"06:10",6,10,"Thursday","Slight",2,"Slight","Van / Goods vehicle (3.5 tonnes mgw or under) occupant","Driver or rider","Male",26,"Unclassified","Single carriageway",30,NA,"Not a Pedestrian","Not a Pedestrian",425031,428023,"E01011522",2,"Not at junction or within 20 metres","Darkness - lighting unknown","Fine no high winds","Dry","Bus and goods vehicle occupant"
"8546","20171345I0216",2017-05-18,2017,"May",18,"06:30",6,30,"Thursday","Slight",1,"Slight","Cyclist","Driver or rider","Male",40,"Unclassified","Roundabout",30,"Unclassified","Not a Pedestrian","Not a Pedestrian",428742,432714,"E01033013",2,"Roundabout","Darkness - lighting unknown","Fine no high winds","Dry","Cyclist"
"8547","20171345I0596",2017-05-18,2017,"May",18,"10:30",10,30,"Thursday","Slight",2,"Slight","Car occupant","Driver or rider","Female",28,"A","Dual carriageway",30,"Unclassified","Not a Pedestrian","Not a Pedestrian",433047,432360,"E01011621",2,"Roundabout","Daylight","Fine no high winds","Dry","Car occupant"
"8548","20171345I0596",2017-05-18,2017,"May",18,"10:30",10,30,"Thursday","Slight",2,"Slight","Car occupant","Passenger","Female",65,"A","Dual carriageway",30,"Unclassified","Not a Pedestrian","Not a Pedestrian",433047,432360,"E01011621",2,"Roundabout","Daylight","Fine no high winds","Dry","Car occupant"
"8549","20171345I1026",2017-05-18,2017,"May",18,"14:54",14,54,"Thursday","Slight",1,"Slight","Car occupant","Driver or rider","Male",84,"Unclassified","Single carriageway",40,NA,"Not a Pedestrian","Not a Pedestrian",428930,436436,"E01011450",2,"Not at junction or within 20 metres","Daylight","Fine no high winds","Dry","Car occupant"
"8550","20171345I1082",2017-05-18,2017,"May",18,"15:20",15,20,"Thursday","Serious",1,"Serious","Pedestrian","Pedestrian","Female",7,"Unclassified","Single carriageway",30,"Unclassified","On footway or verge","Unknown or other",431896,434915,"E01011677",1,"T or staggered junction","Daylight","Fine no high winds","Dry","Pedestrian"
"8551","20171345I1118",2017-05-18,2017,"May",18,"15:35",15,35,"Thursday","Serious",1,"Serious","Motorcycle 125cc and under rider or passenger","Driver or rider","Male",25,"Unclassified","Single carriageway",30,"Unclassified","Not a Pedestrian","Not a Pedestrian",433168,435237,"E01011339",2,"Crossroads","Daylight","Fine no high winds","Dry","Motorcyclist and pillion"
"8552","20171345I1472",2017-05-18,2017,"May",18,"18:17",18,17,"Thursday","Slight",1,"Slight","Pedestrian","Pedestrian","Male",37,"Unclassified","Single carriageway",30,"Unclassified","In carriageway, crossing elsewhere","Crossing from driver's offside",434841,428545,"E01011628",1,"T or staggered junction","Darkness - lighting unknown","Fine no high winds","Dry","Pedestrian"
"8553","20171345I1909",2017-05-18,2017,"May",18,"20:40",20,40,"Thursday","Slight",1,"Slight","Motorcycle 125cc and under rider or passenger","Driver or rider","Male",42,"Unclassified","Single carriageway",30,NA,"Not a Pedestrian","Not a Pedestrian",426235,426287,"E01011546",2,"Not at junction or within 20 metres","Darkness - lighting unknown","Fine no high winds","Dry","Motorcyclist and pillion"
"8554","20171345I2021",2017-05-18,2017,"May",18,"22:57",22,57,"Thursday","Serious",1,"Serious","Car occupant","Driver or rider","Male",26,"A","Single carriageway",30,NA,"Not a Pedestrian","Not a Pedestrian",433636,427664,"E01011634",1,"Not at junction or within 20 metres","Darkness - lights lit","Raining no high winds","Wet or damp","Car occupant"
"8555","20171345I2093",2017-05-18,2017,"May",18,"23:45",23,45,"Thursday","Slight",1,"Slight","Motorcycle over 500cc rider or passenger","Driver or rider","Male",27,"A","Dual carriageway",30,NA,"Not a Pedestrian","Not a Pedestrian",430781,433822,"E01033010",2,"Not at junction or within 20 metres","Darkness - lighting unknown","Fine no high winds","Wet or damp","Motorcyclist and pillion"
"8556","20171345J1201",2017-05-19,2017,"May",19,"00:05",0,5,"Friday","Slight",1,"Slight","Taxi/Private hire car occupant","Passenger","Female",20,"Unclassified","Single carriageway",30,NA,"Not a Pedestrian","Not a Pedestrian",427437,435934,"E01032945",1,"Not at junction or within 20 metres","Darkness - lighting unknown","Fine no high winds","Dry","Car occupant"
"8557","20171345J0243",2017-05-19,2017,"May",19,"06:54",6,54,"Friday","Serious",1,"Serious","Cyclist","Driver or rider","Male",48,"Unclassified","Single carriageway",30,"Unclassified","Not a Pedestrian","Not a Pedestrian",425413,440393,"E01011378",2,"T or staggered junction","Darkness - lighting unknown","Fine no high winds","Wet or damp","Cyclist"
"8558","20171345K1083",2017-05-20,2017,"May",20,"07:15",7,15,"Saturday","Slight",1,"Slight","Car occupant","Passenger","Female",22,"Unclassified","Single carriageway",30,"Unclassified","Not a Pedestrian","Not a Pedestrian",427835,435808,"E01011435",2,"Crossroads","Darkness - lighting unknown","Fine no high winds","Dry","Car occupant"
"8559","20171345M0390",2017-05-20,2017,"May",20,"13:15",13,15,"Saturday","Serious",1,"Serious","Bus or coach occupant (17 or more pass seats)","Passenger","Male",81,"Unclassified","Single carriageway",30,"Unclassified","Not a Pedestrian","Not a Pedestrian",430020,434076,"E01033010",2,"T or staggered junction","Daylight","Fine no high winds","Dry","Bus and goods vehicle occupant"
"8560","20171345K0920",2017-05-20,2017,"May",20,"13:30",13,30,"Saturday","Serious",2,"Serious","Pedestrian","Pedestrian","Female",43,"Unclassified","Single carriageway",40,"Unclassified","Unknown or other","Unknown or other",424140,430432,"E01011728",1,"T or staggered junction","Daylight","Raining no high winds","Wet or damp","Pedestrian"
"8561","20171345K0920",2017-05-20,2017,"May",20,"13:30",13,30,"Saturday","Serious",2,"Serious","Pedestrian","Pedestrian","Female",43,"Unclassified","Single carriageway",40,"Unclassified","Unknown or other","Unknown or other",424140,430432,"E01011728",1,"T or staggered junction","Daylight","Raining no high winds","Wet or damp","Pedestrian"
"8562","20171345K1267",2017-05-20,2017,"May",20,"15:10",15,10,"Saturday","Slight",1,"Slight","Bus or coach occupant (17 or more pass seats)","Passenger","Female",78,"A","Dual carriageway",30,NA,"Not a Pedestrian","Not a Pedestrian",436157,434595,"E01011345",1,"Not at junction or within 20 metres","Daylight","Raining no high winds","Wet or damp","Bus and goods vehicle occupant"
"8563","20171345L0600",2017-05-21,2017,"May",21,"11:06",11,6,"Sunday","Serious",1,"Serious","Motorcycle 125cc and under rider or passenger","Driver or rider","Male",22,"A","Single carriageway",40,"Unclassified","Not a Pedestrian","Not a Pedestrian",439772,433152,"E01011396",2,"T or staggered junction","Daylight","Fine no high winds","Dry","Motorcyclist and pillion"
"8564","20171345L0924",2017-05-21,2017,"May",21,"14:14",14,14,"Sunday","Slight",2,"Slight","Car occupant","Driver or rider","Male",69,"A","Single carriageway",30,"Unclassified","Not a Pedestrian","Not a Pedestrian",436506,441867,"E01011310",2,"T or staggered junction","Daylight","Fine no high winds","Dry","Car occupant"
"8565","20171345L0924",2017-05-21,2017,"May",21,"14:14",14,14,"Sunday","Slight",2,"Slight","Car occupant","Passenger","Female",60,"A","Single carriageway",30,"Unclassified","Not a Pedestrian","Not a Pedestrian",436506,441867,"E01011310",2,"T or staggered junction","Daylight","Fine no high winds","Dry","Car occupant"
"8566","20171345L1430",2017-05-21,2017,"May",21,"18:25",18,25,"Sunday","Slight",1,"Slight","Car occupant","Driver or rider","Male",19,"Unclassified","Single carriageway",30,NA,"Not a Pedestrian","Not a Pedestrian",432791,434406,"E01011347",2,"Not at junction or within 20 metres","Darkness - lighting unknown","Fine no high winds","Dry","Car occupant"
"8567","20171345M1221",2017-05-22,2017,"May",22,"15:55",15,55,"Monday","Slight",2,"Slight","Car occupant","Driver or rider","Female",42,"Unclassified","Single carriageway",30,NA,"Not a Pedestrian","Not a Pedestrian",431701,435413,"E01011429",2,"Not at junction or within 20 metres","Daylight","Fine no high winds","Dry","Car occupant"
"8568","20171345M1221",2017-05-22,2017,"May",22,"15:55",15,55,"Monday","Slight",2,"Slight","Car occupant","Passenger","Female",14,"Unclassified","Single carriageway",30,NA,"Not a Pedestrian","Not a Pedestrian",431701,435413,"E01011429",2,"Not at junction or within 20 metres","Daylight","Fine no high winds","Dry","Car occupant"
"8569","20171345M1837",2017-05-22,2017,"May",22,"17:05",17,5,"Monday","Slight",1,"Slight","Car occupant","Driver or rider","Female",20,"Unclassified","Single carriageway",30,NA,"Not a Pedestrian","Not a Pedestrian",430745,434286,"E01033003",2,"Not at junction or within 20 metres","Darkness - lighting unknown","Fine no high winds","Dry","Car occupant"
"8570","20171345M0224",2017-05-22,2017,"May",22,"19:25",19,25,"Monday","Slight",1,"Slight","Car occupant","Driver or rider","Female",38,"Motorway","Dual carriageway",70,"Motorway","Not a Pedestrian","Not a Pedestrian",435817,425912,"E01011636",2,"Other junction","Darkness - lighting unknown","Fine no high winds","Dry","Car occupant"
"8571","20171345N0368",2017-05-23,2017,"May",23,"08:48",8,48,"Tuesday","Serious",2,"Slight","Car occupant","Driver or rider","Female",39,"Motorway","Dual carriageway",70,NA,"Not a Pedestrian","Not a Pedestrian",428011,426425,"E01011550",3,"Not at junction or within 20 metres","Daylight","Fine no high winds","Dry","Car occupant"
"8572","20171345N0368",2017-05-23,2017,"May",23,"08:48",8,48,"Tuesday","Serious",2,"Serious","Van / Goods vehicle (3.5 tonnes mgw or under) occupant","Driver or rider","Male",33,"Motorway","Dual carriageway",70,NA,"Not a Pedestrian","Not a Pedestrian",428011,426425,"E01011550",3,"Not at junction or within 20 metres","Daylight","Fine no high winds","Dry","Bus and goods vehicle occupant"
"8573","20171345N0408",2017-05-23,2017,"May",23,"09:17",9,17,"Tuesday","Slight",1,"Slight","Car occupant","Passenger","Female",25,"A","Dual carriageway",30,"B","Not a Pedestrian","Not a Pedestrian",430707,439089,"E01011512",2,"Roundabout","Daylight","Fine no high winds","Dry","Car occupant"
"8574","20171345N0516",2017-05-23,2017,"May",23,"10:11",10,11,"Tuesday","Serious",1,"Serious","Van / Goods vehicle (3.5 tonnes mgw or under) occupant","Driver or rider","Male",50,"Unclassified","Single carriageway",30,"Motorway","Not a Pedestrian","Not a Pedestrian",429150,431792,"E01011368",2,"T or staggered junction","Daylight","Fine no high winds","Dry","Bus and goods vehicle occupant"
"8575","20171345N1476",2017-05-23,2017,"May",23,"17:30",17,30,"Tuesday","Slight",1,"Slight","Motorcycle over 500cc rider or passenger","Driver or rider","Male",72,"Unclassified","Single carriageway",40,NA,"Not a Pedestrian","Not a Pedestrian",427513,436959,"E01011690",2,"Not at junction or within 20 metres","Darkness - lighting unknown","Fine no high winds","Dry","Motorcyclist and pillion"
"8576","20171345N1570",2017-05-23,2017,"May",23,"18:15",18,15,"Tuesday","Slight",1,"Slight","Car occupant","Driver or rider","Female",40,"Unclassified","Single carriageway",30,"Unclassified","Not a Pedestrian","Not a Pedestrian",431842,436072,"E01011359",3,"T or staggered junction","Darkness - lighting unknown","Fine no high winds","Dry","Car occupant"
"8577","20171345O0350",2017-05-24,2017,"May",24,"08:12",8,12,"Wednesday","Slight",1,"Slight","Cyclist","Driver or rider","Male",44,"Unclassified","Single carriageway",30,NA,"Not a Pedestrian","Not a Pedestrian",429468,428153,"E01032498",2,"Not at junction or within 20 metres","Daylight","Fine no high winds","Dry","Cyclist"
"8578","20171345O0442",2017-05-24,2017,"May",24,"09:20",9,20,"Wednesday","Slight",2,"Slight","Car occupant","Driver or rider","Male",54,"A","Dual carriageway",60,"A(M)","Not a Pedestrian","Not a Pedestrian",424215,433980,"E01011287",2,"Slip road","Daylight","Fine no high winds","Dry","Car occupant"
"8579","20171345O0442",2017-05-24,2017,"May",24,"09:20",9,20,"Wednesday","Slight",2,"Slight","Car occupant","Passenger","Male",18,"A","Dual carriageway",60,"A(M)","Not a Pedestrian","Not a Pedestrian",424215,433980,"E01011287",2,"Slip road","Daylight","Fine no high winds","Dry","Car occupant"
"8580","20171345O1070",2017-05-24,2017,"May",24,"15:00",15,0,"Wednesday","Slight",1,"Slight","Car occupant","Driver or rider","Male",26,"Motorway","Roundabout",40,"A","Not a Pedestrian","Not a Pedestrian",428136,426389,"E01011550",2,"Roundabout","Daylight","Fine no high winds","Dry","Car occupant"
"8581","20171345O1073",2017-05-24,2017,"May",24,"15:03",15,3,"Wednesday","Slight",2,"Slight","Bus or coach occupant (17 or more pass seats)","Passenger","Female",68,"Unclassified","Single carriageway",30,NA,"Not a Pedestrian","Not a Pedestrian",429930,433534,"E01033010",2,"Not at junction or within 20 metres","Daylight","Fine no high winds","Dry","Bus and goods vehicle occupant"
"8582","20171345O1073",2017-05-24,2017,"May",24,"15:03",15,3,"Wednesday","Slight",2,"Slight","Bus or coach occupant (17 or more pass seats)","Passenger","Female",25,"Unclassified","Single carriageway",30,NA,"Not a Pedestrian","Not a Pedestrian",429930,433534,"E01033010",2,"Not at junction or within 20 metres","Daylight","Fine no high winds","Dry","Bus and goods vehicle occupant"
"8583","20171345O1503",2017-05-24,2017,"May",24,"18:35",18,35,"Wednesday","Serious",2,"Serious","Car occupant","Driver or rider","Female",22,"Unclassified","Single carriageway",30,"Unclassified","Not a Pedestrian","Not a Pedestrian",428524,434281,"E01011681",2,"T or staggered junction","Darkness - lighting unknown","Fine no high winds","Dry","Car occupant"
"8584","20171345O1503",2017-05-24,2017,"May",24,"18:35",18,35,"Wednesday","Serious",2,"Serious","Car occupant","Passenger","Female",22,"Unclassified","Single carriageway",30,"Unclassified","Not a Pedestrian","Not a Pedestrian",428524,434281,"E01011681",2,"T or staggered junction","Darkness - lighting unknown","Fine no high winds","Dry","Car occupant"
"8585","20171345O1777",2017-05-24,2017,"May",24,"20:30",20,30,"Wednesday","Serious",1,"Serious","Cyclist","Driver or rider","Female",30,"A","Roundabout",40,"A","Not a Pedestrian","Not a Pedestrian",426848,438028,"E01011687",2,"Roundabout","Darkness - lighting unknown","Fine no high winds","Dry","Cyclist"
"8586","20171345P0365",2017-05-25,2017,"May",25,"08:39",8,39,"Thursday","Slight",1,"Slight","Motorcycle 50cc and under rider or passenger","Driver or rider","Male",18,"Unclassified","Single carriageway",30,"Unclassified","Not a Pedestrian","Not a Pedestrian",426647,433494,"E01032607",2,"Crossroads","Daylight","Fine no high winds","Dry","Motorcyclist and pillion"
"8587","20171345P1167",2017-05-25,2017,"May",25,"15:31",15,31,"Thursday","Slight",1,"Slight","Pedestrian","Pedestrian","Male",12,"Unclassified","Single carriageway",30,"Unclassified","In carriageway, crossing elsewhere","Crossing from offside - masked by  parked or stationary vehicle",429771,436620,"E01011355",1,"T or staggered junction","Daylight","Fine no high winds","Dry","Pedestrian"
"8588","20171345P1601",2017-05-25,2017,"May",25,"17:00",17,0,"Thursday","Slight",1,"Slight","Motorcycle over 500cc rider or passenger","Driver or rider","Male",59,"A","Single carriageway",50,"Unclassified","Not a Pedestrian","Not a Pedestrian",435891,428211,"E01011635",3,"T or staggered junction","Darkness - lighting unknown","Fine no high winds","Dry","Motorcyclist and pillion"