"","accident_index","date","year","month","day","time","time_hour","time_minute","day_of_week","accident_severity","number_of_casualties","casualty_severity","casualty_type","casualty_class","sex_of_casualty","age_of_casualty","first_road_class","road_type","speed_limit","second_road_class","pedestrian_location","pedestrian_movement","location_easting_osgr","location_northing_osgr","lsoa_of_accident_location","number_of_vehicles","junction_detail","light_conditions","weather_conditions","road_surface_conditions","cas_type"
"8589","20171345P1492",2017-05-25,2017,"May",25,"17:45",17,45,"Thursday","Slight",1,"Slight","Car occupant","Driver or rider","Male",45,"Motorway","Dual carriageway",70,NA,"Not a Pedestrian","Not a Pedestrian",436377,425945,"E01011636",2,"Not at junction or within 20 metres","Darkness - lighting unknown","Fine no high winds","Dry","Car occupant"
"8590","20171345P1535",2017-05-25,2017,"May",25,"18:05",18,5,"Thursday","Slight",1,"Slight","Car occupant","Passenger","Female",1,"Unclassified","Single carriageway",30,"Unclassified","Not a Pedestrian","Not a Pedestrian",431621,436143,"E01011359",2,"T or staggered junction","Darkness - lighting unknown","Fine no high winds","Dry","Car occupant"
"8591","20171345P1837",2017-05-25,2017,"May",25,"20:00",20,0,"Thursday","Slight",1,"Slight","Cyclist","Driver or rider","Male",30,"A","Single carriageway",30,"Unclassified","Not a Pedestrian","Not a Pedestrian",422954,437695,"E01011452",2,"T or staggered junction","Darkness - lighting unknown","Fine no high winds","Dry","Cyclist"
"8592","20171345P2000",2017-05-25,2017,"May",25,"21:10",21,10,"Thursday","Slight",1,"Slight","Car occupant","Driver or rider","Female",18,"B","Single carriageway",30,"Unclassified","Not a Pedestrian","Not a Pedestrian",418963,441740,"E01011265",2,"T or staggered junction","Darkness - lighting unknown","Fine no high winds","Dry","Car occupant"
"8593","20171345Q0712",2017-05-26,2017,"May",26,"12:00",12,0,"Friday","Slight",1,"Slight","Car occupant","Driver or rider","Male",43,"Unclassified","One way street",30,"Unclassified","Not a Pedestrian","Not a Pedestrian",430432,435055,"E01011357",3,"T or staggered junction","Daylight","Fine no high winds","Dry","Car occupant"
"8594","20171345Q0788",2017-05-26,2017,"May",26,"12:45",12,45,"Friday","Slight",1,"Slight","Motorcycle 125cc and under rider or passenger","Driver or rider","Male",29,"Unclassified","Single carriageway",30,NA,"Not a Pedestrian","Not a Pedestrian",429584,436660,"E01011354",1,"Not at junction or within 20 metres","Daylight","Fine no high winds","Dry","Motorcyclist and pillion"
"8595","20171345T0976",2017-05-26,2017,"May",26,"13:45",13,45,"Friday","Slight",1,"Slight","Cyclist","Driver or rider","Male",21,"Unclassified","Single carriageway",30,"Unclassified","Not a Pedestrian","Not a Pedestrian",428465,435252,"E01011445",2,"Crossroads","Daylight","Fine no high winds","Dry","Cyclist"
"8596","20171345Q1462",2017-05-26,2017,"May",26,"17:21",17,21,"Friday","Slight",1,"Slight","Pedestrian","Pedestrian","Male",12,"A","Single carriageway",30,"Unclassified","In carriageway, crossing elsewhere","Crossing from driver's nearside",435221,434839,"E01011343",1,"Roundabout","Darkness - lighting unknown","Fine no high winds","Dry","Pedestrian"
"8597","20171345Q2338",2017-05-26,2017,"May",26,"23:22",23,22,"Friday","Serious",1,"Serious","Pedestrian","Pedestrian","Male",19,"A","Single carriageway",30,"Unclassified","Crossing elsewhere within 50m. of pedestrian crossing","Crossing from driver's offside",429309,435030,"E01033005",1,"T or staggered junction","Darkness - lights lit","Fine no high winds","Dry","Pedestrian"
"8598","20171345R2353",2017-05-27,2017,"May",27,"23:00",23,0,"Saturday","Slight",1,"Slight","Pedestrian","Pedestrian","Female",65,"A","Single carriageway",30,"Unclassified","Unknown or other","Crossing from driver's nearside",422238,436375,"E01011591",1,"Private drive or entrance","Darkness - lights lit","Fine no high winds","Wet or damp","Pedestrian"
"8599","20171345S0352",2017-05-28,2017,"May",28,"04:50",4,50,"Sunday","Slight",1,"Slight","Pedestrian","Pedestrian","Male",27,"Unclassified","Single carriageway",30,NA,"Crossing elsewhere within 50m. of pedestrian crossing","Crossing from driver's offside",430701,433454,"E01033011",1,"Not at junction or within 20 metres","Darkness - lighting unknown","Fine no high winds","Dry","Pedestrian"
"8600","20171345S1310",2017-05-28,2017,"May",28,"13:10",13,10,"Sunday","Serious",1,"Serious","Cyclist","Driver or rider","Male",49,"Unclassified","Single carriageway",30,"Unclassified","Not a Pedestrian","Not a Pedestrian",425407,440383,"E01011377",2,"T or staggered junction","Daylight","Fine no high winds","Dry","Cyclist"
"8601","20171345S1082",2017-05-28,2017,"May",28,"17:20",17,20,"Sunday","Slight",1,"Slight","Bus or coach occupant (17 or more pass seats)","Passenger","Male",18,"Unclassified","One way street",30,NA,"Not a Pedestrian","Not a Pedestrian",430582,432953,"E01033018",1,"Not at junction or within 20 metres","Darkness - lighting unknown","Fine no high winds","Dry","Bus and goods vehicle occupant"
"8602","20171345S1991",2017-05-28,2017,"May",28,"22:30",22,30,"Sunday","Slight",1,"Slight","Pedestrian","Pedestrian","Male",48,"Unclassified","Single carriageway",30,NA,"On footway or verge","Walking along in carriageway, facing traffic",435096,436574,"E01011659",1,"Not at junction or within 20 metres","Darkness - lights lit","Fine no high winds","Wet or damp","Pedestrian"
"8603","20171345U0281",2017-05-30,2017,"May",30,"07:50",7,50,"Tuesday","Slight",1,"Slight","Car occupant","Passenger","Male",34,"Unclassified","Single carriageway",30,"Unclassified","Not a Pedestrian","Not a Pedestrian",429132,432674,"E01033013",2,"T or staggered junction","Daylight","Fine no high winds","Dry","Car occupant"
"8604","20171345U0354",2017-05-30,2017,"May",30,"09:43",9,43,"Tuesday","Serious",1,"Serious","Pedestrian","Pedestrian","Female",27,"Unclassified","Dual carriageway",40,"Unclassified","In carriageway, crossing elsewhere","Crossing from driver's nearside",433065,434009,"E01011340",1,"Other junction","Daylight","Fine no high winds","Dry","Pedestrian"
"8605","2017134641002",2017-05-30,2017,"May",30,"12:00",12,0,"Tuesday","Slight",1,"Slight","Car occupant","Driver or rider","Female",29,"A(M)","Dual carriageway",70,NA,"Not a Pedestrian","Not a Pedestrian",441096,449534,"E01011704",2,"Not at junction or within 20 metres","Daylight","Fine no high winds","Dry","Car occupant"
"8606","20171345U1422",2017-05-30,2017,"May",30,"15:24",15,24,"Tuesday","Slight",1,"Slight","Bus or coach occupant (17 or more pass seats)","Passenger","Male",74,"Unclassified","Single carriageway",30,NA,"Not a Pedestrian","Not a Pedestrian",430102,433382,"E01033010",1,"Not at junction or within 20 metres","Daylight","Fine no high winds","Dry","Bus and goods vehicle occupant"
"8607","20171345V0271",2017-05-31,2017,"May",31,"07:25",7,25,"Wednesday","Slight",1,"Slight","Car occupant","Driver or rider","Female",29,"Unclassified","Single carriageway",40,"Unclassified","Not a Pedestrian","Not a Pedestrian",434620,441230,"E01011713",2,"Crossroads","Darkness - lighting unknown","Fine no high winds","Dry","Car occupant"
"8608","20171345V0514",2017-05-31,2017,"May",31,"10:48",10,48,"Wednesday","Slight",1,"Slight","Cyclist","Driver or rider","Male",19,"Unclassified","Single carriageway",30,"Unclassified","Not a Pedestrian","Not a Pedestrian",429559,431566,"E01011364",3,"Crossroads","Daylight","Fine no high winds","Dry","Cyclist"
"8609","20171345V1173",2017-05-31,2017,"May",31,"16:09",16,9,"Wednesday","Slight",1,"Slight","Pedestrian","Pedestrian","Male",3,"Unclassified","Single carriageway",30,NA,"In carriageway, crossing elsewhere","Crossing from driver's offside",431416,435239,"E01011429",1,"Not at junction or within 20 metres","Daylight","Fine no high winds","Dry","Pedestrian"
"8610","20171345V1564",2017-05-31,2017,"May",31,"18:00",18,0,"Wednesday","Slight",1,"Slight","Car occupant","Driver or rider","Female",24,"Unclassified","Single carriageway",30,NA,"Not a Pedestrian","Not a Pedestrian",425848,434400,"E01011283",3,"Not at junction or within 20 metres","Darkness - lighting unknown","Fine no high winds","Dry","Car occupant"
"8611","2017134610732",2017-06-01,2017,"Jun",1,"12:20",12,20,"Thursday","Slight",1,"Slight","Pedestrian","Pedestrian","Female",18,"Unclassified","Single carriageway",30,NA,"In carriageway, crossing elsewhere","Crossing from nearside - masked by parked or stationary vehicle",425137,434208,"E01032606",1,"Not at junction or within 20 metres","Daylight","Fine no high winds","Dry","Pedestrian"
"8612","2017134610951",2017-06-01,2017,"Jun",1,"13:10",13,10,"Thursday","Slight",2,"Slight","Car occupant","Driver or rider","Female",37,"Unclassified","Single carriageway",30,NA,"Not a Pedestrian","Not a Pedestrian",430062,433712,"E01033010",1,"Not at junction or within 20 metres","Daylight","Fine no high winds","Dry","Car occupant"
"8613","2017134610951",2017-06-01,2017,"Jun",1,"13:10",13,10,"Thursday","Slight",2,"Slight","Pedestrian","Pedestrian","Male",30,"Unclassified","Single carriageway",30,NA,"Crossing on pedestrian crossing facility","Crossing from nearside - masked by parked or stationary vehicle",430062,433712,"E01033010",1,"Not at junction or within 20 metres","Daylight","Fine no high winds","Dry","Pedestrian"
"8614","2017134611280",2017-06-01,2017,"Jun",1,"14:40",14,40,"Thursday","Slight",1,"Slight","Motorcycle 125cc and under rider or passenger","Driver or rider","Female",39,"A","Dual carriageway",30,"Unclassified","Not a Pedestrian","Not a Pedestrian",427300,433624,"E01011293",2,"Crossroads","Daylight","Fine no high winds","Dry","Motorcyclist and pillion"
"8615","2017134611093",2017-06-01,2017,"Jun",1,"15:16",15,16,"Thursday","Slight",1,"Slight","Taxi/Private hire car occupant","Passenger","Female",36,"Unclassified","Dual carriageway",30,"Unclassified","Not a Pedestrian","Not a Pedestrian",430884,434255,"E01033031",2,"Crossroads","Daylight","Fine no high winds","Dry","Car occupant"
"8616","2017134611608",2017-06-01,2017,"Jun",1,"15:20",15,20,"Thursday","Slight",1,"Slight","Bus or coach occupant (17 or more pass seats)","Passenger","Female",66,"B","Dual carriageway",30,"Unclassified","Not a Pedestrian","Not a Pedestrian",434140,433892,"E01011341",2,"T or staggered junction","Daylight","Fine no high winds","Dry","Bus and goods vehicle occupant"
"8617","20171346U1114",2017-06-01,2017,"Jun",1,"15:27",15,27,"Thursday","Slight",1,"Slight","Car occupant","Passenger","Female",29,"A","Roundabout",40,"A","Not a Pedestrian","Not a Pedestrian",435900,436383,"E01011720",2,"Roundabout","Daylight","Fine no high winds","Dry","Car occupant"
"8618","2017134610704",2017-06-01,2017,"Jun",1,"16:00",16,0,"Thursday","Slight",1,"Slight","Pedestrian","Pedestrian","Female",11,"Unclassified","Single carriageway",30,NA,"On footway or verge","Unknown or other",427468,438752,"E01011385",1,"Not at junction or within 20 metres","Daylight","Fine no high winds","Dry","Pedestrian"
"8619","2017134611667",2017-06-01,2017,"Jun",1,"19:30",19,30,"Thursday","Slight",1,"Slight","Motorcycle 125cc and under rider or passenger","Driver or rider","Male",22,"Unclassified","Single carriageway",30,"Unclassified","Not a Pedestrian","Not a Pedestrian",428588,437458,"E01011689",2,"Private drive or entrance","Darkness - lighting unknown","Fine no high winds","Dry","Motorcyclist and pillion"
"8620","2017134620689",2017-06-02,2017,"Jun",2,"11:30",11,30,"Friday","Slight",3,"Slight","Bus or coach occupant (17 or more pass seats)","Passenger","Female",70,"Unclassified","Single carriageway",30,"A(M)","Not a Pedestrian","Not a Pedestrian",428760,433290,"E01011363",2,"T or staggered junction","Daylight","Fine no high winds","Dry","Bus and goods vehicle occupant"
"8621","2017134620689",2017-06-02,2017,"Jun",2,"11:30",11,30,"Friday","Slight",3,"Slight","Car occupant","Passenger","Female",38,"Unclassified","Single carriageway",30,"A(M)","Not a Pedestrian","Not a Pedestrian",428760,433290,"E01011363",2,"T or staggered junction","Daylight","Fine no high winds","Dry","Car occupant"
"8622","2017134620689",2017-06-02,2017,"Jun",2,"11:30",11,30,"Friday","Slight",3,"Slight","Car occupant","Driver or rider","Male",38,"Unclassified","Single carriageway",30,"A(M)","Not a Pedestrian","Not a Pedestrian",428760,433290,"E01011363",2,"T or staggered junction","Daylight","Fine no high winds","Dry","Car occupant"
"8623","2017134620924",2017-06-02,2017,"Jun",2,"13:25",13,25,"Friday","Slight",1,"Slight","Car occupant","Passenger","Female",8,"A","Dual carriageway",40,"Motorway","Not a Pedestrian","Not a Pedestrian",433689,429590,"E01011639",2,"Roundabout","Daylight","Fine no high winds","Dry","Car occupant"
"8624","2017134621068",2017-06-02,2017,"Jun",2,"14:30",14,30,"Friday","Slight",1,"Slight","Pedestrian","Pedestrian","Male",51,"Unclassified","Single carriageway",30,NA,"On footway or verge","Unknown or other",430386,433618,"E01033010",1,"Not at junction or within 20 metres","Daylight","Fine no high winds","Dry","Pedestrian"
"8625","2017134630961",2017-06-03,2017,"Jun",3,"13:00",13,0,"Saturday","Slight",3,"Slight","Bus or coach occupant (17 or more pass seats)","Passenger","Female",32,"Unclassified","Single carriageway",30,NA,"Not a Pedestrian","Not a Pedestrian",432671,437966,"E01011655",2,"Not at junction or within 20 metres","Daylight","Fine no high winds","Dry","Bus and goods vehicle occupant"
"8626","2017134630961",2017-06-03,2017,"Jun",3,"13:00",13,0,"Saturday","Slight",3,"Slight","Bus or coach occupant (17 or more pass seats)","Passenger","Male",6,"Unclassified","Single carriageway",30,NA,"Not a Pedestrian","Not a Pedestrian",432671,437966,"E01011655",2,"Not at junction or within 20 metres","Daylight","Fine no high winds","Dry","Bus and goods vehicle occupant"
"8627","2017134630961",2017-06-03,2017,"Jun",3,"13:00",13,0,"Saturday","Slight",3,"Slight","Bus or coach occupant (17 or more pass seats)","Passenger","Female",33,"Unclassified","Single carriageway",30,NA,"Not a Pedestrian","Not a Pedestrian",432671,437966,"E01011655",2,"Not at junction or within 20 metres","Daylight","Fine no high winds","Dry","Bus and goods vehicle occupant"
"8628","2017134630981",2017-06-03,2017,"Jun",3,"13:25",13,25,"Saturday","Serious",5,"Serious","Car occupant","Driver or rider","Male",58,"Motorway","Dual carriageway",50,NA,"Not a Pedestrian","Not a Pedestrian",436169,431176,"E01011420",2,"Not at junction or within 20 metres","Daylight","Fine no high winds","Dry","Car occupant"
"8629","2017134630981",2017-06-03,2017,"Jun",3,"13:25",13,25,"Saturday","Serious",5,"Serious","Car occupant","Passenger","Female",60,"Motorway","Dual carriageway",50,NA,"Not a Pedestrian","Not a Pedestrian",436169,431176,"E01011420",2,"Not at junction or within 20 metres","Daylight","Fine no high winds","Dry","Car occupant"
"8630","2017134630981",2017-06-03,2017,"Jun",3,"13:25",13,25,"Saturday","Serious",5,"Slight","Van / Goods vehicle (3.5 tonnes mgw or under) occupant","Driver or rider","Male",32,"Motorway","Dual carriageway",50,NA,"Not a Pedestrian","Not a Pedestrian",436169,431176,"E01011420",2,"Not at junction or within 20 metres","Daylight","Fine no high winds","Dry","Bus and goods vehicle occupant"
"8631","2017134630981",2017-06-03,2017,"Jun",3,"13:25",13,25,"Saturday","Serious",5,"Slight","Van / Goods vehicle (3.5 tonnes mgw or under) occupant","Passenger","Male",7,"Motorway","Dual carriageway",50,NA,"Not a Pedestrian","Not a Pedestrian",436169,431176,"E01011420",2,"Not at junction or within 20 metres","Daylight","Fine no high winds","Dry","Bus and goods vehicle occupant"
"8632","2017134630981",2017-06-03,2017,"Jun",3,"13:25",13,25,"Saturday","Serious",5,"Slight","Van / Goods vehicle (3.5 tonnes mgw or under) occupant","Passenger","Female",3,"Motorway","Dual carriageway",50,NA,"Not a Pedestrian","Not a Pedestrian",436169,431176,"E01011420",2,"Not at junction or within 20 metres","Daylight","Fine no high winds","Dry","Bus and goods vehicle occupant"
"8633","2017134631107",2017-06-03,2017,"Jun",3,"14:30",14,30,"Saturday","Slight",3,"Slight","Car occupant","Passenger","Female",35,"Unclassified","One way street",30,NA,"Not a Pedestrian","Not a Pedestrian",437027,429239,"E01011637",3,"Not at junction or within 20 metres","Daylight","Fine no high winds","Dry","Car occupant"
"8634","2017134631107",2017-06-03,2017,"Jun",3,"14:30",14,30,"Saturday","Slight",3,"Slight","Car occupant","Passenger","Female",36,"Unclassified","One way street",30,NA,"Not a Pedestrian","Not a Pedestrian",437027,429239,"E01011637",3,"Not at junction or within 20 metres","Daylight","Fine no high winds","Dry","Car occupant"
"8635","2017134631107",2017-06-03,2017,"Jun",3,"14:30",14,30,"Saturday","Slight",3,"Slight","Car occupant","Driver or rider","Female",52,"Unclassified","One way street",30,NA,"Not a Pedestrian","Not a Pedestrian",437027,429239,"E01011637",3,"Not at junction or within 20 metres","Daylight","Fine no high winds","Dry","Car occupant"
"8636","2017134650743",2017-06-04,2017,"Jun",4,"09:30",9,30,"Sunday","Slight",1,"Slight","Pedestrian","Pedestrian","Female",80,"Unclassified","Single carriageway",30,NA,"In carriageway, crossing elsewhere","Unknown or other",428588,437268,"E01011689",1,"Not at junction or within 20 metres","Daylight","Fine no high winds","Dry","Pedestrian"
"8637","20171346C0676",2017-06-04,2017,"Jun",4,"15:40",15,40,"Sunday","Slight",1,"Slight","Cyclist","Driver or rider","Male",12,"Unclassified","Single carriageway",30,"Unclassified","Not a Pedestrian","Not a Pedestrian",425092,438073,"E01011464",2,"T or staggered junction","Daylight","Fine no high winds","Dry","Cyclist"
"8638","2017134641847",2017-06-04,2017,"Jun",4,"21:15",21,15,"Sunday","Slight",1,"Slight","Cyclist","Driver or rider","Male",39,"Unclassified","Single carriageway",30,NA,"Not a Pedestrian","Not a Pedestrian",433005,435019,"E01011339",1,"Not at junction or within 20 metres","Darkness - lighting unknown","Fine no high winds","Dry","Cyclist"
"8639","2017134650464",2017-06-05,2017,"Jun",5,"10:07",10,7,"Monday","Slight",1,"Slight","Van / Goods vehicle (3.5 tonnes mgw or under) occupant","Driver or rider","Male",62,"A","Dual carriageway",40,"A","Not a Pedestrian","Not a Pedestrian",430488,431744,"E01011467",2,"T or staggered junction","Daylight","Raining no high winds","Wet or damp","Bus and goods vehicle occupant"
"8640","2017134620956",2017-06-05,2017,"Jun",5,"13:47",13,47,"Monday","Serious",1,"Serious","Bus or coach occupant (17 or more pass seats)","Passenger","Male",79,"Unclassified","Single carriageway",30,"Unclassified","Not a Pedestrian","Not a Pedestrian",430077,433771,"E01033010",1,"Crossroads","Daylight","Fine no high winds","Dry","Bus and goods vehicle occupant"
"8641","2017134651398",2017-06-05,2017,"Jun",5,"17:31",17,31,"Monday","Slight",1,"Slight","Car occupant","Driver or rider","Female",29,"Unclassified","Single carriageway",30,"Unclassified","Not a Pedestrian","Not a Pedestrian",432469,434792,"E01011344",2,"T or staggered junction","Darkness - lighting unknown","Fine no high winds","Dry","Car occupant"
"8642","2017134651445",2017-06-05,2017,"Jun",5,"17:50",17,50,"Monday","Slight",2,"Slight","Car occupant","Driver or rider","Male",29,"Motorway","Dual carriageway",50,"Motorway","Not a Pedestrian","Not a Pedestrian",429439,432020,"E01011364",2,"Slip road","Darkness - lighting unknown","Raining no high winds","Wet or damp","Car occupant"
"8643","2017134651445",2017-06-05,2017,"Jun",5,"17:50",17,50,"Monday","Slight",2,"Slight","Car occupant","Driver or rider","Female",38,"Motorway","Dual carriageway",50,"Motorway","Not a Pedestrian","Not a Pedestrian",429439,432020,"E01011364",2,"Slip road","Darkness - lighting unknown","Raining no high winds","Wet or damp","Car occupant"
"8644","2017134661041",2017-06-06,2017,"Jun",6,"14:55",14,55,"Tuesday","Slight",1,"Slight","Pedestrian","Pedestrian","Female",12,"Unclassified","Single carriageway",30,"Unclassified","In carriageway, crossing elsewhere","Unknown or other",426318,437712,"E01011687",1,"Crossroads","Daylight","Raining + high winds","Wet or damp","Pedestrian"
"8645","2017134670389",2017-06-07,2017,"Jun",7,"08:58",8,58,"Wednesday","Serious",1,"Serious","Cyclist","Driver or rider","Male",45,"A","Dual carriageway",30,NA,"Not a Pedestrian","Not a Pedestrian",428304,434117,"E01011681",3,"Not at junction or within 20 metres","Daylight","Fine + high winds","Dry","Cyclist"
"8646","2017134680322",2017-06-08,2017,"Jun",8,"07:55",7,55,"Thursday","Serious",1,"Serious","Cyclist","Driver or rider","Male",51,"A","Dual carriageway",30,"Unclassified","Not a Pedestrian","Not a Pedestrian",429137,435242,"E01033005",2,"T or staggered junction","Daylight","Raining no high winds","Wet or damp","Cyclist"
"8647","2017134690826",2017-06-08,2017,"Jun",8,"10:50",10,50,"Thursday","Slight",1,"Slight","Cyclist","Driver or rider","Female",23,"Unclassified","Single carriageway",30,"Unclassified","Not a Pedestrian","Not a Pedestrian",429966,435049,"E01033005",2,"T or staggered junction","Daylight","Raining + high winds","Wet or damp","Cyclist"
"8648","2017134680655",2017-06-08,2017,"Jun",8,"11:20",11,20,"Thursday","Slight",1,"Slight","Taxi/Private hire car occupant","Driver or rider","Male",22,"B","Roundabout",30,"A","Not a Pedestrian","Not a Pedestrian",428509,433045,"E01011363",2,"Roundabout","Daylight","Raining + high winds","Wet or damp","Car occupant"
"8649","2017134681285",2017-06-08,2017,"Jun",8,"16:20",16,20,"Thursday","Serious",1,"Serious","Motorcycle 125cc and under rider or passenger","Driver or rider","Male",54,"A","Single carriageway",30,NA,"Not a Pedestrian","Not a Pedestrian",421699,440966,"E01011578",2,"Not at junction or within 20 metres","Daylight","Raining no high winds","Wet or damp","Motorcyclist and pillion"
"8650","2017134690514",2017-06-09,2017,"Jun",9,"10:20",10,20,"Friday","Slight",1,"Slight","Cyclist","Driver or rider","Female",53,"Unclassified","Single carriageway",30,"Unclassified","Not a Pedestrian","Not a Pedestrian",428238,436523,"E01011693",2,"Crossroads","Daylight","Fine no high winds","Dry","Cyclist"
"8651","2017134591031",2017-06-09,2017,"Jun",9,"14:40",14,40,"Friday","Serious",1,"Serious","Pedestrian","Pedestrian","Male",79,"A","Single carriageway",30,NA,"In carriageway, crossing elsewhere","Crossing from driver's offside",431629,435294,"E01011429",1,"Not at junction or within 20 metres","Daylight","Fine no high winds","Dry","Pedestrian"
"8652","2017134691344",2017-06-09,2017,"Jun",9,"15:20",15,20,"Friday","Slight",1,"Slight","Pedestrian","Pedestrian","Male",12,"B","Single carriageway",30,NA,"In carriageway, crossing elsewhere","Crossing from driver's offside",426188,427527,"E01011530",1,"Not at junction or within 20 metres","Daylight","Fine no high winds","Dry","Pedestrian"
"8653","2017134692149",2017-06-09,2017,"Jun",9,"22:20",22,20,"Friday","Serious",1,"Serious","Pedestrian","Pedestrian","Male",32,"A","Dual carriageway",40,"Unclassified","In carriageway, crossing elsewhere","Crossing from driver's offside",431310,432776,"E01011626",1,"Other junction","Darkness - lights lit","Fine no high winds","Dry","Pedestrian"
"8654","20171346A0599",2017-06-10,2017,"Jun",10,"10:18",10,18,"Saturday","Serious",1,"Serious","Car occupant","Driver or rider","Female",49,"Unclassified","Single carriageway",60,NA,"Not a Pedestrian","Not a Pedestrian",440495,434863,"E01011297",2,"Not at junction or within 20 metres","Daylight","Raining no high winds","Wet or damp","Car occupant"
"8655","20171346A0922",2017-06-10,2017,"Jun",10,"13:24",13,24,"Saturday","Slight",1,"Slight","Car occupant","Passenger","Male",22,"A","Dual carriageway",30,"Unclassified","Not a Pedestrian","Not a Pedestrian",430616,432656,"E01033018",2,"T or staggered junction","Daylight","Fine no high winds","Dry","Car occupant"
"8656","20171346A0962",2017-06-10,2017,"Jun",10,"13:40",13,40,"Saturday","Slight",2,"Slight","Car occupant","Driver or rider","Female",22,"Unclassified","Single carriageway",30,"Unclassified","Not a Pedestrian","Not a Pedestrian",431006,430598,"E01011471",2,"T or staggered junction","Daylight","Fine no high winds","Dry","Car occupant"
"8657","20171346A0962",2017-06-10,2017,"Jun",10,"13:40",13,40,"Saturday","Slight",2,"Slight","Car occupant","Driver or rider","Female",35,"Unclassified","Single carriageway",30,"Unclassified","Not a Pedestrian","Not a Pedestrian",431006,430598,"E01011471",2,"T or staggered junction","Daylight","Fine no high winds","Dry","Car occupant"
"8658","20171346A1319",2017-06-10,2017,"Jun",10,"16:47",16,47,"Saturday","Slight",4,"Slight","Car occupant","Driver or rider","Female",37,"A","Single carriageway",40,"Unclassified","Not a Pedestrian","Not a Pedestrian",423753,435644,"E01011330",2,"Crossroads","Daylight","Fine no high winds","Dry","Car occupant"
"8659","20171346A1319",2017-06-10,2017,"Jun",10,"16:47",16,47,"Saturday","Slight",4,"Slight","Car occupant","Passenger","Male",25,"A","Single carriageway",40,"Unclassified","Not a Pedestrian","Not a Pedestrian",423753,435644,"E01011330",2,"Crossroads","Daylight","Fine no high winds","Dry","Car occupant"
"8660","20171346A1319",2017-06-10,2017,"Jun",10,"16:47",16,47,"Saturday","Slight",4,"Slight","Car occupant","Driver or rider","Male",36,"A","Single carriageway",40,"Unclassified","Not a Pedestrian","Not a Pedestrian",423753,435644,"E01011330",2,"Crossroads","Daylight","Fine no high winds","Dry","Car occupant"
"8661","20171346A1319",2017-06-10,2017,"Jun",10,"16:47",16,47,"Saturday","Slight",4,"Slight","Car occupant","Passenger","Male",6,"A","Single carriageway",40,"Unclassified","Not a Pedestrian","Not a Pedestrian",423753,435644,"E01011330",2,"Crossroads","Daylight","Fine no high winds","Dry","Car occupant"
"8662","2017134691359",2017-06-10,2017,"Jun",10,"16:50",16,50,"Saturday","Slight",2,"Slight","Car occupant","Driver or rider","Female",23,"B","Single carriageway",40,NA,"Not a Pedestrian","Not a Pedestrian",424844,425602,"E01011534",3,"Not at junction or within 20 metres","Daylight","Fine no high winds","Dry","Car occupant"
"8663","2017134691359",2017-06-10,2017,"Jun",10,"16:50",16,50,"Saturday","Slight",2,"Slight","Car occupant","Passenger","Male",2,"B","Single carriageway",40,NA,"Not a Pedestrian","Not a Pedestrian",424844,425602,"E01011534",3,"Not at junction or within 20 metres","Daylight","Fine no high winds","Dry","Car occupant"
"8664","20171346A1325",2017-06-10,2017,"Jun",10,"16:52",16,52,"Saturday","Slight",1,"Slight","Car occupant","Passenger","Female",14,"Unclassified","Single carriageway",30,"Unclassified","Not a Pedestrian","Not a Pedestrian",432603,436891,"E01011645",7,"T or staggered junction","Daylight","Fine no high winds","Dry","Car occupant"
"8665","20171346A0958",2017-06-10,2017,"Jun",10,"19:25",19,25,"Saturday","Slight",2,"Slight","Car occupant","Driver or rider","Male",23,"Motorway","Dual carriageway",70,NA,"Not a Pedestrian","Not a Pedestrian",432165,427228,"E01032495",3,"Not at junction or within 20 metres","Darkness - lighting unknown","Fine no high winds","Wet or damp","Car occupant"
"8666","20171346A0958",2017-06-10,2017,"Jun",10,"19:25",19,25,"Saturday","Slight",2,"Slight","Car occupant","Passenger","Female",24,"Motorway","Dual carriageway",70,NA,"Not a Pedestrian","Not a Pedestrian",432165,427228,"E01032495",3,"Not at junction or within 20 metres","Darkness - lighting unknown","Fine no high winds","Wet or damp","Car occupant"
"8667","20171346B0973",2017-06-11,2017,"Jun",11,"16:00",16,0,"Sunday","Serious",1,"Serious","Motorcycle over 500cc rider or passenger","Driver or rider","Male",50,"Unclassified","Single carriageway",30,NA,"Not a Pedestrian","Not a Pedestrian",420910,441149,"E01011274",1,"Not at junction or within 20 metres","Daylight","Fine no high winds","Dry","Motorcyclist and pillion"
"8668","20171346C0943",2017-06-12,2017,"Jun",12,"14:00",14,0,"Monday","Slight",1,"Slight","Car occupant","Driver or rider","Male",58,"A","Single carriageway",30,"Unclassified","Not a Pedestrian","Not a Pedestrian",435715,436955,"E01011720",2,"T or staggered junction","Daylight","Fine no high winds","Dry","Car occupant"
"8669","20171346C1937",2017-06-12,2017,"Jun",12,"16:30",16,30,"Monday","Slight",1,"Slight","Pedestrian","Pedestrian","Male",13,"A","Single carriageway",30,"Unclassified","In carriageway, crossing elsewhere","Crossing from driver's nearside",420411,440107,"E01011278",1,"T or staggered junction","Daylight","Fine no high winds","Dry","Pedestrian"