"","accident_index","date","year","month","day","time","time_hour","time_minute","day_of_week","accident_severity","number_of_casualties","casualty_severity","casualty_type","casualty_class","sex_of_casualty","age_of_casualty","first_road_class","road_type","speed_limit","second_road_class","pedestrian_location","pedestrian_movement","location_easting_osgr","location_northing_osgr","lsoa_of_accident_location","number_of_vehicles","junction_detail","light_conditions","weather_conditions","road_surface_conditions","cas_type"
"8670","20171346C1673",2017-06-12,2017,"Jun",12,"18:45",18,45,"Monday","Serious",1,"Serious","Pedestrian","Pedestrian","Male",8,"Unclassified","Single carriageway",30,NA,"In carriageway, crossing elsewhere","Crossing from driver's nearside",435802,434369,"E01011345",1,"Not at junction or within 20 metres","Darkness - lighting unknown","Fine no high winds","Dry","Pedestrian"
"8671","20171346D0110",2017-06-13,2017,"Jun",13,"01:40",1,40,"Tuesday","Slight",1,"Slight","Car occupant","Driver or rider","Male",39,"A","Single carriageway",30,"B","Not a Pedestrian","Not a Pedestrian",431970,435823,"E01011422",2,"Crossroads","Darkness - lights lit","Fine no high winds","Dry","Car occupant"
"8672","20171346D1370",2017-06-13,2017,"Jun",13,"16:34",16,34,"Tuesday","Serious",1,"Serious","Motorcycle 125cc and under rider or passenger","Driver or rider","Male",17,"A","Single carriageway",40,"Unclassified","Not a Pedestrian","Not a Pedestrian",425210,443317,"E01011576",2,"T or staggered junction","Daylight","Fine no high winds","Dry","Motorcyclist and pillion"
"8673","20171346E0216",2017-06-14,2017,"Jun",14,"06:39",6,39,"Wednesday","Slight",1,"Slight","Car occupant","Driver or rider","Male",20,"A","Single carriageway",40,"Unclassified","Not a Pedestrian","Not a Pedestrian",423418,437624,"E01011465",2,"T or staggered junction","Darkness - lighting unknown","Fine no high winds","Dry","Car occupant"
"8674","20171346E0760",2017-06-14,2017,"Jun",14,"08:50",8,50,"Wednesday","Slight",1,"Slight","Cyclist","Driver or rider","Male",17,"A","Single carriageway",30,"Unclassified","Not a Pedestrian","Not a Pedestrian",429273,430094,"E01011319",2,"T or staggered junction","Daylight","Fine no high winds","Dry","Cyclist"
"8675","20171346E2081",2017-06-14,2017,"Jun",14,"21:41",21,41,"Wednesday","Slight",1,"Slight","Car occupant","Driver or rider","Female",35,"B","Single carriageway",30,NA,"Not a Pedestrian","Not a Pedestrian",421702,435795,"E01011592",1,"Not at junction or within 20 metres","Darkness - lights lit","Fine no high winds","Dry","Car occupant"
"8676","20171346F0896",2017-06-15,2017,"Jun",15,"13:18",13,18,"Thursday","Serious",1,"Serious","Pedestrian","Pedestrian","Male",73,"Unclassified","Single carriageway",30,NA,"Crossing on pedestrian crossing facility","Crossing from driver's nearside",430391,433622,"E01033010",1,"Not at junction or within 20 metres","Daylight","Fine no high winds","Dry","Pedestrian"
"8677","20171346F1168",2017-06-15,2017,"Jun",15,"15:13",15,13,"Thursday","Slight",1,"Slight","Cyclist","Driver or rider","Male",12,"Unclassified","Single carriageway",30,"Unclassified","Not a Pedestrian","Not a Pedestrian",429093,428697,"E01032498",2,"T or staggered junction","Daylight","Fine no high winds","Dry","Cyclist"
"8678","20171346F1275",2017-06-15,2017,"Jun",15,"15:30",15,30,"Thursday","Slight",1,"Slight","Motorcycle over 500cc rider or passenger","Passenger","Female",32,"A","Single carriageway",60,NA,"Not a Pedestrian","Not a Pedestrian",443277,431653,"E01011299",1,"Not at junction or within 20 metres","Daylight","Fine no high winds","Dry","Motorcyclist and pillion"
"8679","20171346G1177",2017-06-16,2017,"Jun",16,"13:30",13,30,"Friday","Slight",1,"Slight","Car occupant","Driver or rider","Female",20,"Unclassified","Single carriageway",30,"Unclassified","Not a Pedestrian","Not a Pedestrian",429430,433463,"E01033008",2,"Crossroads","Daylight","Fine no high winds","Dry","Car occupant"
"8680","20171346G1553",2017-06-16,2017,"Jun",16,"18:45",18,45,"Friday","Slight",1,"Slight","Car occupant","Driver or rider","Male",31,"Unclassified","Single carriageway",30,"Unclassified","Not a Pedestrian","Not a Pedestrian",431306,428963,"E01011475",2,"T or staggered junction","Darkness - lighting unknown","Fine no high winds","Dry","Car occupant"
"8681","20171346G1933",2017-06-16,2017,"Jun",16,"20:42",20,42,"Friday","Slight",1,"Slight","Car occupant","Driver or rider","Male",25,"Unclassified","Single carriageway",30,NA,"Not a Pedestrian","Not a Pedestrian",431471,434212,"E01033035",3,"Not at junction or within 20 metres","Darkness - lighting unknown","Fine no high winds","Dry","Car occupant"
"8682","20171346H1148",2017-06-17,2017,"Jun",17,"14:43",14,43,"Saturday","Serious",1,"Serious","Cyclist","Driver or rider","Male",6,"Unclassified","Single carriageway",30,NA,"Not a Pedestrian","Not a Pedestrian",431599,435915,"E01011359",2,"Not at junction or within 20 metres","Daylight","Fine no high winds","Dry","Cyclist"
"8683","20171346H1161",2017-06-17,2017,"Jun",17,"14:50",14,50,"Saturday","Serious",1,"Serious","Cyclist","Driver or rider","Male",12,"B","Single carriageway",30,"Unclassified","Not a Pedestrian","Not a Pedestrian",431935,435878,"E01011422",2,"T or staggered junction","Daylight","Fine no high winds","Dry","Cyclist"
"8684","20171346H1963",2017-06-17,2017,"Jun",17,"21:05",21,5,"Saturday","Slight",1,"Slight","Car occupant","Driver or rider","Female",51,"Unclassified","Single carriageway",30,"Unclassified","Not a Pedestrian","Not a Pedestrian",431760,436135,"E01011359",2,"Crossroads","Darkness - lights lit","Fine no high winds","Dry","Car occupant"
"8685","20171346H2217",2017-06-17,2017,"Jun",17,"22:56",22,56,"Saturday","Slight",1,"Slight","Pedestrian","Pedestrian","Male",40,"Unclassified","Single carriageway",30,NA,"Crossing elsewhere within 50m. of pedestrian crossing","Crossing from driver's nearside",430065,433802,"E01033010",1,"Not at junction or within 20 metres","Darkness - lights lit","Fine no high winds","Dry","Pedestrian"
"8686","20171346I0282",2017-06-18,2017,"Jun",18,"02:05",2,5,"Sunday","Slight",1,"Slight","Car occupant","Driver or rider","Female",21,"A","Single carriageway",50,NA,"Not a Pedestrian","Not a Pedestrian",442616,427449,"E01011299",1,"Not at junction or within 20 metres","Darkness - lighting unknown","Fine no high winds","Dry","Car occupant"
"8687","20171347E0385",2017-06-18,2017,"Jun",18,"22:01",22,1,"Sunday","Slight",1,"Slight","Other vehicle occupant","Driver or rider","Male",64,"Unclassified","Single carriageway",30,"Unclassified","Not a Pedestrian","Not a Pedestrian",436633,434648,"E01011409",2,"T or staggered junction","Darkness - lights lit","Fine no high winds","Dry","Others"
"8688","20171346J0570",2017-06-19,2017,"Jun",19,"09:35",9,35,"Monday","Slight",1,"Slight","Cyclist","Driver or rider","Male",37,"Unclassified","One way street",40,"Unclassified","Not a Pedestrian","Not a Pedestrian",430386,434954,"E01011671",2,"Other junction","Daylight","Fine no high winds","Dry","Cyclist"
"8689","20171346J1120",2017-06-19,2017,"Jun",19,"13:30",13,30,"Monday","Slight",1,"Slight","Car occupant","Driver or rider","Female",22,"A","Single carriageway",30,"Unclassified","Not a Pedestrian","Not a Pedestrian",425681,426876,"E01011534",2,"T or staggered junction","Daylight","Fine no high winds","Dry","Car occupant"
"8690","20171346J1688",2017-06-19,2017,"Jun",19,"17:35",17,35,"Monday","Slight",1,"Slight","Car occupant","Passenger","Female",16,"A","Dual carriageway",70,NA,"Not a Pedestrian","Not a Pedestrian",422996,434140,"E01011587",5,"Not at junction or within 20 metres","Darkness - lighting unknown","Fine no high winds","Dry","Car occupant"
"8691","20171346K0836",2017-06-20,2017,"Jun",20,"08:45",8,45,"Tuesday","Slight",1,"Slight","Cyclist","Driver or rider","Female",28,"A","Single carriageway",30,"Unclassified","Not a Pedestrian","Not a Pedestrian",429383,434952,"E01033005",2,"T or staggered junction","Daylight","Fine no high winds","Dry","Cyclist"
"8692","20171346K0681",2017-06-20,2017,"Jun",20,"11:15",11,15,"Tuesday","Slight",4,"Slight","Bus or coach occupant (17 or more pass seats)","Passenger","Male",49,"A","Dual carriageway",40,NA,"Not a Pedestrian","Not a Pedestrian",433194,434040,"E01011340",2,"Not at junction or within 20 metres","Daylight","Fine no high winds","Dry","Bus and goods vehicle occupant"
"8693","20171346K0681",2017-06-20,2017,"Jun",20,"11:15",11,15,"Tuesday","Slight",4,"Slight","Bus or coach occupant (17 or more pass seats)","Passenger","Female",54,"A","Dual carriageway",40,NA,"Not a Pedestrian","Not a Pedestrian",433194,434040,"E01011340",2,"Not at junction or within 20 metres","Daylight","Fine no high winds","Dry","Bus and goods vehicle occupant"
"8694","20171346K0681",2017-06-20,2017,"Jun",20,"11:15",11,15,"Tuesday","Slight",4,"Slight","Bus or coach occupant (17 or more pass seats)","Passenger","Female",32,"A","Dual carriageway",40,NA,"Not a Pedestrian","Not a Pedestrian",433194,434040,"E01011340",2,"Not at junction or within 20 metres","Daylight","Fine no high winds","Dry","Bus and goods vehicle occupant"
"8695","20171346K0681",2017-06-20,2017,"Jun",20,"11:15",11,15,"Tuesday","Slight",4,"Slight","Bus or coach occupant (17 or more pass seats)","Passenger","Female",28,"A","Dual carriageway",40,NA,"Not a Pedestrian","Not a Pedestrian",433194,434040,"E01011340",2,"Not at junction or within 20 metres","Daylight","Fine no high winds","Dry","Bus and goods vehicle occupant"
"8696","20171346K0788",2017-06-20,2017,"Jun",20,"12:20",12,20,"Tuesday","Slight",2,"Slight","Car occupant","Driver or rider","Male",18,"A","Single carriageway",30,"Unclassified","Not a Pedestrian","Not a Pedestrian",419547,441606,"E01011267",5,"Crossroads","Daylight","Fine no high winds","Dry","Car occupant"
"8697","20171346K0788",2017-06-20,2017,"Jun",20,"12:20",12,20,"Tuesday","Slight",2,"Slight","Car occupant","Passenger","Male",73,"A","Single carriageway",30,"Unclassified","Not a Pedestrian","Not a Pedestrian",419547,441606,"E01011267",5,"Crossroads","Daylight","Fine no high winds","Dry","Car occupant"
"8698","20171346K1425",2017-06-20,2017,"Jun",20,"16:30",16,30,"Tuesday","Slight",1,"Slight","Cyclist","Driver or rider","Male",6,"Unclassified","Single carriageway",30,"Unclassified","Not a Pedestrian","Not a Pedestrian",431642,435064,"E01011677",2,"Crossroads","Daylight","Fine no high winds","Dry","Cyclist"
"8699","20171346K2288",2017-06-20,2017,"Jun",20,"23:45",23,45,"Tuesday","Slight",1,"Slight","Car occupant","Driver or rider","Female",58,"Unclassified","One way street",30,NA,"Not a Pedestrian","Not a Pedestrian",429952,428053,"E01011494",3,"Not at junction or within 20 metres","Darkness - lights lit","Fine no high winds","Dry","Car occupant"
"8700","20171346L0439",2017-06-21,2017,"Jun",21,"09:00",9,0,"Wednesday","Slight",1,"Slight","Cyclist","Driver or rider","Male",64,"A","Single carriageway",30,"Unclassified","Not a Pedestrian","Not a Pedestrian",433917,434093,"E01011346",2,"Other junction","Daylight","Fine no high winds","Dry","Cyclist"
"8701","20171346L1306",2017-06-21,2017,"Jun",21,"15:40",15,40,"Wednesday","Slight",1,"Slight","Car occupant","Driver or rider","Female",24,"Unclassified","Single carriageway",30,"Unclassified","Not a Pedestrian","Not a Pedestrian",426067,436366,"E01011485",2,"T or staggered junction","Daylight","Fine no high winds","Dry","Car occupant"
"8702","20171346M0455",2017-06-22,2017,"Jun",22,"09:14",9,14,"Thursday","Slight",1,"Slight","Car occupant","Driver or rider","Male",39,"Unclassified","Single carriageway",30,"Unclassified","Not a Pedestrian","Not a Pedestrian",422878,439312,"E01011455",2,"T or staggered junction","Daylight","Fine no high winds","Dry","Car occupant"
"8703","20171346M0902",2017-06-22,2017,"Jun",22,"13:17",13,17,"Thursday","Slight",1,"Slight","Car occupant","Driver or rider","Male",45,"Unclassified","Single carriageway",30,"Unclassified","Not a Pedestrian","Not a Pedestrian",432498,434068,"E01011348",2,"T or staggered junction","Daylight","Fine no high winds","Dry","Car occupant"
"8704","20171346M1060",2017-06-22,2017,"Jun",22,"14:30",14,30,"Thursday","Slight",2,"Slight","Pedestrian","Pedestrian","Male",25,"A","Single carriageway",40,NA,"In carriageway, crossing elsewhere","Crossing from driver's nearside",425956,438110,"E01011684",1,"Not at junction or within 20 metres","Daylight","Fine no high winds","Dry","Pedestrian"
"8705","20171346M1060",2017-06-22,2017,"Jun",22,"14:30",14,30,"Thursday","Slight",2,"Slight","Car occupant","Passenger","Female",59,"A","Single carriageway",40,NA,"Not a Pedestrian","Not a Pedestrian",425956,438110,"E01011684",1,"Not at junction or within 20 metres","Daylight","Fine no high winds","Dry","Car occupant"
"8706","20171346M1347",2017-06-22,2017,"Jun",22,"16:40",16,40,"Thursday","Fatal",2,"Fatal","Pedestrian","Pedestrian","Female",18,"A","Single carriageway",40,"Unclassified","On footway or verge","Walking along in carriageway, facing traffic",423760,444326,"E01011570",1,"Other junction","Daylight","Fine no high winds","Dry","Pedestrian"
"8707","20171346M1347",2017-06-22,2017,"Jun",22,"16:40",16,40,"Thursday","Fatal",2,"Slight","Car occupant","Passenger","Male",31,"A","Single carriageway",40,"Unclassified","Not a Pedestrian","Not a Pedestrian",423760,444326,"E01011570",1,"Other junction","Daylight","Fine no high winds","Dry","Car occupant"
"8708","20171346M1566",2017-06-22,2017,"Jun",22,"18:22",18,22,"Thursday","Slight",1,"Slight","Car occupant","Driver or rider","Female",50,"A","Single carriageway",40,"Unclassified","Not a Pedestrian","Not a Pedestrian",427779,431697,"E01011362",2,"T or staggered junction","Darkness - lighting unknown","Fine no high winds","Dry","Car occupant"
"8709","20171346M1601",2017-06-22,2017,"Jun",22,"18:41",18,41,"Thursday","Slight",1,"Slight","Car occupant","Driver or rider","Female",48,"A","Single carriageway",30,NA,"Not a Pedestrian","Not a Pedestrian",428458,426086,"E01011553",4,"Not at junction or within 20 metres","Darkness - lighting unknown","Fine no high winds","Dry","Car occupant"
"8710","20171346N0212",2017-06-23,2017,"Jun",23,"05:05",5,5,"Friday","Serious",1,"Serious","Motorcycle 125cc and under rider or passenger","Driver or rider","Male",24,"Unclassified","Single carriageway",30,NA,"Not a Pedestrian","Not a Pedestrian",429989,433390,"E01033010",1,"Not at junction or within 20 metres","Darkness - lighting unknown","Fine no high winds","Dry","Motorcyclist and pillion"
"8711","20171346N0833",2017-06-23,2017,"Jun",23,"13:00",13,0,"Friday","Slight",1,"Slight","Car occupant","Driver or rider","Female",33,"Unclassified","One way street",30,NA,"Not a Pedestrian","Not a Pedestrian",430437,433862,"E01033010",2,"Not at junction or within 20 metres","Daylight","Fine no high winds","Dry","Car occupant"
"8712","20171346N0984",2017-06-23,2017,"Jun",23,"14:15",14,15,"Friday","Slight",2,"Slight","Car occupant","Driver or rider","Female",36,"A","Dual carriageway",30,"Motorway","Not a Pedestrian","Not a Pedestrian",430487,431747,"E01011364",2,"T or staggered junction","Daylight","Fine no high winds","Dry","Car occupant"
"8713","20171346N0984",2017-06-23,2017,"Jun",23,"14:15",14,15,"Friday","Slight",2,"Slight","Car occupant","Passenger","Female",18,"A","Dual carriageway",30,"Motorway","Not a Pedestrian","Not a Pedestrian",430487,431747,"E01011364",2,"T or staggered junction","Daylight","Fine no high winds","Dry","Car occupant"
"8714","20171346N1334",2017-06-23,2017,"Jun",23,"16:25",16,25,"Friday","Slight",1,"Slight","Van / Goods vehicle (3.5 tonnes mgw or under) occupant","Driver or rider","Male",39,"Unclassified","Single carriageway",60,"Unclassified","Not a Pedestrian","Not a Pedestrian",427613,441656,"E01032504",3,"T or staggered junction","Daylight","Fine no high winds","Wet or damp","Bus and goods vehicle occupant"
"8715","20171346N1646",2017-06-23,2017,"Jun",23,"18:30",18,30,"Friday","Serious",1,"Serious","Cyclist","Driver or rider","Male",44,"A","Single carriageway",30,NA,"Not a Pedestrian","Not a Pedestrian",420763,439806,"E01011278",2,"Not at junction or within 20 metres","Darkness - lighting unknown","Raining no high winds","Wet or damp","Cyclist"
"8716","20171346N1495",2017-06-23,2017,"Jun",23,"18:34",18,34,"Friday","Serious",6,"Serious","Car occupant","Driver or rider","Male",19,"A","Dual carriageway",40,NA,"Not a Pedestrian","Not a Pedestrian",425295,432956,"E01011726",5,"Not at junction or within 20 metres","Darkness - lighting unknown","Raining no high winds","Wet or damp","Car occupant"
"8717","20171346N1495",2017-06-23,2017,"Jun",23,"18:34",18,34,"Friday","Serious",6,"Slight","Car occupant","Passenger","Male",18,"A","Dual carriageway",40,NA,"Not a Pedestrian","Not a Pedestrian",425295,432956,"E01011726",5,"Not at junction or within 20 metres","Darkness - lighting unknown","Raining no high winds","Wet or damp","Car occupant"
"8718","20171346N1495",2017-06-23,2017,"Jun",23,"18:34",18,34,"Friday","Serious",6,"Slight","Car occupant","Passenger","Female",17,"A","Dual carriageway",40,NA,"Not a Pedestrian","Not a Pedestrian",425295,432956,"E01011726",5,"Not at junction or within 20 metres","Darkness - lighting unknown","Raining no high winds","Wet or damp","Car occupant"
"8719","20171346N1495",2017-06-23,2017,"Jun",23,"18:34",18,34,"Friday","Serious",6,"Slight","Car occupant","Passenger","Female",19,"A","Dual carriageway",40,NA,"Not a Pedestrian","Not a Pedestrian",425295,432956,"E01011726",5,"Not at junction or within 20 metres","Darkness - lighting unknown","Raining no high winds","Wet or damp","Car occupant"
"8720","20171346N1495",2017-06-23,2017,"Jun",23,"18:34",18,34,"Friday","Serious",6,"Serious","Car occupant","Passenger","Male",25,"A","Dual carriageway",40,NA,"Not a Pedestrian","Not a Pedestrian",425295,432956,"E01011726",5,"Not at junction or within 20 metres","Darkness - lighting unknown","Raining no high winds","Wet or damp","Car occupant"
"8721","20171346N1495",2017-06-23,2017,"Jun",23,"18:34",18,34,"Friday","Serious",6,"Slight","Car occupant","Passenger","Female",20,"A","Dual carriageway",40,NA,"Not a Pedestrian","Not a Pedestrian",425295,432956,"E01011726",5,"Not at junction or within 20 metres","Darkness - lighting unknown","Raining no high winds","Wet or damp","Car occupant"
"8722","20171346N1693",2017-06-23,2017,"Jun",23,"18:57",18,57,"Friday","Slight",6,"Slight","Car occupant","Driver or rider","Female",52,"Unclassified","Single carriageway",60,NA,"Not a Pedestrian","Not a Pedestrian",421573,441921,"E01011269",2,"Not at junction or within 20 metres","Darkness - lighting unknown","Raining no high winds","Wet or damp","Car occupant"
"8723","20171346N1693",2017-06-23,2017,"Jun",23,"18:57",18,57,"Friday","Slight",6,"Slight","Car occupant","Passenger","Male",33,"Unclassified","Single carriageway",60,NA,"Not a Pedestrian","Not a Pedestrian",421573,441921,"E01011269",2,"Not at junction or within 20 metres","Darkness - lighting unknown","Raining no high winds","Wet or damp","Car occupant"
"8724","20171346N1693",2017-06-23,2017,"Jun",23,"18:57",18,57,"Friday","Slight",6,"Slight","Car occupant","Driver or rider","Female",50,"Unclassified","Single carriageway",60,NA,"Not a Pedestrian","Not a Pedestrian",421573,441921,"E01011269",2,"Not at junction or within 20 metres","Darkness - lighting unknown","Raining no high winds","Wet or damp","Car occupant"
"8725","20171346N1693",2017-06-23,2017,"Jun",23,"18:57",18,57,"Friday","Slight",6,"Slight","Car occupant","Passenger","Female",16,"Unclassified","Single carriageway",60,NA,"Not a Pedestrian","Not a Pedestrian",421573,441921,"E01011269",2,"Not at junction or within 20 metres","Darkness - lighting unknown","Raining no high winds","Wet or damp","Car occupant"
"8726","20171346N1693",2017-06-23,2017,"Jun",23,"18:57",18,57,"Friday","Slight",6,"Slight","Car occupant","Passenger","Female",16,"Unclassified","Single carriageway",60,NA,"Not a Pedestrian","Not a Pedestrian",421573,441921,"E01011269",2,"Not at junction or within 20 metres","Darkness - lighting unknown","Raining no high winds","Wet or damp","Car occupant"
"8727","20171346N1693",2017-06-23,2017,"Jun",23,"18:57",18,57,"Friday","Slight",6,"Slight","Car occupant","Passenger","Female",16,"Unclassified","Single carriageway",60,NA,"Not a Pedestrian","Not a Pedestrian",421573,441921,"E01011269",2,"Not at junction or within 20 metres","Darkness - lighting unknown","Raining no high winds","Wet or damp","Car occupant"
"8728","20171346N2110",2017-06-23,2017,"Jun",23,"22:05",22,5,"Friday","Slight",1,"Slight","Pedestrian","Pedestrian","Male",44,"Unclassified","Single carriageway",30,NA,"In carriageway, crossing elsewhere","Crossing from driver's nearside",429410,435417,"E01011668",1,"Not at junction or within 20 metres","Darkness - lights lit","Fine no high winds","Dry","Pedestrian"
"8729","20171347A1281",2017-06-24,2017,"Jun",24,"01:30",1,30,"Saturday","Serious",1,"Serious","Pedestrian","Pedestrian","Male",37,"Unclassified","Single carriageway",30,"Unclassified","Unknown or other","Unknown or other",422995,432459,"E01011607",1,"T or staggered junction","Darkness - lighting unknown","Fine no high winds","Dry","Pedestrian"
"8730","20171346O1334",2017-06-24,2017,"Jun",24,"16:10",16,10,"Saturday","Slight",2,"Slight","Car occupant","Driver or rider","Male",32,"Motorway","Dual carriageway",70,NA,"Not a Pedestrian","Not a Pedestrian",425956,429181,"E01011528",2,"Not at junction or within 20 metres","Daylight","Fine no high winds","Dry","Car occupant"
"8731","20171346O1334",2017-06-24,2017,"Jun",24,"16:10",16,10,"Saturday","Slight",2,"Slight","Car occupant","Passenger","Female",28,"Motorway","Dual carriageway",70,NA,"Not a Pedestrian","Not a Pedestrian",425956,429181,"E01011528",2,"Not at junction or within 20 metres","Daylight","Fine no high winds","Dry","Car occupant"
"8732","20171346O2049",2017-06-24,2017,"Jun",24,"22:00",22,0,"Saturday","Serious",1,"Serious","Car occupant","Driver or rider","Male",81,"Unclassified","Single carriageway",40,NA,"Not a Pedestrian","Not a Pedestrian",435080,440645,"E01011311",2,"Not at junction or within 20 metres","Darkness - no lighting","Fine no high winds","Dry","Car occupant"
"8733","20171346O2056",2017-06-24,2017,"Jun",24,"22:00",22,0,"Saturday","Slight",1,"Slight","Car occupant","Driver or rider","Female",53,"Unclassified","Single carriageway",30,"Unclassified","Not a Pedestrian","Not a Pedestrian",431583,426811,"E01032495",2,"T or staggered junction","Darkness - lights lit","Fine no high winds","Dry","Car occupant"
"8734","20171346O2233",2017-06-24,2017,"Jun",24,"23:18",23,18,"Saturday","Slight",1,"Slight","Car occupant","Passenger","Female",83,"Unclassified","Single carriageway",30,"Unclassified","Not a Pedestrian","Not a Pedestrian",431301,433877,"E01033031",2,"T or staggered junction","Darkness - lights lit","Fine no high winds","Dry","Car occupant"
"8735","20171346P0150",2017-06-25,2017,"Jun",25,"00:59",0,59,"Sunday","Serious",5,"Slight","Car occupant","Driver or rider","Male",71,"A","Single carriageway",30,"Unclassified","Not a Pedestrian","Not a Pedestrian",429899,434276,"E01033008",2,"Crossroads","Darkness - lights lit","Fine no high winds","Dry","Car occupant"
"8736","20171346P0150",2017-06-25,2017,"Jun",25,"00:59",0,59,"Sunday","Serious",5,"Slight","Car occupant","Passenger","Female",61,"A","Single carriageway",30,"Unclassified","Not a Pedestrian","Not a Pedestrian",429899,434276,"E01033008",2,"Crossroads","Darkness - lights lit","Fine no high winds","Dry","Car occupant"
"8737","20171346P0150",2017-06-25,2017,"Jun",25,"00:59",0,59,"Sunday","Serious",5,"Serious","Car occupant","Passenger","Male",60,"A","Single carriageway",30,"Unclassified","Not a Pedestrian","Not a Pedestrian",429899,434276,"E01033008",2,"Crossroads","Darkness - lights lit","Fine no high winds","Dry","Car occupant"
"8738","20171346P0150",2017-06-25,2017,"Jun",25,"00:59",0,59,"Sunday","Serious",5,"Slight","Car occupant","Passenger","Female",33,"A","Single carriageway",30,"Unclassified","Not a Pedestrian","Not a Pedestrian",429899,434276,"E01033008",2,"Crossroads","Darkness - lights lit","Fine no high winds","Dry","Car occupant"
"8739","20171346P0150",2017-06-25,2017,"Jun",25,"00:59",0,59,"Sunday","Serious",5,"Slight","Car occupant","Passenger","Male",41,"A","Single carriageway",30,"Unclassified","Not a Pedestrian","Not a Pedestrian",429899,434276,"E01033008",2,"Crossroads","Darkness - lights lit","Fine no high winds","Dry","Car occupant"
"8740","20171346P0808",2017-06-25,2017,"Jun",25,"12:01",12,1,"Sunday","Slight",2,"Slight","Car occupant","Driver or rider","Female",60,"Unclassified","Single carriageway",30,"Unclassified","Not a Pedestrian","Not a Pedestrian",437572,432752,"E01011411",2,"Roundabout","Daylight","Fine no high winds","Dry","Car occupant"
"8741","20171346P0808",2017-06-25,2017,"Jun",25,"12:01",12,1,"Sunday","Slight",2,"Slight","Car occupant","Passenger","Male",62,"Unclassified","Single carriageway",30,"Unclassified","Not a Pedestrian","Not a Pedestrian",437572,432752,"E01011411",2,"Roundabout","Daylight","Fine no high winds","Dry","Car occupant"
"8742","20171346P0879",2017-06-25,2017,"Jun",25,"12:40",12,40,"Sunday","Slight",1,"Slight","Car occupant","Driver or rider","Male",65,"A","Single carriageway",30,"Unclassified","Not a Pedestrian","Not a Pedestrian",428463,431347,"E01011369",2,"Crossroads","Daylight","Fine no high winds","Dry","Car occupant"
"8743","20171346P1063",2017-06-25,2017,"Jun",25,"14:10",14,10,"Sunday","Slight",1,"Slight","Cyclist","Driver or rider","Male",51,"A","Roundabout",60,"A","Not a Pedestrian","Not a Pedestrian",442960,431648,"E01011404",2,"Roundabout","Daylight","Fine no high winds","Dry","Cyclist"
"8744","20171346P1857",2017-06-25,2017,"Jun",25,"21:00",21,0,"Sunday","Slight",1,"Slight","Car occupant","Driver or rider","Male",31,"Unclassified","One way street",30,NA,"Not a Pedestrian","Not a Pedestrian",427127,432649,"E01011732",3,"Not at junction or within 20 metres","Darkness - lighting unknown","Fine no high winds","Dry","Car occupant"
"8745","20171346Q0363",2017-06-26,2017,"Jun",26,"08:30",8,30,"Monday","Slight",1,"Slight","Car occupant","Driver or rider","Male",69,"A","Dual carriageway",30,NA,"Not a Pedestrian","Not a Pedestrian",435948,436497,"E01011720",3,"Not at junction or within 20 metres","Daylight","Fine no high winds","Dry","Car occupant"
"8746","20171346Q0741",2017-06-26,2017,"Jun",26,"11:45",11,45,"Monday","Serious",1,"Serious","Motorcycle 125cc and under rider or passenger","Driver or rider","Male",26,"Unclassified","Single carriageway",30,"Unclassified","Not a Pedestrian","Not a Pedestrian",433822,433504,"E01011622",2,"Other junction","Daylight","Fine no high winds","Dry","Motorcyclist and pillion"
"8747","20171346Q0083",2017-06-26,2017,"Jun",26,"12:10",12,10,"Monday","Serious",1,"Serious","Cyclist","Driver or rider","Male",31,"A","Single carriageway",30,"Unclassified","Not a Pedestrian","Not a Pedestrian",429908,434258,"E01033010",2,"Other junction","Daylight","Fine no high winds","Dry","Cyclist"
"8748","20171346Q1370",2017-06-26,2017,"Jun",26,"14:30",14,30,"Monday","Slight",1,"Slight","Car occupant","Passenger","Female",57,"Unclassified","Unknown",30,"Unclassified","Not a Pedestrian","Not a Pedestrian",426907,439567,"E01011386",2,"Private drive or entrance","Daylight","Fine no high winds","Dry","Car occupant"
"8749","20171346O1472",2017-06-26,2017,"Jun",26,"17:15",17,15,"Monday","Serious",3,"Slight","Car occupant","Passenger","Male",36,"A","Single carriageway",30,"Unclassified","Not a Pedestrian","Not a Pedestrian",424477,428547,"E01011522",2,"T or staggered junction","Darkness - lighting unknown","Fine no high winds","Dry","Car occupant"
"8750","20171346O1472",2017-06-26,2017,"Jun",26,"17:15",17,15,"Monday","Serious",3,"Serious","Car occupant","Passenger","Female",34,"A","Single carriageway",30,"Unclassified","Not a Pedestrian","Not a Pedestrian",424477,428547,"E01011522",2,"T or staggered junction","Darkness - lighting unknown","Fine no high winds","Dry","Car occupant"
"8751","20171346O1472",2017-06-26,2017,"Jun",26,"17:15",17,15,"Monday","Serious",3,"Slight","Car occupant","Passenger","Female",1,"A","Single carriageway",30,"Unclassified","Not a Pedestrian","Not a Pedestrian",424477,428547,"E01011522",2,"T or staggered junction","Darkness - lighting unknown","Fine no high winds","Dry","Car occupant"
"8752","20171346R0521",2017-06-27,2017,"Jun",27,"11:00",11,0,"Tuesday","Slight",2,"Slight","Car occupant","Driver or rider","Female",50,"Unclassified","Single carriageway",60,"Unclassified","Not a Pedestrian","Not a Pedestrian",422041,443856,"E01011569",3,"T or staggered junction","Daylight","Raining no high winds","Wet or damp","Car occupant"