"","accident_index","date","year","month","day","time","time_hour","time_minute","day_of_week","accident_severity","number_of_casualties","casualty_severity","casualty_type","casualty_class","sex_of_casualty","age_of_casualty","first_road_class","road_type","speed_limit","second_road_class","pedestrian_location","pedestrian_movement","location_easting_osgr","location_northing_osgr","lsoa_of_accident_location","number_of_vehicles","junction_detail","light_conditions","weather_conditions","road_surface_conditions","cas_type"
"8753","20171346R0521",2017-06-27,2017,"Jun",27,"11:00",11,0,"Tuesday","Slight",2,"Slight","Car occupant","Passenger","Male",37,"Unclassified","Single carriageway",60,"Unclassified","Not a Pedestrian","Not a Pedestrian",422041,443856,"E01011569",3,"T or staggered junction","Daylight","Raining no high winds","Wet or damp","Car occupant"
"8754","20171346R0729",2017-06-27,2017,"Jun",27,"13:13",13,13,"Tuesday","Slight",2,"Slight","Car occupant","Driver or rider","Male",79,"Unclassified","Single carriageway",30,NA,"Not a Pedestrian","Not a Pedestrian",417611,441408,"E01011270",2,"Not at junction or within 20 metres","Daylight","Raining no high winds","Wet or damp","Car occupant"
"8755","20171346R0729",2017-06-27,2017,"Jun",27,"13:13",13,13,"Tuesday","Slight",2,"Slight","Car occupant","Passenger","Female",80,"Unclassified","Single carriageway",30,NA,"Not a Pedestrian","Not a Pedestrian",417611,441408,"E01011270",2,"Not at junction or within 20 metres","Daylight","Raining no high winds","Wet or damp","Car occupant"
"8756","20171356R0735",2017-06-27,2017,"Jun",27,"14:00",14,0,"Tuesday","Slight",1,"Slight","Other vehicle occupant","Driver or rider","Male",27,"Unclassified","Dual carriageway",60,"A","Not a Pedestrian","Not a Pedestrian",421554,435973,"E01011588",2,"T or staggered junction","Daylight","Raining no high winds","Wet or damp","Others"
"8757","20171347H1421",2017-06-28,2017,"Jun",28,"07:50",7,50,"Wednesday","Slight",1,"Slight","Cyclist","Driver or rider","Male",28,"B","Single carriageway",30,"Unclassified","Not a Pedestrian","Not a Pedestrian",431334,436307,"E01011359",2,"Crossroads","Daylight","Fine no high winds","Dry","Cyclist"
"8758","20171346S1206",2017-06-28,2017,"Jun",28,"09:15",9,15,"Wednesday","Slight",1,"Slight","Car occupant","Driver or rider","Female",63,"A","Roundabout",30,"A","Not a Pedestrian","Not a Pedestrian",418122,442508,"E01011266",2,"Roundabout","Daylight","Raining no high winds","Wet or damp","Car occupant"
"8759","20171346S0458",2017-06-28,2017,"Jun",28,"10:25",10,25,"Wednesday","Slight",1,"Slight","Car occupant","Driver or rider","Male",56,"A","Single carriageway",40,NA,"Not a Pedestrian","Not a Pedestrian",433325,425893,"E01011500",2,"Not at junction or within 20 metres","Daylight","Raining no high winds","Wet or damp","Car occupant"
"8760","20171346S0531",2017-06-28,2017,"Jun",28,"11:00",11,0,"Wednesday","Slight",1,"Slight","Car occupant","Driver or rider","Female",81,"Unclassified","Single carriageway",30,"Unclassified","Not a Pedestrian","Not a Pedestrian",431393,434776,"E01011673",3,"T or staggered junction","Daylight","Raining no high winds","Wet or damp","Car occupant"
"8761","20171346S0849",2017-06-28,2017,"Jun",28,"14:17",14,17,"Wednesday","Slight",1,"Slight","Pedestrian","Pedestrian","Female",28,"Unclassified","Single carriageway",30,NA,"In carriageway, crossing elsewhere","Crossing from offside - masked by  parked or stationary vehicle",429336,431411,"E01011373",1,"Not at junction or within 20 metres","Daylight","Fine no high winds","Dry","Pedestrian"
"8762","20171346S1135",2017-06-28,2017,"Jun",28,"16:35",16,35,"Wednesday","Slight",1,"Slight","Car occupant","Driver or rider","Female",29,"A","Single carriageway",30,"Unclassified","Not a Pedestrian","Not a Pedestrian",432321,442366,"E01011561",2,"T or staggered junction","Daylight","Fine no high winds","Wet or damp","Car occupant"
"8763","20171346S1167",2017-06-28,2017,"Jun",28,"16:55",16,55,"Wednesday","Serious",2,"Serious","Car occupant","Driver or rider","Male",58,"Unclassified","Single carriageway",50,NA,"Not a Pedestrian","Not a Pedestrian",415309,442967,"E01011270",2,"Not at junction or within 20 metres","Daylight","Raining no high winds","Wet or damp","Car occupant"
"8764","20171346S1167",2017-06-28,2017,"Jun",28,"16:55",16,55,"Wednesday","Serious",2,"Slight","Car occupant","Driver or rider","Female",65,"Unclassified","Single carriageway",50,NA,"Not a Pedestrian","Not a Pedestrian",415309,442967,"E01011270",2,"Not at junction or within 20 metres","Daylight","Raining no high winds","Wet or damp","Car occupant"
"8765","20171346S1660",2017-06-28,2017,"Jun",28,"22:02",22,2,"Wednesday","Serious",1,"Serious","Pedestrian","Pedestrian","Male",53,"Unclassified","Single carriageway",30,NA,"In carriageway, crossing elsewhere","Crossing from driver's nearside",428892,433965,"E01011678",1,"Not at junction or within 20 metres","Darkness - lights lit","Raining no high winds","Wet or damp","Pedestrian"
"8766","20171346T0730",2017-06-29,2017,"Jun",29,"07:40",7,40,"Thursday","Slight",1,"Slight","Cyclist","Driver or rider","Male",22,"Unclassified","Dual carriageway",30,NA,"Not a Pedestrian","Not a Pedestrian",430080,434151,"E01033010",2,"Not at junction or within 20 metres","Daylight","Fine no high winds","Dry","Cyclist"
"8767","20171346T0262",2017-06-29,2017,"Jun",29,"07:45",7,45,"Thursday","Slight",1,"Slight","Car occupant","Driver or rider","Male",28,"Motorway","Dual carriageway",70,NA,"Not a Pedestrian","Not a Pedestrian",431924,425493,"E01011551",2,"Not at junction or within 20 metres","Daylight","Fine no high winds","Dry","Car occupant"
"8768","20171346T0326",2017-06-29,2017,"Jun",29,"08:45",8,45,"Thursday","Slight",1,"Slight","Car occupant","Driver or rider","Male",19,"B","Single carriageway",40,"Unclassified","Not a Pedestrian","Not a Pedestrian",436345,433639,"E01011414",2,"T or staggered junction","Daylight","Fine no high winds","Dry","Car occupant"
"8769","20171346T0540",2017-06-29,2017,"Jun",29,"09:30",9,30,"Thursday","Slight",2,"Slight","Bus or coach occupant (17 or more pass seats)","Passenger","Male",18,"Unclassified","Single carriageway",30,"A","Not a Pedestrian","Not a Pedestrian",430764,433454,"E01033011",1,"Crossroads","Daylight","Fine no high winds","Dry","Bus and goods vehicle occupant"
"8770","20171346T0540",2017-06-29,2017,"Jun",29,"09:30",9,30,"Thursday","Slight",2,"Slight","Bus or coach occupant (17 or more pass seats)","Passenger","Female",18,"Unclassified","Single carriageway",30,"A","Not a Pedestrian","Not a Pedestrian",430764,433454,"E01033011",1,"Crossroads","Daylight","Fine no high winds","Dry","Bus and goods vehicle occupant"
"8771","20171346Q0932",2017-06-29,2017,"Jun",29,"13:08",13,8,"Thursday","Slight",3,"Slight","Car occupant","Passenger","Male",22,"Unclassified","One way street",30,NA,"Not a Pedestrian","Not a Pedestrian",430432,435053,"E01011357",2,"Not at junction or within 20 metres","Daylight","Fine no high winds","Dry","Car occupant"
"8772","20171346Q0932",2017-06-29,2017,"Jun",29,"13:08",13,8,"Thursday","Slight",3,"Slight","Car occupant","Passenger","Male",4,"Unclassified","One way street",30,NA,"Not a Pedestrian","Not a Pedestrian",430432,435053,"E01011357",2,"Not at junction or within 20 metres","Daylight","Fine no high winds","Dry","Car occupant"
"8773","20171346Q0932",2017-06-29,2017,"Jun",29,"13:08",13,8,"Thursday","Slight",3,"Slight","Car occupant","Driver or rider","Female",24,"Unclassified","One way street",30,NA,"Not a Pedestrian","Not a Pedestrian",430432,435053,"E01011357",2,"Not at junction or within 20 metres","Daylight","Fine no high winds","Dry","Car occupant"
"8774","20171346T1411",2017-06-29,2017,"Jun",29,"18:55",18,55,"Thursday","Serious",1,"Serious","Cyclist","Driver or rider","Male",8,"A","Dual carriageway",40,NA,"Not a Pedestrian","Not a Pedestrian",427268,426389,"E01011550",2,"Not at junction or within 20 metres","Darkness - lighting unknown","Fine no high winds","Dry","Cyclist"
"8775","20171346U0574",2017-06-29,2017,"Jun",29,"19:00",19,0,"Thursday","Slight",1,"Slight","Car occupant","Driver or rider","Male",32,"Unclassified","Single carriageway",30,"Unclassified","Not a Pedestrian","Not a Pedestrian",422219,435646,"E01011593",2,"T or staggered junction","Darkness - lighting unknown","Fine no high winds","Dry","Car occupant"
"8776","20171346U0102",2017-06-30,2017,"Jun",30,"01:40",1,40,"Friday","Serious",1,"Serious","Motorcycle 125cc and under rider or passenger","Driver or rider","Male",35,"Unclassified","Single carriageway",30,"Unclassified","Not a Pedestrian","Not a Pedestrian",441980,430072,"E01011304",2,"T or staggered junction","Darkness - lights lit","Fine no high winds","Dry","Motorcyclist and pillion"
"8777","20171346U1526",2017-06-30,2017,"Jun",30,"18:45",18,45,"Friday","Slight",1,"Slight","Car occupant","Passenger","Female",8,"A","Roundabout",40,"A","Not a Pedestrian","Not a Pedestrian",428113,426284,"E01011550",2,"Other junction","Darkness - lighting unknown","Fine no high winds","Dry","Car occupant"
"8778","20171347H0891",2017-07-01,2017,"Jul",1,"12:31",12,31,"Saturday","Serious",1,"Serious","Cyclist","Driver or rider","Male",34,"Unclassified","Single carriageway",30,NA,"Not a Pedestrian","Not a Pedestrian",426798,433456,"E01011292",2,"Not at junction or within 20 metres","Daylight","Fine no high winds","Dry","Cyclist"
"8779","2017134710965",2017-07-01,2017,"Jul",1,"13:00",13,0,"Saturday","Slight",1,"Slight","Car occupant","Driver or rider","Female",51,"Unclassified","Dual carriageway",30,NA,"Not a Pedestrian","Not a Pedestrian",430630,434221,"E01033002",2,"Not at junction or within 20 metres","Daylight","Fine no high winds","Dry","Car occupant"
"8780","2017134711692",2017-07-01,2017,"Jul",1,"17:00",17,0,"Saturday","Slight",2,"Slight","Car occupant","Driver or rider","Female",18,"Unclassified","Single carriageway",30,"Unclassified","Not a Pedestrian","Not a Pedestrian",424185,438894,"E01011459",2,"T or staggered junction","Darkness - lighting unknown","Fine no high winds","Dry","Car occupant"
"8781","2017134711692",2017-07-01,2017,"Jul",1,"17:00",17,0,"Saturday","Slight",2,"Slight","Car occupant","Passenger","Male",18,"Unclassified","Single carriageway",30,"Unclassified","Not a Pedestrian","Not a Pedestrian",424185,438894,"E01011459",2,"T or staggered junction","Darkness - lighting unknown","Fine no high winds","Dry","Car occupant"
"8782","2017134711462",2017-07-01,2017,"Jul",1,"17:06",17,6,"Saturday","Slight",1,"Slight","Car occupant","Driver or rider","Male",26,"C","Single carriageway",30,NA,"Not a Pedestrian","Not a Pedestrian",428504,434427,"E01011681",2,"Not at junction or within 20 metres","Darkness - lighting unknown","Fine no high winds","Dry","Car occupant"
"8783","2017134711523",2017-07-01,2017,"Jul",1,"17:30",17,30,"Saturday","Serious",2,"Serious","Cyclist","Driver or rider","Male",40,"B","Single carriageway",30,"Unclassified","Not a Pedestrian","Not a Pedestrian",429004,436841,"E01011688",2,"Crossroads","Darkness - lighting unknown","Fine no high winds","Dry","Cyclist"
"8784","2017134711523",2017-07-01,2017,"Jul",1,"17:30",17,30,"Saturday","Serious",2,"Slight","Motorcycle 125cc and under rider or passenger","Driver or rider","Male",18,"B","Single carriageway",30,"Unclassified","Not a Pedestrian","Not a Pedestrian",429004,436841,"E01011688",2,"Crossroads","Darkness - lighting unknown","Fine no high winds","Dry","Motorcyclist and pillion"
"8785","2017134711651",2017-07-01,2017,"Jul",1,"18:39",18,39,"Saturday","Slight",1,"Slight","Pedestrian","Pedestrian","Male",9,"Unclassified","Single carriageway",30,NA,"In centre of carriageway - not on refuge, island or central reservation","Unknown or other",435039,433334,"E01011415",1,"Not at junction or within 20 metres","Darkness - lighting unknown","Fine no high winds","Dry","Pedestrian"
"8786","2017134711923",2017-07-01,2017,"Jul",1,"20:55",20,55,"Saturday","Slight",1,"Slight","Car occupant","Driver or rider","Female",79,"Unclassified","Single carriageway",30,"Unclassified","Not a Pedestrian","Not a Pedestrian",423822,431574,"E01011728",2,"T or staggered junction","Darkness - lights lit","Fine no high winds","Dry","Car occupant"
"8787","2017134720022",2017-07-02,2017,"Jul",2,"00:16",0,16,"Sunday","Slight",2,"Slight","Taxi/Private hire car occupant","Passenger","Female",17,"Unclassified","Single carriageway",30,NA,"Not a Pedestrian","Not a Pedestrian",436951,433821,"E01011412",2,"Not at junction or within 20 metres","Darkness - lights lit","Fine no high winds","Dry","Car occupant"
"8788","2017134720022",2017-07-02,2017,"Jul",2,"00:16",0,16,"Sunday","Slight",2,"Slight","Taxi/Private hire car occupant","Passenger","Female",16,"Unclassified","Single carriageway",30,NA,"Not a Pedestrian","Not a Pedestrian",436951,433821,"E01011412",2,"Not at junction or within 20 metres","Darkness - lights lit","Fine no high winds","Dry","Car occupant"
"8789","20171346T0641",2017-07-02,2017,"Jul",2,"12:05",12,5,"Sunday","Slight",1,"Slight","Pedestrian","Pedestrian","Female",28,"Unclassified","Single carriageway",30,"Unclassified","On footway or verge","Unknown or other",426826,433448,"E01011292",1,"T or staggered junction","Daylight","Fine no high winds","Dry","Pedestrian"
"8790","2017134720929",2017-07-02,2017,"Jul",2,"13:27",13,27,"Sunday","Slight",1,"Slight","Car occupant","Driver or rider","Male",23,"A","Slip road",60,"A","Not a Pedestrian","Not a Pedestrian",424622,433642,"E01011727",3,"Slip road","Daylight","Fine no high winds","Dry","Car occupant"
"8791","2017134720957",2017-07-02,2017,"Jul",2,"13:42",13,42,"Sunday","Slight",1,"Slight","Cyclist","Driver or rider","Female",20,"A","Single carriageway",30,"Unclassified","Not a Pedestrian","Not a Pedestrian",428223,435785,"E01032946",2,"Other junction","Daylight","Fine no high winds","Dry","Cyclist"
"8792","2017134721287",2017-07-02,2017,"Jul",2,"15:38",15,38,"Sunday","Slight",1,"Slight","Car occupant","Passenger","Female",58,"Unclassified","Single carriageway",30,"Unclassified","Not a Pedestrian","Not a Pedestrian",431106,435807,"E01011356",2,"T or staggered junction","Daylight","Fine no high winds","Dry","Car occupant"
"8793","2017134721407",2017-07-02,2017,"Jul",2,"17:35",17,35,"Sunday","Slight",2,"Slight","Car occupant","Driver or rider","Male",65,"Unclassified","Single carriageway",30,"Unclassified","Not a Pedestrian","Not a Pedestrian",434146,431767,"E01011624",2,"T or staggered junction","Darkness - lighting unknown","Fine no high winds","Dry","Car occupant"
"8794","2017134721407",2017-07-02,2017,"Jul",2,"17:35",17,35,"Sunday","Slight",2,"Slight","Car occupant","Driver or rider","Female",22,"Unclassified","Single carriageway",30,"Unclassified","Not a Pedestrian","Not a Pedestrian",434146,431767,"E01011624",2,"T or staggered junction","Darkness - lighting unknown","Fine no high winds","Dry","Car occupant"
"8795","2017134730446",2017-07-03,2017,"Jul",3,"08:45",8,45,"Monday","Slight",1,"Slight","Cyclist","Driver or rider","Male",36,"Unclassified","Dual carriageway",30,NA,"Not a Pedestrian","Not a Pedestrian",429967,433252,"E01033016",2,"Not at junction or within 20 metres","Daylight","Fine no high winds","Dry","Cyclist"
"8796","2017134731270",2017-07-03,2017,"Jul",3,"16:01",16,1,"Monday","Slight",1,"Slight","Car occupant","Driver or rider","Female",51,"B","Single carriageway",30,NA,"Not a Pedestrian","Not a Pedestrian",432817,434374,"E01011340",2,"Not at junction or within 20 metres","Daylight","Fine no high winds","Dry","Car occupant"
"8797","2017134731470",2017-07-03,2017,"Jul",3,"17:31",17,31,"Monday","Slight",1,"Slight","Pedestrian","Pedestrian","Female",25,"Unclassified","Single carriageway",30,NA,"Unknown or other","Crossing from driver's nearside",420511,440531,"E01011278",1,"Not at junction or within 20 metres","Darkness - lighting unknown","Fine no high winds","Dry","Pedestrian"
"8798","2017134731807",2017-07-03,2017,"Jul",3,"18:40",18,40,"Monday","Slight",1,"Slight","Cyclist","Driver or rider","Male",20,"Unclassified","Single carriageway",30,NA,"Not a Pedestrian","Not a Pedestrian",426841,437968,"E01011687",2,"Not at junction or within 20 metres","Darkness - lighting unknown","Fine no high winds","Dry","Cyclist"
"8799","2017134731665",2017-07-03,2017,"Jul",3,"18:50",18,50,"Monday","Slight",1,"Slight","Pedestrian","Pedestrian","Female",10,"Unclassified","Single carriageway",20,NA,"In carriageway, crossing elsewhere","Crossing from driver's nearside",425221,435408,"E01011332",1,"Not at junction or within 20 metres","Darkness - lighting unknown","Fine no high winds","Dry","Pedestrian"
"8800","2017134731874",2017-07-03,2017,"Jul",3,"19:30",19,30,"Monday","Slight",1,"Slight","Car occupant","Driver or rider","Female",26,"Unclassified","Single carriageway",30,NA,"Not a Pedestrian","Not a Pedestrian",423276,434864,"E01011335",2,"Not at junction or within 20 metres","Darkness - lighting unknown","Fine no high winds","Dry","Car occupant"
"8801","2017134732070",2017-07-03,2017,"Jul",3,"20:00",20,0,"Monday","Slight",1,"Slight","Cyclist","Driver or rider","Male",41,"A","Single carriageway",30,"Unclassified","Not a Pedestrian","Not a Pedestrian",428875,429803,"E01011320",2,"T or staggered junction","Darkness - lighting unknown","Fine no high winds","Dry","Cyclist"
"8802","2017134732075",2017-07-03,2017,"Jul",3,"22:09",22,9,"Monday","Slight",1,"Slight","Cyclist","Driver or rider","Male",20,"Unclassified","Single carriageway",30,"Unclassified","Not a Pedestrian","Not a Pedestrian",431049,428265,"E01011490",2,"Other junction","Darkness - lights lit","Fine no high winds","Dry","Cyclist"
"8803","2017134740321",2017-07-04,2017,"Jul",4,"08:20",8,20,"Tuesday","Slight",1,"Slight","Pedestrian","Pedestrian","Male",33,"Unclassified","Single carriageway",30,"Unclassified","Crossing on pedestrian crossing facility","Crossing from driver's offside",431169,431446,"E01011467",1,"T or staggered junction","Daylight","Fine no high winds","Dry","Pedestrian"
"8804","20171344D0633",2017-07-04,2017,"Jul",4,"12:29",12,29,"Tuesday","Slight",1,"Slight","Taxi/Private hire car occupant","Passenger","Female",41,"Unclassified","Single carriageway",30,"Unclassified","Not a Pedestrian","Not a Pedestrian",433999,435142,"E01011339",2,"T or staggered junction","Daylight","Fine no high winds","Dry","Car occupant"
"8805","20171346U1367",2017-07-04,2017,"Jul",4,"13:10",13,10,"Tuesday","Slight",1,"Slight","Pedestrian","Pedestrian","Male",78,"Unclassified","Single carriageway",30,NA,"In carriageway, crossing elsewhere","Crossing from driver's offside",425706,434206,"E01032499",1,"Not at junction or within 20 metres","Daylight","Fine no high winds","Dry","Pedestrian"
"8806","2017134741014",2017-07-04,2017,"Jul",4,"15:05",15,5,"Tuesday","Slight",1,"Slight","Pedestrian","Pedestrian","Male",15,"Unclassified","Dual carriageway",30,NA,"In carriageway, crossing elsewhere","Crossing from nearside - masked by parked or stationary vehicle",425371,435415,"E01011332",1,"Not at junction or within 20 metres","Daylight","Fine no high winds","Dry","Pedestrian"
"8807","2017134750196",2017-07-04,2017,"Jul",4,"23:30",23,30,"Tuesday","Slight",1,"Slight","Pedestrian","Pedestrian","Male",49,"Motorway","One way street",30,"A","In carriageway, crossing elsewhere","Crossing from driver's nearside",429878,432344,"E01011364",1,"Other junction","Darkness - lights lit","Fine no high winds","Dry","Pedestrian"
"8808","2017134750037",2017-07-05,2017,"Jul",5,"00:24",0,24,"Wednesday","Slight",1,"Slight","Car occupant","Driver or rider","Male",43,"C","Single carriageway",30,NA,"Not a Pedestrian","Not a Pedestrian",426053,436623,"E01011485",1,"Not at junction or within 20 metres","Darkness - lights lit","Raining no high winds","Wet or damp","Car occupant"
"8809","2017134751884",2017-07-05,2017,"Jul",5,"21:00",21,0,"Wednesday","Slight",1,"Slight","Cyclist","Driver or rider","Male",26,"Unclassified","Single carriageway",30,NA,"Not a Pedestrian","Not a Pedestrian",428222,435089,"E01011447",2,"Not at junction or within 20 metres","Darkness - lighting unknown","Fine no high winds","Dry","Cyclist"
"8810","2017134751940",2017-07-05,2017,"Jul",5,"21:37",21,37,"Wednesday","Slight",1,"Slight","Pedestrian","Pedestrian","Female",11,"Unclassified","Single carriageway",30,NA,"Unknown or other","Crossing from driver's nearside",420401,439929,"E01011278",1,"Not at junction or within 20 metres","Darkness - lighting unknown","Fine no high winds","Dry","Pedestrian"
"8811","2017134760292",2017-07-06,2017,"Jul",6,"07:30",7,30,"Thursday","Slight",1,"Slight","Pedestrian","Pedestrian","Female",14,"Unclassified","Single carriageway",30,NA,"In carriageway, crossing elsewhere","Crossing from driver's nearside",435810,441263,"E01011311",1,"Not at junction or within 20 metres","Darkness - lighting unknown","Fine no high winds","Dry","Pedestrian"
"8812","2017134761238",2017-07-06,2017,"Jul",6,"16:30",16,30,"Thursday","Slight",1,"Slight","Cyclist","Driver or rider","Male",20,"A","Dual carriageway",30,NA,"Not a Pedestrian","Not a Pedestrian",432904,432378,"E01011621",2,"Not at junction or within 20 metres","Daylight","Fine no high winds","Dry","Cyclist"
"8813","2017134761348",2017-07-06,2017,"Jul",6,"16:30",16,30,"Thursday","Slight",1,"Slight","Cyclist","Driver or rider","Male",11,"Unclassified","Single carriageway",30,NA,"Not a Pedestrian","Not a Pedestrian",432503,434085,"E01011348",2,"Not at junction or within 20 metres","Daylight","Fine no high winds","Dry","Cyclist"
"8814","2017134761414",2017-07-06,2017,"Jul",6,"16:50",16,50,"Thursday","Slight",1,"Slight","Car occupant","Driver or rider","Female",29,"Unclassified","Single carriageway",30,NA,"Not a Pedestrian","Not a Pedestrian",428995,432443,"E01033013",2,"Not at junction or within 20 metres","Daylight","Fine no high winds","Dry","Car occupant"
"8815","2017134761374",2017-07-06,2017,"Jul",6,"17:00",17,0,"Thursday","Slight",1,"Slight","Pedestrian","Pedestrian","Female",4,"Unclassified","Single carriageway",30,NA,"In carriageway, crossing elsewhere","Crossing from driver's nearside",423435,434769,"E01011333",1,"Not at junction or within 20 metres","Darkness - lighting unknown","Fine no high winds","Dry","Pedestrian"
"8816","2017134761541",2017-07-06,2017,"Jul",6,"18:06",18,6,"Thursday","Slight",2,"Slight","Pedestrian","Pedestrian","Male",24,"Unclassified","One way street",30,NA,"Crossing on pedestrian crossing facility","Crossing from driver's nearside",429944,433416,"E01033010",1,"Not at junction or within 20 metres","Darkness - lighting unknown","Fine no high winds","Dry","Pedestrian"
"8817","2017134761541",2017-07-06,2017,"Jul",6,"18:06",18,6,"Thursday","Slight",2,"Slight","Pedestrian","Pedestrian","Female",25,"Unclassified","One way street",30,NA,"Crossing on pedestrian crossing facility","Crossing from driver's nearside",429944,433416,"E01033010",1,"Not at junction or within 20 metres","Darkness - lighting unknown","Fine no high winds","Dry","Pedestrian"
"8818","2017134790766",2017-07-06,2017,"Jul",6,"19:45",19,45,"Thursday","Slight",1,"Slight","Pedestrian","Pedestrian","Female",35,"Unclassified","Dual carriageway",20,NA,"On footway or verge","Unknown or other",430280,433402,"E01033010",1,"Not at junction or within 20 metres","Darkness - lighting unknown","Fine no high winds","Dry","Pedestrian"
"8819","2017134770340",2017-07-07,2017,"Jul",7,"07:57",7,57,"Friday","Slight",2,"Slight","Car occupant","Driver or rider","Male",20,"B","Single carriageway",30,"Unclassified","Not a Pedestrian","Not a Pedestrian",423186,434669,"E01011335",2,"Crossroads","Daylight","Fine no high winds","Dry","Car occupant"
"8820","2017134770340",2017-07-07,2017,"Jul",7,"07:57",7,57,"Friday","Slight",2,"Slight","Car occupant","Driver or rider","Female",33,"B","Single carriageway",30,"Unclassified","Not a Pedestrian","Not a Pedestrian",423186,434669,"E01011335",2,"Crossroads","Daylight","Fine no high winds","Dry","Car occupant"
"8821","2017134780668",2017-07-08,2017,"Jul",8,"10:55",10,55,"Saturday","Slight",1,"Slight","Cyclist","Driver or rider","Male",38,"Unclassified","Single carriageway",30,NA,"Not a Pedestrian","Not a Pedestrian",423146,433815,"E01011609",2,"Not at junction or within 20 metres","Daylight","Fine no high winds","Dry","Cyclist"
"8822","2017134780834",2017-07-08,2017,"Jul",8,"12:21",12,21,"Saturday","Serious",1,"Serious","Motorcycle over 125cc and up to 500cc rider or  passenger","Driver or rider","Male",23,"A(M)","Dual carriageway",70,NA,"Not a Pedestrian","Not a Pedestrian",443592,435505,"E01011297",1,"Not at junction or within 20 metres","Daylight","Fine no high winds","Dry","Motorcyclist and pillion"
"8823","2017134781094",2017-07-08,2017,"Jul",8,"14:35",14,35,"Saturday","Serious",1,"Serious","Motorcycle 125cc and under rider or passenger","Driver or rider","Male",28,"B","Dual carriageway",40,NA,"Not a Pedestrian","Not a Pedestrian",434043,433956,"E01011341",2,"Not at junction or within 20 metres","Daylight","Fine no high winds","Dry","Motorcyclist and pillion"
"8824","2017134782088",2017-07-08,2017,"Jul",8,"22:20",22,20,"Saturday","Slight",1,"Slight","Pedestrian","Pedestrian","Male",6,"Unclassified","Dual carriageway",30,NA,"In carriageway, crossing elsewhere","Crossing from offside - masked by  parked or stationary vehicle",432693,435236,"E01011431",1,"Not at junction or within 20 metres","Darkness - lights lit","Fine no high winds","Dry","Pedestrian"
"8825","2017134782293",2017-07-08,2017,"Jul",8,"23:45",23,45,"Saturday","Slight",1,"Slight","Motorcycle 50cc and under rider or passenger","Driver or rider","Male",23,"A","Single carriageway",30,"Unclassified","Not a Pedestrian","Not a Pedestrian",427973,436065,"E01011440",3,"T or staggered junction","Darkness - lights lit","Fine no high winds","Dry","Motorcyclist and pillion"
"8826","2017134791114",2017-07-09,2017,"Jul",9,"14:29",14,29,"Sunday","Slight",1,"Slight","Car occupant","Driver or rider","Male",43,"Unclassified","Single carriageway",30,"Unclassified","Not a Pedestrian","Not a Pedestrian",431620,436140,"E01011359",2,"Other junction","Daylight","Fine no high winds","Dry","Car occupant"
"8827","2017134791245",2017-07-09,2017,"Jul",9,"15:20",15,20,"Sunday","Serious",1,"Serious","Pedestrian","Pedestrian","Female",5,"Unclassified","Single carriageway",30,"Unclassified","Crossing on pedestrian crossing facility","Crossing from driver's offside",429220,435455,"E01033005",1,"T or staggered junction","Daylight","Fine no high winds","Dry","Pedestrian"
"8828","2017134791315",2017-07-09,2017,"Jul",9,"15:50",15,50,"Sunday","Slight",1,"Slight","Cyclist","Driver or rider","Male",43,"Unclassified","Single carriageway",30,"Unclassified","Not a Pedestrian","Not a Pedestrian",443495,444573,"E01011711",2,"T or staggered junction","Daylight","Fine no high winds","Dry","Cyclist"
"8829","2017134791591",2017-07-09,2017,"Jul",9,"18:05",18,5,"Sunday","Slight",1,"Slight","Car occupant","Driver or rider","Male",43,"A","Dual carriageway",40,"Unclassified","Not a Pedestrian","Not a Pedestrian",425912,432240,"E01011730",2,"T or staggered junction","Darkness - lighting unknown","Fine no high winds","Dry","Car occupant"
"8830","20171347A0475",2017-07-10,2017,"Jul",10,"09:43",9,43,"Monday","Slight",2,"Slight","Cyclist","Driver or rider","Male",34,"Unclassified","Unknown",20,NA,"Not a Pedestrian","Not a Pedestrian",428139,433507,"E01011363",1,"Not at junction or within 20 metres","Daylight","Fine no high winds","Dry","Cyclist"
"8831","20171347A0475",2017-07-10,2017,"Jul",10,"09:43",9,43,"Monday","Slight",2,"Slight","Pedestrian","Pedestrian","Female",25,"Unclassified","Unknown",20,NA,"On footway or verge","Unknown or other",428139,433507,"E01011363",1,"Not at junction or within 20 metres","Daylight","Fine no high winds","Dry","Pedestrian"
"8832","20171347A1531",2017-07-10,2017,"Jul",10,"18:20",18,20,"Monday","Slight",1,"Slight","Car occupant","Driver or rider","Male",31,"Unclassified","Single carriageway",30,NA,"Not a Pedestrian","Not a Pedestrian",429044,436937,"E01011688",2,"Not at junction or within 20 metres","Darkness - lighting unknown","Fine no high winds","Dry","Car occupant"
"8833","20171347A1553",2017-07-10,2017,"Jul",10,"18:31",18,31,"Monday","Serious",1,"Serious","Motorcycle over 125cc and up to 500cc rider or  passenger","Driver or rider","Male",45,"A","Roundabout",40,"A","Not a Pedestrian","Not a Pedestrian",440412,447661,"E01011704",2,"Roundabout","Darkness - lighting unknown","Fine no high winds","Dry","Motorcyclist and pillion"