"","accident_index","date","year","month","day","time","time_hour","time_minute","day_of_week","accident_severity","number_of_casualties","casualty_severity","casualty_type","casualty_class","sex_of_casualty","age_of_casualty","first_road_class","road_type","speed_limit","second_road_class","pedestrian_location","pedestrian_movement","location_easting_osgr","location_northing_osgr","lsoa_of_accident_location","number_of_vehicles","junction_detail","light_conditions","weather_conditions","road_surface_conditions","cas_type"
"8834","20171347A1712",2017-07-10,2017,"Jul",10,"19:40",19,40,"Monday","Slight",1,"Slight","Pedestrian","Pedestrian","Male",8,"Unclassified","Single carriageway",30,NA,"In carriageway, crossing elsewhere","Unknown or other",429020,431901,"E01011368",1,"Not at junction or within 20 metres","Darkness - lighting unknown","Fine no high winds","Dry","Pedestrian"
"8835","20171347B0363",2017-07-11,2017,"Jul",11,"08:35",8,35,"Tuesday","Slight",1,"Slight","Car occupant","Driver or rider","Male",46,"Motorway","Dual carriageway",70,NA,"Not a Pedestrian","Not a Pedestrian",432300,426215,"E01011499",4,"Not at junction or within 20 metres","Daylight","Raining no high winds","Wet or damp","Car occupant"
"8836","20171347B0564",2017-07-11,2017,"Jul",11,"10:45",10,45,"Tuesday","Slight",1,"Slight","Pedestrian","Pedestrian","Female",43,"Unclassified","One way street",20,NA,"In carriageway, crossing elsewhere","Crossing from offside - masked by  parked or stationary vehicle",431559,429079,"E01011476",1,"Not at junction or within 20 metres","Daylight","Fine no high winds","Dry","Pedestrian"
"8837","20171347C0518",2017-07-11,2017,"Jul",11,"20:10",20,10,"Tuesday","Slight",1,"Slight","Car occupant","Driver or rider","Female",26,"A","Dual carriageway",30,"Unclassified","Not a Pedestrian","Not a Pedestrian",430965,433424,"E01033033",2,"T or staggered junction","Darkness - lighting unknown","Fine no high winds","Dry","Car occupant"
"8838","20171347C0252",2017-07-12,2017,"Jul",12,"07:20",7,20,"Wednesday","Slight",2,"Slight","Car occupant","Driver or rider","Female",43,"Unclassified","Single carriageway",30,"Unclassified","Not a Pedestrian","Not a Pedestrian",420549,444952,"E01011569",2,"T or staggered junction","Darkness - lighting unknown","Fine no high winds","Dry","Car occupant"
"8839","20171347C0252",2017-07-12,2017,"Jul",12,"07:20",7,20,"Wednesday","Slight",2,"Slight","Car occupant","Passenger","Male",4,"Unclassified","Single carriageway",30,"Unclassified","Not a Pedestrian","Not a Pedestrian",420549,444952,"E01011569",2,"T or staggered junction","Darkness - lighting unknown","Fine no high winds","Dry","Car occupant"
"8840","20171347C0359",2017-07-12,2017,"Jul",12,"08:45",8,45,"Wednesday","Slight",1,"Slight","Cyclist","Driver or rider","Male",54,"Unclassified","Single carriageway",30,"Unclassified","Not a Pedestrian","Not a Pedestrian",432061,436090,"E01011642",2,"Crossroads","Daylight","Fine no high winds","Dry","Cyclist"
"8841","20171347C0972",2017-07-12,2017,"Jul",12,"14:19",14,19,"Wednesday","Serious",1,"Serious","Pedestrian","Pedestrian","Male",92,"Unclassified","Single carriageway",30,"Unclassified","In carriageway, crossing elsewhere","Crossing from driver's nearside",429141,431739,"E01011366",1,"T or staggered junction","Daylight","Fine no high winds","Dry","Pedestrian"
"8842","20171347C1294",2017-07-12,2017,"Jul",12,"16:30",16,30,"Wednesday","Serious",1,"Serious","Cyclist","Driver or rider","Female",45,"Unclassified","Dual carriageway",40,"Unclassified","Not a Pedestrian","Not a Pedestrian",429092,429970,"E01011320",2,"T or staggered junction","Daylight","Fine no high winds","Dry","Cyclist"
"8843","20171347C1300",2017-07-12,2017,"Jul",12,"16:35",16,35,"Wednesday","Slight",1,"Slight","Cyclist","Driver or rider","Male",12,"A","Dual carriageway",40,NA,"Not a Pedestrian","Not a Pedestrian",435863,435283,"E01011666",2,"Not at junction or within 20 metres","Daylight","Fine no high winds","Dry","Cyclist"
"8844","20171347D0521",2017-07-13,2017,"Jul",13,"09:55",9,55,"Thursday","Slight",2,"Slight","Car occupant","Driver or rider","Female",36,"Unclassified","Single carriageway",30,"A","Not a Pedestrian","Not a Pedestrian",432728,438473,"E01011653",2,"T or staggered junction","Daylight","Fine no high winds","Dry","Car occupant"
"8845","20171347D0521",2017-07-13,2017,"Jul",13,"09:55",9,55,"Thursday","Slight",2,"Slight","Van / Goods vehicle (3.5 tonnes mgw or under) occupant","Driver or rider","Male",75,"Unclassified","Single carriageway",30,"A","Not a Pedestrian","Not a Pedestrian",432728,438473,"E01011653",2,"T or staggered junction","Daylight","Fine no high winds","Dry","Bus and goods vehicle occupant"
"8846","20171347D0628",2017-07-13,2017,"Jul",13,"10:53",10,53,"Thursday","Slight",2,"Slight","Car occupant","Driver or rider","Male",73,"A","Roundabout",40,"Unclassified","Not a Pedestrian","Not a Pedestrian",428296,429572,"E01011531",2,"Roundabout","Daylight","Fine no high winds","Dry","Car occupant"
"8847","20171347D0628",2017-07-13,2017,"Jul",13,"10:53",10,53,"Thursday","Slight",2,"Slight","Car occupant","Passenger","Female",74,"A","Roundabout",40,"Unclassified","Not a Pedestrian","Not a Pedestrian",428296,429572,"E01011531",2,"Roundabout","Daylight","Fine no high winds","Dry","Car occupant"
"8848","20171347D1281",2017-07-13,2017,"Jul",13,"15:55",15,55,"Thursday","Slight",1,"Slight","Car occupant","Driver or rider","Male",48,"Unclassified","Single carriageway",30,NA,"Not a Pedestrian","Not a Pedestrian",428223,432714,"E01011363",3,"Not at junction or within 20 metres","Daylight","Fine no high winds","Dry","Car occupant"
"8849","20171347D1777",2017-07-13,2017,"Jul",13,"17:00",17,0,"Thursday","Slight",1,"Slight","Cyclist","Driver or rider","Male",11,"Unclassified","Single carriageway",30,"Unclassified","Not a Pedestrian","Not a Pedestrian",436708,434095,"E01011412",2,"T or staggered junction","Darkness - lighting unknown","Fine no high winds","Dry","Cyclist"
"8850","20171347D2025",2017-07-13,2017,"Jul",13,"21:42",21,42,"Thursday","Serious",2,"Slight","Motorcycle 125cc and under rider or passenger","Driver or rider","Male",39,"A","Single carriageway",60,NA,"Not a Pedestrian","Not a Pedestrian",432630,439364,"E01011651",3,"Not at junction or within 20 metres","Darkness - lights lit","Fine no high winds","Dry","Motorcyclist and pillion"
"8851","20171347D2025",2017-07-13,2017,"Jul",13,"21:42",21,42,"Thursday","Serious",2,"Serious","Motorcycle 125cc and under rider or passenger","Driver or rider","Male",45,"A","Single carriageway",60,NA,"Not a Pedestrian","Not a Pedestrian",432630,439364,"E01011651",3,"Not at junction or within 20 metres","Darkness - lights lit","Fine no high winds","Dry","Motorcyclist and pillion"
"8852","20171347E1107",2017-07-14,2017,"Jul",14,"14:00",14,0,"Friday","Slight",1,"Slight","Pedestrian","Pedestrian","Male",23,"A","Single carriageway",30,NA,"In carriageway, crossing elsewhere","Crossing from driver's offside",431846,435653,"E01011422",1,"Not at junction or within 20 metres","Daylight","Fine no high winds","Dry","Pedestrian"
"8853","20171347F0342",2017-07-15,2017,"Jul",15,"04:51",4,51,"Saturday","Slight",1,"Slight","Pedestrian","Pedestrian","Female",24,"A","Single carriageway",30,"A","Crossing on pedestrian crossing facility","Crossing from driver's offside",430854,433345,"E01033033",1,"Crossroads","Darkness - lighting unknown","Fine no high winds","Dry","Pedestrian"
"8854","20171347F1225",2017-07-15,2017,"Jul",15,"16:06",16,6,"Saturday","Slight",4,"Slight","Car occupant","Passenger","Female",13,"A","Single carriageway",30,NA,"Not a Pedestrian","Not a Pedestrian",424863,427591,"E01011530",3,"Not at junction or within 20 metres","Daylight","Fine no high winds","Dry","Car occupant"
"8855","20171347F1225",2017-07-15,2017,"Jul",15,"16:06",16,6,"Saturday","Slight",4,"Slight","Car occupant","Passenger","Male",10,"A","Single carriageway",30,NA,"Not a Pedestrian","Not a Pedestrian",424863,427591,"E01011530",3,"Not at junction or within 20 metres","Daylight","Fine no high winds","Dry","Car occupant"
"8856","20171347F1225",2017-07-15,2017,"Jul",15,"16:06",16,6,"Saturday","Slight",4,"Slight","Car occupant","Passenger","Female",19,"A","Single carriageway",30,NA,"Not a Pedestrian","Not a Pedestrian",424863,427591,"E01011530",3,"Not at junction or within 20 metres","Daylight","Fine no high winds","Dry","Car occupant"
"8857","20171347F1225",2017-07-15,2017,"Jul",15,"16:06",16,6,"Saturday","Slight",4,"Slight","Car occupant","Passenger","Female",1,"A","Single carriageway",30,NA,"Not a Pedestrian","Not a Pedestrian",424863,427591,"E01011530",3,"Not at junction or within 20 metres","Daylight","Fine no high winds","Dry","Car occupant"
"8858","20171347F1351",2017-07-15,2017,"Jul",15,"17:05",17,5,"Saturday","Slight",1,"Slight","Car occupant","Driver or rider","Male",17,"B","Single carriageway",40,"Unclassified","Not a Pedestrian","Not a Pedestrian",423988,435833,"E01011329",2,"T or staggered junction","Darkness - lighting unknown","Fine no high winds","Dry","Car occupant"
"8859","20171347F2097",2017-07-15,2017,"Jul",15,"22:49",22,49,"Saturday","Slight",1,"Slight","Motorcycle 125cc and under rider or passenger","Driver or rider","Male",23,"Unclassified","Single carriageway",30,"Unclassified","Not a Pedestrian","Not a Pedestrian",430865,434148,"E01033031",2,"Other junction","Darkness - lights lit","Fine no high winds","Dry","Motorcyclist and pillion"
"8860","20171347G1490",2017-07-16,2017,"Jul",16,"17:50",17,50,"Sunday","Slight",1,"Slight","Pedestrian","Pedestrian","Male",20,"Unclassified","Single carriageway",30,"A","In carriageway, crossing elsewhere","Crossing from driver's nearside",429742,430544,"E01011322",1,"T or staggered junction","Darkness - lighting unknown","Fine no high winds","Dry","Pedestrian"
"8861","20171347H0323",2017-07-17,2017,"Jul",17,"08:00",8,0,"Monday","Slight",1,"Slight","Pedestrian","Pedestrian","Male",32,"B","Single carriageway",30,NA,"In carriageway, not crossing","In carriageway, stationary - not crossing  (standing or playing) - masked by parked or stationary vehicle",425524,426550,"E01011546",1,"Not at junction or within 20 metres","Daylight","Fine no high winds","Dry","Pedestrian"
"8862","20171347J1294",2017-07-17,2017,"Jul",17,"08:00",8,0,"Monday","Slight",1,"Slight","Cyclist","Driver or rider","Male",50,"Unclassified","Single carriageway",30,"Unclassified","Not a Pedestrian","Not a Pedestrian",435543,437937,"E01011717",2,"Private drive or entrance","Daylight","Fine no high winds","Dry","Cyclist"
"8863","20171347I1287",2017-07-17,2017,"Jul",17,"08:45",8,45,"Monday","Slight",1,"Slight","Cyclist","Driver or rider","Male",37,"A","Dual carriageway",40,NA,"Not a Pedestrian","Not a Pedestrian",427443,431395,"E01011369",2,"Not at junction or within 20 metres","Daylight","Fine no high winds","Dry","Cyclist"
"8864","20171347H0453",2017-07-17,2017,"Jul",17,"09:20",9,20,"Monday","Serious",1,"Serious","Cyclist","Driver or rider","Female",57,"A","Single carriageway",30,NA,"Not a Pedestrian","Not a Pedestrian",420714,445661,"E01011569",2,"Not at junction or within 20 metres","Daylight","Fine no high winds","Dry","Cyclist"
"8865","20171347H1277",2017-07-17,2017,"Jul",17,"16:02",16,2,"Monday","Slight",1,"Slight","Car occupant","Passenger","Female",40,"Unclassified","Single carriageway",30,"Unclassified","Not a Pedestrian","Not a Pedestrian",433550,435960,"E01011421",2,"Crossroads","Daylight","Fine no high winds","Dry","Car occupant"
"8866","20171347H1374",2017-07-17,2017,"Jul",17,"16:50",16,50,"Monday","Slight",1,"Slight","Motorcycle over 500cc rider or passenger","Driver or rider","Male",44,"Motorway","Dual carriageway",50,NA,"Not a Pedestrian","Not a Pedestrian",430310,431919,"E01011364",2,"Not at junction or within 20 metres","Daylight","Fine no high winds","Dry","Motorcyclist and pillion"
"8867","20171347H1652",2017-07-17,2017,"Jul",17,"17:10",17,10,"Monday","Slight",1,"Slight","Cyclist","Driver or rider","Male",33,"A","Single carriageway",30,"Unclassified","Not a Pedestrian","Not a Pedestrian",427126,434795,"E01011482",2,"T or staggered junction","Darkness - lighting unknown","Fine no high winds","Dry","Cyclist"
"8868","20171347I1154",2017-07-17,2017,"Jul",17,"19:00",19,0,"Monday","Serious",1,"Serious","Cyclist","Driver or rider","Female",59,"Unclassified","Single carriageway",30,"Unclassified","Not a Pedestrian","Not a Pedestrian",436802,435600,"E01011722",2,"T or staggered junction","Darkness - lighting unknown","Fine no high winds","Dry","Cyclist"
"8869","20171347I0315",2017-07-18,2017,"Jul",18,"07:40",7,40,"Tuesday","Slight",1,"Slight","Car occupant","Driver or rider","Male",18,"A","Single carriageway",30,NA,"Not a Pedestrian","Not a Pedestrian",432565,426957,"E01032496",2,"Not at junction or within 20 metres","Daylight","Fine no high winds","Dry","Car occupant"
"8870","20171347I1001",2017-07-18,2017,"Jul",18,"12:30",12,30,"Tuesday","Slight",1,"Slight","Car occupant","Driver or rider","Female",45,"Unclassified","Single carriageway",30,NA,"Not a Pedestrian","Not a Pedestrian",435065,434760,"E01011343",2,"Not at junction or within 20 metres","Daylight","Fine no high winds","Dry","Car occupant"
"8871","20171347I1222",2017-07-18,2017,"Jul",18,"13:05",13,5,"Tuesday","Slight",1,"Slight","Bus or coach occupant (17 or more pass seats)","Passenger","Female",50,"Unclassified","One way street",30,NA,"Not a Pedestrian","Not a Pedestrian",429793,433718,"E01033008",1,"Not at junction or within 20 metres","Daylight","Fine no high winds","Dry","Bus and goods vehicle occupant"
"8872","20171347I1724",2017-07-18,2017,"Jul",18,"14:30",14,30,"Tuesday","Slight",2,"Slight","Car occupant","Driver or rider","Female",42,"Unclassified","Single carriageway",30,"Unclassified","Not a Pedestrian","Not a Pedestrian",430571,432382,"E01033018",2,"T or staggered junction","Daylight","Fine no high winds","Dry","Car occupant"
"8873","20171347I1724",2017-07-18,2017,"Jul",18,"14:30",14,30,"Tuesday","Slight",2,"Slight","Car occupant","Passenger","Female",12,"Unclassified","Single carriageway",30,"Unclassified","Not a Pedestrian","Not a Pedestrian",430571,432382,"E01033018",2,"T or staggered junction","Daylight","Fine no high winds","Dry","Car occupant"
"8874","20171347I1519",2017-07-18,2017,"Jul",18,"17:32",17,32,"Tuesday","Slight",1,"Slight","Motorcycle over 125cc and up to 500cc rider or  passenger","Driver or rider","Male",18,"Unclassified","Single carriageway",30,"Unclassified","Not a Pedestrian","Not a Pedestrian",425625,433080,"E01011730",2,"T or staggered junction","Darkness - lighting unknown","Fine no high winds","Dry","Motorcyclist and pillion"
"8875","20171347I2004",2017-07-18,2017,"Jul",18,"21:25",21,25,"Tuesday","Slight",3,"Slight","Car occupant","Driver or rider","Male",23,"A","Roundabout",40,"Motorway","Not a Pedestrian","Not a Pedestrian",431886,430492,"E01011470",1,"Roundabout","Darkness - lighting unknown","Fine no high winds","Dry","Car occupant"
"8876","20171347I2004",2017-07-18,2017,"Jul",18,"21:25",21,25,"Tuesday","Slight",3,"Slight","Car occupant","Passenger","Female",18,"A","Roundabout",40,"Motorway","Not a Pedestrian","Not a Pedestrian",431886,430492,"E01011470",1,"Roundabout","Darkness - lighting unknown","Fine no high winds","Dry","Car occupant"
"8877","20171347I2004",2017-07-18,2017,"Jul",18,"21:25",21,25,"Tuesday","Slight",3,"Slight","Car occupant","Passenger","Male",24,"A","Roundabout",40,"Motorway","Not a Pedestrian","Not a Pedestrian",431886,430492,"E01011470",1,"Roundabout","Darkness - lighting unknown","Fine no high winds","Dry","Car occupant"
"8878","20171347J0895",2017-07-19,2017,"Jul",19,"11:35",11,35,"Wednesday","Slight",2,"Slight","Bus or coach occupant (17 or more pass seats)","Passenger","Female",54,"B","Single carriageway",30,"Unclassified","Not a Pedestrian","Not a Pedestrian",428045,432828,"E01011362",2,"T or staggered junction","Daylight","Fine no high winds","Dry","Bus and goods vehicle occupant"
"8879","20171347J0895",2017-07-19,2017,"Jul",19,"11:35",11,35,"Wednesday","Slight",2,"Slight","Bus or coach occupant (17 or more pass seats)","Passenger","Female",33,"B","Single carriageway",30,"Unclassified","Not a Pedestrian","Not a Pedestrian",428045,432828,"E01011362",2,"T or staggered junction","Daylight","Fine no high winds","Dry","Bus and goods vehicle occupant"
"8880","20171347J1277",2017-07-19,2017,"Jul",19,"16:35",16,35,"Wednesday","Slight",1,"Slight","Cyclist","Driver or rider","Male",27,"A","Single carriageway",30,NA,"Not a Pedestrian","Not a Pedestrian",427162,433671,"E01011284",2,"Not at junction or within 20 metres","Daylight","Fine no high winds","Dry","Cyclist"
"8881","20171347K0435",2017-07-19,2017,"Jul",19,"17:15",17,15,"Wednesday","Serious",1,"Serious","Car occupant","Driver or rider","Female",42,"A","Single carriageway",40,"Unclassified","Not a Pedestrian","Not a Pedestrian",435001,438404,"E01011714",2,"Crossroads","Darkness - lighting unknown","Fine no high winds","Dry","Car occupant"
"8882","20171347J1578",2017-07-19,2017,"Jul",19,"19:05",19,5,"Wednesday","Slight",2,"Slight","Car occupant","Driver or rider","Male",63,"A","Single carriageway",40,"Unclassified","Not a Pedestrian","Not a Pedestrian",435930,426611,"E01011636",2,"T or staggered junction","Darkness - lighting unknown","Fine no high winds","Dry","Car occupant"
"8883","20171347J1578",2017-07-19,2017,"Jul",19,"19:05",19,5,"Wednesday","Slight",2,"Slight","Car occupant","Driver or rider","Male",36,"A","Single carriageway",40,"Unclassified","Not a Pedestrian","Not a Pedestrian",435930,426611,"E01011636",2,"T or staggered junction","Darkness - lighting unknown","Fine no high winds","Dry","Car occupant"
"8884","20171347K0573",2017-07-20,2017,"Jul",20,"10:52",10,52,"Thursday","Slight",3,"Slight","Car occupant","Driver or rider","Female",33,"A","Dual carriageway",30,"Unclassified","Not a Pedestrian","Not a Pedestrian",430907,432290,"E01033018",2,"T or staggered junction","Daylight","Other","Wet or damp","Car occupant"
"8885","20171347K0573",2017-07-20,2017,"Jul",20,"10:52",10,52,"Thursday","Slight",3,"Slight","Car occupant","Passenger","Female",62,"A","Dual carriageway",30,"Unclassified","Not a Pedestrian","Not a Pedestrian",430907,432290,"E01033018",2,"T or staggered junction","Daylight","Other","Wet or damp","Car occupant"
"8886","20171347K0573",2017-07-20,2017,"Jul",20,"10:52",10,52,"Thursday","Slight",3,"Slight","Car occupant","Driver or rider","Female",33,"A","Dual carriageway",30,"Unclassified","Not a Pedestrian","Not a Pedestrian",430907,432290,"E01033018",2,"T or staggered junction","Daylight","Other","Wet or damp","Car occupant"
"8887","20171347L0923",2017-07-20,2017,"Jul",20,"12:50",12,50,"Thursday","Slight",2,"Slight","Car occupant","Driver or rider","Female",27,"A","Dual carriageway",40,NA,"Not a Pedestrian","Not a Pedestrian",427744,430806,"E01011318",2,"Not at junction or within 20 metres","Daylight","Fine no high winds","Dry","Car occupant"
"8888","20171347L0923",2017-07-20,2017,"Jul",20,"12:50",12,50,"Thursday","Slight",2,"Slight","Car occupant","Passenger","Female",1,"A","Dual carriageway",40,NA,"Not a Pedestrian","Not a Pedestrian",427744,430806,"E01011318",2,"Not at junction or within 20 metres","Daylight","Fine no high winds","Dry","Car occupant"
"8889","20171347K0804",2017-07-20,2017,"Jul",20,"13:01",13,1,"Thursday","Slight",1,"Slight","Car occupant","Driver or rider","Male",49,"A","Dual carriageway",40,"Unclassified","Not a Pedestrian","Not a Pedestrian",433036,432313,"E01011621",2,"Roundabout","Daylight","Fine no high winds","Dry","Car occupant"
"8890","20171347K1197",2017-07-20,2017,"Jul",20,"16:02",16,2,"Thursday","Slight",1,"Slight","Motorcycle over 500cc rider or passenger","Driver or rider","Male",31,"Unclassified","Single carriageway",40,"Unclassified","Not a Pedestrian","Not a Pedestrian",429976,445290,"E01011561",2,"T or staggered junction","Daylight","Fine no high winds","Dry","Motorcyclist and pillion"
"8891","20171347L1567",2017-07-21,2017,"Jul",21,"08:00",8,0,"Friday","Slight",1,"Slight","Car occupant","Driver or rider","Female",27,"A","Dual carriageway",40,NA,"Not a Pedestrian","Not a Pedestrian",428709,433148,"E01033013",2,"Not at junction or within 20 metres","Daylight","Raining no high winds","Wet or damp","Car occupant"
"8892","20171347L0514",2017-07-21,2017,"Jul",21,"09:17",9,17,"Friday","Slight",1,"Slight","Bus or coach occupant (17 or more pass seats)","Passenger","Female",23,"A","Single carriageway",30,"A","Not a Pedestrian","Not a Pedestrian",424128,444012,"E01032503",2,"Crossroads","Daylight","Fine no high winds","Dry","Bus and goods vehicle occupant"
"8893","20171347L0719",2017-07-21,2017,"Jul",21,"11:22",11,22,"Friday","Slight",1,"Slight","Car occupant","Driver or rider","Male",18,"A","Dual carriageway",40,"Unclassified","Not a Pedestrian","Not a Pedestrian",425485,432854,"E01011730",1,"Roundabout","Daylight","Fine no high winds","Wet or damp","Car occupant"
"8894","20171347L1350",2017-07-21,2017,"Jul",21,"15:30",15,30,"Friday","Slight",1,"Slight","Cyclist","Driver or rider","Female",8,"Unclassified","Single carriageway",30,NA,"Not a Pedestrian","Not a Pedestrian",427432,433572,"E01011293",2,"Not at junction or within 20 metres","Daylight","Fine no high winds","Wet or damp","Cyclist"
"8895","20171347M0293",2017-07-22,2017,"Jul",22,"04:13",4,13,"Saturday","Slight",1,"Slight","Car occupant","Driver or rider","Female",37,"Unclassified","Single carriageway",30,NA,"Not a Pedestrian","Not a Pedestrian",429025,428911,"E01011493",2,"Not at junction or within 20 metres","Darkness - lights unlit","Raining no high winds","Wet or damp","Car occupant"
"8896","20171347L0445",2017-07-22,2017,"Jul",22,"08:30",8,30,"Saturday","Slight",1,"Slight","Pedestrian","Pedestrian","Male",9,"Unclassified","Single carriageway",30,"Unclassified","Crossing on pedestrian crossing facility","Crossing from driver's nearside",431400,435026,"E01011673",1,"Crossroads","Daylight","Fine no high winds","Dry","Pedestrian"
"8897","20171347M0482",2017-07-22,2017,"Jul",22,"09:00",9,0,"Saturday","Slight",1,"Slight","Car occupant","Driver or rider","Female",25,"Motorway","Dual carriageway",70,NA,"Not a Pedestrian","Not a Pedestrian",434381,430344,"E01011624",2,"Not at junction or within 20 metres","Daylight","Raining no high winds","Wet or damp","Car occupant"
"8898","20171347M0745",2017-07-22,2017,"Jul",22,"11:30",11,30,"Saturday","Slight",1,"Slight","Cyclist","Driver or rider","Male",15,"Unclassified","Single carriageway",30,"Unclassified","Not a Pedestrian","Not a Pedestrian",420602,441486,"E01011269",2,"T or staggered junction","Daylight","Fine no high winds","Dry","Cyclist"
"8899","20171347M2125",2017-07-22,2017,"Jul",22,"22:40",22,40,"Saturday","Slight",1,"Slight","Car occupant","Driver or rider","Male",63,"A(M)","Dual carriageway",60,NA,"Not a Pedestrian","Not a Pedestrian",442011,443713,"E01011710",1,"Not at junction or within 20 metres","Darkness - no lighting","Raining no high winds","Wet or damp","Car occupant"
"8900","20171347M2185",2017-07-22,2017,"Jul",22,"23:30",23,30,"Saturday","Serious",2,"Slight","Car occupant","Driver or rider","Male",27,"Unclassified","Single carriageway",20,NA,"Not a Pedestrian","Not a Pedestrian",421522,434974,"E01011594",4,"Not at junction or within 20 metres","Darkness - lights lit","Fine no high winds","Wet or damp","Car occupant"
"8901","20171347M2185",2017-07-22,2017,"Jul",22,"23:30",23,30,"Saturday","Serious",2,"Serious","Car occupant","Passenger","Female",23,"Unclassified","Single carriageway",20,NA,"Not a Pedestrian","Not a Pedestrian",421522,434974,"E01011594",4,"Not at junction or within 20 metres","Darkness - lights lit","Fine no high winds","Wet or damp","Car occupant"
"8902","20171347N0537",2017-07-23,2017,"Jul",23,"09:32",9,32,"Sunday","Slight",1,"Slight","Van / Goods vehicle (3.5 tonnes mgw or under) occupant","Driver or rider","Male",58,"Motorway","Single carriageway",30,NA,"Not a Pedestrian","Not a Pedestrian",430408,431861,"E01011364",3,"Not at junction or within 20 metres","Daylight","Fine no high winds","Dry","Bus and goods vehicle occupant"
"8903","20171347O0671",2017-07-24,2017,"Jul",24,"12:30",12,30,"Monday","Slight",1,"Slight","Car occupant","Driver or rider","Female",33,"Motorway","Unknown",70,"Motorway","Not a Pedestrian","Not a Pedestrian",431968,427779,"E01011490",2,"Slip road","Daylight","Fine no high winds","Dry","Car occupant"
"8904","20171347O0847",2017-07-24,2017,"Jul",24,"13:15",13,15,"Monday","Slight",1,"Slight","Van / Goods vehicle (3.5 tonnes mgw or under) occupant","Passenger","Male",33,"Unclassified","Single carriageway",30,NA,"Not a Pedestrian","Not a Pedestrian",434261,436922,"E01011658",2,"Not at junction or within 20 metres","Daylight","Fine no high winds","Dry","Bus and goods vehicle occupant"
"8905","20171347O1109",2017-07-24,2017,"Jul",24,"15:30",15,30,"Monday","Slight",1,"Slight","Pedestrian","Pedestrian","Female",5,"Unclassified","Single carriageway",30,NA,"In carriageway, not crossing","Walking along in carriageway, facing traffic",438154,430954,"E01011391",1,"Not at junction or within 20 metres","Daylight","Fine no high winds","Dry","Pedestrian"
"8906","20171347O0421",2017-07-24,2017,"Jul",24,"17:16",17,16,"Monday","Slight",1,"Slight","Bus or coach occupant (17 or more pass seats)","Passenger","Male",40,"Unclassified","Single carriageway",30,"Unclassified","Not a Pedestrian","Not a Pedestrian",430422,433463,"E01033010",2,"T or staggered junction","Darkness - lighting unknown","Fine no high winds","Dry","Bus and goods vehicle occupant"
"8907","20171347O1610",2017-07-24,2017,"Jul",24,"19:52",19,52,"Monday","Slight",1,"Slight","Cyclist","Driver or rider","Male",36,"A","Single carriageway",30,"Unclassified","Not a Pedestrian","Not a Pedestrian",430114,431740,"E01011364",2,"Crossroads","Darkness - lighting unknown","Fine no high winds","Dry","Cyclist"
"8908","20171347O1801",2017-07-24,2017,"Jul",24,"21:14",21,14,"Monday","Slight",1,"Slight","Car occupant","Driver or rider","Male",26,"A","Dual carriageway",70,"Unclassified","Not a Pedestrian","Not a Pedestrian",429430,438688,"E01011559",1,"T or staggered junction","Darkness - lighting unknown","Fine no high winds","Dry","Car occupant"
"8909","20171347O1839",2017-07-24,2017,"Jul",24,"21:30",21,30,"Monday","Slight",1,"Slight","Car occupant","Driver or rider","Male",19,"B","Single carriageway",30,NA,"Not a Pedestrian","Not a Pedestrian",426693,433083,"E01032607",2,"Not at junction or within 20 metres","Darkness - lights lit","Fine no high winds","Wet or damp","Car occupant"
"8910","20171347P0215",2017-07-25,2017,"Jul",25,"05:30",5,30,"Tuesday","Serious",1,"Serious","Motorcycle over 500cc rider or passenger","Driver or rider","Female",27,"Unclassified","Single carriageway",30,NA,"Not a Pedestrian","Not a Pedestrian",430831,433291,"E01033033",2,"Not at junction or within 20 metres","Darkness - lighting unknown","Fine no high winds","Dry","Motorcyclist and pillion"
"8911","20171347P0314",2017-07-25,2017,"Jul",25,"08:16",8,16,"Tuesday","Slight",1,"Slight","Motorcycle 125cc and under rider or passenger","Driver or rider","Male",26,"Unclassified","Single carriageway",30,"Unclassified","Not a Pedestrian","Not a Pedestrian",428489,434455,"E01011681",2,"T or staggered junction","Daylight","Fine no high winds","Dry","Motorcyclist and pillion"
"8912","20171347P0938",2017-07-25,2017,"Jul",25,"14:30",14,30,"Tuesday","Slight",1,"Slight","Pedestrian","Pedestrian","Male",63,"Unclassified","Single carriageway",30,NA,"Crossing on pedestrian crossing facility","Crossing from driver's nearside",430377,433527,"E01033010",1,"Not at junction or within 20 metres","Daylight","Fine no high winds","Dry","Pedestrian"
"8913","20171347P0977",2017-07-25,2017,"Jul",25,"14:45",14,45,"Tuesday","Slight",2,"Slight","Car occupant","Driver or rider","Female",42,"Unclassified","Single carriageway",30,"Unclassified","Not a Pedestrian","Not a Pedestrian",430609,431994,"E01011364",2,"T or staggered junction","Daylight","Fine no high winds","Dry","Car occupant"
"8914","20171347P0977",2017-07-25,2017,"Jul",25,"14:45",14,45,"Tuesday","Slight",2,"Slight","Car occupant","Passenger","Female",3,"Unclassified","Single carriageway",30,"Unclassified","Not a Pedestrian","Not a Pedestrian",430609,431994,"E01011364",2,"T or staggered junction","Daylight","Fine no high winds","Dry","Car occupant"
"8915","20171347P1117",2017-07-25,2017,"Jul",25,"15:46",15,46,"Tuesday","Slight",1,"Slight","Car occupant","Driver or rider","Male",54,"A","Dual carriageway",40,NA,"Not a Pedestrian","Not a Pedestrian",432581,433811,"E01011348",2,"Not at junction or within 20 metres","Daylight","Fine no high winds","Dry","Car occupant"