"","accident_index","date","year","month","day","time","time_hour","time_minute","day_of_week","accident_severity","number_of_casualties","casualty_severity","casualty_type","casualty_class","sex_of_casualty","age_of_casualty","first_road_class","road_type","speed_limit","second_road_class","pedestrian_location","pedestrian_movement","location_easting_osgr","location_northing_osgr","lsoa_of_accident_location","number_of_vehicles","junction_detail","light_conditions","weather_conditions","road_surface_conditions","cas_type"
"8916","20171347R1896",2017-07-26,2017,"Jul",26,"07:59",7,59,"Wednesday","Slight",1,"Slight","Cyclist","Driver or rider","Male",33,"Unclassified","Single carriageway",30,"Unclassified","Not a Pedestrian","Not a Pedestrian",430349,433049,"E01033016",2,"Crossroads","Daylight","Fine no high winds","Wet or damp","Cyclist"
"8917","20171347Q0329",2017-07-26,2017,"Jul",26,"08:16",8,16,"Wednesday","Slight",1,"Slight","Cyclist","Driver or rider","Female",26,"Unclassified","Single carriageway",30,NA,"Not a Pedestrian","Not a Pedestrian",427863,433666,"E01011284",2,"Not at junction or within 20 metres","Daylight","Fine no high winds","Wet or damp","Cyclist"
"8918","20171347Q1498",2017-07-26,2017,"Jul",26,"08:55",8,55,"Wednesday","Slight",1,"Slight","Cyclist","Driver or rider","Female",25,"Unclassified","Single carriageway",30,"Unclassified","Not a Pedestrian","Not a Pedestrian",430071,433838,"E01033010",2,"T or staggered junction","Daylight","Fine no high winds","Dry","Cyclist"
"8919","20171347Q1826",2017-07-26,2017,"Jul",26,"16:10",16,10,"Wednesday","Slight",1,"Slight","Cyclist","Driver or rider","Male",23,"Unclassified","Single carriageway",30,"Unclassified","Not a Pedestrian","Not a Pedestrian",431140,434298,"E01033031",2,"T or staggered junction","Daylight","Fine no high winds","Dry","Cyclist"
"8920","20171347R0180",2017-07-27,2017,"Jul",27,"04:00",4,0,"Thursday","Serious",1,"Serious","Car occupant","Driver or rider","Male",26,"A","Single carriageway",60,NA,"Not a Pedestrian","Not a Pedestrian",426980,440797,"E01011381",1,"Not at junction or within 20 metres","Darkness - no lighting","Fine no high winds","Wet or damp","Car occupant"
"8921","20171347R0922",2017-07-27,2017,"Jul",27,"10:25",10,25,"Thursday","Slight",1,"Slight","Pedestrian","Pedestrian","Male",45,"Unclassified","Single carriageway",30,NA,"In carriageway, crossing elsewhere","Crossing from driver's offside",429494,432902,"E01033032",1,"Not at junction or within 20 metres","Daylight","Fine no high winds","Dry","Pedestrian"
"8922","20171347R0603",2017-07-27,2017,"Jul",27,"12:21",12,21,"Thursday","Slight",1,"Slight","Cyclist","Driver or rider","Female",24,"Unclassified","Dual carriageway",30,NA,"Not a Pedestrian","Not a Pedestrian",429560,433812,"E01033008",2,"Not at junction or within 20 metres","Daylight","Fine no high winds","Dry","Cyclist"
"8923","20171347P0826",2017-07-27,2017,"Jul",27,"13:29",13,29,"Thursday","Serious",3,"Slight","Car occupant","Driver or rider","Male",23,"Unclassified","Single carriageway",30,NA,"Not a Pedestrian","Not a Pedestrian",431263,433817,"E01011338",3,"Not at junction or within 20 metres","Daylight","Fine no high winds","Dry","Car occupant"
"8924","20171347P0826",2017-07-27,2017,"Jul",27,"13:29",13,29,"Thursday","Serious",3,"Serious","Car occupant","Passenger","Male",21,"Unclassified","Single carriageway",30,NA,"Not a Pedestrian","Not a Pedestrian",431263,433817,"E01011338",3,"Not at junction or within 20 metres","Daylight","Fine no high winds","Dry","Car occupant"
"8925","20171347P0826",2017-07-27,2017,"Jul",27,"13:29",13,29,"Thursday","Serious",3,"Slight","Car occupant","Driver or rider","Female",60,"Unclassified","Single carriageway",30,NA,"Not a Pedestrian","Not a Pedestrian",431263,433817,"E01011338",3,"Not at junction or within 20 metres","Daylight","Fine no high winds","Dry","Car occupant"
"8926","20171347R1479",2017-07-27,2017,"Jul",27,"19:21",19,21,"Thursday","Slight",2,"Slight","Car occupant","Driver or rider","Female",21,"Unclassified","Single carriageway",30,"A","Not a Pedestrian","Not a Pedestrian",432675,436914,"E01011644",2,"Crossroads","Darkness - lighting unknown","Fine no high winds","Dry","Car occupant"
"8927","20171347R1479",2017-07-27,2017,"Jul",27,"19:21",19,21,"Thursday","Slight",2,"Slight","Car occupant","Passenger","Male",20,"Unclassified","Single carriageway",30,"A","Not a Pedestrian","Not a Pedestrian",432675,436914,"E01011644",2,"Crossroads","Darkness - lighting unknown","Fine no high winds","Dry","Car occupant"
"8928","20171347R1705",2017-07-27,2017,"Jul",27,"19:50",19,50,"Thursday","Slight",1,"Slight","Pedestrian","Pedestrian","Male",11,"Unclassified","Single carriageway",30,NA,"In carriageway, not crossing","Unknown or other",417476,443064,"E01011266",1,"Not at junction or within 20 metres","Darkness - lighting unknown","Fine no high winds","Dry","Pedestrian"
"8929","20171347J1178",2017-07-28,2017,"Jul",28,"15:54",15,54,"Friday","Slight",1,"Slight","Cyclist","Driver or rider","Female",7,"Unclassified","Single carriageway",30,NA,"Not a Pedestrian","Not a Pedestrian",427321,433545,"E01011293",2,"Not at junction or within 20 metres","Daylight","Fine no high winds","Dry","Cyclist"
"8930","20171347S1286",2017-07-28,2017,"Jul",28,"16:51",16,51,"Friday","Serious",1,"Serious","Motorcycle 125cc and under rider or passenger","Driver or rider","Female",40,"Unclassified","Single carriageway",30,NA,"Not a Pedestrian","Not a Pedestrian",428558,436885,"E01011693",2,"Not at junction or within 20 metres","Daylight","Fine no high winds","Wet or damp","Motorcyclist and pillion"
"8931","20171347S1786",2017-07-28,2017,"Jul",28,"20:50",20,50,"Friday","Serious",1,"Serious","Car occupant","Driver or rider","Female",33,"A","Roundabout",40,"A","Not a Pedestrian","Not a Pedestrian",426799,438017,"E01011687",2,"Roundabout","Darkness - lights lit","Raining no high winds","Wet or damp","Car occupant"
"8932","20171347S1949",2017-07-28,2017,"Jul",28,"22:13",22,13,"Friday","Serious",1,"Serious","Car occupant","Driver or rider","Male",39,"A","Dual carriageway",70,"Unclassified","Not a Pedestrian","Not a Pedestrian",429241,438604,"E01011559",2,"T or staggered junction","Darkness - lights lit","Raining no high winds","Wet or damp","Car occupant"
"8933","20171347T0087",2017-07-29,2017,"Jul",29,"01:00",1,0,"Saturday","Slight",1,"Slight","Car occupant","Passenger","Female",17,"Unclassified","Single carriageway",30,NA,"Not a Pedestrian","Not a Pedestrian",421302,441457,"E01011269",1,"Not at junction or within 20 metres","Darkness - no lighting","Fine no high winds","Wet or damp","Car occupant"
"8934","20171347T0222",2017-07-29,2017,"Jul",29,"03:00",3,0,"Saturday","Slight",1,"Slight","Car occupant","Driver or rider","Male",23,"A","Dual carriageway",70,"Unclassified","Not a Pedestrian","Not a Pedestrian",428408,428713,"E01011531",1,"Roundabout","Darkness - lights lit","Fine no high winds","Wet or damp","Car occupant"
"8935","20171347T0310",2017-07-29,2017,"Jul",29,"04:45",4,45,"Saturday","Slight",2,"Slight","Taxi/Private hire car occupant","Driver or rider","Male",53,"B","Single carriageway",30,"A","Not a Pedestrian","Not a Pedestrian",431965,435832,"E01011422",2,"Crossroads","Darkness - lights lit","Fine no high winds","Dry","Car occupant"
"8936","20171347T0310",2017-07-29,2017,"Jul",29,"04:45",4,45,"Saturday","Slight",2,"Slight","Taxi/Private hire car occupant","Passenger","Female",24,"B","Single carriageway",30,"A","Not a Pedestrian","Not a Pedestrian",431965,435832,"E01011422",2,"Crossroads","Darkness - lights lit","Fine no high winds","Dry","Car occupant"
"8937","20171347T1009",2017-07-29,2017,"Jul",29,"14:25",14,25,"Saturday","Serious",1,"Serious","Cyclist","Driver or rider","Male",50,"Unclassified","Single carriageway",30,"Unclassified","Not a Pedestrian","Not a Pedestrian",425551,436386,"E01011485",2,"T or staggered junction","Daylight","Fine no high winds","Dry","Cyclist"
"8938","20171347T2034",2017-07-29,2017,"Jul",29,"22:15",22,15,"Saturday","Serious",1,"Serious","Pedestrian","Pedestrian","Male",58,"A","Dual carriageway",40,NA,"In carriageway, crossing elsewhere","Crossing from driver's offside",428606,432761,"E01011363",1,"Not at junction or within 20 metres","Darkness - lights lit","Fine no high winds","Wet or damp","Pedestrian"
"8939","20171347U0828",2017-07-30,2017,"Jul",30,"00:14",0,14,"Sunday","Slight",1,"Slight","Car occupant","Driver or rider","Male",37,"Unclassified","Single carriageway",30,NA,"Not a Pedestrian","Not a Pedestrian",424414,438930,"E01011459",3,"Not at junction or within 20 metres","Darkness - lighting unknown","Fine no high winds","Dry","Car occupant"
"8940","20171347U0765",2017-07-30,2017,"Jul",30,"11:45",11,45,"Sunday","Slight",1,"Slight","Car occupant","Driver or rider","Male",51,"Motorway","Dual carriageway",50,NA,"Not a Pedestrian","Not a Pedestrian",429870,432147,"E01011364",2,"Not at junction or within 20 metres","Daylight","Fine no high winds","Dry","Car occupant"
"8941","20171347U1273",2017-07-30,2017,"Jul",30,"16:35",16,35,"Sunday","Slight",1,"Slight","Pedestrian","Pedestrian","Male",27,"Unclassified","Single carriageway",30,"Unclassified","In carriageway, crossing elsewhere","Crossing from driver's offside",430419,433789,"E01033010",1,"T or staggered junction","Daylight","Fine no high winds","Dry","Pedestrian"
"8942","20171347U1549",2017-07-30,2017,"Jul",30,"18:53",18,53,"Sunday","Slight",3,"Slight","Car occupant","Driver or rider","Male",22,"A","Dual carriageway",40,"Unclassified","Not a Pedestrian","Not a Pedestrian",428120,426664,"E01011538",2,"T or staggered junction","Darkness - lighting unknown","Fine no high winds","Dry","Car occupant"
"8943","20171347U1549",2017-07-30,2017,"Jul",30,"18:53",18,53,"Sunday","Slight",3,"Slight","Van / Goods vehicle (3.5 tonnes mgw or under) occupant","Driver or rider","Male",45,"A","Dual carriageway",40,"Unclassified","Not a Pedestrian","Not a Pedestrian",428120,426664,"E01011538",2,"T or staggered junction","Darkness - lighting unknown","Fine no high winds","Dry","Bus and goods vehicle occupant"
"8944","20171347U1549",2017-07-30,2017,"Jul",30,"18:53",18,53,"Sunday","Slight",3,"Slight","Van / Goods vehicle (3.5 tonnes mgw or under) occupant","Passenger","Male",17,"A","Dual carriageway",40,"Unclassified","Not a Pedestrian","Not a Pedestrian",428120,426664,"E01011538",2,"T or staggered junction","Darkness - lighting unknown","Fine no high winds","Dry","Bus and goods vehicle occupant"
"8945","20171347V0449",2017-07-30,2017,"Jul",30,"22:09",22,9,"Sunday","Slight",1,"Slight","Bus or coach occupant (17 or more pass seats)","Passenger","Male",32,"Unclassified","Single carriageway",30,NA,"Not a Pedestrian","Not a Pedestrian",428304,434441,"E01011483",1,"Not at junction or within 20 metres","Darkness - lights lit","Fine no high winds","Dry","Bus and goods vehicle occupant"
"8946","20171347U2082",2017-07-30,2017,"Jul",30,"23:52",23,52,"Sunday","Slight",1,"Slight","Car occupant","Driver or rider","Male",22,"A","Single carriageway",40,"Unclassified","Not a Pedestrian","Not a Pedestrian",442618,428003,"E01011307",2,"Crossroads","Darkness - lights lit","Fine no high winds","Dry","Car occupant"
"8947","20171347V0215",2017-07-31,2017,"Jul",31,"06:00",6,0,"Monday","Slight",1,"Slight","Cyclist","Driver or rider","Male",62,"Unclassified","Roundabout",30,"Unclassified","Not a Pedestrian","Not a Pedestrian",445311,431696,"E01011299",2,"Roundabout","Darkness - lighting unknown","Fine no high winds","Dry","Cyclist"
"8948","20171347V0301",2017-07-31,2017,"Jul",31,"08:15",8,15,"Monday","Slight",1,"Slight","Pedestrian","Pedestrian","Male",46,"Unclassified","One way street",30,"Unclassified","Crossing on pedestrian crossing facility","Unknown or other",429759,433580,"E01033008",1,"Slip road","Daylight","Fine no high winds","Dry","Pedestrian"
"8949","20171347V2096",2017-07-31,2017,"Jul",31,"10:00",10,0,"Monday","Slight",1,"Slight","Car occupant","Driver or rider","Male",32,"Unclassified","Dual carriageway",30,"Unclassified","Not a Pedestrian","Not a Pedestrian",430142,432826,"E01033016",2,"Crossroads","Daylight","Fine no high winds","Dry","Car occupant"
"8950","20171347V1025",2017-07-31,2017,"Jul",31,"14:45",14,45,"Monday","Slight",3,"Slight","Car occupant","Driver or rider","Female",41,"Unclassified","Single carriageway",30,NA,"Not a Pedestrian","Not a Pedestrian",428710,434107,"E01011681",2,"Not at junction or within 20 metres","Daylight","Fine no high winds","Dry","Car occupant"
"8951","20171347V1025",2017-07-31,2017,"Jul",31,"14:45",14,45,"Monday","Slight",3,"Slight","Car occupant","Driver or rider","Male",18,"Unclassified","Single carriageway",30,NA,"Not a Pedestrian","Not a Pedestrian",428710,434107,"E01011681",2,"Not at junction or within 20 metres","Daylight","Fine no high winds","Dry","Car occupant"
"8952","20171347V1025",2017-07-31,2017,"Jul",31,"14:45",14,45,"Monday","Slight",3,"Slight","Car occupant","Passenger","Male",18,"Unclassified","Single carriageway",30,NA,"Not a Pedestrian","Not a Pedestrian",428710,434107,"E01011681",2,"Not at junction or within 20 metres","Daylight","Fine no high winds","Dry","Car occupant"
"8953","20171347V1447",2017-07-31,2017,"Jul",31,"17:56",17,56,"Monday","Slight",2,"Slight","Car occupant","Driver or rider","Female",61,"A","Dual carriageway",60,NA,"Not a Pedestrian","Not a Pedestrian",427517,438585,"E01032876",3,"Not at junction or within 20 metres","Darkness - lighting unknown","Fine no high winds","Dry","Car occupant"
"8954","20171347V1447",2017-07-31,2017,"Jul",31,"17:56",17,56,"Monday","Slight",2,"Slight","Car occupant","Driver or rider","Female",35,"A","Dual carriageway",60,NA,"Not a Pedestrian","Not a Pedestrian",427517,438585,"E01032876",3,"Not at junction or within 20 metres","Darkness - lighting unknown","Fine no high winds","Dry","Car occupant"
"8955","2017134811294",2017-08-01,2017,"Aug",1,"17:16",17,16,"Tuesday","Slight",1,"Slight","Van / Goods vehicle (3.5 tonnes mgw or under) occupant","Driver or rider","Male",29,"A","Single carriageway",60,NA,"Not a Pedestrian","Not a Pedestrian",425068,437862,"E01011463",4,"Not at junction or within 20 metres","Darkness - lighting unknown","Raining no high winds","Wet or damp","Bus and goods vehicle occupant"
"8956","2017134811459",2017-08-01,2017,"Aug",1,"18:37",18,37,"Tuesday","Slight",2,"Slight","Car occupant","Driver or rider","Female",59,"Unclassified","Single carriageway",40,"Unclassified","Not a Pedestrian","Not a Pedestrian",424152,435960,"E01011325",2,"T or staggered junction","Darkness - lighting unknown","Fine no high winds","Dry","Car occupant"
"8957","2017134811459",2017-08-01,2017,"Aug",1,"18:37",18,37,"Tuesday","Slight",2,"Slight","Car occupant","Passenger","Female",82,"Unclassified","Single carriageway",40,"Unclassified","Not a Pedestrian","Not a Pedestrian",424152,435960,"E01011325",2,"T or staggered junction","Darkness - lighting unknown","Fine no high winds","Dry","Car occupant"
"8958","2017134811595",2017-08-01,2017,"Aug",1,"19:45",19,45,"Tuesday","Slight",2,"Slight","Car occupant","Passenger","Female",6,"Unclassified","Single carriageway",30,"Unclassified","Not a Pedestrian","Not a Pedestrian",425945,426763,"E01011546",2,"T or staggered junction","Darkness - lighting unknown","Fine no high winds","Dry","Car occupant"
"8959","2017134811595",2017-08-01,2017,"Aug",1,"19:45",19,45,"Tuesday","Slight",2,"Slight","Car occupant","Passenger","Female",21,"Unclassified","Single carriageway",30,"Unclassified","Not a Pedestrian","Not a Pedestrian",425945,426763,"E01011546",2,"T or staggered junction","Darkness - lighting unknown","Fine no high winds","Dry","Car occupant"
"8960","2017134811736",2017-08-01,2017,"Aug",1,"20:30",20,30,"Tuesday","Slight",1,"Slight","Car occupant","Driver or rider","Male",25,"Unclassified","Single carriageway",30,"Unclassified","Not a Pedestrian","Not a Pedestrian",429087,431242,"E01011314",2,"T or staggered junction","Darkness - lighting unknown","Fine no high winds","Dry","Car occupant"
"8961","2017134820662",2017-08-02,2017,"Aug",2,"11:58",11,58,"Wednesday","Slight",1,"Slight","Pedestrian","Pedestrian","Male",2,"Unclassified","Single carriageway",30,NA,"In carriageway, crossing elsewhere","Crossing from driver's nearside",426468,433263,"E01011729",1,"Not at junction or within 20 metres","Daylight","Raining no high winds","Wet or damp","Pedestrian"
"8962","2017134821246",2017-08-02,2017,"Aug",2,"12:30",12,30,"Wednesday","Serious",1,"Serious","Pedestrian","Pedestrian","Female",84,"Unclassified","Single carriageway",30,NA,"In carriageway, crossing elsewhere","Crossing from driver's offside",434651,428420,"E01011629",1,"Not at junction or within 20 metres","Daylight","Fine no high winds","Dry","Pedestrian"
"8963","2017134860546",2017-08-02,2017,"Aug",2,"17:00",17,0,"Wednesday","Slight",1,"Slight","Cyclist","Driver or rider","Male",46,"A","Roundabout",40,"A","Not a Pedestrian","Not a Pedestrian",426699,431761,"E01011734",2,"Roundabout","Darkness - lighting unknown","Fine no high winds","Dry","Cyclist"
"8964","2017134821403",2017-08-02,2017,"Aug",2,"18:00",18,0,"Wednesday","Slight",1,"Slight","Motorcycle over 125cc and up to 500cc rider or  passenger","Driver or rider","Male",27,"A","Roundabout",30,"A","Not a Pedestrian","Not a Pedestrian",428575,427738,"E01011538",2,"Roundabout","Darkness - lighting unknown","Fine no high winds","Dry","Motorcyclist and pillion"
"8965","2017134830079",2017-08-03,2017,"Aug",3,"01:02",1,2,"Thursday","Slight",1,"Slight","Car occupant","Driver or rider","Female",23,"A","Dual carriageway",40,NA,"Not a Pedestrian","Not a Pedestrian",428608,432727,"E01011363",1,"Not at junction or within 20 metres","Darkness - lights lit","Fine no high winds","Wet or damp","Car occupant"
"8966","2017134830534",2017-08-03,2017,"Aug",3,"10:34",10,34,"Thursday","Slight",1,"Slight","Bus or coach occupant (17 or more pass seats)","Passenger","Female",53,"Unclassified","Single carriageway",30,NA,"Not a Pedestrian","Not a Pedestrian",434305,437050,"E01011644",2,"Not at junction or within 20 metres","Daylight","Fine no high winds","Dry","Bus and goods vehicle occupant"
"8967","2017134850524",2017-08-03,2017,"Aug",3,"13:00",13,0,"Thursday","Serious",1,"Serious","Cyclist","Driver or rider","Male",32,"Unclassified","One way street",30,NA,"Not a Pedestrian","Not a Pedestrian",430571,433454,"E01033011",2,"Not at junction or within 20 metres","Daylight","Fine no high winds","Dry","Cyclist"
"8968","2017134831580",2017-08-03,2017,"Aug",3,"16:25",16,25,"Thursday","Slight",1,"Slight","Car occupant","Passenger","Female",1,"Unclassified","Single carriageway",30,"Unclassified","Not a Pedestrian","Not a Pedestrian",419642,444994,"E01011571",2,"T or staggered junction","Daylight","Fine no high winds","Wet or damp","Car occupant"
"8969","2017134831415",2017-08-03,2017,"Aug",3,"17:52",17,52,"Thursday","Slight",1,"Slight","Motorcycle over 500cc rider or passenger","Driver or rider","Female",50,"A","Single carriageway",30,NA,"Not a Pedestrian","Not a Pedestrian",439541,432441,"E01011402",2,"Not at junction or within 20 metres","Darkness - lighting unknown","Fine no high winds","Dry","Motorcyclist and pillion"
"8970","2017134840222",2017-08-04,2017,"Aug",4,"03:41",3,41,"Friday","Slight",1,"Slight","Pedestrian","Pedestrian","Female",19,"Unclassified","Single carriageway",30,NA,"Unknown or other","Unknown or other",430244,433251,"E01033016",1,"Not at junction or within 20 metres","Darkness - lights lit","Fine no high winds","Dry","Pedestrian"
"8971","2017134850642",2017-08-04,2017,"Aug",4,"08:25",8,25,"Friday","Slight",1,"Slight","Taxi/Private hire car occupant","Passenger","Female",27,"Unclassified","Single carriageway",20,NA,"Not a Pedestrian","Not a Pedestrian",425509,432143,"E01011735",1,"Not at junction or within 20 metres","Daylight","Raining no high winds","Dry","Car occupant"
"8972","2017134841704",2017-08-04,2017,"Aug",4,"19:00",19,0,"Friday","Slight",1,"Slight","Car occupant","Driver or rider","Male",41,"A","Dual carriageway",70,"A","Not a Pedestrian","Not a Pedestrian",426856,438044,"E01011685",2,"Roundabout","Darkness - lighting unknown","Fine no high winds","Dry","Car occupant"
"8973","2017134850236",2017-08-05,2017,"Aug",5,"03:03",3,3,"Saturday","Slight",1,"Slight","Pedestrian","Pedestrian","Male",50,"Unclassified","One way street",30,"Unclassified","Crossing on pedestrian crossing facility","Unknown or other",430252,433236,"E01033016",1,"Crossroads","Darkness - lights lit","Fine no high winds","Dry","Pedestrian"
"8974","2017134851288",2017-08-05,2017,"Aug",5,"15:20",15,20,"Saturday","Slight",1,"Slight","Car occupant","Driver or rider","Male",35,"A","Dual carriageway",40,NA,"Not a Pedestrian","Not a Pedestrian",436717,433829,"E01011412",2,"Not at junction or within 20 metres","Daylight","Fine no high winds","Dry","Car occupant"
"8975","2017134851460",2017-08-05,2017,"Aug",5,"17:54",17,54,"Saturday","Slight",1,"Slight","Other vehicle occupant","Driver or rider","Male",23,"Unclassified","Single carriageway",30,"Unclassified","Not a Pedestrian","Not a Pedestrian",431393,435452,"E01011361",2,"T or staggered junction","Darkness - lighting unknown","Fine no high winds","Dry","Others"
"8976","2017134860671",2017-08-06,2017,"Aug",6,"11:30",11,30,"Sunday","Slight",1,"Slight","Motorcycle 125cc and under rider or passenger","Driver or rider","Male",31,"Unclassified","Single carriageway",30,"Unclassified","Not a Pedestrian","Not a Pedestrian",428198,435026,"E01011447",2,"T or staggered junction","Daylight","Fine no high winds","Dry","Motorcyclist and pillion"
"8977","2017134861708",2017-08-06,2017,"Aug",6,"20:18",20,18,"Sunday","Slight",1,"Slight","Cyclist","Driver or rider","Male",29,"Unclassified","Single carriageway",30,"Unclassified","Not a Pedestrian","Not a Pedestrian",423930,434315,"E01011287",2,"Crossroads","Darkness - lighting unknown","Fine no high winds","Wet or damp","Cyclist"
"8978","2017134870202",2017-08-07,2017,"Aug",7,"06:30",6,30,"Monday","Serious",2,"Slight","Car occupant","Driver or rider","Female",27,"A","Single carriageway",30,NA,"Not a Pedestrian","Not a Pedestrian",423221,434317,"E01011596",1,"Not at junction or within 20 metres","Darkness - lighting unknown","Raining no high winds","Wet or damp","Car occupant"
"8979","2017134870202",2017-08-07,2017,"Aug",7,"06:30",6,30,"Monday","Serious",2,"Serious","Car occupant","Passenger","Female",19,"A","Single carriageway",30,NA,"Not a Pedestrian","Not a Pedestrian",423221,434317,"E01011596",1,"Not at junction or within 20 metres","Darkness - lighting unknown","Raining no high winds","Wet or damp","Car occupant"
"8980","2017134870289",2017-08-07,2017,"Aug",7,"08:15",8,15,"Monday","Serious",1,"Serious","Pedestrian","Pedestrian","Female",10,"Unclassified","Single carriageway",30,NA,"In carriageway, crossing elsewhere","Crossing from driver's offside",430248,433238,"E01033016",1,"Not at junction or within 20 metres","Daylight","Fine no high winds","Dry","Pedestrian"
"8981","2017134870409",2017-08-07,2017,"Aug",7,"09:35",9,35,"Monday","Slight",1,"Slight","Van / Goods vehicle (3.5 tonnes mgw or under) occupant","Driver or rider","Male",29,"A","Dual carriageway",30,"Unclassified","Not a Pedestrian","Not a Pedestrian",431023,433090,"E01033034",2,"T or staggered junction","Daylight","Raining no high winds","Wet or damp","Bus and goods vehicle occupant"
"8982","2017134871119",2017-08-07,2017,"Aug",7,"15:55",15,55,"Monday","Slight",1,"Slight","Van / Goods vehicle (3.5 tonnes mgw or under) occupant","Driver or rider","Male",25,"Motorway","Dual carriageway",70,NA,"Not a Pedestrian","Not a Pedestrian",431595,430533,"E01011470",1,"Not at junction or within 20 metres","Daylight","Fine no high winds","Dry","Bus and goods vehicle occupant"
"8983","2017134871405",2017-08-07,2017,"Aug",7,"17:30",17,30,"Monday","Slight",1,"Slight","Cyclist","Driver or rider","Male",23,"Unclassified","Single carriageway",30,"Unclassified","Not a Pedestrian","Not a Pedestrian",428094,434688,"E01011481",2,"T or staggered junction","Darkness - lighting unknown","Fine no high winds","Dry","Cyclist"
"8984","2017134871556",2017-08-07,2017,"Aug",7,"19:05",19,5,"Monday","Slight",1,"Slight","Other vehicle occupant","Driver or rider","Female",13,"B","Dual carriageway",40,"A","Not a Pedestrian","Not a Pedestrian",433852,434047,"E01011622",2,"T or staggered junction","Darkness - lighting unknown","Fine no high winds","Dry","Others"
"8985","2017134871683",2017-08-07,2017,"Aug",7,"20:00",20,0,"Monday","Slight",3,"Slight","Car occupant","Driver or rider","Male",39,"A","Single carriageway",30,"A","Not a Pedestrian","Not a Pedestrian",424144,428168,"E01011523",2,"Crossroads","Darkness - lighting unknown","Fine no high winds","Dry","Car occupant"
"8986","2017134871683",2017-08-07,2017,"Aug",7,"20:00",20,0,"Monday","Slight",3,"Slight","Car occupant","Passenger","Male",16,"A","Single carriageway",30,"A","Not a Pedestrian","Not a Pedestrian",424144,428168,"E01011523",2,"Crossroads","Darkness - lighting unknown","Fine no high winds","Dry","Car occupant"
"8987","2017134871683",2017-08-07,2017,"Aug",7,"20:00",20,0,"Monday","Slight",3,"Slight","Car occupant","Passenger","Female",17,"A","Single carriageway",30,"A","Not a Pedestrian","Not a Pedestrian",424144,428168,"E01011523",2,"Crossroads","Darkness - lighting unknown","Fine no high winds","Dry","Car occupant"
"8988","2017134871810",2017-08-07,2017,"Aug",7,"21:00",21,0,"Monday","Slight",1,"Slight","Cyclist","Driver or rider","Male",31,"Unclassified","Single carriageway",30,"Unclassified","Not a Pedestrian","Not a Pedestrian",428819,440198,"E01011554",2,"Private drive or entrance","Darkness - lighting unknown","Fine no high winds","Dry","Cyclist"
"8989","2017134880912",2017-08-08,2017,"Aug",8,"14:05",14,5,"Tuesday","Slight",1,"Slight","Motorcycle over 500cc rider or passenger","Driver or rider","Male",57,"B","Single carriageway",30,NA,"Not a Pedestrian","Not a Pedestrian",425794,435677,"E01011324",2,"Not at junction or within 20 metres","Daylight","Raining no high winds","Wet or damp","Motorcyclist and pillion"
"8990","2017134890200",2017-08-09,2017,"Aug",9,"06:30",6,30,"Wednesday","Slight",1,"Slight","Car occupant","Driver or rider","Male",49,"A","Single carriageway",30,NA,"Not a Pedestrian","Not a Pedestrian",430109,432144,"E01011364",1,"Not at junction or within 20 metres","Darkness - lighting unknown","Fine no high winds","Wet or damp","Car occupant"
"8991","2017134890510",2017-08-09,2017,"Aug",9,"11:10",11,10,"Wednesday","Slight",3,"Slight","Car occupant","Driver or rider","Female",26,"Unclassified","Single carriageway",30,"Unclassified","Not a Pedestrian","Not a Pedestrian",433050,436539,"E01011646",2,"Crossroads","Daylight","Fine no high winds","Dry","Car occupant"
"8992","2017134890510",2017-08-09,2017,"Aug",9,"11:10",11,10,"Wednesday","Slight",3,"Slight","Van / Goods vehicle (3.5 tonnes mgw or under) occupant","Driver or rider","Male",45,"Unclassified","Single carriageway",30,"Unclassified","Not a Pedestrian","Not a Pedestrian",433050,436539,"E01011646",2,"Crossroads","Daylight","Fine no high winds","Dry","Bus and goods vehicle occupant"
"8993","2017134890510",2017-08-09,2017,"Aug",9,"11:10",11,10,"Wednesday","Slight",3,"Slight","Van / Goods vehicle (3.5 tonnes mgw or under) occupant","Passenger","Male",45,"Unclassified","Single carriageway",30,"Unclassified","Not a Pedestrian","Not a Pedestrian",433050,436539,"E01011646",2,"Crossroads","Daylight","Fine no high winds","Dry","Bus and goods vehicle occupant"
"8994","2017134890650",2017-08-09,2017,"Aug",9,"12:30",12,30,"Wednesday","Slight",1,"Slight","Car occupant","Passenger","Male",41,"Unclassified","Single carriageway",30,"Unclassified","Not a Pedestrian","Not a Pedestrian",432057,435966,"E01011647",2,"T or staggered junction","Daylight","Fine no high winds","Dry","Car occupant"
"8995","2017134890755",2017-08-09,2017,"Aug",9,"13:36",13,36,"Wednesday","Serious",1,"Serious","Pedestrian","Pedestrian","Male",74,"A","Single carriageway",30,NA,"Crossing on pedestrian crossing facility","Crossing from driver's nearside",428345,431276,"E01011369",1,"Not at junction or within 20 metres","Daylight","Fine no high winds","Dry","Pedestrian"
"8996","2017134890853",2017-08-09,2017,"Aug",9,"14:15",14,15,"Wednesday","Serious",1,"Serious","Cyclist","Driver or rider","Male",21,"Unclassified","Single carriageway",30,"Unclassified","Not a Pedestrian","Not a Pedestrian",420169,445565,"E01011569",2,"Crossroads","Daylight","Fine no high winds","Dry","Cyclist"