"","accident_index","date","year","month","day","time","time_hour","time_minute","day_of_week","accident_severity","number_of_casualties","casualty_severity","casualty_type","casualty_class","sex_of_casualty","age_of_casualty","first_road_class","road_type","speed_limit","second_road_class","pedestrian_location","pedestrian_movement","location_easting_osgr","location_northing_osgr","lsoa_of_accident_location","number_of_vehicles","junction_detail","light_conditions","weather_conditions","road_surface_conditions","cas_type"
"8997","2017134891080",2017-08-09,2017,"Aug",9,"16:05",16,5,"Wednesday","Serious",1,"Serious","Cyclist","Driver or rider","Male",9,"A","Dual carriageway",40,"Unclassified","Not a Pedestrian","Not a Pedestrian",433898,436532,"E01011421",2,"Crossroads","Daylight","Fine no high winds","Dry","Cyclist"
"8998","2017134891183",2017-08-09,2017,"Aug",9,"16:46",16,46,"Wednesday","Slight",1,"Slight","Car occupant","Driver or rider","Female",36,"A","Single carriageway",40,"Unclassified","Not a Pedestrian","Not a Pedestrian",422687,437852,"E01011458",2,"T or staggered junction","Daylight","Fine no high winds","Dry","Car occupant"
"8999","2017134891888",2017-08-09,2017,"Aug",9,"17:33",17,33,"Wednesday","Slight",1,"Slight","Car occupant","Driver or rider","Male",51,"Unclassified","Single carriageway",30,NA,"Not a Pedestrian","Not a Pedestrian",420853,437015,"E01011589",2,"Not at junction or within 20 metres","Darkness - lighting unknown","Fine no high winds","Dry","Car occupant"
"9000","2017134891284",2017-08-09,2017,"Aug",9,"17:34",17,34,"Wednesday","Slight",2,"Slight","Car occupant","Passenger","Male",26,"Unclassified","Single carriageway",30,NA,"Not a Pedestrian","Not a Pedestrian",428789,432861,"E01033013",2,"Not at junction or within 20 metres","Darkness - lighting unknown","Fine no high winds","Dry","Car occupant"
"9001","2017134891284",2017-08-09,2017,"Aug",9,"17:34",17,34,"Wednesday","Slight",2,"Slight","Car occupant","Passenger","Female",38,"Unclassified","Single carriageway",30,NA,"Not a Pedestrian","Not a Pedestrian",428789,432861,"E01033013",2,"Not at junction or within 20 metres","Darkness - lighting unknown","Fine no high winds","Dry","Car occupant"
"9002","2017134891363",2017-08-09,2017,"Aug",9,"18:20",18,20,"Wednesday","Serious",3,"Slight","Car occupant","Driver or rider","Female",24,"A","Dual carriageway",30,NA,"Not a Pedestrian","Not a Pedestrian",425743,426849,"E01011546",2,"Not at junction or within 20 metres","Darkness - lighting unknown","Fine no high winds","Dry","Car occupant"
"9003","2017134891363",2017-08-09,2017,"Aug",9,"18:20",18,20,"Wednesday","Serious",3,"Serious","Car occupant","Passenger","Female",26,"A","Dual carriageway",30,NA,"Not a Pedestrian","Not a Pedestrian",425743,426849,"E01011546",2,"Not at junction or within 20 metres","Darkness - lighting unknown","Fine no high winds","Dry","Car occupant"
"9004","2017134891363",2017-08-09,2017,"Aug",9,"18:20",18,20,"Wednesday","Serious",3,"Slight","Car occupant","Driver or rider","Female",36,"A","Dual carriageway",30,NA,"Not a Pedestrian","Not a Pedestrian",425743,426849,"E01011546",2,"Not at junction or within 20 metres","Darkness - lighting unknown","Fine no high winds","Dry","Car occupant"
"9005","2017134891459",2017-08-09,2017,"Aug",9,"19:12",19,12,"Wednesday","Slight",1,"Slight","Car occupant","Driver or rider","Male",47,"A","Single carriageway",30,"Unclassified","Not a Pedestrian","Not a Pedestrian",432513,427318,"E01032496",2,"Crossroads","Darkness - lighting unknown","Fine no high winds","Dry","Car occupant"
"9006","20171348A0345",2017-08-10,2017,"Aug",10,"07:50",7,50,"Thursday","Slight",1,"Slight","Cyclist","Driver or rider","Female",47,"A","Single carriageway",50,NA,"Not a Pedestrian","Not a Pedestrian",437673,444884,"E01011696",2,"Not at junction or within 20 metres","Daylight","Fine no high winds","Dry","Cyclist"
"9007","20171348A0401",2017-08-10,2017,"Aug",10,"08:30",8,30,"Thursday","Serious",1,"Serious","Cyclist","Driver or rider","Male",30,"A","Single carriageway",30,"Unclassified","Not a Pedestrian","Not a Pedestrian",429391,434940,"E01033005",2,"T or staggered junction","Daylight","Fine no high winds","Dry","Cyclist"
"9008","20171348A0435",2017-08-10,2017,"Aug",10,"09:00",9,0,"Thursday","Slight",1,"Slight","Car occupant","Driver or rider","Female",21,"Unclassified","Single carriageway",30,NA,"Not a Pedestrian","Not a Pedestrian",426262,428407,"E01011525",2,"Not at junction or within 20 metres","Daylight","Fine no high winds","Dry","Car occupant"
"9009","20171348A0864",2017-08-10,2017,"Aug",10,"13:10",13,10,"Thursday","Serious",1,"Serious","Goods vehicle (7.5 tonnes mgw and over) occupant","Driver or rider","Male",61,"Motorway","Dual carriageway",70,NA,"Not a Pedestrian","Not a Pedestrian",441768,434615,"E01011297",2,"Not at junction or within 20 metres","Daylight","Fine no high winds","Dry","Bus and goods vehicle occupant"
"9010","20171348A1065",2017-08-10,2017,"Aug",10,"14:45",14,45,"Thursday","Slight",1,"Slight","Cyclist","Driver or rider","Male",52,"A","Roundabout",30,"Unclassified","Not a Pedestrian","Not a Pedestrian",432350,433709,"E01011348",2,"Roundabout","Daylight","Fine no high winds","Dry","Cyclist"
"9011","20171348A1307",2017-08-10,2017,"Aug",10,"16:25",16,25,"Thursday","Slight",2,"Slight","Car occupant","Driver or rider","Female",30,"Unclassified","Dual carriageway",70,NA,"Not a Pedestrian","Not a Pedestrian",421293,434064,"E01011585",2,"Not at junction or within 20 metres","Daylight","Fine no high winds","Dry","Car occupant"
"9012","20171348A1307",2017-08-10,2017,"Aug",10,"16:25",16,25,"Thursday","Slight",2,"Slight","Car occupant","Driver or rider","Male",34,"Unclassified","Dual carriageway",70,NA,"Not a Pedestrian","Not a Pedestrian",421293,434064,"E01011585",2,"Not at junction or within 20 metres","Daylight","Fine no high winds","Dry","Car occupant"
"9013","20171348A1621",2017-08-10,2017,"Aug",10,"18:46",18,46,"Thursday","Slight",1,"Slight","Car occupant","Driver or rider","Female",31,"Unclassified","Single carriageway",30,"Unclassified","Not a Pedestrian","Not a Pedestrian",435890,437441,"E01011718",2,"T or staggered junction","Darkness - lighting unknown","Fine no high winds","Dry","Car occupant"
"9014","20171348B0246",2017-08-11,2017,"Aug",11,"05:39",5,39,"Friday","Slight",1,"Slight","Car occupant","Driver or rider","Male",24,"A","Roundabout",40,NA,"Not a Pedestrian","Not a Pedestrian",437549,433226,"E01011411",1,"Not at junction or within 20 metres","Darkness - lighting unknown","Fine no high winds","Dry","Car occupant"
"9015","20171348B0309",2017-08-11,2017,"Aug",11,"07:26",7,26,"Friday","Slight",2,"Slight","Van / Goods vehicle (3.5 tonnes mgw or under) occupant","Driver or rider","Male",47,"Motorway","Dual carriageway",50,"A","Not a Pedestrian","Not a Pedestrian",428439,431638,"E01011366",4,"Slip road","Darkness - lighting unknown","Fine no high winds","Dry","Bus and goods vehicle occupant"
"9016","20171348B0309",2017-08-11,2017,"Aug",11,"07:26",7,26,"Friday","Slight",2,"Slight","Car occupant","Driver or rider","Female",38,"Motorway","Dual carriageway",50,"A","Not a Pedestrian","Not a Pedestrian",428439,431638,"E01011366",4,"Slip road","Darkness - lighting unknown","Fine no high winds","Dry","Car occupant"
"9017","20171348B0442",2017-08-11,2017,"Aug",11,"09:55",9,55,"Friday","Slight",1,"Slight","Car occupant","Driver or rider","Female",39,"A","Dual carriageway",40,"Unclassified","Not a Pedestrian","Not a Pedestrian",437529,433231,"E01011411",2,"T or staggered junction","Daylight","Fine no high winds","Dry","Car occupant"
"9018","20171348B0483",2017-08-11,2017,"Aug",11,"10:15",10,15,"Friday","Slight",1,"Slight","Car occupant","Driver or rider","Male",31,"A","Dual carriageway",40,"Unclassified","Not a Pedestrian","Not a Pedestrian",428860,433348,"E01033013",3,"T or staggered junction","Daylight","Fine no high winds","Dry","Car occupant"
"9019","20171348B0506",2017-08-11,2017,"Aug",11,"10:30",10,30,"Friday","Slight",1,"Slight","Car occupant","Driver or rider","Female",56,"A","Single carriageway",30,NA,"Not a Pedestrian","Not a Pedestrian",424849,434636,"E01011336",2,"Not at junction or within 20 metres","Daylight","Fine no high winds","Dry","Car occupant"
"9020","20171348B0524",2017-08-11,2017,"Aug",11,"10:40",10,40,"Friday","Slight",2,"Slight","Car occupant","Driver or rider","Male",83,"A","Roundabout",30,"Unclassified","Not a Pedestrian","Not a Pedestrian",436188,434844,"E01011408",2,"Roundabout","Daylight","Fine no high winds","Dry","Car occupant"
"9021","20171348B0524",2017-08-11,2017,"Aug",11,"10:40",10,40,"Friday","Slight",2,"Slight","Car occupant","Passenger","Female",75,"A","Roundabout",30,"Unclassified","Not a Pedestrian","Not a Pedestrian",436188,434844,"E01011408",2,"Roundabout","Daylight","Fine no high winds","Dry","Car occupant"
"9022","20171348B0881",2017-08-11,2017,"Aug",11,"12:50",12,50,"Friday","Slight",1,"Slight","Bus or coach occupant (17 or more pass seats)","Passenger","Female",86,"Unclassified","Single carriageway",30,"Unclassified","Not a Pedestrian","Not a Pedestrian",422241,433354,"E01011612",2,"T or staggered junction","Daylight","Fine no high winds","Dry","Bus and goods vehicle occupant"
"9023","20171348B1085",2017-08-11,2017,"Aug",11,"15:30",15,30,"Friday","Slight",1,"Slight","Motorcycle 125cc and under rider or passenger","Driver or rider","Female",41,"Unclassified","Dual carriageway",30,NA,"Not a Pedestrian","Not a Pedestrian",428978,429875,"E01011320",3,"Not at junction or within 20 metres","Daylight","Fine no high winds","Dry","Motorcyclist and pillion"
"9024","20171348B1554",2017-08-11,2017,"Aug",11,"18:55",18,55,"Friday","Slight",3,"Slight","Car occupant","Driver or rider","Female",35,"Unclassified","Single carriageway",30,"Unclassified","Not a Pedestrian","Not a Pedestrian",430020,435531,"E01011670",3,"Other junction","Darkness - lighting unknown","Raining no high winds","Wet or damp","Car occupant"
"9025","20171348B1554",2017-08-11,2017,"Aug",11,"18:55",18,55,"Friday","Slight",3,"Slight","Car occupant","Driver or rider","Male",36,"Unclassified","Single carriageway",30,"Unclassified","Not a Pedestrian","Not a Pedestrian",430020,435531,"E01011670",3,"Other junction","Darkness - lighting unknown","Raining no high winds","Wet or damp","Car occupant"
"9026","20171348B1554",2017-08-11,2017,"Aug",11,"18:55",18,55,"Friday","Slight",3,"Slight","Car occupant","Driver or rider","Female",57,"Unclassified","Single carriageway",30,"Unclassified","Not a Pedestrian","Not a Pedestrian",430020,435531,"E01011670",3,"Other junction","Darkness - lighting unknown","Raining no high winds","Wet or damp","Car occupant"
"9027","20171348C0953",2017-08-12,2017,"Aug",12,"14:20",14,20,"Saturday","Slight",1,"Slight","Car occupant","Passenger","Female",23,"Motorway","Dual carriageway",50,NA,"Not a Pedestrian","Not a Pedestrian",430558,431423,"E01011374",3,"Not at junction or within 20 metres","Daylight","Fine no high winds","Dry","Car occupant"
"9028","20171348C1219",2017-08-12,2017,"Aug",12,"15:23",15,23,"Saturday","Slight",1,"Slight","Bus or coach occupant (17 or more pass seats)","Passenger","Female",3,"A","Single carriageway",30,NA,"Not a Pedestrian","Not a Pedestrian",427550,436910,"E01011694",1,"Not at junction or within 20 metres","Daylight","Fine no high winds","Dry","Bus and goods vehicle occupant"
"9029","20171348D1135",2017-08-13,2017,"Aug",13,"15:00",15,0,"Sunday","Slight",1,"Slight","Motorcycle over 500cc rider or passenger","Driver or rider","Male",60,"A","Single carriageway",60,"Unclassified","Not a Pedestrian","Not a Pedestrian",445089,435123,"E01011297",3,"T or staggered junction","Daylight","Fine no high winds","Dry","Motorcyclist and pillion"
"9030","20171348D1140",2017-08-13,2017,"Aug",13,"15:15",15,15,"Sunday","Slight",1,"Slight","Cyclist","Driver or rider","Male",57,"A","Roundabout",30,"A","Not a Pedestrian","Not a Pedestrian",439312,432386,"E01011402",2,"Roundabout","Daylight","Fine no high winds","Dry","Cyclist"
"9031","20171348D1262",2017-08-13,2017,"Aug",13,"16:23",16,23,"Sunday","Slight",1,"Slight","Motorcycle over 125cc and up to 500cc rider or  passenger","Driver or rider","Male",50,"A","Dual carriageway",30,NA,"Not a Pedestrian","Not a Pedestrian",422097,441758,"E01011578",2,"Not at junction or within 20 metres","Daylight","Fine no high winds","Dry","Motorcyclist and pillion"
"9032","20171348D1715",2017-08-13,2017,"Aug",13,"20:00",20,0,"Sunday","Serious",1,"Serious","Motorcycle 125cc and under rider or passenger","Driver or rider","Male",28,"Unclassified","Single carriageway",20,NA,"Not a Pedestrian","Not a Pedestrian",431285,433436,"E01033021",2,"Not at junction or within 20 metres","Darkness - lighting unknown","Fine no high winds","Dry","Motorcyclist and pillion"
"9033","20171348D1593",2017-08-13,2017,"Aug",13,"23:40",23,40,"Sunday","Slight",1,"Slight","Cyclist","Driver or rider","Male",27,"B","Single carriageway",30,"Unclassified","Not a Pedestrian","Not a Pedestrian",427279,433073,"E01011292",2,"T or staggered junction","Darkness - lights lit","Fine no high winds","Dry","Cyclist"
"9034","20171348E1344",2017-08-14,2017,"Aug",14,"17:00",17,0,"Monday","Serious",1,"Serious","Car occupant","Passenger","Male",30,"Unclassified","Single carriageway",30,"Unclassified","Not a Pedestrian","Not a Pedestrian",430949,433978,"E01033031",3,"T or staggered junction","Darkness - lighting unknown","Fine no high winds","Dry","Car occupant"
"9035","20171348E1417",2017-08-14,2017,"Aug",14,"17:20",17,20,"Monday","Slight",1,"Slight","Cyclist","Driver or rider","Male",21,"A","Dual carriageway",40,"Unclassified","Not a Pedestrian","Not a Pedestrian",433183,434013,"E01011617",2,"Crossroads","Darkness - lighting unknown","Fine no high winds","Dry","Cyclist"
"9036","20171348E1897",2017-08-14,2017,"Aug",14,"21:45",21,45,"Monday","Slight",2,"Slight","Car occupant","Passenger","Male",20,"Motorway","Dual carriageway",70,NA,"Not a Pedestrian","Not a Pedestrian",429908,426419,"E01011538",2,"Not at junction or within 20 metres","Darkness - lights lit","Fine no high winds","Wet or damp","Car occupant"
"9037","20171348E1897",2017-08-14,2017,"Aug",14,"21:45",21,45,"Monday","Slight",2,"Slight","Goods vehicle (7.5 tonnes mgw and over) occupant","Passenger","Male",49,"Motorway","Dual carriageway",70,NA,"Not a Pedestrian","Not a Pedestrian",429908,426419,"E01011538",2,"Not at junction or within 20 metres","Darkness - lights lit","Fine no high winds","Wet or damp","Bus and goods vehicle occupant"
"9038","20171348F0736",2017-08-15,2017,"Aug",15,"12:10",12,10,"Tuesday","Slight",1,"Slight","Pedestrian","Pedestrian","Male",46,"Unclassified","Single carriageway",30,NA,"In carriageway, not crossing","Unknown or other",427987,436066,"E01011440",1,"Not at junction or within 20 metres","Daylight","Fine no high winds","Dry","Pedestrian"
"9039","20171348F1173",2017-08-15,2017,"Aug",15,"16:00",16,0,"Tuesday","Serious",1,"Serious","Cyclist","Driver or rider","Female",51,"A","Single carriageway",30,NA,"Not a Pedestrian","Not a Pedestrian",417963,442819,"E01011266",2,"Not at junction or within 20 metres","Daylight","Fine no high winds","Dry","Cyclist"
"9040","20171348F1324",2017-08-15,2017,"Aug",15,"17:00",17,0,"Tuesday","Serious",1,"Serious","Cyclist","Driver or rider","Male",38,"Unclassified","Single carriageway",30,"Unclassified","Not a Pedestrian","Not a Pedestrian",430955,435788,"E01011360",2,"Crossroads","Darkness - lighting unknown","Fine no high winds","Dry","Cyclist"
"9041","20171348G0386",2017-08-16,2017,"Aug",16,"08:00",8,0,"Wednesday","Serious",1,"Serious","Motorcycle over 500cc rider or passenger","Driver or rider","Male",50,"Unclassified","Single carriageway",30,"Unclassified","Not a Pedestrian","Not a Pedestrian",429795,433736,"E01033008",2,"T or staggered junction","Daylight","Fine no high winds","Dry","Motorcyclist and pillion"
"9042","20171348G1089",2017-08-16,2017,"Aug",16,"15:05",15,5,"Wednesday","Slight",1,"Slight","Motorcycle 125cc and under rider or passenger","Driver or rider","Male",18,"A","Single carriageway",40,"B","Not a Pedestrian","Not a Pedestrian",418309,441352,"E01011270",2,"Crossroads","Daylight","Fine no high winds","Dry","Motorcyclist and pillion"
"9043","20171348G1449",2017-08-16,2017,"Aug",16,"17:15",17,15,"Wednesday","Serious",1,"Serious","Cyclist","Driver or rider","Male",23,"A","Single carriageway",30,"Unclassified","Not a Pedestrian","Not a Pedestrian",427418,434619,"E01011482",3,"T or staggered junction","Darkness - lighting unknown","Fine no high winds","Dry","Cyclist"
"9044","20171348G1397",2017-08-16,2017,"Aug",16,"17:24",17,24,"Wednesday","Slight",1,"Slight","Pedestrian","Pedestrian","Male",7,"Unclassified","Single carriageway",30,NA,"Unknown or other","Unknown or other",432304,435380,"E01011430",1,"Not at junction or within 20 metres","Darkness - lighting unknown","Fine no high winds","Dry","Pedestrian"
"9045","20171348G1570",2017-08-16,2017,"Aug",16,"18:35",18,35,"Wednesday","Slight",1,"Slight","Car occupant","Passenger","Male",8,"B","Single carriageway",30,"Unclassified","Not a Pedestrian","Not a Pedestrian",423189,434664,"E01011335",2,"Crossroads","Darkness - lighting unknown","Fine no high winds","Dry","Car occupant"
"9046","20171348G1582",2017-08-16,2017,"Aug",16,"18:40",18,40,"Wednesday","Slight",1,"Slight","Cyclist","Driver or rider","Female",39,"Unclassified","Single carriageway",30,NA,"Not a Pedestrian","Not a Pedestrian",425132,433877,"E01032606",2,"Not at junction or within 20 metres","Darkness - lighting unknown","Fine no high winds","Dry","Cyclist"
"9047","20171348H0725",2017-08-17,2017,"Aug",17,"12:20",12,20,"Thursday","Slight",1,"Slight","Car occupant","Driver or rider","Female",24,"A","Single carriageway",30,"Unclassified","Not a Pedestrian","Not a Pedestrian",430300,425103,"E01011537",2,"T or staggered junction","Daylight","Fine no high winds","Dry","Car occupant"
"9048","20171348H1067",2017-08-17,2017,"Aug",17,"13:30",13,30,"Thursday","Slight",2,"Slight","Car occupant","Driver or rider","Female",38,"Unclassified","Single carriageway",30,"Unclassified","Not a Pedestrian","Not a Pedestrian",428958,429816,"E01011320",2,"Private drive or entrance","Daylight","Fine no high winds","Dry","Car occupant"
"9049","20171348H1067",2017-08-17,2017,"Aug",17,"13:30",13,30,"Thursday","Slight",2,"Slight","Car occupant","Passenger","Male",6,"Unclassified","Single carriageway",30,"Unclassified","Not a Pedestrian","Not a Pedestrian",428958,429816,"E01011320",2,"Private drive or entrance","Daylight","Fine no high winds","Dry","Car occupant"
"9050","20171348H1596",2017-08-17,2017,"Aug",17,"19:00",19,0,"Thursday","Serious",1,"Serious","Motorcycle 125cc and under rider or passenger","Driver or rider","Male",55,"Unclassified","Single carriageway",30,"Unclassified","Not a Pedestrian","Not a Pedestrian",426513,433224,"E01032607",2,"Other junction","Darkness - lighting unknown","Fine no high winds","Dry","Motorcyclist and pillion"
"9051","20171348I0575",2017-08-18,2017,"Aug",18,"10:32",10,32,"Friday","Slight",1,"Slight","Car occupant","Driver or rider","Female",35,"A","Dual carriageway",40,"Unclassified","Not a Pedestrian","Not a Pedestrian",428452,429063,"E01011493",2,"Slip road","Daylight","Fine no high winds","Wet or damp","Car occupant"
"9052","20171348I0614",2017-08-18,2017,"Aug",18,"10:58",10,58,"Friday","Slight",1,"Slight","Car occupant","Driver or rider","Female",47,"Unclassified","Single carriageway",40,"Unclassified","Not a Pedestrian","Not a Pedestrian",428450,429062,"E01011493",2,"T or staggered junction","Daylight","Fine no high winds","Dry","Car occupant"
"9053","20171348I1035",2017-08-18,2017,"Aug",18,"14:46",14,46,"Friday","Slight",1,"Slight","Car occupant","Driver or rider","Female",34,"Unclassified","Dual carriageway",40,"Unclassified","Not a Pedestrian","Not a Pedestrian",434255,437023,"E01011644",2,"T or staggered junction","Daylight","Fine no high winds","Wet or damp","Car occupant"
"9054","20171348I1193",2017-08-18,2017,"Aug",18,"16:00",16,0,"Friday","Slight",1,"Slight","Motorcycle over 500cc rider or passenger","Driver or rider","Male",44,"Unclassified","Dual carriageway",30,"Unclassified","Not a Pedestrian","Not a Pedestrian",428912,433683,"E01011678",2,"T or staggered junction","Daylight","Other","Dry","Motorcyclist and pillion"
"9055","20171348J0557",2017-08-19,2017,"Aug",19,"10:40",10,40,"Saturday","Slight",1,"Slight","Car occupant","Passenger","Female",83,"Motorway","Roundabout",70,"Motorway","Not a Pedestrian","Not a Pedestrian",432417,426200,"E01011499",2,"Roundabout","Daylight","Fine no high winds","Dry","Car occupant"
"9056","20171348J0643",2017-08-19,2017,"Aug",19,"11:36",11,36,"Saturday","Slight",1,"Slight","Motorcycle over 500cc rider or passenger","Driver or rider","Male",57,"A(M)","Dual carriageway",70,NA,"Not a Pedestrian","Not a Pedestrian",443630,436582,"E01011297",2,"Not at junction or within 20 metres","Daylight","Fine no high winds","Dry","Motorcyclist and pillion"
"9057","20171348J0883",2017-08-19,2017,"Aug",19,"13:58",13,58,"Saturday","Slight",1,"Slight","Pedestrian","Pedestrian","Male",12,"Unclassified","Single carriageway",20,"Unclassified","In carriageway, crossing elsewhere","Crossing from driver's nearside",432031,432727,"E01011625",2,"Crossroads","Daylight","Fine no high winds","Dry","Pedestrian"
"9058","20171348J1953",2017-08-19,2017,"Aug",19,"23:00",23,0,"Saturday","Serious",1,"Serious","Car occupant","Driver or rider","Male",22,"Unclassified","Single carriageway",30,"Unclassified","Not a Pedestrian","Not a Pedestrian",420463,434022,"E01011597",2,"T or staggered junction","Darkness - lights lit","Fine no high winds","Dry","Car occupant"
"9059","20171348K0769",2017-08-20,2017,"Aug",20,"11:34",11,34,"Sunday","Slight",1,"Slight","Car occupant","Driver or rider","Male",68,"A","Single carriageway",50,NA,"Not a Pedestrian","Not a Pedestrian",422565,427881,"E01011527",1,"Not at junction or within 20 metres","Daylight","Fine + high winds","Dry","Car occupant"
"9060","20171348K0978",2017-08-20,2017,"Aug",20,"13:45",13,45,"Sunday","Slight",4,"Slight","Car occupant","Driver or rider","Male",36,"Unclassified","Single carriageway",30,NA,"Not a Pedestrian","Not a Pedestrian",430735,435884,"E01011360",1,"Not at junction or within 20 metres","Daylight","Fine no high winds","Dry","Car occupant"
"9061","20171348K0978",2017-08-20,2017,"Aug",20,"13:45",13,45,"Sunday","Slight",4,"Slight","Car occupant","Passenger","Female",13,"Unclassified","Single carriageway",30,NA,"Not a Pedestrian","Not a Pedestrian",430735,435884,"E01011360",1,"Not at junction or within 20 metres","Daylight","Fine no high winds","Dry","Car occupant"
"9062","20171348K0978",2017-08-20,2017,"Aug",20,"13:45",13,45,"Sunday","Slight",4,"Slight","Car occupant","Passenger","Female",12,"Unclassified","Single carriageway",30,NA,"Not a Pedestrian","Not a Pedestrian",430735,435884,"E01011360",1,"Not at junction or within 20 metres","Daylight","Fine no high winds","Dry","Car occupant"
"9063","20171348K0978",2017-08-20,2017,"Aug",20,"13:45",13,45,"Sunday","Slight",4,"Slight","Car occupant","Passenger","Female",12,"Unclassified","Single carriageway",30,NA,"Not a Pedestrian","Not a Pedestrian",430735,435884,"E01011360",1,"Not at junction or within 20 metres","Daylight","Fine no high winds","Dry","Car occupant"
"9064","20171348K1052",2017-08-20,2017,"Aug",20,"14:28",14,28,"Sunday","Slight",2,"Slight","Car occupant","Driver or rider","Male",30,"A","Single carriageway",30,"Unclassified","Not a Pedestrian","Not a Pedestrian",431435,431610,"E01011467",2,"T or staggered junction","Daylight","Fine no high winds","Dry","Car occupant"
"9065","20171348K1052",2017-08-20,2017,"Aug",20,"14:28",14,28,"Sunday","Slight",2,"Slight","Car occupant","Passenger","Male",40,"A","Single carriageway",30,"Unclassified","Not a Pedestrian","Not a Pedestrian",431435,431610,"E01011467",2,"T or staggered junction","Daylight","Fine no high winds","Dry","Car occupant"
"9066","20171348K1425",2017-08-20,2017,"Aug",20,"17:45",17,45,"Sunday","Slight",1,"Slight","Car occupant","Passenger","Female",25,"Unclassified","Dual carriageway",30,NA,"Not a Pedestrian","Not a Pedestrian",430756,433176,"E01033034",2,"Not at junction or within 20 metres","Darkness - lighting unknown","Fine no high winds","Dry","Car occupant"
"9067","20171348L1054",2017-08-21,2017,"Aug",21,"15:20",15,20,"Monday","Slight",1,"Slight","Goods vehicle (7.5 tonnes mgw and over) occupant","Driver or rider","Male",43,"Motorway","Dual carriageway",70,NA,"Not a Pedestrian","Not a Pedestrian",428932,426429,"E01011538",3,"Not at junction or within 20 metres","Daylight","Fine no high winds","Dry","Bus and goods vehicle occupant"
"9068","20171348L1463",2017-08-21,2017,"Aug",21,"19:00",19,0,"Monday","Slight",1,"Slight","Car occupant","Driver or rider","Male",37,"Unclassified","Dual carriageway",30,NA,"Not a Pedestrian","Not a Pedestrian",429847,430695,"E01011322",2,"Not at junction or within 20 metres","Darkness - lighting unknown","Fine no high winds","Dry","Car occupant"
"9069","20171348L2007",2017-08-21,2017,"Aug",21,"23:04",23,4,"Monday","Serious",1,"Serious","Car occupant","Driver or rider","Female",19,"A(M)","Dual carriageway",40,"Unclassified","Not a Pedestrian","Not a Pedestrian",429375,433759,"E01011678",1,"Slip road","Darkness - lights lit","Raining no high winds","Wet or damp","Car occupant"
"9070","20171348M0830",2017-08-22,2017,"Aug",22,"12:45",12,45,"Tuesday","Slight",1,"Slight","Car occupant","Driver or rider","Female",71,"Unclassified","Single carriageway",30,NA,"Not a Pedestrian","Not a Pedestrian",437561,432780,"E01011411",2,"Not at junction or within 20 metres","Daylight","Fine no high winds","Dry","Car occupant"
"9071","20171348M0491",2017-08-22,2017,"Aug",22,"17:00",17,0,"Tuesday","Slight",1,"Slight","Pedestrian","Pedestrian","Female",18,"A","Dual carriageway",30,NA,"In carriageway, crossing elsewhere","Crossing from driver's nearside",423904,427895,"E01011523",1,"Not at junction or within 20 metres","Darkness - lighting unknown","Fine no high winds","Dry","Pedestrian"
"9072","20171348N1412",2017-08-22,2017,"Aug",22,"17:07",17,7,"Tuesday","Slight",1,"Slight","Car occupant","Driver or rider","Female",45,"Unclassified","Single carriageway",30,NA,"Not a Pedestrian","Not a Pedestrian",422663,434941,"E01011328",3,"Not at junction or within 20 metres","Darkness - lighting unknown","Fine no high winds","Dry","Car occupant"
"9073","20171348M1520",2017-08-22,2017,"Aug",22,"17:50",17,50,"Tuesday","Slight",1,"Slight","Car occupant","Passenger","Male",5,"Unclassified","Single carriageway",30,NA,"Not a Pedestrian","Not a Pedestrian",428776,430891,"E01011370",3,"Not at junction or within 20 metres","Darkness - lighting unknown","Fine no high winds","Dry","Car occupant"
"9074","20171348N0407",2017-08-23,2017,"Aug",23,"09:05",9,5,"Wednesday","Slight",1,"Slight","Car occupant","Driver or rider","Male",59,"Unclassified","Single carriageway",30,NA,"Not a Pedestrian","Not a Pedestrian",433163,433876,"E01011617",2,"Not at junction or within 20 metres","Daylight","Raining + high winds","Wet or damp","Car occupant"
"9075","20171348N0560",2017-08-23,2017,"Aug",23,"09:36",9,36,"Wednesday","Slight",1,"Slight","Bus or coach occupant (17 or more pass seats)","Passenger","Female",79,"A","Dual carriageway",70,"Unclassified","Not a Pedestrian","Not a Pedestrian",429728,438846,"E01011559",1,"Roundabout","Daylight","Fine no high winds","Dry","Bus and goods vehicle occupant"
"9076","20171348N1304",2017-08-23,2017,"Aug",23,"15:15",15,15,"Wednesday","Slight",1,"Slight","Bus or coach occupant (17 or more pass seats)","Passenger","Male",30,"Unclassified","Single carriageway",30,NA,"Not a Pedestrian","Not a Pedestrian",430527,434060,"E01033002",1,"Not at junction or within 20 metres","Daylight","Fine no high winds","Dry","Bus and goods vehicle occupant"
"9077","20171348N1666",2017-08-23,2017,"Aug",23,"17:00",17,0,"Wednesday","Serious",1,"Serious","Pedestrian","Pedestrian","Male",31,"Unclassified","Single carriageway",30,"Unclassified","On footway or verge","Unknown or other",429929,433406,"E01033010",1,"Crossroads","Darkness - lighting unknown","Fine no high winds","Dry","Pedestrian"
"9078","20171348N1391",2017-08-23,2017,"Aug",23,"17:22",17,22,"Wednesday","Serious",1,"Serious","Pedestrian","Pedestrian","Male",32,"Unclassified","Single carriageway",20,"Unclassified","In carriageway, crossing elsewhere","Crossing from driver's nearside",431455,435824,"E01011359",1,"Crossroads","Darkness - lighting unknown","Fine no high winds","Dry","Pedestrian"