"","accident_index","date","year","month","day","time","time_hour","time_minute","day_of_week","accident_severity","number_of_casualties","casualty_severity","casualty_type","casualty_class","sex_of_casualty","age_of_casualty","first_road_class","road_type","speed_limit","second_road_class","pedestrian_location","pedestrian_movement","location_easting_osgr","location_northing_osgr","lsoa_of_accident_location","number_of_vehicles","junction_detail","light_conditions","weather_conditions","road_surface_conditions","cas_type"
"9079","20171348N1865",2017-08-23,2017,"Aug",23,"20:30",20,30,"Wednesday","Serious",1,"Serious","Motorcycle 125cc and under rider or passenger","Driver or rider","Male",23,"Unclassified","Single carriageway",30,NA,"Not a Pedestrian","Not a Pedestrian",429263,431317,"E01011370",2,"Not at junction or within 20 metres","Darkness - lights lit","Fine no high winds","Dry","Motorcyclist and pillion"
"9080","20171348O0470",2017-08-24,2017,"Aug",24,"09:00",9,0,"Thursday","Slight",1,"Slight","Cyclist","Driver or rider","Male",57,"Unclassified","Single carriageway",30,"Unclassified","Not a Pedestrian","Not a Pedestrian",429544,439284,"E01011559",2,"T or staggered junction","Daylight","Fine no high winds","Dry","Cyclist"
"9081","2017134941199",2017-08-24,2017,"Aug",24,"10:00",10,0,"Thursday","Slight",1,"Slight","Other vehicle occupant","Driver or rider","Male",36,"Unclassified","Unknown",20,NA,"Not a Pedestrian","Not a Pedestrian",430254,433541,"E01033010",2,"Not at junction or within 20 metres","Daylight","Fine no high winds","Dry","Others"
"9082","20171348O1187",2017-08-24,2017,"Aug",24,"16:09",16,9,"Thursday","Slight",1,"Slight","Car occupant","Driver or rider","Male",23,"A(M)","Dual carriageway",70,NA,"Not a Pedestrian","Not a Pedestrian",442642,442325,"E01011712",4,"Not at junction or within 20 metres","Daylight","Fine no high winds","Dry","Car occupant"
"9083","20171348O1371",2017-08-24,2017,"Aug",24,"17:29",17,29,"Thursday","Serious",1,"Serious","Motorcycle over 500cc rider or passenger","Driver or rider","Male",26,"A","Dual carriageway",60,NA,"Not a Pedestrian","Not a Pedestrian",435897,436369,"E01011720",2,"Not at junction or within 20 metres","Darkness - lighting unknown","Fine no high winds","Dry","Motorcyclist and pillion"
"9084","20171348O1573",2017-08-24,2017,"Aug",24,"18:53",18,53,"Thursday","Slight",1,"Slight","Car occupant","Passenger","Female",77,"Unclassified","Single carriageway",40,NA,"Not a Pedestrian","Not a Pedestrian",440761,445696,"E01011696",2,"Not at junction or within 20 metres","Darkness - lighting unknown","Fine no high winds","Dry","Car occupant"
"9085","20171348P0675",2017-08-25,2017,"Aug",25,"09:30",9,30,"Friday","Slight",1,"Slight","Motorcycle - unknown cc rider or passenger","Driver or rider","Male",40,"Unclassified","One way street",30,"Unclassified","Not a Pedestrian","Not a Pedestrian",431755,434600,"E01011677",2,"T or staggered junction","Daylight","Fine no high winds","Dry","Motorcyclist and pillion"
"9086","20171348P0569",2017-08-25,2017,"Aug",25,"10:00",10,0,"Friday","Slight",1,"Slight","Car occupant","Driver or rider","Female",39,"Unclassified","Roundabout",40,"Unclassified","Not a Pedestrian","Not a Pedestrian",429961,436597,"E01011355",2,"Roundabout","Daylight","Fine no high winds","Dry","Car occupant"
"9087","20171348Q0430",2017-08-26,2017,"Aug",26,"06:45",6,45,"Saturday","Slight",1,"Slight","Car occupant","Driver or rider","Female",40,"Unclassified","Single carriageway",30,NA,"Not a Pedestrian","Not a Pedestrian",425968,436677,"E01011485",2,"Not at junction or within 20 metres","Darkness - lighting unknown","Fine no high winds","Dry","Car occupant"
"9088","20171348Q1001",2017-08-26,2017,"Aug",26,"13:46",13,46,"Saturday","Slight",1,"Slight","Cyclist","Driver or rider","Male",45,"B","Single carriageway",30,"Unclassified","Not a Pedestrian","Not a Pedestrian",426204,427585,"E01011541",2,"T or staggered junction","Daylight","Fine no high winds","Dry","Cyclist"
"9089","20171348Q1021",2017-08-26,2017,"Aug",26,"14:02",14,2,"Saturday","Slight",1,"Slight","Pedestrian","Pedestrian","Female",93,"Unclassified","Single carriageway",20,NA,"In carriageway, crossing elsewhere","Crossing from driver's offside",430710,439130,"E01011512",1,"Not at junction or within 20 metres","Daylight","Fine no high winds","Dry","Pedestrian"
"9090","20171348Q1082",2017-08-26,2017,"Aug",26,"14:37",14,37,"Saturday","Slight",2,"Slight","Car occupant","Passenger","Female",6,"A(M)","Dual carriageway",70,NA,"Not a Pedestrian","Not a Pedestrian",442379,442639,"E01011712",3,"Not at junction or within 20 metres","Daylight","Fine no high winds","Dry","Car occupant"
"9091","20171348Q1082",2017-08-26,2017,"Aug",26,"14:37",14,37,"Saturday","Slight",2,"Slight","Car occupant","Driver or rider","Female",27,"A(M)","Dual carriageway",70,NA,"Not a Pedestrian","Not a Pedestrian",442379,442639,"E01011712",3,"Not at junction or within 20 metres","Daylight","Fine no high winds","Dry","Car occupant"
"9092","20171348M0541",2017-08-26,2017,"Aug",26,"16:15",16,15,"Saturday","Slight",1,"Slight","Pedestrian","Pedestrian","Male",30,"Unclassified","Single carriageway",30,NA,"In carriageway, not crossing","Unknown or other",439977,442840,"E01011712",1,"Not at junction or within 20 metres","Daylight","Fine no high winds","Dry","Pedestrian"
"9093","20171348Q1317",2017-08-26,2017,"Aug",26,"16:39",16,39,"Saturday","Slight",1,"Slight","Cyclist","Driver or rider","Male",11,"Unclassified","Single carriageway",20,"Unclassified","Not a Pedestrian","Not a Pedestrian",428964,439261,"E01011560",2,"Crossroads","Daylight","Fine no high winds","Dry","Cyclist"
"9094","20171348Q2087",2017-08-26,2017,"Aug",26,"22:57",22,57,"Saturday","Slight",1,"Slight","Pedestrian","Pedestrian","Male",21,"B","Single carriageway",30,NA,"In carriageway, crossing elsewhere","Crossing from driver's nearside",440459,448333,"E01011704",1,"Not at junction or within 20 metres","Darkness - lights lit","Fine no high winds","Dry","Pedestrian"
"9095","20171348R0476",2017-08-27,2017,"Aug",27,"06:15",6,15,"Sunday","Serious",1,"Serious","Motorcycle over 500cc rider or passenger","Driver or rider","Male",46,"A","Single carriageway",50,"Unclassified","Not a Pedestrian","Not a Pedestrian",426430,430145,"E01011734",2,"T or staggered junction","Darkness - lighting unknown","Fine no high winds","Dry","Motorcyclist and pillion"
"9096","20171348R2011",2017-08-27,2017,"Aug",27,"21:45",21,45,"Sunday","Slight",1,"Slight","Pedestrian","Pedestrian","Male",62,"Unclassified","Single carriageway",30,"Unclassified","In carriageway, crossing elsewhere","Crossing from driver's offside",431067,435583,"E01011361",1,"T or staggered junction","Darkness - lights lit","Fine no high winds","Dry","Pedestrian"
"9097","20171348S0500",2017-08-28,2017,"Aug",28,"08:01",8,1,"Monday","Slight",1,"Slight","Car occupant","Driver or rider","Male",48,"Unclassified","Single carriageway",30,"Unclassified","Not a Pedestrian","Not a Pedestrian",435545,438371,"E01011714",2,"Crossroads","Daylight","Fine no high winds","Dry","Car occupant"
"9098","20171348V0882",2017-08-28,2017,"Aug",28,"14:35",14,35,"Monday","Slight",1,"Slight","Pedestrian","Pedestrian","Male",40,"Unclassified","Single carriageway",30,NA,"Unknown or other","Unknown or other",426188,435500,"E01011488",1,"Not at junction or within 20 metres","Daylight","Fine no high winds","Dry","Pedestrian"
"9099","20171348S1283",2017-08-28,2017,"Aug",28,"15:56",15,56,"Monday","Slight",3,"Slight","Car occupant","Passenger","Female",16,"Motorway","Dual carriageway",70,NA,"Not a Pedestrian","Not a Pedestrian",426820,430012,"E01011518",2,"Not at junction or within 20 metres","Daylight","Fine no high winds","Dry","Car occupant"
"9100","20171348S1283",2017-08-28,2017,"Aug",28,"15:56",15,56,"Monday","Slight",3,"Slight","Car occupant","Driver or rider","Female",35,"Motorway","Dual carriageway",70,NA,"Not a Pedestrian","Not a Pedestrian",426820,430012,"E01011518",2,"Not at junction or within 20 metres","Daylight","Fine no high winds","Dry","Car occupant"
"9101","20171348S1283",2017-08-28,2017,"Aug",28,"15:56",15,56,"Monday","Slight",3,"Slight","Car occupant","Passenger","Male",13,"Motorway","Dual carriageway",70,NA,"Not a Pedestrian","Not a Pedestrian",426820,430012,"E01011518",2,"Not at junction or within 20 metres","Daylight","Fine no high winds","Dry","Car occupant"
"9102","20171348S1606",2017-08-28,2017,"Aug",28,"18:35",18,35,"Monday","Slight",3,"Slight","Car occupant","Driver or rider","Male",37,"A(M)","Dual carriageway",40,NA,"Not a Pedestrian","Not a Pedestrian",430158,434397,"E01033002",2,"Not at junction or within 20 metres","Darkness - lighting unknown","Fine no high winds","Dry","Car occupant"
"9103","20171348S1606",2017-08-28,2017,"Aug",28,"18:35",18,35,"Monday","Slight",3,"Slight","Car occupant","Driver or rider","Male",64,"A(M)","Dual carriageway",40,NA,"Not a Pedestrian","Not a Pedestrian",430158,434397,"E01033002",2,"Not at junction or within 20 metres","Darkness - lighting unknown","Fine no high winds","Dry","Car occupant"
"9104","20171348S1606",2017-08-28,2017,"Aug",28,"18:35",18,35,"Monday","Slight",3,"Slight","Car occupant","Passenger","Female",60,"A(M)","Dual carriageway",40,NA,"Not a Pedestrian","Not a Pedestrian",430158,434397,"E01033002",2,"Not at junction or within 20 metres","Darkness - lighting unknown","Fine no high winds","Dry","Car occupant"
"9105","20171348S1998",2017-08-28,2017,"Aug",28,"21:18",21,18,"Monday","Slight",1,"Slight","Car occupant","Driver or rider","Male",38,"A","Roundabout",30,"A","Not a Pedestrian","Not a Pedestrian",421976,436537,"E01011591",2,"Roundabout","Darkness - lighting unknown","Fine no high winds","Dry","Car occupant"
"9106","20171348T0480",2017-08-29,2017,"Aug",29,"09:32",9,32,"Tuesday","Slight",2,"Slight","Car occupant","Driver or rider","Male",34,"B","Single carriageway",20,NA,"Not a Pedestrian","Not a Pedestrian",422099,434410,"E01011587",2,"Not at junction or within 20 metres","Daylight","Fine no high winds","Dry","Car occupant"
"9107","20171348T0480",2017-08-29,2017,"Aug",29,"09:32",9,32,"Tuesday","Slight",2,"Slight","Car occupant","Driver or rider","Male",53,"B","Single carriageway",20,NA,"Not a Pedestrian","Not a Pedestrian",422099,434410,"E01011587",2,"Not at junction or within 20 metres","Daylight","Fine no high winds","Dry","Car occupant"
"9108","20171348T0535",2017-08-29,2017,"Aug",29,"10:20",10,20,"Tuesday","Slight",2,"Slight","Car occupant","Driver or rider","Female",56,"A(M)","Dual carriageway",70,NA,"Not a Pedestrian","Not a Pedestrian",443628,436812,"E01011297",2,"Not at junction or within 20 metres","Daylight","Fine no high winds","Dry","Car occupant"
"9109","20171348T0535",2017-08-29,2017,"Aug",29,"10:20",10,20,"Tuesday","Slight",2,"Slight","Car occupant","Passenger","Male",60,"A(M)","Dual carriageway",70,NA,"Not a Pedestrian","Not a Pedestrian",443628,436812,"E01011297",2,"Not at junction or within 20 metres","Daylight","Fine no high winds","Dry","Car occupant"
"9110","20171348T0887",2017-08-29,2017,"Aug",29,"12:30",12,30,"Tuesday","Slight",1,"Slight","Bus or coach occupant (17 or more pass seats)","Passenger","Female",70,"Unclassified","Single carriageway",30,"Unclassified","Not a Pedestrian","Not a Pedestrian",428478,435208,"E01011445",2,"T or staggered junction","Daylight","Fine no high winds","Dry","Bus and goods vehicle occupant"
"9111","20171348T1742",2017-08-29,2017,"Aug",29,"19:38",19,38,"Tuesday","Slight",1,"Slight","Motorcycle 50cc and under rider or passenger","Driver or rider","Male",19,"A","Single carriageway",30,"B","Not a Pedestrian","Not a Pedestrian",427896,436191,"E01011440",2,"Crossroads","Darkness - lighting unknown","Fine no high winds","Dry","Motorcyclist and pillion"
"9112","20171348U1168",2017-08-30,2017,"Aug",30,"16:10",16,10,"Wednesday","Slight",2,"Slight","Car occupant","Passenger","Male",57,"A","Dual carriageway",40,"Unclassified","Not a Pedestrian","Not a Pedestrian",430468,435599,"E01011357",2,"Other junction","Daylight","Fine no high winds","Dry","Car occupant"
"9113","20171348U1168",2017-08-30,2017,"Aug",30,"16:10",16,10,"Wednesday","Slight",2,"Slight","Car occupant","Passenger","Female",51,"A","Dual carriageway",40,"Unclassified","Not a Pedestrian","Not a Pedestrian",430468,435599,"E01011357",2,"Other junction","Daylight","Fine no high winds","Dry","Car occupant"
"9114","20171348V0509",2017-08-31,2017,"Aug",31,"11:10",11,10,"Thursday","Slight",1,"Slight","Car occupant","Driver or rider","Female",60,"A","Single carriageway",40,"Unclassified","Not a Pedestrian","Not a Pedestrian",418303,441340,"E01011270",2,"T or staggered junction","Daylight","Fine no high winds","Wet or damp","Car occupant"
"9115","20171348V0621",2017-08-31,2017,"Aug",31,"12:24",12,24,"Thursday","Slight",1,"Slight","Cyclist","Driver or rider","Male",21,"A","Dual carriageway",30,"Unclassified","Not a Pedestrian","Not a Pedestrian",430816,433937,"E01033031",2,"T or staggered junction","Daylight","Fine no high winds","Dry","Cyclist"
"9116","20171348V0685",2017-08-31,2017,"Aug",31,"12:59",12,59,"Thursday","Slight",1,"Slight","Car occupant","Driver or rider","Male",34,"Unclassified","Dual carriageway",40,"A","Not a Pedestrian","Not a Pedestrian",428933,433419,"E01033015",2,"Slip road","Daylight","Fine no high winds","Dry","Car occupant"
"9117","20171348V1360",2017-08-31,2017,"Aug",31,"18:08",18,8,"Thursday","Slight",2,"Slight","Car occupant","Driver or rider","Male",40,"A","Dual carriageway",40,NA,"Not a Pedestrian","Not a Pedestrian",427452,431884,"E01011734",3,"Not at junction or within 20 metres","Darkness - lighting unknown","Fine no high winds","Dry","Car occupant"
"9118","20171348V1360",2017-08-31,2017,"Aug",31,"18:08",18,8,"Thursday","Slight",2,"Slight","Car occupant","Passenger","Female",34,"A","Dual carriageway",40,NA,"Not a Pedestrian","Not a Pedestrian",427452,431884,"E01011734",3,"Not at junction or within 20 metres","Darkness - lighting unknown","Fine no high winds","Dry","Car occupant"
"9119","2017134911338",2017-09-01,2017,"Sep",1,"17:27",17,27,"Friday","Slight",1,"Slight","Car occupant","Driver or rider","Female",20,"Motorway","Dual carriageway",50,"Motorway","Not a Pedestrian","Not a Pedestrian",432049,426272,"E01011499",2,"Other junction","Darkness - lighting unknown","Fine no high winds","Dry","Car occupant"
"9120","2017134911467",2017-09-01,2017,"Sep",1,"18:20",18,20,"Friday","Slight",1,"Slight","Pedestrian","Pedestrian","Male",32,"A","Single carriageway",40,NA,"On footway or verge","Unknown or other",435936,426644,"E01011636",1,"Not at junction or within 20 metres","Darkness - lighting unknown","Fine no high winds","Dry","Pedestrian"
"9121","2017134920799",2017-09-02,2017,"Sep",2,"12:20",12,20,"Saturday","Slight",1,"Slight","Car occupant","Passenger","Female",10,"A","Dual carriageway",30,"Unclassified","Not a Pedestrian","Not a Pedestrian",436168,434724,"E01011408",2,"Crossroads","Daylight","Fine no high winds","Dry","Car occupant"
"9122","2017134921305",2017-09-02,2017,"Sep",2,"16:30",16,30,"Saturday","Serious",1,"Serious","Pedestrian","Pedestrian","Male",22,"A","Single carriageway",40,"Unclassified","Crossing elsewhere within 50m. of pedestrian crossing","Crossing from offside - masked by  parked or stationary vehicle",435718,436940,"E01011661",1,"Other junction","Daylight","Fine no high winds","Dry","Pedestrian"
"9123","2017134921677",2017-09-02,2017,"Sep",2,"19:40",19,40,"Saturday","Slight",1,"Slight","Motorcycle over 500cc rider or passenger","Driver or rider","Male",46,"A","Dual carriageway",40,"Unclassified","Not a Pedestrian","Not a Pedestrian",429040,429932,"E01011320",2,"T or staggered junction","Darkness - lighting unknown","Fine no high winds","Dry","Motorcyclist and pillion"
"9124","2017134921730",2017-09-02,2017,"Sep",2,"20:00",20,0,"Saturday","Slight",1,"Slight","Car occupant","Driver or rider","Female",26,"Unclassified","Dual carriageway",30,"Unclassified","Not a Pedestrian","Not a Pedestrian",431965,435828,"E01011422",2,"Crossroads","Darkness - lighting unknown","Fine no high winds","Dry","Car occupant"
"9125","2017134930499",2017-09-03,2017,"Sep",3,"08:40",8,40,"Sunday","Slight",3,"Slight","Car occupant","Driver or rider","Male",41,"A","Roundabout",30,"Unclassified","Not a Pedestrian","Not a Pedestrian",432610,429585,"E01011470",2,"Roundabout","Daylight","Fine no high winds","Dry","Car occupant"
"9126","2017134930499",2017-09-03,2017,"Sep",3,"08:40",8,40,"Sunday","Slight",3,"Slight","Car occupant","Passenger","Female",14,"A","Roundabout",30,"Unclassified","Not a Pedestrian","Not a Pedestrian",432610,429585,"E01011470",2,"Roundabout","Daylight","Fine no high winds","Dry","Car occupant"
"9127","2017134930499",2017-09-03,2017,"Sep",3,"08:40",8,40,"Sunday","Slight",3,"Slight","Car occupant","Passenger","Female",11,"A","Roundabout",30,"Unclassified","Not a Pedestrian","Not a Pedestrian",432610,429585,"E01011470",2,"Roundabout","Daylight","Fine no high winds","Dry","Car occupant"
"9128","2017134931022",2017-09-03,2017,"Sep",3,"15:25",15,25,"Sunday","Slight",1,"Slight","Car occupant","Passenger","Male",14,"A","Single carriageway",40,NA,"Not a Pedestrian","Not a Pedestrian",436627,442136,"E01011713",1,"Not at junction or within 20 metres","Daylight","Fine no high winds","Dry","Car occupant"
"9129","2017134931394",2017-09-03,2017,"Sep",3,"18:00",18,0,"Sunday","Serious",5,"Serious","Car occupant","Passenger","Male",16,"A","Dual carriageway",40,NA,"Not a Pedestrian","Not a Pedestrian",432460,435800,"E01011427",4,"Not at junction or within 20 metres","Darkness - lighting unknown","Fine no high winds","Dry","Car occupant"
"9130","2017134931394",2017-09-03,2017,"Sep",3,"18:00",18,0,"Sunday","Serious",5,"Slight","Car occupant","Passenger","Female",12,"A","Dual carriageway",40,NA,"Not a Pedestrian","Not a Pedestrian",432460,435800,"E01011427",4,"Not at junction or within 20 metres","Darkness - lighting unknown","Fine no high winds","Dry","Car occupant"
"9131","2017134931394",2017-09-03,2017,"Sep",3,"18:00",18,0,"Sunday","Serious",5,"Slight","Car occupant","Passenger","Female",35,"A","Dual carriageway",40,NA,"Not a Pedestrian","Not a Pedestrian",432460,435800,"E01011427",4,"Not at junction or within 20 metres","Darkness - lighting unknown","Fine no high winds","Dry","Car occupant"
"9132","2017134931394",2017-09-03,2017,"Sep",3,"18:00",18,0,"Sunday","Serious",5,"Slight","Car occupant","Passenger","Female",45,"A","Dual carriageway",40,NA,"Not a Pedestrian","Not a Pedestrian",432460,435800,"E01011427",4,"Not at junction or within 20 metres","Darkness - lighting unknown","Fine no high winds","Dry","Car occupant"
"9133","2017134931394",2017-09-03,2017,"Sep",3,"18:00",18,0,"Sunday","Serious",5,"Slight","Car occupant","Passenger","Female",55,"A","Dual carriageway",40,NA,"Not a Pedestrian","Not a Pedestrian",432460,435800,"E01011427",4,"Not at junction or within 20 metres","Darkness - lighting unknown","Fine no high winds","Dry","Car occupant"
"9134","2017134931876",2017-09-03,2017,"Sep",3,"22:56",22,56,"Sunday","Slight",2,"Slight","Car occupant","Passenger","Male",15,"Unclassified","Single carriageway",30,"Unclassified","Not a Pedestrian","Not a Pedestrian",431361,435067,"E01011429",2,"T or staggered junction","Darkness - lights lit","Fine no high winds","Wet or damp","Car occupant"
"9135","2017134931876",2017-09-03,2017,"Sep",3,"22:56",22,56,"Sunday","Slight",2,"Slight","Car occupant","Driver or rider","Male",27,"Unclassified","Single carriageway",30,"Unclassified","Not a Pedestrian","Not a Pedestrian",431361,435067,"E01011429",2,"T or staggered junction","Darkness - lights lit","Fine no high winds","Wet or damp","Car occupant"
"9136","2017134940235",2017-09-04,2017,"Sep",4,"06:47",6,47,"Monday","Slight",1,"Slight","Cyclist","Driver or rider","Male",39,"A","Single carriageway",30,"Unclassified","Not a Pedestrian","Not a Pedestrian",441051,432043,"E01011405",2,"T or staggered junction","Darkness - lighting unknown","Fine no high winds","Wet or damp","Cyclist"
"9137","20171349C0298",2017-09-04,2017,"Sep",4,"08:15",8,15,"Monday","Slight",1,"Slight","Cyclist","Driver or rider","Male",17,"Unclassified","Single carriageway",30,"Unclassified","Not a Pedestrian","Not a Pedestrian",426428,432010,"E01011737",2,"T or staggered junction","Daylight","Fine no high winds","Dry","Cyclist"
"9138","2017134941168",2017-09-04,2017,"Sep",4,"16:00",16,0,"Monday","Slight",2,"Slight","Car occupant","Passenger","Female",21,"Unclassified","Single carriageway",30,NA,"Not a Pedestrian","Not a Pedestrian",429438,428203,"E01032498",4,"Not at junction or within 20 metres","Daylight","Fine no high winds","Dry","Car occupant"
"9139","2017134941168",2017-09-04,2017,"Sep",4,"16:00",16,0,"Monday","Slight",2,"Slight","Car occupant","Passenger","Female",2,"Unclassified","Single carriageway",30,NA,"Not a Pedestrian","Not a Pedestrian",429438,428203,"E01032498",4,"Not at junction or within 20 metres","Daylight","Fine no high winds","Dry","Car occupant"
"9140","2017134941531",2017-09-04,2017,"Sep",4,"16:30",16,30,"Monday","Slight",1,"Slight","Pedestrian","Pedestrian","Male",7,"Unclassified","Single carriageway",30,NA,"In carriageway, crossing elsewhere","Crossing from nearside - masked by parked or stationary vehicle",433050,427871,"E01011634",1,"Not at junction or within 20 metres","Daylight","Fine no high winds","Dry","Pedestrian"
"9141","2017134950348",2017-09-05,2017,"Sep",5,"08:10",8,10,"Tuesday","Slight",1,"Slight","Cyclist","Driver or rider","Female",32,"Unclassified","Roundabout",30,NA,"Not a Pedestrian","Not a Pedestrian",431269,432326,"E01011467",2,"Not at junction or within 20 metres","Daylight","Raining no high winds","Wet or damp","Cyclist"
"9142","20171349C0647",2017-09-05,2017,"Sep",5,"10:00",10,0,"Tuesday","Serious",1,"Serious","Pedestrian","Pedestrian","Female",78,"Unclassified","Single carriageway",30,NA,"Crossing on pedestrian crossing facility","Unknown or other",429068,431233,"E01011370",1,"Not at junction or within 20 metres","Daylight","Fine no high winds","Dry","Pedestrian"
"9143","2017134CO0828",2017-09-05,2017,"Sep",5,"14:33",14,33,"Tuesday","Slight",2,"Slight","Car occupant","Driver or rider","Male",36,"A(M)","Dual carriageway",70,NA,"Not a Pedestrian","Not a Pedestrian",443351,438926,"E01011309",2,"Not at junction or within 20 metres","Daylight","Fine no high winds","Dry","Car occupant"
"9144","2017134CO0828",2017-09-05,2017,"Sep",5,"14:33",14,33,"Tuesday","Slight",2,"Slight","Car occupant","Passenger","Female",27,"A(M)","Dual carriageway",70,NA,"Not a Pedestrian","Not a Pedestrian",443351,438926,"E01011309",2,"Not at junction or within 20 metres","Daylight","Fine no high winds","Dry","Car occupant"
"9145","2017134951103",2017-09-05,2017,"Sep",5,"15:53",15,53,"Tuesday","Slight",1,"Slight","Car occupant","Driver or rider","Male",27,"Motorway","Dual carriageway",50,NA,"Not a Pedestrian","Not a Pedestrian",435541,431320,"E01011420",2,"Not at junction or within 20 metres","Daylight","Fine no high winds","Dry","Car occupant"
"9146","2017134951752",2017-09-05,2017,"Sep",5,"20:00",20,0,"Tuesday","Slight",1,"Slight","Cyclist","Driver or rider","Male",22,"Unclassified","Dual carriageway",30,"Unclassified","Not a Pedestrian","Not a Pedestrian",432152,436129,"E01011647",2,"T or staggered junction","Darkness - lights lit","Fine no high winds","Dry","Cyclist"
"9147","2017134951874",2017-09-05,2017,"Sep",5,"21:30",21,30,"Tuesday","Slight",1,"Slight","Car occupant","Driver or rider","Male",31,"Unclassified","Single carriageway",30,"Unclassified","Not a Pedestrian","Not a Pedestrian",436919,435094,"E01011407",1,"T or staggered junction","Darkness - lights lit","Fine no high winds","Dry","Car occupant"
"9148","2017134960452",2017-09-06,2017,"Sep",6,"08:25",8,25,"Wednesday","Slight",1,"Slight","Car occupant","Driver or rider","Male",26,"Unclassified","Roundabout",30,"Unclassified","Not a Pedestrian","Not a Pedestrian",431006,428089,"E01011490",2,"Roundabout","Daylight","Raining no high winds","Wet or damp","Car occupant"
"9149","2017134960703",2017-09-06,2017,"Sep",6,"12:45",12,45,"Wednesday","Slight",1,"Slight","Car occupant","Driver or rider","Male",26,"A","Roundabout",30,"A","Not a Pedestrian","Not a Pedestrian",426677,431744,"E01011734",2,"Roundabout","Daylight","Fine no high winds","Dry","Car occupant"
"9150","2017134970421",2017-09-07,2017,"Sep",7,"07:50",7,50,"Thursday","Slight",1,"Slight","Cyclist","Driver or rider","Female",53,"A","Dual carriageway",50,"Unclassified","Not a Pedestrian","Not a Pedestrian",438958,432527,"E01011402",2,"Private drive or entrance","Daylight","Fine no high winds","Dry","Cyclist"
"9151","2017134970625",2017-09-07,2017,"Sep",7,"11:52",11,52,"Thursday","Slight",1,"Slight","Car occupant","Driver or rider","Female",51,"A","Roundabout",40,"Motorway","Not a Pedestrian","Not a Pedestrian",428511,431549,"E01011366",2,"Roundabout","Daylight","Fine no high winds","Dry","Car occupant"
"9152","2017134970783",2017-09-07,2017,"Sep",7,"13:13",13,13,"Thursday","Serious",1,"Serious","Motorcycle 125cc and under rider or passenger","Driver or rider","Male",23,"A","Single carriageway",40,NA,"Not a Pedestrian","Not a Pedestrian",431900,431303,"E01011468",2,"Not at junction or within 20 metres","Daylight","Fine no high winds","Dry","Motorcyclist and pillion"
"9153","2017134970914",2017-09-07,2017,"Sep",7,"14:14",14,14,"Thursday","Slight",1,"Slight","Motorcycle 125cc and under rider or passenger","Driver or rider","Male",21,"Unclassified","Single carriageway",20,"Unclassified","Not a Pedestrian","Not a Pedestrian",429425,431599,"E01011373",2,"T or staggered junction","Daylight","Fine no high winds","Dry","Motorcyclist and pillion"
"9154","2017134970971",2017-09-07,2017,"Sep",7,"14:40",14,40,"Thursday","Serious",1,"Serious","Motorcycle 125cc and under rider or passenger","Driver or rider","Male",20,"A","Dual carriageway",40,NA,"Not a Pedestrian","Not a Pedestrian",430817,439193,"E01011512",1,"Not at junction or within 20 metres","Daylight","Fine no high winds","Dry","Motorcyclist and pillion"
"9155","2017134981188",2017-09-08,2017,"Sep",8,"16:36",16,36,"Friday","Slight",2,"Slight","Car occupant","Passenger","Female",10,"Unclassified","Single carriageway",30,NA,"Not a Pedestrian","Not a Pedestrian",432071,435659,"E01011428",2,"Not at junction or within 20 metres","Daylight","Fine no high winds","Dry","Car occupant"
"9156","2017134981188",2017-09-08,2017,"Sep",8,"16:36",16,36,"Friday","Slight",2,"Slight","Car occupant","Passenger","Female",7,"Unclassified","Single carriageway",30,NA,"Not a Pedestrian","Not a Pedestrian",432071,435659,"E01011428",2,"Not at junction or within 20 metres","Daylight","Fine no high winds","Dry","Car occupant"
"9157","2017134981276",2017-09-08,2017,"Sep",8,"17:17",17,17,"Friday","Slight",1,"Slight","Car occupant","Driver or rider","Female",29,"Unclassified","Single carriageway",30,"Unclassified","Not a Pedestrian","Not a Pedestrian",430982,425890,"E01011551",2,"T or staggered junction","Darkness - lighting unknown","Fine no high winds","Dry","Car occupant"
"9158","2017134981693",2017-09-08,2017,"Sep",8,"20:00",20,0,"Friday","Slight",1,"Slight","Car occupant","Passenger","Female",20,"A","Single carriageway",30,NA,"Not a Pedestrian","Not a Pedestrian",440750,433575,"E01011400",1,"Not at junction or within 20 metres","Darkness - lights lit","Fine no high winds","Dry","Car occupant"
"9159","2017134981994",2017-09-08,2017,"Sep",8,"23:38",23,38,"Friday","Slight",2,"Slight","Car occupant","Passenger","Female",25,"Motorway","Dual carriageway",50,NA,"Not a Pedestrian","Not a Pedestrian",429615,432095,"E01011364",2,"Not at junction or within 20 metres","Darkness - lights lit","Fine no high winds","Wet or damp","Car occupant"
"9160","2017134981994",2017-09-08,2017,"Sep",8,"23:38",23,38,"Friday","Slight",2,"Slight","Taxi/Private hire car occupant","Driver or rider","Male",33,"Motorway","Dual carriageway",50,NA,"Not a Pedestrian","Not a Pedestrian",429615,432095,"E01011364",2,"Not at junction or within 20 metres","Darkness - lights lit","Fine no high winds","Wet or damp","Car occupant"
"9161","2017134990341",2017-09-09,2017,"Sep",9,"06:27",6,27,"Saturday","Slight",1,"Slight","Car occupant","Passenger","Male",19,"Unclassified","Single carriageway",30,"Unclassified","Not a Pedestrian","Not a Pedestrian",436491,436088,"E01011724",2,"T or staggered junction","Darkness - lighting unknown","Fine no high winds","Wet or damp","Car occupant"
"9162","2017134990585",2017-09-09,2017,"Sep",9,"10:43",10,43,"Saturday","Serious",3,"Serious","Car occupant","Driver or rider","Male",21,"A","Dual carriageway",40,NA,"Not a Pedestrian","Not a Pedestrian",428531,432089,"E01011366",2,"Not at junction or within 20 metres","Daylight","Fine no high winds","Wet or damp","Car occupant"