"","accident_index","date","year","month","day","time","time_hour","time_minute","day_of_week","accident_severity","number_of_casualties","casualty_severity","casualty_type","casualty_class","sex_of_casualty","age_of_casualty","first_road_class","road_type","speed_limit","second_road_class","pedestrian_location","pedestrian_movement","location_easting_osgr","location_northing_osgr","lsoa_of_accident_location","number_of_vehicles","junction_detail","light_conditions","weather_conditions","road_surface_conditions","cas_type"
"9163","2017134990585",2017-09-09,2017,"Sep",9,"10:43",10,43,"Saturday","Serious",3,"Slight","Car occupant","Driver or rider","Male",44,"A","Dual carriageway",40,NA,"Not a Pedestrian","Not a Pedestrian",428531,432089,"E01011366",2,"Not at junction or within 20 metres","Daylight","Fine no high winds","Wet or damp","Car occupant"
"9164","2017134990585",2017-09-09,2017,"Sep",9,"10:43",10,43,"Saturday","Serious",3,"Slight","Car occupant","Passenger","Female",10,"A","Dual carriageway",40,NA,"Not a Pedestrian","Not a Pedestrian",428531,432089,"E01011366",2,"Not at junction or within 20 metres","Daylight","Fine no high winds","Wet or damp","Car occupant"
"9165","2017134990803",2017-09-09,2017,"Sep",9,"12:55",12,55,"Saturday","Serious",1,"Serious","Car occupant","Passenger","Female",64,"Motorway","Dual carriageway",70,NA,"Not a Pedestrian","Not a Pedestrian",427079,430442,"E01011734",1,"Not at junction or within 20 metres","Daylight","Raining no high winds","Wet or damp","Car occupant"
"9166","2017134991004",2017-09-09,2017,"Sep",9,"14:56",14,56,"Saturday","Slight",2,"Slight","Car occupant","Driver or rider","Male",29,"Unclassified","Single carriageway",30,"Unclassified","Not a Pedestrian","Not a Pedestrian",429189,431921,"E01011368",2,"T or staggered junction","Daylight","Fine no high winds","Dry","Car occupant"
"9167","2017134991004",2017-09-09,2017,"Sep",9,"14:56",14,56,"Saturday","Slight",2,"Slight","Car occupant","Driver or rider","Male",39,"Unclassified","Single carriageway",30,"Unclassified","Not a Pedestrian","Not a Pedestrian",429189,431921,"E01011368",2,"T or staggered junction","Daylight","Fine no high winds","Dry","Car occupant"
"9168","2017134991147",2017-09-09,2017,"Sep",9,"16:00",16,0,"Saturday","Slight",1,"Slight","Motorcycle over 500cc rider or passenger","Driver or rider","Male",52,"A","Dual carriageway",30,"Unclassified","Not a Pedestrian","Not a Pedestrian",430869,434221,"E01033003",2,"T or staggered junction","Daylight","Raining no high winds","Wet or damp","Motorcyclist and pillion"
"9169","2017134991343",2017-09-09,2017,"Sep",9,"17:47",17,47,"Saturday","Slight",1,"Slight","Cyclist","Driver or rider","Male",48,"A","Roundabout",30,"A","Not a Pedestrian","Not a Pedestrian",420934,434432,"E01011595",2,"Roundabout","Darkness - lighting unknown","Fine no high winds","Dry","Cyclist"
"9170","2017134991535",2017-09-09,2017,"Sep",9,"19:15",19,15,"Saturday","Slight",1,"Slight","Car occupant","Passenger","Female",52,"Unclassified","Single carriageway",30,"Unclassified","Not a Pedestrian","Not a Pedestrian",428984,430936,"E01011313",2,"T or staggered junction","Darkness - lighting unknown","Fine no high winds","Dry","Car occupant"
"9171","20171349A0332",2017-09-10,2017,"Sep",10,"04:40",4,40,"Sunday","Slight",3,"Slight","Car occupant","Driver or rider","Male",50,"A","Dual carriageway",30,"Unclassified","Not a Pedestrian","Not a Pedestrian",426281,435583,"E01011488",2,"Crossroads","Darkness - lights lit","Fine no high winds","Dry","Car occupant"
"9172","20171349A0332",2017-09-10,2017,"Sep",10,"04:40",4,40,"Sunday","Slight",3,"Slight","Car occupant","Passenger","Male",22,"A","Dual carriageway",30,"Unclassified","Not a Pedestrian","Not a Pedestrian",426281,435583,"E01011488",2,"Crossroads","Darkness - lights lit","Fine no high winds","Dry","Car occupant"
"9173","20171349A0332",2017-09-10,2017,"Sep",10,"04:40",4,40,"Sunday","Slight",3,"Slight","Car occupant","Passenger","Male",24,"A","Dual carriageway",30,"Unclassified","Not a Pedestrian","Not a Pedestrian",426281,435583,"E01011488",2,"Crossroads","Darkness - lights lit","Fine no high winds","Dry","Car occupant"
"9174","20171349A0893",2017-09-10,2017,"Sep",10,"13:38",13,38,"Sunday","Slight",1,"Slight","Car occupant","Passenger","Female",37,"Unclassified","Unknown",20,NA,"Not a Pedestrian","Not a Pedestrian",427606,434334,"E01011482",1,"Not at junction or within 20 metres","Daylight","Fine no high winds","Dry","Car occupant"
"9175","20171349A1597",2017-09-10,2017,"Sep",10,"19:00",19,0,"Sunday","Serious",1,"Serious","Car occupant","Driver or rider","Female",54,"Unclassified","Single carriageway",30,NA,"Not a Pedestrian","Not a Pedestrian",425887,435596,"E01011324",2,"Not at junction or within 20 metres","Darkness - lighting unknown","Fine no high winds","Wet or damp","Car occupant"
"9176","20171349B0163",2017-09-11,2017,"Sep",11,"05:11",5,11,"Monday","Slight",1,"Slight","Car occupant","Driver or rider","Male",42,"Motorway","Dual carriageway",70,NA,"Not a Pedestrian","Not a Pedestrian",434174,430009,"E01011639",1,"Not at junction or within 20 metres","Darkness - lights lit","Raining no high winds","Wet or damp","Car occupant"
"9177","20171349B0636",2017-09-11,2017,"Sep",11,"10:15",10,15,"Monday","Slight",1,"Slight","Bus or coach occupant (17 or more pass seats)","Passenger","Female",70,"Unclassified","Single carriageway",30,NA,"Not a Pedestrian","Not a Pedestrian",429309,433818,"E01011678",1,"Not at junction or within 20 metres","Daylight","Fine no high winds","Dry","Bus and goods vehicle occupant"
"9178","20171349B0966",2017-09-11,2017,"Sep",11,"14:30",14,30,"Monday","Slight",1,"Slight","Cyclist","Driver or rider","Male",29,"A","Dual carriageway",30,"Unclassified","Not a Pedestrian","Not a Pedestrian",428860,433738,"E01011678",2,"Slip road","Daylight","Fine no high winds","Dry","Cyclist"
"9179","20171349B0251",2017-09-11,2017,"Sep",11,"15:25",15,25,"Monday","Slight",2,"Slight","Car occupant","Driver or rider","Male",62,"A","Single carriageway",30,NA,"Not a Pedestrian","Not a Pedestrian",424368,445465,"E01011570",5,"Not at junction or within 20 metres","Daylight","Fine no high winds","Dry","Car occupant"
"9180","20171349B0251",2017-09-11,2017,"Sep",11,"15:25",15,25,"Monday","Slight",2,"Slight","Taxi/Private hire car occupant","Driver or rider","Male",37,"A","Single carriageway",30,NA,"Not a Pedestrian","Not a Pedestrian",424368,445465,"E01011570",5,"Not at junction or within 20 metres","Daylight","Fine no high winds","Dry","Car occupant"
"9181","20171349B1351",2017-09-11,2017,"Sep",11,"17:15",17,15,"Monday","Slight",1,"Slight","Cyclist","Driver or rider","Male",37,"Unclassified","Single carriageway",30,"Unclassified","Not a Pedestrian","Not a Pedestrian",431422,435059,"E01011673",2,"T or staggered junction","Darkness - lighting unknown","Fine no high winds","Dry","Cyclist"
"9182","20171349B2003",2017-09-11,2017,"Sep",11,"18:15",18,15,"Monday","Slight",1,"Slight","Cyclist","Driver or rider","Male",58,"B","Single carriageway",30,NA,"Not a Pedestrian","Not a Pedestrian",425983,435581,"E01011477",2,"Not at junction or within 20 metres","Darkness - lighting unknown","Fine no high winds","Dry","Cyclist"
"9183","20171349C0724",2017-09-12,2017,"Sep",12,"11:15",11,15,"Tuesday","Serious",1,"Serious","Bus or coach occupant (17 or more pass seats)","Passenger","Female",82,"Unclassified","Single carriageway",30,NA,"Not a Pedestrian","Not a Pedestrian",433508,434151,"E01011346",1,"Not at junction or within 20 metres","Daylight","Fine no high winds","Dry","Bus and goods vehicle occupant"
"9184","20171349C0830",2017-09-12,2017,"Sep",12,"13:46",13,46,"Tuesday","Serious",1,"Serious","Motorcycle 125cc and under rider or passenger","Driver or rider","Male",36,"Unclassified","Single carriageway",30,"Unclassified","Not a Pedestrian","Not a Pedestrian",433230,436997,"E01011643",2,"T or staggered junction","Daylight","Fine no high winds","Dry","Motorcyclist and pillion"
"9185","20171349C1066",2017-09-12,2017,"Sep",12,"15:30",15,30,"Tuesday","Slight",1,"Slight","Cyclist","Driver or rider","Male",14,"Unclassified","Single carriageway",30,"Unclassified","Not a Pedestrian","Not a Pedestrian",435835,434203,"E01011413",3,"T or staggered junction","Daylight","Fine no high winds","Dry","Cyclist"
"9186","20171348C1280",2017-09-12,2017,"Sep",12,"17:18",17,18,"Tuesday","Slight",1,"Slight","Car occupant","Driver or rider","Female",31,"A","Dual carriageway",70,"Unclassified","Not a Pedestrian","Not a Pedestrian",429273,438616,"E01011559",2,"T or staggered junction","Daylight","Fine no high winds","Dry","Car occupant"
"9187","20171349C1506",2017-09-12,2017,"Sep",12,"17:30",17,30,"Tuesday","Slight",1,"Slight","Bus or coach occupant (17 or more pass seats)","Passenger","Female",55,"Unclassified","Single carriageway",30,NA,"Not a Pedestrian","Not a Pedestrian",429942,433052,"E01033016",1,"Not at junction or within 20 metres","Darkness - lighting unknown","Fine no high winds","Dry","Bus and goods vehicle occupant"
"9188","20171349C1393",2017-09-12,2017,"Sep",12,"17:45",17,45,"Tuesday","Slight",1,"Slight","Car occupant","Driver or rider","Female",25,"Motorway","Dual carriageway",70,NA,"Not a Pedestrian","Not a Pedestrian",425344,426576,"E01011534",2,"Not at junction or within 20 metres","Darkness - lighting unknown","Raining no high winds","Wet or damp","Car occupant"
"9189","20171349C1466",2017-09-12,2017,"Sep",12,"18:15",18,15,"Tuesday","Serious",1,"Serious","Cyclist","Driver or rider","Male",38,"B","Dual carriageway",30,NA,"Not a Pedestrian","Not a Pedestrian",434111,433900,"E01011616",2,"Not at junction or within 20 metres","Darkness - lighting unknown","Fine no high winds","Dry","Cyclist"
"9190","20171349D0963",2017-09-13,2017,"Sep",13,"07:45",7,45,"Wednesday","Slight",1,"Slight","Pedestrian","Pedestrian","Female",43,"Unclassified","One way street",30,"Unclassified","Crossing on pedestrian crossing facility","Crossing from driver's nearside",429729,433540,"E01033016",1,"Crossroads","Daylight","Fine no high winds","Dry","Pedestrian"
"9191","20171349D1099",2017-09-13,2017,"Sep",13,"10:15",10,15,"Wednesday","Slight",2,"Slight","Car occupant","Passenger","Female",27,"Unclassified","Single carriageway",30,NA,"Not a Pedestrian","Not a Pedestrian",422570,435468,"E01011328",2,"Not at junction or within 20 metres","Daylight","Fine no high winds","Dry","Car occupant"
"9192","20171349D1099",2017-09-13,2017,"Sep",13,"10:15",10,15,"Wednesday","Slight",2,"Slight","Car occupant","Passenger","Female",21,"Unclassified","Single carriageway",30,NA,"Not a Pedestrian","Not a Pedestrian",422570,435468,"E01011328",2,"Not at junction or within 20 metres","Daylight","Fine no high winds","Dry","Car occupant"
"9193","20171349D1128",2017-09-13,2017,"Sep",13,"14:00",14,0,"Wednesday","Slight",1,"Slight","Car occupant","Driver or rider","Male",74,"A","Roundabout",30,"A","Not a Pedestrian","Not a Pedestrian",419501,445022,"E01011571",2,"Roundabout","Daylight","Fine no high winds","Dry","Car occupant"
"9194","20171349D0997",2017-09-13,2017,"Sep",13,"15:00",15,0,"Wednesday","Slight",1,"Slight","Cyclist","Driver or rider","Male",13,"A","Roundabout",40,"Unclassified","Not a Pedestrian","Not a Pedestrian",425017,433167,"E01011727",2,"Roundabout","Daylight","Fine no high winds","Dry","Cyclist"
"9195","20171349D1078",2017-09-13,2017,"Sep",13,"15:45",15,45,"Wednesday","Serious",1,"Serious","Cyclist","Driver or rider","Male",39,"B","Single carriageway",30,"Unclassified","Not a Pedestrian","Not a Pedestrian",438025,425854,"E01011395",2,"T or staggered junction","Daylight","Fine no high winds","Dry","Cyclist"
"9196","20171349E0197",2017-09-14,2017,"Sep",14,"06:00",6,0,"Thursday","Slight",2,"Slight","Goods vehicle (7.5 tonnes mgw and over) occupant","Driver or rider","Male",36,"Motorway","Dual carriageway",70,NA,"Not a Pedestrian","Not a Pedestrian",439803,434169,"E01011296",2,"Not at junction or within 20 metres","Darkness - lighting unknown","Fine no high winds","Dry","Bus and goods vehicle occupant"
"9197","20171349E0197",2017-09-14,2017,"Sep",14,"06:00",6,0,"Thursday","Slight",2,"Slight","Car occupant","Passenger","Male",32,"Motorway","Dual carriageway",70,NA,"Not a Pedestrian","Not a Pedestrian",439803,434169,"E01011296",2,"Not at junction or within 20 metres","Darkness - lighting unknown","Fine no high winds","Dry","Car occupant"
"9198","20171349E1247",2017-09-14,2017,"Sep",14,"17:33",17,33,"Thursday","Serious",1,"Serious","Pedestrian","Pedestrian","Male",27,"A","Single carriageway",30,NA,"In carriageway, crossing elsewhere","Crossing from driver's offside",431518,435143,"E01011429",1,"Not at junction or within 20 metres","Darkness - lighting unknown","Fine no high winds","Dry","Pedestrian"
"9199","20171349F0569",2017-09-15,2017,"Sep",15,"11:07",11,7,"Friday","Slight",2,"Slight","Car occupant","Driver or rider","Female",37,"Unclassified","Single carriageway",60,NA,"Not a Pedestrian","Not a Pedestrian",429323,423230,"E01011536",2,"Not at junction or within 20 metres","Daylight","Fine no high winds","Dry","Car occupant"
"9200","20171349F0569",2017-09-15,2017,"Sep",15,"11:07",11,7,"Friday","Slight",2,"Slight","Car occupant","Driver or rider","Female",50,"Unclassified","Single carriageway",60,NA,"Not a Pedestrian","Not a Pedestrian",429323,423230,"E01011536",2,"Not at junction or within 20 metres","Daylight","Fine no high winds","Dry","Car occupant"
"9201","20171349I0832",2017-09-15,2017,"Sep",15,"12:55",12,55,"Friday","Slight",1,"Slight","Taxi/Private hire car occupant","Passenger","Female",39,"Unclassified","Single carriageway",30,NA,"Not a Pedestrian","Not a Pedestrian",427887,434631,"E01011483",1,"Not at junction or within 20 metres","Daylight","Fine no high winds","Dry","Car occupant"
"9202","20171349F0837",2017-09-15,2017,"Sep",15,"13:23",13,23,"Friday","Serious",2,"Serious","Motorcycle 125cc and under rider or passenger","Driver or rider","Male",22,"Unclassified","Dual carriageway",40,NA,"Not a Pedestrian","Not a Pedestrian",435680,434817,"E01011666",1,"Not at junction or within 20 metres","Daylight","Fine no high winds","Dry","Motorcyclist and pillion"
"9203","20171349F0837",2017-09-15,2017,"Sep",15,"13:23",13,23,"Friday","Serious",2,"Serious","Pedestrian","Pedestrian","Female",30,"Unclassified","Dual carriageway",40,NA,"Crossing on pedestrian crossing facility","Crossing from driver's nearside",435680,434817,"E01011666",1,"Not at junction or within 20 metres","Daylight","Fine no high winds","Dry","Pedestrian"
"9204","20171349F1173",2017-09-15,2017,"Sep",15,"15:45",15,45,"Friday","Serious",1,"Serious","Motorcycle 125cc and under rider or passenger","Driver or rider","Male",78,"Unclassified","Single carriageway",30,NA,"Not a Pedestrian","Not a Pedestrian",430563,435284,"E01011360",1,"Not at junction or within 20 metres","Daylight","Fine no high winds","Dry","Motorcyclist and pillion"
"9205","20171349F1333",2017-09-15,2017,"Sep",15,"16:30",16,30,"Friday","Slight",1,"Slight","Car occupant","Driver or rider","Female",45,"Unclassified","Dual carriageway",40,"Unclassified","Not a Pedestrian","Not a Pedestrian",435895,436416,"E01011720",2,"Roundabout","Daylight","Fine no high winds","Dry","Car occupant"
"9206","20171349F1557",2017-09-15,2017,"Sep",15,"18:25",18,25,"Friday","Slight",1,"Slight","Cyclist","Driver or rider","Male",69,"Unclassified","Single carriageway",30,"Unclassified","Not a Pedestrian","Not a Pedestrian",430849,435450,"E01011360",2,"T or staggered junction","Darkness - lighting unknown","Fine no high winds","Wet or damp","Cyclist"
"9207","20171349F1546",2017-09-15,2017,"Sep",15,"18:28",18,28,"Friday","Slight",1,"Slight","Car occupant","Driver or rider","Male",37,"Unclassified","Single carriageway",30,"Unclassified","Not a Pedestrian","Not a Pedestrian",426324,428161,"E01011533",2,"Crossroads","Darkness - lighting unknown","Fine no high winds","Dry","Car occupant"
"9208","20171349H1073",2017-09-15,2017,"Sep",15,"18:50",18,50,"Friday","Slight",1,"Slight","Pedestrian","Pedestrian","Female",86,"Unclassified","Single carriageway",30,NA,"On footway or verge","Unknown or other",436175,434526,"E01011408",1,"Not at junction or within 20 metres","Darkness - lighting unknown","Fine no high winds","Dry","Pedestrian"
"9209","20171349G0753",2017-09-16,2017,"Sep",16,"11:58",11,58,"Saturday","Slight",1,"Slight","Car occupant","Driver or rider","Male",17,"Unclassified","Single carriageway",60,NA,"Not a Pedestrian","Not a Pedestrian",442684,437585,"E01011297",1,"Not at junction or within 20 metres","Daylight","Fine no high winds","Dry","Car occupant"
"9210","20171349G0827",2017-09-16,2017,"Sep",16,"12:35",12,35,"Saturday","Slight",1,"Slight","Car occupant","Passenger","Female",25,"A","Single carriageway",50,"Unclassified","Not a Pedestrian","Not a Pedestrian",443109,433213,"E01011298",2,"T or staggered junction","Daylight","Fine no high winds","Dry","Car occupant"
"9211","20171349G1828",2017-09-16,2017,"Sep",16,"20:45",20,45,"Saturday","Slight",1,"Slight","Pedestrian","Pedestrian","Male",32,"Unclassified","Dual carriageway",30,NA,"In carriageway, crossing elsewhere","Crossing from driver's offside",430202,434310,"E01033010",1,"Not at junction or within 20 metres","Darkness - lights lit","Fine no high winds","Dry","Pedestrian"
"9212","20171349H0524",2017-09-17,2017,"Sep",17,"08:25",8,25,"Sunday","Serious",1,"Serious","Pedestrian","Pedestrian","Male",54,"Unclassified","Single carriageway",30,NA,"Unknown or other","Unknown or other",429269,434093,"E01011678",2,"Not at junction or within 20 metres","Daylight","Raining no high winds","Wet or damp","Pedestrian"
"9213","20171349H1154",2017-09-17,2017,"Sep",17,"12:20",12,20,"Sunday","Slight",1,"Slight","Bus or coach occupant (17 or more pass seats)","Passenger","Female",53,"Unclassified","Dual carriageway",30,"Unclassified","Not a Pedestrian","Not a Pedestrian",430870,433480,"E01033011",2,"Crossroads","Daylight","Fine no high winds","Dry","Bus and goods vehicle occupant"
"9214","20171349I1898",2017-09-17,2017,"Sep",17,"12:55",12,55,"Sunday","Slight",1,"Slight","Cyclist","Driver or rider","Male",23,"Unclassified","Single carriageway",30,"Unclassified","Not a Pedestrian","Not a Pedestrian",430416,433791,"E01033010",2,"T or staggered junction","Daylight","Fine no high winds","Dry","Cyclist"
"9215","20171349H1698",2017-09-17,2017,"Sep",17,"20:20",20,20,"Sunday","Slight",1,"Slight","Motorcycle over 125cc and up to 500cc rider or  passenger","Driver or rider","Male",23,"A","Dual carriageway",40,NA,"Not a Pedestrian","Not a Pedestrian",432650,433832,"E01011615",2,"Not at junction or within 20 metres","Darkness - lighting unknown","Fine no high winds","Dry","Motorcyclist and pillion"
"9216","20171349I0007",2017-09-18,2017,"Sep",18,"00:05",0,5,"Monday","Slight",1,"Slight","Car occupant","Driver or rider","Male",20,"Unclassified","Single carriageway",30,NA,"Not a Pedestrian","Not a Pedestrian",424108,431967,"E01011726",1,"Not at junction or within 20 metres","Darkness - lights lit","Fine no high winds","Wet or damp","Car occupant"
"9217","20171349J1034",2017-09-18,2017,"Sep",18,"15:10",15,10,"Monday","Slight",1,"Slight","Car occupant","Driver or rider","Female",38,"Unclassified","Single carriageway",30,NA,"Not a Pedestrian","Not a Pedestrian",432506,437050,"E01011645",2,"Not at junction or within 20 metres","Daylight","Fine no high winds","Dry","Car occupant"
"9218","20171349I1314",2017-09-18,2017,"Sep",18,"16:00",16,0,"Monday","Slight",1,"Slight","Motorcycle 125cc and under rider or passenger","Driver or rider","Female",20,"Unclassified","Single carriageway",30,"Unclassified","Not a Pedestrian","Not a Pedestrian",425881,438619,"E01011695",1,"T or staggered junction","Daylight","Fine no high winds","Wet or damp","Motorcyclist and pillion"
"9219","20171349I1249",2017-09-18,2017,"Sep",18,"16:28",16,28,"Monday","Slight",1,"Slight","Car occupant","Driver or rider","Male",37,"Unclassified","Single carriageway",30,"Unclassified","Not a Pedestrian","Not a Pedestrian",427127,435685,"E01011477",2,"T or staggered junction","Daylight","Fine no high winds","Dry","Car occupant"
"9220","20171349I1461",2017-09-18,2017,"Sep",18,"18:02",18,2,"Monday","Serious",1,"Serious","Cyclist","Driver or rider","Female",62,"Unclassified","Single carriageway",30,NA,"Not a Pedestrian","Not a Pedestrian",427488,434911,"E01011478",1,"Not at junction or within 20 metres","Darkness - lights lit","Raining no high winds","Wet or damp","Cyclist"
"9221","20171349I1762",2017-09-18,2017,"Sep",18,"20:25",20,25,"Monday","Slight",1,"Slight","Car occupant","Driver or rider","Male",27,"Unclassified","Single carriageway",30,NA,"Not a Pedestrian","Not a Pedestrian",429448,433778,"E01033008",3,"Not at junction or within 20 metres","Darkness - lights lit","Fine no high winds","Dry","Car occupant"
"9222","20171349I1778",2017-09-18,2017,"Sep",18,"20:35",20,35,"Monday","Slight",1,"Slight","Car occupant","Driver or rider","Female",33,"A","Dual carriageway",30,NA,"Not a Pedestrian","Not a Pedestrian",431946,435797,"E01011422",1,"Not at junction or within 20 metres","Darkness - lights lit","Fine no high winds","Wet or damp","Car occupant"
"9223","20171349J0070",2017-09-19,2017,"Sep",19,"01:20",1,20,"Tuesday","Serious",1,"Serious","Car occupant","Passenger","Male",23,"A","Dual carriageway",40,NA,"Not a Pedestrian","Not a Pedestrian",430536,434505,"E01033003",4,"Not at junction or within 20 metres","Darkness - lights unlit","Fine no high winds","Wet or damp","Car occupant"
"9224","20171349J0360",2017-09-19,2017,"Sep",19,"08:49",8,49,"Tuesday","Slight",3,"Slight","Car occupant","Passenger","Female",33,"Unclassified","Single carriageway",20,"Unclassified","Not a Pedestrian","Not a Pedestrian",425557,435157,"E01011281",2,"Crossroads","Daylight","Fine no high winds","Wet or damp","Car occupant"
"9225","20171349J0360",2017-09-19,2017,"Sep",19,"08:49",8,49,"Tuesday","Slight",3,"Slight","Car occupant","Passenger","Female",32,"Unclassified","Single carriageway",20,"Unclassified","Not a Pedestrian","Not a Pedestrian",425557,435157,"E01011281",2,"Crossroads","Daylight","Fine no high winds","Wet or damp","Car occupant"
"9226","20171349J0360",2017-09-19,2017,"Sep",19,"08:49",8,49,"Tuesday","Slight",3,"Slight","Car occupant","Driver or rider","Female",55,"Unclassified","Single carriageway",20,"Unclassified","Not a Pedestrian","Not a Pedestrian",425557,435157,"E01011281",2,"Crossroads","Daylight","Fine no high winds","Wet or damp","Car occupant"
"9227","20171349J0383",2017-09-19,2017,"Sep",19,"09:00",9,0,"Tuesday","Slight",1,"Slight","Cyclist","Driver or rider","Male",50,"A","Dual carriageway",30,"Unclassified","Not a Pedestrian","Not a Pedestrian",429884,430760,"E01011322",2,"T or staggered junction","Daylight","Fine no high winds","Dry","Cyclist"
"9228","20171349K1227",2017-09-19,2017,"Sep",19,"10:45",10,45,"Tuesday","Slight",1,"Slight","Car occupant","Driver or rider","Male",35,"Unclassified","Single carriageway",30,"Unclassified","Not a Pedestrian","Not a Pedestrian",430414,433724,"E01033010",2,"Crossroads","Daylight","Fine no high winds","Dry","Car occupant"
"9229","20171349J0643",2017-09-19,2017,"Sep",19,"11:34",11,34,"Tuesday","Slight",1,"Slight","Van / Goods vehicle (3.5 tonnes mgw or under) occupant","Driver or rider","Male",24,"Unclassified","Single carriageway",30,"Unclassified","Not a Pedestrian","Not a Pedestrian",433767,434745,"E01011342",2,"T or staggered junction","Daylight","Fine no high winds","Dry","Bus and goods vehicle occupant"
"9230","20171349J0865",2017-09-19,2017,"Sep",19,"13:31",13,31,"Tuesday","Slight",1,"Slight","Car occupant","Driver or rider","Male",27,"Unclassified","Single carriageway",30,"Unclassified","Not a Pedestrian","Not a Pedestrian",430849,435449,"E01011360",2,"T or staggered junction","Daylight","Fine no high winds","Dry","Car occupant"
"9231","20171349I1632",2017-09-19,2017,"Sep",19,"19:09",19,9,"Tuesday","Slight",1,"Slight","Pedestrian","Pedestrian","Male",16,"C","Single carriageway",20,NA,"In carriageway, crossing elsewhere","Crossing from driver's offside",440983,448107,"E01011705",1,"Not at junction or within 20 metres","Darkness - lights lit","Fine no high winds","Dry","Pedestrian"
"9232","20171349K0790",2017-09-20,2017,"Sep",20,"09:00",9,0,"Wednesday","Slight",1,"Slight","Pedestrian","Pedestrian","Female",37,"Unclassified","Single carriageway",30,NA,"In carriageway, not crossing","In carriageway, stationary - not crossing  (standing or playing)",441109,432554,"E01011401",1,"Not at junction or within 20 metres","Daylight","Fine no high winds","Dry","Pedestrian"
"9233","20171349K0381",2017-09-20,2017,"Sep",20,"09:01",9,1,"Wednesday","Slight",1,"Slight","Cyclist","Driver or rider","Male",46,"Unclassified","Single carriageway",30,"A","Not a Pedestrian","Not a Pedestrian",427569,434541,"E01011482",2,"T or staggered junction","Daylight","Fine no high winds","Dry","Cyclist"
"9234","20171349K0502",2017-09-20,2017,"Sep",20,"10:20",10,20,"Wednesday","Slight",1,"Slight","Car occupant","Driver or rider","Male",55,"A","Dual carriageway",30,"A","Not a Pedestrian","Not a Pedestrian",428625,433188,"E01011363",2,"Roundabout","Daylight","Fine no high winds","Dry","Car occupant"
"9235","20171349K0819",2017-09-20,2017,"Sep",20,"13:10",13,10,"Wednesday","Slight",1,"Slight","Cyclist","Driver or rider","Male",24,"A","Single carriageway",30,"Unclassified","Not a Pedestrian","Not a Pedestrian",427127,434798,"E01011482",2,"T or staggered junction","Daylight","Fine no high winds","Dry","Cyclist"
"9236","20171349K0899",2017-09-20,2017,"Sep",20,"13:48",13,48,"Wednesday","Serious",6,"Slight","Car occupant","Driver or rider","Male",72,"A","Single carriageway",60,NA,"Not a Pedestrian","Not a Pedestrian",444742,431579,"E01011299",2,"Not at junction or within 20 metres","Daylight","Fine no high winds","Dry","Car occupant"
"9237","20171349K0899",2017-09-20,2017,"Sep",20,"13:48",13,48,"Wednesday","Serious",6,"Slight","Car occupant","Driver or rider","Male",39,"A","Single carriageway",60,NA,"Not a Pedestrian","Not a Pedestrian",444742,431579,"E01011299",2,"Not at junction or within 20 metres","Daylight","Fine no high winds","Dry","Car occupant"
"9238","20171349K0899",2017-09-20,2017,"Sep",20,"13:48",13,48,"Wednesday","Serious",6,"Serious","Car occupant","Passenger","Female",27,"A","Single carriageway",60,NA,"Not a Pedestrian","Not a Pedestrian",444742,431579,"E01011299",2,"Not at junction or within 20 metres","Daylight","Fine no high winds","Dry","Car occupant"
"9239","20171349K0899",2017-09-20,2017,"Sep",20,"13:48",13,48,"Wednesday","Serious",6,"Slight","Car occupant","Passenger","Male",31,"A","Single carriageway",60,NA,"Not a Pedestrian","Not a Pedestrian",444742,431579,"E01011299",2,"Not at junction or within 20 metres","Daylight","Fine no high winds","Dry","Car occupant"
"9240","20171349K0899",2017-09-20,2017,"Sep",20,"13:48",13,48,"Wednesday","Serious",6,"Slight","Car occupant","Passenger","Female",32,"A","Single carriageway",60,NA,"Not a Pedestrian","Not a Pedestrian",444742,431579,"E01011299",2,"Not at junction or within 20 metres","Daylight","Fine no high winds","Dry","Car occupant"
"9241","20171349K0899",2017-09-20,2017,"Sep",20,"13:48",13,48,"Wednesday","Serious",6,"Slight","Car occupant","Passenger","Male",26,"A","Single carriageway",60,NA,"Not a Pedestrian","Not a Pedestrian",444742,431579,"E01011299",2,"Not at junction or within 20 metres","Daylight","Fine no high winds","Dry","Car occupant"
"9242","20171349K1264",2017-09-20,2017,"Sep",20,"16:30",16,30,"Wednesday","Slight",1,"Slight","Car occupant","Driver or rider","Female",30,"Unclassified","Single carriageway",30,"Unclassified","Not a Pedestrian","Not a Pedestrian",424410,439049,"E01011459",2,"T or staggered junction","Daylight","Fine no high winds","Dry","Car occupant"
"9243","20171349K1758",2017-09-20,2017,"Sep",20,"20:23",20,23,"Wednesday","Slight",1,"Slight","Pedestrian","Pedestrian","Male",30,"A","Dual carriageway",40,NA,"In carriageway, crossing elsewhere","Crossing from driver's offside",420500,434297,"E01011595",1,"Not at junction or within 20 metres","Darkness - lights lit","Raining no high winds","Wet or damp","Pedestrian"
"9244","20171349L0365",2017-09-21,2017,"Sep",21,"08:15",8,15,"Thursday","Slight",1,"Slight","Cyclist","Driver or rider","Male",15,"Unclassified","Single carriageway",30,"Unclassified","Not a Pedestrian","Not a Pedestrian",435707,433921,"E01011416",1,"T or staggered junction","Daylight","Fine no high winds","Dry","Cyclist"