"","accident_index","date","year","month","day","time","time_hour","time_minute","day_of_week","accident_severity","number_of_casualties","casualty_severity","casualty_type","casualty_class","sex_of_casualty","age_of_casualty","first_road_class","road_type","speed_limit","second_road_class","pedestrian_location","pedestrian_movement","location_easting_osgr","location_northing_osgr","lsoa_of_accident_location","number_of_vehicles","junction_detail","light_conditions","weather_conditions","road_surface_conditions","cas_type"
"9245","20171349L0776",2017-09-21,2017,"Sep",21,"12:18",12,18,"Thursday","Slight",2,"Slight","Car occupant","Passenger","Female",67,"B","Dual carriageway",40,"Unclassified","Not a Pedestrian","Not a Pedestrian",434466,433697,"E01011616",2,"Crossroads","Daylight","Fine no high winds","Dry","Car occupant"
"9246","20171349L0776",2017-09-21,2017,"Sep",21,"12:18",12,18,"Thursday","Slight",2,"Slight","Car occupant","Passenger","Female",26,"B","Dual carriageway",40,"Unclassified","Not a Pedestrian","Not a Pedestrian",434466,433697,"E01011616",2,"Crossroads","Daylight","Fine no high winds","Dry","Car occupant"
"9247","20171349L1087",2017-09-21,2017,"Sep",21,"15:10",15,10,"Thursday","Slight",1,"Slight","Cyclist","Driver or rider","Male",47,"Unclassified","Single carriageway",30,"Unclassified","Not a Pedestrian","Not a Pedestrian",429448,431360,"E01011373",2,"Other junction","Daylight","Fine no high winds","Dry","Cyclist"
"9248","20171349M1107",2017-09-21,2017,"Sep",21,"16:00",16,0,"Thursday","Slight",1,"Slight","Cyclist","Driver or rider","Male",51,"Unclassified","Single carriageway",30,"Unclassified","Not a Pedestrian","Not a Pedestrian",431815,434672,"E01011677",2,"Private drive or entrance","Daylight","Fine no high winds","Dry","Cyclist"
"9249","20171349L1615",2017-09-21,2017,"Sep",21,"16:15",16,15,"Thursday","Slight",1,"Slight","Car occupant","Driver or rider","Male",38,"Unclassified","Dual carriageway",30,NA,"Not a Pedestrian","Not a Pedestrian",428811,433770,"E01011678",2,"Not at junction or within 20 metres","Daylight","Fine no high winds","Dry","Car occupant"
"9250","20171349M1820",2017-09-22,2017,"Sep",22,"10:02",10,2,"Friday","Slight",4,"Slight","Bus or coach occupant (17 or more pass seats)","Passenger","Female",58,"Unclassified","Single carriageway",30,"Unclassified","Not a Pedestrian","Not a Pedestrian",428869,432904,"E01033013",2,"T or staggered junction","Daylight","Fine no high winds","Dry","Bus and goods vehicle occupant"
"9251","20171349M1820",2017-09-22,2017,"Sep",22,"10:02",10,2,"Friday","Slight",4,"Slight","Bus or coach occupant (17 or more pass seats)","Passenger","Female",54,"Unclassified","Single carriageway",30,"Unclassified","Not a Pedestrian","Not a Pedestrian",428869,432904,"E01033013",2,"T or staggered junction","Daylight","Fine no high winds","Dry","Bus and goods vehicle occupant"
"9252","20171349M1820",2017-09-22,2017,"Sep",22,"10:02",10,2,"Friday","Slight",4,"Slight","Bus or coach occupant (17 or more pass seats)","Passenger","Female",45,"Unclassified","Single carriageway",30,"Unclassified","Not a Pedestrian","Not a Pedestrian",428869,432904,"E01033013",2,"T or staggered junction","Daylight","Fine no high winds","Dry","Bus and goods vehicle occupant"
"9253","20171349M1820",2017-09-22,2017,"Sep",22,"10:02",10,2,"Friday","Slight",4,"Slight","Bus or coach occupant (17 or more pass seats)","Passenger","Male",1,"Unclassified","Single carriageway",30,"Unclassified","Not a Pedestrian","Not a Pedestrian",428869,432904,"E01033013",2,"T or staggered junction","Daylight","Fine no high winds","Dry","Bus and goods vehicle occupant"
"9254","20171349M0616",2017-09-22,2017,"Sep",22,"10:30",10,30,"Friday","Slight",1,"Slight","Bus or coach occupant (17 or more pass seats)","Passenger","Female",49,"Unclassified","Single carriageway",30,"Unclassified","Not a Pedestrian","Not a Pedestrian",430074,433859,"E01033010",1,"Other junction","Daylight","Fine no high winds","Dry","Bus and goods vehicle occupant"
"9255","20171349M0586",2017-09-22,2017,"Sep",22,"10:40",10,40,"Friday","Slight",2,"Slight","Car occupant","Driver or rider","Female",46,"A","Roundabout",30,"A","Not a Pedestrian","Not a Pedestrian",437831,433099,"E01011402",2,"Roundabout","Daylight","Fine no high winds","Dry","Car occupant"
"9256","20171349M0586",2017-09-22,2017,"Sep",22,"10:40",10,40,"Friday","Slight",2,"Slight","Car occupant","Driver or rider","Female",29,"A","Roundabout",30,"A","Not a Pedestrian","Not a Pedestrian",437831,433099,"E01011402",2,"Roundabout","Daylight","Fine no high winds","Dry","Car occupant"
"9257","20171349M1335",2017-09-22,2017,"Sep",22,"16:30",16,30,"Friday","Slight",1,"Slight","Car occupant","Passenger","Female",81,"A(M)","Dual carriageway",70,NA,"Not a Pedestrian","Not a Pedestrian",441238,448661,"E01011704",2,"Not at junction or within 20 metres","Daylight","Fine no high winds","Dry","Car occupant"
"9258","20171349M1896",2017-09-22,2017,"Sep",22,"20:50",20,50,"Friday","Slight",1,"Slight","Cyclist","Driver or rider","Male",27,"Unclassified","Single carriageway",30,"Unclassified","Not a Pedestrian","Not a Pedestrian",423515,434608,"E01011337",2,"T or staggered junction","Darkness - lights lit","Fine no high winds","Dry","Cyclist"
"9259","20171349N0094",2017-09-23,2017,"Sep",23,"01:00",1,0,"Saturday","Slight",1,"Slight","Taxi/Private hire car occupant","Passenger","Male",21,"A(M)","Dual carriageway",40,NA,"Not a Pedestrian","Not a Pedestrian",430467,433948,"E01033002",2,"Not at junction or within 20 metres","Darkness - lights lit","Fine no high winds","Dry","Car occupant"
"9260","20171349M0793",2017-09-23,2017,"Sep",23,"08:00",8,0,"Saturday","Slight",1,"Slight","Car occupant","Driver or rider","Female",22,"Unclassified","Single carriageway",30,NA,"Not a Pedestrian","Not a Pedestrian",436343,435579,"E01011406",2,"Not at junction or within 20 metres","Daylight","Fine no high winds","Dry","Car occupant"
"9261","20171349N1951",2017-09-23,2017,"Sep",23,"21:06",21,6,"Saturday","Serious",1,"Serious","Motorcycle 125cc and under rider or passenger","Passenger","Male",27,"Unclassified","Single carriageway",30,NA,"Not a Pedestrian","Not a Pedestrian",428285,434563,"E01011481",3,"Not at junction or within 20 metres","Darkness - lights lit","Fine no high winds","Dry","Motorcyclist and pillion"
"9262","20171349O0778",2017-09-24,2017,"Sep",24,"11:30",11,30,"Sunday","Serious",1,"Serious","Motorcycle over 500cc rider or passenger","Driver or rider","Male",54,"A","Single carriageway",30,"Unclassified","Not a Pedestrian","Not a Pedestrian",422226,441978,"E01032503",2,"Private drive or entrance","Daylight","Fine no high winds","Dry","Motorcyclist and pillion"
"9263","20171349O1350",2017-09-24,2017,"Sep",24,"16:25",16,25,"Sunday","Slight",2,"Slight","Car occupant","Driver or rider","Female",49,"Unclassified","Single carriageway",30,"Unclassified","Not a Pedestrian","Not a Pedestrian",432446,438767,"E01011653",2,"T or staggered junction","Daylight","Fine no high winds","Dry","Car occupant"
"9264","20171349O1350",2017-09-24,2017,"Sep",24,"16:25",16,25,"Sunday","Slight",2,"Slight","Car occupant","Passenger","Male",62,"Unclassified","Single carriageway",30,"Unclassified","Not a Pedestrian","Not a Pedestrian",432446,438767,"E01011653",2,"T or staggered junction","Daylight","Fine no high winds","Dry","Car occupant"
"9265","20171349P0202",2017-09-25,2017,"Sep",25,"06:24",6,24,"Monday","Slight",1,"Slight","Car occupant","Driver or rider","Male",32,"Unclassified","Single carriageway",60,NA,"Not a Pedestrian","Not a Pedestrian",429840,444906,"E01011561",1,"Not at junction or within 20 metres","Darkness - lighting unknown","Raining no high winds","Wet or damp","Car occupant"
"9266","20171349P0409",2017-09-25,2017,"Sep",25,"08:40",8,40,"Monday","Slight",1,"Slight","Car occupant","Driver or rider","Female",31,"Unclassified","Single carriageway",30,"Unclassified","Not a Pedestrian","Not a Pedestrian",428908,429917,"E01011320",2,"T or staggered junction","Daylight","Raining no high winds","Wet or damp","Car occupant"
"9267","20171349P0426",2017-09-25,2017,"Sep",25,"09:45",9,45,"Monday","Slight",1,"Slight","Car occupant","Driver or rider","Female",32,"Unclassified","Single carriageway",30,NA,"Not a Pedestrian","Not a Pedestrian",420664,441022,"E01011274",2,"Not at junction or within 20 metres","Daylight","Raining no high winds","Wet or damp","Car occupant"
"9268","20171349P0681",2017-09-25,2017,"Sep",25,"11:30",11,30,"Monday","Slight",1,"Slight","Van / Goods vehicle (3.5 tonnes mgw or under) occupant","Driver or rider","Male",20,"Unclassified","Single carriageway",30,NA,"Not a Pedestrian","Not a Pedestrian",426142,435552,"E01011477",2,"Not at junction or within 20 metres","Daylight","Raining no high winds","Wet or damp","Bus and goods vehicle occupant"
"9269","20171349P1472",2017-09-25,2017,"Sep",25,"17:40",17,40,"Monday","Slight",1,"Slight","Car occupant","Driver or rider","Female",52,"A","Single carriageway",30,NA,"Not a Pedestrian","Not a Pedestrian",426286,444695,"E01011576",2,"Not at junction or within 20 metres","Darkness - lighting unknown","Fine no high winds","Dry","Car occupant"
"9270","20171349Q0410",2017-09-26,2017,"Sep",26,"08:00",8,0,"Tuesday","Slight",1,"Slight","Cyclist","Driver or rider","Male",13,"Unclassified","Single carriageway",30,NA,"Not a Pedestrian","Not a Pedestrian",435680,435974,"E01011661",2,"Not at junction or within 20 metres","Daylight","Fine no high winds","Dry","Cyclist"
"9271","20171349Q0296",2017-09-26,2017,"Sep",26,"08:20",8,20,"Tuesday","Slight",1,"Slight","Cyclist","Driver or rider","Male",51,"A","Single carriageway",30,NA,"Not a Pedestrian","Not a Pedestrian",420562,440186,"E01011278",2,"Not at junction or within 20 metres","Daylight","Fine no high winds","Dry","Cyclist"
"9272","20171349Q0319",2017-09-26,2017,"Sep",26,"08:30",8,30,"Tuesday","Serious",1,"Serious","Cyclist","Driver or rider","Female",26,"Unclassified","Single carriageway",30,"Unclassified","Not a Pedestrian","Not a Pedestrian",430865,436330,"E01011356",2,"Private drive or entrance","Daylight","Fine no high winds","Dry","Cyclist"
"9273","20171349Q0969",2017-09-26,2017,"Sep",26,"14:56",14,56,"Tuesday","Slight",1,"Slight","Pedestrian","Pedestrian","Male",11,"Unclassified","Single carriageway",30,NA,"Crossing on pedestrian crossing facility","Crossing from driver's nearside",436304,434703,"E01011408",1,"Not at junction or within 20 metres","Daylight","Fine no high winds","Dry","Pedestrian"
"9274","20171349Q1247",2017-09-26,2017,"Sep",26,"16:50",16,50,"Tuesday","Slight",1,"Slight","Car occupant","Driver or rider","Female",29,"Motorway","Slip road",70,NA,"Not a Pedestrian","Not a Pedestrian",432321,426990,"E01032496",2,"Not at junction or within 20 metres","Daylight","Fine no high winds","Dry","Car occupant"
"9275","20171349Q1254",2017-09-26,2017,"Sep",26,"16:54",16,54,"Tuesday","Slight",1,"Slight","Cyclist","Driver or rider","Male",17,"Unclassified","Single carriageway",30,NA,"Not a Pedestrian","Not a Pedestrian",431458,432763,"E01011626",2,"Not at junction or within 20 metres","Daylight","Fine no high winds","Dry","Cyclist"
"9276","20171349Q1756",2017-09-26,2017,"Sep",26,"19:05",19,5,"Tuesday","Slight",1,"Slight","Car occupant","Driver or rider","Female",26,"Unclassified","Single carriageway",30,NA,"Not a Pedestrian","Not a Pedestrian",424070,435497,"E01011329",2,"Not at junction or within 20 metres","Darkness - lights lit","Fine no high winds","Dry","Car occupant"
"9277","20171349R0339",2017-09-27,2017,"Sep",27,"08:25",8,25,"Wednesday","Slight",1,"Slight","Cyclist","Driver or rider","Male",42,"A","Single carriageway",40,"Unclassified","Not a Pedestrian","Not a Pedestrian",425136,436550,"E01032493",2,"T or staggered junction","Daylight","Fine no high winds","Dry","Cyclist"
"9278","20171349R0697",2017-09-27,2017,"Sep",27,"11:50",11,50,"Wednesday","Slight",1,"Slight","Cyclist","Driver or rider","Male",65,"Unclassified","Single carriageway",30,"Unclassified","Not a Pedestrian","Not a Pedestrian",429925,427699,"E01011497",2,"T or staggered junction","Daylight","Fine no high winds","Dry","Cyclist"
"9279","20171349Q0817",2017-09-27,2017,"Sep",27,"14:45",14,45,"Wednesday","Slight",2,"Slight","Car occupant","Driver or rider","Male",41,"B","Single carriageway",30,"Unclassified","Not a Pedestrian","Not a Pedestrian",432375,434923,"E01011433",4,"Other junction","Daylight","Fine no high winds","Dry","Car occupant"
"9280","20171349Q0817",2017-09-27,2017,"Sep",27,"14:45",14,45,"Wednesday","Slight",2,"Slight","Car occupant","Passenger","Female",34,"B","Single carriageway",30,"Unclassified","Not a Pedestrian","Not a Pedestrian",432375,434923,"E01011433",4,"Other junction","Daylight","Fine no high winds","Dry","Car occupant"
"9281","20171349R1110",2017-09-27,2017,"Sep",27,"15:15",15,15,"Wednesday","Slight",2,"Slight","Car occupant","Driver or rider","Female",76,"A","Single carriageway",60,"Unclassified","Not a Pedestrian","Not a Pedestrian",432532,443147,"E01011561",2,"T or staggered junction","Daylight","Fine no high winds","Dry","Car occupant"
"9282","20171349R1110",2017-09-27,2017,"Sep",27,"15:15",15,15,"Wednesday","Slight",2,"Slight","Car occupant","Driver or rider","Female",45,"A","Single carriageway",60,"Unclassified","Not a Pedestrian","Not a Pedestrian",432532,443147,"E01011561",2,"T or staggered junction","Daylight","Fine no high winds","Dry","Car occupant"
"9283","20171349U0815",2017-09-27,2017,"Sep",27,"16:15",16,15,"Wednesday","Slight",1,"Slight","Car occupant","Driver or rider","Male",23,"A","Single carriageway",30,"Unclassified","Not a Pedestrian","Not a Pedestrian",428913,435507,"E01011443",2,"T or staggered junction","Daylight","Fine no high winds","Dry","Car occupant"
"9284","20171349R1994",2017-09-27,2017,"Sep",27,"22:55",22,55,"Wednesday","Slight",1,"Slight","Car occupant","Driver or rider","Male",53,"B","Single carriageway",60,NA,"Not a Pedestrian","Not a Pedestrian",442111,449309,"E01011704",1,"Not at junction or within 20 metres","Darkness - no lighting","Raining no high winds","Wet or damp","Car occupant"
"9285","20171349S0313",2017-09-28,2017,"Sep",28,"08:15",8,15,"Thursday","Slight",1,"Slight","Cyclist","Driver or rider","Male",43,"Unclassified","Single carriageway",30,"Unclassified","Not a Pedestrian","Not a Pedestrian",429195,434166,"E01011678",2,"T or staggered junction","Daylight","Fine no high winds","Wet or damp","Cyclist"
"9286","20171349S0357",2017-09-28,2017,"Sep",28,"08:50",8,50,"Thursday","Serious",1,"Serious","Motorcycle over 500cc rider or passenger","Driver or rider","Male",24,"Unclassified","Single carriageway",30,NA,"Not a Pedestrian","Not a Pedestrian",436154,429062,"E01011638",2,"Not at junction or within 20 metres","Daylight","Fine no high winds","Dry","Motorcyclist and pillion"
"9287","20171349S0551",2017-09-28,2017,"Sep",28,"10:40",10,40,"Thursday","Slight",1,"Slight","Car occupant","Driver or rider","Female",29,"Unclassified","Single carriageway",30,NA,"Not a Pedestrian","Not a Pedestrian",424919,437401,"E01011464",2,"Not at junction or within 20 metres","Daylight","Fine no high winds","Dry","Car occupant"
"9288","20171349S1093",2017-09-28,2017,"Sep",28,"15:30",15,30,"Thursday","Serious",1,"Serious","Pedestrian","Pedestrian","Male",62,"Unclassified","Single carriageway",20,NA,"In carriageway, crossing elsewhere","Crossing from driver's nearside",431514,435598,"E01011426",1,"Not at junction or within 20 metres","Daylight","Fine no high winds","Dry","Pedestrian"
"9289","20171349S1466",2017-09-28,2017,"Sep",28,"18:21",18,21,"Thursday","Slight",1,"Slight","Pedestrian","Pedestrian","Male",46,"Unclassified","Single carriageway",30,NA,"In carriageway, crossing elsewhere","Unknown or other",422952,434620,"E01011335",1,"Not at junction or within 20 metres","Darkness - lighting unknown","Fine no high winds","Dry","Pedestrian"
"9290","20171349S1597",2017-09-28,2017,"Sep",28,"18:44",18,44,"Thursday","Serious",1,"Serious","Cyclist","Driver or rider","Male",19,"Unclassified","Single carriageway",30,"Unclassified","Not a Pedestrian","Not a Pedestrian",428278,435036,"E01011447",2,"T or staggered junction","Darkness - lights lit","Fine no high winds","Dry","Cyclist"
"9291","20171349T0551",2017-09-29,2017,"Sep",29,"09:37",9,37,"Friday","Slight",1,"Slight","Motorcycle 125cc and under rider or passenger","Driver or rider","Male",23,"Unclassified","Single carriageway",30,"Unclassified","Not a Pedestrian","Not a Pedestrian",423801,435302,"E01011329",2,"T or staggered junction","Daylight","Raining no high winds","Wet or damp","Motorcyclist and pillion"
"9292","20171349T1063",2017-09-29,2017,"Sep",29,"14:20",14,20,"Friday","Slight",1,"Slight","Cyclist","Driver or rider","Male",25,"A","Single carriageway",30,"Unclassified","Not a Pedestrian","Not a Pedestrian",430097,431521,"E01011371",2,"Other junction","Daylight","Fine no high winds","Dry","Cyclist"
"9293","20171349T1492",2017-09-29,2017,"Sep",29,"15:00",15,0,"Friday","Slight",1,"Slight","Motorcycle over 125cc and up to 500cc rider or  passenger","Driver or rider","Male",64,"Unclassified","Single carriageway",30,NA,"Not a Pedestrian","Not a Pedestrian",430394,437927,"E01011515",2,"Not at junction or within 20 metres","Daylight","Fine no high winds","Dry","Motorcyclist and pillion"
"9294","20171349T1315",2017-09-29,2017,"Sep",29,"15:55",15,55,"Friday","Slight",1,"Slight","Cyclist","Driver or rider","Male",11,"A","Dual carriageway",40,NA,"Not a Pedestrian","Not a Pedestrian",432097,435842,"E01011427",2,"Not at junction or within 20 metres","Daylight","Fine no high winds","Dry","Cyclist"
"9295","20171349U0176",2017-09-30,2017,"Sep",30,"01:55",1,55,"Saturday","Slight",1,"Slight","Car occupant","Driver or rider","Male",25,"Unclassified","Single carriageway",30,NA,"Not a Pedestrian","Not a Pedestrian",425105,434118,"E01032606",1,"Not at junction or within 20 metres","Darkness - lights lit","Fine no high winds","Dry","Car occupant"
"9296","20171349U0210",2017-09-30,2017,"Sep",30,"02:10",2,10,"Saturday","Slight",1,"Slight","Pedestrian","Pedestrian","Female",20,"A","Single carriageway",30,NA,"In carriageway, not crossing","In carriageway, stationary - not crossing  (standing or playing)",428760,435592,"E01032946",1,"Not at junction or within 20 metres","Darkness - lights lit","Fine no high winds","Dry","Pedestrian"
"9297","20171349T0423",2017-09-30,2017,"Sep",30,"08:36",8,36,"Saturday","Slight",1,"Slight","Cyclist","Driver or rider","Male",18,"A","Single carriageway",30,"Unclassified","Not a Pedestrian","Not a Pedestrian",429392,434944,"E01033005",2,"T or staggered junction","Daylight","Fine no high winds","Wet or damp","Cyclist"
"9298","20171349U0835",2017-09-30,2017,"Sep",30,"12:15",12,15,"Saturday","Slight",1,"Slight","Car occupant","Passenger","Female",23,"A(M)","Dual carriageway",70,NA,"Not a Pedestrian","Not a Pedestrian",443328,438917,"E01011309",4,"Not at junction or within 20 metres","Daylight","Fine no high winds","Dry","Car occupant"
"9299","20171349U1065",2017-09-30,2017,"Sep",30,"14:09",14,9,"Saturday","Serious",1,"Serious","Bus or coach occupant (17 or more pass seats)","Passenger","Female",39,"Unclassified","Single carriageway",30,"B","Not a Pedestrian","Not a Pedestrian",430917,436527,"E01011356",2,"T or staggered junction","Daylight","Fine no high winds","Dry","Bus and goods vehicle occupant"
"9300","20171349U1119",2017-09-30,2017,"Sep",30,"14:30",14,30,"Saturday","Slight",1,"Slight","Motorcycle over 500cc rider or passenger","Driver or rider","Male",44,"A","Single carriageway",40,NA,"Not a Pedestrian","Not a Pedestrian",441781,431803,"E01011404",1,"Not at junction or within 20 metres","Daylight","Raining no high winds","Wet or damp","Motorcyclist and pillion"
"9301","2017134A10697",2017-10-01,2017,"Oct",1,"01:30",1,30,"Sunday","Slight",4,"Slight","Taxi/Private hire car occupant","Passenger","Female",21,"Unclassified","Single carriageway",30,NA,"Not a Pedestrian","Not a Pedestrian",429802,434147,"E01033008",2,"Not at junction or within 20 metres","Darkness - lights lit","Fine no high winds","Dry","Car occupant"
"9302","2017134A10697",2017-10-01,2017,"Oct",1,"01:30",1,30,"Sunday","Slight",4,"Slight","Taxi/Private hire car occupant","Passenger","Male",22,"Unclassified","Single carriageway",30,NA,"Not a Pedestrian","Not a Pedestrian",429802,434147,"E01033008",2,"Not at junction or within 20 metres","Darkness - lights lit","Fine no high winds","Dry","Car occupant"
"9303","2017134A10697",2017-10-01,2017,"Oct",1,"01:30",1,30,"Sunday","Slight",4,"Slight","Taxi/Private hire car occupant","Passenger","Male",21,"Unclassified","Single carriageway",30,NA,"Not a Pedestrian","Not a Pedestrian",429802,434147,"E01033008",2,"Not at junction or within 20 metres","Darkness - lights lit","Fine no high winds","Dry","Car occupant"
"9304","2017134A10697",2017-10-01,2017,"Oct",1,"01:30",1,30,"Sunday","Slight",4,"Slight","Taxi/Private hire car occupant","Passenger","Male",18,"Unclassified","Single carriageway",30,NA,"Not a Pedestrian","Not a Pedestrian",429802,434147,"E01033008",2,"Not at junction or within 20 metres","Darkness - lights lit","Fine no high winds","Dry","Car occupant"
"9305","2017134A10834",2017-10-01,2017,"Oct",1,"12:45",12,45,"Sunday","Serious",2,"Serious","Car occupant","Driver or rider","Female",61,"A","Roundabout",40,"Unclassified","Not a Pedestrian","Not a Pedestrian",428394,429372,"E01011531",2,"Roundabout","Daylight","Fine no high winds","Dry","Car occupant"
"9306","2017134A10834",2017-10-01,2017,"Oct",1,"12:45",12,45,"Sunday","Serious",2,"Slight","Car occupant","Passenger","Female",23,"A","Roundabout",40,"Unclassified","Not a Pedestrian","Not a Pedestrian",428394,429372,"E01011531",2,"Roundabout","Daylight","Fine no high winds","Dry","Car occupant"
"9307","2017134A11674",2017-10-01,2017,"Oct",1,"19:30",19,30,"Sunday","Serious",1,"Serious","Pedestrian","Pedestrian","Male",88,"Unclassified","Single carriageway",30,NA,"In carriageway, crossing elsewhere","Crossing from driver's offside",421270,435072,"E01011594",1,"Not at junction or within 20 metres","Darkness - lights lit","Fine no high winds","Dry","Pedestrian"
"9308","2017134A12049",2017-10-01,2017,"Oct",1,"22:29",22,29,"Sunday","Serious",1,"Serious","Pedestrian","Pedestrian","Female",14,"Unclassified","Single carriageway",30,NA,"In carriageway, crossing elsewhere","Crossing from offside - masked by  parked or stationary vehicle",432165,439783,"E01011568",1,"Not at junction or within 20 metres","Darkness - lights lit","Fine no high winds","Wet or damp","Pedestrian"
"9309","2017134A12045",2017-10-01,2017,"Oct",1,"22:32",22,32,"Sunday","Slight",1,"Slight","Car occupant","Driver or rider","Male",58,"Unclassified","Single carriageway",20,"Unclassified","Not a Pedestrian","Not a Pedestrian",424968,434814,"E01011282",2,"Crossroads","Darkness - lights lit","Fine no high winds","Dry","Car occupant"
"9310","2017134A20254",2017-10-02,2017,"Oct",2,"07:45",7,45,"Monday","Slight",1,"Slight","Van / Goods vehicle (3.5 tonnes mgw or under) occupant","Driver or rider","Female",55,"A","Roundabout",40,"A","Not a Pedestrian","Not a Pedestrian",424146,428248,"E01011523",2,"Roundabout","Daylight","Fine no high winds","Dry","Bus and goods vehicle occupant"
"9311","2017134A20317",2017-10-02,2017,"Oct",2,"08:25",8,25,"Monday","Serious",1,"Serious","Pedestrian","Pedestrian","Female",81,"Unclassified","Single carriageway",30,NA,"In carriageway, crossing elsewhere","Crossing from nearside - masked by parked or stationary vehicle",419685,446208,"E01011581",1,"Not at junction or within 20 metres","Daylight","Fine no high winds","Dry","Pedestrian"
"9312","2017134A20243",2017-10-02,2017,"Oct",2,"09:00",9,0,"Monday","Serious",1,"Serious","Cyclist","Driver or rider","Female",38,"Unclassified","Single carriageway",30,"Unclassified","Not a Pedestrian","Not a Pedestrian",428793,435578,"E01032946",2,"Other junction","Daylight","Fine no high winds","Dry","Cyclist"
"9313","2017134A21433",2017-10-02,2017,"Oct",2,"17:40",17,40,"Monday","Slight",1,"Slight","Taxi/Private hire car occupant","Passenger","Female",11,"A(M)","Dual carriageway",40,NA,"Not a Pedestrian","Not a Pedestrian",430637,433877,"E01033010",3,"Not at junction or within 20 metres","Darkness - lighting unknown","Fine no high winds","Dry","Car occupant"
"9314","2017134A21835",2017-10-02,2017,"Oct",2,"20:20",20,20,"Monday","Slight",2,"Slight","Car occupant","Driver or rider","Male",22,"Unclassified","Single carriageway",60,NA,"Not a Pedestrian","Not a Pedestrian",422834,439627,"E01011455",1,"Not at junction or within 20 metres","Darkness - no lighting","Raining no high winds","Wet or damp","Car occupant"
"9315","2017134A21835",2017-10-02,2017,"Oct",2,"20:20",20,20,"Monday","Slight",2,"Slight","Car occupant","Passenger","Female",49,"Unclassified","Single carriageway",60,NA,"Not a Pedestrian","Not a Pedestrian",422834,439627,"E01011455",1,"Not at junction or within 20 metres","Darkness - no lighting","Raining no high winds","Wet or damp","Car occupant"
"9316","2017134A22152",2017-10-02,2017,"Oct",2,"23:45",23,45,"Monday","Slight",3,"Slight","Car occupant","Passenger","Male",19,"Motorway","Dual carriageway",50,"Motorway","Not a Pedestrian","Not a Pedestrian",432212,426239,"E01011499",2,"Roundabout","Darkness - lights lit","Fine no high winds","Dry","Car occupant"
"9317","2017134A22152",2017-10-02,2017,"Oct",2,"23:45",23,45,"Monday","Slight",3,"Slight","Car occupant","Passenger","Female",17,"Motorway","Dual carriageway",50,"Motorway","Not a Pedestrian","Not a Pedestrian",432212,426239,"E01011499",2,"Roundabout","Darkness - lights lit","Fine no high winds","Dry","Car occupant"
"9318","2017134A22152",2017-10-02,2017,"Oct",2,"23:45",23,45,"Monday","Slight",3,"Slight","Car occupant","Passenger","Female",42,"Motorway","Dual carriageway",50,"Motorway","Not a Pedestrian","Not a Pedestrian",432212,426239,"E01011499",2,"Roundabout","Darkness - lights lit","Fine no high winds","Dry","Car occupant"
"9319","2017134A30474",2017-10-03,2017,"Oct",3,"02:00",2,0,"Tuesday","Slight",2,"Slight","Taxi/Private hire car occupant","Passenger","Female",52,"Unclassified","Single carriageway",30,"B","Not a Pedestrian","Not a Pedestrian",428619,436947,"E01011693",2,"T or staggered junction","Darkness - lighting unknown","Fine no high winds","Dry","Car occupant"
"9320","2017134A30474",2017-10-03,2017,"Oct",3,"02:00",2,0,"Tuesday","Slight",2,"Slight","Taxi/Private hire car occupant","Passenger","Female",78,"Unclassified","Single carriageway",30,"B","Not a Pedestrian","Not a Pedestrian",428619,436947,"E01011693",2,"T or staggered junction","Darkness - lighting unknown","Fine no high winds","Dry","Car occupant"
"9321","2017134A30400",2017-10-03,2017,"Oct",3,"09:30",9,30,"Tuesday","Slight",1,"Slight","Car occupant","Driver or rider","Male",33,"Unclassified","Single carriageway",30,NA,"Not a Pedestrian","Not a Pedestrian",437934,430689,"E01011391",1,"Not at junction or within 20 metres","Daylight","Fine no high winds","Dry","Car occupant"
"9322","2017134A30670",2017-10-03,2017,"Oct",3,"11:50",11,50,"Tuesday","Slight",1,"Slight","Car occupant","Passenger","Male",57,"Unclassified","Roundabout",30,"Unclassified","Not a Pedestrian","Not a Pedestrian",427484,432589,"E01011362",3,"Roundabout","Daylight","Fine no high winds","Dry","Car occupant"
"9323","2017134A30780",2017-10-03,2017,"Oct",3,"12:49",12,49,"Tuesday","Slight",1,"Slight","Pedestrian","Pedestrian","Male",38,"Unclassified","Single carriageway",30,NA,"Crossing on pedestrian crossing facility","Crossing from driver's nearside",429741,433800,"E01033008",1,"Not at junction or within 20 metres","Daylight","Fine no high winds","Dry","Pedestrian"
"9324","2017134A32023",2017-10-03,2017,"Oct",3,"17:00",17,0,"Tuesday","Slight",1,"Slight","Cyclist","Driver or rider","Male",20,"Unclassified","Single carriageway",30,"Motorway","Not a Pedestrian","Not a Pedestrian",430990,430597,"E01011471",2,"T or staggered junction","Darkness - lighting unknown","Fine no high winds","Dry","Cyclist"
"9325","2017134A31422",2017-10-03,2017,"Oct",3,"17:35",17,35,"Tuesday","Slight",1,"Slight","Motorcycle over 125cc and up to 500cc rider or  passenger","Driver or rider","Male",41,"Unclassified","One way street",30,"Unclassified","Not a Pedestrian","Not a Pedestrian",429957,435604,"E01011669",3,"Other junction","Darkness - lighting unknown","Fine no high winds","Dry","Motorcyclist and pillion"
"9326","2017134A31405",2017-10-03,2017,"Oct",3,"18:00",18,0,"Tuesday","Slight",1,"Slight","Car occupant","Driver or rider","Female",52,"Unclassified","Single carriageway",30,"Unclassified","Not a Pedestrian","Not a Pedestrian",429197,431017,"E01011314",2,"T or staggered junction","Darkness - lighting unknown","Fine no high winds","Dry","Car occupant"