"","accident_index","date","year","month","day","time","time_hour","time_minute","day_of_week","accident_severity","number_of_casualties","casualty_severity","casualty_type","casualty_class","sex_of_casualty","age_of_casualty","first_road_class","road_type","speed_limit","second_road_class","pedestrian_location","pedestrian_movement","location_easting_osgr","location_northing_osgr","lsoa_of_accident_location","number_of_vehicles","junction_detail","light_conditions","weather_conditions","road_surface_conditions","cas_type"
"9327","2017134A11598",2017-10-03,2017,"Oct",3,"18:59",18,59,"Tuesday","Slight",3,"Slight","Car occupant","Driver or rider","Female",47,"A","Single carriageway",30,"A","Not a Pedestrian","Not a Pedestrian",432520,427325,"E01032496",2,"Crossroads","Darkness - lights lit","Fine no high winds","Dry","Car occupant"
"9328","2017134A11598",2017-10-03,2017,"Oct",3,"18:59",18,59,"Tuesday","Slight",3,"Slight","Car occupant","Passenger","Male",41,"A","Single carriageway",30,"A","Not a Pedestrian","Not a Pedestrian",432520,427325,"E01032496",2,"Crossroads","Darkness - lights lit","Fine no high winds","Dry","Car occupant"
"9329","2017134A11598",2017-10-03,2017,"Oct",3,"18:59",18,59,"Tuesday","Slight",3,"Slight","Car occupant","Passenger","Female",71,"A","Single carriageway",30,"A","Not a Pedestrian","Not a Pedestrian",432520,427325,"E01032496",2,"Crossroads","Darkness - lights lit","Fine no high winds","Dry","Car occupant"
"9330","2017134A32073",2017-10-03,2017,"Oct",3,"22:02",22,2,"Tuesday","Serious",1,"Serious","Motorcycle 125cc and under rider or passenger","Driver or rider","Male",20,"Unclassified","Single carriageway",30,NA,"Not a Pedestrian","Not a Pedestrian",424952,433449,"E01011727",2,"Not at junction or within 20 metres","Darkness - lights lit","Fine no high winds","Wet or damp","Motorcyclist and pillion"
"9331","2017134A30422",2017-10-04,2017,"Oct",4,"08:00",8,0,"Wednesday","Slight",2,"Slight","Bus or coach occupant (17 or more pass seats)","Passenger","Male",14,"B","Dual carriageway",30,NA,"Not a Pedestrian","Not a Pedestrian",434534,433677,"E01011415",1,"Not at junction or within 20 metres","Daylight","Fine no high winds","Dry","Bus and goods vehicle occupant"
"9332","2017134A30422",2017-10-04,2017,"Oct",4,"08:00",8,0,"Wednesday","Slight",2,"Slight","Bus or coach occupant (17 or more pass seats)","Passenger","Male",14,"B","Dual carriageway",30,NA,"Not a Pedestrian","Not a Pedestrian",434534,433677,"E01011415",1,"Not at junction or within 20 metres","Daylight","Fine no high winds","Dry","Bus and goods vehicle occupant"
"9333","2017134A41049",2017-10-04,2017,"Oct",4,"15:10",15,10,"Wednesday","Slight",1,"Slight","Car occupant","Driver or rider","Male",41,"Unclassified","Single carriageway",30,"Unclassified","Not a Pedestrian","Not a Pedestrian",432101,436049,"E01011647",2,"T or staggered junction","Daylight","Fine no high winds","Wet or damp","Car occupant"
"9334","2017134A50413",2017-10-04,2017,"Oct",4,"16:30",16,30,"Wednesday","Slight",2,"Slight","Car occupant","Driver or rider","Female",47,"A","Dual carriageway",40,"A","Not a Pedestrian","Not a Pedestrian",430615,431825,"E01011364",2,"T or staggered junction","Daylight","Fine no high winds","Dry","Car occupant"
"9335","2017134A50413",2017-10-04,2017,"Oct",4,"16:30",16,30,"Wednesday","Slight",2,"Slight","Car occupant","Passenger","Male",41,"A","Dual carriageway",40,"A","Not a Pedestrian","Not a Pedestrian",430615,431825,"E01011364",2,"T or staggered junction","Daylight","Fine no high winds","Dry","Car occupant"
"9336","2017134A60359",2017-10-04,2017,"Oct",4,"17:20",17,20,"Wednesday","Serious",1,"Serious","Pedestrian","Pedestrian","Female",62,"Unclassified","One way street",30,"Unclassified","Crossing on pedestrian crossing facility","Crossing from driver's nearside",429780,433925,"E01033010",1,"Crossroads","Darkness - lighting unknown","Raining no high winds","Wet or damp","Pedestrian"
"9337","2017134A50288",2017-10-05,2017,"Oct",5,"07:55",7,55,"Thursday","Slight",3,"Slight","Car occupant","Driver or rider","Female",38,"A(M)","Slip road",40,"A(M)","Not a Pedestrian","Not a Pedestrian",430891,433812,"E01033031",3,"Slip road","Daylight","Fine no high winds","Dry","Car occupant"
"9338","2017134A50288",2017-10-05,2017,"Oct",5,"07:55",7,55,"Thursday","Slight",3,"Slight","Car occupant","Driver or rider","Male",56,"A(M)","Slip road",40,"A(M)","Not a Pedestrian","Not a Pedestrian",430891,433812,"E01033031",3,"Slip road","Daylight","Fine no high winds","Dry","Car occupant"
"9339","2017134A50288",2017-10-05,2017,"Oct",5,"07:55",7,55,"Thursday","Slight",3,"Slight","Car occupant","Passenger","Female",53,"A(M)","Slip road",40,"A(M)","Not a Pedestrian","Not a Pedestrian",430891,433812,"E01033031",3,"Slip road","Daylight","Fine no high winds","Dry","Car occupant"
"9340","2017134A50352",2017-10-05,2017,"Oct",5,"08:48",8,48,"Thursday","Slight",1,"Slight","Car occupant","Driver or rider","Female",52,"A(M)","Dual carriageway",40,NA,"Not a Pedestrian","Not a Pedestrian",430750,433838,"E01033010",5,"Not at junction or within 20 metres","Daylight","Fine no high winds","Dry","Car occupant"
"9341","2017134A50914",2017-10-05,2017,"Oct",5,"14:12",14,12,"Thursday","Slight",1,"Slight","Car occupant","Driver or rider","Male",86,"A","Roundabout",30,"Unclassified","Not a Pedestrian","Not a Pedestrian",441744,433944,"E01011297",2,"Roundabout","Daylight","Fine no high winds","Dry","Car occupant"
"9342","2017134A51741",2017-10-05,2017,"Oct",5,"18:00",18,0,"Thursday","Serious",1,"Serious","Bus or coach occupant (17 or more pass seats)","Passenger","Female",35,"Motorway","Slip road",50,"Motorway","Not a Pedestrian","Not a Pedestrian",429405,432004,"E01011364",1,"Slip road","Darkness - lighting unknown","Fine no high winds","Wet or damp","Bus and goods vehicle occupant"
"9343","2017134A51128",2017-10-05,2017,"Oct",5,"19:50",19,50,"Thursday","Slight",2,"Slight","Car occupant","Driver or rider","Female",48,"A","Roundabout",40,"Unclassified","Not a Pedestrian","Not a Pedestrian",437953,433036,"E01011402",3,"Roundabout","Darkness - lighting unknown","Fine no high winds","Dry","Car occupant"
"9344","2017134A51128",2017-10-05,2017,"Oct",5,"19:50",19,50,"Thursday","Slight",2,"Slight","Car occupant","Driver or rider","Male",64,"A","Roundabout",40,"Unclassified","Not a Pedestrian","Not a Pedestrian",437953,433036,"E01011402",3,"Roundabout","Darkness - lighting unknown","Fine no high winds","Dry","Car occupant"
"9345","2017134A60291",2017-10-06,2017,"Oct",6,"07:54",7,54,"Friday","Slight",1,"Slight","Pedestrian","Pedestrian","Female",13,"Unclassified","Single carriageway",30,"Unclassified","In carriageway, crossing elsewhere","Crossing from driver's nearside",433265,429061,"E01011630",1,"Other junction","Daylight","Fine no high winds","Dry","Pedestrian"
"9346","2017134A60514",2017-10-06,2017,"Oct",6,"10:25",10,25,"Friday","Slight",1,"Slight","Car occupant","Driver or rider","Male",49,"Motorway","Dual carriageway",70,NA,"Not a Pedestrian","Not a Pedestrian",436518,431042,"E01011420",2,"Not at junction or within 20 metres","Daylight","Fine no high winds","Dry","Car occupant"
"9347","2017134A60790",2017-10-06,2017,"Oct",6,"13:02",13,2,"Friday","Slight",1,"Slight","Motorcycle 125cc and under rider or passenger","Driver or rider","Male",36,"A","Single carriageway",40,"A","Not a Pedestrian","Not a Pedestrian",431238,445740,"E01011561",1,"Other junction","Daylight","Fine no high winds","Dry","Motorcyclist and pillion"
"9348","2017134A61264",2017-10-06,2017,"Oct",6,"16:27",16,27,"Friday","Slight",1,"Slight","Car occupant","Driver or rider","Male",24,"A(M)","Dual carriageway",70,NA,"Not a Pedestrian","Not a Pedestrian",443660,436751,"E01011297",1,"Not at junction or within 20 metres","Daylight","Fine no high winds","Dry","Car occupant"
"9349","2017134A61430",2017-10-06,2017,"Oct",6,"17:36",17,36,"Friday","Slight",1,"Slight","Cyclist","Driver or rider","Male",38,"A","Single carriageway",40,NA,"Not a Pedestrian","Not a Pedestrian",431379,435076,"E01011429",2,"Not at junction or within 20 metres","Darkness - lights lit","Fine no high winds","Dry","Cyclist"
"9350","2017134A60588",2017-10-06,2017,"Oct",6,"19:10",19,10,"Friday","Slight",1,"Slight","Cyclist","Driver or rider","Female",43,"A","Roundabout",40,"Motorway","Not a Pedestrian","Not a Pedestrian",435896,425845,"E01011636",2,"Roundabout","Darkness - lighting unknown","Fine no high winds","Dry","Cyclist"
"9351","2017134A70163",2017-10-07,2017,"Oct",7,"01:48",1,48,"Saturday","Serious",2,"Serious","Car occupant","Driver or rider","Male",39,"Unclassified","Single carriageway",40,NA,"Not a Pedestrian","Not a Pedestrian",429065,428783,"E01011493",2,"Not at junction or within 20 metres","Darkness - lights lit","Fine no high winds","Dry","Car occupant"
"9352","2017134A70163",2017-10-07,2017,"Oct",7,"01:48",1,48,"Saturday","Serious",2,"Slight","Taxi/Private hire car occupant","Driver or rider","Male",41,"Unclassified","Single carriageway",40,NA,"Not a Pedestrian","Not a Pedestrian",429065,428783,"E01011493",2,"Not at junction or within 20 metres","Darkness - lights lit","Fine no high winds","Dry","Car occupant"
"9353","2017134A71037",2017-10-07,2017,"Oct",7,"14:10",14,10,"Saturday","Slight",1,"Slight","Pedestrian","Pedestrian","Female",8,"Unclassified","Single carriageway",20,NA,"In carriageway, crossing elsewhere","Crossing from driver's offside",432479,434930,"E01011433",1,"Not at junction or within 20 metres","Daylight","Fine no high winds","Dry","Pedestrian"
"9354","2017134A81169",2017-10-08,2017,"Oct",8,"15:41",15,41,"Sunday","Serious",1,"Serious","Motorcycle 125cc and under rider or passenger","Driver or rider","Male",26,"Unclassified","Single carriageway",30,"Unclassified","Not a Pedestrian","Not a Pedestrian",426483,436340,"E01011489",2,"T or staggered junction","Daylight","Fine no high winds","Dry","Motorcyclist and pillion"
"9355","2017134A81188",2017-10-08,2017,"Oct",8,"15:50",15,50,"Sunday","Slight",1,"Slight","Pedestrian","Pedestrian","Female",13,"A","Single carriageway",30,NA,"In carriageway, crossing elsewhere","Crossing from nearside - masked by parked or stationary vehicle",430122,431855,"E01011364",1,"Not at junction or within 20 metres","Daylight","Fine no high winds","Dry","Pedestrian"
"9356","2017134A81358",2017-10-08,2017,"Oct",8,"17:00",17,0,"Sunday","Slight",3,"Slight","Taxi/Private hire car occupant","Driver or rider","Male",31,"Unclassified","Dual carriageway",30,"Unclassified","Not a Pedestrian","Not a Pedestrian",431193,433714,"E01033031",2,"T or staggered junction","Darkness - lighting unknown","Fine no high winds","Dry","Car occupant"
"9357","2017134A81358",2017-10-08,2017,"Oct",8,"17:00",17,0,"Sunday","Slight",3,"Slight","Taxi/Private hire car occupant","Passenger","Female",20,"Unclassified","Dual carriageway",30,"Unclassified","Not a Pedestrian","Not a Pedestrian",431193,433714,"E01033031",2,"T or staggered junction","Darkness - lighting unknown","Fine no high winds","Dry","Car occupant"
"9358","2017134A81358",2017-10-08,2017,"Oct",8,"17:00",17,0,"Sunday","Slight",3,"Slight","Taxi/Private hire car occupant","Passenger","Female",24,"Unclassified","Dual carriageway",30,"Unclassified","Not a Pedestrian","Not a Pedestrian",431193,433714,"E01033031",2,"T or staggered junction","Darkness - lighting unknown","Fine no high winds","Dry","Car occupant"
"9359","2017134A81445",2017-10-08,2017,"Oct",8,"17:49",17,49,"Sunday","Slight",1,"Slight","Pedestrian","Pedestrian","Female",22,"A","Single carriageway",30,NA,"In carriageway, crossing elsewhere","Crossing from driver's offside",430165,425118,"E01011537",1,"Not at junction or within 20 metres","Darkness - lighting unknown","Fine no high winds","Dry","Pedestrian"
"9360","2017134A81462",2017-10-08,2017,"Oct",8,"17:55",17,55,"Sunday","Slight",2,"Slight","Car occupant","Driver or rider","Male",20,"A","Dual carriageway",40,"Unclassified","Not a Pedestrian","Not a Pedestrian",431448,432694,"E01011626",2,"Crossroads","Darkness - lighting unknown","Fine no high winds","Dry","Car occupant"
"9361","2017134A81462",2017-10-08,2017,"Oct",8,"17:55",17,55,"Sunday","Slight",2,"Slight","Car occupant","Driver or rider","Female",23,"A","Dual carriageway",40,"Unclassified","Not a Pedestrian","Not a Pedestrian",431448,432694,"E01011626",2,"Crossroads","Darkness - lighting unknown","Fine no high winds","Dry","Car occupant"
"9362","2017134A82037",2017-10-08,2017,"Oct",8,"22:45",22,45,"Sunday","Slight",1,"Slight","Car occupant","Driver or rider","Male",28,"A","Single carriageway",30,"Unclassified","Not a Pedestrian","Not a Pedestrian",428464,431349,"E01011369",2,"Crossroads","Darkness - lights lit","Fine no high winds","Dry","Car occupant"
"9363","2017134A90326",2017-10-09,2017,"Oct",9,"08:20",8,20,"Monday","Slight",2,"Slight","Pedestrian","Pedestrian","Female",22,"Unclassified","Single carriageway",30,NA,"Crossing on pedestrian crossing facility","Crossing from driver's nearside",430699,433453,"E01033011",1,"Not at junction or within 20 metres","Daylight","Fine no high winds","Dry","Pedestrian"
"9364","2017134A90326",2017-10-09,2017,"Oct",9,"08:20",8,20,"Monday","Slight",2,"Slight","Bus or coach occupant (17 or more pass seats)","Driver or rider","Male",49,"Unclassified","Single carriageway",30,NA,"Not a Pedestrian","Not a Pedestrian",430699,433453,"E01033011",1,"Not at junction or within 20 metres","Daylight","Fine no high winds","Dry","Bus and goods vehicle occupant"
"9365","2017134A90981",2017-10-09,2017,"Oct",9,"14:18",14,18,"Monday","Slight",1,"Slight","Car occupant","Driver or rider","Female",48,"Unclassified","Dual carriageway",30,"Unclassified","Not a Pedestrian","Not a Pedestrian",430333,433899,"E01033010",1,"T or staggered junction","Daylight","Fine no high winds","Dry","Car occupant"
"9366","2017134A91037",2017-10-09,2017,"Oct",9,"14:40",14,40,"Monday","Slight",2,"Slight","Car occupant","Driver or rider","Female",57,"Unclassified","Single carriageway",30,"Unclassified","Not a Pedestrian","Not a Pedestrian",443671,445249,"E01011711",2,"Private drive or entrance","Daylight","Fine no high winds","Dry","Car occupant"
"9367","2017134A91037",2017-10-09,2017,"Oct",9,"14:40",14,40,"Monday","Slight",2,"Slight","Car occupant","Driver or rider","Female",37,"Unclassified","Single carriageway",30,"Unclassified","Not a Pedestrian","Not a Pedestrian",443671,445249,"E01011711",2,"Private drive or entrance","Daylight","Fine no high winds","Dry","Car occupant"
"9368","2017134A91575",2017-10-09,2017,"Oct",9,"18:23",18,23,"Monday","Slight",3,"Slight","Car occupant","Driver or rider","Female",21,"Unclassified","Single carriageway",30,NA,"Not a Pedestrian","Not a Pedestrian",423495,437434,"E01011465",3,"Not at junction or within 20 metres","Darkness - lighting unknown","Fine no high winds","Dry","Car occupant"
"9369","2017134A91575",2017-10-09,2017,"Oct",9,"18:23",18,23,"Monday","Slight",3,"Slight","Car occupant","Driver or rider","Male",28,"Unclassified","Single carriageway",30,NA,"Not a Pedestrian","Not a Pedestrian",423495,437434,"E01011465",3,"Not at junction or within 20 metres","Darkness - lighting unknown","Fine no high winds","Dry","Car occupant"
"9370","2017134A91575",2017-10-09,2017,"Oct",9,"18:23",18,23,"Monday","Slight",3,"Slight","Car occupant","Driver or rider","Male",35,"Unclassified","Single carriageway",30,NA,"Not a Pedestrian","Not a Pedestrian",423495,437434,"E01011465",3,"Not at junction or within 20 metres","Darkness - lighting unknown","Fine no high winds","Dry","Car occupant"
"9371","2017134A91683",2017-10-09,2017,"Oct",9,"19:05",19,5,"Monday","Slight",1,"Slight","Car occupant","Passenger","Female",21,"Unclassified","Single carriageway",30,"Unclassified","Not a Pedestrian","Not a Pedestrian",420714,440967,"E01011274",2,"T or staggered junction","Darkness - lighting unknown","Fine no high winds","Dry","Car occupant"
"9372","2017134AA0316",2017-10-10,2017,"Oct",10,"08:15",8,15,"Tuesday","Slight",1,"Slight","Pedestrian","Pedestrian","Male",48,"Unclassified","Single carriageway",30,"Unclassified","In carriageway, crossing elsewhere","Crossing from driver's nearside",431753,434601,"E01011677",1,"T or staggered junction","Daylight","Fine no high winds","Dry","Pedestrian"
"9373","2017134AA0658",2017-10-10,2017,"Oct",10,"11:46",11,46,"Tuesday","Slight",1,"Slight","Car occupant","Driver or rider","Female",86,"A","Single carriageway",30,"Unclassified","Not a Pedestrian","Not a Pedestrian",427306,444694,"E01011576",2,"T or staggered junction","Daylight","Fine no high winds","Dry","Car occupant"
"9374","2017134AA0852",2017-10-10,2017,"Oct",10,"13:20",13,20,"Tuesday","Serious",1,"Serious","Cyclist","Driver or rider","Female",42,"A","Single carriageway",30,"Unclassified","Not a Pedestrian","Not a Pedestrian",427324,437202,"E01011690",2,"T or staggered junction","Daylight","Fine no high winds","Dry","Cyclist"
"9375","2017134AA1645",2017-10-10,2017,"Oct",10,"19:15",19,15,"Tuesday","Slight",1,"Slight","Car occupant","Driver or rider","Male",58,"A","Single carriageway",30,"Unclassified","Not a Pedestrian","Not a Pedestrian",431509,435136,"E01011673",2,"T or staggered junction","Darkness - lights lit","Fine no high winds","Dry","Car occupant"
"9376","2017134AB0263",2017-10-11,2017,"Oct",11,"07:40",7,40,"Wednesday","Slight",1,"Slight","Cyclist","Driver or rider","Male",24,"A","Single carriageway",30,"Unclassified","Not a Pedestrian","Not a Pedestrian",428718,435613,"E01032946",2,"Other junction","Daylight","Fine no high winds","Dry","Cyclist"
"9377","2017134AB0516",2017-10-11,2017,"Oct",11,"10:15",10,15,"Wednesday","Slight",1,"Slight","Goods vehicle (over 3.5t. and under 7.5t.) occupant","Passenger","Male",31,"B","Dual carriageway",30,"A","Not a Pedestrian","Not a Pedestrian",428513,433059,"E01011363",2,"Roundabout","Daylight","Fine no high winds","Dry","Bus and goods vehicle occupant"
"9378","2017134AB0829",2017-10-11,2017,"Oct",11,"13:13",13,13,"Wednesday","Slight",3,"Slight","Car occupant","Driver or rider","Female",35,"Unclassified","Single carriageway",30,"Unclassified","Not a Pedestrian","Not a Pedestrian",425949,428285,"E01011525",3,"T or staggered junction","Daylight","Fine no high winds","Wet or damp","Car occupant"
"9379","2017134AB0829",2017-10-11,2017,"Oct",11,"13:13",13,13,"Wednesday","Slight",3,"Slight","Car occupant","Driver or rider","Male",29,"Unclassified","Single carriageway",30,"Unclassified","Not a Pedestrian","Not a Pedestrian",425949,428285,"E01011525",3,"T or staggered junction","Daylight","Fine no high winds","Wet or damp","Car occupant"
"9380","2017134AB0829",2017-10-11,2017,"Oct",11,"13:13",13,13,"Wednesday","Slight",3,"Slight","Car occupant","Passenger","Female",42,"Unclassified","Single carriageway",30,"Unclassified","Not a Pedestrian","Not a Pedestrian",425949,428285,"E01011525",3,"T or staggered junction","Daylight","Fine no high winds","Wet or damp","Car occupant"
"9381","2017134AB1052",2017-10-11,2017,"Oct",11,"14:45",14,45,"Wednesday","Slight",1,"Slight","Car occupant","Driver or rider","Male",31,"Unclassified","Single carriageway",30,"Unclassified","Not a Pedestrian","Not a Pedestrian",430624,435502,"E01011360",2,"T or staggered junction","Daylight","Fine no high winds","Dry","Car occupant"
"9382","2017134AB1244",2017-10-11,2017,"Oct",11,"16:00",16,0,"Wednesday","Slight",1,"Slight","Motorcycle 50cc and under rider or passenger","Driver or rider","Male",18,"A","Single carriageway",40,NA,"Not a Pedestrian","Not a Pedestrian",425843,426826,"E01011546",1,"Not at junction or within 20 metres","Daylight","Raining no high winds","Wet or damp","Motorcyclist and pillion"
"9383","2017134AB1287",2017-10-11,2017,"Oct",11,"16:27",16,27,"Wednesday","Slight",1,"Slight","Pedestrian","Pedestrian","Female",20,"A","Single carriageway",30,"Unclassified","Crossing elsewhere within 50m. of pedestrian crossing","Crossing from offside - masked by  parked or stationary vehicle",428917,435505,"E01011443",1,"T or staggered junction","Daylight","Raining no high winds","Wet or damp","Pedestrian"
"9384","2017134AB1366",2017-10-11,2017,"Oct",11,"16:30",16,30,"Wednesday","Slight",1,"Slight","Car occupant","Driver or rider","Male",44,"A","Dual carriageway",30,NA,"Not a Pedestrian","Not a Pedestrian",427479,431308,"E01011318",2,"Not at junction or within 20 metres","Daylight","Fine no high winds","Dry","Car occupant"
"9385","2017134AB1349",2017-10-11,2017,"Oct",11,"16:50",16,50,"Wednesday","Slight",2,"Slight","Bus or coach occupant (17 or more pass seats)","Passenger","Female",75,"Unclassified","Single carriageway",30,NA,"Not a Pedestrian","Not a Pedestrian",430926,436050,"E01011357",2,"Not at junction or within 20 metres","Daylight","Fine no high winds","Dry","Bus and goods vehicle occupant"
"9386","2017134AB1349",2017-10-11,2017,"Oct",11,"16:50",16,50,"Wednesday","Slight",2,"Slight","Bus or coach occupant (17 or more pass seats)","Passenger","Female",27,"Unclassified","Single carriageway",30,NA,"Not a Pedestrian","Not a Pedestrian",430926,436050,"E01011357",2,"Not at junction or within 20 metres","Daylight","Fine no high winds","Dry","Bus and goods vehicle occupant"
"9387","2017134AB1809",2017-10-11,2017,"Oct",11,"19:50",19,50,"Wednesday","Slight",3,"Slight","Car occupant","Driver or rider","Male",29,"Unclassified","Single carriageway",30,NA,"Not a Pedestrian","Not a Pedestrian",431424,436825,"E01011641",1,"Not at junction or within 20 metres","Darkness - lights lit","Fine no high winds","Wet or damp","Car occupant"
"9388","2017134AB1809",2017-10-11,2017,"Oct",11,"19:50",19,50,"Wednesday","Slight",3,"Slight","Car occupant","Passenger","Male",26,"Unclassified","Single carriageway",30,NA,"Not a Pedestrian","Not a Pedestrian",431424,436825,"E01011641",1,"Not at junction or within 20 metres","Darkness - lights lit","Fine no high winds","Wet or damp","Car occupant"
"9389","2017134AB1809",2017-10-11,2017,"Oct",11,"19:50",19,50,"Wednesday","Slight",3,"Slight","Car occupant","Passenger","Male",25,"Unclassified","Single carriageway",30,NA,"Not a Pedestrian","Not a Pedestrian",431424,436825,"E01011641",1,"Not at junction or within 20 metres","Darkness - lights lit","Fine no high winds","Wet or damp","Car occupant"
"9390","2017134AB1910",2017-10-11,2017,"Oct",11,"20:30",20,30,"Wednesday","Slight",2,"Slight","Taxi/Private hire car occupant","Passenger","Female",19,"A","Single carriageway",30,NA,"Not a Pedestrian","Not a Pedestrian",418759,445479,"E01011573",1,"Not at junction or within 20 metres","Darkness - lighting unknown","Fine no high winds","Dry","Car occupant"
"9391","2017134AB1910",2017-10-11,2017,"Oct",11,"20:30",20,30,"Wednesday","Slight",2,"Slight","Taxi/Private hire car occupant","Passenger","Female",18,"A","Single carriageway",30,NA,"Not a Pedestrian","Not a Pedestrian",418759,445479,"E01011573",1,"Not at junction or within 20 metres","Darkness - lighting unknown","Fine no high winds","Dry","Car occupant"
"9392","2017134AC1014",2017-10-12,2017,"Oct",12,"14:40",14,40,"Thursday","Slight",1,"Slight","Car occupant","Driver or rider","Male",83,"Unclassified","Roundabout",30,"Unclassified","Not a Pedestrian","Not a Pedestrian",432940,435008,"E01011340",3,"Roundabout","Daylight","Fine no high winds","Dry","Car occupant"
"9393","2017134AB1205",2017-10-12,2017,"Oct",12,"15:30",15,30,"Thursday","Slight",3,"Slight","Car occupant","Driver or rider","Male",40,"Unclassified","Single carriageway",30,NA,"Not a Pedestrian","Not a Pedestrian",427863,434643,"E01011483",2,"Not at junction or within 20 metres","Daylight","Fine no high winds","Dry","Car occupant"
"9394","2017134AB1205",2017-10-12,2017,"Oct",12,"15:30",15,30,"Thursday","Slight",3,"Slight","Car occupant","Passenger","Male",20,"Unclassified","Single carriageway",30,NA,"Not a Pedestrian","Not a Pedestrian",427863,434643,"E01011483",2,"Not at junction or within 20 metres","Daylight","Fine no high winds","Dry","Car occupant"
"9395","2017134AB1205",2017-10-12,2017,"Oct",12,"15:30",15,30,"Thursday","Slight",3,"Slight","Car occupant","Passenger","Male",20,"Unclassified","Single carriageway",30,NA,"Not a Pedestrian","Not a Pedestrian",427863,434643,"E01011483",2,"Not at junction or within 20 metres","Daylight","Fine no high winds","Dry","Car occupant"
"9396","2017134AC2056",2017-10-12,2017,"Oct",12,"17:30",17,30,"Thursday","Slight",1,"Slight","Bus or coach occupant (17 or more pass seats)","Passenger","Female",70,"A","Single carriageway",40,NA,"Not a Pedestrian","Not a Pedestrian",425733,442951,"E01032504",1,"Not at junction or within 20 metres","Darkness - lighting unknown","Fine no high winds","Dry","Bus and goods vehicle occupant"
"9397","2017134AC1459",2017-10-12,2017,"Oct",12,"17:33",17,33,"Thursday","Slight",2,"Slight","Car occupant","Driver or rider","Male",63,"Motorway","Dual carriageway",70,NA,"Not a Pedestrian","Not a Pedestrian",430862,426541,"E01011499",2,"Not at junction or within 20 metres","Darkness - lighting unknown","Fine no high winds","Dry","Car occupant"
"9398","2017134AC1459",2017-10-12,2017,"Oct",12,"17:33",17,33,"Thursday","Slight",2,"Slight","Van / Goods vehicle (3.5 tonnes mgw or under) occupant","Driver or rider","Male",56,"Motorway","Dual carriageway",70,NA,"Not a Pedestrian","Not a Pedestrian",430862,426541,"E01011499",2,"Not at junction or within 20 metres","Darkness - lighting unknown","Fine no high winds","Dry","Bus and goods vehicle occupant"
"9399","2017134AC1778",2017-10-12,2017,"Oct",12,"19:35",19,35,"Thursday","Slight",1,"Slight","Bus or coach occupant (17 or more pass seats)","Passenger","Female",64,"A","Single carriageway",30,NA,"Not a Pedestrian","Not a Pedestrian",432049,435960,"E01011422",2,"Not at junction or within 20 metres","Darkness - lights lit","Fine no high winds","Dry","Bus and goods vehicle occupant"
"9400","2017134AD0338",2017-10-13,2017,"Oct",13,"08:15",8,15,"Friday","Slight",1,"Slight","Car occupant","Driver or rider","Female",29,"A","Dual carriageway",40,"Unclassified","Not a Pedestrian","Not a Pedestrian",426234,438114,"E01011684",2,"T or staggered junction","Daylight","Fine no high winds","Dry","Car occupant"
"9401","2017134AD0535",2017-10-13,2017,"Oct",13,"10:17",10,17,"Friday","Slight",1,"Slight","Car occupant","Driver or rider","Female",30,"A(M)","Dual carriageway",40,"Unclassified","Not a Pedestrian","Not a Pedestrian",429865,434399,"E01033008",3,"Slip road","Daylight","Fine no high winds","Dry","Car occupant"
"9402","2017134AD0725",2017-10-13,2017,"Oct",13,"12:01",12,1,"Friday","Slight",1,"Slight","Car occupant","Driver or rider","Male",44,"Unclassified","Single carriageway",30,NA,"Not a Pedestrian","Not a Pedestrian",431738,435483,"E01011429",4,"Not at junction or within 20 metres","Daylight","Fine no high winds","Dry","Car occupant"
"9403","2017134AD0881",2017-10-13,2017,"Oct",13,"13:00",13,0,"Friday","Slight",2,"Slight","Pedestrian","Pedestrian","Female",46,"Unclassified","Dual carriageway",30,NA,"In carriageway, crossing elsewhere","Unknown or other",430515,433453,"E01033010",1,"Not at junction or within 20 metres","Daylight","Fine no high winds","Dry","Pedestrian"
"9404","2017134AD0881",2017-10-13,2017,"Oct",13,"13:00",13,0,"Friday","Slight",2,"Slight","Bus or coach occupant (17 or more pass seats)","Passenger","Female",71,"Unclassified","Dual carriageway",30,NA,"Not a Pedestrian","Not a Pedestrian",430515,433453,"E01033010",1,"Not at junction or within 20 metres","Daylight","Fine no high winds","Dry","Bus and goods vehicle occupant"
"9405","2017134AH0508",2017-10-13,2017,"Oct",13,"13:10",13,10,"Friday","Slight",1,"Slight","Pedestrian","Pedestrian","Male",31,"Unclassified","Single carriageway",30,"Unclassified","On footway or verge","Unknown or other",429495,432909,"E01033032",1,"T or staggered junction","Daylight","Fine no high winds","Dry","Pedestrian"
"9406","2017134AD1432",2017-10-13,2017,"Oct",13,"16:35",16,35,"Friday","Slight",4,"Slight","Car occupant","Driver or rider","Male",42,"Motorway","Dual carriageway",70,NA,"Not a Pedestrian","Not a Pedestrian",432012,427743,"E01011490",4,"Not at junction or within 20 metres","Daylight","Fine no high winds","Dry","Car occupant"
"9407","2017134AD1432",2017-10-13,2017,"Oct",13,"16:35",16,35,"Friday","Slight",4,"Slight","Car occupant","Passenger","Male",14,"Motorway","Dual carriageway",70,NA,"Not a Pedestrian","Not a Pedestrian",432012,427743,"E01011490",4,"Not at junction or within 20 metres","Daylight","Fine no high winds","Dry","Car occupant"