"","accident_index","date","year","month","day","time","time_hour","time_minute","day_of_week","accident_severity","number_of_casualties","casualty_severity","casualty_type","casualty_class","sex_of_casualty","age_of_casualty","first_road_class","road_type","speed_limit","second_road_class","pedestrian_location","pedestrian_movement","location_easting_osgr","location_northing_osgr","lsoa_of_accident_location","number_of_vehicles","junction_detail","light_conditions","weather_conditions","road_surface_conditions","cas_type"
"9572","2017134B70381",2017-11-07,2017,"Nov",7,"09:00",9,0,"Tuesday","Slight",3,"Slight","Bus or coach occupant (17 or more pass seats)","Passenger","Female",60,"Unclassified","Single carriageway",30,"Unclassified","Not a Pedestrian","Not a Pedestrian",429435,433459,"E01033015",2,"Other junction","Daylight","Fine no high winds","Dry","Bus and goods vehicle occupant"
"9573","2017134B70381",2017-11-07,2017,"Nov",7,"09:00",9,0,"Tuesday","Slight",3,"Slight","Bus or coach occupant (17 or more pass seats)","Passenger","Male",46,"Unclassified","Single carriageway",30,"Unclassified","Not a Pedestrian","Not a Pedestrian",429435,433459,"E01033015",2,"Other junction","Daylight","Fine no high winds","Dry","Bus and goods vehicle occupant"
"9574","2017134B70398",2017-11-07,2017,"Nov",7,"09:05",9,5,"Tuesday","Serious",1,"Serious","Cyclist","Driver or rider","Male",19,"A","Single carriageway",30,"Unclassified","Not a Pedestrian","Not a Pedestrian",428585,435667,"E01032946",2,"T or staggered junction","Daylight","Fine no high winds","Dry","Cyclist"
"9575","2017134B71390",2017-11-07,2017,"Nov",7,"16:43",16,43,"Tuesday","Slight",2,"Slight","Pedestrian","Pedestrian","Female",34,"Unclassified","Single carriageway",30,NA,"Crossing elsewhere within 50m. of pedestrian crossing","Crossing from driver's offside",423897,435379,"E01011329",1,"Not at junction or within 20 metres","Darkness - lights lit","Fine no high winds","Dry","Pedestrian"
"9576","2017134B71390",2017-11-07,2017,"Nov",7,"16:43",16,43,"Tuesday","Slight",2,"Slight","Pedestrian","Pedestrian","Female",5,"Unclassified","Single carriageway",30,NA,"Crossing elsewhere within 50m. of pedestrian crossing","Crossing from driver's offside",423897,435379,"E01011329",1,"Not at junction or within 20 metres","Darkness - lights lit","Fine no high winds","Dry","Pedestrian"
"9577","2017134B71462",2017-11-07,2017,"Nov",7,"17:00",17,0,"Tuesday","Serious",1,"Serious","Pedestrian","Pedestrian","Female",13,"C","Single carriageway",30,NA,"In carriageway, crossing elsewhere","Crossing from driver's offside",430758,430373,"E01011472",1,"Not at junction or within 20 metres","Darkness - lights lit","Fine no high winds","Wet or damp","Pedestrian"
"9578","2017134B71971",2017-11-07,2017,"Nov",7,"19:29",19,29,"Tuesday","Slight",1,"Slight","Car occupant","Driver or rider","Male",18,"A","Dual carriageway",70,"Unclassified","Not a Pedestrian","Not a Pedestrian",429779,438891,"E01011558",2,"Roundabout","Darkness - lights lit","Fine no high winds","Wet or damp","Car occupant"
"9579","2017134B71772",2017-11-07,2017,"Nov",7,"21:16",21,16,"Tuesday","Slight",1,"Slight","Cyclist","Passenger","Female",33,"Unclassified","Single carriageway",30,"Unclassified","Not a Pedestrian","Not a Pedestrian",428491,434320,"E01011681",2,"Other junction","Darkness - lights lit","Fine no high winds","Dry","Cyclist"
"9580","2017134B80305",2017-11-08,2017,"Nov",8,"08:20",8,20,"Wednesday","Slight",1,"Slight","Car occupant","Driver or rider","Female",47,"Unclassified","Single carriageway",30,"Unclassified","Not a Pedestrian","Not a Pedestrian",430899,430370,"E01011472",3,"T or staggered junction","Daylight","Fine no high winds","Dry","Car occupant"
"9581","2017134B81689",2017-11-08,2017,"Nov",8,"16:30",16,30,"Wednesday","Slight",1,"Slight","Bus or coach occupant (17 or more pass seats)","Passenger","Female",70,"Unclassified","Single carriageway",30,NA,"Not a Pedestrian","Not a Pedestrian",436300,434703,"E01011408",1,"Not at junction or within 20 metres","Daylight","Fine no high winds","Dry","Bus and goods vehicle occupant"
"9582","2017134BA0467",2017-11-08,2017,"Nov",8,"18:00",18,0,"Wednesday","Slight",1,"Slight","Cyclist","Driver or rider","Male",61,"A","Single carriageway",30,NA,"Not a Pedestrian","Not a Pedestrian",418116,442525,"E01011280",2,"Not at junction or within 20 metres","Darkness - lighting unknown","Fine no high winds","Dry","Cyclist"
"9583","2017134B81535",2017-11-08,2017,"Nov",8,"18:19",18,19,"Wednesday","Slight",1,"Slight","Car occupant","Driver or rider","Female",43,"Unclassified","Dual carriageway",30,"A","Not a Pedestrian","Not a Pedestrian",430761,434645,"E01011671",2,"T or staggered junction","Darkness - lights lit","Fine no high winds","Wet or damp","Car occupant"
"9584","2017134B81630",2017-11-08,2017,"Nov",8,"18:50",18,50,"Wednesday","Slight",1,"Slight","Pedestrian","Pedestrian","Female",25,"Unclassified","Single carriageway",30,NA,"On footway or verge","Unknown or other",429260,435494,"E01033005",1,"Not at junction or within 20 metres","Darkness - lights lit","Fine no high winds","Dry","Pedestrian"
"9585","2017134B81705",2017-11-08,2017,"Nov",8,"19:30",19,30,"Wednesday","Slight",1,"Slight","Cyclist","Driver or rider","Male",17,"Unclassified","Single carriageway",30,"Unclassified","Not a Pedestrian","Not a Pedestrian",436564,435579,"E01011406",2,"Crossroads","Darkness - lights lit","Fine no high winds","Dry","Cyclist"
"9586","2017134B81797",2017-11-08,2017,"Nov",8,"20:15",20,15,"Wednesday","Fatal",1,"Fatal","Car occupant","Driver or rider","Female",57,"A","Single carriageway",30,"A","Not a Pedestrian","Not a Pedestrian",421041,444988,"E01011569",1,"Roundabout","Darkness - lights lit","Fine no high winds","Wet or damp","Car occupant"
"9587","2017134B90209",2017-11-09,2017,"Nov",9,"06:40",6,40,"Thursday","Slight",1,"Slight","Car occupant","Driver or rider","Female",58,"Unclassified","Single carriageway",30,"Unclassified","Not a Pedestrian","Not a Pedestrian",431403,435030,"E01011673",2,"Crossroads","Darkness - lights lit","Fine no high winds","Dry","Car occupant"
"9588","2017134B91371",2017-11-09,2017,"Nov",9,"17:15",17,15,"Thursday","Slight",1,"Slight","Cyclist","Passenger","Male",36,"A","Single carriageway",30,"Unclassified","Not a Pedestrian","Not a Pedestrian",425910,436262,"E01011485",2,"T or staggered junction","Darkness - lights lit","Fine no high winds","Dry","Cyclist"
"9589","2017134B91387",2017-11-09,2017,"Nov",9,"17:23",17,23,"Thursday","Slight",1,"Slight","Cyclist","Driver or rider","Female",27,"Unclassified","Dual carriageway",40,"Unclassified","Not a Pedestrian","Not a Pedestrian",430673,431867,"E01011467",2,"Private drive or entrance","Darkness - lighting unknown","Fine no high winds","Dry","Cyclist"
"9590","2017134B90269",2017-11-09,2017,"Nov",9,"18:50",18,50,"Thursday","Slight",1,"Slight","Cyclist","Driver or rider","Male",56,"Unclassified","Single carriageway",30,"A","Not a Pedestrian","Not a Pedestrian",431873,435677,"E01011428",2,"T or staggered junction","Darkness - lights lit","Fine no high winds","Dry","Cyclist"
"9591","2017134B91857",2017-11-09,2017,"Nov",9,"20:45",20,45,"Thursday","Slight",1,"Slight","Cyclist","Driver or rider","Female",45,"A","Single carriageway",30,"B","Not a Pedestrian","Not a Pedestrian",426828,438686,"E01032876",2,"Crossroads","Darkness - lighting unknown","Fine no high winds","Dry","Cyclist"
"9592","2017134BF0553",2017-11-10,2017,"Nov",10,"07:45",7,45,"Friday","Serious",1,"Serious","Cyclist","Driver or rider","Male",38,"Unclassified","Single carriageway",30,NA,"Not a Pedestrian","Not a Pedestrian",432230,436384,"E01011647",1,"Not at junction or within 20 metres","Daylight","Fine no high winds","Wet or damp","Cyclist"
"9593","2017134BA0364",2017-11-10,2017,"Nov",10,"09:30",9,30,"Friday","Serious",1,"Serious","Cyclist","Driver or rider","Male",28,"A","Single carriageway",30,"Unclassified","Not a Pedestrian","Not a Pedestrian",431540,435165,"E01011429",2,"Other junction","Daylight","Fine no high winds","Dry","Cyclist"
"9594","2017134BA0669",2017-11-10,2017,"Nov",10,"11:40",11,40,"Friday","Slight",1,"Slight","Car occupant","Driver or rider","Female",68,"Motorway","Slip road",70,"Motorway","Not a Pedestrian","Not a Pedestrian",432076,425721,"E01011499",2,"Slip road","Daylight","Fine no high winds","Dry","Car occupant"
"9595","2017134BA1091",2017-11-10,2017,"Nov",10,"15:07",15,7,"Friday","Serious",1,"Serious","Motorcycle 125cc and under rider or passenger","Driver or rider","Male",21,"Unclassified","Single carriageway",30,"Unclassified","Not a Pedestrian","Not a Pedestrian",430900,428411,"E01032497",2,"T or staggered junction","Daylight","Raining no high winds","Wet or damp","Motorcyclist and pillion"
"9596","2017134BA1347",2017-11-10,2017,"Nov",10,"16:55",16,55,"Friday","Slight",1,"Slight","Car occupant","Driver or rider","Female",44,"A","Single carriageway",50,NA,"Not a Pedestrian","Not a Pedestrian",432463,429757,"E01011469",2,"Not at junction or within 20 metres","Darkness - lights lit","Raining no high winds","Wet or damp","Car occupant"
"9597","2017134BA1389",2017-11-10,2017,"Nov",10,"17:15",17,15,"Friday","Serious",1,"Serious","Cyclist","Driver or rider","Male",22,"A","Dual carriageway",30,NA,"Not a Pedestrian","Not a Pedestrian",430074,431161,"E01011371",2,"Not at junction or within 20 metres","Darkness - lighting unknown","Fine no high winds","Dry","Cyclist"
"9598","2017134BA1402",2017-11-10,2017,"Nov",10,"17:25",17,25,"Friday","Slight",1,"Slight","Car occupant","Passenger","Female",73,"A(M)","Dual carriageway",70,NA,"Not a Pedestrian","Not a Pedestrian",442993,441322,"E01011712",2,"Not at junction or within 20 metres","Darkness - no lighting","Raining no high winds","Wet or damp","Car occupant"
"9599","2017134BA1425",2017-11-10,2017,"Nov",10,"17:34",17,34,"Friday","Slight",1,"Slight","Cyclist","Driver or rider","Male",29,"Unclassified","Single carriageway",30,"Unclassified","Not a Pedestrian","Not a Pedestrian",435629,436467,"E01011661",2,"T or staggered junction","Darkness - lights lit","Raining no high winds","Wet or damp","Cyclist"
"9600","2017134BA1320",2017-11-10,2017,"Nov",10,"17:50",17,50,"Friday","Slight",1,"Slight","Cyclist","Driver or rider","Male",50,"A","Dual carriageway",30,"Unclassified","Not a Pedestrian","Not a Pedestrian",428388,434071,"E01011681",2,"T or staggered junction","Darkness - lights lit","Fine no high winds","Dry","Cyclist"
"9601","2017134BA1627",2017-11-10,2017,"Nov",10,"19:00",19,0,"Friday","Slight",1,"Slight","Car occupant","Driver or rider","Male",40,"Unclassified","One way street",20,"Unclassified","Not a Pedestrian","Not a Pedestrian",429933,433403,"E01033010",2,"Other junction","Darkness - lights lit","Fine no high winds","Dry","Car occupant"
"9602","2017134BA1825",2017-11-10,2017,"Nov",10,"20:31",20,31,"Friday","Slight",1,"Slight","Car occupant","Passenger","Female",21,"A","Roundabout",40,"A(M)","Not a Pedestrian","Not a Pedestrian",427676,431118,"E01011369",3,"Roundabout","Darkness - lights lit","Fine no high winds","Wet or damp","Car occupant"
"9603","2017134BB0929",2017-11-11,2017,"Nov",11,"13:40",13,40,"Saturday","Serious",1,"Serious","Cyclist","Driver or rider","Male",45,"Unclassified","Single carriageway",30,"Unclassified","Not a Pedestrian","Not a Pedestrian",420714,440967,"E01011274",2,"T or staggered junction","Daylight","Fine no high winds","Dry","Cyclist"
"9604","2017134BB1519",2017-11-11,2017,"Nov",11,"18:01",18,1,"Saturday","Slight",4,"Slight","Car occupant","Driver or rider","Female",53,"Unclassified","Roundabout",30,"Unclassified","Not a Pedestrian","Not a Pedestrian",425057,433366,"E01011727",2,"Roundabout","Darkness - lights lit","Fine no high winds","Dry","Car occupant"
"9605","2017134BB1519",2017-11-11,2017,"Nov",11,"18:01",18,1,"Saturday","Slight",4,"Slight","Car occupant","Driver or rider","Female",26,"Unclassified","Roundabout",30,"Unclassified","Not a Pedestrian","Not a Pedestrian",425057,433366,"E01011727",2,"Roundabout","Darkness - lights lit","Fine no high winds","Dry","Car occupant"
"9606","2017134BB1519",2017-11-11,2017,"Nov",11,"18:01",18,1,"Saturday","Slight",4,"Slight","Car occupant","Passenger","Male",36,"Unclassified","Roundabout",30,"Unclassified","Not a Pedestrian","Not a Pedestrian",425057,433366,"E01011727",2,"Roundabout","Darkness - lights lit","Fine no high winds","Dry","Car occupant"
"9607","2017134BB1519",2017-11-11,2017,"Nov",11,"18:01",18,1,"Saturday","Slight",4,"Slight","Car occupant","Passenger","Female",16,"Unclassified","Roundabout",30,"Unclassified","Not a Pedestrian","Not a Pedestrian",425057,433366,"E01011727",2,"Roundabout","Darkness - lights lit","Fine no high winds","Dry","Car occupant"
"9608","2017134BB1536",2017-11-11,2017,"Nov",11,"18:05",18,5,"Saturday","Slight",5,"Slight","Car occupant","Driver or rider","Male",40,"Unclassified","Single carriageway",30,"Unclassified","Not a Pedestrian","Not a Pedestrian",432208,438090,"E01011654",2,"Crossroads","Darkness - lights lit","Fine no high winds","Wet or damp","Car occupant"
"9609","2017134BB1536",2017-11-11,2017,"Nov",11,"18:05",18,5,"Saturday","Slight",5,"Slight","Car occupant","Passenger","Female",36,"Unclassified","Single carriageway",30,"Unclassified","Not a Pedestrian","Not a Pedestrian",432208,438090,"E01011654",2,"Crossroads","Darkness - lights lit","Fine no high winds","Wet or damp","Car occupant"
"9610","2017134BB1536",2017-11-11,2017,"Nov",11,"18:05",18,5,"Saturday","Slight",5,"Slight","Car occupant","Passenger","Male",3,"Unclassified","Single carriageway",30,"Unclassified","Not a Pedestrian","Not a Pedestrian",432208,438090,"E01011654",2,"Crossroads","Darkness - lights lit","Fine no high winds","Wet or damp","Car occupant"
"9611","2017134BB1536",2017-11-11,2017,"Nov",11,"18:05",18,5,"Saturday","Slight",5,"Slight","Car occupant","Passenger","Female",11,"Unclassified","Single carriageway",30,"Unclassified","Not a Pedestrian","Not a Pedestrian",432208,438090,"E01011654",2,"Crossroads","Darkness - lights lit","Fine no high winds","Wet or damp","Car occupant"
"9612","2017134BB1536",2017-11-11,2017,"Nov",11,"18:05",18,5,"Saturday","Slight",5,"Slight","Car occupant","Driver or rider","Male",32,"Unclassified","Single carriageway",30,"Unclassified","Not a Pedestrian","Not a Pedestrian",432208,438090,"E01011654",2,"Crossroads","Darkness - lights lit","Fine no high winds","Wet or damp","Car occupant"
"9613","2017134BB1714",2017-11-11,2017,"Nov",11,"19:24",19,24,"Saturday","Slight",1,"Slight","Pedestrian","Pedestrian","Female",16,"A","Single carriageway",30,NA,"Crossing on pedestrian crossing facility","Crossing from driver's nearside",424662,435028,"E01011336",1,"Not at junction or within 20 metres","Darkness - lights lit","Fine no high winds","Dry","Pedestrian"
"9614","2017134BB1726",2017-11-11,2017,"Nov",11,"19:29",19,29,"Saturday","Slight",1,"Slight","Pedestrian","Pedestrian","Male",9,"Unclassified","Single carriageway",30,"Unclassified","In carriageway, crossing elsewhere","Crossing from driver's offside",429564,431194,"E01011373",1,"T or staggered junction","Darkness - lights lit","Fine no high winds","Dry","Pedestrian"
"9615","2017134BC0032",2017-11-12,2017,"Nov",12,"00:25",0,25,"Sunday","Serious",2,"Slight","Taxi/Private hire car occupant","Passenger","Male",46,"Unclassified","Single carriageway",30,NA,"Not a Pedestrian","Not a Pedestrian",427109,439887,"E01011380",2,"Not at junction or within 20 metres","Darkness - lights lit","Fine no high winds","Dry","Car occupant"
"9616","2017134BC0032",2017-11-12,2017,"Nov",12,"00:25",0,25,"Sunday","Serious",2,"Serious","Car occupant","Driver or rider","Male",32,"Unclassified","Single carriageway",30,NA,"Not a Pedestrian","Not a Pedestrian",427109,439887,"E01011380",2,"Not at junction or within 20 metres","Darkness - lights lit","Fine no high winds","Dry","Car occupant"
"9617","2017134BC0673",2017-11-12,2017,"Nov",12,"11:25",11,25,"Sunday","Slight",1,"Slight","Car occupant","Passenger","Male",30,"A","Single carriageway",50,"Unclassified","Not a Pedestrian","Not a Pedestrian",440034,439607,"E01011309",3,"Other junction","Daylight","Fine no high winds","Dry","Car occupant"
"9618","2017134BC1024",2017-11-12,2017,"Nov",12,"14:15",14,15,"Sunday","Slight",1,"Slight","Car occupant","Driver or rider","Male",32,"Unclassified","Single carriageway",30,NA,"Not a Pedestrian","Not a Pedestrian",431828,435537,"E01011422",2,"Not at junction or within 20 metres","Daylight","Fine no high winds","Dry","Car occupant"
"9619","2017134BC1410",2017-11-12,2017,"Nov",12,"18:00",18,0,"Sunday","Slight",1,"Slight","Pedestrian","Pedestrian","Male",45,"Unclassified","Single carriageway",30,"Unclassified","Unknown or other","Crossing from driver's offside",431261,429061,"E01011475",1,"T or staggered junction","Darkness - lights lit","Fine no high winds","Dry","Pedestrian"
"9620","2017134BC0671",2017-11-12,2017,"Nov",12,"20:05",20,5,"Sunday","Slight",1,"Slight","Car occupant","Driver or rider","Female",24,"A","Roundabout",60,"A","Not a Pedestrian","Not a Pedestrian",435871,436407,"E01011720",2,"Roundabout","Darkness - lighting unknown","Fine no high winds","Dry","Car occupant"
"9621","2017134BC1843",2017-11-12,2017,"Nov",12,"22:40",22,40,"Sunday","Slight",2,"Slight","Car occupant","Driver or rider","Male",33,"A","Single carriageway",30,"B","Not a Pedestrian","Not a Pedestrian",431948,435800,"E01011422",2,"Crossroads","Darkness - lights lit","Fine no high winds","Dry","Car occupant"
"9622","2017134BC1843",2017-11-12,2017,"Nov",12,"22:40",22,40,"Sunday","Slight",2,"Slight","Car occupant","Driver or rider","Female",50,"A","Single carriageway",30,"B","Not a Pedestrian","Not a Pedestrian",431948,435800,"E01011422",2,"Crossroads","Darkness - lights lit","Fine no high winds","Dry","Car occupant"
"9623","2017134BC1927",2017-11-12,2017,"Nov",12,"23:30",23,30,"Sunday","Serious",1,"Serious","Pedestrian","Pedestrian","Female",36,"A","Single carriageway",30,"Unclassified","In carriageway, not crossing","In carriageway, stationary - not crossing  (standing or playing)",431910,435746,"E01011422",1,"T or staggered junction","Darkness - lights lit","Fine no high winds","Dry","Pedestrian"
"9624","2017134BD0173",2017-11-13,2017,"Nov",13,"06:54",6,54,"Monday","Slight",1,"Slight","Cyclist","Driver or rider","Female",49,"Unclassified","Single carriageway",30,"Unclassified","Not a Pedestrian","Not a Pedestrian",427553,431563,"E01011369",2,"T or staggered junction","Darkness - lighting unknown","Fine no high winds","Wet or damp","Cyclist"
"9625","2017134BD0643",2017-11-13,2017,"Nov",13,"11:43",11,43,"Monday","Slight",1,"Slight","Car occupant","Driver or rider","Female",23,"Unclassified","Single carriageway",30,"Unclassified","Not a Pedestrian","Not a Pedestrian",430804,435345,"E01011360",4,"T or staggered junction","Daylight","Fine no high winds","Dry","Car occupant"
"9626","2017134BD0700",2017-11-13,2017,"Nov",13,"12:15",12,15,"Monday","Slight",1,"Slight","Car occupant","Driver or rider","Male",44,"A","Single carriageway",30,NA,"Not a Pedestrian","Not a Pedestrian",440964,432078,"E01011405",1,"Not at junction or within 20 metres","Daylight","Fine no high winds","Dry","Car occupant"
"9627","2017134BD2069",2017-11-13,2017,"Nov",13,"15:30",15,30,"Monday","Serious",1,"Serious","Bus or coach occupant (17 or more pass seats)","Passenger","Female",90,"A","Single carriageway",30,"Unclassified","Not a Pedestrian","Not a Pedestrian",431021,440305,"E01011563",2,"T or staggered junction","Daylight","Fine no high winds","Dry","Bus and goods vehicle occupant"
"9628","2017134BD1260",2017-11-13,2017,"Nov",13,"16:14",16,14,"Monday","Slight",2,"Slight","Pedestrian","Pedestrian","Female",42,"Unclassified","Single carriageway",30,"Unclassified","Crossing on pedestrian crossing facility","Crossing from driver's nearside",429930,427470,"E01011497",1,"T or staggered junction","Darkness - lights lit","Fine no high winds","Dry","Pedestrian"
"9629","2017134BD1260",2017-11-13,2017,"Nov",13,"16:14",16,14,"Monday","Slight",2,"Slight","Pedestrian","Pedestrian","Female",7,"Unclassified","Single carriageway",30,"Unclassified","Crossing on pedestrian crossing facility","Crossing from driver's nearside",429930,427470,"E01011497",1,"T or staggered junction","Darkness - lights lit","Fine no high winds","Dry","Pedestrian"
"9630","2017134BD1357",2017-11-13,2017,"Nov",13,"17:00",17,0,"Monday","Slight",1,"Slight","Bus or coach occupant (17 or more pass seats)","Passenger","Female",31,"Unclassified","Single carriageway",30,"Unclassified","Not a Pedestrian","Not a Pedestrian",430268,434077,"E01033010",2,"T or staggered junction","Darkness - lights lit","Fine no high winds","Dry","Bus and goods vehicle occupant"
"9631","2017134BD1524",2017-11-13,2017,"Nov",13,"18:00",18,0,"Monday","Slight",1,"Slight","Car occupant","Driver or rider","Female",20,"Motorway","Dual carriageway",70,NA,"Not a Pedestrian","Not a Pedestrian",430126,424015,"E01011536",2,"Not at junction or within 20 metres","Darkness - lighting unknown","Fine no high winds","Wet or damp","Car occupant"
"9632","2017134BD1643",2017-11-13,2017,"Nov",13,"18:30",18,30,"Monday","Slight",3,"Slight","Car occupant","Driver or rider","Male",31,"Motorway","Slip road",70,"Motorway","Not a Pedestrian","Not a Pedestrian",432318,426993,"E01032496",2,"Slip road","Darkness - lights lit","Fine no high winds","Dry","Car occupant"
"9633","2017134BD1643",2017-11-13,2017,"Nov",13,"18:30",18,30,"Monday","Slight",3,"Slight","Car occupant","Passenger","Female",29,"Motorway","Slip road",70,"Motorway","Not a Pedestrian","Not a Pedestrian",432318,426993,"E01032496",2,"Slip road","Darkness - lights lit","Fine no high winds","Dry","Car occupant"
"9634","2017134BD1643",2017-11-13,2017,"Nov",13,"18:30",18,30,"Monday","Slight",3,"Slight","Car occupant","Passenger","Male",7,"Motorway","Slip road",70,"Motorway","Not a Pedestrian","Not a Pedestrian",432318,426993,"E01032496",2,"Slip road","Darkness - lights lit","Fine no high winds","Dry","Car occupant"
"9635","2017134BE1431",2017-11-14,2017,"Nov",14,"17:28",17,28,"Tuesday","Slight",1,"Slight","Car occupant","Driver or rider","Male",53,"A","Dual carriageway",40,NA,"Not a Pedestrian","Not a Pedestrian",432390,433693,"E01011618",3,"Not at junction or within 20 metres","Darkness - lights lit","Fine no high winds","Wet or damp","Car occupant"
"9636","2017134BF0300",2017-11-15,2017,"Nov",15,"08:05",8,5,"Wednesday","Slight",1,"Slight","Cyclist","Driver or rider","Male",60,"Unclassified","One way street",30,"Unclassified","Not a Pedestrian","Not a Pedestrian",430849,435450,"E01011360",2,"T or staggered junction","Daylight","Fine no high winds","Wet or damp","Cyclist"
"9637","2017134BF0346",2017-11-15,2017,"Nov",15,"08:50",8,50,"Wednesday","Slight",1,"Slight","Car occupant","Driver or rider","Female",33,"B","Single carriageway",30,NA,"Not a Pedestrian","Not a Pedestrian",427200,435730,"E01032945",2,"Not at junction or within 20 metres","Daylight","Fine no high winds","Wet or damp","Car occupant"
"9638","2017134BF0752",2017-11-15,2017,"Nov",15,"09:15",9,15,"Wednesday","Slight",1,"Slight","Cyclist","Driver or rider","Female",30,"A","Single carriageway",40,"Unclassified","Not a Pedestrian","Not a Pedestrian",430592,424872,"E01011537",2,"Private drive or entrance","Daylight","Fine no high winds","Dry","Cyclist"
"9639","2017134BF0801",2017-11-15,2017,"Nov",15,"10:01",10,1,"Wednesday","Slight",1,"Slight","Cyclist","Driver or rider","Female",21,"A","Single carriageway",30,"Unclassified","Not a Pedestrian","Not a Pedestrian",428952,435475,"E01011443",2,"Crossroads","Daylight","Fine no high winds","Dry","Cyclist"
"9640","2017134BF0116",2017-11-15,2017,"Nov",15,"22:44",22,44,"Wednesday","Slight",1,"Slight","Car occupant","Driver or rider","Male",22,"Unclassified","Single carriageway",30,NA,"Not a Pedestrian","Not a Pedestrian",429294,435212,"E01033005",1,"Not at junction or within 20 metres","Darkness - lights lit","Raining no high winds","Wet or damp","Car occupant"
"9641","2017134BG0830",2017-11-16,2017,"Nov",16,"08:30",8,30,"Thursday","Slight",2,"Slight","Car occupant","Driver or rider","Female",19,"A","Roundabout",40,"Unclassified","Not a Pedestrian","Not a Pedestrian",428269,429592,"E01011531",2,"Roundabout","Daylight","Fine no high winds","Dry","Car occupant"
"9642","2017134BG0830",2017-11-16,2017,"Nov",16,"08:30",8,30,"Thursday","Slight",2,"Slight","Car occupant","Passenger","Female",19,"A","Roundabout",40,"Unclassified","Not a Pedestrian","Not a Pedestrian",428269,429592,"E01011531",2,"Roundabout","Daylight","Fine no high winds","Dry","Car occupant"
"9643","2017134BG0562",2017-11-16,2017,"Nov",16,"10:05",10,5,"Thursday","Slight",1,"Slight","Car occupant","Driver or rider","Female",50,"Unclassified","Single carriageway",40,NA,"Not a Pedestrian","Not a Pedestrian",430945,435944,"E01011357",2,"Not at junction or within 20 metres","Daylight","Fine no high winds","Wet or damp","Car occupant"
"9644","2017134BG0465",2017-11-16,2017,"Nov",16,"16:11",16,11,"Thursday","Serious",1,"Serious","Cyclist","Driver or rider","Female",57,"Unclassified","Single carriageway",30,"A","Not a Pedestrian","Not a Pedestrian",428718,435616,"E01032946",2,"T or staggered junction","Daylight","Fine no high winds","Wet or damp","Cyclist"
"9645","2017134BH0349",2017-11-17,2017,"Nov",17,"08:15",8,15,"Friday","Slight",1,"Slight","Pedestrian","Pedestrian","Male",10,"A","Dual carriageway",40,NA,"Crossing on pedestrian crossing facility","Crossing from driver's nearside",420645,434364,"E01011595",1,"Not at junction or within 20 metres","Daylight","Fine no high winds","Dry","Pedestrian"
"9646","2017134BH0534",2017-11-17,2017,"Nov",17,"10:35",10,35,"Friday","Slight",1,"Slight","Pedestrian","Pedestrian","Male",86,"Unclassified","Single carriageway",20,NA,"In carriageway, crossing elsewhere","Crossing from offside - masked by  parked or stationary vehicle",433882,436479,"E01011421",1,"Not at junction or within 20 metres","Daylight","Fine no high winds","Dry","Pedestrian"
"9647","2017134BH1343",2017-11-17,2017,"Nov",17,"16:30",16,30,"Friday","Slight",1,"Slight","Car occupant","Driver or rider","Male",41,"A","Dual carriageway",40,"Unclassified","Not a Pedestrian","Not a Pedestrian",430344,435929,"E01011358",2,"T or staggered junction","Darkness - lights lit","Fine no high winds","Dry","Car occupant"
"9648","2017134BH1532",2017-11-17,2017,"Nov",17,"17:56",17,56,"Friday","Slight",1,"Slight","Car occupant","Driver or rider","Male",47,"B","Single carriageway",30,"Unclassified","Not a Pedestrian","Not a Pedestrian",432725,434477,"E01011347",2,"T or staggered junction","Darkness - lights lit","Fine no high winds","Dry","Car occupant"
"9649","2017134BJ0566",2017-11-17,2017,"Nov",17,"18:35",18,35,"Friday","Slight",2,"Slight","Bus or coach occupant (17 or more pass seats)","Passenger","Female",53,"Unclassified","Single carriageway",30,"Unclassified","Not a Pedestrian","Not a Pedestrian",430439,437713,"E01011351",2,"T or staggered junction","Darkness - lights lit","Fine no high winds","Dry","Bus and goods vehicle occupant"
"9650","2017134BJ0566",2017-11-17,2017,"Nov",17,"18:35",18,35,"Friday","Slight",2,"Slight","Bus or coach occupant (17 or more pass seats)","Passenger","Female",55,"Unclassified","Single carriageway",30,"Unclassified","Not a Pedestrian","Not a Pedestrian",430439,437713,"E01011351",2,"T or staggered junction","Darkness - lights lit","Fine no high winds","Dry","Bus and goods vehicle occupant"
"9651","2017134BH2132",2017-11-17,2017,"Nov",17,"20:20",20,20,"Friday","Slight",1,"Slight","Cyclist","Driver or rider","Female",19,"A","Single carriageway",30,NA,"Not a Pedestrian","Not a Pedestrian",439186,426600,"E01011393",2,"Not at junction or within 20 metres","Darkness - lights lit","Fine no high winds","Wet or damp","Cyclist"
"9652","2017134BI0718",2017-11-18,2017,"Nov",18,"11:10",11,10,"Saturday","Slight",2,"Slight","Van / Goods vehicle (3.5 tonnes mgw or under) occupant","Driver or rider","Male",48,"Motorway","Dual carriageway",70,NA,"Not a Pedestrian","Not a Pedestrian",428279,426417,"E01011538",2,"Not at junction or within 20 metres","Daylight","Fine no high winds","Dry","Bus and goods vehicle occupant"
"9653","2017134BI0718",2017-11-18,2017,"Nov",18,"11:10",11,10,"Saturday","Slight",2,"Slight","Van / Goods vehicle (3.5 tonnes mgw or under) occupant","Passenger","Male",36,"Motorway","Dual carriageway",70,NA,"Not a Pedestrian","Not a Pedestrian",428279,426417,"E01011538",2,"Not at junction or within 20 metres","Daylight","Fine no high winds","Dry","Bus and goods vehicle occupant"