"","accident_index","date","year","month","day","time","time_hour","time_minute","day_of_week","accident_severity","number_of_casualties","casualty_severity","casualty_type","casualty_class","sex_of_casualty","age_of_casualty","first_road_class","road_type","speed_limit","second_road_class","pedestrian_location","pedestrian_movement","location_easting_osgr","location_northing_osgr","lsoa_of_accident_location","number_of_vehicles","junction_detail","light_conditions","weather_conditions","road_surface_conditions","cas_type"
"9654","2017134BS1020",2017-11-18,2017,"Nov",18,"14:00",14,0,"Saturday","Slight",1,"Slight","Car occupant","Driver or rider","Female",51,"A","Single carriageway",40,NA,"Not a Pedestrian","Not a Pedestrian",428933,425984,"E01011538",4,"Not at junction or within 20 metres","Daylight","Fine no high winds","Dry","Car occupant"
"9655","2017134BI1118",2017-11-18,2017,"Nov",18,"14:49",14,49,"Saturday","Slight",1,"Slight","Car occupant","Driver or rider","Male",51,"Unclassified","Single carriageway",30,NA,"Not a Pedestrian","Not a Pedestrian",431160,434456,"E01033031",3,"Not at junction or within 20 metres","Daylight","Fine no high winds","Dry","Car occupant"
"9656","2017134BI1397",2017-11-18,2017,"Nov",18,"16:57",16,57,"Saturday","Slight",1,"Slight","Car occupant","Driver or rider","Female",32,"Unclassified","Single carriageway",30,NA,"Not a Pedestrian","Not a Pedestrian",422325,432241,"E01011603",2,"Not at junction or within 20 metres","Darkness - lights lit","Fine no high winds","Dry","Car occupant"
"9657","2017134BI1401",2017-11-18,2017,"Nov",18,"17:00",17,0,"Saturday","Slight",2,"Slight","Car occupant","Driver or rider","Male",62,"Unclassified","One way street",30,"Unclassified","Not a Pedestrian","Not a Pedestrian",430258,433237,"E01033016",3,"Crossroads","Darkness - lights lit","Fine no high winds","Dry","Car occupant"
"9658","2017134BI1401",2017-11-18,2017,"Nov",18,"17:00",17,0,"Saturday","Slight",2,"Slight","Car occupant","Passenger","Female",35,"Unclassified","One way street",30,"Unclassified","Not a Pedestrian","Not a Pedestrian",430258,433237,"E01033016",3,"Crossroads","Darkness - lights lit","Fine no high winds","Dry","Car occupant"
"9659","2017134BI1816",2017-11-18,2017,"Nov",18,"20:13",20,13,"Saturday","Serious",1,"Serious","Motorcycle 50cc and under rider or passenger","Driver or rider","Male",16,"Unclassified","Single carriageway",30,"Unclassified","Not a Pedestrian","Not a Pedestrian",426948,433435,"E01011292",2,"T or staggered junction","Darkness - lights lit","Other","Wet or damp","Motorcyclist and pillion"
"9660","2017134BJ1152",2017-11-19,2017,"Nov",19,"06:30",6,30,"Sunday","Serious",1,"Serious","Car occupant","Driver or rider","Male",42,"Motorway","Dual carriageway",60,NA,"Not a Pedestrian","Not a Pedestrian",434482,425882,"E01011634",2,"Not at junction or within 20 metres","Darkness - lighting unknown","Fine no high winds","Dry","Car occupant"
"9661","2017134BJ1042",2017-11-19,2017,"Nov",19,"14:51",14,51,"Sunday","Serious",2,"Serious","Motorcycle over 500cc rider or passenger","Driver or rider","Male",22,"A","Single carriageway",60,"Unclassified","Not a Pedestrian","Not a Pedestrian",422280,436817,"E01011589",2,"T or staggered junction","Daylight","Fine no high winds","Dry","Motorcyclist and pillion"
"9662","2017134BJ1042",2017-11-19,2017,"Nov",19,"14:51",14,51,"Sunday","Serious",2,"Slight","Car occupant","Driver or rider","Female",51,"A","Single carriageway",60,"Unclassified","Not a Pedestrian","Not a Pedestrian",422280,436817,"E01011589",2,"T or staggered junction","Daylight","Fine no high winds","Dry","Car occupant"
"9663","2017134BJ0021",2017-11-19,2017,"Nov",19,"21:45",21,45,"Sunday","Serious",1,"Serious","Pedestrian","Pedestrian","Male",34,"Unclassified","One way street",30,NA,"Crossing on pedestrian crossing facility","Crossing from driver's offside",430012,433298,"E01033010",1,"Not at junction or within 20 metres","Darkness - lights lit","Fine no high winds","Dry","Pedestrian"
"9664","2017134BK0584",2017-11-20,2017,"Nov",20,"09:45",9,45,"Monday","Slight",1,"Slight","Cyclist","Driver or rider","Female",30,"Unclassified","Single carriageway",30,"Unclassified","Not a Pedestrian","Not a Pedestrian",429038,434552,"E01033006",2,"T or staggered junction","Daylight","Fine no high winds","Dry","Cyclist"
"9665","2017134BK0701",2017-11-20,2017,"Nov",20,"12:50",12,50,"Monday","Slight",1,"Slight","Motorcycle over 125cc and up to 500cc rider or  passenger","Driver or rider","Male",21,"Unclassified","One way street",20,"Unclassified","Not a Pedestrian","Not a Pedestrian",432041,434987,"E01011434",2,"T or staggered junction","Daylight","Raining no high winds","Wet or damp","Motorcyclist and pillion"
"9666","2017134BK1204",2017-11-20,2017,"Nov",20,"16:12",16,12,"Monday","Slight",1,"Slight","Car occupant","Driver or rider","Female",79,"A(M)","Dual carriageway",70,NA,"Not a Pedestrian","Not a Pedestrian",444729,433381,"E01011297",4,"Not at junction or within 20 metres","Darkness - no lighting","Fine no high winds","Dry","Car occupant"
"9667","2017134BL0242",2017-11-21,2017,"Nov",21,"06:50",6,50,"Tuesday","Serious",1,"Serious","Pedestrian","Pedestrian","Female",58,"A","Single carriageway",30,"Unclassified","In carriageway, crossing elsewhere","Crossing from driver's offside",427997,436017,"E01011440",1,"T or staggered junction","Darkness - lights lit","Raining no high winds","Wet or damp","Pedestrian"
"9668","2017134BL1092",2017-11-21,2017,"Nov",21,"15:19",15,19,"Tuesday","Slight",1,"Slight","Pedestrian","Pedestrian","Male",11,"Unclassified","Single carriageway",20,NA,"Crossing elsewhere within 50m. of pedestrian crossing","Crossing from driver's nearside",431649,437457,"E01011504",1,"Not at junction or within 20 metres","Daylight","Fine no high winds","Dry","Pedestrian"
"9669","2017134BL1251",2017-11-21,2017,"Nov",21,"16:18",16,18,"Tuesday","Slight",2,"Slight","Pedestrian","Pedestrian","Female",13,"A","Dual carriageway",40,NA,"In carriageway, crossing elsewhere","Unknown or other",429017,435408,"E01033005",1,"Not at junction or within 20 metres","Darkness - lights lit","Fine no high winds","Dry","Pedestrian"
"9670","2017134BL1251",2017-11-21,2017,"Nov",21,"16:18",16,18,"Tuesday","Slight",2,"Slight","Pedestrian","Pedestrian","Female",14,"A","Dual carriageway",40,NA,"In carriageway, crossing elsewhere","Crossing from offside - masked by  parked or stationary vehicle",429017,435408,"E01033005",1,"Not at junction or within 20 metres","Darkness - lights lit","Fine no high winds","Dry","Pedestrian"
"9671","2017134BM0661",2017-11-21,2017,"Nov",21,"16:30",16,30,"Tuesday","Slight",1,"Slight","Car occupant","Driver or rider","Male",33,"Motorway","Dual carriageway",70,NA,"Not a Pedestrian","Not a Pedestrian",426553,426001,"E01011550",2,"Not at junction or within 20 metres","Darkness - lights lit","Fine no high winds","Dry","Car occupant"
"9672","2017134BL1306",2017-11-21,2017,"Nov",21,"16:35",16,35,"Tuesday","Slight",1,"Slight","Cyclist","Driver or rider","Male",51,"Unclassified","One way street",30,"A","Not a Pedestrian","Not a Pedestrian",430702,434593,"E01011671",2,"Crossroads","Darkness - lights lit","Fine no high winds","Dry","Cyclist"
"9673","2017134BL1597",2017-11-21,2017,"Nov",21,"18:40",18,40,"Tuesday","Slight",1,"Slight","Motorcycle over 500cc rider or passenger","Driver or rider","Male",55,"Motorway","Dual carriageway",50,NA,"Not a Pedestrian","Not a Pedestrian",430460,431129,"E01011312",2,"Not at junction or within 20 metres","Darkness - lights lit","Fine no high winds","Wet or damp","Motorcyclist and pillion"
"9674","2017134BL2032",2017-11-21,2017,"Nov",21,"22:19",22,19,"Tuesday","Slight",1,"Slight","Motorcycle over 125cc and up to 500cc rider or  passenger","Driver or rider","Male",48,"Unclassified","Single carriageway",30,NA,"Not a Pedestrian","Not a Pedestrian",423470,437724,"E01011465",1,"Not at junction or within 20 metres","Darkness - lights lit","Fine no high winds","Dry","Motorcyclist and pillion"
"9675","2017134BM0425",2017-11-22,2017,"Nov",22,"09:45",9,45,"Wednesday","Slight",1,"Slight","Car occupant","Driver or rider","Male",51,"Unclassified","Single carriageway",30,NA,"Not a Pedestrian","Not a Pedestrian",431095,432028,"E01011467",2,"Not at junction or within 20 metres","Daylight","Fine no high winds","Dry","Car occupant"
"9676","2017134BM0825",2017-11-22,2017,"Nov",22,"13:17",13,17,"Wednesday","Slight",1,"Slight","Motorcycle over 125cc and up to 500cc rider or  passenger","Driver or rider","Male",20,"A","Single carriageway",30,"Unclassified","Not a Pedestrian","Not a Pedestrian",424288,428337,"E01011523",2,"T or staggered junction","Daylight","Fine no high winds","Dry","Motorcyclist and pillion"
"9677","2017134BM1543",2017-11-22,2017,"Nov",22,"15:50",15,50,"Wednesday","Serious",1,"Serious","Bus or coach occupant (17 or more pass seats)","Passenger","Male",49,"A","Single carriageway",30,"Unclassified","Not a Pedestrian","Not a Pedestrian",429758,434503,"E01033005",2,"Crossroads","Darkness - lighting unknown","Raining no high winds","Wet or damp","Bus and goods vehicle occupant"
"9678","2017134BM1982",2017-11-22,2017,"Nov",22,"21:40",21,40,"Wednesday","Slight",1,"Slight","Car occupant","Driver or rider","Male",24,"A","Single carriageway",30,"B","Not a Pedestrian","Not a Pedestrian",426281,435583,"E01011488",2,"Crossroads","Darkness - lights lit","Other","Wet or damp","Car occupant"
"9679","2017134BN0181",2017-11-23,2017,"Nov",23,"04:24",4,24,"Thursday","Slight",2,"Slight","Van / Goods vehicle (3.5 tonnes mgw or under) occupant","Driver or rider","Male",24,"Unclassified","Single carriageway",30,"Unclassified","Not a Pedestrian","Not a Pedestrian",419822,441199,"E01011275",2,"T or staggered junction","Darkness - lights lit","Raining + high winds","Wet or damp","Bus and goods vehicle occupant"
"9680","2017134BN0181",2017-11-23,2017,"Nov",23,"04:24",4,24,"Thursday","Slight",2,"Slight","Taxi/Private hire car occupant","Driver or rider","Male",47,"Unclassified","Single carriageway",30,"Unclassified","Not a Pedestrian","Not a Pedestrian",419822,441199,"E01011275",2,"T or staggered junction","Darkness - lights lit","Raining + high winds","Wet or damp","Car occupant"
"9681","2017134BN0347",2017-11-23,2017,"Nov",23,"07:30",7,30,"Thursday","Slight",2,"Slight","Car occupant","Driver or rider","Female",31,"Unclassified","Single carriageway",30,"A","Not a Pedestrian","Not a Pedestrian",435726,436940,"E01011720",2,"T or staggered junction","Darkness - lighting unknown","Fine no high winds","Wet or damp","Car occupant"
"9682","2017134BN0347",2017-11-23,2017,"Nov",23,"07:30",7,30,"Thursday","Slight",2,"Slight","Car occupant","Passenger","Male",8,"Unclassified","Single carriageway",30,"A","Not a Pedestrian","Not a Pedestrian",435726,436940,"E01011720",2,"T or staggered junction","Darkness - lighting unknown","Fine no high winds","Wet or damp","Car occupant"
"9683","2017134BN0509",2017-11-23,2017,"Nov",23,"10:12",10,12,"Thursday","Slight",1,"Slight","Pedestrian","Pedestrian","Female",23,"Unclassified","Single carriageway",30,NA,"In carriageway, crossing elsewhere","Crossing from driver's offside",431891,434897,"E01011677",1,"Not at junction or within 20 metres","Daylight","Fine no high winds","Dry","Pedestrian"
"9684","2017134BN1065",2017-11-23,2017,"Nov",23,"15:28",15,28,"Thursday","Slight",1,"Slight","Pedestrian","Pedestrian","Male",15,"Unclassified","Single carriageway",30,NA,"In carriageway, crossing elsewhere","Crossing from driver's nearside",428465,425662,"E01011549",1,"Not at junction or within 20 metres","Daylight","Raining no high winds","Wet or damp","Pedestrian"
"9685","2017134BN1169",2017-11-23,2017,"Nov",23,"16:13",16,13,"Thursday","Slight",2,"Slight","Car occupant","Passenger","Female",12,"A","Dual carriageway",30,"Unclassified","Not a Pedestrian","Not a Pedestrian",431443,432718,"E01011626",2,"Crossroads","Darkness - lights lit","Raining no high winds","Wet or damp","Car occupant"
"9686","2017134BN1169",2017-11-23,2017,"Nov",23,"16:13",16,13,"Thursday","Slight",2,"Slight","Car occupant","Passenger","Female",36,"A","Dual carriageway",30,"Unclassified","Not a Pedestrian","Not a Pedestrian",431443,432718,"E01011626",2,"Crossroads","Darkness - lights lit","Raining no high winds","Wet or damp","Car occupant"
"9687","2017134BN1308",2017-11-23,2017,"Nov",23,"17:00",17,0,"Thursday","Slight",3,"Slight","Car occupant","Driver or rider","Male",24,"A","Single carriageway",30,"Unclassified","Not a Pedestrian","Not a Pedestrian",427779,431697,"E01011362",3,"T or staggered junction","Darkness - lights lit","Raining + high winds","Wet or damp","Car occupant"
"9688","2017134BN1308",2017-11-23,2017,"Nov",23,"17:00",17,0,"Thursday","Slight",3,"Slight","Car occupant","Passenger","Female",19,"A","Single carriageway",30,"Unclassified","Not a Pedestrian","Not a Pedestrian",427779,431697,"E01011362",3,"T or staggered junction","Darkness - lights lit","Raining + high winds","Wet or damp","Car occupant"
"9689","2017134BN1308",2017-11-23,2017,"Nov",23,"17:00",17,0,"Thursday","Slight",3,"Slight","Car occupant","Driver or rider","Male",20,"A","Single carriageway",30,"Unclassified","Not a Pedestrian","Not a Pedestrian",427779,431697,"E01011362",3,"T or staggered junction","Darkness - lights lit","Raining + high winds","Wet or damp","Car occupant"
"9690","2017134BN1518",2017-11-23,2017,"Nov",23,"18:35",18,35,"Thursday","Slight",1,"Slight","Car occupant","Driver or rider","Female",54,"A","Dual carriageway",40,"Unclassified","Not a Pedestrian","Not a Pedestrian",427732,425810,"E01011548",2,"Crossroads","Darkness - lights lit","Fine no high winds","Wet or damp","Car occupant"
"9691","2017134BO0388",2017-11-24,2017,"Nov",24,"07:20",7,20,"Friday","Serious",1,"Serious","Pedestrian","Pedestrian","Female",54,"Unclassified","Single carriageway",30,"A","In carriageway, crossing elsewhere","Crossing from driver's offside",426867,437526,"E01011685",1,"Roundabout","Darkness - lights lit","Fine no high winds","Dry","Pedestrian"
"9692","2017134BO0360",2017-11-24,2017,"Nov",24,"08:05",8,5,"Friday","Slight",1,"Slight","Pedestrian","Pedestrian","Female",12,"Unclassified","Single carriageway",30,"Unclassified","In carriageway, crossing elsewhere","Crossing from driver's nearside",426377,437875,"E01011687",1,"Crossroads","Daylight","Fine no high winds","Frost or ice","Pedestrian"
"9693","2017134BO0397",2017-11-24,2017,"Nov",24,"08:18",8,18,"Friday","Slight",1,"Slight","Cyclist","Driver or rider","Female",27,"A","Single carriageway",30,"Unclassified","Not a Pedestrian","Not a Pedestrian",427713,434458,"E01011483",2,"T or staggered junction","Daylight","Fine no high winds","Frost or ice","Cyclist"
"9694","2017134BO0479",2017-11-24,2017,"Nov",24,"09:25",9,25,"Friday","Slight",1,"Slight","Car occupant","Driver or rider","Female",28,"Unclassified","Single carriageway",30,"Unclassified","Not a Pedestrian","Not a Pedestrian",429617,430946,"E01011312",2,"T or staggered junction","Daylight","Fine no high winds","Wet or damp","Car occupant"
"9695","2017134BO0483",2017-11-24,2017,"Nov",24,"09:30",9,30,"Friday","Slight",1,"Slight","Motorcycle 125cc and under rider or passenger","Driver or rider","Male",18,"A","Single carriageway",40,"Unclassified","Not a Pedestrian","Not a Pedestrian",424880,443542,"E01032503",2,"T or staggered junction","Daylight","Fine no high winds","Dry","Motorcyclist and pillion"
"9696","2017134BO0623",2017-11-24,2017,"Nov",24,"10:50",10,50,"Friday","Slight",4,"Slight","Car occupant","Driver or rider","Male",31,"B","Dual carriageway",40,"Unclassified","Not a Pedestrian","Not a Pedestrian",434416,433751,"E01011341",2,"T or staggered junction","Daylight","Fine no high winds","Dry","Car occupant"
"9697","2017134BO0623",2017-11-24,2017,"Nov",24,"10:50",10,50,"Friday","Slight",4,"Slight","Car occupant","Passenger","Female",30,"B","Dual carriageway",40,"Unclassified","Not a Pedestrian","Not a Pedestrian",434416,433751,"E01011341",2,"T or staggered junction","Daylight","Fine no high winds","Dry","Car occupant"
"9698","2017134BO0623",2017-11-24,2017,"Nov",24,"10:50",10,50,"Friday","Slight",4,"Slight","Car occupant","Driver or rider","Female",61,"B","Dual carriageway",40,"Unclassified","Not a Pedestrian","Not a Pedestrian",434416,433751,"E01011341",2,"T or staggered junction","Daylight","Fine no high winds","Dry","Car occupant"
"9699","2017134BO0623",2017-11-24,2017,"Nov",24,"10:50",10,50,"Friday","Slight",4,"Slight","Car occupant","Passenger","Male",64,"B","Dual carriageway",40,"Unclassified","Not a Pedestrian","Not a Pedestrian",434416,433751,"E01011341",2,"T or staggered junction","Daylight","Fine no high winds","Dry","Car occupant"
"9700","2017134BO0804",2017-11-24,2017,"Nov",24,"12:30",12,30,"Friday","Serious",1,"Serious","Cyclist","Driver or rider","Male",43,"Unclassified","Single carriageway",30,"Unclassified","Not a Pedestrian","Not a Pedestrian",445194,446987,"E01011697",2,"T or staggered junction","Daylight","Fine no high winds","Wet or damp","Cyclist"
"9701","2017134BO1217",2017-11-24,2017,"Nov",24,"15:45",15,45,"Friday","Slight",2,"Slight","Car occupant","Driver or rider","Female",52,"Unclassified","Single carriageway",30,"Unclassified","Not a Pedestrian","Not a Pedestrian",432255,438652,"E01011653",2,"Crossroads","Daylight","Fine no high winds","Wet or damp","Car occupant"
"9702","2017134BO1217",2017-11-24,2017,"Nov",24,"15:45",15,45,"Friday","Slight",2,"Slight","Car occupant","Driver or rider","Male",55,"Unclassified","Single carriageway",30,"Unclassified","Not a Pedestrian","Not a Pedestrian",432255,438652,"E01011653",2,"Crossroads","Daylight","Fine no high winds","Wet or damp","Car occupant"
"9703","2017134BO1424",2017-11-24,2017,"Nov",24,"17:14",17,14,"Friday","Slight",1,"Slight","Motorcycle 125cc and under rider or passenger","Driver or rider","Male",21,"Unclassified","Single carriageway",30,"B","Not a Pedestrian","Not a Pedestrian",427518,435873,"E01032945",2,"T or staggered junction","Darkness - lights lit","Raining no high winds","Wet or damp","Motorcyclist and pillion"
"9704","2017134BO2064",2017-11-24,2017,"Nov",24,"17:15",17,15,"Friday","Slight",1,"Slight","Car occupant","Driver or rider","Female",82,"A","Dual carriageway",70,"A","Not a Pedestrian","Not a Pedestrian",430773,439192,"E01011512",3,"Roundabout","Darkness - lighting unknown","Snowing + high winds","Wet or damp","Car occupant"
"9705","2017134BO1433",2017-11-24,2017,"Nov",24,"17:23",17,23,"Friday","Serious",1,"Serious","Cyclist","Driver or rider","Male",36,"A","Single carriageway",30,"Unclassified","Not a Pedestrian","Not a Pedestrian",420930,439495,"E01011580",2,"T or staggered junction","Darkness - lights lit","Raining no high winds","Wet or damp","Cyclist"
"9706","2017134BT0736",2017-11-24,2017,"Nov",24,"22:15",22,15,"Friday","Slight",2,"Slight","Car occupant","Driver or rider","Male",28,"Unclassified","Single carriageway",50,NA,"Not a Pedestrian","Not a Pedestrian",437769,427517,"E01011636",2,"Not at junction or within 20 metres","Darkness - lights lit","Fine no high winds","Dry","Car occupant"
"9707","2017134BT0736",2017-11-24,2017,"Nov",24,"22:15",22,15,"Friday","Slight",2,"Slight","Car occupant","Passenger","Male",27,"Unclassified","Single carriageway",50,NA,"Not a Pedestrian","Not a Pedestrian",437769,427517,"E01011636",2,"Not at junction or within 20 metres","Darkness - lights lit","Fine no high winds","Dry","Car occupant"
"9708","2017134BP0140",2017-11-25,2017,"Nov",25,"00:30",0,30,"Saturday","Slight",1,"Slight","Pedestrian","Pedestrian","Male",24,"Unclassified","Single carriageway",30,NA,"In carriageway, crossing elsewhere","Unknown or other",430784,433454,"E01033011",1,"Not at junction or within 20 metres","Darkness - lighting unknown","Fine no high winds","Dry","Pedestrian"
"9709","2017134BP0594",2017-11-25,2017,"Nov",25,"10:35",10,35,"Saturday","Slight",1,"Slight","Pedestrian","Pedestrian","Male",86,"Unclassified","One way street",20,"Unclassified","In carriageway, crossing elsewhere","Crossing from driver's offside",420199,445711,"E01011569",1,"T or staggered junction","Daylight","Fine no high winds","Wet or damp","Pedestrian"
"9710","2017134BP1386",2017-11-25,2017,"Nov",25,"16:00",16,0,"Saturday","Slight",7,"Slight","Bus or coach occupant (17 or more pass seats)","Driver or rider","Male",45,"Unclassified","Single carriageway",30,NA,"Not a Pedestrian","Not a Pedestrian",427624,434757,"E01011482",2,"Not at junction or within 20 metres","Daylight","Fine no high winds","Dry","Bus and goods vehicle occupant"
"9711","2017134BP1386",2017-11-25,2017,"Nov",25,"16:00",16,0,"Saturday","Slight",7,"Slight","Bus or coach occupant (17 or more pass seats)","Passenger","Female",30,"Unclassified","Single carriageway",30,NA,"Not a Pedestrian","Not a Pedestrian",427624,434757,"E01011482",2,"Not at junction or within 20 metres","Daylight","Fine no high winds","Dry","Bus and goods vehicle occupant"
"9712","2017134BP1386",2017-11-25,2017,"Nov",25,"16:00",16,0,"Saturday","Slight",7,"Slight","Bus or coach occupant (17 or more pass seats)","Passenger","Female",24,"Unclassified","Single carriageway",30,NA,"Not a Pedestrian","Not a Pedestrian",427624,434757,"E01011482",2,"Not at junction or within 20 metres","Daylight","Fine no high winds","Dry","Bus and goods vehicle occupant"
"9713","2017134BP1386",2017-11-25,2017,"Nov",25,"16:00",16,0,"Saturday","Slight",7,"Slight","Bus or coach occupant (17 or more pass seats)","Passenger","Female",35,"Unclassified","Single carriageway",30,NA,"Not a Pedestrian","Not a Pedestrian",427624,434757,"E01011482",2,"Not at junction or within 20 metres","Daylight","Fine no high winds","Dry","Bus and goods vehicle occupant"
"9714","2017134BP1386",2017-11-25,2017,"Nov",25,"16:00",16,0,"Saturday","Slight",7,"Slight","Bus or coach occupant (17 or more pass seats)","Passenger","Male",48,"Unclassified","Single carriageway",30,NA,"Not a Pedestrian","Not a Pedestrian",427624,434757,"E01011482",2,"Not at junction or within 20 metres","Daylight","Fine no high winds","Dry","Bus and goods vehicle occupant"
"9715","2017134BP1386",2017-11-25,2017,"Nov",25,"16:00",16,0,"Saturday","Slight",7,"Slight","Bus or coach occupant (17 or more pass seats)","Passenger","Female",44,"Unclassified","Single carriageway",30,NA,"Not a Pedestrian","Not a Pedestrian",427624,434757,"E01011482",2,"Not at junction or within 20 metres","Daylight","Fine no high winds","Dry","Bus and goods vehicle occupant"
"9716","2017134BP1386",2017-11-25,2017,"Nov",25,"16:00",16,0,"Saturday","Slight",7,"Slight","Bus or coach occupant (17 or more pass seats)","Passenger","Female",37,"Unclassified","Single carriageway",30,NA,"Not a Pedestrian","Not a Pedestrian",427624,434757,"E01011482",2,"Not at junction or within 20 metres","Daylight","Fine no high winds","Dry","Bus and goods vehicle occupant"
"9717","2017134BR0470",2017-11-25,2017,"Nov",25,"16:00",16,0,"Saturday","Slight",1,"Slight","Car occupant","Driver or rider","Female",60,"A(M)","Slip road",70,"Unclassified","Not a Pedestrian","Not a Pedestrian",441074,449559,"E01011704",2,"T or staggered junction","Daylight","Fine no high winds","Wet or damp","Car occupant"
"9718","2017134BP1626",2017-11-25,2017,"Nov",25,"16:45",16,45,"Saturday","Slight",1,"Slight","Cyclist","Driver or rider","Male",30,"Unclassified","Single carriageway",30,"Unclassified","Not a Pedestrian","Not a Pedestrian",429932,433787,"E01033010",2,"Crossroads","Darkness - lights lit","Fine no high winds","Wet or damp","Cyclist"
"9719","2017134BP1313",2017-11-25,2017,"Nov",25,"17:05",17,5,"Saturday","Serious",1,"Serious","Motorcycle 125cc and under rider or passenger","Driver or rider","Male",50,"A","Single carriageway",40,"Unclassified","Not a Pedestrian","Not a Pedestrian",433272,426150,"E01011500",2,"T or staggered junction","Darkness - lights lit","Fine no high winds","Dry","Motorcyclist and pillion"
"9720","2017134BP1439",2017-11-25,2017,"Nov",25,"17:40",17,40,"Saturday","Slight",2,"Slight","Car occupant","Driver or rider","Male",57,"A","Dual carriageway",40,NA,"Not a Pedestrian","Not a Pedestrian",429974,436547,"E01011355",2,"Not at junction or within 20 metres","Darkness - lights lit","Fine no high winds","Dry","Car occupant"
"9721","2017134BP1439",2017-11-25,2017,"Nov",25,"17:40",17,40,"Saturday","Slight",2,"Slight","Car occupant","Passenger","Female",57,"A","Dual carriageway",40,NA,"Not a Pedestrian","Not a Pedestrian",429974,436547,"E01011355",2,"Not at junction or within 20 metres","Darkness - lights lit","Fine no high winds","Dry","Car occupant"
"9722","2017134BP1533",2017-11-25,2017,"Nov",25,"18:57",18,57,"Saturday","Slight",1,"Slight","Car occupant","Passenger","Female",40,"A","Dual carriageway",30,"Unclassified","Not a Pedestrian","Not a Pedestrian",430875,434255,"E01033003",3,"Crossroads","Darkness - lights lit","Fine no high winds","Dry","Car occupant"
"9723","2017134BP1859",2017-11-25,2017,"Nov",25,"21:53",21,53,"Saturday","Fatal",6,"Serious","Car occupant","Driver or rider","Male",15,"B","Single carriageway",30,NA,"Not a Pedestrian","Not a Pedestrian",428965,437436,"E01011688",1,"Not at junction or within 20 metres","Darkness - lights lit","Fine no high winds","Wet or damp","Car occupant"
"9724","2017134BP1859",2017-11-25,2017,"Nov",25,"21:53",21,53,"Saturday","Fatal",6,"Fatal","Car occupant","Passenger","Male",24,"B","Single carriageway",30,NA,"Not a Pedestrian","Not a Pedestrian",428965,437436,"E01011688",1,"Not at junction or within 20 metres","Darkness - lights lit","Fine no high winds","Wet or damp","Car occupant"
"9725","2017134BP1859",2017-11-25,2017,"Nov",25,"21:53",21,53,"Saturday","Fatal",6,"Fatal","Car occupant","Passenger","Male",14,"B","Single carriageway",30,NA,"Not a Pedestrian","Not a Pedestrian",428965,437436,"E01011688",1,"Not at junction or within 20 metres","Darkness - lights lit","Fine no high winds","Wet or damp","Car occupant"
"9726","2017134BP1859",2017-11-25,2017,"Nov",25,"21:53",21,53,"Saturday","Fatal",6,"Fatal","Car occupant","Passenger","Male",12,"B","Single carriageway",30,NA,"Not a Pedestrian","Not a Pedestrian",428965,437436,"E01011688",1,"Not at junction or within 20 metres","Darkness - lights lit","Fine no high winds","Wet or damp","Car occupant"
"9727","2017134BP1859",2017-11-25,2017,"Nov",25,"21:53",21,53,"Saturday","Fatal",6,"Fatal","Car occupant","Passenger","Male",15,"B","Single carriageway",30,NA,"Not a Pedestrian","Not a Pedestrian",428965,437436,"E01011688",1,"Not at junction or within 20 metres","Darkness - lights lit","Fine no high winds","Wet or damp","Car occupant"
"9728","2017134BP1859",2017-11-25,2017,"Nov",25,"21:53",21,53,"Saturday","Fatal",6,"Fatal","Car occupant","Passenger","Male",24,"B","Single carriageway",30,NA,"Not a Pedestrian","Not a Pedestrian",428965,437436,"E01011688",1,"Not at junction or within 20 metres","Darkness - lights lit","Fine no high winds","Wet or damp","Car occupant"
"9729","2017134BQ0085",2017-11-26,2017,"Nov",26,"01:00",1,0,"Sunday","Slight",1,"Slight","Pedestrian","Pedestrian","Male",18,"A","Single carriageway",30,NA,"Crossing elsewhere within 50m. of pedestrian crossing","Crossing from driver's nearside",429916,434372,"E01033008",1,"Not at junction or within 20 metres","Darkness - lights lit","Fine no high winds","Wet or damp","Pedestrian"
"9730","2017134BJ0210",2017-11-26,2017,"Nov",26,"02:23",2,23,"Sunday","Serious",1,"Serious","Pedestrian","Pedestrian","Male",40,"Unclassified","Single carriageway",30,NA,"In carriageway, crossing elsewhere","Crossing from driver's offside",430007,433299,"E01033010",1,"Not at junction or within 20 metres","Darkness - lights lit","Fine no high winds","Dry","Pedestrian"
"9731","2017134BP0385",2017-11-26,2017,"Nov",26,"07:50",7,50,"Sunday","Slight",1,"Slight","Car occupant","Driver or rider","Female",21,"A","Dual carriageway",40,NA,"Not a Pedestrian","Not a Pedestrian",427356,426358,"E01032491",1,"Not at junction or within 20 metres","Daylight","Fine no high winds","Frost or ice","Car occupant"
"9732","2017134BQ0707",2017-11-26,2017,"Nov",26,"11:15",11,15,"Sunday","Serious",2,"Serious","Car occupant","Driver or rider","Male",38,"Unclassified","Single carriageway",30,NA,"Not a Pedestrian","Not a Pedestrian",428635,436496,"E01011691",3,"Not at junction or within 20 metres","Daylight","Fine no high winds","Wet or damp","Car occupant"
"9733","2017134BQ0707",2017-11-26,2017,"Nov",26,"11:15",11,15,"Sunday","Serious",2,"Slight","Car occupant","Driver or rider","Female",53,"Unclassified","Single carriageway",30,NA,"Not a Pedestrian","Not a Pedestrian",428635,436496,"E01011691",3,"Not at junction or within 20 metres","Daylight","Fine no high winds","Wet or damp","Car occupant"