"","accident_index","date","year","month","day","time","time_hour","time_minute","day_of_week","accident_severity","number_of_casualties","casualty_severity","casualty_type","casualty_class","sex_of_casualty","age_of_casualty","first_road_class","road_type","speed_limit","second_road_class","pedestrian_location","pedestrian_movement","location_easting_osgr","location_northing_osgr","lsoa_of_accident_location","number_of_vehicles","junction_detail","light_conditions","weather_conditions","road_surface_conditions","cas_type"
"9734","2017134BQ0857",2017-11-26,2017,"Nov",26,"12:50",12,50,"Sunday","Slight",2,"Slight","Car occupant","Driver or rider","Female",25,"A","Dual carriageway",40,"Unclassified","Not a Pedestrian","Not a Pedestrian",430344,435928,"E01011357",2,"T or staggered junction","Daylight","Fine no high winds","Dry","Car occupant"
"9735","2017134BQ0857",2017-11-26,2017,"Nov",26,"12:50",12,50,"Sunday","Slight",2,"Slight","Car occupant","Driver or rider","Female",54,"A","Dual carriageway",40,"Unclassified","Not a Pedestrian","Not a Pedestrian",430344,435928,"E01011357",2,"T or staggered junction","Daylight","Fine no high winds","Dry","Car occupant"
"9736","2017134BR0756",2017-11-27,2017,"Nov",27,"12:40",12,40,"Monday","Slight",2,"Slight","Car occupant","Driver or rider","Female",39,"Unclassified","Single carriageway",30,"Unclassified","Not a Pedestrian","Not a Pedestrian",431075,431212,"E01011467",2,"T or staggered junction","Daylight","Fine no high winds","Dry","Car occupant"
"9737","2017134BR0756",2017-11-27,2017,"Nov",27,"12:40",12,40,"Monday","Slight",2,"Slight","Car occupant","Passenger","Female",76,"Unclassified","Single carriageway",30,"Unclassified","Not a Pedestrian","Not a Pedestrian",431075,431212,"E01011467",2,"T or staggered junction","Daylight","Fine no high winds","Dry","Car occupant"
"9738","2017134BR0891",2017-11-27,2017,"Nov",27,"13:46",13,46,"Monday","Slight",4,"Slight","Car occupant","Driver or rider","Female",48,"Motorway","Dual carriageway",70,NA,"Not a Pedestrian","Not a Pedestrian",431797,426348,"E01011499",2,"Not at junction or within 20 metres","Daylight","Fine no high winds","Wet or damp","Car occupant"
"9739","2017134BR0891",2017-11-27,2017,"Nov",27,"13:46",13,46,"Monday","Slight",4,"Slight","Car occupant","Passenger","Female",37,"Motorway","Dual carriageway",70,NA,"Not a Pedestrian","Not a Pedestrian",431797,426348,"E01011499",2,"Not at junction or within 20 metres","Daylight","Fine no high winds","Wet or damp","Car occupant"
"9740","2017134BR0891",2017-11-27,2017,"Nov",27,"13:46",13,46,"Monday","Slight",4,"Slight","Car occupant","Driver or rider","Female",44,"Motorway","Dual carriageway",70,NA,"Not a Pedestrian","Not a Pedestrian",431797,426348,"E01011499",2,"Not at junction or within 20 metres","Daylight","Fine no high winds","Wet or damp","Car occupant"
"9741","2017134BR0891",2017-11-27,2017,"Nov",27,"13:46",13,46,"Monday","Slight",4,"Slight","Car occupant","Passenger","Female",35,"Motorway","Dual carriageway",70,NA,"Not a Pedestrian","Not a Pedestrian",431797,426348,"E01011499",2,"Not at junction or within 20 metres","Daylight","Fine no high winds","Wet or damp","Car occupant"
"9742","2017134BR1460",2017-11-27,2017,"Nov",27,"18:05",18,5,"Monday","Slight",2,"Slight","Car occupant","Driver or rider","Female",29,"Motorway","Slip road",70,"Motorway","Not a Pedestrian","Not a Pedestrian",432164,426118,"E01011499",2,"Slip road","Darkness - lights lit","Fine no high winds","Dry","Car occupant"
"9743","2017134BR1460",2017-11-27,2017,"Nov",27,"18:05",18,5,"Monday","Slight",2,"Slight","Car occupant","Passenger","Male",30,"Motorway","Slip road",70,"Motorway","Not a Pedestrian","Not a Pedestrian",432164,426118,"E01011499",2,"Slip road","Darkness - lights lit","Fine no high winds","Dry","Car occupant"
"9744","2017134BS0257",2017-11-28,2017,"Nov",28,"07:30",7,30,"Tuesday","Slight",1,"Slight","Cyclist","Driver or rider","Male",27,"A","Dual carriageway",40,"Unclassified","Not a Pedestrian","Not a Pedestrian",434921,434642,"E01011343",2,"T or staggered junction","Darkness - lights lit","Fine no high winds","Dry","Cyclist"
"9745","2017134BS0354",2017-11-28,2017,"Nov",28,"08:47",8,47,"Tuesday","Slight",1,"Slight","Cyclist","Driver or rider","Male",26,"A","Roundabout",30,"A","Not a Pedestrian","Not a Pedestrian",420503,440236,"E01011278",2,"Roundabout","Daylight","Fine no high winds","Wet or damp","Cyclist"
"9746","2017134BS0452",2017-11-28,2017,"Nov",28,"09:35",9,35,"Tuesday","Slight",1,"Slight","Cyclist","Driver or rider","Male",31,"B","Single carriageway",30,"Unclassified","Not a Pedestrian","Not a Pedestrian",428665,437012,"E01011691",2,"T or staggered junction","Daylight","Fine no high winds","Dry","Cyclist"
"9747","2017134BT0434",2017-11-29,2017,"Nov",29,"09:43",9,43,"Wednesday","Slight",1,"Slight","Pedestrian","Pedestrian","Male",23,"Unclassified","Single carriageway",30,NA,"Crossing in zig-zag exit lines","Crossing from driver's nearside",425355,440818,"E01011377",1,"Not at junction or within 20 metres","Daylight","Fine no high winds","Dry","Pedestrian"
"9748","2017134BT1221",2017-11-29,2017,"Nov",29,"16:05",16,5,"Wednesday","Slight",1,"Slight","Bus or coach occupant (17 or more pass seats)","Passenger","Male",85,"Unclassified","Single carriageway",30,NA,"Not a Pedestrian","Not a Pedestrian",434428,435399,"E01011662",1,"Not at junction or within 20 metres","Daylight","Fine no high winds","Dry","Bus and goods vehicle occupant"
"9749","2017134BT1291",2017-11-29,2017,"Nov",29,"16:44",16,44,"Wednesday","Slight",2,"Slight","Car occupant","Driver or rider","Female",74,"Unclassified","Single carriageway",30,NA,"Not a Pedestrian","Not a Pedestrian",422065,432468,"E01011604",2,"Not at junction or within 20 metres","Darkness - lights lit","Fine no high winds","Dry","Car occupant"
"9750","2017134BT1291",2017-11-29,2017,"Nov",29,"16:44",16,44,"Wednesday","Slight",2,"Slight","Car occupant","Passenger","Female",96,"Unclassified","Single carriageway",30,NA,"Not a Pedestrian","Not a Pedestrian",422065,432468,"E01011604",2,"Not at junction or within 20 metres","Darkness - lights lit","Fine no high winds","Dry","Car occupant"
"9751","2017134BT1459",2017-11-29,2017,"Nov",29,"18:00",18,0,"Wednesday","Slight",2,"Slight","Car occupant","Driver or rider","Female",60,"Motorway","Dual carriageway",70,NA,"Not a Pedestrian","Not a Pedestrian",440874,434536,"E01011297",3,"Not at junction or within 20 metres","Darkness - no lighting","Fine no high winds","Dry","Car occupant"
"9752","2017134BT1459",2017-11-29,2017,"Nov",29,"18:00",18,0,"Wednesday","Slight",2,"Slight","Car occupant","Driver or rider","Male",38,"Motorway","Dual carriageway",70,NA,"Not a Pedestrian","Not a Pedestrian",440874,434536,"E01011297",3,"Not at junction or within 20 metres","Darkness - no lighting","Fine no high winds","Dry","Car occupant"
"9753","2017134BT1024",2017-11-29,2017,"Nov",29,"21:34",21,34,"Wednesday","Slight",1,"Slight","Car occupant","Passenger","Female",64,"Unclassified","Single carriageway",60,"Unclassified","Not a Pedestrian","Not a Pedestrian",415909,442021,"E01011270",2,"Crossroads","Darkness - lighting unknown","Fine no high winds","Dry","Car occupant"
"9754","2017134BU0335",2017-11-30,2017,"Nov",30,"07:40",7,40,"Thursday","Slight",1,"Slight","Car occupant","Driver or rider","Female",43,"B","Single carriageway",30,NA,"Not a Pedestrian","Not a Pedestrian",432676,434592,"E01011344",2,"Not at junction or within 20 metres","Darkness - lights lit","Fine no high winds","Wet or damp","Car occupant"
"9755","2017134BU0327",2017-11-30,2017,"Nov",30,"08:25",8,25,"Thursday","Slight",1,"Slight","Car occupant","Driver or rider","Male",22,"Unclassified","Dual carriageway",30,"Unclassified","Not a Pedestrian","Not a Pedestrian",426671,438491,"E01011684",3,"T or staggered junction","Daylight","Fine no high winds","Dry","Car occupant"
"9756","2017134BU0803",2017-11-30,2017,"Nov",30,"13:15",13,15,"Thursday","Slight",1,"Slight","Car occupant","Driver or rider","Male",25,"Motorway","Dual carriageway",70,NA,"Not a Pedestrian","Not a Pedestrian",425291,428294,"E01011532",2,"Not at junction or within 20 metres","Daylight","Fine no high winds","Dry","Car occupant"
"9757","2017134BU1214",2017-11-30,2017,"Nov",30,"15:10",15,10,"Thursday","Slight",1,"Slight","Bus or coach occupant (17 or more pass seats)","Passenger","Female",55,"Unclassified","Single carriageway",30,NA,"Not a Pedestrian","Not a Pedestrian",431383,434012,"E01033031",1,"Not at junction or within 20 metres","Daylight","Snowing no high winds","Wet or damp","Bus and goods vehicle occupant"
"9758","2017134C10049",2017-12-01,2017,"Dec",1,"00:45",0,45,"Friday","Slight",1,"Slight","Car occupant","Driver or rider","Female",28,"Unclassified","Single carriageway",30,NA,"Not a Pedestrian","Not a Pedestrian",430008,434320,"E01033010",1,"Not at junction or within 20 metres","Darkness - lights lit","Fine no high winds","Wet or damp","Car occupant"
"9759","2017134C10176",2017-12-01,2017,"Dec",1,"05:20",5,20,"Friday","Slight",1,"Slight","Car occupant","Driver or rider","Male",32,"Unclassified","Single carriageway",30,NA,"Not a Pedestrian","Not a Pedestrian",430130,430949,"E01011312",4,"Not at junction or within 20 metres","Darkness - lights lit","Fine no high winds","Frost or ice","Car occupant"
"9760","2017134C10063",2017-12-01,2017,"Dec",1,"05:43",5,43,"Friday","Serious",1,"Serious","Van / Goods vehicle (3.5 tonnes mgw or under) occupant","Driver or rider","Male",23,"A(M)","Dual carriageway",70,NA,"Not a Pedestrian","Not a Pedestrian",443236,439622,"E01011309",1,"Not at junction or within 20 metres","Darkness - no lighting","Snowing no high winds","Snow","Bus and goods vehicle occupant"
"9761","2017134C10398",2017-12-01,2017,"Dec",1,"09:21",9,21,"Friday","Slight",1,"Slight","Pedestrian","Pedestrian","Female",16,"A","Dual carriageway",30,NA,"In carriageway, crossing elsewhere","Crossing from driver's nearside",429488,433786,"E01033008",1,"Not at junction or within 20 metres","Daylight","Fine no high winds","Wet or damp","Pedestrian"
"9762","2017134C10440",2017-12-01,2017,"Dec",1,"13:23",13,23,"Friday","Slight",2,"Slight","Car occupant","Passenger","Female",32,"Unclassified","Single carriageway",30,NA,"Not a Pedestrian","Not a Pedestrian",427029,427932,"E01032489",2,"Not at junction or within 20 metres","Daylight","Raining no high winds","Wet or damp","Car occupant"
"9763","2017134C10440",2017-12-01,2017,"Dec",1,"13:23",13,23,"Friday","Slight",2,"Slight","Car occupant","Passenger","Male",38,"Unclassified","Single carriageway",30,NA,"Not a Pedestrian","Not a Pedestrian",427029,427932,"E01032489",2,"Not at junction or within 20 metres","Daylight","Raining no high winds","Wet or damp","Car occupant"
"9764","2017134C11223",2017-12-01,2017,"Dec",1,"14:45",14,45,"Friday","Slight",1,"Slight","Pedestrian","Pedestrian","Male",24,"Unclassified","Single carriageway",30,NA,"In carriageway, not crossing","Unknown or other",430272,433814,"E01033010",2,"Not at junction or within 20 metres","Daylight","Fine no high winds","Dry","Pedestrian"
"9765","2017134C10979",2017-12-01,2017,"Dec",1,"14:49",14,49,"Friday","Slight",4,"Slight","Car occupant","Driver or rider","Male",32,"Unclassified","One way street",30,NA,"Not a Pedestrian","Not a Pedestrian",429923,432848,"E01033016",2,"Not at junction or within 20 metres","Daylight","Fine no high winds","Dry","Car occupant"
"9766","2017134C10979",2017-12-01,2017,"Dec",1,"14:49",14,49,"Friday","Slight",4,"Slight","Car occupant","Passenger","Male",50,"Unclassified","One way street",30,NA,"Not a Pedestrian","Not a Pedestrian",429923,432848,"E01033016",2,"Not at junction or within 20 metres","Daylight","Fine no high winds","Dry","Car occupant"
"9767","2017134C10979",2017-12-01,2017,"Dec",1,"14:49",14,49,"Friday","Slight",4,"Slight","Car occupant","Passenger","Female",43,"Unclassified","One way street",30,NA,"Not a Pedestrian","Not a Pedestrian",429923,432848,"E01033016",2,"Not at junction or within 20 metres","Daylight","Fine no high winds","Dry","Car occupant"
"9768","2017134C10979",2017-12-01,2017,"Dec",1,"14:49",14,49,"Friday","Slight",4,"Slight","Car occupant","Passenger","Female",36,"Unclassified","One way street",30,NA,"Not a Pedestrian","Not a Pedestrian",429923,432848,"E01033016",2,"Not at junction or within 20 metres","Daylight","Fine no high winds","Dry","Car occupant"
"9769","2017134C11212",2017-12-01,2017,"Dec",1,"16:30",16,30,"Friday","Slight",1,"Slight","Car occupant","Driver or rider","Female",29,"A(M)","Dual carriageway",70,NA,"Not a Pedestrian","Not a Pedestrian",441403,444960,"E01011707",3,"Not at junction or within 20 metres","Darkness - no lighting","Fine no high winds","Dry","Car occupant"
"9770","2017134C11300",2017-12-01,2017,"Dec",1,"16:50",16,50,"Friday","Slight",1,"Slight","Car occupant","Driver or rider","Male",30,"Unclassified","Single carriageway",30,NA,"Not a Pedestrian","Not a Pedestrian",435016,436031,"E01011664",2,"Not at junction or within 20 metres","Darkness - lights lit","Fine no high winds","Dry","Car occupant"
"9771","2017134C11335",2017-12-01,2017,"Dec",1,"17:05",17,5,"Friday","Serious",1,"Serious","Pedestrian","Pedestrian","Male",40,"A","Single carriageway",30,"Unclassified","Unknown or other","In carriageway, stationary - not crossing  (standing or playing) - masked by parked or stationary vehicle",428455,431345,"E01011369",1,"Crossroads","Darkness - lights lit","Fine no high winds","Dry","Pedestrian"
"9772","2017134C11398",2017-12-01,2017,"Dec",1,"17:42",17,42,"Friday","Slight",1,"Slight","Car occupant","Driver or rider","Male",50,"Unclassified","Single carriageway",30,"Unclassified","Not a Pedestrian","Not a Pedestrian",431017,428490,"E01011466",2,"T or staggered junction","Darkness - lights lit","Fine no high winds","Dry","Car occupant"
"9773","2017134C11461",2017-12-01,2017,"Dec",1,"18:13",18,13,"Friday","Slight",1,"Slight","Car occupant","Driver or rider","Male",51,"Unclassified","Single carriageway",30,"Unclassified","Not a Pedestrian","Not a Pedestrian",421115,434941,"E01011594",2,"T or staggered junction","Darkness - lighting unknown","Fine no high winds","Dry","Car occupant"
"9774","2017134C11544",2017-12-01,2017,"Dec",1,"18:50",18,50,"Friday","Slight",1,"Slight","Car occupant","Driver or rider","Male",67,"A","Dual carriageway",40,"Unclassified","Not a Pedestrian","Not a Pedestrian",434697,434565,"E01011341",2,"Crossroads","Darkness - lights lit","Other","Wet or damp","Car occupant"
"9775","2017134C11582",2017-12-01,2017,"Dec",1,"19:10",19,10,"Friday","Slight",1,"Slight","Car occupant","Driver or rider","Male",30,"A","Roundabout",30,"B","Not a Pedestrian","Not a Pedestrian",430700,439041,"E01011512",2,"Roundabout","Darkness - lights lit","Fine no high winds","Dry","Car occupant"
"9776","2017134C11985",2017-12-01,2017,"Dec",1,"23:20",23,20,"Friday","Slight",1,"Slight","Car occupant","Driver or rider","Male",22,"Unclassified","Single carriageway",30,"Unclassified","Not a Pedestrian","Not a Pedestrian",430586,437074,"E01011352",3,"T or staggered junction","Darkness - lights unlit","Fine no high winds","Wet or damp","Car occupant"
"9777","2017134C12027",2017-12-01,2017,"Dec",1,"23:30",23,30,"Friday","Slight",2,"Slight","Car occupant","Passenger","Male",28,"Unclassified","Single carriageway",30,NA,"Not a Pedestrian","Not a Pedestrian",429274,435266,"E01033005",2,"Not at junction or within 20 metres","Darkness - lighting unknown","Fine no high winds","Dry","Car occupant"
"9778","2017134C12027",2017-12-01,2017,"Dec",1,"23:30",23,30,"Friday","Slight",2,"Slight","Car occupant","Passenger","Male",25,"Unclassified","Single carriageway",30,NA,"Not a Pedestrian","Not a Pedestrian",429274,435266,"E01033005",2,"Not at junction or within 20 metres","Darkness - lighting unknown","Fine no high winds","Dry","Car occupant"
"9779","2017134C20178",2017-12-02,2017,"Dec",2,"01:52",1,52,"Saturday","Slight",2,"Slight","Car occupant","Passenger","Male",25,"A","Dual carriageway",40,NA,"Not a Pedestrian","Not a Pedestrian",429370,433727,"E01033008",2,"Not at junction or within 20 metres","Darkness - lights lit","Fine no high winds","Dry","Car occupant"
"9780","2017134C20178",2017-12-02,2017,"Dec",2,"01:52",1,52,"Saturday","Slight",2,"Slight","Car occupant","Passenger","Male",25,"A","Dual carriageway",40,NA,"Not a Pedestrian","Not a Pedestrian",429370,433727,"E01033008",2,"Not at junction or within 20 metres","Darkness - lights lit","Fine no high winds","Dry","Car occupant"
"9781","2017134C20645",2017-12-02,2017,"Dec",2,"10:21",10,21,"Saturday","Slight",3,"Slight","Car occupant","Passenger","Male",20,"A","Single carriageway",40,NA,"Not a Pedestrian","Not a Pedestrian",425595,431369,"E01011734",2,"Not at junction or within 20 metres","Daylight","Fine no high winds","Wet or damp","Car occupant"
"9782","2017134C20645",2017-12-02,2017,"Dec",2,"10:21",10,21,"Saturday","Slight",3,"Slight","Car occupant","Passenger","Male",24,"A","Single carriageway",40,NA,"Not a Pedestrian","Not a Pedestrian",425595,431369,"E01011734",2,"Not at junction or within 20 metres","Daylight","Fine no high winds","Wet or damp","Car occupant"
"9783","2017134C20645",2017-12-02,2017,"Dec",2,"10:21",10,21,"Saturday","Slight",3,"Slight","Car occupant","Driver or rider","Male",20,"A","Single carriageway",40,NA,"Not a Pedestrian","Not a Pedestrian",425595,431369,"E01011734",2,"Not at junction or within 20 metres","Daylight","Fine no high winds","Wet or damp","Car occupant"
"9784","2017134C50999",2017-12-02,2017,"Dec",2,"15:00",15,0,"Saturday","Serious",1,"Serious","Pedestrian","Pedestrian","Male",31,"Unclassified","Single carriageway",40,NA,"In carriageway, crossing elsewhere","Crossing from offside - masked by  parked or stationary vehicle",424683,438095,"E01011463",1,"Not at junction or within 20 metres","Daylight","Fine no high winds","Dry","Pedestrian"
"9785","2017134C20831",2017-12-02,2017,"Dec",2,"18:00",18,0,"Saturday","Slight",1,"Slight","Pedestrian","Pedestrian","Female",45,"Unclassified","Single carriageway",30,"Unclassified","Unknown or other","Crossing from offside - masked by  parked or stationary vehicle",431620,436140,"E01011359",1,"T or staggered junction","Darkness - lights lit","Snowing no high winds","Snow","Pedestrian"
"9786","2017134C21612",2017-12-02,2017,"Dec",2,"18:27",18,27,"Saturday","Slight",3,"Slight","Car occupant","Driver or rider","Male",37,"A","Roundabout",30,"A","Not a Pedestrian","Not a Pedestrian",427937,426303,"E01011550",2,"Roundabout","Darkness - lights lit","Fine no high winds","Wet or damp","Car occupant"
"9787","2017134C21612",2017-12-02,2017,"Dec",2,"18:27",18,27,"Saturday","Slight",3,"Slight","Car occupant","Passenger","Male",34,"A","Roundabout",30,"A","Not a Pedestrian","Not a Pedestrian",427937,426303,"E01011550",2,"Roundabout","Darkness - lights lit","Fine no high winds","Wet or damp","Car occupant"
"9788","2017134C21612",2017-12-02,2017,"Dec",2,"18:27",18,27,"Saturday","Slight",3,"Slight","Car occupant","Driver or rider","Male",48,"A","Roundabout",30,"A","Not a Pedestrian","Not a Pedestrian",427937,426303,"E01011550",2,"Roundabout","Darkness - lights lit","Fine no high winds","Wet or damp","Car occupant"
"9789","2017134C40867",2017-12-03,2017,"Dec",3,"08:55",8,55,"Sunday","Slight",2,"Slight","Car occupant","Driver or rider","Female",18,"A","Dual carriageway",40,NA,"Not a Pedestrian","Not a Pedestrian",430586,431796,"E01011364",2,"Not at junction or within 20 metres","Daylight","Fine no high winds","Dry","Car occupant"
"9790","2017134C40867",2017-12-03,2017,"Dec",3,"08:55",8,55,"Sunday","Slight",2,"Slight","Car occupant","Passenger","Female",24,"A","Dual carriageway",40,NA,"Not a Pedestrian","Not a Pedestrian",430586,431796,"E01011364",2,"Not at junction or within 20 metres","Daylight","Fine no high winds","Dry","Car occupant"
"9791","2017134C31064",2017-12-03,2017,"Dec",3,"14:20",14,20,"Sunday","Slight",1,"Slight","Car occupant","Passenger","Male",31,"A","Single carriageway",50,"A","Not a Pedestrian","Not a Pedestrian",432190,429817,"E01011470",2,"Slip road","Daylight","Fine no high winds","Wet or damp","Car occupant"
"9792","2017134C31780",2017-12-03,2017,"Dec",3,"20:38",20,38,"Sunday","Slight",1,"Slight","Car occupant","Driver or rider","Male",20,"Unclassified","Single carriageway",30,"Unclassified","Not a Pedestrian","Not a Pedestrian",427193,433523,"E01011293",2,"Crossroads","Darkness - lighting unknown","Fine no high winds","Dry","Car occupant"
"9793","2017134C40338",2017-12-04,2017,"Dec",4,"08:52",8,52,"Monday","Slight",1,"Slight","Car occupant","Driver or rider","Female",33,"Motorway","Dual carriageway",70,NA,"Not a Pedestrian","Not a Pedestrian",426185,426099,"E01011546",2,"Not at junction or within 20 metres","Daylight","Fine no high winds","Dry","Car occupant"
"9794","2017134C40676",2017-12-04,2017,"Dec",4,"11:48",11,48,"Monday","Slight",1,"Slight","Motorcycle 125cc and under rider or passenger","Driver or rider","Male",33,"B","Single carriageway",40,NA,"Not a Pedestrian","Not a Pedestrian",442620,427996,"E01011299",2,"Not at junction or within 20 metres","Daylight","Fine no high winds","Wet or damp","Motorcyclist and pillion"
"9795","2017134C41133",2017-12-04,2017,"Dec",4,"14:50",14,50,"Monday","Serious",1,"Serious","Pedestrian","Pedestrian","Female",80,"A","Single carriageway",30,"Unclassified","Crossing on pedestrian crossing facility","Crossing from driver's nearside",438466,430384,"E01011390",1,"Other junction","Daylight","Fine no high winds","Wet or damp","Pedestrian"
"9796","2017134C41290",2017-12-04,2017,"Dec",4,"16:35",16,35,"Monday","Slight",2,"Slight","Car occupant","Passenger","Male",4,"A(M)","Dual carriageway",60,"A","Not a Pedestrian","Not a Pedestrian",430292,434315,"E01033002",2,"Slip road","Darkness - lights lit","Fine no high winds","Wet or damp","Car occupant"
"9797","2017134C41290",2017-12-04,2017,"Dec",4,"16:35",16,35,"Monday","Slight",2,"Slight","Car occupant","Driver or rider","Female",21,"A(M)","Dual carriageway",60,"A","Not a Pedestrian","Not a Pedestrian",430292,434315,"E01033002",2,"Slip road","Darkness - lights lit","Fine no high winds","Wet or damp","Car occupant"
"9798","2017134C41501",2017-12-04,2017,"Dec",4,"18:12",18,12,"Monday","Slight",1,"Slight","Car occupant","Driver or rider","Male",79,"A","Single carriageway",50,"Unclassified","Not a Pedestrian","Not a Pedestrian",439893,447400,"E01011704",2,"Other junction","Darkness - no lighting","Fine no high winds","Wet or damp","Car occupant"
"9799","2017134C41631",2017-12-04,2017,"Dec",4,"20:00",20,0,"Monday","Slight",1,"Slight","Van / Goods vehicle (3.5 tonnes mgw or under) occupant","Driver or rider","Male",58,"A","Dual carriageway",40,"Unclassified","Not a Pedestrian","Not a Pedestrian",428125,426678,"E01011538",2,"Crossroads","Darkness - lights lit","Other","Wet or damp","Bus and goods vehicle occupant"
"9800","2017134C41815",2017-12-04,2017,"Dec",4,"20:20",20,20,"Monday","Slight",1,"Slight","Cyclist","Driver or rider","Female",57,"A","Dual carriageway",40,"A","Not a Pedestrian","Not a Pedestrian",426858,438041,"E01011685",2,"Roundabout","Darkness - lights lit","Raining no high winds","Wet or damp","Cyclist"
"9801","2017134C50155",2017-12-05,2017,"Dec",5,"03:00",3,0,"Tuesday","Serious",1,"Serious","Motorcycle 125cc and under rider or passenger","Driver or rider","Male",40,"A","Single carriageway",50,"Unclassified","Not a Pedestrian","Not a Pedestrian",430036,431022,"E01011312",2,"T or staggered junction","Darkness - lights lit","Fine no high winds","Wet or damp","Motorcyclist and pillion"
"9802","2017134C50872",2017-12-05,2017,"Dec",5,"13:20",13,20,"Tuesday","Slight",1,"Slight","Car occupant","Passenger","Female",67,"Unclassified","Single carriageway",30,"Unclassified","Not a Pedestrian","Not a Pedestrian",436856,428987,"E01011637",2,"Crossroads","Daylight","Fine no high winds","Dry","Car occupant"
"9803","2017134C51045",2017-12-05,2017,"Dec",5,"15:10",15,10,"Tuesday","Serious",2,"Serious","Pedestrian","Pedestrian","Female",13,"Unclassified","Single carriageway",30,NA,"On footway or verge","Unknown or other",431265,438273,"E01011511",1,"Not at junction or within 20 metres","Daylight","Fine no high winds","Dry","Pedestrian"
"9804","2017134C51045",2017-12-05,2017,"Dec",5,"15:10",15,10,"Tuesday","Serious",2,"Serious","Pedestrian","Pedestrian","Female",13,"Unclassified","Single carriageway",30,NA,"On footway or verge","Unknown or other",431265,438273,"E01011511",1,"Not at junction or within 20 metres","Daylight","Fine no high winds","Dry","Pedestrian"
"9805","2017134C51483",2017-12-05,2017,"Dec",5,"15:30",15,30,"Tuesday","Slight",1,"Slight","Car occupant","Driver or rider","Male",25,"A","Single carriageway",30,NA,"Not a Pedestrian","Not a Pedestrian",418149,442438,"E01011266",2,"Not at junction or within 20 metres","Darkness - lights lit","Fine no high winds","Frost or ice","Car occupant"
"9806","2017134C51166",2017-12-05,2017,"Dec",5,"15:50",15,50,"Tuesday","Slight",1,"Slight","Car occupant","Driver or rider","Female",39,"A","Single carriageway",60,"Unclassified","Not a Pedestrian","Not a Pedestrian",438952,431558,"E01011402",2,"T or staggered junction","Darkness - lights lit","Fine no high winds","Dry","Car occupant"
"9807","2017134C51215",2017-12-05,2017,"Dec",5,"16:15",16,15,"Tuesday","Slight",2,"Slight","Car occupant","Driver or rider","Male",59,"A","Slip road",40,"A","Not a Pedestrian","Not a Pedestrian",428449,429068,"E01011493",2,"Slip road","Darkness - lights lit","Fine no high winds","Wet or damp","Car occupant"
"9808","2017134C51215",2017-12-05,2017,"Dec",5,"16:15",16,15,"Tuesday","Slight",2,"Slight","Car occupant","Passenger","Female",57,"A","Slip road",40,"A","Not a Pedestrian","Not a Pedestrian",428449,429068,"E01011493",2,"Slip road","Darkness - lights lit","Fine no high winds","Wet or damp","Car occupant"
"9809","2017134C51339",2017-12-05,2017,"Dec",5,"17:00",17,0,"Tuesday","Serious",1,"Serious","Car occupant","Driver or rider","Female",81,"Unclassified","Single carriageway",20,NA,"Not a Pedestrian","Not a Pedestrian",432525,438359,"E01011655",1,"Not at junction or within 20 metres","Darkness - lights lit","Fine no high winds","Dry","Car occupant"
"9810","2017134C51510",2017-12-05,2017,"Dec",5,"17:20",17,20,"Tuesday","Slight",1,"Slight","Car occupant","Driver or rider","Female",38,"Unclassified","Single carriageway",20,NA,"Not a Pedestrian","Not a Pedestrian",424913,440283,"E01011376",2,"Not at junction or within 20 metres","Darkness - lights lit","Fine no high winds","Dry","Car occupant"
"9811","2017134C51556",2017-12-05,2017,"Dec",5,"18:40",18,40,"Tuesday","Slight",1,"Slight","Car occupant","Driver or rider","Female",45,"A","Roundabout",40,"Unclassified","Not a Pedestrian","Not a Pedestrian",428558,427778,"E01011540",2,"Roundabout","Darkness - lights lit","Fine no high winds","Wet or damp","Car occupant"
"9812","2017134C51878",2017-12-05,2017,"Dec",5,"19:20",19,20,"Tuesday","Slight",1,"Slight","Pedestrian","Pedestrian","Female",21,"Unclassified","One way street",30,NA,"In centre of carriageway - not on refuge, island or central reservation","Unknown or other",429885,434289,"E01033008",1,"Not at junction or within 20 metres","Darkness - lights lit","Fine no high winds","Dry","Pedestrian"
"9813","2017134C60031",2017-12-06,2017,"Dec",6,"00:36",0,36,"Wednesday","Slight",1,"Slight","Car occupant","Driver or rider","Male",18,"Unclassified","Single carriageway",30,"Unclassified","Not a Pedestrian","Not a Pedestrian",428210,436712,"E01011692",1,"T or staggered junction","Darkness - lights lit","Raining no high winds","Wet or damp","Car occupant"
"9814","2017134C60146",2017-12-06,2017,"Dec",6,"03:37",3,37,"Wednesday","Serious",3,"Serious","Van / Goods vehicle (3.5 tonnes mgw or under) occupant","Driver or rider","Male",22,"B","Single carriageway",30,NA,"Not a Pedestrian","Not a Pedestrian",441501,430749,"E01011305",1,"Not at junction or within 20 metres","Darkness - lights lit","Fine no high winds","Wet or damp","Bus and goods vehicle occupant"
"9815","2017134C60146",2017-12-06,2017,"Dec",6,"03:37",3,37,"Wednesday","Serious",3,"Serious","Van / Goods vehicle (3.5 tonnes mgw or under) occupant","Passenger","Male",18,"B","Single carriageway",30,NA,"Not a Pedestrian","Not a Pedestrian",441501,430749,"E01011305",1,"Not at junction or within 20 metres","Darkness - lights lit","Fine no high winds","Wet or damp","Bus and goods vehicle occupant"