"","accident_index","date","year","month","day","time","time_hour","time_minute","day_of_week","accident_severity","number_of_casualties","casualty_severity","casualty_type","casualty_class","sex_of_casualty","age_of_casualty","first_road_class","road_type","speed_limit","second_road_class","pedestrian_location","pedestrian_movement","location_easting_osgr","location_northing_osgr","lsoa_of_accident_location","number_of_vehicles","junction_detail","light_conditions","weather_conditions","road_surface_conditions","cas_type"
"9816","2017134C60146",2017-12-06,2017,"Dec",6,"03:37",3,37,"Wednesday","Serious",3,"Serious","Van / Goods vehicle (3.5 tonnes mgw or under) occupant","Passenger","Female",24,"B","Single carriageway",30,NA,"Not a Pedestrian","Not a Pedestrian",441501,430749,"E01011305",1,"Not at junction or within 20 metres","Darkness - lights lit","Fine no high winds","Wet or damp","Bus and goods vehicle occupant"
"9817","2017134C60163",2017-12-06,2017,"Dec",6,"05:00",5,0,"Wednesday","Serious",1,"Serious","Car occupant","Driver or rider","Male",24,"Motorway","Dual carriageway",70,NA,"Not a Pedestrian","Not a Pedestrian",436100,425919,"E01011636",2,"Not at junction or within 20 metres","Darkness - lights lit","Fine no high winds","Dry","Car occupant"
"9818","2017134C60486",2017-12-06,2017,"Dec",6,"10:34",10,34,"Wednesday","Slight",1,"Slight","Car occupant","Driver or rider","Male",46,"A","Dual carriageway",40,"Unclassified","Not a Pedestrian","Not a Pedestrian",429192,438574,"E01011505",2,"T or staggered junction","Daylight","Fine no high winds","Dry","Car occupant"
"9819","2017134C60339",2017-12-06,2017,"Dec",6,"17:30",17,30,"Wednesday","Slight",2,"Slight","Motorcycle 125cc and under rider or passenger","Driver or rider","Male",55,"Unclassified","Single carriageway",30,NA,"Not a Pedestrian","Not a Pedestrian",421728,432821,"E01011602",1,"Not at junction or within 20 metres","Darkness - lights lit","Fine no high winds","Dry","Motorcyclist and pillion"
"9820","2017134C60339",2017-12-06,2017,"Dec",6,"17:30",17,30,"Wednesday","Slight",2,"Slight","Pedestrian","Pedestrian","Male",53,"Unclassified","Single carriageway",30,NA,"In centre of carriageway - not on refuge, island or central reservation","Crossing from driver's offside",421728,432821,"E01011602",1,"Not at junction or within 20 metres","Darkness - lights lit","Fine no high winds","Dry","Pedestrian"
"9821","2017134C62105",2017-12-06,2017,"Dec",6,"23:56",23,56,"Wednesday","Slight",1,"Slight","Car occupant","Driver or rider","Male",23,"B","Single carriageway",30,NA,"Not a Pedestrian","Not a Pedestrian",425116,425896,"E01011534",4,"Not at junction or within 20 metres","Darkness - lights lit","Fine + high winds","Wet or damp","Car occupant"
"9822","2017134C81843",2017-12-07,2017,"Dec",7,"07:50",7,50,"Thursday","Slight",1,"Slight","Pedestrian","Pedestrian","Male",12,"Unclassified","Single carriageway",30,NA,"Unknown or other","Crossing from driver's offside",419385,432661,"E01011606",1,"Not at junction or within 20 metres","Daylight","Fine no high winds","Dry","Pedestrian"
"9823","2017134C70349",2017-12-07,2017,"Dec",7,"08:37",8,37,"Thursday","Serious",1,"Serious","Cyclist","Driver or rider","Male",36,"Unclassified","Single carriageway",20,"Unclassified","Not a Pedestrian","Not a Pedestrian",421248,440672,"E01011276",2,"T or staggered junction","Daylight","Fine no high winds","Dry","Cyclist"
"9824","2017134CK0411",2017-12-07,2017,"Dec",7,"16:20",16,20,"Thursday","Slight",1,"Slight","Van / Goods vehicle (3.5 tonnes mgw or under) occupant","Driver or rider","Male",35,"Unclassified","Single carriageway",30,"Unclassified","Not a Pedestrian","Not a Pedestrian",430349,432101,"E01011364",2,"T or staggered junction","Darkness - lights lit","Fine no high winds","Dry","Bus and goods vehicle occupant"
"9825","2017134C80605",2017-12-08,2017,"Dec",8,"10:49",10,49,"Friday","Slight",1,"Slight","Car occupant","Passenger","Female",71,"A","Single carriageway",30,NA,"Not a Pedestrian","Not a Pedestrian",436187,427362,"E01011635",1,"Not at junction or within 20 metres","Daylight","Fine no high winds","Dry","Car occupant"
"9826","2017134C80644",2017-12-08,2017,"Dec",8,"11:10",11,10,"Friday","Slight",1,"Slight","Pedestrian","Pedestrian","Female",32,"B","Single carriageway",30,"A","In carriageway, crossing elsewhere","Crossing from driver's nearside",425991,428180,"E01011525",1,"T or staggered junction","Daylight","Fine + high winds","Wet or damp","Pedestrian"
"9827","2017134C80757",2017-12-08,2017,"Dec",8,"12:54",12,54,"Friday","Slight",1,"Slight","Car occupant","Driver or rider","Male",76,"B","Unknown",20,NA,"Not a Pedestrian","Not a Pedestrian",422244,433427,"E01011612",2,"Not at junction or within 20 metres","Daylight","Fine + high winds","Frost or ice","Car occupant"
"9828","2017134C81123",2017-12-08,2017,"Dec",8,"15:00",15,0,"Friday","Slight",1,"Slight","Pedestrian","Pedestrian","Female",12,"Unclassified","Single carriageway",30,NA,"In carriageway, crossing elsewhere","Crossing from offside - masked by  parked or stationary vehicle",418804,441578,"E01011265",1,"Not at junction or within 20 metres","Daylight","Fine no high winds","Dry","Pedestrian"
"9829","2017134C70862",2017-12-08,2017,"Dec",8,"16:00",16,0,"Friday","Slight",1,"Slight","Car occupant","Driver or rider","Female",29,"Unclassified","Single carriageway",30,NA,"Not a Pedestrian","Not a Pedestrian",425778,427095,"E01011545",2,"Not at junction or within 20 metres","Daylight","Fine no high winds","Wet or damp","Car occupant"
"9830","2017134C81904",2017-12-08,2017,"Dec",8,"16:20",16,20,"Friday","Slight",1,"Slight","Cyclist","Driver or rider","Male",46,"Unclassified","Single carriageway",30,NA,"Not a Pedestrian","Not a Pedestrian",426261,435581,"E01011488",2,"Not at junction or within 20 metres","Darkness - lights lit","Fine no high winds","Dry","Cyclist"
"9831","2017134C81646",2017-12-08,2017,"Dec",8,"18:56",18,56,"Friday","Slight",1,"Slight","Pedestrian","Pedestrian","Male",21,"Unclassified","Single carriageway",30,"Unclassified","In carriageway, crossing elsewhere","Crossing from driver's offside",426989,433439,"E01011292",1,"T or staggered junction","Darkness - lights lit","Fine no high winds","Wet or damp","Pedestrian"
"9832","2017134C81802",2017-12-08,2017,"Dec",8,"20:00",20,0,"Friday","Serious",1,"Serious","Pedestrian","Pedestrian","Female",58,"Unclassified","Single carriageway",20,"Unclassified","In carriageway, crossing elsewhere","Crossing from driver's nearside",432286,435347,"E01011430",1,"T or staggered junction","Darkness - lights lit","Raining + high winds","Frost or ice","Pedestrian"
"9833","2017134C91297",2017-12-09,2017,"Dec",9,"16:55",16,55,"Saturday","Slight",1,"Slight","Bus or coach occupant (17 or more pass seats)","Passenger","Male",7,"Unclassified","Dual carriageway",30,NA,"Not a Pedestrian","Not a Pedestrian",429087,433513,"E01033015",2,"Not at junction or within 20 metres","Darkness - lights lit","Fine no high winds","Dry","Bus and goods vehicle occupant"
"9834","2017134CA1317",2017-12-10,2017,"Dec",10,"18:06",18,6,"Sunday","Slight",1,"Slight","Car occupant","Driver or rider","Male",49,"A","Single carriageway",30,NA,"Not a Pedestrian","Not a Pedestrian",440968,432074,"E01011302",3,"Not at junction or within 20 metres","Darkness - lights lit","Fine no high winds","Wet or damp","Car occupant"
"9835","2017134CA1751",2017-12-10,2017,"Dec",10,"23:10",23,10,"Sunday","Serious",1,"Serious","Cyclist","Driver or rider","Male",32,"Unclassified","Single carriageway",30,"Unclassified","Not a Pedestrian","Not a Pedestrian",432643,435859,"E01011424",2,"T or staggered junction","Darkness - lights lit","Fine no high winds","Wet or damp","Cyclist"
"9836","2017134CB0208",2017-12-11,2017,"Dec",11,"07:15",7,15,"Monday","Slight",1,"Slight","Car occupant","Passenger","Male",26,"A","Dual carriageway",30,NA,"Not a Pedestrian","Not a Pedestrian",425201,436514,"E01032494",2,"Not at junction or within 20 metres","Darkness - lights lit","Fine + high winds","Dry","Car occupant"
"9837","2017134CB1462",2017-12-11,2017,"Dec",11,"18:35",18,35,"Monday","Slight",2,"Slight","Motorcycle 50cc and under rider or passenger","Driver or rider","Male",25,"A","Single carriageway",30,NA,"Not a Pedestrian","Not a Pedestrian",427953,433624,"E01011284",2,"Not at junction or within 20 metres","Darkness - lights lit","Fine no high winds","Dry","Motorcyclist and pillion"
"9838","2017134CB1462",2017-12-11,2017,"Dec",11,"18:35",18,35,"Monday","Slight",2,"Slight","Car occupant","Driver or rider","Female",32,"A","Single carriageway",30,NA,"Not a Pedestrian","Not a Pedestrian",427953,433624,"E01011284",2,"Not at junction or within 20 metres","Darkness - lights lit","Fine no high winds","Dry","Car occupant"
"9839","2017134CC0213",2017-12-12,2017,"Dec",12,"07:30",7,30,"Tuesday","Slight",1,"Slight","Car occupant","Driver or rider","Male",51,"Unclassified","Dual carriageway",40,NA,"Not a Pedestrian","Not a Pedestrian",428611,432796,"E01011363",2,"Not at junction or within 20 metres","Darkness - lights lit","Fine no high winds","Frost or ice","Car occupant"
"9840","2017134CC0308",2017-12-12,2017,"Dec",12,"08:57",8,57,"Tuesday","Slight",1,"Slight","Pedestrian","Pedestrian","Female",78,"A","Dual carriageway",40,"Unclassified","Crossing on pedestrian crossing facility","Crossing from driver's offside",425015,433189,"E01011727",1,"Roundabout","Daylight","Fine no high winds","Wet or damp","Pedestrian"
"9841","2017134CC0314",2017-12-12,2017,"Dec",12,"09:02",9,2,"Tuesday","Slight",1,"Slight","Van / Goods vehicle (3.5 tonnes mgw or under) occupant","Driver or rider","Male",26,"Motorway","Dual carriageway",70,NA,"Not a Pedestrian","Not a Pedestrian",431559,426429,"E01011499",2,"Not at junction or within 20 metres","Daylight","Other","Dry","Bus and goods vehicle occupant"
"9842","2017134CC0353",2017-12-12,2017,"Dec",12,"09:25",9,25,"Tuesday","Slight",2,"Slight","Car occupant","Driver or rider","Male",36,"Motorway","Dual carriageway",70,"Motorway","Not a Pedestrian","Not a Pedestrian",432297,427031,"E01032496",3,"Slip road","Daylight","Fine no high winds","Wet or damp","Car occupant"
"9843","2017134CC0353",2017-12-12,2017,"Dec",12,"09:25",9,25,"Tuesday","Slight",2,"Slight","Car occupant","Driver or rider","Male",59,"Motorway","Dual carriageway",70,"Motorway","Not a Pedestrian","Not a Pedestrian",432297,427031,"E01032496",3,"Slip road","Daylight","Fine no high winds","Wet or damp","Car occupant"
"9844","2017134CC0730",2017-12-12,2017,"Dec",12,"12:45",12,45,"Tuesday","Slight",1,"Slight","Cyclist","Driver or rider","Male",57,"A","Single carriageway",30,"Unclassified","Not a Pedestrian","Not a Pedestrian",427231,434731,"E01011482",2,"T or staggered junction","Daylight","Fine no high winds","Wet or damp","Cyclist"
"9845","2017134CC1019",2017-12-12,2017,"Dec",12,"15:35",15,35,"Tuesday","Serious",5,"Serious","Car occupant","Driver or rider","Male",40,"Unclassified","Single carriageway",30,NA,"Not a Pedestrian","Not a Pedestrian",431846,429798,"E01011469",3,"Not at junction or within 20 metres","Daylight","Fine no high winds","Dry","Car occupant"
"9846","2017134CC1019",2017-12-12,2017,"Dec",12,"15:35",15,35,"Tuesday","Serious",5,"Slight","Car occupant","Driver or rider","Female",36,"Unclassified","Single carriageway",30,NA,"Not a Pedestrian","Not a Pedestrian",431846,429798,"E01011469",3,"Not at junction or within 20 metres","Daylight","Fine no high winds","Dry","Car occupant"
"9847","2017134CC1019",2017-12-12,2017,"Dec",12,"15:35",15,35,"Tuesday","Serious",5,"Slight","Car occupant","Passenger","Female",8,"Unclassified","Single carriageway",30,NA,"Not a Pedestrian","Not a Pedestrian",431846,429798,"E01011469",3,"Not at junction or within 20 metres","Daylight","Fine no high winds","Dry","Car occupant"
"9848","2017134CC1019",2017-12-12,2017,"Dec",12,"15:35",15,35,"Tuesday","Serious",5,"Slight","Car occupant","Passenger","Female",7,"Unclassified","Single carriageway",30,NA,"Not a Pedestrian","Not a Pedestrian",431846,429798,"E01011469",3,"Not at junction or within 20 metres","Daylight","Fine no high winds","Dry","Car occupant"
"9849","2017134CC1019",2017-12-12,2017,"Dec",12,"15:35",15,35,"Tuesday","Serious",5,"Slight","Car occupant","Passenger","Male",10,"Unclassified","Single carriageway",30,NA,"Not a Pedestrian","Not a Pedestrian",431846,429798,"E01011469",3,"Not at junction or within 20 metres","Daylight","Fine no high winds","Dry","Car occupant"
"9850","2017134CC1372",2017-12-12,2017,"Dec",12,"16:10",16,10,"Tuesday","Slight",1,"Slight","Pedestrian","Pedestrian","Male",18,"A","Single carriageway",30,NA,"Crossing on pedestrian crossing facility","Crossing from driver's nearside",427956,436097,"E01011451",1,"Not at junction or within 20 metres","Darkness - lights lit","Fine no high winds","Wet or damp","Pedestrian"
"9851","2017134CF0936",2017-12-12,2017,"Dec",12,"16:25",16,25,"Tuesday","Slight",1,"Slight","Car occupant","Driver or rider","Male",36,"A","Dual carriageway",30,"Unclassified","Not a Pedestrian","Not a Pedestrian",431561,435184,"E01011429",2,"T or staggered junction","Darkness - lights lit","Fine no high winds","Dry","Car occupant"
"9852","2017134CC1212",2017-12-12,2017,"Dec",12,"16:45",16,45,"Tuesday","Slight",1,"Slight","Motorcycle 50cc and under rider or passenger","Driver or rider","Male",18,"Unclassified","Dual carriageway",30,NA,"Not a Pedestrian","Not a Pedestrian",430828,434007,"E01033031",2,"Not at junction or within 20 metres","Darkness - lights lit","Fine no high winds","Wet or damp","Motorcyclist and pillion"
"9853","2017134CC1394",2017-12-12,2017,"Dec",12,"18:23",18,23,"Tuesday","Slight",1,"Slight","Pedestrian","Pedestrian","Female",47,"Unclassified","Single carriageway",30,"B","In carriageway, crossing elsewhere","Crossing from nearside - masked by parked or stationary vehicle",432125,435339,"E01011430",1,"T or staggered junction","Darkness - lights lit","Raining no high winds","Wet or damp","Pedestrian"
"9854","2017134CC1736",2017-12-12,2017,"Dec",12,"21:15",21,15,"Tuesday","Slight",1,"Slight","Cyclist","Driver or rider","Male",14,"Unclassified","Single carriageway",30,NA,"Not a Pedestrian","Not a Pedestrian",442838,444969,"E01011709",2,"Not at junction or within 20 metres","Darkness - lights lit","Fine no high winds","Dry","Cyclist"
"9855","2017134CD0463",2017-12-13,2017,"Dec",13,"08:35",8,35,"Wednesday","Slight",1,"Slight","Cyclist","Driver or rider","Male",41,"Unclassified","Single carriageway",30,"Unclassified","Not a Pedestrian","Not a Pedestrian",428945,432948,"E01033013",2,"Private drive or entrance","Daylight","Fine no high winds","Wet or damp","Cyclist"
"9856","2017134CD1410",2017-12-13,2017,"Dec",13,"18:06",18,6,"Wednesday","Slight",1,"Slight","Pedestrian","Pedestrian","Male",10,"Unclassified","Single carriageway",20,NA,"In carriageway, crossing elsewhere","Crossing from driver's nearside",426148,439100,"E01011695",1,"Not at junction or within 20 metres","Darkness - lights lit","Fine no high winds","Frost or ice","Pedestrian"
"9857","2017134CE0355",2017-12-14,2017,"Dec",14,"08:20",8,20,"Thursday","Serious",1,"Serious","Pedestrian","Pedestrian","Female",23,"Unclassified","Single carriageway",30,"Unclassified","In carriageway, crossing elsewhere","Unknown or other",428955,435467,"E01033005",1,"Crossroads","Darkness - lights lit","Fine no high winds","Frost or ice","Pedestrian"
"9858","2017134CE0384",2017-12-14,2017,"Dec",14,"08:40",8,40,"Thursday","Slight",1,"Slight","Pedestrian","Pedestrian","Male",10,"Unclassified","Single carriageway",20,NA,"In carriageway, crossing elsewhere","Crossing from driver's offside",429467,431223,"E01011373",1,"Not at junction or within 20 metres","Daylight","Fine no high winds","Frost or ice","Pedestrian"
"9859","2017134CE0654",2017-12-14,2017,"Dec",14,"11:00",11,0,"Thursday","Slight",2,"Slight","Minibus (8 - 16 passenger seats) occupant","Driver or rider","Male",51,"Unclassified","Single carriageway",30,"Unclassified","Not a Pedestrian","Not a Pedestrian",423241,434953,"E01011333",2,"T or staggered junction","Daylight","Fine no high winds","Wet or damp","Bus and goods vehicle occupant"
"9860","2017134CE0654",2017-12-14,2017,"Dec",14,"11:00",11,0,"Thursday","Slight",2,"Slight","Minibus (8 - 16 passenger seats) occupant","Passenger","Female",77,"Unclassified","Single carriageway",30,"Unclassified","Not a Pedestrian","Not a Pedestrian",423241,434953,"E01011333",2,"T or staggered junction","Daylight","Fine no high winds","Wet or damp","Bus and goods vehicle occupant"
"9861","2017134CE1338",2017-12-14,2017,"Dec",14,"16:50",16,50,"Thursday","Slight",2,"Slight","Car occupant","Passenger","Female",6,"B","Single carriageway",30,"Unclassified","Not a Pedestrian","Not a Pedestrian",432130,435328,"E01011432",3,"Crossroads","Darkness - lights lit","Raining no high winds","Wet or damp","Car occupant"
"9862","2017134CE1338",2017-12-14,2017,"Dec",14,"16:50",16,50,"Thursday","Slight",2,"Slight","Car occupant","Passenger","Female",5,"B","Single carriageway",30,"Unclassified","Not a Pedestrian","Not a Pedestrian",432130,435328,"E01011432",3,"Crossroads","Darkness - lights lit","Raining no high winds","Wet or damp","Car occupant"
"9863","2017134CE1947",2017-12-14,2017,"Dec",14,"22:07",22,7,"Thursday","Slight",1,"Slight","Car occupant","Passenger","Female",11,"A","Single carriageway",30,"Unclassified","Not a Pedestrian","Not a Pedestrian",431887,435700,"E01011428",2,"T or staggered junction","Darkness - lights lit","Fine no high winds","Wet or damp","Car occupant"
"9864","2017134CF0249",2017-12-15,2017,"Dec",15,"06:35",6,35,"Friday","Slight",1,"Slight","Car occupant","Driver or rider","Male",29,"A","Roundabout",40,"Unclassified","Not a Pedestrian","Not a Pedestrian",425037,433181,"E01011727",2,"Roundabout","Darkness - lights lit","Fine no high winds","Dry","Car occupant"
"9865","2017134CF0266",2017-12-15,2017,"Dec",15,"07:05",7,5,"Friday","Slight",1,"Slight","Car occupant","Driver or rider","Female",45,"A","Slip road",40,"A","Not a Pedestrian","Not a Pedestrian",429905,434401,"E01033008",2,"Slip road","Darkness - lights lit","Raining no high winds","Frost or ice","Car occupant"
"9866","2017134CF0378",2017-12-15,2017,"Dec",15,"07:55",7,55,"Friday","Slight",1,"Slight","Cyclist","Driver or rider","Male",43,"A","Roundabout",40,"A","Not a Pedestrian","Not a Pedestrian",426816,438009,"E01011687",2,"Roundabout","Darkness - lights lit","Fine no high winds","Wet or damp","Cyclist"
"9867","2017134CF0313",2017-12-15,2017,"Dec",15,"08:00",8,0,"Friday","Slight",1,"Slight","Motorcycle 50cc and under rider or passenger","Driver or rider","Female",24,"Unclassified","Single carriageway",30,"Unclassified","Not a Pedestrian","Not a Pedestrian",430871,429956,"E01011472",1,"T or staggered junction","Daylight","Fine no high winds","Frost or ice","Motorcyclist and pillion"
"9868","2017134CF0359",2017-12-15,2017,"Dec",15,"08:40",8,40,"Friday","Slight",1,"Slight","Pedestrian","Pedestrian","Male",37,"Unclassified","Single carriageway",30,"Unclassified","In centre of carriageway - not on refuge, island or central reservation","Crossing from driver's nearside",422732,435534,"E01011327",1,"T or staggered junction","Darkness - lighting unknown","Fine no high winds","Dry","Pedestrian"
"9869","2017134CF0387",2017-12-15,2017,"Dec",15,"09:00",9,0,"Friday","Slight",1,"Slight","Pedestrian","Pedestrian","Female",10,"Unclassified","Single carriageway",30,"Unclassified","Crossing on pedestrian crossing facility","Crossing from driver's nearside",432500,434076,"E01011348",1,"T or staggered junction","Daylight","Other","Frost or ice","Pedestrian"
"9870","2017134CF0647",2017-12-15,2017,"Dec",15,"09:54",9,54,"Friday","Slight",1,"Slight","Bus or coach occupant (17 or more pass seats)","Passenger","Female",71,"Unclassified","Single carriageway",20,NA,"Not a Pedestrian","Not a Pedestrian",435687,436251,"E01011661",1,"Not at junction or within 20 metres","Daylight","Fine no high winds","Dry","Bus and goods vehicle occupant"
"9871","2017134CF0676",2017-12-15,2017,"Dec",15,"12:00",12,0,"Friday","Serious",2,"Slight","Car occupant","Driver or rider","Male",57,"Unclassified","Dual carriageway",40,"A","Not a Pedestrian","Not a Pedestrian",425265,432975,"E01011730",2,"Crossroads","Daylight","Fine no high winds","Dry","Car occupant"
"9872","2017134CF0676",2017-12-15,2017,"Dec",15,"12:00",12,0,"Friday","Serious",2,"Serious","Car occupant","Driver or rider","Female",52,"Unclassified","Dual carriageway",40,"A","Not a Pedestrian","Not a Pedestrian",425265,432975,"E01011730",2,"Crossroads","Daylight","Fine no high winds","Dry","Car occupant"
"9873","2017134CF0703",2017-12-15,2017,"Dec",15,"12:10",12,10,"Friday","Serious",1,"Serious","Pedestrian","Pedestrian","Male",13,"A","Dual carriageway",40,NA,"In carriageway, crossing elsewhere","Crossing from driver's nearside",426528,437988,"E01011687",1,"Not at junction or within 20 metres","Daylight","Fine no high winds","Wet or damp","Pedestrian"
"9874","2017134CF1039",2017-12-15,2017,"Dec",15,"15:18",15,18,"Friday","Serious",1,"Serious","Pedestrian","Pedestrian","Male",10,"Unclassified","Single carriageway",30,"Unclassified","On footway or verge","Unknown or other",431312,434130,"E01033035",5,"T or staggered junction","Daylight","Fine no high winds","Dry","Pedestrian"
"9875","2017134CF1222",2017-12-15,2017,"Dec",15,"16:20",16,20,"Friday","Slight",1,"Slight","Cyclist","Driver or rider","Male",42,"Unclassified","Single carriageway",30,"Unclassified","Not a Pedestrian","Not a Pedestrian",429436,433459,"E01033015",2,"Crossroads","Darkness - lights lit","Fine no high winds","Dry","Cyclist"
"9876","2017134CF1424",2017-12-15,2017,"Dec",15,"17:52",17,52,"Friday","Slight",1,"Slight","Cyclist","Driver or rider","Male",45,"Unclassified","Single carriageway",30,"Unclassified","Not a Pedestrian","Not a Pedestrian",431402,435028,"E01011673",2,"Crossroads","Darkness - lights lit","Fine no high winds","Wet or damp","Cyclist"
"9877","2017134CF1427",2017-12-15,2017,"Dec",15,"17:55",17,55,"Friday","Serious",1,"Serious","Bus or coach occupant (17 or more pass seats)","Passenger","Male",64,"Unclassified","Single carriageway",30,NA,"Not a Pedestrian","Not a Pedestrian",433582,435850,"E01011421",1,"Not at junction or within 20 metres","Darkness - lights lit","Fine no high winds","Wet or damp","Bus and goods vehicle occupant"
"9878","2017134CF1955",2017-12-15,2017,"Dec",15,"22:00",22,0,"Friday","Slight",1,"Slight","Car occupant","Driver or rider","Female",23,"Unclassified","Single carriageway",30,"Unclassified","Not a Pedestrian","Not a Pedestrian",442831,445001,"E01011709",1,"T or staggered junction","Darkness - lights lit","Fine no high winds","Wet or damp","Car occupant"
"9879","2017134CG0399",2017-12-16,2017,"Dec",16,"06:55",6,55,"Saturday","Serious",1,"Serious","Motorcycle over 125cc and up to 500cc rider or  passenger","Driver or rider","Male",25,"Unclassified","Roundabout",30,"Unclassified","Not a Pedestrian","Not a Pedestrian",425058,433369,"E01011727",2,"Roundabout","Darkness - lights lit","Fine no high winds","Wet or damp","Motorcyclist and pillion"
"9880","2017134CG0642",2017-12-16,2017,"Dec",16,"11:00",11,0,"Saturday","Slight",1,"Slight","Cyclist","Driver or rider","Male",36,"Unclassified","Single carriageway",30,"Unclassified","Not a Pedestrian","Not a Pedestrian",427239,440070,"E01011381",2,"T or staggered junction","Daylight","Fine no high winds","Wet or damp","Cyclist"
"9881","2017134CG1560",2017-12-16,2017,"Dec",16,"19:20",19,20,"Saturday","Slight",1,"Slight","Pedestrian","Pedestrian","Female",55,"Unclassified","Single carriageway",30,NA,"In carriageway, not crossing","Unknown or other",438083,430267,"E01011391",2,"Not at junction or within 20 metres","Darkness - lights lit","Fine no high winds","Frost or ice","Pedestrian"
"9882","2017134CH1299",2017-12-17,2017,"Dec",17,"17:33",17,33,"Sunday","Slight",2,"Slight","Car occupant","Driver or rider","Male",18,"Unclassified","Single carriageway",40,NA,"Not a Pedestrian","Not a Pedestrian",422642,440094,"E01032503",1,"Not at junction or within 20 metres","Darkness - no lighting","Fine no high winds","Frost or ice","Car occupant"
"9883","2017134CH1299",2017-12-17,2017,"Dec",17,"17:33",17,33,"Sunday","Slight",2,"Slight","Car occupant","Passenger","Male",19,"Unclassified","Single carriageway",40,NA,"Not a Pedestrian","Not a Pedestrian",422642,440094,"E01032503",1,"Not at junction or within 20 metres","Darkness - no lighting","Fine no high winds","Frost or ice","Car occupant"
"9884","2017134CG1637",2017-12-17,2017,"Dec",17,"20:07",20,7,"Sunday","Slight",1,"Slight","Pedestrian","Pedestrian","Female",16,"Unclassified","Dual carriageway",30,"Unclassified","In carriageway, crossing elsewhere","Crossing from driver's offside",433376,434898,"E01011342",1,"Crossroads","Darkness - lights lit","Fine no high winds","Wet or damp","Pedestrian"
"9885","2017134CI0504",2017-12-18,2017,"Dec",18,"10:08",10,8,"Monday","Slight",2,"Slight","Car occupant","Driver or rider","Female",26,"Unclassified","Single carriageway",60,NA,"Not a Pedestrian","Not a Pedestrian",443348,434874,"E01011298",1,"Not at junction or within 20 metres","Daylight","Fine no high winds","Frost or ice","Car occupant"
"9886","2017134CI0504",2017-12-18,2017,"Dec",18,"10:08",10,8,"Monday","Slight",2,"Slight","Car occupant","Passenger","Male",2,"Unclassified","Single carriageway",60,NA,"Not a Pedestrian","Not a Pedestrian",443348,434874,"E01011298",1,"Not at junction or within 20 metres","Daylight","Fine no high winds","Frost or ice","Car occupant"
"9887","2017134CI0888",2017-12-18,2017,"Dec",18,"13:40",13,40,"Monday","Slight",1,"Slight","Motorcycle 50cc and under rider or passenger","Driver or rider","Male",22,"Unclassified","Single carriageway",30,"Unclassified","Not a Pedestrian","Not a Pedestrian",432469,432044,"E01011621",2,"Private drive or entrance","Daylight","Fine no high winds","Wet or damp","Motorcyclist and pillion"
"9888","2017134CI1215",2017-12-18,2017,"Dec",18,"16:00",16,0,"Monday","Serious",2,"Serious","Pedestrian","Pedestrian","Female",13,"A","Dual carriageway",40,"B","Crossing on pedestrian crossing facility","Crossing from driver's offside",425155,428997,"E01011522",1,"Crossroads","Darkness - lights lit","Fine no high winds","Wet or damp","Pedestrian"
"9889","2017134CI1215",2017-12-18,2017,"Dec",18,"16:00",16,0,"Monday","Serious",2,"Serious","Pedestrian","Pedestrian","Female",14,"A","Dual carriageway",40,"B","Crossing on pedestrian crossing facility","Crossing from driver's offside",425155,428997,"E01011522",1,"Crossroads","Darkness - lights lit","Fine no high winds","Wet or damp","Pedestrian"
"9890","2017134CI1732",2017-12-18,2017,"Dec",18,"18:04",18,4,"Monday","Slight",1,"Slight","Cyclist","Driver or rider","Male",54,"Unclassified","Single carriageway",30,"Unclassified","Not a Pedestrian","Not a Pedestrian",426510,439906,"E01011386",2,"T or staggered junction","Darkness - lights lit","Fine no high winds","Dry","Cyclist"
"9891","2017134CJ0881",2017-12-19,2017,"Dec",19,"13:30",13,30,"Tuesday","Slight",1,"Slight","Motorcycle 125cc and under rider or passenger","Driver or rider","Female",27,"Unclassified","Single carriageway",30,"Unclassified","Not a Pedestrian","Not a Pedestrian",431592,434015,"E01033031",2,"Roundabout","Daylight","Fine no high winds","Dry","Motorcyclist and pillion"
"9892","2017134CJ1448",2017-12-19,2017,"Dec",19,"17:59",17,59,"Tuesday","Slight",1,"Slight","Cyclist","Driver or rider","Male",42,"A","Roundabout",30,"Unclassified","Not a Pedestrian","Not a Pedestrian",428421,432505,"E01011363",2,"Roundabout","Darkness - lights lit","Fine no high winds","Wet or damp","Cyclist"
"9893","2017134CL0472",2017-12-20,2017,"Dec",20,"07:10",7,10,"Wednesday","Slight",1,"Slight","Pedestrian","Pedestrian","Female",37,"Unclassified","One way street",30,NA,"Unknown or other","Unknown or other",430407,433477,"E01033010",1,"Not at junction or within 20 metres","Darkness - lights lit","Fine no high winds","Wet or damp","Pedestrian"
"9894","2017134CK0326",2017-12-20,2017,"Dec",20,"08:45",8,45,"Wednesday","Slight",1,"Slight","Car occupant","Driver or rider","Female",26,"A","Single carriageway",30,"Unclassified","Not a Pedestrian","Not a Pedestrian",431558,435185,"E01011429",3,"Other junction","Daylight","Fine no high winds","Wet or damp","Car occupant"
"9895","2017134CK1083",2017-12-20,2017,"Dec",20,"15:30",15,30,"Wednesday","Fatal",2,"Fatal","Pedestrian","Pedestrian","Female",66,"Unclassified","Single carriageway",30,NA,"On footway or verge","Unknown or other",424095,438511,"E01011459",1,"Not at junction or within 20 metres","Darkness - lights lit","Fine no high winds","Dry","Pedestrian"