"","accident_index","date","year","month","day","time","time_hour","time_minute","day_of_week","accident_severity","number_of_casualties","casualty_severity","casualty_type","casualty_class","sex_of_casualty","age_of_casualty","first_road_class","road_type","speed_limit","second_road_class","pedestrian_location","pedestrian_movement","location_easting_osgr","location_northing_osgr","lsoa_of_accident_location","number_of_vehicles","junction_detail","light_conditions","weather_conditions","road_surface_conditions","cas_type"
"9896","2017134CK1083",2017-12-20,2017,"Dec",20,"15:30",15,30,"Wednesday","Fatal",2,"Slight","Pedestrian","Pedestrian","Female",1,"Unclassified","Single carriageway",30,NA,"On footway or verge","Unknown or other",424095,438511,"E01011459",1,"Not at junction or within 20 metres","Darkness - lights lit","Fine no high winds","Dry","Pedestrian"
"9897","2017134CK1107",2017-12-20,2017,"Dec",20,"15:45",15,45,"Wednesday","Slight",1,"Slight","Car occupant","Driver or rider","Male",45,"Motorway","Dual carriageway",70,NA,"Not a Pedestrian","Not a Pedestrian",434064,429930,"E01011639",2,"Not at junction or within 20 metres","Daylight","Fine no high winds","Dry","Car occupant"
"9898","2017134CK1309",2017-12-20,2017,"Dec",20,"17:00",17,0,"Wednesday","Serious",1,"Serious","Car occupant","Passenger","Male",19,"B","Single carriageway",30,"B","Not a Pedestrian","Not a Pedestrian",425627,433080,"E01011730",2,"T or staggered junction","Darkness - lights lit","Fine no high winds","Dry","Car occupant"
"9899","2017134CK1885",2017-12-20,2017,"Dec",20,"20:30",20,30,"Wednesday","Serious",1,"Serious","Motorcycle 125cc and under rider or passenger","Driver or rider","Male",19,"Unclassified","Single carriageway",20,NA,"Not a Pedestrian","Not a Pedestrian",431265,428408,"E01011490",2,"Not at junction or within 20 metres","Darkness - lights lit","Fine no high winds","Wet or damp","Motorcyclist and pillion"
"9900","2017134CK0890",2017-12-20,2017,"Dec",20,"22:35",22,35,"Wednesday","Serious",1,"Serious","Pedestrian","Pedestrian","Male",38,"Unclassified","Single carriageway",30,NA,"In carriageway, not crossing","Walking along in carriageway, back to traffic",430625,431980,"E01011364",2,"Not at junction or within 20 metres","Darkness - lighting unknown","Fine no high winds","Dry","Pedestrian"
"9901","2017134CL0489",2017-12-21,2017,"Dec",21,"09:30",9,30,"Thursday","Serious",1,"Serious","Car occupant","Driver or rider","Male",79,"Unclassified","Single carriageway",30,"Unclassified","Not a Pedestrian","Not a Pedestrian",426242,431665,"E01011734",2,"T or staggered junction","Daylight","Fine no high winds","Dry","Car occupant"
"9902","2017134CL1451",2017-12-21,2017,"Dec",21,"17:35",17,35,"Thursday","Slight",1,"Slight","Cyclist","Driver or rider","Female",33,"A","Roundabout",30,"A","Not a Pedestrian","Not a Pedestrian",426693,431728,"E01011734",2,"Roundabout","Darkness - lights lit","Fine no high winds","Dry","Cyclist"
"9903","2017134CM0375",2017-12-22,2017,"Dec",22,"08:35",8,35,"Friday","Slight",1,"Slight","Car occupant","Driver or rider","Female",53,"A","Dual carriageway",40,NA,"Not a Pedestrian","Not a Pedestrian",426890,439189,"E01011383",1,"Not at junction or within 20 metres","Daylight","Fine no high winds","Wet or damp","Car occupant"
"9904","2017134CM0849",2017-12-22,2017,"Dec",22,"13:00",13,0,"Friday","Slight",1,"Slight","Car occupant","Driver or rider","Female",20,"A","Single carriageway",30,NA,"Not a Pedestrian","Not a Pedestrian",426849,441341,"E01011381",2,"Not at junction or within 20 metres","Daylight","Fine no high winds","Dry","Car occupant"
"9905","2017134CM1241",2017-12-22,2017,"Dec",22,"15:56",15,56,"Friday","Slight",1,"Slight","Car occupant","Driver or rider","Male",83,"A(M)","Dual carriageway",40,NA,"Not a Pedestrian","Not a Pedestrian",430828,433827,"E01033031",2,"Not at junction or within 20 metres","Daylight","Fine no high winds","Dry","Car occupant"
"9906","2017134CM1388",2017-12-22,2017,"Dec",22,"16:24",16,24,"Friday","Slight",2,"Slight","Taxi/Private hire car occupant","Passenger","Female",35,"A","Single carriageway",30,NA,"Not a Pedestrian","Not a Pedestrian",429962,434208,"E01033010",1,"Not at junction or within 20 metres","Darkness - lights lit","Fine no high winds","Dry","Car occupant"
"9907","2017134CM1388",2017-12-22,2017,"Dec",22,"16:24",16,24,"Friday","Slight",2,"Slight","Taxi/Private hire car occupant","Passenger","Female",59,"A","Single carriageway",30,NA,"Not a Pedestrian","Not a Pedestrian",429962,434208,"E01033010",1,"Not at junction or within 20 metres","Darkness - lights lit","Fine no high winds","Dry","Car occupant"
"9908","2017134CM1411",2017-12-22,2017,"Dec",22,"17:00",17,0,"Friday","Serious",1,"Serious","Pedestrian","Pedestrian","Male",69,"Unclassified","Single carriageway",30,"Unclassified","Crossing on pedestrian crossing facility","Crossing from driver's nearside",441743,430222,"E01011304",1,"Other junction","Darkness - lights lit","Fine no high winds","Dry","Pedestrian"
"9909","2017134CN1113",2017-12-23,2017,"Dec",23,"13:00",13,0,"Saturday","Serious",1,"Serious","Pedestrian","Pedestrian","Male",13,"B","Single carriageway",30,"Unclassified","Crossing on pedestrian crossing facility","Crossing from driver's nearside",427712,436105,"E01011435",1,"T or staggered junction","Daylight","Fine no high winds","Dry","Pedestrian"
"9910","2017134CN1340",2017-12-23,2017,"Dec",23,"15:55",15,55,"Saturday","Slight",1,"Slight","Cyclist","Driver or rider","Female",46,"Unclassified","Single carriageway",30,"Unclassified","Not a Pedestrian","Not a Pedestrian",430236,435114,"E01011671",2,"T or staggered junction","Darkness - lighting unknown","Fine no high winds","Wet or damp","Cyclist"
"9911","2017134CN1391",2017-12-23,2017,"Dec",23,"16:21",16,21,"Saturday","Slight",2,"Slight","Car occupant","Passenger","Female",42,"Unclassified","Single carriageway",30,"Unclassified","Not a Pedestrian","Not a Pedestrian",431402,435030,"E01011673",2,"Crossroads","Darkness - lights lit","Fine no high winds","Wet or damp","Car occupant"
"9912","2017134CN1391",2017-12-23,2017,"Dec",23,"16:21",16,21,"Saturday","Slight",2,"Slight","Car occupant","Driver or rider","Male",38,"Unclassified","Single carriageway",30,"Unclassified","Not a Pedestrian","Not a Pedestrian",431402,435030,"E01011673",2,"Crossroads","Darkness - lights lit","Fine no high winds","Wet or damp","Car occupant"
"9913","2017134CN1805",2017-12-23,2017,"Dec",23,"19:20",19,20,"Saturday","Slight",1,"Slight","Pedestrian","Pedestrian","Male",24,"Unclassified","Single carriageway",30,NA,"In carriageway, crossing elsewhere","Crossing from offside - masked by  parked or stationary vehicle",430348,427678,"E01011492",1,"Not at junction or within 20 metres","Darkness - lights lit","Fine no high winds","Wet or damp","Pedestrian"
"9914","2017134CO1176",2017-12-24,2017,"Dec",24,"16:40",16,40,"Sunday","Slight",1,"Slight","Car occupant","Driver or rider","Male",84,"Unclassified","Single carriageway",30,NA,"Not a Pedestrian","Not a Pedestrian",435467,433394,"E01011417",2,"Not at junction or within 20 metres","Darkness - lights lit","Fine no high winds","Dry","Car occupant"
"9915","2017134CO1180",2017-12-24,2017,"Dec",24,"16:45",16,45,"Sunday","Slight",1,"Slight","Car occupant","Driver or rider","Female",32,"Unclassified","Single carriageway",30,NA,"Not a Pedestrian","Not a Pedestrian",420944,436984,"E01011589",2,"Not at junction or within 20 metres","Daylight","Fine no high winds","Dry","Car occupant"
"9916","2017134CO1873",2017-12-24,2017,"Dec",24,"23:45",23,45,"Sunday","Slight",1,"Slight","Car occupant","Driver or rider","Female",52,"Unclassified","Single carriageway",30,"Unclassified","Not a Pedestrian","Not a Pedestrian",427904,426124,"E01011550",1,"T or staggered junction","Darkness - lights lit","Fine no high winds","Dry","Car occupant"
"9917","2017134CQ0712",2017-12-26,2017,"Dec",26,"13:55",13,55,"Tuesday","Serious",2,"Serious","Car occupant","Driver or rider","Male",26,"C","Single carriageway",60,NA,"Not a Pedestrian","Not a Pedestrian",440360,435571,"E01011296",1,"Not at junction or within 20 metres","Daylight","Fine no high winds","Wet or damp","Car occupant"
"9918","2017134CQ0712",2017-12-26,2017,"Dec",26,"13:55",13,55,"Tuesday","Serious",2,"Slight","Car occupant","Passenger","Female",24,"C","Single carriageway",60,NA,"Not a Pedestrian","Not a Pedestrian",440360,435571,"E01011296",1,"Not at junction or within 20 metres","Daylight","Fine no high winds","Wet or damp","Car occupant"
"9919","2017134CQ0890",2017-12-26,2017,"Dec",26,"14:54",14,54,"Tuesday","Slight",1,"Slight","Taxi/Private hire car occupant","Driver or rider","Male",42,"A","Single carriageway",30,"Unclassified","Not a Pedestrian","Not a Pedestrian",435234,434861,"E01011667",2,"Roundabout","Daylight","Raining no high winds","Dry","Car occupant"
"9920","2017134CR0580",2017-12-27,2017,"Dec",27,"10:50",10,50,"Wednesday","Slight",2,"Slight","Car occupant","Driver or rider","Male",28,"Unclassified","Single carriageway",40,NA,"Not a Pedestrian","Not a Pedestrian",427835,431800,"E01011362",2,"Not at junction or within 20 metres","Daylight","Fine no high winds","Dry","Car occupant"
"9921","2017134CR0580",2017-12-27,2017,"Dec",27,"10:50",10,50,"Wednesday","Slight",2,"Slight","Van / Goods vehicle (3.5 tonnes mgw or under) occupant","Driver or rider","Male",57,"Unclassified","Single carriageway",40,NA,"Not a Pedestrian","Not a Pedestrian",427835,431800,"E01011362",2,"Not at junction or within 20 metres","Daylight","Fine no high winds","Dry","Bus and goods vehicle occupant"
"9922","2017134CR0609",2017-12-27,2017,"Dec",27,"11:05",11,5,"Wednesday","Slight",1,"Slight","Motorcycle 125cc and under rider or passenger","Driver or rider","Male",23,"Unclassified","Single carriageway",30,NA,"Not a Pedestrian","Not a Pedestrian",425057,433245,"E01011739",1,"Not at junction or within 20 metres","Daylight","Fine no high winds","Wet or damp","Motorcyclist and pillion"
"9923","2017134CR0854",2017-12-27,2017,"Dec",27,"13:34",13,34,"Wednesday","Slight",1,"Slight","Pedestrian","Pedestrian","Male",7,"Unclassified","Single carriageway",30,NA,"In carriageway, crossing elsewhere","Crossing from driver's nearside",421050,441460,"E01011264",1,"Not at junction or within 20 metres","Daylight","Fine no high winds","Dry","Pedestrian"
"9924","2017134CR1758",2017-12-27,2017,"Dec",27,"22:05",22,5,"Wednesday","Slight",2,"Slight","Car occupant","Passenger","Male",25,"Unclassified","One way street",30,NA,"Not a Pedestrian","Not a Pedestrian",431097,432793,"E01033019",3,"Not at junction or within 20 metres","Darkness - lights lit","Fine no high winds","Frost or ice","Car occupant"
"9925","2017134CR1758",2017-12-27,2017,"Dec",27,"22:05",22,5,"Wednesday","Slight",2,"Slight","Car occupant","Driver or rider","Male",31,"Unclassified","One way street",30,NA,"Not a Pedestrian","Not a Pedestrian",431097,432793,"E01033019",3,"Not at junction or within 20 metres","Darkness - lights lit","Fine no high winds","Frost or ice","Car occupant"
"9926","2017134CS1006",2017-12-28,2017,"Dec",28,"16:10",16,10,"Thursday","Serious",1,"Serious","Pedestrian","Pedestrian","Female",18,"Unclassified","Single carriageway",20,"Unclassified","In carriageway, crossing elsewhere","Crossing from driver's offside",429922,427973,"E01011494",1,"Crossroads","Daylight","Fine no high winds","Wet or damp","Pedestrian"
"9927","2017134CS1206",2017-12-28,2017,"Dec",28,"18:00",18,0,"Thursday","Slight",2,"Slight","Car occupant","Driver or rider","Male",48,"A","Single carriageway",40,"Unclassified","Not a Pedestrian","Not a Pedestrian",428391,432472,"E01011363",2,"Roundabout","Darkness - lights lit","Fine no high winds","Dry","Car occupant"
"9928","2017134CS1206",2017-12-28,2017,"Dec",28,"18:00",18,0,"Thursday","Slight",2,"Slight","Car occupant","Passenger","Female",31,"A","Single carriageway",40,"Unclassified","Not a Pedestrian","Not a Pedestrian",428391,432472,"E01011363",2,"Roundabout","Darkness - lights lit","Fine no high winds","Dry","Car occupant"
"9929","2017134CT0192",2017-12-29,2017,"Dec",29,"05:00",5,0,"Friday","Fatal",1,"Fatal","Pedestrian","Pedestrian","Male",20,"Motorway","Dual carriageway",70,NA,"Unknown or other","Crossing from driver's nearside",438666,433851,"E01011411",1,"Not at junction or within 20 metres","Darkness - no lighting","Fine no high winds","Frost or ice","Pedestrian"
"9930","2017134CT0276",2017-12-29,2017,"Dec",29,"08:16",8,16,"Friday","Slight",1,"Slight","Car occupant","Driver or rider","Female",24,"A","Dual carriageway",40,NA,"Not a Pedestrian","Not a Pedestrian",420878,434568,"E01011595",2,"Not at junction or within 20 metres","Daylight","Snowing no high winds","Frost or ice","Car occupant"
"9931","2017134CT0947",2017-12-29,2017,"Dec",29,"14:39",14,39,"Friday","Slight",1,"Slight","Car occupant","Passenger","Male",29,"Unclassified","Single carriageway",30,"Unclassified","Not a Pedestrian","Not a Pedestrian",430703,436749,"E01011352",2,"Other junction","Daylight","Fine no high winds","Snow","Car occupant"
"9932","2017134CT1810",2017-12-29,2017,"Dec",29,"22:15",22,15,"Friday","Slight",1,"Slight","Pedestrian","Pedestrian","Male",36,"B","Single carriageway",30,"Unclassified","In centre of carriageway - not on refuge, island or central reservation","Crossing from driver's nearside",422581,433535,"E01011610",1,"T or staggered junction","Darkness - lights lit","Fine no high winds","Wet or damp","Pedestrian"
"9933","2017134CU0087",2017-12-30,2017,"Dec",30,"01:07",1,7,"Saturday","Serious",2,"Serious","Car occupant","Driver or rider","Male",18,"Motorway","Slip road",50,"A","Not a Pedestrian","Not a Pedestrian",431997,430008,"E01011469",2,"Roundabout","Darkness - lights lit","Raining no high winds","Wet or damp","Car occupant"
"9934","2017134CU0087",2017-12-30,2017,"Dec",30,"01:07",1,7,"Saturday","Serious",2,"Serious","Car occupant","Passenger","Male",18,"Motorway","Slip road",50,"A","Not a Pedestrian","Not a Pedestrian",431997,430008,"E01011469",2,"Roundabout","Darkness - lights lit","Raining no high winds","Wet or damp","Car occupant"
"9935","2017134CU0583",2017-12-30,2017,"Dec",30,"11:20",11,20,"Saturday","Slight",1,"Slight","Pedestrian","Pedestrian","Female",16,"A","Dual carriageway",40,"Unclassified","Crossing elsewhere within 50m. of pedestrian crossing","Crossing from nearside - masked by parked or stationary vehicle",426253,438110,"E01011687",1,"T or staggered junction","Daylight","Raining + high winds","Wet or damp","Pedestrian"
"9936","2017134CU0586",2017-12-30,2017,"Dec",30,"11:25",11,25,"Saturday","Slight",3,"Slight","Car occupant","Driver or rider","Female",28,"A","Single carriageway",30,"Unclassified","Not a Pedestrian","Not a Pedestrian",431435,431610,"E01011467",2,"T or staggered junction","Daylight","Fine no high winds","Wet or damp","Car occupant"
"9937","2017134CU0586",2017-12-30,2017,"Dec",30,"11:25",11,25,"Saturday","Slight",3,"Slight","Car occupant","Passenger","Male",23,"A","Single carriageway",30,"Unclassified","Not a Pedestrian","Not a Pedestrian",431435,431610,"E01011467",2,"T or staggered junction","Daylight","Fine no high winds","Wet or damp","Car occupant"
"9938","2017134CU0586",2017-12-30,2017,"Dec",30,"11:25",11,25,"Saturday","Slight",3,"Slight","Car occupant","Passenger","Female",64,"A","Single carriageway",30,"Unclassified","Not a Pedestrian","Not a Pedestrian",431435,431610,"E01011467",2,"T or staggered junction","Daylight","Fine no high winds","Wet or damp","Car occupant"
"9939","2017134CU0830",2017-12-30,2017,"Dec",30,"13:45",13,45,"Saturday","Slight",1,"Slight","Car occupant","Driver or rider","Female",70,"A(M)","Dual carriageway",70,NA,"Not a Pedestrian","Not a Pedestrian",443623,435703,"E01011297",2,"Not at junction or within 20 metres","Daylight","Fine no high winds","Dry","Car occupant"
"9940","2017134CU1068",2017-12-30,2017,"Dec",30,"15:50",15,50,"Saturday","Slight",3,"Slight","Car occupant","Driver or rider","Male",35,"Unclassified","Single carriageway",60,NA,"Not a Pedestrian","Not a Pedestrian",416068,443207,"E01011270",2,"Not at junction or within 20 metres","Darkness - no lighting","Fine no high winds","Wet or damp","Car occupant"
"9941","2017134CU1068",2017-12-30,2017,"Dec",30,"15:50",15,50,"Saturday","Slight",3,"Slight","Car occupant","Passenger","Female",35,"Unclassified","Single carriageway",60,NA,"Not a Pedestrian","Not a Pedestrian",416068,443207,"E01011270",2,"Not at junction or within 20 metres","Darkness - no lighting","Fine no high winds","Wet or damp","Car occupant"
"9942","2017134CU1068",2017-12-30,2017,"Dec",30,"15:50",15,50,"Saturday","Slight",3,"Slight","Car occupant","Driver or rider","Male",23,"Unclassified","Single carriageway",60,NA,"Not a Pedestrian","Not a Pedestrian",416068,443207,"E01011270",2,"Not at junction or within 20 metres","Darkness - no lighting","Fine no high winds","Wet or damp","Car occupant"
"9943","2017134CU1264",2017-12-30,2017,"Dec",30,"15:50",15,50,"Saturday","Slight",1,"Slight","Bus or coach occupant (17 or more pass seats)","Passenger","Female",65,"Unclassified","Single carriageway",30,NA,"Not a Pedestrian","Not a Pedestrian",431010,428170,"E01011490",1,"Not at junction or within 20 metres","Daylight","Fine no high winds","Dry","Bus and goods vehicle occupant"
"9944","2017134CV0870",2017-12-31,2017,"Dec",31,"13:45",13,45,"Sunday","Slight",1,"Slight","Car occupant","Driver or rider","Male",21,"Unclassified","Single carriageway",30,"Unclassified","Not a Pedestrian","Not a Pedestrian",430983,439018,"E01011509",2,"T or staggered junction","Daylight","Fine no high winds","Dry","Car occupant"
"9945","2017134CV0902",2017-12-31,2017,"Dec",31,"15:15",15,15,"Sunday","Slight",2,"Slight","Car occupant","Driver or rider","Male",19,"Unclassified","Single carriageway",30,"Unclassified","Not a Pedestrian","Not a Pedestrian",430343,431175,"E01011374",2,"T or staggered junction","Daylight","Snowing no high winds","Snow","Car occupant"
"9946","2017134CV0902",2017-12-31,2017,"Dec",31,"15:15",15,15,"Sunday","Slight",2,"Slight","Car occupant","Passenger","Male",21,"Unclassified","Single carriageway",30,"Unclassified","Not a Pedestrian","Not a Pedestrian",430343,431175,"E01011374",2,"T or staggered junction","Daylight","Snowing no high winds","Snow","Car occupant"
"9947","2017134CV1387",2017-12-31,2017,"Dec",31,"19:35",19,35,"Sunday","Slight",1,"Slight","Motorcycle over 125cc and up to 500cc rider or  passenger","Driver or rider","Male",23,"Unclassified","Single carriageway",30,"A","Not a Pedestrian","Not a Pedestrian",427748,436446,"E01011440",3,"T or staggered junction","Darkness - lights lit","Raining no high winds","Wet or damp","Motorcyclist and pillion"
"9948","2017134CV1544",2017-12-31,2017,"Dec",31,"21:11",21,11,"Sunday","Slight",1,"Slight","Car occupant","Driver or rider","Male",20,"B","Single carriageway",30,"Unclassified","Not a Pedestrian","Not a Pedestrian",420323,434279,"E01011597",2,"Roundabout","Darkness - lights lit","Raining no high winds","Wet or damp","Car occupant"
"9949","2018135110140",2018-01-01,2018,"Jan",1,"00:45",0,45,"Monday","Serious",1,"Serious","Car occupant","Driver or rider","Male",38,"Unclassified","Single carriageway",30,"Unclassified","Not a Pedestrian","Not a Pedestrian",433820,433502,"E01011622",1,"T or staggered junction","Darkness - lights lit","Fine no high winds","Wet or damp","Car occupant"
"9950","2018135110577",2018-01-01,2018,"Jan",1,"03:44",3,44,"Monday","Serious",3,"Slight","Car occupant","Driver or rider","Male",23,"Unclassified","Single carriageway",30,NA,"Not a Pedestrian","Not a Pedestrian",430660,430766,"E01011468",1,"Not at junction or within 20 metres","Darkness - lights lit","Fine no high winds","Wet or damp","Car occupant"
"9951","2018135110577",2018-01-01,2018,"Jan",1,"03:44",3,44,"Monday","Serious",3,"Slight","Car occupant","Passenger","Male",23,"Unclassified","Single carriageway",30,NA,"Not a Pedestrian","Not a Pedestrian",430660,430766,"E01011468",1,"Not at junction or within 20 metres","Darkness - lights lit","Fine no high winds","Wet or damp","Car occupant"
"9952","2018135110577",2018-01-01,2018,"Jan",1,"03:44",3,44,"Monday","Serious",3,"Serious","Car occupant","Passenger","Male",33,"Unclassified","Single carriageway",30,NA,"Not a Pedestrian","Not a Pedestrian",430660,430766,"E01011468",1,"Not at junction or within 20 metres","Darkness - lights lit","Fine no high winds","Wet or damp","Car occupant"
"9953","2018135111304",2018-01-01,2018,"Jan",1,"13:35",13,35,"Monday","Slight",1,"Slight","Car occupant","Driver or rider","Female",57,"A","Dual carriageway",40,"Unclassified","Not a Pedestrian","Not a Pedestrian",431442,432717,"E01011626",2,"Crossroads","Daylight","Fine no high winds","Dry","Car occupant"
"9954","2018135111365",2018-01-01,2018,"Jan",1,"14:21",14,21,"Monday","Slight",3,"Slight","Car occupant","Driver or rider","Male",33,"Unclassified","Single carriageway",30,"Unclassified","Not a Pedestrian","Not a Pedestrian",429509,431308,"E01011373",2,"T or staggered junction","Daylight","Raining no high winds","Wet or damp","Car occupant"
"9955","2018135111365",2018-01-01,2018,"Jan",1,"14:21",14,21,"Monday","Slight",3,"Slight","Car occupant","Passenger","Male",18,"Unclassified","Single carriageway",30,"Unclassified","Not a Pedestrian","Not a Pedestrian",429509,431308,"E01011373",2,"T or staggered junction","Daylight","Raining no high winds","Wet or damp","Car occupant"
"9956","2018135111365",2018-01-01,2018,"Jan",1,"14:21",14,21,"Monday","Slight",3,"Slight","Car occupant","Driver or rider","Male",31,"Unclassified","Single carriageway",30,"Unclassified","Not a Pedestrian","Not a Pedestrian",429509,431308,"E01011373",2,"T or staggered junction","Daylight","Raining no high winds","Wet or damp","Car occupant"
"9957","2018135111461",2018-01-01,2018,"Jan",1,"15:00",15,0,"Monday","Slight",1,"Slight","Car occupant","Driver or rider","Male",44,"Unclassified","Single carriageway",30,NA,"Not a Pedestrian","Not a Pedestrian",428919,429888,"E01011320",2,"Not at junction or within 20 metres","Daylight","Raining no high winds","Wet or damp","Car occupant"
"9958","2018135111443",2018-01-01,2018,"Jan",1,"15:08",15,8,"Monday","Slight",1,"Slight","Pedestrian","Pedestrian","Male",51,"A","Single carriageway",30,NA,"In carriageway, crossing elsewhere","Crossing from driver's offside",428444,431338,"E01011369",1,"Not at junction or within 20 metres","Daylight","Fine no high winds","Wet or damp","Pedestrian"
"9959","2018135111450",2018-01-01,2018,"Jan",1,"15:08",15,8,"Monday","Slight",1,"Slight","Car occupant","Driver or rider","Female",29,"A","Slip road",30,"A","Not a Pedestrian","Not a Pedestrian",428952,433434,"E01033015",2,"Slip road","Daylight","Fine no high winds","Wet or damp","Car occupant"
"9960","2018135111524",2018-01-01,2018,"Jan",1,"15:54",15,54,"Monday","Serious",2,"Serious","Car occupant","Driver or rider","Male",84,"A","Single carriageway",40,"Unclassified","Not a Pedestrian","Not a Pedestrian",425627,438001,"E01011686",2,"T or staggered junction","Daylight","Fine no high winds","Dry","Car occupant"
"9961","2018135111524",2018-01-01,2018,"Jan",1,"15:54",15,54,"Monday","Serious",2,"Slight","Car occupant","Driver or rider","Male",46,"A","Single carriageway",40,"Unclassified","Not a Pedestrian","Not a Pedestrian",425627,438001,"E01011686",2,"T or staggered junction","Daylight","Fine no high winds","Dry","Car occupant"
"9962","2018135210599",2018-01-02,2018,"Jan",2,"12:14",12,14,"Tuesday","Slight",1,"Slight","Car occupant","Driver or rider","Female",24,"Motorway","Roundabout",70,"Motorway","Not a Pedestrian","Not a Pedestrian",432375,426056,"E01011499",2,"Roundabout","Daylight","Raining no high winds","Wet or damp","Car occupant"
"9963","2018135130351",2018-01-03,2018,"Jan",3,"08:31",8,31,"Wednesday","Slight",1,"Slight","Pedestrian","Pedestrian","Male",11,"A","Single carriageway",30,NA,"In carriageway, crossing elsewhere","Crossing from driver's nearside",425035,427720,"E01011530",1,"Not at junction or within 20 metres","Daylight","Raining no high winds","Wet or damp","Pedestrian"
"9964","2018135130478",2018-01-03,2018,"Jan",3,"10:12",10,12,"Wednesday","Slight",1,"Slight","Car occupant","Driver or rider","Female",43,"Unclassified","Single carriageway",30,NA,"Not a Pedestrian","Not a Pedestrian",429772,434647,"E01033005",2,"Not at junction or within 20 metres","Daylight","Fine no high winds","Wet or damp","Car occupant"
"9965","2018135130621",2018-01-03,2018,"Jan",3,"11:20",11,20,"Wednesday","Slight",1,"Slight","Taxi/Private hire car occupant","Driver or rider","Male",50,"Unclassified","Single carriageway",30,"Unclassified","Not a Pedestrian","Not a Pedestrian",432664,436931,"E01011644",2,"T or staggered junction","Daylight","Fine no high winds","Wet or damp","Car occupant"
"9966","2018135131497",2018-01-03,2018,"Jan",3,"16:45",16,45,"Wednesday","Serious",3,"Serious","Car occupant","Driver or rider","Female",53,"A","Dual carriageway",30,"A","Not a Pedestrian","Not a Pedestrian",424059,428048,"E01011523",2,"T or staggered junction","Darkness - lights lit","Raining + high winds","Wet or damp","Car occupant"
"9967","2018135131497",2018-01-03,2018,"Jan",3,"16:45",16,45,"Wednesday","Serious",3,"Slight","Car occupant","Driver or rider","Male",27,"A","Dual carriageway",30,"A","Not a Pedestrian","Not a Pedestrian",424059,428048,"E01011523",2,"T or staggered junction","Darkness - lights lit","Raining + high winds","Wet or damp","Car occupant"
"9968","2018135131497",2018-01-03,2018,"Jan",3,"16:45",16,45,"Wednesday","Serious",3,"Slight","Car occupant","Passenger","Male",27,"A","Dual carriageway",30,"A","Not a Pedestrian","Not a Pedestrian",424059,428048,"E01011523",2,"T or staggered junction","Darkness - lights lit","Raining + high winds","Wet or damp","Car occupant"
"9969","2018135131385",2018-01-03,2018,"Jan",3,"17:35",17,35,"Wednesday","Serious",1,"Serious","Cyclist","Driver or rider","Male",42,"A","Dual carriageway",40,"Unclassified","Not a Pedestrian","Not a Pedestrian",427965,430292,"E01011317",2,"Roundabout","Darkness - lighting unknown","Raining no high winds","Wet or damp","Cyclist"
"9970","2018135131860",2018-01-03,2018,"Jan",3,"18:00",18,0,"Wednesday","Slight",1,"Slight","Cyclist","Driver or rider","Female",23,"A","Dual carriageway",40,"B","Not a Pedestrian","Not a Pedestrian",426288,435692,"E01011488",2,"Slip road","Darkness - lights lit","Fine no high winds","Wet or damp","Cyclist"
"9971","2018135140317",2018-01-04,2018,"Jan",4,"06:30",6,30,"Thursday","Slight",1,"Slight","Pedestrian","Pedestrian","Female",25,"Unclassified","Single carriageway",30,NA,"Crossing in zig-zag approach lines","Crossing from driver's nearside",431354,433969,"E01033031",1,"Not at junction or within 20 metres","Darkness - lights lit","Raining + high winds","Wet or damp","Pedestrian"
"9972","2018135140764",2018-01-04,2018,"Jan",4,"12:10",12,10,"Thursday","Slight",1,"Slight","Bus or coach occupant (17 or more pass seats)","Passenger","Male",2,"A","Single carriageway",30,NA,"Not a Pedestrian","Not a Pedestrian",426268,435815,"E01011488",2,"Not at junction or within 20 metres","Daylight","Fine no high winds","Wet or damp","Bus and goods vehicle occupant"
"9973","2018135141403",2018-01-04,2018,"Jan",4,"17:05",17,5,"Thursday","Slight",1,"Slight","Bus or coach occupant (17 or more pass seats)","Passenger","Male",39,"Unclassified","Single carriageway",30,"Unclassified","Not a Pedestrian","Not a Pedestrian",431273,433825,"E01011338",2,"T or staggered junction","Darkness - lights lit","Raining + high winds","Wet or damp","Bus and goods vehicle occupant"
"9974","2018135141435",2018-01-04,2018,"Jan",4,"17:35",17,35,"Thursday","Slight",1,"Slight","Car occupant","Driver or rider","Male",26,"Unclassified","Single carriageway",30,"Unclassified","Not a Pedestrian","Not a Pedestrian",431843,435796,"E01011422",2,"Crossroads","Darkness - lights lit","Raining + high winds","Wet or damp","Car occupant"
"9975","2018135141464",2018-01-04,2018,"Jan",4,"18:27",18,27,"Thursday","Fatal",2,"Fatal","Pedestrian","Pedestrian","Female",12,"A","Single carriageway",40,NA,"In carriageway, crossing elsewhere","Crossing from driver's offside",434885,437921,"E01011657",1,"Not at junction or within 20 metres","Darkness - lights lit","Raining + high winds","Wet or damp","Pedestrian"
"9976","2018135141464",2018-01-04,2018,"Jan",4,"18:27",18,27,"Thursday","Fatal",2,"Slight","Pedestrian","Pedestrian","Male",11,"A","Single carriageway",40,NA,"In carriageway, crossing elsewhere","Crossing from driver's offside",434885,437921,"E01011657",1,"Not at junction or within 20 metres","Darkness - lights lit","Raining + high winds","Wet or damp","Pedestrian"