"","accident_index","date","year","month","day","time","time_hour","time_minute","day_of_week","accident_severity","number_of_casualties","casualty_severity","casualty_type","casualty_class","sex_of_casualty","age_of_casualty","first_road_class","road_type","speed_limit","second_road_class","pedestrian_location","pedestrian_movement","location_easting_osgr","location_northing_osgr","lsoa_of_accident_location","number_of_vehicles","junction_detail","light_conditions","weather_conditions","road_surface_conditions","cas_type"
"9977","2018135141687",2018-01-04,2018,"Jan",4,"20:37",20,37,"Thursday","Slight",1,"Slight","Pedestrian","Pedestrian","Male",45,"A","Single carriageway",30,NA,"In carriageway, crossing elsewhere","Crossing from driver's offside",431615,435268,"E01011429",1,"Not at junction or within 20 metres","Darkness - lighting unknown","Fine no high winds","Wet or damp","Pedestrian"
"9978","2018135150988",2018-01-05,2018,"Jan",5,"07:30",7,30,"Friday","Slight",1,"Slight","Cyclist","Driver or rider","Male",54,"Unclassified","Single carriageway",30,"Unclassified","Not a Pedestrian","Not a Pedestrian",431267,429674,"E01011474",2,"T or staggered junction","Darkness - lights lit","Fine no high winds","Wet or damp","Cyclist"
"9979","2018135150878",2018-01-05,2018,"Jan",5,"13:15",13,15,"Friday","Slight",2,"Slight","Car occupant","Driver or rider","Female",27,"A","Slip road",30,"Unclassified","Not a Pedestrian","Not a Pedestrian",430689,431925,"E01011364",2,"Slip road","Daylight","Fine no high winds","Dry","Car occupant"
"9980","2018135150878",2018-01-05,2018,"Jan",5,"13:15",13,15,"Friday","Slight",2,"Slight","Car occupant","Passenger","Female",1,"A","Slip road",30,"Unclassified","Not a Pedestrian","Not a Pedestrian",430689,431925,"E01011364",2,"Slip road","Daylight","Fine no high winds","Dry","Car occupant"
"9981","2018135151211",2018-01-05,2018,"Jan",5,"16:10",16,10,"Friday","Slight",1,"Slight","Motorcycle 125cc and under rider or passenger","Driver or rider","Male",22,"Unclassified","Single carriageway",30,"Unclassified","Not a Pedestrian","Not a Pedestrian",429886,435210,"E01011670",2,"T or staggered junction","Darkness - lights lit","Fine no high winds","Wet or damp","Motorcyclist and pillion"
"9982","2018135151432",2018-01-05,2018,"Jan",5,"17:10",17,10,"Friday","Slight",1,"Slight","Pedestrian","Pedestrian","Male",47,"Unclassified","Single carriageway",30,"Unclassified","Unknown or other","Crossing from driver's nearside",422253,437288,"E01011458",1,"Private drive or entrance","Darkness - no lighting","Fine no high winds","Dry","Pedestrian"
"9983","2018135151459",2018-01-05,2018,"Jan",5,"17:11",17,11,"Friday","Slight",1,"Slight","Car occupant","Driver or rider","Female",38,"Motorway","Dual carriageway",70,NA,"Not a Pedestrian","Not a Pedestrian",439062,433978,"E01011410",2,"Not at junction or within 20 metres","Darkness - lights unlit","Fine no high winds","Dry","Car occupant"
"9984","2018135151365",2018-01-05,2018,"Jan",5,"17:30",17,30,"Friday","Slight",2,"Slight","Bus or coach occupant (17 or more pass seats)","Passenger","Female",17,"Unclassified","Single carriageway",30,NA,"Not a Pedestrian","Not a Pedestrian",430517,433712,"E01033010",2,"Not at junction or within 20 metres","Darkness - lights lit","Fine no high winds","Dry","Bus and goods vehicle occupant"
"9985","2018135151365",2018-01-05,2018,"Jan",5,"17:30",17,30,"Friday","Slight",2,"Slight","Bus or coach occupant (17 or more pass seats)","Passenger","Male",47,"Unclassified","Single carriageway",30,NA,"Not a Pedestrian","Not a Pedestrian",430517,433712,"E01033010",2,"Not at junction or within 20 metres","Darkness - lights lit","Fine no high winds","Dry","Bus and goods vehicle occupant"
"9986","2018135151410",2018-01-05,2018,"Jan",5,"17:45",17,45,"Friday","Slight",3,"Slight","Car occupant","Driver or rider","Female",62,"A","Single carriageway",60,"A","Not a Pedestrian","Not a Pedestrian",424127,444006,"E01032503",2,"Crossroads","Darkness - lights lit","Fine no high winds","Wet or damp","Car occupant"
"9987","2018135151410",2018-01-05,2018,"Jan",5,"17:45",17,45,"Friday","Slight",3,"Slight","Car occupant","Driver or rider","Female",42,"A","Single carriageway",60,"A","Not a Pedestrian","Not a Pedestrian",424127,444006,"E01032503",2,"Crossroads","Darkness - lights lit","Fine no high winds","Wet or damp","Car occupant"
"9988","2018135151410",2018-01-05,2018,"Jan",5,"17:45",17,45,"Friday","Slight",3,"Slight","Car occupant","Passenger","Female",20,"A","Single carriageway",60,"A","Not a Pedestrian","Not a Pedestrian",424127,444006,"E01032503",2,"Crossroads","Darkness - lights lit","Fine no high winds","Wet or damp","Car occupant"
"9989","2018135160107",2018-01-06,2018,"Jan",6,"01:17",1,17,"Saturday","Slight",1,"Slight","Car occupant","Passenger","Male",27,"Unclassified","Single carriageway",30,"Unclassified","Not a Pedestrian","Not a Pedestrian",429246,433955,"E01011678",2,"Other junction","Darkness - lights lit","Fine no high winds","Wet or damp","Car occupant"
"9990","2018135161450",2018-01-06,2018,"Jan",6,"13:45",13,45,"Saturday","Slight",2,"Slight","Bus or coach occupant (17 or more pass seats)","Driver or rider","Male",29,"A","Slip road",40,"Unclassified","Not a Pedestrian","Not a Pedestrian",431190,433664,"E01033021",2,"Slip road","Daylight","Fine no high winds","Dry","Bus and goods vehicle occupant"
"9991","2018135161450",2018-01-06,2018,"Jan",6,"13:45",13,45,"Saturday","Slight",2,"Slight","Bus or coach occupant (17 or more pass seats)","Passenger","Female",75,"A","Slip road",40,"Unclassified","Not a Pedestrian","Not a Pedestrian",431190,433664,"E01033021",2,"Slip road","Daylight","Fine no high winds","Dry","Bus and goods vehicle occupant"
"9992","2018135160854",2018-01-06,2018,"Jan",6,"13:47",13,47,"Saturday","Slight",1,"Slight","Car occupant","Driver or rider","Male",25,"Unclassified","Single carriageway",30,NA,"Not a Pedestrian","Not a Pedestrian",422486,433074,"E01011600",3,"Not at junction or within 20 metres","Daylight","Fine no high winds","Wet or damp","Car occupant"
"9993","2018135160883",2018-01-06,2018,"Jan",6,"14:00",14,0,"Saturday","Slight",2,"Slight","Car occupant","Driver or rider","Male",36,"Motorway","Roundabout",70,"Motorway","Not a Pedestrian","Not a Pedestrian",432350,426044,"E01011499",2,"Roundabout","Daylight","Fine no high winds","Wet or damp","Car occupant"
"9994","2018135160883",2018-01-06,2018,"Jan",6,"14:00",14,0,"Saturday","Slight",2,"Slight","Car occupant","Passenger","Female",40,"Motorway","Roundabout",70,"Motorway","Not a Pedestrian","Not a Pedestrian",432350,426044,"E01011499",2,"Roundabout","Daylight","Fine no high winds","Wet or damp","Car occupant"
"9995","2018135170291",2018-01-07,2018,"Jan",7,"05:08",5,8,"Sunday","Slight",1,"Slight","Van / Goods vehicle (3.5 tonnes mgw or under) occupant","Driver or rider","Male",39,"Unclassified","Unknown",30,"Unclassified","Not a Pedestrian","Not a Pedestrian",428838,436574,"E01011691",2,"Other junction","Darkness - lights lit","Fine no high winds","Dry","Bus and goods vehicle occupant"
"9996","2018135170529",2018-01-07,2018,"Jan",7,"11:30",11,30,"Sunday","Slight",1,"Slight","Car occupant","Driver or rider","Female",46,"Unclassified","Single carriageway",30,"Unclassified","Not a Pedestrian","Not a Pedestrian",426459,433842,"E01032608",2,"T or staggered junction","Daylight","Fine no high winds","Wet or damp","Car occupant"
"9997","2018135180252",2018-01-08,2018,"Jan",8,"08:00",8,0,"Monday","Slight",1,"Slight","Pedestrian","Pedestrian","Female",11,"Unclassified","Roundabout",30,"Unclassified","In centre of carriageway - not on refuge, island or central reservation","Crossing from driver's nearside",433999,435142,"E01011339",1,"Roundabout","Daylight","Fine no high winds","Frost or ice","Pedestrian"
"9998","2018135180490",2018-01-08,2018,"Jan",8,"10:30",10,30,"Monday","Slight",1,"Slight","Car occupant","Driver or rider","Female",41,"Unclassified","Single carriageway",30,"Unclassified","Not a Pedestrian","Not a Pedestrian",422879,439315,"E01011455",2,"Crossroads","Daylight","Fine no high winds","Wet or damp","Car occupant"
"9999","2018135180563",2018-01-08,2018,"Jan",8,"11:16",11,16,"Monday","Slight",2,"Slight","Cyclist","Driver or rider","Male",19,"A","Single carriageway",50,"Unclassified","Not a Pedestrian","Not a Pedestrian",426646,441800,"E01032504",4,"Other junction","Daylight","Fine no high winds","Dry","Cyclist"
"10000","2018135180563",2018-01-08,2018,"Jan",8,"11:16",11,16,"Monday","Slight",2,"Slight","Cyclist","Driver or rider","Male",28,"A","Single carriageway",50,"Unclassified","Not a Pedestrian","Not a Pedestrian",426646,441800,"E01032504",4,"Other junction","Daylight","Fine no high winds","Dry","Cyclist"
"10001","2018135180709",2018-01-08,2018,"Jan",8,"12:27",12,27,"Monday","Slight",1,"Slight","Pedestrian","Pedestrian","Female",76,"Unclassified","Single carriageway",30,NA,"In carriageway, crossing elsewhere","Crossing from driver's nearside",420161,445804,"E01011569",1,"Not at junction or within 20 metres","Daylight","Fine no high winds","Dry","Pedestrian"
"10002","2018135181139",2018-01-08,2018,"Jan",8,"15:50",15,50,"Monday","Slight",1,"Slight","Pedestrian","Pedestrian","Male",20,"Unclassified","One way street",30,"Unclassified","Crossing on pedestrian crossing facility","Crossing from driver's offside",429866,433412,"E01033016",1,"Other junction","Daylight","Fine no high winds","Dry","Pedestrian"
"10003","2018135181330",2018-01-08,2018,"Jan",8,"16:20",16,20,"Monday","Slight",1,"Slight","Car occupant","Driver or rider","Female",19,"A","Dual carriageway",30,"Unclassified","Not a Pedestrian","Not a Pedestrian",431467,432552,"E01011626",2,"Other junction","Daylight","Fine no high winds","Dry","Car occupant"
"10004","2018135190310",2018-01-09,2018,"Jan",9,"08:40",8,40,"Tuesday","Slight",1,"Slight","Pedestrian","Pedestrian","Female",81,"Unclassified","Single carriageway",30,"Unclassified","In carriageway, crossing elsewhere","Crossing from driver's offside",424495,439140,"E01032501",1,"T or staggered junction","Darkness - lights unlit","Fine no high winds","Dry","Pedestrian"
"10005","2018135190724",2018-01-09,2018,"Jan",9,"11:26",11,26,"Tuesday","Slight",1,"Slight","Bus or coach occupant (17 or more pass seats)","Passenger","Female",60,"A","Single carriageway",30,"A","Not a Pedestrian","Not a Pedestrian",418175,442474,"E01011280",1,"Other junction","Daylight","Fine no high winds","Dry","Bus and goods vehicle occupant"
"10006","2018135191140",2018-01-09,2018,"Jan",9,"16:00",16,0,"Tuesday","Slight",1,"Slight","Pedestrian","Pedestrian","Male",16,"Unclassified","Single carriageway",30,"Unclassified","Crossing on pedestrian crossing facility","Crossing from driver's offside",429444,437311,"E01011507",1,"Crossroads","Darkness - lights lit","Fine no high winds","Dry","Pedestrian"
"10007","2018135191266",2018-01-09,2018,"Jan",9,"17:42",17,42,"Tuesday","Slight",1,"Slight","Car occupant","Driver or rider","Male",49,"Motorway","Slip road",70,"Unclassified","Not a Pedestrian","Not a Pedestrian",424095,428091,"E01011523",2,"Slip road","Darkness - lighting unknown","Fine no high winds","Wet or damp","Car occupant"
"10008","20181351A0334",2018-01-10,2018,"Jan",10,"08:49",8,49,"Wednesday","Slight",1,"Slight","Pedestrian","Pedestrian","Male",6,"Unclassified","Single carriageway",30,NA,"In carriageway, crossing elsewhere","Crossing from driver's nearside",435577,437891,"E01011717",1,"Not at junction or within 20 metres","Daylight","Fine no high winds","Wet or damp","Pedestrian"
"10009","20181351A0320",2018-01-10,2018,"Jan",10,"08:52",8,52,"Wednesday","Slight",1,"Slight","Car occupant","Driver or rider","Female",25,"Motorway","Slip road",70,NA,"Not a Pedestrian","Not a Pedestrian",437768,432613,"E01011402",4,"Not at junction or within 20 metres","Daylight","Fog or mist","Wet or damp","Car occupant"
"10010","20181351B0632",2018-01-10,2018,"Jan",10,"10:14",10,14,"Wednesday","Slight",1,"Slight","Car occupant","Driver or rider","Female",47,"A","One way street",30,NA,"Not a Pedestrian","Not a Pedestrian",428627,432517,"E01011363",2,"Not at junction or within 20 metres","Daylight","Fine no high winds","Wet or damp","Car occupant"
"10011","20181351A0699",2018-01-10,2018,"Jan",10,"12:34",12,34,"Wednesday","Slight",1,"Slight","Van / Goods vehicle (3.5 tonnes mgw or under) occupant","Driver or rider","Male",67,"A","Single carriageway",30,"A","Not a Pedestrian","Not a Pedestrian",430907,432292,"E01033018",2,"T or staggered junction","Daylight","Fine no high winds","Dry","Bus and goods vehicle occupant"
"10012","20181351A0945",2018-01-10,2018,"Jan",10,"14:35",14,35,"Wednesday","Serious",1,"Serious","Goods vehicle (7.5 tonnes mgw and over) occupant","Driver or rider","Male",55,"Motorway","Dual carriageway",70,NA,"Not a Pedestrian","Not a Pedestrian",437793,432383,"E01011402",3,"Not at junction or within 20 metres","Daylight","Fine no high winds","Wet or damp","Bus and goods vehicle occupant"
"10013","20181351A1086",2018-01-10,2018,"Jan",10,"15:30",15,30,"Wednesday","Serious",1,"Serious","Cyclist","Driver or rider","Male",23,"Unclassified","Single carriageway",30,"Unclassified","Not a Pedestrian","Not a Pedestrian",426484,432010,"E01011737",2,"T or staggered junction","Daylight","Fine no high winds","Wet or damp","Cyclist"
"10014","20181351A1551",2018-01-10,2018,"Jan",10,"15:30",15,30,"Wednesday","Slight",1,"Slight","Car occupant","Driver or rider","Female",29,"Unclassified","Dual carriageway",30,NA,"Not a Pedestrian","Not a Pedestrian",430944,436531,"E01011356",2,"Not at junction or within 20 metres","Daylight","Fine no high winds","Dry","Car occupant"
"10015","20181351A1433",2018-01-10,2018,"Jan",10,"18:17",18,17,"Wednesday","Slight",1,"Slight","Motorcycle over 125cc and up to 500cc rider or  passenger","Driver or rider","Male",49,"Unclassified","Single carriageway",30,"Unclassified","Not a Pedestrian","Not a Pedestrian",432499,434064,"E01011348",2,"T or staggered junction","Darkness - lights lit","Fine no high winds","Wet or damp","Motorcyclist and pillion"
"10016","20181351A1895",2018-01-10,2018,"Jan",10,"22:08",22,8,"Wednesday","Slight",2,"Slight","Car occupant","Driver or rider","Male",48,"A","Single carriageway",30,"Unclassified","Not a Pedestrian","Not a Pedestrian",421988,436527,"E01011591",2,"Roundabout","Darkness - lights lit","Fine no high winds","Wet or damp","Car occupant"
"10017","20181351A1895",2018-01-10,2018,"Jan",10,"22:08",22,8,"Wednesday","Slight",2,"Slight","Car occupant","Driver or rider","Female",53,"A","Single carriageway",30,"Unclassified","Not a Pedestrian","Not a Pedestrian",421988,436527,"E01011591",2,"Roundabout","Darkness - lights lit","Fine no high winds","Wet or damp","Car occupant"
"10018","20181351B0230",2018-01-11,2018,"Jan",11,"07:00",7,0,"Thursday","Slight",1,"Slight","Pedestrian","Pedestrian","Female",87,"Unclassified","Single carriageway",30,NA,"In carriageway, crossing elsewhere","Crossing from driver's nearside",433936,428874,"E01011639",1,"Not at junction or within 20 metres","Darkness - lights lit","Fine no high winds","Dry","Pedestrian"
"10019","20181351B0349",2018-01-11,2018,"Jan",11,"08:55",8,55,"Thursday","Slight",5,"Slight","Bus or coach occupant (17 or more pass seats)","Passenger","Female",51,"Unclassified","Single carriageway",30,NA,"Not a Pedestrian","Not a Pedestrian",430076,433872,"E01033010",1,"Not at junction or within 20 metres","Daylight","Fine no high winds","Wet or damp","Bus and goods vehicle occupant"
"10020","20181351B0349",2018-01-11,2018,"Jan",11,"08:55",8,55,"Thursday","Slight",5,"Slight","Bus or coach occupant (17 or more pass seats)","Passenger","Female",38,"Unclassified","Single carriageway",30,NA,"Not a Pedestrian","Not a Pedestrian",430076,433872,"E01033010",1,"Not at junction or within 20 metres","Daylight","Fine no high winds","Wet or damp","Bus and goods vehicle occupant"
"10021","20181351B0349",2018-01-11,2018,"Jan",11,"08:55",8,55,"Thursday","Slight",5,"Slight","Bus or coach occupant (17 or more pass seats)","Passenger","Female",60,"Unclassified","Single carriageway",30,NA,"Not a Pedestrian","Not a Pedestrian",430076,433872,"E01033010",1,"Not at junction or within 20 metres","Daylight","Fine no high winds","Wet or damp","Bus and goods vehicle occupant"
"10022","20181351B0349",2018-01-11,2018,"Jan",11,"08:55",8,55,"Thursday","Slight",5,"Slight","Bus or coach occupant (17 or more pass seats)","Passenger","Female",51,"Unclassified","Single carriageway",30,NA,"Not a Pedestrian","Not a Pedestrian",430076,433872,"E01033010",1,"Not at junction or within 20 metres","Daylight","Fine no high winds","Wet or damp","Bus and goods vehicle occupant"
"10023","20181351B0349",2018-01-11,2018,"Jan",11,"08:55",8,55,"Thursday","Slight",5,"Slight","Bus or coach occupant (17 or more pass seats)","Passenger","Female",50,"Unclassified","Single carriageway",30,NA,"Not a Pedestrian","Not a Pedestrian",430076,433872,"E01033010",1,"Not at junction or within 20 metres","Daylight","Fine no high winds","Wet or damp","Bus and goods vehicle occupant"
"10024","20181351B1288",2018-01-11,2018,"Jan",11,"12:05",12,5,"Thursday","Slight",1,"Slight","Pedestrian","Pedestrian","Female",4,"Unclassified","Single carriageway",30,NA,"On footway or verge","Unknown or other",431791,434652,"E01011677",1,"Not at junction or within 20 metres","Daylight","Fine no high winds","Wet or damp","Pedestrian"
"10025","20181351B1241",2018-01-11,2018,"Jan",11,"14:55",14,55,"Thursday","Slight",1,"Slight","Bus or coach occupant (17 or more pass seats)","Passenger","Female",71,"Unclassified","Single carriageway",30,NA,"Not a Pedestrian","Not a Pedestrian",431320,433911,"E01033031",1,"Not at junction or within 20 metres","Daylight","Fine no high winds","Dry","Bus and goods vehicle occupant"
"10026","20181351B0975",2018-01-11,2018,"Jan",11,"15:00",15,0,"Thursday","Slight",1,"Slight","Car occupant","Passenger","Female",13,"Unclassified","Single carriageway",30,"Unclassified","Not a Pedestrian","Not a Pedestrian",424572,434438,"E01011287",2,"T or staggered junction","Daylight","Fine no high winds","Dry","Car occupant"
"10027","20181351B1212",2018-01-11,2018,"Jan",11,"16:59",16,59,"Thursday","Slight",1,"Slight","Car occupant","Driver or rider","Female",47,"Unclassified","Single carriageway",30,"B","Not a Pedestrian","Not a Pedestrian",423190,434659,"E01011337",2,"Crossroads","Darkness - lights lit","Fine no high winds","Wet or damp","Car occupant"
"10028","20181351B1329",2018-01-11,2018,"Jan",11,"17:52",17,52,"Thursday","Slight",1,"Slight","Pedestrian","Pedestrian","Female",59,"Unclassified","Single carriageway",30,"Unclassified","In carriageway, crossing elsewhere","Crossing from driver's nearside",429654,433388,"E01033008",1,"T or staggered junction","Darkness - lights lit","Fine no high winds","Wet or damp","Pedestrian"
"10029","20181351B1315",2018-01-11,2018,"Jan",11,"18:00",18,0,"Thursday","Serious",1,"Serious","Pedestrian","Pedestrian","Male",50,"Unclassified","One way street",30,NA,"Crossing elsewhere within 50m. of pedestrian crossing","Crossing from nearside - masked by parked or stationary vehicle",430859,433470,"E01033011",1,"Not at junction or within 20 metres","Darkness - lights lit","Fine no high winds","Dry","Pedestrian"
"10030","20181351C1211",2018-01-12,2018,"Jan",12,"16:15",16,15,"Friday","Slight",1,"Slight","Car occupant","Driver or rider","Male",23,"Unclassified","Single carriageway",30,NA,"Not a Pedestrian","Not a Pedestrian",428411,435013,"E01011445",2,"Not at junction or within 20 metres","Daylight","Fine no high winds","Dry","Car occupant"
"10031","2018135220471",2018-01-12,2018,"Jan",12,"16:15",16,15,"Friday","Slight",1,"Slight","Bus or coach occupant (17 or more pass seats)","Passenger","Female",83,"Unclassified","Single carriageway",30,"Unclassified","Not a Pedestrian","Not a Pedestrian",425837,437783,"E01011686",1,"T or staggered junction","Daylight","Fine no high winds","Dry","Bus and goods vehicle occupant"
"10032","20181351C1909",2018-01-12,2018,"Jan",12,"20:45",20,45,"Friday","Slight",1,"Slight","Car occupant","Driver or rider","Male",22,"B","Single carriageway",30,NA,"Not a Pedestrian","Not a Pedestrian",427787,436484,"E01011692",2,"Not at junction or within 20 metres","Darkness - lights lit","Fine no high winds","Wet or damp","Car occupant"
"10033","20181351D0387",2018-01-13,2018,"Jan",13,"07:35",7,35,"Saturday","Slight",1,"Slight","Motorcycle over 500cc rider or passenger","Driver or rider","Male",59,"A","Single carriageway",60,NA,"Not a Pedestrian","Not a Pedestrian",422306,445990,"E01011569",1,"Not at junction or within 20 metres","Daylight","Fine no high winds","Frost or ice","Motorcyclist and pillion"
"10034","20181351C0703",2018-01-13,2018,"Jan",13,"12:10",12,10,"Saturday","Slight",1,"Slight","Motorcycle 50cc and under rider or passenger","Driver or rider","Male",18,"Unclassified","Single carriageway",30,NA,"Not a Pedestrian","Not a Pedestrian",432273,434581,"E01011344",2,"Not at junction or within 20 metres","Daylight","Fine no high winds","Dry","Motorcyclist and pillion"
"10035","20181351D0810",2018-01-13,2018,"Jan",13,"12:55",12,55,"Saturday","Slight",1,"Slight","Motorcycle over 125cc and up to 500cc rider or  passenger","Driver or rider","Male",38,"B","Single carriageway",30,NA,"Not a Pedestrian","Not a Pedestrian",426292,428015,"E01011533",2,"Not at junction or within 20 metres","Daylight","Fine no high winds","Dry","Motorcyclist and pillion"
"10036","20181351D1266",2018-01-13,2018,"Jan",13,"16:48",16,48,"Saturday","Slight",1,"Slight","Bus or coach occupant (17 or more pass seats)","Passenger","Female",37,"Unclassified","Single carriageway",30,"Unclassified","Not a Pedestrian","Not a Pedestrian",431346,433945,"E01033031",2,"T or staggered junction","Darkness - lights lit","Fine no high winds","Dry","Bus and goods vehicle occupant"
"10037","20181351E1008",2018-01-14,2018,"Jan",14,"13:20",13,20,"Sunday","Slight",1,"Slight","Bus or coach occupant (17 or more pass seats)","Passenger","Female",1,"Unclassified","Dual carriageway",30,NA,"Not a Pedestrian","Not a Pedestrian",431297,429122,"E01011475",2,"Not at junction or within 20 metres","Daylight","Fine no high winds","Wet or damp","Bus and goods vehicle occupant"
"10038","20181351E1227",2018-01-14,2018,"Jan",14,"16:25",16,25,"Sunday","Slight",1,"Slight","Pedestrian","Pedestrian","Male",11,"Unclassified","Single carriageway",30,"Unclassified","In carriageway, not crossing","In carriageway, stationary - not crossing  (standing or playing)",426521,435648,"E01011477",1,"Crossroads","Darkness - lights lit","Fine no high winds","Dry","Pedestrian"
"10039","20181351E1717",2018-01-14,2018,"Jan",14,"20:45",20,45,"Sunday","Slight",1,"Slight","Taxi/Private hire car occupant","Passenger","Female",56,"Unclassified","Single carriageway",30,NA,"Not a Pedestrian","Not a Pedestrian",430241,434626,"E01033002",1,"Not at junction or within 20 metres","Darkness - lights lit","Fine no high winds","Dry","Car occupant"
"10040","20181351E1843",2018-01-14,2018,"Jan",14,"22:50",22,50,"Sunday","Slight",1,"Slight","Other vehicle occupant","Passenger","Male",22,"Unclassified","Single carriageway",30,NA,"Not a Pedestrian","Not a Pedestrian",430404,428108,"E01032498",1,"Not at junction or within 20 metres","Darkness - lighting unknown","Fine no high winds","Dry","Others"
"10041","20181351F0205",2018-01-15,2018,"Jan",15,"07:00",7,0,"Monday","Slight",1,"Slight","Motorcycle over 500cc rider or passenger","Driver or rider","Male",28,"A","Roundabout",40,"A","Not a Pedestrian","Not a Pedestrian",435288,434836,"E01011666",2,"Roundabout","Darkness - lights lit","Raining no high winds","Wet or damp","Motorcyclist and pillion"
"10042","20181351F0848",2018-01-15,2018,"Jan",15,"13:30",13,30,"Monday","Slight",1,"Slight","Bus or coach occupant (17 or more pass seats)","Passenger","Male",78,"A(M)","Dual carriageway",40,NA,"Not a Pedestrian","Not a Pedestrian",434197,434279,"E01011346",1,"Not at junction or within 20 metres","Daylight","Fine no high winds","Dry","Bus and goods vehicle occupant"
"10043","20181351F1050",2018-01-15,2018,"Jan",15,"15:15",15,15,"Monday","Serious",1,"Serious","Pedestrian","Pedestrian","Male",6,"Unclassified","Single carriageway",20,NA,"In carriageway, crossing elsewhere","Crossing from nearside - masked by parked or stationary vehicle",429906,436509,"E01011355",1,"Not at junction or within 20 metres","Daylight","Fine no high winds","Wet or damp","Pedestrian"
"10044","20181351F1547",2018-01-15,2018,"Jan",15,"18:50",18,50,"Monday","Slight",1,"Slight","Car occupant","Driver or rider","Female",36,"A","Single carriageway",30,NA,"Not a Pedestrian","Not a Pedestrian",427741,436460,"E01011692",2,"Not at junction or within 20 metres","Darkness - lights lit","Fine no high winds","Dry","Car occupant"
"10045","20181351G0154",2018-01-16,2018,"Jan",16,"05:35",5,35,"Tuesday","Slight",1,"Slight","Cyclist","Driver or rider","Male",39,"A","Roundabout",40,"A","Not a Pedestrian","Not a Pedestrian",430754,439227,"E01011556",2,"Roundabout","Darkness - lights lit","Fine no high winds","Wet or damp","Cyclist"
"10046","20181351H1034",2018-01-16,2018,"Jan",16,"08:40",8,40,"Tuesday","Slight",1,"Slight","Car occupant","Driver or rider","Female",42,"A","Single carriageway",30,"Unclassified","Not a Pedestrian","Not a Pedestrian",431434,431599,"E01011468",2,"T or staggered junction","Darkness - lights lit","Raining no high winds","Wet or damp","Car occupant"
"10047","20181351G0377",2018-01-16,2018,"Jan",16,"08:45",8,45,"Tuesday","Slight",1,"Slight","Pedestrian","Pedestrian","Female",29,"Unclassified","Single carriageway",30,NA,"In carriageway, crossing elsewhere","Crossing from driver's nearside",426759,427947,"E01032489",1,"Not at junction or within 20 metres","Daylight","Fine no high winds","Dry","Pedestrian"
"10048","20181351G1247",2018-01-16,2018,"Jan",16,"16:45",16,45,"Tuesday","Slight",1,"Slight","Cyclist","Driver or rider","Male",28,"Unclassified","Roundabout",30,"A","Not a Pedestrian","Not a Pedestrian",428405,432473,"E01011363",2,"Roundabout","Darkness - lights lit","Fine + high winds","Snow","Cyclist"
"10049","20181351G1228",2018-01-16,2018,"Jan",16,"16:47",16,47,"Tuesday","Slight",1,"Slight","Pedestrian","Pedestrian","Female",76,"Unclassified","Single carriageway",30,"Unclassified","In carriageway, crossing elsewhere","Crossing from driver's offside",420333,445551,"E01011569",1,"T or staggered junction","Darkness - lights lit","Snowing no high winds","Snow","Pedestrian"
"10050","20181351G1268",2018-01-16,2018,"Jan",16,"17:05",17,5,"Tuesday","Serious",1,"Serious","Pedestrian","Pedestrian","Male",52,"C","Single carriageway",30,"C","In carriageway, crossing elsewhere","Crossing from driver's nearside",431010,428483,"E01032497",1,"Other junction","Darkness - lights lit","Snowing no high winds","Snow","Pedestrian"
"10051","20181351G1332",2018-01-16,2018,"Jan",16,"17:25",17,25,"Tuesday","Slight",1,"Slight","Motorcycle 125cc and under rider or passenger","Driver or rider","Male",23,"A","Dual carriageway",40,"Unclassified","Not a Pedestrian","Not a Pedestrian",427732,425798,"E01011548",1,"T or staggered junction","Darkness - lights lit","Snowing + high winds","Snow","Motorcyclist and pillion"
"10052","20181351G1876",2018-01-16,2018,"Jan",16,"21:20",21,20,"Tuesday","Slight",1,"Slight","Car occupant","Driver or rider","Female",29,"A","Single carriageway",30,"A","Not a Pedestrian","Not a Pedestrian",432513,427318,"E01032496",2,"Crossroads","Darkness - lights lit","Snowing no high winds","Snow","Car occupant"
"10053","20181351G2091",2018-01-16,2018,"Jan",16,"22:14",22,14,"Tuesday","Slight",1,"Slight","Car occupant","Driver or rider","Female",55,"Motorway","Roundabout",50,"Motorway","Not a Pedestrian","Not a Pedestrian",432405,426229,"E01011499",2,"Roundabout","Darkness - lighting unknown","Fine no high winds","Wet or damp","Car occupant"
"10054","20181351H0354",2018-01-17,2018,"Jan",17,"08:50",8,50,"Wednesday","Slight",1,"Slight","Car occupant","Driver or rider","Male",42,"Unclassified","Single carriageway",30,"Unclassified","Not a Pedestrian","Not a Pedestrian",425900,434497,"E01011283",2,"T or staggered junction","Daylight","Raining no high winds","Snow","Car occupant"
"10055","20181351H1013",2018-01-17,2018,"Jan",17,"15:00",15,0,"Wednesday","Serious",1,"Serious","Car occupant","Driver or rider","Female",36,"Unclassified","Single carriageway",30,NA,"Not a Pedestrian","Not a Pedestrian",433394,435105,"E01011339",1,"Not at junction or within 20 metres","Daylight","Raining no high winds","Wet or damp","Car occupant"