"","accident_index","date","year","month","day","time","time_hour","time_minute","day_of_week","accident_severity","number_of_casualties","casualty_severity","casualty_type","casualty_class","sex_of_casualty","age_of_casualty","first_road_class","road_type","speed_limit","second_road_class","pedestrian_location","pedestrian_movement","location_easting_osgr","location_northing_osgr","lsoa_of_accident_location","number_of_vehicles","junction_detail","light_conditions","weather_conditions","road_surface_conditions","cas_type"
"10217","20181352C1095",2018-02-12,2018,"Feb",12,"15:25",15,25,"Monday","Slight",1,"Slight","Car occupant","Driver or rider","Female",26,"A","Roundabout",30,NA,"Not a Pedestrian","Not a Pedestrian",430711,424426,"E01011537",2,"Not at junction or within 20 metres","Daylight","Fine no high winds","Dry","Car occupant"
"10218","20181352D0357",2018-02-12,2018,"Feb",12,"17:20",17,20,"Monday","Slight",1,"Slight","Pedestrian","Pedestrian","Male",59,"Unclassified","Single carriageway",30,"Unclassified","Crossing elsewhere within 50m. of pedestrian crossing","Crossing from nearside - masked by parked or stationary vehicle",431269,433826,"E01011338",1,"T or staggered junction","Darkness - lights lit","Fine no high winds","Dry","Pedestrian"
"10219","20181352C1982",2018-02-12,2018,"Feb",12,"22:15",22,15,"Monday","Slight",1,"Slight","Car occupant","Driver or rider","Male",47,"Unclassified","Single carriageway",30,"Unclassified","Not a Pedestrian","Not a Pedestrian",432552,434328,"E01011347",2,"T or staggered junction","Darkness - lights lit","Fine no high winds","Dry","Car occupant"
"10220","20181352D0371",2018-02-13,2018,"Feb",13,"09:13",9,13,"Tuesday","Slight",1,"Slight","Car occupant","Driver or rider","Male",25,"Unclassified","Single carriageway",30,"Unclassified","Not a Pedestrian","Not a Pedestrian",428113,432785,"E01011362",2,"T or staggered junction","Daylight","Raining no high winds","Wet or damp","Car occupant"
"10221","20181352D0581",2018-02-13,2018,"Feb",13,"11:31",11,31,"Tuesday","Slight",1,"Slight","Car occupant","Driver or rider","Male",21,"Unclassified","Dual carriageway",40,"A","Not a Pedestrian","Not a Pedestrian",431427,432651,"E01011626",2,"Other junction","Daylight","Raining no high winds","Wet or damp","Car occupant"
"10222","20181352D0890",2018-02-13,2018,"Feb",13,"14:25",14,25,"Tuesday","Slight",1,"Slight","Bus or coach occupant (17 or more pass seats)","Passenger","Male",69,"A","Single carriageway",30,NA,"Not a Pedestrian","Not a Pedestrian",430040,434049,"E01033010",1,"Not at junction or within 20 metres","Daylight","Fine no high winds","Wet or damp","Bus and goods vehicle occupant"
"10223","20181352E0249",2018-02-14,2018,"Feb",14,"07:40",7,40,"Wednesday","Slight",2,"Slight","Car occupant","Driver or rider","Female",32,"Unclassified","Single carriageway",30,"Unclassified","Not a Pedestrian","Not a Pedestrian",424278,428910,"E01011523",2,"T or staggered junction","Daylight","Raining no high winds","Dry","Car occupant"
"10224","20181352E0249",2018-02-14,2018,"Feb",14,"07:40",7,40,"Wednesday","Slight",2,"Slight","Car occupant","Driver or rider","Female",23,"Unclassified","Single carriageway",30,"Unclassified","Not a Pedestrian","Not a Pedestrian",424278,428910,"E01011523",2,"T or staggered junction","Daylight","Raining no high winds","Dry","Car occupant"
"10225","20181352E0458",2018-02-14,2018,"Feb",14,"10:15",10,15,"Wednesday","Slight",3,"Slight","Car occupant","Driver or rider","Male",71,"A","Single carriageway",30,NA,"Not a Pedestrian","Not a Pedestrian",433065,426415,"E01011500",3,"Not at junction or within 20 metres","Daylight","Fine no high winds","Wet or damp","Car occupant"
"10226","20181352E0458",2018-02-14,2018,"Feb",14,"10:15",10,15,"Wednesday","Slight",3,"Slight","Car occupant","Driver or rider","Female",25,"A","Single carriageway",30,NA,"Not a Pedestrian","Not a Pedestrian",433065,426415,"E01011500",3,"Not at junction or within 20 metres","Daylight","Fine no high winds","Wet or damp","Car occupant"
"10227","20181352E0458",2018-02-14,2018,"Feb",14,"10:15",10,15,"Wednesday","Slight",3,"Slight","Car occupant","Passenger","Male",36,"A","Single carriageway",30,NA,"Not a Pedestrian","Not a Pedestrian",433065,426415,"E01011500",3,"Not at junction or within 20 metres","Daylight","Fine no high winds","Wet or damp","Car occupant"
"10228","20181352E1341",2018-02-14,2018,"Feb",14,"17:30",17,30,"Wednesday","Slight",1,"Slight","Cyclist","Driver or rider","Male",54,"A","Single carriageway",30,"Unclassified","Not a Pedestrian","Not a Pedestrian",428139,435851,"E01032946",2,"T or staggered junction","Darkness - lights lit","Fine no high winds","Wet or damp","Cyclist"
"10229","20181352E1362",2018-02-14,2018,"Feb",14,"18:04",18,4,"Wednesday","Serious",1,"Serious","Car occupant","Driver or rider","Male",67,"Motorway","Dual carriageway",70,NA,"Not a Pedestrian","Not a Pedestrian",432430,426102,"E01011499",3,"Not at junction or within 20 metres","Darkness - lights lit","Raining no high winds","Wet or damp","Car occupant"
"10230","20181352E1501",2018-02-14,2018,"Feb",14,"19:12",19,12,"Wednesday","Slight",1,"Slight","Pedestrian","Pedestrian","Male",31,"Unclassified","Single carriageway",20,NA,"In carriageway, crossing elsewhere","Crossing from offside - masked by  parked or stationary vehicle",429183,430908,"E01011314",1,"Not at junction or within 20 metres","Darkness - lights lit","Fine no high winds","Wet or damp","Pedestrian"
"10231","20181352F0138",2018-02-15,2018,"Feb",15,"02:19",2,19,"Thursday","Slight",1,"Slight","Pedestrian","Pedestrian","Male",28,"Unclassified","Single carriageway",30,NA,"In carriageway, not crossing","In carriageway, stationary - not crossing  (standing or playing)",426316,433620,"E01032500",1,"Not at junction or within 20 metres","Darkness - lights lit","Fine no high winds","Dry","Pedestrian"
"10232","20181352G0403",2018-02-16,2018,"Feb",16,"09:00",9,0,"Friday","Serious",1,"Serious","Car occupant","Passenger","Female",65,"Unclassified","Single carriageway",30,NA,"Not a Pedestrian","Not a Pedestrian",429320,436294,"E01011450",2,"Not at junction or within 20 metres","Daylight","Fine no high winds","Wet or damp","Car occupant"
"10233","20181352G0633",2018-02-16,2018,"Feb",16,"11:15",11,15,"Friday","Slight",2,"Slight","Car occupant","Driver or rider","Male",81,"A","Single carriageway",30,NA,"Not a Pedestrian","Not a Pedestrian",418260,442433,"E01011280",2,"Not at junction or within 20 metres","Daylight","Fine no high winds","Wet or damp","Car occupant"
"10234","20181352G0633",2018-02-16,2018,"Feb",16,"11:15",11,15,"Friday","Slight",2,"Slight","Car occupant","Driver or rider","Male",70,"A","Single carriageway",30,NA,"Not a Pedestrian","Not a Pedestrian",418260,442433,"E01011280",2,"Not at junction or within 20 metres","Daylight","Fine no high winds","Wet or damp","Car occupant"
"10235","20181352G0993",2018-02-16,2018,"Feb",16,"14:30",14,30,"Friday","Slight",2,"Slight","Car occupant","Passenger","Female",32,"Unclassified","Single carriageway",30,"Unclassified","Not a Pedestrian","Not a Pedestrian",432129,435329,"E01011432",2,"Crossroads","Daylight","Fine no high winds","Dry","Car occupant"
"10236","20181352G0993",2018-02-16,2018,"Feb",16,"14:30",14,30,"Friday","Slight",2,"Slight","Car occupant","Driver or rider","Male",32,"Unclassified","Single carriageway",30,"Unclassified","Not a Pedestrian","Not a Pedestrian",432129,435329,"E01011432",2,"Crossroads","Daylight","Fine no high winds","Dry","Car occupant"
"10237","20181352G1425",2018-02-16,2018,"Feb",16,"17:30",17,30,"Friday","Slight",1,"Slight","Car occupant","Driver or rider","Male",46,"Unclassified","Dual carriageway",30,NA,"Not a Pedestrian","Not a Pedestrian",430837,433300,"E01033033",2,"Not at junction or within 20 metres","Darkness - lighting unknown","Fine no high winds","Dry","Car occupant"
"10238","20181352G1725",2018-02-16,2018,"Feb",16,"19:50",19,50,"Friday","Slight",1,"Slight","Taxi/Private hire car occupant","Passenger","Female",17,"Unclassified","Single carriageway",30,"A","Not a Pedestrian","Not a Pedestrian",432758,429212,"E01011470",3,"T or staggered junction","Darkness - lighting unknown","Fine no high winds","Dry","Car occupant"
"10239","20181352G1735",2018-02-16,2018,"Feb",16,"19:54",19,54,"Friday","Fatal",1,"Fatal","Pedestrian","Pedestrian","Female",84,"Unclassified","Single carriageway",40,NA,"In carriageway, crossing elsewhere","Unknown or other",426551,438688,"E01011684",1,"Not at junction or within 20 metres","Darkness - lights lit","Fine no high winds","Wet or damp","Pedestrian"
"10240","20181352G2053",2018-02-16,2018,"Feb",16,"22:34",22,34,"Friday","Serious",1,"Serious","Pedestrian","Pedestrian","Male",45,"Unclassified","Single carriageway",30,NA,"In carriageway, crossing elsewhere","Crossing from driver's offside",431884,435126,"E01011434",1,"Not at junction or within 20 metres","Darkness - lights lit","Fine no high winds","Dry","Pedestrian"
"10241","20181352H0042",2018-02-17,2018,"Feb",17,"00:15",0,15,"Saturday","Slight",1,"Slight","Taxi/Private hire car occupant","Driver or rider","Male",38,"Unclassified","One way street",30,NA,"Not a Pedestrian","Not a Pedestrian",429186,435465,"E01033005",2,"Not at junction or within 20 metres","Darkness - lights lit","Fine no high winds","Wet or damp","Car occupant"
"10242","20181352I1722",2018-02-17,2018,"Feb",17,"10:20",10,20,"Saturday","Slight",1,"Slight","Van / Goods vehicle (3.5 tonnes mgw or under) occupant","Driver or rider","Male",51,"A(M)","Unknown",70,"Motorway","Not a Pedestrian","Not a Pedestrian",443621,435554,"E01011297",3,"Other junction","Daylight","Fine no high winds","Dry","Bus and goods vehicle occupant"
"10243","20181352F0953",2018-02-17,2018,"Feb",17,"16:30",16,30,"Saturday","Slight",1,"Slight","Car occupant","Driver or rider","Female",74,"A","Single carriageway",40,"Unclassified","Not a Pedestrian","Not a Pedestrian",424129,430427,"E01011728",2,"T or staggered junction","Daylight","Fine no high winds","Wet or damp","Car occupant"
"10244","20181352H1452",2018-02-17,2018,"Feb",17,"18:05",18,5,"Saturday","Slight",1,"Slight","Car occupant","Driver or rider","Female",29,"Unclassified","Single carriageway",30,"Unclassified","Not a Pedestrian","Not a Pedestrian",431620,426338,"E01011499",2,"T or staggered junction","Darkness - lights lit","Fine no high winds","Dry","Car occupant"
"10245","20181352I0723",2018-02-18,2018,"Feb",18,"11:30",11,30,"Sunday","Serious",1,"Serious","Cyclist","Driver or rider","Male",45,"Unclassified","Single carriageway",30,"Unclassified","Not a Pedestrian","Not a Pedestrian",431512,440587,"E01011562",2,"T or staggered junction","Daylight","Fine no high winds","Dry","Cyclist"
"10246","20181352I0795",2018-02-18,2018,"Feb",18,"12:18",12,18,"Sunday","Slight",2,"Slight","Car occupant","Driver or rider","Female",75,"Unclassified","Single carriageway",30,"Motorway","Not a Pedestrian","Not a Pedestrian",431005,430543,"E01011471",2,"T or staggered junction","Daylight","Fine no high winds","Wet or damp","Car occupant"
"10247","20181352I0795",2018-02-18,2018,"Feb",18,"12:18",12,18,"Sunday","Slight",2,"Slight","Van / Goods vehicle (3.5 tonnes mgw or under) occupant","Passenger","Female",55,"Unclassified","Single carriageway",30,"Motorway","Not a Pedestrian","Not a Pedestrian",431005,430543,"E01011471",2,"T or staggered junction","Daylight","Fine no high winds","Wet or damp","Bus and goods vehicle occupant"
"10248","20181352I1158",2018-02-18,2018,"Feb",18,"15:19",15,19,"Sunday","Slight",1,"Slight","Car occupant","Driver or rider","Male",47,"B","Single carriageway",30,NA,"Not a Pedestrian","Not a Pedestrian",432699,434508,"E01011347",2,"Not at junction or within 20 metres","Daylight","Fine no high winds","Dry","Car occupant"
"10249","20181352I1416",2018-02-18,2018,"Feb",18,"16:50",16,50,"Sunday","Slight",1,"Slight","Cyclist","Driver or rider","Female",33,"Unclassified","Roundabout",30,"Unclassified","Not a Pedestrian","Not a Pedestrian",428011,435414,"E01011442",2,"Roundabout","Darkness - lighting unknown","Fine no high winds","Dry","Cyclist"
"10250","20181347I1326",2018-02-18,2018,"Feb",18,"17:58",17,58,"Sunday","Slight",1,"Slight","Car occupant","Driver or rider","Female",33,"Unclassified","Single carriageway",30,"Unclassified","Not a Pedestrian","Not a Pedestrian",431902,434864,"E01011677",2,"T or staggered junction","Darkness - lighting unknown","Fine no high winds","Dry","Car occupant"
"10251","20181352I1529",2018-02-18,2018,"Feb",18,"18:25",18,25,"Sunday","Slight",2,"Slight","Car occupant","Driver or rider","Female",42,"Unclassified","Single carriageway",40,NA,"Not a Pedestrian","Not a Pedestrian",433221,441562,"E01011561",2,"Not at junction or within 20 metres","Darkness - no lighting","Raining no high winds","Wet or damp","Car occupant"
"10252","20181352I1529",2018-02-18,2018,"Feb",18,"18:25",18,25,"Sunday","Slight",2,"Slight","Car occupant","Passenger","Male",5,"Unclassified","Single carriageway",40,NA,"Not a Pedestrian","Not a Pedestrian",433221,441562,"E01011561",2,"Not at junction or within 20 metres","Darkness - no lighting","Raining no high winds","Wet or damp","Car occupant"
"10253","20181352J1728",2018-02-19,2018,"Feb",19,"08:30",8,30,"Monday","Slight",1,"Slight","Cyclist","Driver or rider","Female",32,"Unclassified","Single carriageway",40,"Unclassified","Not a Pedestrian","Not a Pedestrian",432297,436292,"E01011647",2,"T or staggered junction","Daylight","Fine no high winds","Dry","Cyclist"
"10254","20181352J0539",2018-02-19,2018,"Feb",19,"11:00",11,0,"Monday","Slight",1,"Slight","Car occupant","Driver or rider","Female",25,"A","Slip road",40,"Unclassified","Not a Pedestrian","Not a Pedestrian",428935,433426,"E01033015",4,"Slip road","Daylight","Fine no high winds","Dry","Car occupant"
"10255","20181352K0466",2018-02-20,2018,"Feb",20,"10:10",10,10,"Tuesday","Slight",1,"Slight","Pedestrian","Pedestrian","Male",54,"Unclassified","Single carriageway",30,NA,"In carriageway, not crossing","Unknown or other",430205,433553,"E01033010",1,"Not at junction or within 20 metres","Daylight","Fine no high winds","Dry","Pedestrian"
"10256","20181352K0633",2018-02-20,2018,"Feb",20,"11:55",11,55,"Tuesday","Slight",3,"Slight","Car occupant","Passenger","Male",36,"A","Dual carriageway",30,"Unclassified","Not a Pedestrian","Not a Pedestrian",430699,434881,"E01011671",3,"More than 4 arms (not roundabout)","Daylight","Fine no high winds","Dry","Car occupant"
"10257","20181352K0633",2018-02-20,2018,"Feb",20,"11:55",11,55,"Tuesday","Slight",3,"Slight","Car occupant","Driver or rider","Male",30,"A","Dual carriageway",30,"Unclassified","Not a Pedestrian","Not a Pedestrian",430699,434881,"E01011671",3,"More than 4 arms (not roundabout)","Daylight","Fine no high winds","Dry","Car occupant"
"10258","20181352K0633",2018-02-20,2018,"Feb",20,"11:55",11,55,"Tuesday","Slight",3,"Slight","Car occupant","Passenger","Male",78,"A","Dual carriageway",30,"Unclassified","Not a Pedestrian","Not a Pedestrian",430699,434881,"E01011671",3,"More than 4 arms (not roundabout)","Daylight","Fine no high winds","Dry","Car occupant"
"10259","20181352K0817",2018-02-20,2018,"Feb",20,"13:27",13,27,"Tuesday","Slight",1,"Slight","Car occupant","Driver or rider","Male",81,"Unclassified","Single carriageway",20,NA,"Not a Pedestrian","Not a Pedestrian",431929,445237,"E01011561",1,"Not at junction or within 20 metres","Daylight","Fine no high winds","Wet or damp","Car occupant"
"10260","20181352K1668",2018-02-20,2018,"Feb",20,"19:55",19,55,"Tuesday","Slight",1,"Slight","Pedestrian","Pedestrian","Male",16,"Unclassified","Single carriageway",30,NA,"In carriageway, crossing elsewhere","Crossing from driver's nearside",426962,433382,"E01011292",1,"Not at junction or within 20 metres","Darkness - lights lit","Raining no high winds","Wet or damp","Pedestrian"
"10261","20181352K1987",2018-02-20,2018,"Feb",20,"22:50",22,50,"Tuesday","Slight",1,"Slight","Pedestrian","Pedestrian","Female",19,"Unclassified","Single carriageway",30,NA,"In carriageway, crossing elsewhere","Crossing from nearside - masked by parked or stationary vehicle",428128,434712,"E01011481",1,"Not at junction or within 20 metres","Darkness - lights lit","Fine no high winds","Dry","Pedestrian"
"10262","20181352M0493",2018-02-21,2018,"Feb",21,"07:00",7,0,"Wednesday","Slight",1,"Slight","Cyclist","Driver or rider","Male",34,"B","Single carriageway",30,"Unclassified","Not a Pedestrian","Not a Pedestrian",428664,437012,"E01011691",2,"T or staggered junction","Darkness - lighting unknown","Fine no high winds","Dry","Cyclist"
"10263","20181352L0839",2018-02-21,2018,"Feb",21,"13:25",13,25,"Wednesday","Slight",1,"Slight","Car occupant","Driver or rider","Male",42,"Unclassified","Single carriageway",50,"Unclassified","Not a Pedestrian","Not a Pedestrian",414747,442826,"E01011270",2,"T or staggered junction","Daylight","Fine no high winds","Dry","Car occupant"
"10264","20181352L1021",2018-02-21,2018,"Feb",21,"15:00",15,0,"Wednesday","Slight",1,"Slight","Pedestrian","Pedestrian","Male",67,"Unclassified","Single carriageway",30,"Unclassified","In carriageway, crossing elsewhere","Unknown or other",420690,440978,"E01011274",1,"T or staggered junction","Daylight","Fine no high winds","Dry","Pedestrian"
"10265","20181352L1071",2018-02-21,2018,"Feb",21,"15:15",15,15,"Wednesday","Slight",1,"Slight","Pedestrian","Pedestrian","Female",27,"Unclassified","Single carriageway",30,NA,"In carriageway, crossing elsewhere","Crossing from driver's nearside",427298,433770,"E01011284",1,"Not at junction or within 20 metres","Daylight","Fine no high winds","Dry","Pedestrian"
"10266","20181352L1151",2018-02-21,2018,"Feb",21,"15:56",15,56,"Wednesday","Slight",1,"Slight","Pedestrian","Pedestrian","Male",32,"Unclassified","Single carriageway",30,NA,"In carriageway, crossing elsewhere","Crossing from offside - masked by  parked or stationary vehicle",425976,434657,"E01011281",1,"Not at junction or within 20 metres","Daylight","Fine no high winds","Dry","Pedestrian"
"10267","20181352L1510",2018-02-21,2018,"Feb",21,"18:30",18,30,"Wednesday","Slight",1,"Slight","Car occupant","Passenger","Male",9,"A","Single carriageway",30,"Unclassified","Not a Pedestrian","Not a Pedestrian",431435,431610,"E01011467",2,"T or staggered junction","Darkness - lights lit","Fine no high winds","Wet or damp","Car occupant"
"10268","20181352M0287",2018-02-22,2018,"Feb",22,"08:08",8,8,"Thursday","Slight",1,"Slight","Car occupant","Driver or rider","Female",34,"A","Roundabout",40,"A","Not a Pedestrian","Not a Pedestrian",436925,433641,"E01011411",3,"Roundabout","Daylight","Fine no high winds","Dry","Car occupant"
"10269","20181352M0724",2018-02-22,2018,"Feb",22,"12:45",12,45,"Thursday","Slight",2,"Slight","Car occupant","Driver or rider","Female",21,"Unclassified","Single carriageway",20,"Unclassified","Not a Pedestrian","Not a Pedestrian",428432,435004,"E01011445",2,"Crossroads","Daylight","Fine no high winds","Dry","Car occupant"
"10270","20181352M0724",2018-02-22,2018,"Feb",22,"12:45",12,45,"Thursday","Slight",2,"Slight","Car occupant","Passenger","Male",23,"Unclassified","Single carriageway",20,"Unclassified","Not a Pedestrian","Not a Pedestrian",428432,435004,"E01011445",2,"Crossroads","Daylight","Fine no high winds","Dry","Car occupant"
"10271","20181352M1614",2018-02-22,2018,"Feb",22,"19:54",19,54,"Thursday","Slight",1,"Slight","Car occupant","Driver or rider","Male",48,"A","Single carriageway",40,"Unclassified","Not a Pedestrian","Not a Pedestrian",436214,436844,"E01011721",2,"T or staggered junction","Darkness - lights lit","Fine no high winds","Dry","Car occupant"
"10272","20181352M1828",2018-02-22,2018,"Feb",22,"21:30",21,30,"Thursday","Slight",1,"Slight","Cyclist","Driver or rider","Male",24,"A","Single carriageway",30,NA,"Not a Pedestrian","Not a Pedestrian",427980,436048,"E01011440",2,"Not at junction or within 20 metres","Darkness - lights lit","Fine no high winds","Dry","Cyclist"
"10273","20181352N0337",2018-02-23,2018,"Feb",23,"08:30",8,30,"Friday","Slight",1,"Slight","Pedestrian","Pedestrian","Male",50,"A","Single carriageway",30,NA,"In carriageway, crossing elsewhere","Crossing from nearside - masked by parked or stationary vehicle",420485,440307,"E01011278",1,"Not at junction or within 20 metres","Daylight","Fine no high winds","Dry","Pedestrian"
"10274","20181352N0338",2018-02-23,2018,"Feb",23,"08:30",8,30,"Friday","Slight",1,"Slight","Car occupant","Driver or rider","Male",49,"A","Single carriageway",60,"Unclassified","Not a Pedestrian","Not a Pedestrian",422293,436835,"E01011589",2,"T or staggered junction","Daylight","Fine no high winds","Frost or ice","Car occupant"
"10275","20181352N0590",2018-02-23,2018,"Feb",23,"11:22",11,22,"Friday","Slight",1,"Slight","Cyclist","Driver or rider","Male",50,"A","Single carriageway",30,"Unclassified","Not a Pedestrian","Not a Pedestrian",430099,431521,"E01011371",2,"T or staggered junction","Daylight","Fine no high winds","Dry","Cyclist"
"10276","20181352N1199",2018-02-23,2018,"Feb",23,"14:00",14,0,"Friday","Serious",1,"Serious","Bus or coach occupant (17 or more pass seats)","Passenger","Female",75,"Unclassified","One way street",30,NA,"Not a Pedestrian","Not a Pedestrian",430420,433807,"E01033010",2,"Not at junction or within 20 metres","Daylight","Fine no high winds","Dry","Bus and goods vehicle occupant"
"10277","20181352N1754",2018-02-23,2018,"Feb",23,"16:00",16,0,"Friday","Serious",1,"Serious","Cyclist","Driver or rider","Female",25,"Unclassified","Single carriageway",30,"Unclassified","Not a Pedestrian","Not a Pedestrian",427541,436167,"E01011435",2,"T or staggered junction","Daylight","Fine no high winds","Dry","Cyclist"
"10278","20181352N1702",2018-02-23,2018,"Feb",23,"20:10",20,10,"Friday","Slight",1,"Slight","Car occupant","Driver or rider","Male",22,"Unclassified","Roundabout",40,"A","Not a Pedestrian","Not a Pedestrian",425030,433179,"E01011727",2,"Roundabout","Darkness - lights lit","Fine no high winds","Dry","Car occupant"
"10279","20181352N1934",2018-02-23,2018,"Feb",23,"22:55",22,55,"Friday","Slight",1,"Slight","Car occupant","Driver or rider","Male",28,"Unclassified","Single carriageway",60,"Unclassified","Not a Pedestrian","Not a Pedestrian",427613,441658,"E01032504",1,"T or staggered junction","Darkness - no lighting","Fine no high winds","Dry","Car occupant"
"10280","20181352N2004",2018-02-23,2018,"Feb",23,"23:25",23,25,"Friday","Slight",1,"Slight","Taxi/Private hire car occupant","Driver or rider","Male",41,"Unclassified","Single carriageway",30,"Unclassified","Not a Pedestrian","Not a Pedestrian",427915,435312,"E01011441",2,"T or staggered junction","Darkness - lights lit","Fine no high winds","Dry","Car occupant"
"10281","20181352O0005",2018-02-24,2018,"Feb",24,"00:05",0,5,"Saturday","Slight",3,"Slight","Car occupant","Passenger","Male",17,"Unclassified","Single carriageway",60,NA,"Not a Pedestrian","Not a Pedestrian",419422,443129,"E01011279",1,"Not at junction or within 20 metres","Darkness - lighting unknown","Fine no high winds","Dry","Car occupant"
"10282","20181352O0005",2018-02-24,2018,"Feb",24,"00:05",0,5,"Saturday","Slight",3,"Slight","Car occupant","Passenger","Male",17,"Unclassified","Single carriageway",60,NA,"Not a Pedestrian","Not a Pedestrian",419422,443129,"E01011279",1,"Not at junction or within 20 metres","Darkness - lighting unknown","Fine no high winds","Dry","Car occupant"
"10283","20181352O0005",2018-02-24,2018,"Feb",24,"00:05",0,5,"Saturday","Slight",3,"Slight","Car occupant","Passenger","Male",17,"Unclassified","Single carriageway",60,NA,"Not a Pedestrian","Not a Pedestrian",419422,443129,"E01011279",1,"Not at junction or within 20 metres","Darkness - lighting unknown","Fine no high winds","Dry","Car occupant"
"10284","20181352N0790",2018-02-24,2018,"Feb",24,"13:28",13,28,"Saturday","Serious",1,"Serious","Car occupant","Driver or rider","Male",58,"A","Dual carriageway",40,"A","Not a Pedestrian","Not a Pedestrian",428397,429061,"E01011531",1,"T or staggered junction","Daylight","Fine no high winds","Dry","Car occupant"
"10285","20181352O1293",2018-02-24,2018,"Feb",24,"16:51",16,51,"Saturday","Serious",1,"Serious","Pedestrian","Pedestrian","Male",53,"A","Single carriageway",30,"Unclassified","In carriageway, not crossing","Walking along in carriageway, back to traffic",427887,430959,"E01011369",1,"Crossroads","Daylight","Fine no high winds","Dry","Pedestrian"
"10286","20181352P0959",2018-02-25,2018,"Feb",25,"14:34",14,34,"Sunday","Fatal",1,"Fatal","Pedestrian","Pedestrian","Female",89,"A","Single carriageway",60,"Unclassified","In carriageway, crossing elsewhere","Crossing from driver's offside",432532,443146,"E01011561",1,"T or staggered junction","Daylight","Fine no high winds","Dry","Pedestrian"
"10287","20181352Q1077",2018-02-26,2018,"Feb",26,"15:05",15,5,"Monday","Slight",1,"Slight","Car occupant","Driver or rider","Male",49,"Unclassified","Single carriageway",30,NA,"Not a Pedestrian","Not a Pedestrian",433105,432725,"E01011621",2,"Not at junction or within 20 metres","Daylight","Snowing no high winds","Dry","Car occupant"
"10288","20181352R0151",2018-02-27,2018,"Feb",27,"03:52",3,52,"Tuesday","Serious",1,"Serious","Car occupant","Driver or rider","Male",36,"A","Dual carriageway",60,NA,"Not a Pedestrian","Not a Pedestrian",421084,434200,"E01011599",1,"Not at junction or within 20 metres","Darkness - lights lit","Snowing no high winds","Snow","Car occupant"
"10289","20181352R0502",2018-02-27,2018,"Feb",27,"10:35",10,35,"Tuesday","Slight",1,"Slight","Pedestrian","Pedestrian","Female",17,"A","Single carriageway",30,NA,"Crossing on pedestrian crossing facility","Crossing from nearside - masked by parked or stationary vehicle",427341,437182,"E01011690",1,"Not at junction or within 20 metres","Daylight","Fine no high winds","Wet or damp","Pedestrian"
"10290","20181352S0700",2018-02-28,2018,"Feb",28,"12:15",12,15,"Wednesday","Slight",2,"Slight","Car occupant","Passenger","Female",46,"Unclassified","Single carriageway",30,"Unclassified","Not a Pedestrian","Not a Pedestrian",436796,428236,"E01011635",1,"T or staggered junction","Daylight","Snowing + high winds","Snow","Car occupant"
"10291","20181352S0700",2018-02-28,2018,"Feb",28,"12:15",12,15,"Wednesday","Slight",2,"Slight","Car occupant","Passenger","Female",24,"Unclassified","Single carriageway",30,"Unclassified","Not a Pedestrian","Not a Pedestrian",436796,428236,"E01011635",1,"T or staggered junction","Daylight","Snowing + high winds","Snow","Car occupant"
"10292","20181352S1634",2018-02-28,2018,"Feb",28,"18:29",18,29,"Wednesday","Slight",1,"Slight","Car occupant","Passenger","Female",17,"Unclassified","Single carriageway",30,NA,"Not a Pedestrian","Not a Pedestrian",430366,432242,"E01033016",1,"Not at junction or within 20 metres","Darkness - lights lit","Snowing no high winds","Snow","Car occupant"
"10293","20181352S1650",2018-02-28,2018,"Feb",28,"18:30",18,30,"Wednesday","Slight",1,"Slight","Pedestrian","Pedestrian","Male",29,"Unclassified","Single carriageway",30,NA,"In carriageway, crossing elsewhere","Crossing from driver's nearside",430866,428552,"E01032497",1,"Not at junction or within 20 metres","Darkness - lights lit","Snowing no high winds","Snow","Pedestrian"
"10294","20181352S0393",2018-03-01,2018,"Mar",1,"09:30",9,30,"Thursday","Slight",2,"Slight","Car occupant","Driver or rider","Male",54,"Motorway","Dual carriageway",70,NA,"Not a Pedestrian","Not a Pedestrian",425214,426682,"E01011534",2,"Not at junction or within 20 metres","Daylight","Snowing no high winds","Snow","Car occupant"
"10295","20181352S0393",2018-03-01,2018,"Mar",1,"09:30",9,30,"Thursday","Slight",2,"Slight","Car occupant","Passenger","Female",53,"Motorway","Dual carriageway",70,NA,"Not a Pedestrian","Not a Pedestrian",425214,426682,"E01011534",2,"Not at junction or within 20 metres","Daylight","Snowing no high winds","Snow","Car occupant"
"10296","2018135311326",2018-03-01,2018,"Mar",1,"17:05",17,5,"Thursday","Slight",1,"Slight","Pedestrian","Pedestrian","Female",15,"Unclassified","Single carriageway",30,NA,"On footway or verge","Unknown or other",422874,434819,"E01011328",1,"Not at junction or within 20 metres","Darkness - lighting unknown","Fine no high winds","Dry","Pedestrian"
"10297","2018135321014",2018-03-02,2018,"Mar",2,"16:05",16,5,"Friday","Serious",1,"Serious","Car occupant","Driver or rider","Male",40,"Motorway","Dual carriageway",70,NA,"Not a Pedestrian","Not a Pedestrian",441087,434591,"E01011297",1,"Not at junction or within 20 metres","Daylight","Fine + high winds","Wet or damp","Car occupant"