"","accident_index","date","year","month","day","time","time_hour","time_minute","day_of_week","accident_severity","number_of_casualties","casualty_severity","casualty_type","casualty_class","sex_of_casualty","age_of_casualty","first_road_class","road_type","speed_limit","second_road_class","pedestrian_location","pedestrian_movement","location_easting_osgr","location_northing_osgr","lsoa_of_accident_location","number_of_vehicles","junction_detail","light_conditions","weather_conditions","road_surface_conditions","cas_type"
"10298","2018135321560",2018-03-02,2018,"Mar",2,"20:15",20,15,"Friday","Slight",1,"Slight","Car occupant","Driver or rider","Male",42,"Unclassified","Single carriageway",30,"Unclassified","Not a Pedestrian","Not a Pedestrian",427844,435959,"E01011440",2,"T or staggered junction","Darkness - lights lit","Fine no high winds","Snow","Car occupant"
"10299","2018135321651",2018-03-02,2018,"Mar",2,"21:04",21,4,"Friday","Slight",1,"Slight","Car occupant","Driver or rider","Female",23,"A","Dual carriageway",40,NA,"Not a Pedestrian","Not a Pedestrian",428621,432870,"E01011363",2,"Not at junction or within 20 metres","Darkness - lights lit","Snowing no high winds","Snow","Car occupant"
"10300","2018135330782",2018-03-03,2018,"Mar",3,"12:40",12,40,"Saturday","Slight",1,"Slight","Cyclist","Driver or rider","Male",21,"B","Single carriageway",30,NA,"Not a Pedestrian","Not a Pedestrian",427861,436179,"E01011440",2,"Not at junction or within 20 metres","Daylight","Fine no high winds","Dry","Cyclist"
"10301","2018135331118",2018-03-03,2018,"Mar",3,"16:02",16,2,"Saturday","Slight",1,"Slight","Car occupant","Driver or rider","Male",37,"Unclassified","Single carriageway",30,"Unclassified","Not a Pedestrian","Not a Pedestrian",432516,438025,"E01011655",2,"Crossroads","Daylight","Fine no high winds","Dry","Car occupant"
"10302","2018135331745",2018-03-03,2018,"Mar",3,"21:45",21,45,"Saturday","Slight",2,"Slight","Car occupant","Driver or rider","Male",37,"Unclassified","Single carriageway",30,NA,"Not a Pedestrian","Not a Pedestrian",427125,439903,"E01011380",2,"Not at junction or within 20 metres","Darkness - lighting unknown","Fine + high winds","Wet or damp","Car occupant"
"10303","2018135331745",2018-03-03,2018,"Mar",3,"21:45",21,45,"Saturday","Slight",2,"Slight","Car occupant","Passenger","Male",4,"Unclassified","Single carriageway",30,NA,"Not a Pedestrian","Not a Pedestrian",427125,439903,"E01011380",2,"Not at junction or within 20 metres","Darkness - lighting unknown","Fine + high winds","Wet or damp","Car occupant"
"10304","2018135340882",2018-03-04,2018,"Mar",4,"14:05",14,5,"Sunday","Fatal",2,"Fatal","Car occupant","Passenger","Female",69,"A","Single carriageway",50,"Unclassified","Not a Pedestrian","Not a Pedestrian",434171,445051,"E01011708",2,"Private drive or entrance","Daylight","Fog or mist","Wet or damp","Car occupant"
"10305","2018135340882",2018-03-04,2018,"Mar",4,"14:05",14,5,"Sunday","Fatal",2,"Slight","Car occupant","Driver or rider","Male",70,"A","Single carriageway",50,"Unclassified","Not a Pedestrian","Not a Pedestrian",434171,445051,"E01011708",2,"Private drive or entrance","Daylight","Fog or mist","Wet or damp","Car occupant"
"10306","2018135360287",2018-03-06,2018,"Mar",6,"07:40",7,40,"Tuesday","Slight",1,"Slight","Motorcycle 125cc and under rider or passenger","Driver or rider","Male",36,"A","Dual carriageway",40,NA,"Not a Pedestrian","Not a Pedestrian",434874,431312,"E01011624",2,"Not at junction or within 20 metres","Daylight","Fine no high winds","Wet or damp","Motorcyclist and pillion"
"10307","2018135360401",2018-03-06,2018,"Mar",6,"08:50",8,50,"Tuesday","Slight",1,"Slight","Pedestrian","Pedestrian","Male",6,"Unclassified","Single carriageway",30,"Unclassified","In carriageway, crossing elsewhere","Crossing from driver's offside",431442,434895,"E01011673",1,"T or staggered junction","Daylight","Fine no high winds","Dry","Pedestrian"
"10308","2018135360430",2018-03-06,2018,"Mar",6,"09:08",9,8,"Tuesday","Serious",1,"Serious","Cyclist","Driver or rider","Male",69,"A","Single carriageway",40,"Unclassified","Not a Pedestrian","Not a Pedestrian",417932,443181,"E01011280",2,"T or staggered junction","Daylight","Fine no high winds","Wet or damp","Cyclist"
"10309","2018135360888",2018-03-06,2018,"Mar",6,"13:20",13,20,"Tuesday","Fatal",1,"Fatal","Pedestrian","Pedestrian","Female",75,"Unclassified","Single carriageway",30,NA,"Crossing on pedestrian crossing facility","Crossing from driver's nearside",420292,445366,"E01011569",1,"Not at junction or within 20 metres","Daylight","Fine no high winds","Wet or damp","Pedestrian"
"10310","2018135360985",2018-03-06,2018,"Mar",6,"14:05",14,5,"Tuesday","Slight",1,"Slight","Car occupant","Passenger","Male",18,"A","Dual carriageway",30,"Unclassified","Not a Pedestrian","Not a Pedestrian",430691,431911,"E01011364",3,"T or staggered junction","Daylight","Fine no high winds","Wet or damp","Car occupant"
"10311","2018135361857",2018-03-06,2018,"Mar",6,"16:00",16,0,"Tuesday","Slight",1,"Slight","Bus or coach occupant (17 or more pass seats)","Passenger","Female",60,"B","Roundabout",30,"Unclassified","Not a Pedestrian","Not a Pedestrian",426005,428231,"E01011525",1,"Roundabout","Daylight","Fine no high winds","Dry","Bus and goods vehicle occupant"
"10312","2018135361667",2018-03-06,2018,"Mar",6,"18:58",18,58,"Tuesday","Slight",2,"Slight","Car occupant","Driver or rider","Male",36,"Motorway","Dual carriageway",50,"Motorway","Not a Pedestrian","Not a Pedestrian",427872,431314,"E01011369",2,"Slip road","Darkness - lights lit","Fine no high winds","Dry","Car occupant"
"10313","2018135361667",2018-03-06,2018,"Mar",6,"18:58",18,58,"Tuesday","Slight",2,"Slight","Car occupant","Driver or rider","Male",40,"Motorway","Dual carriageway",50,"Motorway","Not a Pedestrian","Not a Pedestrian",427872,431314,"E01011369",2,"Slip road","Darkness - lights lit","Fine no high winds","Dry","Car occupant"
"10314","2018135370745",2018-03-07,2018,"Mar",7,"12:00",12,0,"Wednesday","Slight",1,"Slight","Bus or coach occupant (17 or more pass seats)","Passenger","Female",30,"A","Dual carriageway",40,"A","Not a Pedestrian","Not a Pedestrian",427499,431339,"E01011369",2,"T or staggered junction","Daylight","Fine no high winds","Dry","Bus and goods vehicle occupant"
"10315","2018135371093",2018-03-07,2018,"Mar",7,"14:54",14,54,"Wednesday","Slight",1,"Slight","Pedestrian","Pedestrian","Female",12,"Unclassified","Single carriageway",30,NA,"In carriageway, crossing elsewhere","Crossing from driver's offside",426365,437829,"E01011687",1,"Not at junction or within 20 metres","Daylight","Fine no high winds","Dry","Pedestrian"
"10316","2018135372047",2018-03-07,2018,"Mar",7,"21:47",21,47,"Wednesday","Slight",1,"Slight","Pedestrian","Pedestrian","Male",78,"Unclassified","Single carriageway",30,NA,"In carriageway, crossing elsewhere","Crossing from driver's nearside",431236,429806,"E01011474",1,"Not at junction or within 20 metres","Darkness - lights lit","Fine no high winds","Dry","Pedestrian"
"10317","2018135380230",2018-03-08,2018,"Mar",8,"06:10",6,10,"Thursday","Serious",1,"Serious","Pedestrian","Pedestrian","Male",28,"A","Single carriageway",40,"Unclassified","On footway or verge","Unknown or other",426378,426747,"E01011546",1,"Crossroads","Darkness - lights lit","Snowing no high winds","Snow","Pedestrian"
"10318","2018135380339",2018-03-08,2018,"Mar",8,"07:15",7,15,"Thursday","Slight",1,"Slight","Pedestrian","Pedestrian","Male",51,"Unclassified","Slip road",30,NA,"In carriageway, not crossing","Unknown or other",432223,436395,"E01011647",1,"Not at junction or within 20 metres","Darkness - lighting unknown","Snowing no high winds","Snow","Pedestrian"
"10319","2018135380766",2018-03-08,2018,"Mar",8,"11:00",11,0,"Thursday","Slight",2,"Slight","Car occupant","Driver or rider","Male",57,"A","Dual carriageway",60,NA,"Not a Pedestrian","Not a Pedestrian",425094,434309,"E01032606",2,"Not at junction or within 20 metres","Daylight","Fine no high winds","Dry","Car occupant"
"10320","2018135380766",2018-03-08,2018,"Mar",8,"11:00",11,0,"Thursday","Slight",2,"Slight","Car occupant","Passenger","Female",30,"A","Dual carriageway",60,NA,"Not a Pedestrian","Not a Pedestrian",425094,434309,"E01032606",2,"Not at junction or within 20 metres","Daylight","Fine no high winds","Dry","Car occupant"
"10321","2018135381175",2018-03-08,2018,"Mar",8,"15:01",15,1,"Thursday","Serious",1,"Serious","Motorcycle 50cc and under rider or passenger","Driver or rider","Male",16,"Unclassified","Single carriageway",30,"Unclassified","Not a Pedestrian","Not a Pedestrian",440670,429117,"E01011308",1,"T or staggered junction","Daylight","Fine no high winds","Dry","Motorcyclist and pillion"
"10322","2018135381477",2018-03-08,2018,"Mar",8,"15:30",15,30,"Thursday","Slight",1,"Slight","Car occupant","Driver or rider","Female",47,"Unclassified","Single carriageway",30,NA,"Not a Pedestrian","Not a Pedestrian",431615,437682,"E01011517",2,"Not at junction or within 20 metres","Daylight","Fine no high winds","Dry","Car occupant"
"10323","2018135381518",2018-03-08,2018,"Mar",8,"16:30",16,30,"Thursday","Slight",1,"Slight","Car occupant","Driver or rider","Female",36,"Unclassified","Roundabout",40,"Unclassified","Not a Pedestrian","Not a Pedestrian",442208,434639,"E01011297",2,"Roundabout","Daylight","Fine no high winds","Dry","Car occupant"
"10324","2018135371464",2018-03-08,2018,"Mar",8,"17:23",17,23,"Thursday","Slight",1,"Slight","Cyclist","Driver or rider","Male",37,"A","Single carriageway",30,"Unclassified","Not a Pedestrian","Not a Pedestrian",418976,442084,"E01011265",2,"T or staggered junction","Darkness - lighting unknown","Fine no high winds","Dry","Cyclist"
"10325","2018135381586",2018-03-08,2018,"Mar",8,"18:00",18,0,"Thursday","Slight",1,"Slight","Car occupant","Driver or rider","Female",19,"A","Single carriageway",30,NA,"Not a Pedestrian","Not a Pedestrian",428867,433730,"E01011678",2,"Not at junction or within 20 metres","Darkness - lights lit","Fine no high winds","Dry","Car occupant"
"10326","2018135381587",2018-03-08,2018,"Mar",8,"18:10",18,10,"Thursday","Slight",1,"Slight","Car occupant","Driver or rider","Female",51,"Unclassified","Single carriageway",60,"Unclassified","Not a Pedestrian","Not a Pedestrian",440362,434712,"E01011297",2,"T or staggered junction","Darkness - no lighting","Fine no high winds","Wet or damp","Car occupant"
"10327","2018135381894",2018-03-08,2018,"Mar",8,"20:39",20,39,"Thursday","Slight",3,"Slight","Car occupant","Driver or rider","Male",47,"Unclassified","Single carriageway",30,"Unclassified","Not a Pedestrian","Not a Pedestrian",429073,431236,"E01011370",2,"T or staggered junction","Darkness - lights lit","Fine no high winds","Dry","Car occupant"
"10328","2018135381894",2018-03-08,2018,"Mar",8,"20:39",20,39,"Thursday","Slight",3,"Slight","Car occupant","Driver or rider","Female",68,"Unclassified","Single carriageway",30,"Unclassified","Not a Pedestrian","Not a Pedestrian",429073,431236,"E01011370",2,"T or staggered junction","Darkness - lights lit","Fine no high winds","Dry","Car occupant"
"10329","2018135381894",2018-03-08,2018,"Mar",8,"20:39",20,39,"Thursday","Slight",3,"Slight","Car occupant","Passenger","Male",71,"Unclassified","Single carriageway",30,"Unclassified","Not a Pedestrian","Not a Pedestrian",429073,431236,"E01011370",2,"T or staggered junction","Darkness - lights lit","Fine no high winds","Dry","Car occupant"
"10330","2018135381927",2018-03-08,2018,"Mar",8,"20:51",20,51,"Thursday","Serious",2,"Serious","Motorcycle over 500cc rider or passenger","Driver or rider","Male",37,"Unclassified","Single carriageway",30,"Unclassified","Not a Pedestrian","Not a Pedestrian",430901,430366,"E01011472",2,"T or staggered junction","Darkness - lights lit","Fine no high winds","Dry","Motorcyclist and pillion"
"10331","2018135381927",2018-03-08,2018,"Mar",8,"20:51",20,51,"Thursday","Serious",2,"Serious","Motorcycle over 500cc rider or passenger","Passenger","Male",12,"Unclassified","Single carriageway",30,"Unclassified","Not a Pedestrian","Not a Pedestrian",430901,430366,"E01011472",2,"T or staggered junction","Darkness - lights lit","Fine no high winds","Dry","Motorcyclist and pillion"
"10332","20181353A0824",2018-03-08,2018,"Mar",8,"23:00",23,0,"Thursday","Slight",3,"Slight","Car occupant","Driver or rider","Male",27,"A","Single carriageway",30,NA,"Not a Pedestrian","Not a Pedestrian",430676,434874,"E01011671",2,"Not at junction or within 20 metres","Darkness - lights lit","Fine no high winds","Dry","Car occupant"
"10333","20181353A0824",2018-03-08,2018,"Mar",8,"23:00",23,0,"Thursday","Slight",3,"Slight","Car occupant","Passenger","Male",25,"A","Single carriageway",30,NA,"Not a Pedestrian","Not a Pedestrian",430676,434874,"E01011671",2,"Not at junction or within 20 metres","Darkness - lights lit","Fine no high winds","Dry","Car occupant"
"10334","20181353A0824",2018-03-08,2018,"Mar",8,"23:00",23,0,"Thursday","Slight",3,"Slight","Car occupant","Passenger","Male",25,"A","Single carriageway",30,NA,"Not a Pedestrian","Not a Pedestrian",430676,434874,"E01011671",2,"Not at junction or within 20 metres","Darkness - lights lit","Fine no high winds","Dry","Car occupant"
"10335","2018135390904",2018-03-09,2018,"Mar",9,"13:45",13,45,"Friday","Slight",3,"Slight","Car occupant","Driver or rider","Female",38,"A","Single carriageway",30,"Unclassified","Not a Pedestrian","Not a Pedestrian",426899,439316,"E01011386",2,"Crossroads","Daylight","Fine no high winds","Wet or damp","Car occupant"
"10336","2018135390904",2018-03-09,2018,"Mar",9,"13:45",13,45,"Friday","Slight",3,"Slight","Car occupant","Passenger","Female",1,"A","Single carriageway",30,"Unclassified","Not a Pedestrian","Not a Pedestrian",426899,439316,"E01011386",2,"Crossroads","Daylight","Fine no high winds","Wet or damp","Car occupant"
"10337","2018135390904",2018-03-09,2018,"Mar",9,"13:45",13,45,"Friday","Slight",3,"Slight","Car occupant","Passenger","Female",4,"A","Single carriageway",30,"Unclassified","Not a Pedestrian","Not a Pedestrian",426899,439316,"E01011386",2,"Crossroads","Daylight","Fine no high winds","Wet or damp","Car occupant"
"10338","2018135391525",2018-03-09,2018,"Mar",9,"18:10",18,10,"Friday","Slight",1,"Slight","Cyclist","Driver or rider","Male",42,"Unclassified","Single carriageway",30,"Unclassified","Not a Pedestrian","Not a Pedestrian",429241,433846,"E01011678",2,"T or staggered junction","Darkness - lights lit","Fine no high winds","Dry","Cyclist"
"10339","2018135391982",2018-03-09,2018,"Mar",9,"21:40",21,40,"Friday","Slight",1,"Slight","Pedestrian","Pedestrian","Male",29,"Unclassified","Single carriageway",30,NA,"In carriageway, crossing elsewhere","Crossing from driver's nearside",435719,435741,"E01011663",1,"Not at junction or within 20 metres","Darkness - lights lit","Fine no high winds","Dry","Pedestrian"
"10340","20181353A0189",2018-03-10,2018,"Mar",10,"02:15",2,15,"Saturday","Serious",2,"Serious","Taxi/Private hire car occupant","Passenger","Female",16,"A","Roundabout",40,"A","Not a Pedestrian","Not a Pedestrian",428111,426283,"E01011550",2,"Roundabout","Darkness - lights lit","Fine no high winds","Wet or damp","Car occupant"
"10341","20181353A0189",2018-03-10,2018,"Mar",10,"02:15",2,15,"Saturday","Serious",2,"Serious","Taxi/Private hire car occupant","Passenger","Female",16,"A","Roundabout",40,"A","Not a Pedestrian","Not a Pedestrian",428111,426283,"E01011550",2,"Roundabout","Darkness - lights lit","Fine no high winds","Wet or damp","Car occupant"
"10342","20181353A0329",2018-03-10,2018,"Mar",10,"05:22",5,22,"Saturday","Serious",1,"Serious","Car occupant","Driver or rider","Male",36,"Motorway","Dual carriageway",70,NA,"Not a Pedestrian","Not a Pedestrian",432283,426133,"E01011499",2,"Not at junction or within 20 metres","Darkness - lights lit","Raining no high winds","Wet or damp","Car occupant"
"10343","20181353A1091",2018-03-10,2018,"Mar",10,"14:19",14,19,"Saturday","Slight",1,"Slight","Car occupant","Passenger","Female",13,"Unclassified","Single carriageway",30,"Unclassified","Not a Pedestrian","Not a Pedestrian",431888,435580,"E01011428",2,"T or staggered junction","Daylight","Fine no high winds","Wet or damp","Car occupant"
"10344","20181353A1754",2018-03-10,2018,"Mar",10,"18:40",18,40,"Saturday","Slight",1,"Slight","Car occupant","Driver or rider","Male",39,"Unclassified","Roundabout",30,"Unclassified","Not a Pedestrian","Not a Pedestrian",431008,428122,"E01011490",2,"Roundabout","Daylight","Fine no high winds","Wet or damp","Car occupant"
"10345","20181353A1820",2018-03-10,2018,"Mar",10,"20:14",20,14,"Saturday","Slight",2,"Slight","Car occupant","Driver or rider","Male",77,"Unclassified","Roundabout",30,"Unclassified","Not a Pedestrian","Not a Pedestrian",423848,434262,"E01011608",3,"Roundabout","Darkness - lights lit","Fine no high winds","Wet or damp","Car occupant"
"10346","20181353A1820",2018-03-10,2018,"Mar",10,"20:14",20,14,"Saturday","Slight",2,"Slight","Car occupant","Driver or rider","Male",44,"Unclassified","Roundabout",30,"Unclassified","Not a Pedestrian","Not a Pedestrian",423848,434262,"E01011608",3,"Roundabout","Darkness - lights lit","Fine no high winds","Wet or damp","Car occupant"
"10347","20181353A1950",2018-03-10,2018,"Mar",10,"21:37",21,37,"Saturday","Slight",1,"Slight","Car occupant","Driver or rider","Male",22,"Unclassified","Single carriageway",30,"Unclassified","Not a Pedestrian","Not a Pedestrian",429188,431915,"E01011368",2,"T or staggered junction","Darkness - lights lit","Fine no high winds","Wet or damp","Car occupant"
"10348","20181353B0398",2018-03-11,2018,"Mar",11,"06:40",6,40,"Sunday","Slight",1,"Slight","Taxi/Private hire car occupant","Driver or rider","Male",48,"Unclassified","Single carriageway",30,NA,"Not a Pedestrian","Not a Pedestrian",427009,440183,"E01011381",1,"Not at junction or within 20 metres","Daylight","Other","Wet or damp","Car occupant"
"10349","20181353B0830",2018-03-11,2018,"Mar",11,"12:50",12,50,"Sunday","Slight",2,"Slight","Car occupant","Driver or rider","Male",32,"Unclassified","Single carriageway",30,"B","Not a Pedestrian","Not a Pedestrian",432434,434839,"E01011433",2,"Crossroads","Daylight","Fine no high winds","Wet or damp","Car occupant"
"10350","20181353B0830",2018-03-11,2018,"Mar",11,"12:50",12,50,"Sunday","Slight",2,"Slight","Car occupant","Driver or rider","Male",48,"Unclassified","Single carriageway",30,"B","Not a Pedestrian","Not a Pedestrian",432434,434839,"E01011433",2,"Crossroads","Daylight","Fine no high winds","Wet or damp","Car occupant"
"10351","20181353B0857",2018-03-11,2018,"Mar",11,"13:04",13,4,"Sunday","Slight",1,"Slight","Pedestrian","Pedestrian","Female",11,"Unclassified","Single carriageway",30,"Unclassified","In carriageway, crossing elsewhere","Crossing from offside - masked by  parked or stationary vehicle",430766,438803,"E01011512",1,"T or staggered junction","Daylight","Fine no high winds","Dry","Pedestrian"
"10352","20181353B0872",2018-03-11,2018,"Mar",11,"13:10",13,10,"Sunday","Slight",2,"Slight","Car occupant","Driver or rider","Male",43,"A","Single carriageway",30,"Unclassified","Not a Pedestrian","Not a Pedestrian",432091,435867,"E01011647",2,"T or staggered junction","Daylight","Fine no high winds","Dry","Car occupant"
"10353","20181353B0872",2018-03-11,2018,"Mar",11,"13:10",13,10,"Sunday","Slight",2,"Slight","Car occupant","Driver or rider","Male",54,"A","Single carriageway",30,"Unclassified","Not a Pedestrian","Not a Pedestrian",432091,435867,"E01011647",2,"T or staggered junction","Daylight","Fine no high winds","Dry","Car occupant"
"10354","20181353C0145",2018-03-12,2018,"Mar",12,"03:40",3,40,"Monday","Serious",2,"Serious","Car occupant","Driver or rider","Male",24,"Motorway","Dual carriageway",70,NA,"Not a Pedestrian","Not a Pedestrian",426717,429878,"E01011522",1,"Not at junction or within 20 metres","Darkness - lights lit","Raining no high winds","Wet or damp","Car occupant"
"10355","20181353C0145",2018-03-12,2018,"Mar",12,"03:40",3,40,"Monday","Serious",2,"Serious","Car occupant","Passenger","Male",27,"Motorway","Dual carriageway",70,NA,"Not a Pedestrian","Not a Pedestrian",426717,429878,"E01011522",1,"Not at junction or within 20 metres","Darkness - lights lit","Raining no high winds","Wet or damp","Car occupant"
"10356","20181353C1358",2018-03-12,2018,"Mar",12,"07:14",7,14,"Monday","Slight",1,"Slight","Cyclist","Driver or rider","Male",24,"Unclassified","Single carriageway",30,"Unclassified","Not a Pedestrian","Not a Pedestrian",425123,437948,"E01011464",2,"T or staggered junction","Daylight","Fine no high winds","Dry","Cyclist"
"10357","20181353C0352",2018-03-12,2018,"Mar",12,"08:50",8,50,"Monday","Slight",1,"Slight","Pedestrian","Pedestrian","Female",82,"A","Single carriageway",30,"Unclassified","Crossing elsewhere within 50m. of pedestrian crossing","Crossing from driver's nearside",425400,427054,"E01011530",1,"T or staggered junction","Daylight","Raining no high winds","Wet or damp","Pedestrian"
"10358","20181353D0336",2018-03-13,2018,"Mar",13,"08:30",8,30,"Tuesday","Slight",1,"Slight","Car occupant","Driver or rider","Female",32,"Motorway","Dual carriageway",50,NA,"Not a Pedestrian","Not a Pedestrian",429234,431911,"E01011368",2,"Not at junction or within 20 metres","Daylight","Fine no high winds","Dry","Car occupant"
"10359","20181353D0967",2018-03-13,2018,"Mar",13,"11:15",11,15,"Tuesday","Slight",1,"Slight","Pedestrian","Pedestrian","Female",71,"Unclassified","Unknown",20,NA,"Unknown or other","Unknown or other",431667,434674,"E01011677",1,"Not at junction or within 20 metres","Daylight","Fine no high winds","Dry","Pedestrian"
"10360","20181353O1581",2018-03-13,2018,"Mar",13,"18:15",18,15,"Tuesday","Slight",1,"Slight","Motorcycle 125cc and under rider or passenger","Passenger","Male",22,"A","Single carriageway",30,NA,"Not a Pedestrian","Not a Pedestrian",429588,434733,"E01033005",2,"Not at junction or within 20 metres","Darkness - lights lit","Fine no high winds","Dry","Motorcyclist and pillion"
"10361","20181353E0338",2018-03-14,2018,"Mar",14,"09:09",9,9,"Wednesday","Slight",1,"Slight","Pedestrian","Pedestrian","Female",55,"Unclassified","Single carriageway",20,NA,"In carriageway, crossing elsewhere","Crossing from driver's offside",430046,431273,"E01011371",1,"Not at junction or within 20 metres","Daylight","Fine no high winds","Dry","Pedestrian"
"10362","20181353E0342",2018-03-14,2018,"Mar",14,"09:10",9,10,"Wednesday","Slight",1,"Slight","Pedestrian","Pedestrian","Male",13,"B","Single carriageway",20,NA,"Crossing elsewhere within 50m. of pedestrian crossing","Crossing from driver's offside",425956,428276,"E01011532",1,"Not at junction or within 20 metres","Daylight","Fine no high winds","Dry","Pedestrian"
"10363","20181353E0991",2018-03-14,2018,"Mar",14,"15:03",15,3,"Wednesday","Slight",3,"Slight","Goods vehicle (7.5 tonnes mgw and over) occupant","Driver or rider","Male",62,"Motorway","Dual carriageway",70,NA,"Not a Pedestrian","Not a Pedestrian",436496,431059,"E01011420",2,"Not at junction or within 20 metres","Daylight","Fine no high winds","Dry","Bus and goods vehicle occupant"
"10364","20181353E0991",2018-03-14,2018,"Mar",14,"15:03",15,3,"Wednesday","Slight",3,"Slight","Goods vehicle (7.5 tonnes mgw and over) occupant","Passenger","Male",49,"Motorway","Dual carriageway",70,NA,"Not a Pedestrian","Not a Pedestrian",436496,431059,"E01011420",2,"Not at junction or within 20 metres","Daylight","Fine no high winds","Dry","Bus and goods vehicle occupant"
"10365","20181353E0991",2018-03-14,2018,"Mar",14,"15:03",15,3,"Wednesday","Slight",3,"Slight","Goods vehicle (7.5 tonnes mgw and over) occupant","Passenger","Male",48,"Motorway","Dual carriageway",70,NA,"Not a Pedestrian","Not a Pedestrian",436496,431059,"E01011420",2,"Not at junction or within 20 metres","Daylight","Fine no high winds","Dry","Bus and goods vehicle occupant"
"10366","20181353F0696",2018-03-14,2018,"Mar",14,"16:00",16,0,"Wednesday","Slight",1,"Slight","Car occupant","Passenger","Female",2,"Unclassified","Single carriageway",30,NA,"Not a Pedestrian","Not a Pedestrian",433569,434932,"E01011342",1,"Not at junction or within 20 metres","Daylight","Fine no high winds","Dry","Car occupant"
"10367","20181353F0198",2018-03-15,2018,"Mar",15,"04:17",4,17,"Thursday","Slight",2,"Slight","Car occupant","Driver or rider","Male",38,"Unclassified","One way street",30,NA,"Not a Pedestrian","Not a Pedestrian",429040,435636,"E01011668",3,"Not at junction or within 20 metres","Darkness - lights lit","Fine no high winds","Dry","Car occupant"
"10368","20181353F0198",2018-03-15,2018,"Mar",15,"04:17",4,17,"Thursday","Slight",2,"Slight","Car occupant","Passenger","Male",34,"Unclassified","One way street",30,NA,"Not a Pedestrian","Not a Pedestrian",429040,435636,"E01011668",3,"Not at junction or within 20 metres","Darkness - lights lit","Fine no high winds","Dry","Car occupant"
"10369","20181353F0309",2018-03-15,2018,"Mar",15,"07:30",7,30,"Thursday","Slight",2,"Slight","Pedestrian","Pedestrian","Male",14,"Unclassified","Single carriageway",30,NA,"In carriageway, crossing elsewhere","Crossing from driver's offside",427525,438702,"E01032876",1,"Not at junction or within 20 metres","Daylight","Raining no high winds","Wet or damp","Pedestrian"
"10370","20181353F0309",2018-03-15,2018,"Mar",15,"07:30",7,30,"Thursday","Slight",2,"Slight","Car occupant","Passenger","Female",52,"Unclassified","Single carriageway",30,NA,"Not a Pedestrian","Not a Pedestrian",427525,438702,"E01032876",1,"Not at junction or within 20 metres","Daylight","Raining no high winds","Wet or damp","Car occupant"
"10371","20181353F0315",2018-03-15,2018,"Mar",15,"08:00",8,0,"Thursday","Slight",1,"Slight","Motorcycle over 500cc rider or passenger","Driver or rider","Male",27,"A","Single carriageway",40,NA,"Not a Pedestrian","Not a Pedestrian",422565,437956,"E01011458",2,"Not at junction or within 20 metres","Daylight","Raining no high winds","Frost or ice","Motorcyclist and pillion"
"10372","20181353F0468",2018-03-15,2018,"Mar",15,"09:30",9,30,"Thursday","Slight",1,"Slight","Pedestrian","Pedestrian","Male",26,"Unclassified","Single carriageway",30,NA,"Unknown or other","Unknown or other",440592,448188,"E01011704",1,"Not at junction or within 20 metres","Daylight","Fine no high winds","Dry","Pedestrian"
"10373","20181353F0966",2018-03-15,2018,"Mar",15,"14:30",14,30,"Thursday","Slight",2,"Slight","Car occupant","Driver or rider","Male",64,"Unclassified","Dual carriageway",40,NA,"Not a Pedestrian","Not a Pedestrian",420501,434298,"E01011595",2,"Not at junction or within 20 metres","Daylight","Fine no high winds","Wet or damp","Car occupant"
"10374","20181353F0966",2018-03-15,2018,"Mar",15,"14:30",14,30,"Thursday","Slight",2,"Slight","Car occupant","Passenger","Female",62,"Unclassified","Dual carriageway",40,NA,"Not a Pedestrian","Not a Pedestrian",420501,434298,"E01011595",2,"Not at junction or within 20 metres","Daylight","Fine no high winds","Wet or damp","Car occupant"
"10375","20181353E1833",2018-03-15,2018,"Mar",15,"21:36",21,36,"Thursday","Serious",1,"Serious","Cyclist","Driver or rider","Male",48,"Unclassified","Single carriageway",30,"Unclassified","Not a Pedestrian","Not a Pedestrian",428803,434022,"E01011681",2,"T or staggered junction","Darkness - lights lit","Fine no high winds","Dry","Cyclist"
"10376","20181353G0410",2018-03-16,2018,"Mar",16,"09:20",9,20,"Friday","Slight",1,"Slight","Cyclist","Driver or rider","Male",18,"Unclassified","Single carriageway",30,"A","Not a Pedestrian","Not a Pedestrian",428585,435670,"E01032946",2,"T or staggered junction","Daylight","Raining + high winds","Wet or damp","Cyclist"
"10377","20181353G0972",2018-03-16,2018,"Mar",16,"14:15",14,15,"Friday","Slight",1,"Slight","Cyclist","Driver or rider","Male",23,"Unclassified","Single carriageway",30,"Unclassified","Not a Pedestrian","Not a Pedestrian",428430,435004,"E01011449",2,"Crossroads","Daylight","Fine no high winds","Wet or damp","Cyclist"
"10378","20181353G1210",2018-03-16,2018,"Mar",16,"16:19",16,19,"Friday","Slight",1,"Slight","Pedestrian","Pedestrian","Male",12,"Unclassified","Single carriageway",20,NA,"In carriageway, crossing elsewhere","Crossing from driver's nearside",431759,435427,"E01011428",1,"Not at junction or within 20 metres","Daylight","Fine no high winds","Dry","Pedestrian"
"10379","20181353G1829",2018-03-16,2018,"Mar",16,"21:50",21,50,"Friday","Slight",1,"Slight","Pedestrian","Pedestrian","Male",74,"A","Single carriageway",40,"Unclassified","In carriageway, crossing elsewhere","Crossing from driver's offside",436470,434065,"E01011408",1,"T or staggered junction","Darkness - lights lit","Snowing no high winds","Wet or damp","Pedestrian"