"","accident_index","date","year","month","day","time","time_hour","time_minute","day_of_week","accident_severity","number_of_casualties","casualty_severity","casualty_type","casualty_class","sex_of_casualty","age_of_casualty","first_road_class","road_type","speed_limit","second_road_class","pedestrian_location","pedestrian_movement","location_easting_osgr","location_northing_osgr","lsoa_of_accident_location","number_of_vehicles","junction_detail","light_conditions","weather_conditions","road_surface_conditions","cas_type"
"10546","20181354K0874",2018-04-20,2018,"Apr",20,"13:35",13,35,"Friday","Slight",1,"Slight","Car occupant","Driver or rider","Female",40,"A","Dual carriageway",40,"Unclassified","Not a Pedestrian","Not a Pedestrian",428942,429847,"E01011320",2,"Crossroads","Daylight","Fine no high winds","Dry","Car occupant"
"10547","20181354K0961",2018-04-20,2018,"Apr",20,"14:10",14,10,"Friday","Slight",1,"Slight","Mobility scooter rider","Driver or rider","Male",60,"Unclassified","Single carriageway",30,"Unclassified","Not a Pedestrian","Not a Pedestrian",429961,428112,"E01032498",2,"T or staggered junction","Daylight","Fine no high winds","Dry","Others"
"10548","20181354K1210",2018-04-20,2018,"Apr",20,"16:09",16,9,"Friday","Serious",1,"Serious","Pedestrian","Pedestrian","Male",18,"A","Dual carriageway",30,"Unclassified","In carriageway, crossing elsewhere","Crossing from nearside - masked by parked or stationary vehicle",430417,432786,"E01033016",1,"T or staggered junction","Daylight","Fine no high winds","Dry","Pedestrian"
"10549","20181354K1258",2018-04-20,2018,"Apr",20,"16:30",16,30,"Friday","Slight",2,"Slight","Car occupant","Driver or rider","Female",32,"Motorway","Unknown",70,NA,"Not a Pedestrian","Not a Pedestrian",435870,425928,"E01011636",2,"Not at junction or within 20 metres","Daylight","Fine no high winds","Dry","Car occupant"
"10550","20181354K1258",2018-04-20,2018,"Apr",20,"16:30",16,30,"Friday","Slight",2,"Slight","Car occupant","Passenger","Male",54,"Motorway","Unknown",70,NA,"Not a Pedestrian","Not a Pedestrian",435870,425928,"E01011636",2,"Not at junction or within 20 metres","Daylight","Fine no high winds","Dry","Car occupant"
"10551","20181354K1295",2018-04-20,2018,"Apr",20,"16:40",16,40,"Friday","Serious",2,"Slight","Pedestrian","Pedestrian","Female",6,"Unclassified","Single carriageway",30,NA,"On footway or verge","Unknown or other",435072,435108,"E01011667",1,"Not at junction or within 20 metres","Daylight","Fine no high winds","Dry","Pedestrian"
"10552","20181354K1295",2018-04-20,2018,"Apr",20,"16:40",16,40,"Friday","Serious",2,"Serious","Motorcycle 125cc and under rider or passenger","Driver or rider","Male",17,"Unclassified","Single carriageway",30,NA,"Not a Pedestrian","Not a Pedestrian",435072,435108,"E01011667",1,"Not at junction or within 20 metres","Daylight","Fine no high winds","Dry","Motorcyclist and pillion"
"10553","20181354K1408",2018-04-20,2018,"Apr",20,"17:23",17,23,"Friday","Serious",4,"Slight","Goods vehicle (7.5 tonnes mgw and over) occupant","Driver or rider","Male",56,"Motorway","Dual carriageway",70,NA,"Not a Pedestrian","Not a Pedestrian",440663,434458,"E01011297",3,"Not at junction or within 20 metres","Daylight","Fine no high winds","Dry","Bus and goods vehicle occupant"
"10554","20181354K1408",2018-04-20,2018,"Apr",20,"17:23",17,23,"Friday","Serious",4,"Serious","Car occupant","Driver or rider","Male",49,"Motorway","Dual carriageway",70,NA,"Not a Pedestrian","Not a Pedestrian",440663,434458,"E01011297",3,"Not at junction or within 20 metres","Daylight","Fine no high winds","Dry","Car occupant"
"10555","20181354K1408",2018-04-20,2018,"Apr",20,"17:23",17,23,"Friday","Serious",4,"Slight","Car occupant","Passenger","Female",17,"Motorway","Dual carriageway",70,NA,"Not a Pedestrian","Not a Pedestrian",440663,434458,"E01011297",3,"Not at junction or within 20 metres","Daylight","Fine no high winds","Dry","Car occupant"
"10556","20181354K1408",2018-04-20,2018,"Apr",20,"17:23",17,23,"Friday","Serious",4,"Serious","Car occupant","Driver or rider","Female",50,"Motorway","Dual carriageway",70,NA,"Not a Pedestrian","Not a Pedestrian",440663,434458,"E01011297",3,"Not at junction or within 20 metres","Daylight","Fine no high winds","Dry","Car occupant"
"10557","20181354K1664",2018-04-20,2018,"Apr",20,"19:00",19,0,"Friday","Serious",1,"Serious","Pedestrian","Pedestrian","Female",11,"Unclassified","Single carriageway",30,NA,"In carriageway, crossing elsewhere","Crossing from nearside - masked by parked or stationary vehicle",421494,434569,"E01011587",1,"Not at junction or within 20 metres","Daylight","Fine no high winds","Dry","Pedestrian"
"10558","20181354L0634",2018-04-21,2018,"Apr",21,"10:06",10,6,"Saturday","Slight",1,"Slight","Car occupant","Driver or rider","Male",68,"A","Single carriageway",60,"A","Not a Pedestrian","Not a Pedestrian",431251,445733,"E01011561",2,"T or staggered junction","Daylight","Fine no high winds","Dry","Car occupant"
"10559","20181354L1520",2018-04-21,2018,"Apr",21,"17:36",17,36,"Saturday","Serious",1,"Serious","Pedestrian","Pedestrian","Male",7,"A","Dual carriageway",40,NA,"Crossing on pedestrian crossing facility","Crossing from nearside - masked by parked or stationary vehicle",426780,426683,"E01011547",1,"Not at junction or within 20 metres","Daylight","Fine no high winds","Dry","Pedestrian"
"10560","20181354L2179",2018-04-21,2018,"Apr",21,"21:55",21,55,"Saturday","Slight",2,"Slight","Car occupant","Passenger","Male",31,"Unclassified","Single carriageway",30,"Unclassified","Not a Pedestrian","Not a Pedestrian",442929,442967,"E01011712",1,"T or staggered junction","Darkness - lights lit","Fine no high winds","Dry","Car occupant"
"10561","20181354L2179",2018-04-21,2018,"Apr",21,"21:55",21,55,"Saturday","Slight",2,"Slight","Car occupant","Passenger","Male",29,"Unclassified","Single carriageway",30,"Unclassified","Not a Pedestrian","Not a Pedestrian",442929,442967,"E01011712",1,"T or staggered junction","Darkness - lights lit","Fine no high winds","Dry","Car occupant"
"10562","20181354M1038",2018-04-22,2018,"Apr",22,"14:35",14,35,"Sunday","Slight",1,"Slight","Car occupant","Driver or rider","Female",54,"A","Dual carriageway",40,"Motorway","Not a Pedestrian","Not a Pedestrian",437793,432980,"E01011402",2,"Roundabout","Daylight","Fine no high winds","Dry","Car occupant"
"10563","20181354J1643",2018-04-22,2018,"Apr",22,"18:57",18,57,"Sunday","Slight",1,"Slight","Cyclist","Driver or rider","Female",53,"A","Roundabout",40,"A","Not a Pedestrian","Not a Pedestrian",430758,439222,"E01011556",2,"Roundabout","Daylight","Fine no high winds","Dry","Cyclist"
"10564","20181354N1277",2018-04-23,2018,"Apr",23,"13:40",13,40,"Monday","Slight",2,"Slight","Bus or coach occupant (17 or more pass seats)","Passenger","Female",65,"Unclassified","Single carriageway",30,NA,"Not a Pedestrian","Not a Pedestrian",430659,433453,"E01033011",1,"Not at junction or within 20 metres","Daylight","Fine no high winds","Dry","Bus and goods vehicle occupant"
"10565","20181354N1277",2018-04-23,2018,"Apr",23,"13:40",13,40,"Monday","Slight",2,"Slight","Bus or coach occupant (17 or more pass seats)","Passenger","Male",63,"Unclassified","Single carriageway",30,NA,"Not a Pedestrian","Not a Pedestrian",430659,433453,"E01033011",1,"Not at junction or within 20 metres","Daylight","Fine no high winds","Dry","Bus and goods vehicle occupant"
"10566","20181354O1409",2018-04-23,2018,"Apr",23,"15:37",15,37,"Monday","Slight",1,"Slight","Cyclist","Driver or rider","Male",68,"Unclassified","Roundabout",30,"A","Not a Pedestrian","Not a Pedestrian",429917,437012,"E01011355",2,"Roundabout","Daylight","Fine no high winds","Dry","Cyclist"
"10567","20181354N2088",2018-04-23,2018,"Apr",23,"22:05",22,5,"Monday","Slight",1,"Slight","Car occupant","Passenger","Female",37,"A","Dual carriageway",30,"Unclassified","Not a Pedestrian","Not a Pedestrian",428571,431494,"E01011366",2,"Slip road","Darkness - lights lit","Fine no high winds","Dry","Car occupant"
"10568","20181354O0121",2018-04-24,2018,"Apr",24,"02:39",2,39,"Tuesday","Slight",1,"Slight","Car occupant","Passenger","Male",19,"Unclassified","Single carriageway",30,NA,"Not a Pedestrian","Not a Pedestrian",425954,437527,"E01011686",1,"Not at junction or within 20 metres","Darkness - lights lit","Fine no high winds","Dry","Car occupant"
"10569","20181354R1775",2018-04-24,2018,"Apr",24,"06:55",6,55,"Tuesday","Slight",1,"Slight","Motorcycle 50cc and under rider or passenger","Driver or rider","Male",46,"Unclassified","Single carriageway",30,NA,"Not a Pedestrian","Not a Pedestrian",426199,427519,"E01011541",2,"Not at junction or within 20 metres","Daylight","Fine no high winds","Dry","Motorcyclist and pillion"
"10570","20181354O0663",2018-04-24,2018,"Apr",24,"11:05",11,5,"Tuesday","Slight",1,"Slight","Car occupant","Driver or rider","Male",19,"A","Single carriageway",30,NA,"Not a Pedestrian","Not a Pedestrian",430821,433408,"E01033011",2,"Not at junction or within 20 metres","Daylight","Fine no high winds","Dry","Car occupant"
"10571","20181354O1067",2018-04-24,2018,"Apr",24,"18:09",18,9,"Tuesday","Slight",3,"Slight","Car occupant","Driver or rider","Female",27,"Unclassified","Single carriageway",30,"Unclassified","Not a Pedestrian","Not a Pedestrian",426052,432994,"E01011730",3,"T or staggered junction","Daylight","Raining no high winds","Wet or damp","Car occupant"
"10572","20181354O1067",2018-04-24,2018,"Apr",24,"18:09",18,9,"Tuesday","Slight",3,"Slight","Car occupant","Passenger","Male",29,"Unclassified","Single carriageway",30,"Unclassified","Not a Pedestrian","Not a Pedestrian",426052,432994,"E01011730",3,"T or staggered junction","Daylight","Raining no high winds","Wet or damp","Car occupant"
"10573","20181354O1067",2018-04-24,2018,"Apr",24,"18:09",18,9,"Tuesday","Slight",3,"Slight","Car occupant","Passenger","Male",1,"Unclassified","Single carriageway",30,"Unclassified","Not a Pedestrian","Not a Pedestrian",426052,432994,"E01011730",3,"T or staggered junction","Daylight","Raining no high winds","Wet or damp","Car occupant"
"10574","20181354O1524",2018-04-24,2018,"Apr",24,"18:25",18,25,"Tuesday","Slight",1,"Slight","Cyclist","Driver or rider","Male",36,"A","Single carriageway",30,"Unclassified","Not a Pedestrian","Not a Pedestrian",427600,436796,"E01011694",2,"T or staggered junction","Darkness - no lighting","Raining no high winds","Wet or damp","Cyclist"
"10575","20181354P0421",2018-04-24,2018,"Apr",24,"18:30",18,30,"Tuesday","Slight",1,"Slight","Car occupant","Driver or rider","Male",32,"A","Dual carriageway",70,NA,"Not a Pedestrian","Not a Pedestrian",435884,436343,"E01011661",2,"Not at junction or within 20 metres","Daylight","Fine no high winds","Dry","Car occupant"
"10576","20181354P0556",2018-04-25,2018,"Apr",25,"10:40",10,40,"Wednesday","Slight",1,"Slight","Cyclist","Driver or rider","Female",57,"A","Single carriageway",30,NA,"Not a Pedestrian","Not a Pedestrian",441346,431951,"E01011404",2,"Not at junction or within 20 metres","Daylight","Fine no high winds","Dry","Cyclist"
"10577","20181354P1044",2018-04-25,2018,"Apr",25,"15:16",15,16,"Wednesday","Slight",3,"Slight","Car occupant","Driver or rider","Male",44,"Unclassified","Single carriageway",30,NA,"Not a Pedestrian","Not a Pedestrian",425167,435072,"E01011295",1,"Not at junction or within 20 metres","Daylight","Fine no high winds","Dry","Car occupant"
"10578","20181354P1044",2018-04-25,2018,"Apr",25,"15:16",15,16,"Wednesday","Slight",3,"Slight","Car occupant","Passenger","Female",61,"Unclassified","Single carriageway",30,NA,"Not a Pedestrian","Not a Pedestrian",425167,435072,"E01011295",1,"Not at junction or within 20 metres","Daylight","Fine no high winds","Dry","Car occupant"
"10579","20181354P1044",2018-04-25,2018,"Apr",25,"15:16",15,16,"Wednesday","Slight",3,"Slight","Car occupant","Passenger","Female",21,"Unclassified","Single carriageway",30,NA,"Not a Pedestrian","Not a Pedestrian",425167,435072,"E01011295",1,"Not at junction or within 20 metres","Daylight","Fine no high winds","Dry","Car occupant"
"10580","20181354P1295",2018-04-25,2018,"Apr",25,"16:50",16,50,"Wednesday","Slight",1,"Slight","Cyclist","Driver or rider","Male",20,"Unclassified","Single carriageway",30,"Unclassified","Not a Pedestrian","Not a Pedestrian",425380,440749,"E01011377",2,"T or staggered junction","Daylight","Fine no high winds","Dry","Cyclist"
"10581","20181354P1499",2018-04-25,2018,"Apr",25,"18:30",18,30,"Wednesday","Slight",3,"Slight","Car occupant","Driver or rider","Female",62,"A","Single carriageway",60,NA,"Not a Pedestrian","Not a Pedestrian",439653,446793,"E01011704",2,"Not at junction or within 20 metres","Daylight","Fine no high winds","Dry","Car occupant"
"10582","20181354P1499",2018-04-25,2018,"Apr",25,"18:30",18,30,"Wednesday","Slight",3,"Slight","Car occupant","Driver or rider","Female",64,"A","Single carriageway",60,NA,"Not a Pedestrian","Not a Pedestrian",439653,446793,"E01011704",2,"Not at junction or within 20 metres","Daylight","Fine no high winds","Dry","Car occupant"
"10583","20181354P1499",2018-04-25,2018,"Apr",25,"18:30",18,30,"Wednesday","Slight",3,"Slight","Car occupant","Passenger","Female",36,"A","Single carriageway",60,NA,"Not a Pedestrian","Not a Pedestrian",439653,446793,"E01011704",2,"Not at junction or within 20 metres","Daylight","Fine no high winds","Dry","Car occupant"
"10584","20181354Q0801",2018-04-26,2018,"Apr",26,"07:15",7,15,"Thursday","Serious",1,"Serious","Cyclist","Driver or rider","Male",18,"Unclassified","Dual carriageway",30,"Unclassified","Not a Pedestrian","Not a Pedestrian",434747,433488,"E01011616",2,"T or staggered junction","Daylight","Fine no high winds","Dry","Cyclist"
"10585","20181354Q0363",2018-04-26,2018,"Apr",26,"07:45",7,45,"Thursday","Slight",2,"Slight","Car occupant","Driver or rider","Male",28,"A","Single carriageway",30,"Unclassified","Not a Pedestrian","Not a Pedestrian",427070,429434,"E01011524",3,"T or staggered junction","Daylight","Fine no high winds","Dry","Car occupant"
"10586","20181354Q0363",2018-04-26,2018,"Apr",26,"07:45",7,45,"Thursday","Slight",2,"Slight","Car occupant","Passenger","Male",18,"A","Single carriageway",30,"Unclassified","Not a Pedestrian","Not a Pedestrian",427070,429434,"E01011524",3,"T or staggered junction","Daylight","Fine no high winds","Dry","Car occupant"
"10587","20181354Q0517",2018-04-26,2018,"Apr",26,"09:20",9,20,"Thursday","Slight",1,"Slight","Car occupant","Driver or rider","Female",36,"A","Dual carriageway",40,"Unclassified","Not a Pedestrian","Not a Pedestrian",429177,438566,"E01011505",2,"Crossroads","Daylight","Fine no high winds","Dry","Car occupant"
"10588","20181354Q0589",2018-04-26,2018,"Apr",26,"13:10",13,10,"Thursday","Slight",1,"Slight","Bus or coach occupant (17 or more pass seats)","Passenger","Female",75,"Unclassified","Single carriageway",30,NA,"Not a Pedestrian","Not a Pedestrian",430094,433781,"E01033010",1,"Not at junction or within 20 metres","Daylight","Fine no high winds","Dry","Bus and goods vehicle occupant"
"10589","20181354Q0982",2018-04-26,2018,"Apr",26,"14:38",14,38,"Thursday","Slight",1,"Slight","Cyclist","Driver or rider","Male",34,"Unclassified","Single carriageway",40,"Unclassified","Not a Pedestrian","Not a Pedestrian",425159,434368,"E01011286",2,"T or staggered junction","Daylight","Fine no high winds","Dry","Cyclist"
"10590","20181354Q1152",2018-04-26,2018,"Apr",26,"15:58",15,58,"Thursday","Slight",4,"Slight","Car occupant","Driver or rider","Female",22,"Motorway","Dual carriageway",70,NA,"Not a Pedestrian","Not a Pedestrian",424794,427415,"E01011530",3,"Not at junction or within 20 metres","Daylight","Fine no high winds","Dry","Car occupant"
"10591","20181354Q1152",2018-04-26,2018,"Apr",26,"15:58",15,58,"Thursday","Slight",4,"Slight","Car occupant","Passenger","Male",34,"Motorway","Dual carriageway",70,NA,"Not a Pedestrian","Not a Pedestrian",424794,427415,"E01011530",3,"Not at junction or within 20 metres","Daylight","Fine no high winds","Dry","Car occupant"
"10592","20181354Q1152",2018-04-26,2018,"Apr",26,"15:58",15,58,"Thursday","Slight",4,"Slight","Car occupant","Passenger","Male",30,"Motorway","Dual carriageway",70,NA,"Not a Pedestrian","Not a Pedestrian",424794,427415,"E01011530",3,"Not at junction or within 20 metres","Daylight","Fine no high winds","Dry","Car occupant"
"10593","20181354Q1152",2018-04-26,2018,"Apr",26,"15:58",15,58,"Thursday","Slight",4,"Slight","Car occupant","Driver or rider","Male",45,"Motorway","Dual carriageway",70,NA,"Not a Pedestrian","Not a Pedestrian",424794,427415,"E01011530",3,"Not at junction or within 20 metres","Daylight","Fine no high winds","Dry","Car occupant"
"10594","20181354Q2014",2018-04-26,2018,"Apr",26,"23:40",23,40,"Thursday","Slight",1,"Slight","Pedestrian","Pedestrian","Male",52,"Unclassified","Single carriageway",40,NA,"Unknown or other","Unknown or other",442752,429469,"E01011303",1,"Not at junction or within 20 metres","Darkness - no lighting","Fine no high winds","Dry","Pedestrian"
"10595","20181354Q2038",2018-04-26,2018,"Apr",26,"23:45",23,45,"Thursday","Slight",2,"Slight","Car occupant","Driver or rider","Male",21,"A","Single carriageway",30,"Unclassified","Not a Pedestrian","Not a Pedestrian",419832,441189,"E01011275",2,"T or staggered junction","Darkness - lights lit","Fine no high winds","Dry","Car occupant"
"10596","20181354Q2038",2018-04-26,2018,"Apr",26,"23:45",23,45,"Thursday","Slight",2,"Slight","Taxi/Private hire car occupant","Driver or rider","Male",50,"A","Single carriageway",30,"Unclassified","Not a Pedestrian","Not a Pedestrian",419832,441189,"E01011275",2,"T or staggered junction","Darkness - lights lit","Fine no high winds","Dry","Car occupant"
"10597","20181354R0290",2018-04-27,2018,"Apr",27,"07:46",7,46,"Friday","Slight",1,"Slight","Car occupant","Driver or rider","Female",28,"Motorway","Dual carriageway",70,NA,"Not a Pedestrian","Not a Pedestrian",427531,426319,"E01011550",2,"Not at junction or within 20 metres","Daylight","Raining no high winds","Wet or damp","Car occupant"
"10598","20181354R0541",2018-04-27,2018,"Apr",27,"10:00",10,0,"Friday","Slight",1,"Slight","Car occupant","Driver or rider","Male",47,"A","Dual carriageway",40,NA,"Not a Pedestrian","Not a Pedestrian",428439,433338,"E01011363",1,"Not at junction or within 20 metres","Daylight","Raining no high winds","Wet or damp","Car occupant"
"10599","20181354R0675",2018-04-27,2018,"Apr",27,"10:00",10,0,"Friday","Slight",1,"Slight","Cyclist","Driver or rider","Male",45,"Unclassified","Single carriageway",30,"Unclassified","Not a Pedestrian","Not a Pedestrian",431507,432727,"E01011626",2,"T or staggered junction","Daylight","Raining no high winds","Wet or damp","Cyclist"
"10600","20181354R0620",2018-04-27,2018,"Apr",27,"11:18",11,18,"Friday","Slight",1,"Slight","Car occupant","Driver or rider","Male",33,"A","Single carriageway",30,"Unclassified","Not a Pedestrian","Not a Pedestrian",427789,436380,"E01011440",2,"T or staggered junction","Daylight","Raining no high winds","Wet or damp","Car occupant"
"10601","20181354R0796",2018-04-27,2018,"Apr",27,"12:52",12,52,"Friday","Serious",1,"Serious","Cyclist","Driver or rider","Male",19,"Unclassified","Single carriageway",30,NA,"Not a Pedestrian","Not a Pedestrian",430647,433457,"E01033011",2,"Not at junction or within 20 metres","Daylight","Fine no high winds","Dry","Cyclist"
"10602","20181354R1031",2018-04-27,2018,"Apr",27,"14:45",14,45,"Friday","Slight",1,"Slight","Cyclist","Driver or rider","Female",33,"Unclassified","Single carriageway",30,"Unclassified","Not a Pedestrian","Not a Pedestrian",420714,440967,"E01011274",2,"T or staggered junction","Daylight","Raining no high winds","Wet or damp","Cyclist"
"10603","20181354R1093",2018-04-27,2018,"Apr",27,"15:25",15,25,"Friday","Slight",2,"Slight","Van / Goods vehicle (3.5 tonnes mgw or under) occupant","Driver or rider","Male",41,"Motorway","Dual carriageway",70,NA,"Not a Pedestrian","Not a Pedestrian",435348,425898,"E01011636",3,"Not at junction or within 20 metres","Daylight","Raining no high winds","Wet or damp","Bus and goods vehicle occupant"
"10604","20181354R1093",2018-04-27,2018,"Apr",27,"15:25",15,25,"Friday","Slight",2,"Slight","Car occupant","Driver or rider","Male",30,"Motorway","Dual carriageway",70,NA,"Not a Pedestrian","Not a Pedestrian",435348,425898,"E01011636",3,"Not at junction or within 20 metres","Daylight","Raining no high winds","Wet or damp","Car occupant"
"10605","20181354R1325",2018-04-27,2018,"Apr",27,"17:21",17,21,"Friday","Serious",1,"Serious","Pedestrian","Pedestrian","Female",32,"Unclassified","Single carriageway",30,"Unclassified","In carriageway, crossing elsewhere","Crossing from driver's nearside",428744,430857,"E01011369",1,"Mini-roundabout","Daylight","Raining no high winds","Wet or damp","Pedestrian"
"10606","20181354R1402",2018-04-27,2018,"Apr",27,"18:00",18,0,"Friday","Slight",2,"Slight","Car occupant","Driver or rider","Male",36,"A","Single carriageway",30,"Unclassified","Not a Pedestrian","Not a Pedestrian",430852,434109,"E01033003",2,"Crossroads","Daylight","Fine no high winds","Dry","Car occupant"
"10607","20181354R1402",2018-04-27,2018,"Apr",27,"18:00",18,0,"Friday","Slight",2,"Slight","Car occupant","Passenger","Female",21,"A","Single carriageway",30,"Unclassified","Not a Pedestrian","Not a Pedestrian",430852,434109,"E01033003",2,"Crossroads","Daylight","Fine no high winds","Dry","Car occupant"
"10608","20181354R1517",2018-04-27,2018,"Apr",27,"19:05",19,5,"Friday","Slight",1,"Slight","Motorcycle 125cc and under rider or passenger","Driver or rider","Male",23,"A","Roundabout",30,"A","Not a Pedestrian","Not a Pedestrian",430721,439237,"E01011556",2,"Roundabout","Daylight","Raining no high winds","Wet or damp","Motorcyclist and pillion"
"10609","20181354S1979",2018-04-28,2018,"Apr",28,"22:35",22,35,"Saturday","Serious",1,"Serious","Pedestrian","Pedestrian","Male",17,"A","Single carriageway",30,NA,"In carriageway, crossing elsewhere","Crossing from driver's offside",432600,426847,"E01032496",1,"Not at junction or within 20 metres","Darkness - lights lit","Fine no high winds","Dry","Pedestrian"
"10610","20181354T1252",2018-04-29,2018,"Apr",29,"16:10",16,10,"Sunday","Serious",1,"Serious","Motorcycle over 500cc rider or passenger","Driver or rider","Male",51,"A","Dual carriageway",40,"B","Not a Pedestrian","Not a Pedestrian",433811,434054,"E01011346",2,"T or staggered junction","Daylight","Fine no high winds","Dry","Motorcyclist and pillion"
"10611","20181354T1480",2018-04-29,2018,"Apr",29,"17:56",17,56,"Sunday","Serious",1,"Serious","Pedestrian","Pedestrian","Male",6,"Unclassified","Single carriageway",20,NA,"In carriageway, crossing elsewhere","Crossing from driver's offside",429019,430897,"E01011313",1,"Not at junction or within 20 metres","Daylight","Fine no high winds","Dry","Pedestrian"
"10612","20181354U1699",2018-04-30,2018,"Apr",30,"08:30",8,30,"Monday","Serious",1,"Serious","Cyclist","Driver or rider","Male",39,"Unclassified","Single carriageway",30,"A","Not a Pedestrian","Not a Pedestrian",436729,433816,"E01011412",2,"T or staggered junction","Daylight","Fine no high winds","Dry","Cyclist"
"10613","2018135531160",2018-04-30,2018,"Apr",30,"09:15",9,15,"Monday","Slight",1,"Slight","Pedestrian","Pedestrian","Female",62,"A","Single carriageway",40,"Unclassified","In carriageway, crossing elsewhere","Crossing from driver's offside",426901,439315,"E01011386",1,"T or staggered junction","Daylight","Fine no high winds","Dry","Pedestrian"
"10614","20181354U1690",2018-04-30,2018,"Apr",30,"09:42",9,42,"Monday","Slight",1,"Slight","Pedestrian","Pedestrian","Male",40,"Unclassified","Single carriageway",30,NA,"In carriageway, crossing elsewhere","Crossing from driver's nearside",430779,438668,"E01011512",1,"Not at junction or within 20 metres","Daylight","Fine no high winds","Dry","Pedestrian"
"10615","20181354U1045",2018-04-30,2018,"Apr",30,"15:15",15,15,"Monday","Serious",1,"Serious","Motorcycle over 500cc rider or passenger","Driver or rider","Male",57,"Unclassified","Single carriageway",20,"Unclassified","Not a Pedestrian","Not a Pedestrian",431016,428491,"E01011466",2,"Crossroads","Daylight","Fine no high winds","Dry","Motorcyclist and pillion"
"10616","20181354U1120",2018-04-30,2018,"Apr",30,"15:40",15,40,"Monday","Slight",1,"Slight","Pedestrian","Pedestrian","Male",4,"Unclassified","Single carriageway",30,NA,"In carriageway, crossing elsewhere","Crossing from offside - masked by  parked or stationary vehicle",433186,433935,"E01011617",1,"Not at junction or within 20 metres","Daylight","Fine no high winds","Dry","Pedestrian"
"10617","20181354U1512",2018-04-30,2018,"Apr",30,"18:20",18,20,"Monday","Slight",1,"Slight","Cyclist","Driver or rider","Male",27,"Unclassified","Single carriageway",30,"Unclassified","Not a Pedestrian","Not a Pedestrian",436678,436624,"E01011721",2,"T or staggered junction","Daylight","Fine no high winds","Dry","Cyclist"
"10618","2018135510256",2018-05-01,2018,"May",1,"07:08",7,8,"Tuesday","Slight",1,"Slight","Car occupant","Driver or rider","Male",24,"Unclassified","Single carriageway",30,NA,"Not a Pedestrian","Not a Pedestrian",425709,432933,"E01011730",2,"Not at junction or within 20 metres","Daylight","Fine no high winds","Dry","Car occupant"
"10619","2018135511148",2018-05-01,2018,"May",1,"15:50",15,50,"Tuesday","Serious",1,"Serious","Pedestrian","Pedestrian","Male",12,"B","Single carriageway",40,NA,"In carriageway, crossing elsewhere","Crossing from nearside - masked by parked or stationary vehicle",423210,434203,"E01011609",1,"Not at junction or within 20 metres","Daylight","Fine no high winds","Dry","Pedestrian"
"10620","2018135511218",2018-05-01,2018,"May",1,"16:29",16,29,"Tuesday","Slight",1,"Slight","Motorcycle 50cc and under rider or passenger","Driver or rider","Female",52,"Unclassified","Single carriageway",30,"A","Not a Pedestrian","Not a Pedestrian",430794,433456,"E01033011",2,"Other junction","Daylight","Fine no high winds","Dry","Motorcyclist and pillion"
"10621","2018135511277",2018-05-01,2018,"May",1,"16:45",16,45,"Tuesday","Slight",1,"Slight","Cyclist","Driver or rider","Male",23,"A","Roundabout",30,"Unclassified","Not a Pedestrian","Not a Pedestrian",432347,433705,"E01011348",2,"Roundabout","Daylight","Fine no high winds","Dry","Cyclist"
"10622","20181355U0327",2018-05-02,2018,"May",2,"10:50",10,50,"Wednesday","Slight",1,"Slight","Car occupant","Driver or rider","Male",27,"A","Single carriageway",30,NA,"Not a Pedestrian","Not a Pedestrian",438661,445954,"E01011706",2,"Not at junction or within 20 metres","Daylight","Fine no high winds","Dry","Car occupant"
"10623","2018135520837",2018-05-02,2018,"May",2,"13:27",13,27,"Wednesday","Slight",1,"Slight","Car occupant","Driver or rider","Male",29,"Unclassified","Single carriageway",40,"Unclassified","Not a Pedestrian","Not a Pedestrian",440141,426164,"E01011394",2,"T or staggered junction","Daylight","Fine no high winds","Dry","Car occupant"
"10624","2018135520989",2018-05-02,2018,"May",2,"14:39",14,39,"Wednesday","Slight",2,"Slight","Car occupant","Driver or rider","Male",43,"A","Dual carriageway",40,NA,"Not a Pedestrian","Not a Pedestrian",436473,434061,"E01011408",4,"Not at junction or within 20 metres","Daylight","Fine no high winds","Dry","Car occupant"
"10625","2018135520989",2018-05-02,2018,"May",2,"14:39",14,39,"Wednesday","Slight",2,"Slight","Car occupant","Driver or rider","Male",42,"A","Dual carriageway",40,NA,"Not a Pedestrian","Not a Pedestrian",436473,434061,"E01011408",4,"Not at junction or within 20 metres","Daylight","Fine no high winds","Dry","Car occupant"
"10626","2018135521141",2018-05-02,2018,"May",2,"15:30",15,30,"Wednesday","Slight",1,"Slight","Pedestrian","Pedestrian","Female",10,"Unclassified","Single carriageway",20,NA,"In carriageway, crossing elsewhere","Crossing from nearside - masked by parked or stationary vehicle",436589,436642,"E01011721",1,"Not at junction or within 20 metres","Daylight","Fine no high winds","Dry","Pedestrian"
"10627","2018135521240",2018-05-02,2018,"May",2,"16:26",16,26,"Wednesday","Slight",1,"Slight","Car occupant","Driver or rider","Female",53,"Motorway","Dual carriageway",70,NA,"Not a Pedestrian","Not a Pedestrian",429389,426425,"E01011538",3,"Not at junction or within 20 metres","Daylight","Fine no high winds","Dry","Car occupant"