"","accident_index","date","year","month","day","time","time_hour","time_minute","day_of_week","accident_severity","number_of_casualties","casualty_severity","casualty_type","casualty_class","sex_of_casualty","age_of_casualty","first_road_class","road_type","speed_limit","second_road_class","pedestrian_location","pedestrian_movement","location_easting_osgr","location_northing_osgr","lsoa_of_accident_location","number_of_vehicles","junction_detail","light_conditions","weather_conditions","road_surface_conditions","cas_type"
"10628","2018135521410",2018-05-02,2018,"May",2,"17:30",17,30,"Wednesday","Slight",1,"Slight","Pedestrian","Pedestrian","Male",30,"Unclassified","Single carriageway",30,"Unclassified","In carriageway, crossing elsewhere","Crossing from driver's offside",430348,432101,"E01033016",1,"T or staggered junction","Daylight","Fine no high winds","Dry","Pedestrian"
"10629","2018135530252",2018-05-03,2018,"May",3,"07:31",7,31,"Thursday","Serious",1,"Serious","Cyclist","Driver or rider","Male",50,"A","Single carriageway",60,NA,"Not a Pedestrian","Not a Pedestrian",420690,444983,"E01011569",2,"Not at junction or within 20 metres","Daylight","Fine no high winds","Dry","Cyclist"
"10630","2018135530263",2018-05-03,2018,"May",3,"07:35",7,35,"Thursday","Slight",1,"Slight","Cyclist","Driver or rider","Male",43,"Unclassified","Single carriageway",30,NA,"Not a Pedestrian","Not a Pedestrian",421631,433679,"E01011585",2,"Not at junction or within 20 metres","Daylight","Fine no high winds","Dry","Cyclist"
"10631","2018135530558",2018-05-03,2018,"May",3,"11:00",11,0,"Thursday","Serious",1,"Serious","Bus or coach occupant (17 or more pass seats)","Passenger","Female",77,"Unclassified","Roundabout",30,"Unclassified","Not a Pedestrian","Not a Pedestrian",429933,427363,"E01011492",2,"Roundabout","Daylight","Fine no high winds","Dry","Bus and goods vehicle occupant"
"10632","2018135530752",2018-05-03,2018,"May",3,"12:35",12,35,"Thursday","Slight",1,"Slight","Motorcycle 125cc and under rider or passenger","Driver or rider","Male",18,"Motorway","Dual carriageway",70,NA,"Not a Pedestrian","Not a Pedestrian",432129,429313,"E01011469",2,"Not at junction or within 20 metres","Daylight","Fine no high winds","Dry","Motorcyclist and pillion"
"10633","2018135531085",2018-05-03,2018,"May",3,"14:15",14,15,"Thursday","Serious",1,"Serious","Cyclist","Driver or rider","Male",48,"Unclassified","Single carriageway",30,"Unclassified","Not a Pedestrian","Not a Pedestrian",425409,440391,"E01011377",2,"T or staggered junction","Daylight","Fine no high winds","Dry","Cyclist"
"10634","2018135531298",2018-05-03,2018,"May",3,"16:00",16,0,"Thursday","Serious",1,"Serious","Cyclist","Driver or rider","Male",14,"Unclassified","Single carriageway",30,"Unclassified","Not a Pedestrian","Not a Pedestrian",427314,425926,"E01011550",2,"Private drive or entrance","Daylight","Fine no high winds","Dry","Cyclist"
"10635","2018135540548",2018-05-04,2018,"May",4,"10:36",10,36,"Friday","Slight",1,"Slight","Pedestrian","Pedestrian","Male",12,"Unclassified","Single carriageway",30,NA,"Unknown or other","Unknown or other",433651,434305,"E01011346",1,"Not at junction or within 20 metres","Daylight","Fine no high winds","Dry","Pedestrian"
"10636","2018135541517",2018-05-04,2018,"May",4,"17:25",17,25,"Friday","Slight",1,"Slight","Car occupant","Driver or rider","Female",28,"Unclassified","Single carriageway",30,"Unclassified","Not a Pedestrian","Not a Pedestrian",426241,426884,"E01011545",2,"T or staggered junction","Daylight","Fine no high winds","Dry","Car occupant"
"10637","2018135541452",2018-05-04,2018,"May",4,"17:37",17,37,"Friday","Slight",1,"Slight","Car occupant","Driver or rider","Male",26,"Unclassified","Single carriageway",30,NA,"Not a Pedestrian","Not a Pedestrian",427686,444755,"E01011576",3,"Not at junction or within 20 metres","Daylight","Fine no high winds","Dry","Car occupant"
"10638","2018135551010",2018-05-05,2018,"May",5,"13:00",13,0,"Saturday","Serious",1,"Serious","Cyclist","Driver or rider","Male",39,"Unclassified","Single carriageway",30,"Unclassified","Not a Pedestrian","Not a Pedestrian",428097,434763,"E01011481",2,"T or staggered junction","Daylight","Fine no high winds","Dry","Cyclist"
"10639","2018135551704",2018-05-05,2018,"May",5,"18:05",18,5,"Saturday","Slight",1,"Slight","Pedestrian","Pedestrian","Female",13,"Unclassified","Single carriageway",30,"Unclassified","Crossing elsewhere within 50m. of pedestrian crossing","Crossing from driver's nearside",430064,433790,"E01033010",1,"Crossroads","Daylight","Fine no high winds","Dry","Pedestrian"
"10640","2018135581932",2018-05-05,2018,"May",5,"18:33",18,33,"Saturday","Slight",1,"Slight","Cyclist","Driver or rider","Male",48,"Unclassified","Single carriageway",30,"Unclassified","Not a Pedestrian","Not a Pedestrian",428633,435476,"E01011443",2,"T or staggered junction","Daylight","Fine no high winds","Dry","Cyclist"
"10641","2018135570613",2018-05-07,2018,"May",7,"10:24",10,24,"Monday","Slight",1,"Slight","Car occupant","Driver or rider","Male",42,"Unclassified","Single carriageway",30,"Unclassified","Not a Pedestrian","Not a Pedestrian",421345,440482,"E01011276",3,"T or staggered junction","Daylight","Fine no high winds","Dry","Car occupant"
"10642","2018135570679",2018-05-07,2018,"May",7,"11:00",11,0,"Monday","Slight",1,"Slight","Car occupant","Driver or rider","Female",64,"Unclassified","Single carriageway",30,NA,"Not a Pedestrian","Not a Pedestrian",434003,427705,"E01011633",2,"Not at junction or within 20 metres","Daylight","Fine no high winds","Dry","Car occupant"
"10643","2018135570807",2018-05-07,2018,"May",7,"12:00",12,0,"Monday","Slight",2,"Slight","Car occupant","Driver or rider","Female",20,"Unclassified","Dual carriageway",30,"Unclassified","Not a Pedestrian","Not a Pedestrian",425906,436261,"E01011485",2,"T or staggered junction","Daylight","Fine no high winds","Dry","Car occupant"
"10644","2018135570807",2018-05-07,2018,"May",7,"12:00",12,0,"Monday","Slight",2,"Slight","Bus or coach occupant (17 or more pass seats)","Passenger","Female",73,"Unclassified","Dual carriageway",30,"Unclassified","Not a Pedestrian","Not a Pedestrian",425906,436261,"E01011485",2,"T or staggered junction","Daylight","Fine no high winds","Dry","Bus and goods vehicle occupant"
"10645","2018135571146",2018-05-07,2018,"May",7,"15:00",15,0,"Monday","Slight",1,"Slight","Motorcycle 125cc and under rider or passenger","Driver or rider","Male",44,"Unclassified","Single carriageway",30,"Unclassified","Not a Pedestrian","Not a Pedestrian",430098,431479,"E01011371",2,"T or staggered junction","Daylight","Fine no high winds","Dry","Motorcyclist and pillion"
"10646","2018135571789",2018-05-07,2018,"May",7,"19:15",19,15,"Monday","Slight",4,"Slight","Car occupant","Driver or rider","Male",35,"A","Single carriageway",30,"Unclassified","Not a Pedestrian","Not a Pedestrian",431522,435146,"E01011429",2,"T or staggered junction","Daylight","Fine no high winds","Dry","Car occupant"
"10647","2018135571789",2018-05-07,2018,"May",7,"19:15",19,15,"Monday","Slight",4,"Slight","Car occupant","Passenger","Female",65,"A","Single carriageway",30,"Unclassified","Not a Pedestrian","Not a Pedestrian",431522,435146,"E01011429",2,"T or staggered junction","Daylight","Fine no high winds","Dry","Car occupant"
"10648","2018135571789",2018-05-07,2018,"May",7,"19:15",19,15,"Monday","Slight",4,"Slight","Car occupant","Passenger","Female",32,"A","Single carriageway",30,"Unclassified","Not a Pedestrian","Not a Pedestrian",431522,435146,"E01011429",2,"T or staggered junction","Daylight","Fine no high winds","Dry","Car occupant"
"10649","2018135571789",2018-05-07,2018,"May",7,"19:15",19,15,"Monday","Slight",4,"Slight","Car occupant","Driver or rider","Male",62,"A","Single carriageway",30,"Unclassified","Not a Pedestrian","Not a Pedestrian",431522,435146,"E01011429",2,"T or staggered junction","Daylight","Fine no high winds","Dry","Car occupant"
"10650","2018135572161",2018-05-07,2018,"May",7,"21:35",21,35,"Monday","Slight",1,"Slight","Car occupant","Passenger","Female",46,"Unclassified","Single carriageway",30,"Unclassified","Not a Pedestrian","Not a Pedestrian",430313,431178,"E01011374",2,"T or staggered junction","Darkness - lights lit","Fine no high winds","Dry","Car occupant"
"10651","2018135580349",2018-05-08,2018,"May",8,"08:10",8,10,"Tuesday","Slight",1,"Slight","Pedestrian","Pedestrian","Male",14,"Unclassified","Single carriageway",20,NA,"In carriageway, crossing elsewhere","Crossing from driver's nearside",435461,433396,"E01011417",1,"Not at junction or within 20 metres","Daylight","Fine no high winds","Dry","Pedestrian"
"10652","2018135580644",2018-05-08,2018,"May",8,"11:00",11,0,"Tuesday","Slight",3,"Slight","Car occupant","Driver or rider","Female",49,"Unclassified","Single carriageway",60,NA,"Not a Pedestrian","Not a Pedestrian",439441,430735,"E01011392",2,"Not at junction or within 20 metres","Daylight","Fine no high winds","Dry","Car occupant"
"10653","2018135580644",2018-05-08,2018,"May",8,"11:00",11,0,"Tuesday","Slight",3,"Slight","Car occupant","Passenger","Male",44,"Unclassified","Single carriageway",60,NA,"Not a Pedestrian","Not a Pedestrian",439441,430735,"E01011392",2,"Not at junction or within 20 metres","Daylight","Fine no high winds","Dry","Car occupant"
"10654","2018135580644",2018-05-08,2018,"May",8,"11:00",11,0,"Tuesday","Slight",3,"Slight","Car occupant","Passenger","Male",16,"Unclassified","Single carriageway",60,NA,"Not a Pedestrian","Not a Pedestrian",439441,430735,"E01011392",2,"Not at junction or within 20 metres","Daylight","Fine no high winds","Dry","Car occupant"
"10655","2018135581410",2018-05-08,2018,"May",8,"16:40",16,40,"Tuesday","Slight",1,"Slight","Cyclist","Driver or rider","Male",52,"Unclassified","Single carriageway",30,NA,"Not a Pedestrian","Not a Pedestrian",428864,440052,"E01011554",2,"Not at junction or within 20 metres","Daylight","Fine no high winds","Dry","Cyclist"
"10656","2018135581159",2018-05-08,2018,"May",8,"17:35",17,35,"Tuesday","Slight",1,"Slight","Bus or coach occupant (17 or more pass seats)","Passenger","Female",20,"Unclassified","Single carriageway",30,NA,"Not a Pedestrian","Not a Pedestrian",429858,433791,"E01033008",2,"Not at junction or within 20 metres","Daylight","Fine no high winds","Dry","Bus and goods vehicle occupant"
"10657","20181351H0915",2018-05-09,2018,"May",9,"14:15",14,15,"Wednesday","Serious",1,"Serious","Motorcycle over 125cc and up to 500cc rider or  passenger","Driver or rider","Male",21,"A","Roundabout",40,"A","Not a Pedestrian","Not a Pedestrian",439344,432363,"E01011402",2,"Roundabout","Daylight","Fine no high winds","Wet or damp","Motorcyclist and pillion"
"10658","2018135591481",2018-05-09,2018,"May",9,"16:30",16,30,"Wednesday","Slight",1,"Slight","Motorcycle 125cc and under rider or passenger","Driver or rider","Male",17,"Unclassified","Dual carriageway",40,"Unclassified","Not a Pedestrian","Not a Pedestrian",431006,439233,"E01011556",2,"T or staggered junction","Daylight","Fine no high winds","Dry","Motorcyclist and pillion"
"10659","20181355A0266",2018-05-09,2018,"May",9,"17:15",17,15,"Wednesday","Slight",1,"Slight","Cyclist","Driver or rider","Male",40,"A","One way street",30,NA,"Not a Pedestrian","Not a Pedestrian",431310,431728,"E01011467",2,"Not at junction or within 20 metres","Daylight","Fine no high winds","Dry","Cyclist"
"10660","2018135591416",2018-05-09,2018,"May",9,"17:30",17,30,"Wednesday","Slight",1,"Slight","Motorcycle 125cc and under rider or passenger","Driver or rider","Male",31,"Unclassified","Roundabout",30,"Unclassified","Not a Pedestrian","Not a Pedestrian",435895,436408,"E01011720",2,"Roundabout","Daylight","Fine no high winds","Dry","Motorcyclist and pillion"
"10661","20181355B1122",2018-05-10,2018,"May",10,"06:54",6,54,"Thursday","Slight",1,"Slight","Bus or coach occupant (17 or more pass seats)","Passenger","Male",45,"Unclassified","Single carriageway",30,"Unclassified","Not a Pedestrian","Not a Pedestrian",438367,440737,"E01011310",1,"T or staggered junction","Daylight","Fine no high winds","Dry","Bus and goods vehicle occupant"
"10662","20181355A0299",2018-05-10,2018,"May",10,"07:59",7,59,"Thursday","Serious",1,"Serious","Motorcycle 50cc and under rider or passenger","Driver or rider","Male",57,"B","Single carriageway",30,"Unclassified","Not a Pedestrian","Not a Pedestrian",425106,436047,"E01011326",2,"T or staggered junction","Daylight","Fine no high winds","Dry","Motorcyclist and pillion"
"10663","20181355A0321",2018-05-10,2018,"May",10,"08:14",8,14,"Thursday","Slight",1,"Slight","Motorcycle 125cc and under rider or passenger","Driver or rider","Male",32,"Unclassified","Single carriageway",30,NA,"Not a Pedestrian","Not a Pedestrian",428376,435451,"E01011442",3,"Not at junction or within 20 metres","Daylight","Fine no high winds","Dry","Motorcyclist and pillion"
"10664","20181355A0349",2018-05-10,2018,"May",10,"08:35",8,35,"Thursday","Slight",2,"Slight","Van / Goods vehicle (3.5 tonnes mgw or under) occupant","Driver or rider","Male",60,"Unclassified","Single carriageway",60,"Unclassified","Not a Pedestrian","Not a Pedestrian",445195,446988,"E01011697",2,"T or staggered junction","Daylight","Fine no high winds","Dry","Bus and goods vehicle occupant"
"10665","20181355A0349",2018-05-10,2018,"May",10,"08:35",8,35,"Thursday","Slight",2,"Slight","Car occupant","Driver or rider","Female",47,"Unclassified","Single carriageway",60,"Unclassified","Not a Pedestrian","Not a Pedestrian",445195,446988,"E01011697",2,"T or staggered junction","Daylight","Fine no high winds","Dry","Car occupant"
"10666","20181355A0355",2018-05-10,2018,"May",10,"08:38",8,38,"Thursday","Slight",2,"Slight","Car occupant","Driver or rider","Female",72,"A(M)","Dual carriageway",70,NA,"Not a Pedestrian","Not a Pedestrian",443050,441161,"E01011712",3,"Not at junction or within 20 metres","Daylight","Fine no high winds","Dry","Car occupant"
"10667","20181355A0355",2018-05-10,2018,"May",10,"08:38",8,38,"Thursday","Slight",2,"Slight","Car occupant","Driver or rider","Female",54,"A(M)","Dual carriageway",70,NA,"Not a Pedestrian","Not a Pedestrian",443050,441161,"E01011712",3,"Not at junction or within 20 metres","Daylight","Fine no high winds","Dry","Car occupant"
"10668","20181355A0597",2018-05-10,2018,"May",10,"11:22",11,22,"Thursday","Slight",1,"Slight","Car occupant","Driver or rider","Female",53,"Unclassified","Single carriageway",30,"Unclassified","Not a Pedestrian","Not a Pedestrian",430303,427710,"E01011492",2,"Crossroads","Daylight","Fine no high winds","Dry","Car occupant"
"10669","20181355A0397",2018-05-10,2018,"May",10,"14:59",14,59,"Thursday","Slight",1,"Slight","Car occupant","Driver or rider","Female",49,"Unclassified","One way street",30,NA,"Not a Pedestrian","Not a Pedestrian",421934,432849,"E01011603",3,"Not at junction or within 20 metres","Daylight","Fine no high winds","Dry","Car occupant"
"10670","20181355A1468",2018-05-10,2018,"May",10,"17:30",17,30,"Thursday","Slight",1,"Slight","Pedestrian","Pedestrian","Male",9,"Unclassified","Single carriageway",30,NA,"In carriageway, crossing elsewhere","Crossing from nearside - masked by parked or stationary vehicle",429446,438115,"E01011505",1,"Not at junction or within 20 metres","Daylight","Fine no high winds","Dry","Pedestrian"
"10671","20181355A1743",2018-05-10,2018,"May",10,"20:45",20,45,"Thursday","Slight",1,"Slight","Cyclist","Driver or rider","Male",36,"Unclassified","Single carriageway",30,"Unclassified","Not a Pedestrian","Not a Pedestrian",432752,433768,"E01011615",2,"T or staggered junction","Daylight","Fine no high winds","Dry","Cyclist"
"10672","20181355A1757",2018-05-10,2018,"May",10,"20:54",20,54,"Thursday","Slight",1,"Slight","Car occupant","Driver or rider","Male",32,"A","Single carriageway",40,"Unclassified","Not a Pedestrian","Not a Pedestrian",430404,435808,"E01011357",2,"T or staggered junction","Darkness - lights lit","Fine no high winds","Dry","Car occupant"
"10673","20181355B0076",2018-05-11,2018,"May",11,"01:17",1,17,"Friday","Slight",2,"Slight","Car occupant","Driver or rider","Male",19,"Unclassified","Single carriageway",30,NA,"Not a Pedestrian","Not a Pedestrian",429772,439286,"E01011559",2,"Not at junction or within 20 metres","Darkness - lights lit","Fine no high winds","Wet or damp","Car occupant"
"10674","20181355B0076",2018-05-11,2018,"May",11,"01:17",1,17,"Friday","Slight",2,"Slight","Car occupant","Passenger","Male",18,"Unclassified","Single carriageway",30,NA,"Not a Pedestrian","Not a Pedestrian",429772,439286,"E01011559",2,"Not at junction or within 20 metres","Darkness - lights lit","Fine no high winds","Wet or damp","Car occupant"
"10675","20181355B0192",2018-05-11,2018,"May",11,"04:00",4,0,"Friday","Slight",1,"Slight","Pedestrian","Pedestrian","Male",27,"Unclassified","Single carriageway",30,NA,"On footway or verge","Unknown or other",430146,433399,"E01033010",1,"Not at junction or within 20 metres","Darkness - lights lit","Fine no high winds","Dry","Pedestrian"
"10676","20181355B0472",2018-05-11,2018,"May",11,"09:15",9,15,"Friday","Slight",1,"Slight","Cyclist","Driver or rider","Female",24,"Unclassified","Single carriageway",30,"Unclassified","Not a Pedestrian","Not a Pedestrian",431363,434107,"E01033035",2,"T or staggered junction","Daylight","Fine no high winds","Dry","Cyclist"
"10677","20181355B1414",2018-05-11,2018,"May",11,"16:49",16,49,"Friday","Serious",1,"Serious","Pedestrian","Pedestrian","Female",65,"B","Single carriageway",30,NA,"In carriageway, crossing elsewhere","Crossing from driver's nearside",426715,435726,"E01011477",1,"Not at junction or within 20 metres","Daylight","Fine no high winds","Dry","Pedestrian"
"10678","20181355B1491",2018-05-11,2018,"May",11,"17:16",17,16,"Friday","Slight",1,"Slight","Car occupant","Driver or rider","Female",23,"Unclassified","Single carriageway",30,"Unclassified","Not a Pedestrian","Not a Pedestrian",435392,436699,"E01011659",2,"T or staggered junction","Daylight","Fine no high winds","Dry","Car occupant"
"10679","20181355C0941",2018-05-12,2018,"May",12,"11:35",11,35,"Saturday","Slight",2,"Slight","Bus or coach occupant (17 or more pass seats)","Passenger","Female",54,"Unclassified","One way street",30,NA,"Not a Pedestrian","Not a Pedestrian",430028,433333,"E01033010",1,"Not at junction or within 20 metres","Daylight","Fine no high winds","Dry","Bus and goods vehicle occupant"
"10680","20181355C0941",2018-05-12,2018,"May",12,"11:35",11,35,"Saturday","Slight",2,"Slight","Bus or coach occupant (17 or more pass seats)","Passenger","Female",12,"Unclassified","One way street",30,NA,"Not a Pedestrian","Not a Pedestrian",430028,433333,"E01033010",1,"Not at junction or within 20 metres","Daylight","Fine no high winds","Dry","Bus and goods vehicle occupant"
"10681","20181355C2138",2018-05-12,2018,"May",12,"23:40",23,40,"Saturday","Slight",1,"Slight","Car occupant","Passenger","Male",20,"A(M)","Dual carriageway",40,NA,"Not a Pedestrian","Not a Pedestrian",429417,433941,"E01011678",1,"Not at junction or within 20 metres","Darkness - lights lit","Raining no high winds","Wet or damp","Car occupant"
"10682","20181355D0656",2018-05-13,2018,"May",13,"11:20",11,20,"Sunday","Slight",1,"Slight","Car occupant","Driver or rider","Male",23,"Motorway","Dual carriageway",70,NA,"Not a Pedestrian","Not a Pedestrian",433145,425894,"E01011500",2,"Not at junction or within 20 metres","Daylight","Fine no high winds","Dry","Car occupant"
"10683","20181355D0749",2018-05-13,2018,"May",13,"12:00",12,0,"Sunday","Slight",1,"Slight","Car occupant","Passenger","Male",6,"Motorway","Slip road",60,"A","Not a Pedestrian","Not a Pedestrian",435933,425873,"E01011636",2,"Roundabout","Daylight","Fine no high winds","Dry","Car occupant"
"10684","20181355D1383",2018-05-13,2018,"May",13,"16:55",16,55,"Sunday","Serious",3,"Slight","Taxi/Private hire car occupant","Driver or rider","Male",50,"Unclassified","Single carriageway",60,NA,"Not a Pedestrian","Not a Pedestrian",438205,448170,"E01011706",2,"Not at junction or within 20 metres","Daylight","Fine no high winds","Dry","Car occupant"
"10685","20181355D1383",2018-05-13,2018,"May",13,"16:55",16,55,"Sunday","Serious",3,"Slight","Car occupant","Driver or rider","Female",49,"Unclassified","Single carriageway",60,NA,"Not a Pedestrian","Not a Pedestrian",438205,448170,"E01011706",2,"Not at junction or within 20 metres","Daylight","Fine no high winds","Dry","Car occupant"
"10686","20181355D1383",2018-05-13,2018,"May",13,"16:55",16,55,"Sunday","Serious",3,"Serious","Car occupant","Passenger","Female",84,"Unclassified","Single carriageway",60,NA,"Not a Pedestrian","Not a Pedestrian",438205,448170,"E01011706",2,"Not at junction or within 20 metres","Daylight","Fine no high winds","Dry","Car occupant"
"10687","20181355D1491",2018-05-13,2018,"May",13,"19:00",19,0,"Sunday","Serious",1,"Serious","Pedestrian","Pedestrian","Male",7,"Unclassified","One way street",20,"Unclassified","In carriageway, crossing elsewhere","Crossing from driver's offside",425566,434521,"E01011283",1,"T or staggered junction","Daylight","Fine no high winds","Dry","Pedestrian"
"10688","20181355D1825",2018-05-13,2018,"May",13,"20:18",20,18,"Sunday","Slight",1,"Slight","Car occupant","Driver or rider","Female",39,"A","Single carriageway",30,"Unclassified","Not a Pedestrian","Not a Pedestrian",427250,433646,"E01011284",2,"Crossroads","Daylight","Fine no high winds","Dry","Car occupant"
"10689","20181355E1727",2018-05-14,2018,"May",14,"16:45",16,45,"Monday","Slight",1,"Slight","Cyclist","Driver or rider","Female",22,"Unclassified","One way street",30,NA,"Not a Pedestrian","Not a Pedestrian",430532,434824,"E01011671",2,"Not at junction or within 20 metres","Daylight","Fine no high winds","Dry","Cyclist"
"10690","20181355E1574",2018-05-14,2018,"May",14,"18:00",18,0,"Monday","Slight",1,"Slight","Cyclist","Driver or rider","Male",21,"Unclassified","Single carriageway",30,"Unclassified","Not a Pedestrian","Not a Pedestrian",428008,435414,"E01011442",2,"Roundabout","Daylight","Fine no high winds","Dry","Cyclist"
"10691","20181355E2037",2018-05-14,2018,"May",14,"21:24",21,24,"Monday","Slight",1,"Slight","Motorcycle over 500cc rider or passenger","Driver or rider","Male",38,"Unclassified","Single carriageway",30,"Unclassified","Not a Pedestrian","Not a Pedestrian",428876,430999,"E01011370",2,"T or staggered junction","Daylight","Fine no high winds","Dry","Motorcyclist and pillion"
"10692","20181355F0863",2018-05-15,2018,"May",15,"10:50",10,50,"Tuesday","Slight",1,"Slight","Car occupant","Driver or rider","Female",51,"B","Single carriageway",30,NA,"Not a Pedestrian","Not a Pedestrian",425482,435864,"E01011324",2,"Not at junction or within 20 metres","Daylight","Fine no high winds","Dry","Car occupant"
"10693","20181355F1041",2018-05-15,2018,"May",15,"12:20",12,20,"Tuesday","Slight",1,"Slight","Bus or coach occupant (17 or more pass seats)","Passenger","Female",79,"Unclassified","Single carriageway",30,"Unclassified","Not a Pedestrian","Not a Pedestrian",432945,435013,"E01011340",2,"Roundabout","Daylight","Fine no high winds","Dry","Bus and goods vehicle occupant"
"10694","20181355F1832",2018-05-15,2018,"May",15,"20:30",20,30,"Tuesday","Slight",1,"Slight","Motorcycle 50cc and under rider or passenger","Driver or rider","Male",57,"Unclassified","Single carriageway",30,NA,"Not a Pedestrian","Not a Pedestrian",431176,431451,"E01011467",1,"Not at junction or within 20 metres","Daylight","Fine no high winds","Dry","Motorcyclist and pillion"
"10695","20181355G0193",2018-05-16,2018,"May",16,"03:55",3,55,"Wednesday","Serious",1,"Serious","Motorcycle over 125cc and up to 500cc rider or  passenger","Passenger","Male",31,"Unclassified","Single carriageway",30,NA,"Not a Pedestrian","Not a Pedestrian",444030,433411,"E01011298",2,"Not at junction or within 20 metres","Darkness - lights lit","Fine no high winds","Dry","Motorcyclist and pillion"
"10696","20181355I0393",2018-05-16,2018,"May",16,"07:46",7,46,"Wednesday","Slight",1,"Slight","Pedestrian","Pedestrian","Male",9,"B","Single carriageway",30,NA,"In carriageway, crossing elsewhere","Crossing from driver's offside",429319,436619,"E01011354",1,"Not at junction or within 20 metres","Daylight","Fine no high winds","Dry","Pedestrian"
"10697","20181355G0367",2018-05-16,2018,"May",16,"08:20",8,20,"Wednesday","Serious",1,"Serious","Cyclist","Driver or rider","Male",34,"Unclassified","Single carriageway",30,"Unclassified","Not a Pedestrian","Not a Pedestrian",431799,433132,"E01011626",2,"T or staggered junction","Daylight","Fine no high winds","Dry","Cyclist"
"10698","20181355G1500",2018-05-16,2018,"May",16,"17:40",17,40,"Wednesday","Slight",2,"Slight","Car occupant","Driver or rider","Female",34,"A","Dual carriageway",40,NA,"Not a Pedestrian","Not a Pedestrian",430169,431925,"E01011364",3,"Not at junction or within 20 metres","Daylight","Fine no high winds","Dry","Car occupant"
"10699","20181355G1500",2018-05-16,2018,"May",16,"17:40",17,40,"Wednesday","Slight",2,"Slight","Car occupant","Passenger","Female",49,"A","Dual carriageway",40,NA,"Not a Pedestrian","Not a Pedestrian",430169,431925,"E01011364",3,"Not at junction or within 20 metres","Daylight","Fine no high winds","Dry","Car occupant"
"10700","20181355G1604",2018-05-16,2018,"May",16,"18:42",18,42,"Wednesday","Serious",2,"Serious","Pedestrian","Pedestrian","Female",4,"Unclassified","Single carriageway",20,"Unclassified","In carriageway, crossing elsewhere","Crossing from offside - masked by  parked or stationary vehicle",429453,431767,"E01011364",1,"Crossroads","Daylight","Fine no high winds","Dry","Pedestrian"
"10701","20181355G1604",2018-05-16,2018,"May",16,"18:42",18,42,"Wednesday","Serious",2,"Slight","Van / Goods vehicle (3.5 tonnes mgw or under) occupant","Passenger","Female",45,"Unclassified","Single carriageway",20,"Unclassified","Not a Pedestrian","Not a Pedestrian",429453,431767,"E01011364",1,"Crossroads","Daylight","Fine no high winds","Dry","Bus and goods vehicle occupant"
"10702","20181355H0331",2018-05-17,2018,"May",17,"08:02",8,2,"Thursday","Slight",1,"Slight","Car occupant","Driver or rider","Male",54,"Unclassified","Single carriageway",20,"Unclassified","Not a Pedestrian","Not a Pedestrian",433860,433840,"E01011617",2,"Other junction","Daylight","Fine no high winds","Dry","Car occupant"
"10703","20181355H0390",2018-05-17,2018,"May",17,"08:40",8,40,"Thursday","Slight",1,"Slight","Car occupant","Driver or rider","Male",27,"B","Single carriageway",30,NA,"Not a Pedestrian","Not a Pedestrian",426437,435635,"E01011488",2,"Not at junction or within 20 metres","Daylight","Fine no high winds","Dry","Car occupant"
"10704","20181355H0839",2018-05-17,2018,"May",17,"13:10",13,10,"Thursday","Slight",1,"Slight","Car occupant","Driver or rider","Male",80,"Unclassified","Single carriageway",30,"Unclassified","Not a Pedestrian","Not a Pedestrian",429060,440247,"E01011564",3,"T or staggered junction","Daylight","Fine no high winds","Dry","Car occupant"
"10705","20181355I0214",2018-05-18,2018,"May",18,"06:15",6,15,"Friday","Fatal",1,"Fatal","Car occupant","Driver or rider","Male",29,"A","Dual carriageway",40,"Unclassified","Not a Pedestrian","Not a Pedestrian",425789,432609,"E01011730",2,"Private drive or entrance","Daylight","Fine no high winds","Dry","Car occupant"
"10706","20181355I0440",2018-05-18,2018,"May",18,"09:30",9,30,"Friday","Serious",1,"Serious","Motorcycle over 125cc and up to 500cc rider or  passenger","Driver or rider","Female",54,"Motorway","Dual carriageway",70,"A(M)","Not a Pedestrian","Not a Pedestrian",443628,436530,"E01011297",3,"Slip road","Daylight","Fine no high winds","Dry","Motorcyclist and pillion"
"10707","20181355I1230",2018-05-18,2018,"May",18,"16:08",16,8,"Friday","Slight",1,"Slight","Cyclist","Driver or rider","Female",18,"A","Single carriageway",30,"Unclassified","Not a Pedestrian","Not a Pedestrian",428222,435781,"E01032946",2,"T or staggered junction","Daylight","Fine no high winds","Dry","Cyclist"
"10708","20181355I1276",2018-05-18,2018,"May",18,"16:10",16,10,"Friday","Slight",1,"Slight","Car occupant","Driver or rider","Female",37,"A","Dual carriageway",40,NA,"Not a Pedestrian","Not a Pedestrian",420266,434234,"E01011597",2,"Not at junction or within 20 metres","Daylight","Fine no high winds","Dry","Car occupant"
"10709","20181355I1495",2018-05-18,2018,"May",18,"17:51",17,51,"Friday","Slight",1,"Slight","Car occupant","Driver or rider","Male",22,"Unclassified","Single carriageway",30,"Unclassified","Not a Pedestrian","Not a Pedestrian",426560,437636,"E01011687",2,"Crossroads","Daylight","Fine no high winds","Dry","Car occupant"