"","accident_index","date","year","month","day","time","time_hour","time_minute","day_of_week","accident_severity","number_of_casualties","casualty_severity","casualty_type","casualty_class","sex_of_casualty","age_of_casualty","first_road_class","road_type","speed_limit","second_road_class","pedestrian_location","pedestrian_movement","location_easting_osgr","location_northing_osgr","lsoa_of_accident_location","number_of_vehicles","junction_detail","light_conditions","weather_conditions","road_surface_conditions","cas_type"
"10710","20181355I1804",2018-05-18,2018,"May",18,"19:45",19,45,"Friday","Slight",1,"Slight","Pedestrian","Pedestrian","Female",6,"Unclassified","Single carriageway",30,NA,"In carriageway, crossing elsewhere","Crossing from offside - masked by  parked or stationary vehicle",428902,431188,"E01011370",3,"Not at junction or within 20 metres","Daylight","Fine no high winds","Dry","Pedestrian"
"10711","201813T087373",2018-05-18,2018,"May",18,"20:30",20,30,"Friday","Slight",1,"Slight","Motorcycle over 125cc and up to 500cc rider or  passenger","Driver or rider","Male",45,"A","Dual carriageway",60,NA,"Not a Pedestrian","Not a Pedestrian",446375,430896,"E01011299",1,"Not at junction or within 20 metres","Daylight","Fine no high winds","Dry","Motorcyclist and pillion"
"10712","20181355M1235",2018-05-18,2018,"May",18,"22:52",22,52,"Friday","Serious",1,"Serious","Bus or coach occupant (17 or more pass seats)","Passenger","Female",54,"Unclassified","Single carriageway",30,NA,"Not a Pedestrian","Not a Pedestrian",432135,432852,"E01011625",1,"Not at junction or within 20 metres","Darkness - lights lit","Fine no high winds","Dry","Bus and goods vehicle occupant"
"10713","20181355I2266",2018-05-18,2018,"May",18,"23:11",23,11,"Friday","Slight",1,"Slight","Car occupant","Passenger","Male",20,"A","Single carriageway",30,"Unclassified","Not a Pedestrian","Not a Pedestrian",430675,436792,"E01011352",2,"Crossroads","Darkness - lights lit","Fine no high winds","Dry","Car occupant"
"10714","20181355J1124",2018-05-19,2018,"May",19,"15:16",15,16,"Saturday","Serious",4,"Serious","Car occupant","Passenger","Male",7,"A(M)","Dual carriageway",70,NA,"Not a Pedestrian","Not a Pedestrian",442237,442921,"E01011712",2,"Not at junction or within 20 metres","Daylight","Fine no high winds","Dry","Car occupant"
"10715","20181355J1124",2018-05-19,2018,"May",19,"15:16",15,16,"Saturday","Serious",4,"Serious","Car occupant","Passenger","Male",8,"A(M)","Dual carriageway",70,NA,"Not a Pedestrian","Not a Pedestrian",442237,442921,"E01011712",2,"Not at junction or within 20 metres","Daylight","Fine no high winds","Dry","Car occupant"
"10716","20181355J1124",2018-05-19,2018,"May",19,"15:16",15,16,"Saturday","Serious",4,"Slight","Car occupant","Driver or rider","Female",47,"A(M)","Dual carriageway",70,NA,"Not a Pedestrian","Not a Pedestrian",442237,442921,"E01011712",2,"Not at junction or within 20 metres","Daylight","Fine no high winds","Dry","Car occupant"
"10717","20181355J1124",2018-05-19,2018,"May",19,"15:16",15,16,"Saturday","Serious",4,"Slight","Car occupant","Passenger","Male",54,"A(M)","Dual carriageway",70,NA,"Not a Pedestrian","Not a Pedestrian",442237,442921,"E01011712",2,"Not at junction or within 20 metres","Daylight","Fine no high winds","Dry","Car occupant"
"10718","20181355J1306",2018-05-19,2018,"May",19,"16:35",16,35,"Saturday","Slight",1,"Slight","Pedestrian","Pedestrian","Male",12,"Unclassified","Single carriageway",30,NA,"In carriageway, crossing elsewhere","Crossing from offside - masked by  parked or stationary vehicle",424765,434441,"E01011336",1,"Not at junction or within 20 metres","Daylight","Fine no high winds","Dry","Pedestrian"
"10719","20181355J1649",2018-05-19,2018,"May",19,"19:47",19,47,"Saturday","Serious",1,"Serious","Pedestrian","Pedestrian","Male",62,"Unclassified","One way street",30,NA,"In carriageway, crossing elsewhere","Unknown or other",428980,431679,"E01011366",1,"Not at junction or within 20 metres","Daylight","Fine no high winds","Dry","Pedestrian"
"10720","20181355J2155",2018-05-19,2018,"May",19,"23:30",23,30,"Saturday","Slight",1,"Slight","Car occupant","Driver or rider","Male",39,"Unclassified","Single carriageway",30,"Unclassified","Not a Pedestrian","Not a Pedestrian",427914,435313,"E01011441",2,"Crossroads","Darkness - lights lit","Fine no high winds","Dry","Car occupant"
"10721","20181355K0040",2018-05-20,2018,"May",20,"00:21",0,21,"Sunday","Slight",1,"Slight","Taxi/Private hire car occupant","Passenger","Male",44,"Unclassified","Single carriageway",30,NA,"Not a Pedestrian","Not a Pedestrian",430265,433080,"E01033016",1,"Not at junction or within 20 metres","Darkness - lights lit","Fine no high winds","Dry","Car occupant"
"10722","20181355K1139",2018-05-20,2018,"May",20,"01:45",1,45,"Sunday","Slight",1,"Slight","Pedestrian","Pedestrian","Female",23,"Unclassified","Single carriageway",30,"Unclassified","Crossing elsewhere within 50m. of pedestrian crossing","Crossing from driver's nearside",427711,436104,"E01011435",1,"T or staggered junction","Darkness - lights lit","Fine no high winds","Dry","Pedestrian"
"10723","20181355K0525",2018-05-20,2018,"May",20,"08:20",8,20,"Sunday","Slight",2,"Slight","Car occupant","Driver or rider","Female",38,"Unclassified","Single carriageway",40,"A","Not a Pedestrian","Not a Pedestrian",439478,426194,"E01011395",2,"T or staggered junction","Daylight","Fine no high winds","Dry","Car occupant"
"10724","20181355K0525",2018-05-20,2018,"May",20,"08:20",8,20,"Sunday","Slight",2,"Slight","Car occupant","Driver or rider","Male",36,"Unclassified","Single carriageway",40,"A","Not a Pedestrian","Not a Pedestrian",439478,426194,"E01011395",2,"T or staggered junction","Daylight","Fine no high winds","Dry","Car occupant"
"10725","20181355K0609",2018-05-20,2018,"May",20,"09:30",9,30,"Sunday","Serious",2,"Serious","Cyclist","Driver or rider","Female",56,"A","Single carriageway",40,NA,"Not a Pedestrian","Not a Pedestrian",422233,446012,"E01011569",3,"Not at junction or within 20 metres","Daylight","Fine no high winds","Dry","Cyclist"
"10726","20181355K0609",2018-05-20,2018,"May",20,"09:30",9,30,"Sunday","Serious",2,"Serious","Cyclist","Driver or rider","Male",66,"A","Single carriageway",40,NA,"Not a Pedestrian","Not a Pedestrian",422233,446012,"E01011569",3,"Not at junction or within 20 metres","Daylight","Fine no high winds","Dry","Cyclist"
"10727","20181355K1169",2018-05-20,2018,"May",20,"15:16",15,16,"Sunday","Slight",1,"Slight","Car occupant","Driver or rider","Female",50,"Unclassified","Single carriageway",30,NA,"Not a Pedestrian","Not a Pedestrian",420806,445708,"E01011569",2,"Not at junction or within 20 metres","Daylight","Fine no high winds","Dry","Car occupant"
"10728","20181355K1202",2018-05-20,2018,"May",20,"15:35",15,35,"Sunday","Slight",1,"Slight","Cyclist","Driver or rider","Male",44,"A","Single carriageway",40,"Unclassified","Not a Pedestrian","Not a Pedestrian",428887,429810,"E01011320",2,"T or staggered junction","Daylight","Fine no high winds","Dry","Cyclist"
"10729","20181355K1795",2018-05-20,2018,"May",20,"20:15",20,15,"Sunday","Slight",1,"Slight","Car occupant","Driver or rider","Female",24,"Unclassified","Single carriageway",30,"Unclassified","Not a Pedestrian","Not a Pedestrian",432394,434672,"E01011344",2,"T or staggered junction","Daylight","Fine no high winds","Dry","Car occupant"
"10730","20181355L0313",2018-05-21,2018,"May",21,"07:40",7,40,"Monday","Slight",1,"Slight","Car occupant","Driver or rider","Female",52,"A","Single carriageway",50,"B","Not a Pedestrian","Not a Pedestrian",422457,427904,"E01011527",4,"T or staggered junction","Daylight","Fine no high winds","Dry","Car occupant"
"10731","20181355L1204",2018-05-21,2018,"May",21,"15:35",15,35,"Monday","Slight",1,"Slight","Car occupant","Driver or rider","Male",74,"Unclassified","Single carriageway",20,"Unclassified","Not a Pedestrian","Not a Pedestrian",436265,435684,"E01011724",3,"T or staggered junction","Daylight","Fine no high winds","Dry","Car occupant"
"10732","20181355L1229",2018-05-21,2018,"May",21,"15:53",15,53,"Monday","Slight",1,"Slight","Cyclist","Driver or rider","Male",13,"Unclassified","Dual carriageway",30,"Unclassified","Not a Pedestrian","Not a Pedestrian",432297,436292,"E01011647",2,"T or staggered junction","Daylight","Fine no high winds","Dry","Cyclist"
"10733","20181355L1463",2018-05-21,2018,"May",21,"17:10",17,10,"Monday","Slight",1,"Slight","Motorcycle 125cc and under rider or passenger","Driver or rider","Male",22,"Unclassified","Single carriageway",40,NA,"Not a Pedestrian","Not a Pedestrian",430471,427015,"E01032495",2,"Not at junction or within 20 metres","Daylight","Fine no high winds","Dry","Motorcyclist and pillion"
"10734","20181355L1454",2018-05-21,2018,"May",21,"17:21",17,21,"Monday","Slight",2,"Slight","Goods vehicle (7.5 tonnes mgw and over) occupant","Driver or rider","Male",59,"A","Dual carriageway",40,NA,"Not a Pedestrian","Not a Pedestrian",430933,440023,"E01011557",3,"Not at junction or within 20 metres","Daylight","Fine no high winds","Dry","Bus and goods vehicle occupant"
"10735","20181355L1454",2018-05-21,2018,"May",21,"17:21",17,21,"Monday","Slight",2,"Slight","Car occupant","Driver or rider","Female",36,"A","Dual carriageway",40,NA,"Not a Pedestrian","Not a Pedestrian",430933,440023,"E01011557",3,"Not at junction or within 20 metres","Daylight","Fine no high winds","Dry","Car occupant"
"10736","20181355L1702",2018-05-21,2018,"May",21,"19:05",19,5,"Monday","Slight",3,"Slight","Car occupant","Driver or rider","Female",56,"A","Single carriageway",40,"Unclassified","Not a Pedestrian","Not a Pedestrian",423623,437575,"E01011465",4,"T or staggered junction","Daylight","Fine no high winds","Dry","Car occupant"
"10737","20181355L1702",2018-05-21,2018,"May",21,"19:05",19,5,"Monday","Slight",3,"Slight","Car occupant","Driver or rider","Male",28,"A","Single carriageway",40,"Unclassified","Not a Pedestrian","Not a Pedestrian",423623,437575,"E01011465",4,"T or staggered junction","Daylight","Fine no high winds","Dry","Car occupant"
"10738","20181355L1702",2018-05-21,2018,"May",21,"19:05",19,5,"Monday","Slight",3,"Slight","Car occupant","Driver or rider","Male",58,"A","Single carriageway",40,"Unclassified","Not a Pedestrian","Not a Pedestrian",423623,437575,"E01011465",4,"T or staggered junction","Daylight","Fine no high winds","Dry","Car occupant"
"10739","20181355L1917",2018-05-21,2018,"May",21,"20:20",20,20,"Monday","Slight",1,"Slight","Cyclist","Driver or rider","Male",23,"Unclassified","Single carriageway",30,"Unclassified","Not a Pedestrian","Not a Pedestrian",426677,433057,"E01011729",2,"T or staggered junction","Darkness - lighting unknown","Fine no high winds","Dry","Cyclist"
"10740","20181355M0373",2018-05-22,2018,"May",22,"08:12",8,12,"Tuesday","Serious",1,"Serious","Pedestrian","Pedestrian","Male",11,"A","Single carriageway",20,NA,"Crossing elsewhere within 50m. of pedestrian crossing","Crossing from nearside - masked by parked or stationary vehicle",430096,431414,"E01011371",1,"Not at junction or within 20 metres","Daylight","Fine no high winds","Dry","Pedestrian"
"10741","20181355M0489",2018-05-22,2018,"May",22,"09:20",9,20,"Tuesday","Slight",1,"Slight","Car occupant","Driver or rider","Female",51,"A","Dual carriageway",40,"Unclassified","Not a Pedestrian","Not a Pedestrian",436160,435074,"E01011408",2,"T or staggered junction","Daylight","Fine no high winds","Dry","Car occupant"
"10742","20181355M0984",2018-05-22,2018,"May",22,"13:35",13,35,"Tuesday","Slight",1,"Slight","Bus or coach occupant (17 or more pass seats)","Passenger","Female",51,"A","Dual carriageway",30,NA,"Not a Pedestrian","Not a Pedestrian",430705,433630,"E01033011",4,"Not at junction or within 20 metres","Daylight","Fine no high winds","Dry","Bus and goods vehicle occupant"
"10743","20181355M1834",2018-05-22,2018,"May",22,"15:00",15,0,"Tuesday","Slight",1,"Slight","Bus or coach occupant (17 or more pass seats)","Passenger","Female",40,"A","Dual carriageway",40,"B","Not a Pedestrian","Not a Pedestrian",433110,434022,"E01011340",1,"Crossroads","Daylight","Fine no high winds","Dry","Bus and goods vehicle occupant"
"10744","20181355M1302",2018-05-22,2018,"May",22,"15:57",15,57,"Tuesday","Slight",1,"Slight","Pedestrian","Pedestrian","Male",12,"B","One way street",30,"A","Crossing on pedestrian crossing facility","Crossing from driver's nearside",420831,439703,"E01011580",1,"More than 4 arms (not roundabout)","Daylight","Fine no high winds","Dry","Pedestrian"
"10745","20181355M1668",2018-05-22,2018,"May",22,"16:45",16,45,"Tuesday","Slight",1,"Slight","Cyclist","Driver or rider","Male",46,"Unclassified","Single carriageway",30,"Unclassified","Not a Pedestrian","Not a Pedestrian",431239,434801,"E01011673",2,"T or staggered junction","Daylight","Fine no high winds","Dry","Cyclist"
"10746","20181355M1734",2018-05-22,2018,"May",22,"19:10",19,10,"Tuesday","Slight",2,"Slight","Car occupant","Driver or rider","Male",35,"Unclassified","Single carriageway",30,"Unclassified","Not a Pedestrian","Not a Pedestrian",429149,431740,"E01011368",2,"T or staggered junction","Daylight","Fine no high winds","Dry","Car occupant"
"10747","20181355M1734",2018-05-22,2018,"May",22,"19:10",19,10,"Tuesday","Slight",2,"Slight","Car occupant","Driver or rider","Male",35,"Unclassified","Single carriageway",30,"Unclassified","Not a Pedestrian","Not a Pedestrian",429149,431740,"E01011368",2,"T or staggered junction","Daylight","Fine no high winds","Dry","Car occupant"
"10748","20181355N0340",2018-05-23,2018,"May",23,"08:00",8,0,"Wednesday","Slight",1,"Slight","Car occupant","Driver or rider","Male",36,"Motorway","Dual carriageway",30,NA,"Not a Pedestrian","Not a Pedestrian",430227,431975,"E01011364",2,"Not at junction or within 20 metres","Daylight","Fine no high winds","Dry","Car occupant"
"10749","20181355N1310",2018-05-23,2018,"May",23,"14:30",14,30,"Wednesday","Slight",1,"Slight","Cyclist","Driver or rider","Male",54,"Unclassified","Single carriageway",30,"Unclassified","Not a Pedestrian","Not a Pedestrian",431302,429225,"E01011475",2,"T or staggered junction","Daylight","Fine no high winds","Dry","Cyclist"
"10750","20181355N1031",2018-05-23,2018,"May",23,"14:53",14,53,"Wednesday","Slight",1,"Slight","Taxi/Private hire car occupant","Passenger","Female",25,"A","Slip road",40,"A","Not a Pedestrian","Not a Pedestrian",428938,433424,"E01033015",2,"Slip road","Daylight","Fine no high winds","Dry","Car occupant"
"10751","20181355N1254",2018-05-23,2018,"May",23,"16:20",16,20,"Wednesday","Slight",1,"Slight","Pedestrian","Pedestrian","Female",25,"Unclassified","Single carriageway",20,NA,"In carriageway, crossing elsewhere","Crossing from driver's nearside",431804,434661,"E01011677",1,"Not at junction or within 20 metres","Daylight","Fine no high winds","Dry","Pedestrian"
"10752","20181355N1413",2018-05-23,2018,"May",23,"17:31",17,31,"Wednesday","Serious",1,"Serious","Cyclist","Driver or rider","Male",52,"A","Single carriageway",30,NA,"Not a Pedestrian","Not a Pedestrian",420091,440771,"E01011275",2,"Not at junction or within 20 metres","Daylight","Fine no high winds","Dry","Cyclist"
"10753","20181355N0424",2018-05-23,2018,"May",23,"18:25",18,25,"Wednesday","Slight",1,"Slight","Cyclist","Driver or rider","Male",26,"Unclassified","Single carriageway",30,"Unclassified","Not a Pedestrian","Not a Pedestrian",425181,437793,"E01011464",2,"Private drive or entrance","Daylight","Fine no high winds","Dry","Cyclist"
"10754","20181355O0005",2018-05-24,2018,"May",24,"00:01",0,1,"Thursday","Slight",1,"Slight","Car occupant","Driver or rider","Male",32,"A","Single carriageway",40,NA,"Not a Pedestrian","Not a Pedestrian",427515,436954,"E01011690",2,"Not at junction or within 20 metres","Darkness - lights lit","Fine no high winds","Dry","Car occupant"
"10755","20181355O0285",2018-05-24,2018,"May",24,"07:09",7,9,"Thursday","Slight",1,"Slight","Car occupant","Driver or rider","Female",27,"A","Single carriageway",40,NA,"Not a Pedestrian","Not a Pedestrian",437732,429769,"E01011402",2,"Not at junction or within 20 metres","Daylight","Fine no high winds","Dry","Car occupant"
"10756","20181355O0830",2018-05-24,2018,"May",24,"13:00",13,0,"Thursday","Slight",1,"Slight","Motorcycle over 125cc and up to 500cc rider or  passenger","Driver or rider","Male",45,"Unclassified","Single carriageway",30,NA,"Not a Pedestrian","Not a Pedestrian",426869,434481,"E01011281",2,"Not at junction or within 20 metres","Daylight","Fine no high winds","Dry","Motorcyclist and pillion"
"10757","20181355O1002",2018-05-24,2018,"May",24,"14:15",14,15,"Thursday","Slight",1,"Slight","Car occupant","Driver or rider","Female",20,"A","Single carriageway",30,NA,"Not a Pedestrian","Not a Pedestrian",423310,437670,"E01011465",2,"Not at junction or within 20 metres","Daylight","Fine no high winds","Dry","Car occupant"
"10758","20181355O1118",2018-05-24,2018,"May",24,"15:16",15,16,"Thursday","Slight",1,"Slight","Pedestrian","Pedestrian","Female",14,"Unclassified","Single carriageway",30,NA,"Crossing on pedestrian crossing facility","Crossing from driver's nearside",424092,435499,"E01011323",1,"Not at junction or within 20 metres","Daylight","Fine no high winds","Dry","Pedestrian"
"10759","20181355O1222",2018-05-24,2018,"May",24,"16:00",16,0,"Thursday","Slight",1,"Slight","Cyclist","Driver or rider","Male",41,"Unclassified","Slip road",30,"Unclassified","Not a Pedestrian","Not a Pedestrian",419578,446223,"E01011581",2,"T or staggered junction","Daylight","Fine no high winds","Dry","Cyclist"
"10760","20181355O1346",2018-05-24,2018,"May",24,"16:50",16,50,"Thursday","Slight",3,"Slight","Car occupant","Passenger","Male",33,"B","Single carriageway",30,"Unclassified","Not a Pedestrian","Not a Pedestrian",426828,433092,"E01011292",2,"T or staggered junction","Daylight","Fine no high winds","Dry","Car occupant"
"10761","20181355O1346",2018-05-24,2018,"May",24,"16:50",16,50,"Thursday","Slight",3,"Slight","Car occupant","Passenger","Male",34,"B","Single carriageway",30,"Unclassified","Not a Pedestrian","Not a Pedestrian",426828,433092,"E01011292",2,"T or staggered junction","Daylight","Fine no high winds","Dry","Car occupant"
"10762","20181355O1346",2018-05-24,2018,"May",24,"16:50",16,50,"Thursday","Slight",3,"Slight","Car occupant","Passenger","Male",66,"B","Single carriageway",30,"Unclassified","Not a Pedestrian","Not a Pedestrian",426828,433092,"E01011292",2,"T or staggered junction","Daylight","Fine no high winds","Dry","Car occupant"
"10763","20181355P0367",2018-05-25,2018,"May",25,"07:43",7,43,"Friday","Serious",1,"Serious","Pedestrian","Pedestrian","Male",12,"Unclassified","Single carriageway",30,NA,"In carriageway, crossing elsewhere","Crossing from driver's offside",425493,437544,"E01011686",1,"Not at junction or within 20 metres","Daylight","Fine no high winds","Wet or damp","Pedestrian"
"10764","20181355P0378",2018-05-25,2018,"May",25,"07:53",7,53,"Friday","Slight",1,"Slight","Cyclist","Driver or rider","Male",22,"Unclassified","Single carriageway",30,"Unclassified","Not a Pedestrian","Not a Pedestrian",429598,432562,"E01033032",2,"Crossroads","Daylight","Fine no high winds","Dry","Cyclist"
"10765","2018135641450",2018-05-25,2018,"May",25,"08:20",8,20,"Friday","Serious",1,"Serious","Pedestrian","Pedestrian","Female",86,"Unclassified","Single carriageway",30,NA,"In carriageway, not crossing","In carriageway, stationary - not crossing  (standing or playing)",426257,432271,"E01011732",1,"Not at junction or within 20 metres","Daylight","Fine no high winds","Dry","Pedestrian"
"10766","20181355P0777",2018-05-25,2018,"May",25,"08:30",8,30,"Friday","Slight",1,"Slight","Car occupant","Driver or rider","Female",48,"Unclassified","Single carriageway",30,"Unclassified","Not a Pedestrian","Not a Pedestrian",428749,436968,"E01011691",2,"T or staggered junction","Daylight","Raining no high winds","Wet or damp","Car occupant"
"10767","20181355P0584",2018-05-25,2018,"May",25,"10:17",10,17,"Friday","Serious",1,"Serious","Pedestrian","Pedestrian","Female",37,"B","Single carriageway",40,"Unclassified","Crossing elsewhere within 50m. of pedestrian crossing","Crossing from driver's nearside",424594,436056,"E01011325",1,"T or staggered junction","Daylight","Raining no high winds","Wet or damp","Pedestrian"
"10768","20181355Q0121",2018-05-26,2018,"May",26,"01:15",1,15,"Saturday","Slight",2,"Slight","Car occupant","Driver or rider","Male",25,"A","Single carriageway",30,NA,"Not a Pedestrian","Not a Pedestrian",427695,433712,"E01011284",2,"Not at junction or within 20 metres","Darkness - lights lit","Fine no high winds","Wet or damp","Car occupant"
"10769","20181355Q0121",2018-05-26,2018,"May",26,"01:15",1,15,"Saturday","Slight",2,"Slight","Taxi/Private hire car occupant","Driver or rider","Male",29,"A","Single carriageway",30,NA,"Not a Pedestrian","Not a Pedestrian",427695,433712,"E01011284",2,"Not at junction or within 20 metres","Darkness - lights lit","Fine no high winds","Wet or damp","Car occupant"
"10770","20181355Q0595",2018-05-26,2018,"May",26,"09:18",9,18,"Saturday","Slight",2,"Slight","Car occupant","Driver or rider","Female",54,"A","Single carriageway",40,"A","Not a Pedestrian","Not a Pedestrian",424134,444004,"E01032503",2,"Crossroads","Daylight","Fine no high winds","Dry","Car occupant"
"10771","20181355Q0595",2018-05-26,2018,"May",26,"09:18",9,18,"Saturday","Slight",2,"Slight","Car occupant","Driver or rider","Female",43,"A","Single carriageway",40,"A","Not a Pedestrian","Not a Pedestrian",424134,444004,"E01032503",2,"Crossroads","Daylight","Fine no high winds","Dry","Car occupant"
"10772","20181355Q0928",2018-05-26,2018,"May",26,"09:30",9,30,"Saturday","Serious",2,"Serious","Cyclist","Driver or rider","Male",32,"A","Roundabout",40,"Motorway","Not a Pedestrian","Not a Pedestrian",435798,425984,"E01011636",3,"Roundabout","Daylight","Fine no high winds","Dry","Cyclist"
"10773","20181355Q0928",2018-05-26,2018,"May",26,"09:30",9,30,"Saturday","Serious",2,"Slight","Cyclist","Driver or rider","Male",52,"A","Roundabout",40,"Motorway","Not a Pedestrian","Not a Pedestrian",435798,425984,"E01011636",3,"Roundabout","Daylight","Fine no high winds","Dry","Cyclist"
"10774","20181355Q0623",2018-05-26,2018,"May",26,"09:46",9,46,"Saturday","Slight",6,"Slight","Minibus (8 - 16 passenger seats) occupant","Passenger","Female",20,"Motorway","Unknown",70,NA,"Not a Pedestrian","Not a Pedestrian",443394,438644,"E01011309",3,"Not at junction or within 20 metres","Daylight","Fine no high winds","Dry","Bus and goods vehicle occupant"
"10775","20181355Q0623",2018-05-26,2018,"May",26,"09:46",9,46,"Saturday","Slight",6,"Slight","Minibus (8 - 16 passenger seats) occupant","Passenger","Female",51,"Motorway","Unknown",70,NA,"Not a Pedestrian","Not a Pedestrian",443394,438644,"E01011309",3,"Not at junction or within 20 metres","Daylight","Fine no high winds","Dry","Bus and goods vehicle occupant"
"10776","20181355Q0623",2018-05-26,2018,"May",26,"09:46",9,46,"Saturday","Slight",6,"Slight","Minibus (8 - 16 passenger seats) occupant","Passenger","Female",56,"Motorway","Unknown",70,NA,"Not a Pedestrian","Not a Pedestrian",443394,438644,"E01011309",3,"Not at junction or within 20 metres","Daylight","Fine no high winds","Dry","Bus and goods vehicle occupant"
"10777","20181355Q0623",2018-05-26,2018,"May",26,"09:46",9,46,"Saturday","Slight",6,"Slight","Minibus (8 - 16 passenger seats) occupant","Passenger","Female",52,"Motorway","Unknown",70,NA,"Not a Pedestrian","Not a Pedestrian",443394,438644,"E01011309",3,"Not at junction or within 20 metres","Daylight","Fine no high winds","Dry","Bus and goods vehicle occupant"
"10778","20181355Q0623",2018-05-26,2018,"May",26,"09:46",9,46,"Saturday","Slight",6,"Slight","Car occupant","Driver or rider","Female",25,"Motorway","Unknown",70,NA,"Not a Pedestrian","Not a Pedestrian",443394,438644,"E01011309",3,"Not at junction or within 20 metres","Daylight","Fine no high winds","Dry","Car occupant"
"10779","20181355Q0623",2018-05-26,2018,"May",26,"09:46",9,46,"Saturday","Slight",6,"Slight","Car occupant","Passenger","Female",6,"Motorway","Unknown",70,NA,"Not a Pedestrian","Not a Pedestrian",443394,438644,"E01011309",3,"Not at junction or within 20 metres","Daylight","Fine no high winds","Dry","Car occupant"
"10780","20181355Q1054",2018-05-26,2018,"May",26,"14:00",14,0,"Saturday","Slight",1,"Slight","Bus or coach occupant (17 or more pass seats)","Passenger","Female",85,"Motorway","Dual carriageway",50,NA,"Not a Pedestrian","Not a Pedestrian",432144,429782,"E01011469",2,"Not at junction or within 20 metres","Daylight","Fine no high winds","Dry","Bus and goods vehicle occupant"
"10781","20181355Q1656",2018-05-26,2018,"May",26,"18:30",18,30,"Saturday","Slight",1,"Slight","Cyclist","Driver or rider","Male",12,"Unclassified","Single carriageway",20,"Unclassified","Not a Pedestrian","Not a Pedestrian",420375,434510,"E01011595",2,"T or staggered junction","Daylight","Fine no high winds","Dry","Cyclist"
"10782","20181355S1373",2018-05-26,2018,"May",26,"19:00",19,0,"Saturday","Serious",1,"Serious","Cyclist","Driver or rider","Male",74,"Unclassified","Single carriageway",30,NA,"Not a Pedestrian","Not a Pedestrian",428970,435429,"E01033005",2,"Not at junction or within 20 metres","Daylight","Fine no high winds","Dry","Cyclist"
"10783","20181355Q1954",2018-05-26,2018,"May",26,"20:41",20,41,"Saturday","Fatal",1,"Fatal","Pedestrian","Pedestrian","Male",46,"Unclassified","Single carriageway",30,NA,"In carriageway, crossing elsewhere","Crossing from driver's nearside",431390,435084,"E01011429",1,"Not at junction or within 20 metres","Daylight","Fine no high winds","Dry","Pedestrian"
"10784","20181355R0199",2018-05-27,2018,"May",27,"01:45",1,45,"Sunday","Slight",1,"Slight","Car occupant","Passenger","Male",22,"A","Dual carriageway",40,"Motorway","Not a Pedestrian","Not a Pedestrian",430835,424377,"E01011537",1,"Roundabout","Darkness - lights lit","Fine no high winds","Dry","Car occupant"
"10785","20181355R1200",2018-05-27,2018,"May",27,"15:20",15,20,"Sunday","Slight",1,"Slight","Car occupant","Passenger","Female",18,"Unclassified","Single carriageway",30,NA,"Not a Pedestrian","Not a Pedestrian",433666,426974,"E01011634",3,"Not at junction or within 20 metres","Daylight","Fine no high winds","Dry","Car occupant"
"10786","20181355R1207",2018-05-27,2018,"May",27,"15:20",15,20,"Sunday","Serious",1,"Serious","Pedestrian","Pedestrian","Male",40,"Unclassified","Single carriageway",30,NA,"On footway or verge","Walking along in carriageway, facing traffic",433265,427394,"E01011634",1,"Not at junction or within 20 metres","Daylight","Fine no high winds","Dry","Pedestrian"
"10787","20181355R1283",2018-05-27,2018,"May",27,"15:55",15,55,"Sunday","Slight",1,"Slight","Car occupant","Driver or rider","Female",37,"Unclassified","Single carriageway",30,"Unclassified","Not a Pedestrian","Not a Pedestrian",429771,436618,"E01011355",2,"T or staggered junction","Daylight","Fine no high winds","Dry","Car occupant"
"10788","20181355S1168",2018-05-28,2018,"May",28,"15:02",15,2,"Monday","Slight",1,"Slight","Motorcycle over 125cc and up to 500cc rider or  passenger","Driver or rider","Male",50,"A","Single carriageway",30,"A","Not a Pedestrian","Not a Pedestrian",424373,445355,"E01011570",2,"T or staggered junction","Daylight","Fine no high winds","Dry","Motorcyclist and pillion"
"10789","20181355S1240",2018-05-28,2018,"May",28,"15:47",15,47,"Monday","Slight",1,"Slight","Cyclist","Driver or rider","Male",19,"Unclassified","Single carriageway",30,"Unclassified","Not a Pedestrian","Not a Pedestrian",430352,432103,"E01011364",2,"T or staggered junction","Daylight","Fine no high winds","Dry","Cyclist"
"10790","20181355S1782",2018-05-28,2018,"May",28,"19:36",19,36,"Monday","Serious",1,"Serious","Pedestrian","Pedestrian","Male",12,"B","Dual carriageway",30,"Unclassified","Crossing on pedestrian crossing facility","Crossing from driver's nearside",426647,433086,"E01011729",1,"Crossroads","Daylight","Fine no high winds","Dry","Pedestrian"
"10791","20181355S2111",2018-05-28,2018,"May",28,"21:45",21,45,"Monday","Slight",1,"Slight","Car occupant","Driver or rider","Male",57,"Unclassified","Single carriageway",30,"Unclassified","Not a Pedestrian","Not a Pedestrian",433101,436478,"E01011643",2,"T or staggered junction","Darkness - lights lit","Fine no high winds","Dry","Car occupant"