"","accident_index","date","year","month","day","time","time_hour","time_minute","day_of_week","accident_severity","number_of_casualties","casualty_severity","casualty_type","casualty_class","sex_of_casualty","age_of_casualty","first_road_class","road_type","speed_limit","second_road_class","pedestrian_location","pedestrian_movement","location_easting_osgr","location_northing_osgr","lsoa_of_accident_location","number_of_vehicles","junction_detail","light_conditions","weather_conditions","road_surface_conditions","cas_type"
"10956","20181356Q0406",2018-06-26,2018,"Jun",26,"08:25",8,25,"Tuesday","Serious",2,"Slight","Goods vehicle (over 3.5t. and under 7.5t.) occupant","Driver or rider","Male",22,"Unclassified","Single carriageway",40,"Unclassified","Not a Pedestrian","Not a Pedestrian",434622,441226,"E01011713",2,"Crossroads","Daylight","Fine no high winds","Dry","Bus and goods vehicle occupant"
"10957","20181356Q0406",2018-06-26,2018,"Jun",26,"08:25",8,25,"Tuesday","Serious",2,"Serious","Car occupant","Driver or rider","Female",54,"Unclassified","Single carriageway",40,"Unclassified","Not a Pedestrian","Not a Pedestrian",434622,441226,"E01011713",2,"Crossroads","Daylight","Fine no high winds","Dry","Car occupant"
"10958","20181356Q1543",2018-06-26,2018,"Jun",26,"08:30",8,30,"Tuesday","Slight",1,"Slight","Cyclist","Driver or rider","Male",25,"A","Single carriageway",30,"Unclassified","Not a Pedestrian","Not a Pedestrian",432057,435968,"E01011647",2,"T or staggered junction","Daylight","Fine no high winds","Dry","Cyclist"
"10959","20181356Q0491",2018-06-26,2018,"Jun",26,"09:16",9,16,"Tuesday","Slight",1,"Slight","Cyclist","Driver or rider","Male",61,"A","Single carriageway",30,"Unclassified","Not a Pedestrian","Not a Pedestrian",429434,433461,"E01033015",2,"Crossroads","Daylight","Fine no high winds","Dry","Cyclist"
"10960","20181356Q1275",2018-06-26,2018,"Jun",26,"16:12",16,12,"Tuesday","Slight",1,"Slight","Car occupant","Driver or rider","Male",27,"A","Dual carriageway",40,"A","Not a Pedestrian","Not a Pedestrian",427490,431336,"E01011369",2,"Crossroads","Daylight","Fine no high winds","Dry","Car occupant"
"10961","20181356R0168",2018-06-27,2018,"Jun",27,"01:30",1,30,"Wednesday","Serious",1,"Serious","Pedestrian","Pedestrian","Female",31,"Unclassified","Single carriageway",30,NA,"In carriageway, not crossing","In carriageway, stationary - not crossing  (standing or playing)",425072,435189,"E01011332",1,"Not at junction or within 20 metres","Darkness - lights lit","Fine no high winds","Dry","Pedestrian"
"10962","20181356R0350",2018-06-27,2018,"Jun",27,"07:30",7,30,"Wednesday","Slight",1,"Slight","Car occupant","Driver or rider","Female",48,"A","Roundabout",40,"A","Not a Pedestrian","Not a Pedestrian",428116,426285,"E01011550",2,"Roundabout","Daylight","Fine no high winds","Dry","Car occupant"
"10963","20181356R0947",2018-06-27,2018,"Jun",27,"07:30",7,30,"Wednesday","Slight",1,"Slight","Cyclist","Driver or rider","Male",49,"Unclassified","Dual carriageway",30,"Unclassified","Not a Pedestrian","Not a Pedestrian",427915,433639,"E01011284",2,"Other junction","Daylight","Fine no high winds","Dry","Cyclist"
"10964","2018135BB1028",2018-06-27,2018,"Jun",27,"12:48",12,48,"Wednesday","Serious",1,"Serious","Pedestrian","Pedestrian","Male",47,"Unclassified","Dual carriageway",40,NA,"Unknown or other","Unknown or other",430086,431307,"E01011371",1,"Not at junction or within 20 metres","Daylight","Fine no high winds","Dry","Pedestrian"
"10965","20181356R0934",2018-06-27,2018,"Jun",27,"13:20",13,20,"Wednesday","Slight",2,"Slight","Car occupant","Driver or rider","Male",71,"A","Single carriageway",40,NA,"Not a Pedestrian","Not a Pedestrian",435700,436973,"E01011661",3,"Not at junction or within 20 metres","Daylight","Fine no high winds","Dry","Car occupant"
"10966","20181356R0934",2018-06-27,2018,"Jun",27,"13:20",13,20,"Wednesday","Slight",2,"Slight","Van / Goods vehicle (3.5 tonnes mgw or under) occupant","Driver or rider","Male",52,"A","Single carriageway",40,NA,"Not a Pedestrian","Not a Pedestrian",435700,436973,"E01011661",3,"Not at junction or within 20 metres","Daylight","Fine no high winds","Dry","Bus and goods vehicle occupant"
"10967","20181356R1266",2018-06-27,2018,"Jun",27,"14:30",14,30,"Wednesday","Slight",1,"Slight","Bus or coach occupant (17 or more pass seats)","Passenger","Female",60,"A","Dual carriageway",30,NA,"Not a Pedestrian","Not a Pedestrian",434937,434644,"E01011343",1,"Not at junction or within 20 metres","Daylight","Fine no high winds","Dry","Bus and goods vehicle occupant"
"10968","20181356R1097",2018-06-27,2018,"Jun",27,"14:40",14,40,"Wednesday","Slight",2,"Slight","Car occupant","Driver or rider","Female",29,"A","Dual carriageway",40,"Unclassified","Not a Pedestrian","Not a Pedestrian",430660,434702,"E01011671",3,"Crossroads","Daylight","Fine no high winds","Dry","Car occupant"
"10969","20181356R1097",2018-06-27,2018,"Jun",27,"14:40",14,40,"Wednesday","Slight",2,"Slight","Car occupant","Driver or rider","Male",41,"A","Dual carriageway",40,"Unclassified","Not a Pedestrian","Not a Pedestrian",430660,434702,"E01011671",3,"Crossroads","Daylight","Fine no high winds","Dry","Car occupant"
"10970","20181356R1295",2018-06-27,2018,"Jun",27,"16:14",16,14,"Wednesday","Slight",2,"Slight","Car occupant","Driver or rider","Female",47,"Unclassified","Single carriageway",30,"Unclassified","Not a Pedestrian","Not a Pedestrian",436445,434702,"E01011409",2,"T or staggered junction","Daylight","Fine no high winds","Dry","Car occupant"
"10971","20181356R1295",2018-06-27,2018,"Jun",27,"16:14",16,14,"Wednesday","Slight",2,"Slight","Car occupant","Driver or rider","Male",24,"Unclassified","Single carriageway",30,"Unclassified","Not a Pedestrian","Not a Pedestrian",436445,434702,"E01011409",2,"T or staggered junction","Daylight","Fine no high winds","Dry","Car occupant"
"10972","20181356R2028",2018-06-27,2018,"Jun",27,"22:31",22,31,"Wednesday","Slight",1,"Slight","Car occupant","Driver or rider","Male",33,"Unclassified","Single carriageway",30,"A","Not a Pedestrian","Not a Pedestrian",429369,433781,"E01011678",2,"T or staggered junction","Darkness - lights lit","Fine no high winds","Dry","Car occupant"
"10973","20181356S0317",2018-06-28,2018,"Jun",28,"07:00",7,0,"Thursday","Slight",3,"Slight","Car occupant","Driver or rider","Male",48,"Motorway","Slip road",70,"Motorway","Not a Pedestrian","Not a Pedestrian",428272,426395,"E01011553",3,"Slip road","Daylight","Fine no high winds","Dry","Car occupant"
"10974","20181356S0317",2018-06-28,2018,"Jun",28,"07:00",7,0,"Thursday","Slight",3,"Slight","Car occupant","Driver or rider","Male",41,"Motorway","Slip road",70,"Motorway","Not a Pedestrian","Not a Pedestrian",428272,426395,"E01011553",3,"Slip road","Daylight","Fine no high winds","Dry","Car occupant"
"10975","20181356S0317",2018-06-28,2018,"Jun",28,"07:00",7,0,"Thursday","Slight",3,"Slight","Car occupant","Driver or rider","Female",29,"Motorway","Slip road",70,"Motorway","Not a Pedestrian","Not a Pedestrian",428272,426395,"E01011553",3,"Slip road","Daylight","Fine no high winds","Dry","Car occupant"
"10976","20181356S0411",2018-06-28,2018,"Jun",28,"08:30",8,30,"Thursday","Slight",1,"Slight","Cyclist","Driver or rider","Male",28,"Unclassified","One way street",30,NA,"Not a Pedestrian","Not a Pedestrian",435025,436373,"E01011659",2,"Not at junction or within 20 metres","Daylight","Fine no high winds","Dry","Cyclist"
"10977","20181356S0456",2018-06-28,2018,"Jun",28,"08:55",8,55,"Thursday","Slight",1,"Slight","Cyclist","Driver or rider","Female",60,"A","Single carriageway",30,"Unclassified","Not a Pedestrian","Not a Pedestrian",429390,433815,"E01011678",2,"T or staggered junction","Daylight","Fine no high winds","Dry","Cyclist"
"10978","20181356S0469",2018-06-28,2018,"Jun",28,"09:00",9,0,"Thursday","Slight",1,"Slight","Cyclist","Driver or rider","Male",23,"Unclassified","Single carriageway",30,"Unclassified","Not a Pedestrian","Not a Pedestrian",432055,435969,"E01011422",2,"T or staggered junction","Daylight","Fine no high winds","Dry","Cyclist"
"10979","20181356S1005",2018-06-28,2018,"Jun",28,"14:00",14,0,"Thursday","Slight",1,"Slight","Van / Goods vehicle (3.5 tonnes mgw or under) occupant","Driver or rider","Male",42,"Motorway","Dual carriageway",70,NA,"Not a Pedestrian","Not a Pedestrian",431697,426392,"E01011499",1,"Not at junction or within 20 metres","Daylight","Fine no high winds","Dry","Bus and goods vehicle occupant"
"10980","20181356S1258",2018-06-28,2018,"Jun",28,"15:40",15,40,"Thursday","Slight",1,"Slight","Car occupant","Driver or rider","Male",19,"Unclassified","Single carriageway",30,"Unclassified","Not a Pedestrian","Not a Pedestrian",429340,437270,"E01011688",2,"T or staggered junction","Daylight","Fine no high winds","Dry","Car occupant"
"10981","20181356S1295",2018-06-28,2018,"Jun",28,"15:55",15,55,"Thursday","Fatal",2,"Fatal","Car occupant","Passenger","Female",85,"Unclassified","Single carriageway",30,NA,"Not a Pedestrian","Not a Pedestrian",434482,434612,"E01011341",3,"Not at junction or within 20 metres","Daylight","Fine no high winds","Dry","Car occupant"
"10982","20181356S1295",2018-06-28,2018,"Jun",28,"15:55",15,55,"Thursday","Fatal",2,"Serious","Car occupant","Driver or rider","Male",91,"Unclassified","Single carriageway",30,NA,"Not a Pedestrian","Not a Pedestrian",434482,434612,"E01011341",3,"Not at junction or within 20 metres","Daylight","Fine no high winds","Dry","Car occupant"
"10983","20181356S1307",2018-06-28,2018,"Jun",28,"16:05",16,5,"Thursday","Slight",2,"Slight","Goods vehicle (7.5 tonnes mgw and over) occupant","Driver or rider","Male",42,"Motorway","Dual carriageway",70,NA,"Not a Pedestrian","Not a Pedestrian",428661,426428,"E01011538",3,"Not at junction or within 20 metres","Daylight","Fine no high winds","Dry","Bus and goods vehicle occupant"
"10984","20181356S1307",2018-06-28,2018,"Jun",28,"16:05",16,5,"Thursday","Slight",2,"Slight","Goods vehicle (7.5 tonnes mgw and over) occupant","Driver or rider","Male",27,"Motorway","Dual carriageway",70,NA,"Not a Pedestrian","Not a Pedestrian",428661,426428,"E01011538",3,"Not at junction or within 20 metres","Daylight","Fine no high winds","Dry","Bus and goods vehicle occupant"
"10985","20181356S1737",2018-06-28,2018,"Jun",28,"19:40",19,40,"Thursday","Serious",1,"Serious","Cyclist","Driver or rider","Male",54,"Unclassified","Single carriageway",30,"Unclassified","Not a Pedestrian","Not a Pedestrian",419270,446311,"E01011582",2,"T or staggered junction","Daylight","Fine no high winds","Dry","Cyclist"
"10986","20181356T0678",2018-06-29,2018,"Jun",29,"10:00",10,0,"Friday","Slight",1,"Slight","Car occupant","Driver or rider","Male",25,"Unclassified","Roundabout",30,"Unclassified","Not a Pedestrian","Not a Pedestrian",428224,429487,"E01011531",2,"Roundabout","Daylight","Fine no high winds","Dry","Car occupant"
"10987","20181356U0755",2018-06-29,2018,"Jun",29,"16:30",16,30,"Friday","Slight",2,"Slight","Taxi/Private hire car occupant","Passenger","Male",48,"A","Dual carriageway",30,"Unclassified","Not a Pedestrian","Not a Pedestrian",430667,433655,"E01033011",3,"Roundabout","Daylight","Fine no high winds","Dry","Car occupant"
"10988","20181356U0755",2018-06-29,2018,"Jun",29,"16:30",16,30,"Friday","Slight",2,"Slight","Taxi/Private hire car occupant","Passenger","Female",48,"A","Dual carriageway",30,"Unclassified","Not a Pedestrian","Not a Pedestrian",430667,433655,"E01033011",3,"Roundabout","Daylight","Fine no high winds","Dry","Car occupant"
"10989","20181356T1690",2018-06-29,2018,"Jun",29,"18:04",18,4,"Friday","Serious",1,"Serious","Cyclist","Driver or rider","Female",22,"A","Single carriageway",30,"Unclassified","Not a Pedestrian","Not a Pedestrian",429456,434910,"E01033005",2,"T or staggered junction","Daylight","Fine no high winds","Dry","Cyclist"
"10990","20181356U0266",2018-06-30,2018,"Jun",30,"02:38",2,38,"Saturday","Fatal",7,"Fatal","Car occupant","Driver or rider","Male",21,"A","Single carriageway",40,"Unclassified","Not a Pedestrian","Not a Pedestrian",423867,437663,"E01011462",2,"T or staggered junction","Darkness - lights lit","Fine no high winds","Dry","Car occupant"
"10991","20181356U0266",2018-06-30,2018,"Jun",30,"02:38",2,38,"Saturday","Fatal",7,"Fatal","Car occupant","Passenger","Male",19,"A","Single carriageway",40,"Unclassified","Not a Pedestrian","Not a Pedestrian",423867,437663,"E01011462",2,"T or staggered junction","Darkness - lights lit","Fine no high winds","Dry","Car occupant"
"10992","20181356U0266",2018-06-30,2018,"Jun",30,"02:38",2,38,"Saturday","Fatal",7,"Fatal","Car occupant","Passenger","Male",19,"A","Single carriageway",40,"Unclassified","Not a Pedestrian","Not a Pedestrian",423867,437663,"E01011462",2,"T or staggered junction","Darkness - lights lit","Fine no high winds","Dry","Car occupant"
"10993","20181356U0266",2018-06-30,2018,"Jun",30,"02:38",2,38,"Saturday","Fatal",7,"Fatal","Car occupant","Passenger","Male",18,"A","Single carriageway",40,"Unclassified","Not a Pedestrian","Not a Pedestrian",423867,437663,"E01011462",2,"T or staggered junction","Darkness - lights lit","Fine no high winds","Dry","Car occupant"
"10994","20181356U0266",2018-06-30,2018,"Jun",30,"02:38",2,38,"Saturday","Fatal",7,"Serious","Car occupant","Passenger","Female",17,"A","Single carriageway",40,"Unclassified","Not a Pedestrian","Not a Pedestrian",423867,437663,"E01011462",2,"T or staggered junction","Darkness - lights lit","Fine no high winds","Dry","Car occupant"
"10995","20181356U0266",2018-06-30,2018,"Jun",30,"02:38",2,38,"Saturday","Fatal",7,"Serious","Car occupant","Passenger","Female",17,"A","Single carriageway",40,"Unclassified","Not a Pedestrian","Not a Pedestrian",423867,437663,"E01011462",2,"T or staggered junction","Darkness - lights lit","Fine no high winds","Dry","Car occupant"
"10996","20181356U0266",2018-06-30,2018,"Jun",30,"02:38",2,38,"Saturday","Fatal",7,"Serious","Car occupant","Driver or rider","Male",42,"A","Single carriageway",40,"Unclassified","Not a Pedestrian","Not a Pedestrian",423867,437663,"E01011462",2,"T or staggered junction","Darkness - lights lit","Fine no high winds","Dry","Car occupant"
"10997","20181356U0377",2018-06-30,2018,"Jun",30,"04:38",4,38,"Saturday","Serious",2,"Serious","Car occupant","Driver or rider","Female",23,"A","Dual carriageway",30,NA,"Not a Pedestrian","Not a Pedestrian",426218,434033,"E01032499",3,"Not at junction or within 20 metres","Daylight","Fine no high winds","Dry","Car occupant"
"10998","20181356U0377",2018-06-30,2018,"Jun",30,"04:38",4,38,"Saturday","Serious",2,"Serious","Car occupant","Passenger","Female",23,"A","Dual carriageway",30,NA,"Not a Pedestrian","Not a Pedestrian",426218,434033,"E01032499",3,"Not at junction or within 20 metres","Daylight","Fine no high winds","Dry","Car occupant"
"10999","20181356U1100",2018-06-30,2018,"Jun",30,"11:40",11,40,"Saturday","Slight",1,"Slight","Cyclist","Driver or rider","Female",26,"A","Single carriageway",30,"Unclassified","Not a Pedestrian","Not a Pedestrian",428438,435711,"E01032946",2,"T or staggered junction","Daylight","Fine no high winds","Dry","Cyclist"
"11000","2018135710764",2018-06-30,2018,"Jun",30,"14:10",14,10,"Saturday","Slight",1,"Slight","Car occupant","Passenger","Male",1,"Unclassified","Single carriageway",30,"Unclassified","Not a Pedestrian","Not a Pedestrian",429120,432170,"E01011364",2,"Roundabout","Daylight","Fine no high winds","Dry","Car occupant"
"11001","20181356U1218",2018-06-30,2018,"Jun",30,"14:20",14,20,"Saturday","Slight",5,"Slight","Car occupant","Passenger","Female",27,"Motorway","Slip road",50,"A","Not a Pedestrian","Not a Pedestrian",428369,431617,"E01011366",3,"Slip road","Daylight","Fine no high winds","Dry","Car occupant"
"11002","20181356U1218",2018-06-30,2018,"Jun",30,"14:20",14,20,"Saturday","Slight",5,"Slight","Car occupant","Passenger","Male",7,"Motorway","Slip road",50,"A","Not a Pedestrian","Not a Pedestrian",428369,431617,"E01011366",3,"Slip road","Daylight","Fine no high winds","Dry","Car occupant"
"11003","20181356U1218",2018-06-30,2018,"Jun",30,"14:20",14,20,"Saturday","Slight",5,"Slight","Car occupant","Driver or rider","Female",38,"Motorway","Slip road",50,"A","Not a Pedestrian","Not a Pedestrian",428369,431617,"E01011366",3,"Slip road","Daylight","Fine no high winds","Dry","Car occupant"
"11004","20181356U1218",2018-06-30,2018,"Jun",30,"14:20",14,20,"Saturday","Slight",5,"Slight","Car occupant","Passenger","Male",3,"Motorway","Slip road",50,"A","Not a Pedestrian","Not a Pedestrian",428369,431617,"E01011366",3,"Slip road","Daylight","Fine no high winds","Dry","Car occupant"
"11005","20181356U1218",2018-06-30,2018,"Jun",30,"14:20",14,20,"Saturday","Slight",5,"Slight","Car occupant","Passenger","Female",10,"Motorway","Slip road",50,"A","Not a Pedestrian","Not a Pedestrian",428369,431617,"E01011366",3,"Slip road","Daylight","Fine no high winds","Dry","Car occupant"
"11006","20181356U1570",2018-06-30,2018,"Jun",30,"17:00",17,0,"Saturday","Serious",1,"Serious","Car occupant","Driver or rider","Male",33,"Unclassified","Single carriageway",30,NA,"Not a Pedestrian","Not a Pedestrian",430931,429752,"E01011473",2,"Not at junction or within 20 metres","Daylight","Fine no high winds","Dry","Car occupant"
"11007","20181356U1571",2018-06-30,2018,"Jun",30,"17:05",17,5,"Saturday","Serious",1,"Serious","Motorcycle 125cc and under rider or passenger","Driver or rider","Male",18,"Unclassified","Single carriageway",30,"B","Not a Pedestrian","Not a Pedestrian",430000,438583,"E01011514",2,"T or staggered junction","Daylight","Fine no high winds","Dry","Motorcyclist and pillion"
"11008","20181356U1853",2018-06-30,2018,"Jun",30,"17:30",17,30,"Saturday","Slight",1,"Slight","Cyclist","Driver or rider","Male",30,"B","Single carriageway",30,"Unclassified","Not a Pedestrian","Not a Pedestrian",431717,436074,"E01011359",2,"T or staggered junction","Daylight","Fine no high winds","Dry","Cyclist"
"11009","2018135710014",2018-07-01,2018,"Jul",1,"00:03",0,3,"Sunday","Slight",1,"Slight","Pedestrian","Pedestrian","Male",48,"Unclassified","Single carriageway",30,NA,"In carriageway, crossing elsewhere","Crossing from driver's nearside",430028,433333,"E01033010",1,"Not at junction or within 20 metres","Darkness - lights lit","Fine no high winds","Dry","Pedestrian"
"11010","2018135711464",2018-07-01,2018,"Jul",1,"09:30",9,30,"Sunday","Slight",1,"Slight","Cyclist","Driver or rider","Female",46,"A","Single carriageway",40,"A","Not a Pedestrian","Not a Pedestrian",440475,447662,"E01011704",2,"Roundabout","Daylight","Fine no high winds","Dry","Cyclist"
"11011","2018135711414",2018-07-01,2018,"Jul",1,"15:50",15,50,"Sunday","Serious",1,"Serious","Motorcycle over 125cc and up to 500cc rider or  passenger","Driver or rider","Male",26,"Unclassified","Single carriageway",30,"Unclassified","Not a Pedestrian","Not a Pedestrian",430939,435679,"E01011360",2,"T or staggered junction","Daylight","Fine no high winds","Dry","Motorcyclist and pillion"
"11012","2018135711538",2018-07-01,2018,"Jul",1,"17:05",17,5,"Sunday","Slight",1,"Slight","Pedestrian","Pedestrian","Male",54,"B","Single carriageway",30,"Unclassified","Crossing on pedestrian crossing facility","Crossing from driver's nearside",427636,435972,"E01011440",1,"T or staggered junction","Daylight","Fine no high winds","Dry","Pedestrian"
"11013","2018135711568",2018-07-01,2018,"Jul",1,"17:20",17,20,"Sunday","Slight",2,"Slight","Car occupant","Driver or rider","Male",76,"Unclassified","Single carriageway",30,NA,"Not a Pedestrian","Not a Pedestrian",443302,445917,"E01011697",1,"Not at junction or within 20 metres","Daylight","Fine no high winds","Dry","Car occupant"
"11014","2018135711568",2018-07-01,2018,"Jul",1,"17:20",17,20,"Sunday","Slight",2,"Slight","Car occupant","Passenger","Female",66,"Unclassified","Single carriageway",30,NA,"Not a Pedestrian","Not a Pedestrian",443302,445917,"E01011697",1,"Not at junction or within 20 metres","Daylight","Fine no high winds","Dry","Car occupant"
"11015","2018135741533",2018-07-01,2018,"Jul",1,"19:30",19,30,"Sunday","Slight",1,"Slight","Pedestrian","Pedestrian","Female",28,"A","Single carriageway",30,NA,"Crossing elsewhere within 50m. of pedestrian crossing","Unknown or other",431863,435667,"E01011422",1,"Not at junction or within 20 metres","Daylight","Fine no high winds","Dry","Pedestrian"
"11016","2018135712160",2018-07-01,2018,"Jul",1,"21:45",21,45,"Sunday","Slight",1,"Slight","Car occupant","Driver or rider","Female",39,"A","Dual carriageway",40,NA,"Not a Pedestrian","Not a Pedestrian",430794,431964,"E01011467",1,"Not at junction or within 20 metres","Darkness - lights lit","Fine no high winds","Dry","Car occupant"
"11017","2018135720330",2018-07-02,2018,"Jul",2,"07:20",7,20,"Monday","Slight",1,"Slight","Cyclist","Driver or rider","Male",48,"Unclassified","Single carriageway",30,"Unclassified","Not a Pedestrian","Not a Pedestrian",431071,434566,"E01033031",2,"Other junction","Daylight","Fine no high winds","Dry","Cyclist"
"11018","2018135720328",2018-07-02,2018,"Jul",2,"07:30",7,30,"Monday","Slight",1,"Slight","Motorcycle over 125cc and up to 500cc rider or  passenger","Driver or rider","Male",36,"Unclassified","Single carriageway",30,NA,"Not a Pedestrian","Not a Pedestrian",433362,425663,"E01011500",2,"Not at junction or within 20 metres","Daylight","Fine no high winds","Dry","Motorcyclist and pillion"
"11019","2018135721098",2018-07-02,2018,"Jul",2,"14:38",14,38,"Monday","Slight",1,"Slight","Car occupant","Driver or rider","Male",53,"A","Slip road",40,"Unclassified","Not a Pedestrian","Not a Pedestrian",430892,433813,"E01033031",3,"Slip road","Daylight","Fine no high winds","Dry","Car occupant"
"11020","2018135721647",2018-07-02,2018,"Jul",2,"14:50",14,50,"Monday","Slight",1,"Slight","Pedestrian","Pedestrian","Male",12,"Unclassified","Single carriageway",20,NA,"In carriageway, crossing elsewhere","Crossing from nearside - masked by parked or stationary vehicle",422818,435383,"E01011328",1,"Not at junction or within 20 metres","Daylight","Fine no high winds","Dry","Pedestrian"
"11021","2018135721294",2018-07-02,2018,"Jul",2,"15:30",15,30,"Monday","Slight",1,"Slight","Cyclist","Driver or rider","Male",58,"A","Single carriageway",30,"Unclassified","Not a Pedestrian","Not a Pedestrian",426440,428516,"E01011528",2,"T or staggered junction","Daylight","Fine no high winds","Dry","Cyclist"
"11022","2018135721335",2018-07-02,2018,"Jul",2,"16:20",16,20,"Monday","Slight",2,"Slight","Bus or coach occupant (17 or more pass seats)","Passenger","Female",43,"Unclassified","Single carriageway",30,"Unclassified","Not a Pedestrian","Not a Pedestrian",431343,433944,"E01033031",2,"T or staggered junction","Daylight","Fine no high winds","Dry","Bus and goods vehicle occupant"
"11023","2018135721335",2018-07-02,2018,"Jul",2,"16:20",16,20,"Monday","Slight",2,"Slight","Bus or coach occupant (17 or more pass seats)","Passenger","Female",39,"Unclassified","Single carriageway",30,"Unclassified","Not a Pedestrian","Not a Pedestrian",431343,433944,"E01033031",2,"T or staggered junction","Daylight","Fine no high winds","Dry","Bus and goods vehicle occupant"
"11024","2018135722273",2018-07-02,2018,"Jul",2,"17:20",17,20,"Monday","Slight",1,"Slight","Pedestrian","Pedestrian","Female",74,"Unclassified","Single carriageway",30,"Unclassified","In carriageway, crossing elsewhere","Crossing from driver's nearside",425925,426689,"E01011546",1,"T or staggered junction","Daylight","Fine no high winds","Dry","Pedestrian"
"11025","2018135721924",2018-07-02,2018,"Jul",2,"19:00",19,0,"Monday","Slight",3,"Slight","Car occupant","Driver or rider","Male",62,"A","Dual carriageway",30,NA,"Not a Pedestrian","Not a Pedestrian",424118,428137,"E01011529",2,"Not at junction or within 20 metres","Daylight","Fine no high winds","Dry","Car occupant"
"11026","2018135721924",2018-07-02,2018,"Jul",2,"19:00",19,0,"Monday","Slight",3,"Slight","Car occupant","Passenger","Female",59,"A","Dual carriageway",30,NA,"Not a Pedestrian","Not a Pedestrian",424118,428137,"E01011529",2,"Not at junction or within 20 metres","Daylight","Fine no high winds","Dry","Car occupant"
"11027","2018135721924",2018-07-02,2018,"Jul",2,"19:00",19,0,"Monday","Slight",3,"Slight","Car occupant","Passenger","Male",9,"A","Dual carriageway",30,NA,"Not a Pedestrian","Not a Pedestrian",424118,428137,"E01011529",2,"Not at junction or within 20 metres","Daylight","Fine no high winds","Dry","Car occupant"
"11028","2018135730296",2018-07-03,2018,"Jul",3,"05:54",5,54,"Tuesday","Slight",2,"Slight","Taxi/Private hire car occupant","Driver or rider","Male",25,"A(M)","Dual carriageway",70,NA,"Not a Pedestrian","Not a Pedestrian",440438,446501,"E01011704",2,"Not at junction or within 20 metres","Daylight","Fine no high winds","Dry","Car occupant"
"11029","2018135730296",2018-07-03,2018,"Jul",3,"05:54",5,54,"Tuesday","Slight",2,"Slight","Taxi/Private hire car occupant","Passenger","Female",26,"A(M)","Dual carriageway",70,NA,"Not a Pedestrian","Not a Pedestrian",440438,446501,"E01011704",2,"Not at junction or within 20 metres","Daylight","Fine no high winds","Dry","Car occupant"
"11030","2018135730426",2018-07-03,2018,"Jul",3,"08:45",8,45,"Tuesday","Slight",1,"Slight","Car occupant","Passenger","Male",2,"Unclassified","Single carriageway",30,NA,"Not a Pedestrian","Not a Pedestrian",436160,436039,"E01011724",2,"Not at junction or within 20 metres","Daylight","Fine no high winds","Dry","Car occupant"
"11031","2018135730829",2018-07-03,2018,"Jul",3,"12:10",12,10,"Tuesday","Slight",1,"Slight","Cyclist","Passenger","Female",3,"Unclassified","Single carriageway",30,"Unclassified","Not a Pedestrian","Not a Pedestrian",432149,434962,"E01011434",1,"T or staggered junction","Daylight","Fine no high winds","Dry","Cyclist"
"11032","2018135731011",2018-07-03,2018,"Jul",3,"14:25",14,25,"Tuesday","Slight",1,"Slight","Car occupant","Driver or rider","Female",39,"A","Dual carriageway",30,NA,"Not a Pedestrian","Not a Pedestrian",430838,434444,"E01033003",4,"Not at junction or within 20 metres","Daylight","Fine no high winds","Dry","Car occupant"
"11033","2018135740995",2018-07-03,2018,"Jul",3,"15:00",15,0,"Tuesday","Slight",1,"Slight","Cyclist","Driver or rider","Male",56,"A","Roundabout",30,"Unclassified","Not a Pedestrian","Not a Pedestrian",428408,432474,"E01011363",2,"Roundabout","Daylight","Fine no high winds","Dry","Cyclist"
"11034","2018135731394",2018-07-03,2018,"Jul",3,"17:27",17,27,"Tuesday","Slight",2,"Slight","Car occupant","Driver or rider","Female",41,"A","Single carriageway",30,"Unclassified","Not a Pedestrian","Not a Pedestrian",431646,435322,"E01011429",2,"T or staggered junction","Daylight","Fine no high winds","Dry","Car occupant"
"11035","2018135731394",2018-07-03,2018,"Jul",3,"17:27",17,27,"Tuesday","Slight",2,"Slight","Motorcycle over 500cc rider or passenger","Driver or rider","Male",59,"A","Single carriageway",30,"Unclassified","Not a Pedestrian","Not a Pedestrian",431646,435322,"E01011429",2,"T or staggered junction","Daylight","Fine no high winds","Dry","Motorcyclist and pillion"
"11036","2018135741767",2018-07-04,2018,"Jul",4,"08:10",8,10,"Wednesday","Slight",1,"Slight","Car occupant","Driver or rider","Male",21,"A","Roundabout",40,"Unclassified","Not a Pedestrian","Not a Pedestrian",427035,431627,"E01011734",2,"Roundabout","Daylight","Fine no high winds","Dry","Car occupant"
"11037","20181357F1030",2018-07-04,2018,"Jul",4,"11:00",11,0,"Wednesday","Slight",1,"Slight","Car occupant","Driver or rider","Male",56,"Unclassified","Single carriageway",30,NA,"Not a Pedestrian","Not a Pedestrian",426408,428193,"E01011533",2,"Not at junction or within 20 metres","Daylight","Fine no high winds","Dry","Car occupant"
"11038","2018135750302",2018-07-05,2018,"Jul",5,"07:21",7,21,"Thursday","Serious",1,"Serious","Cyclist","Driver or rider","Male",53,"A","Dual carriageway",30,"Unclassified","Not a Pedestrian","Not a Pedestrian",429442,430221,"E01011319",2,"Other junction","Daylight","Fine no high winds","Dry","Cyclist"
"11039","2018135750710",2018-07-05,2018,"Jul",5,"10:20",10,20,"Thursday","Slight",1,"Slight","Bus or coach occupant (17 or more pass seats)","Passenger","Female",3,"Unclassified","Single carriageway",20,NA,"Not a Pedestrian","Not a Pedestrian",425099,440609,"E01011376",1,"Not at junction or within 20 metres","Daylight","Fine no high winds","Dry","Bus and goods vehicle occupant"
"11040","2018135751085",2018-07-05,2018,"Jul",5,"15:10",15,10,"Thursday","Slight",1,"Slight","Car occupant","Driver or rider","Female",40,"Unclassified","Dual carriageway",30,NA,"Not a Pedestrian","Not a Pedestrian",436172,434557,"E01011408",2,"Not at junction or within 20 metres","Daylight","Fine no high winds","Dry","Car occupant"