"","accident_index","date","year","month","day","time","time_hour","time_minute","day_of_week","accident_severity","number_of_casualties","casualty_severity","casualty_type","casualty_class","sex_of_casualty","age_of_casualty","first_road_class","road_type","speed_limit","second_road_class","pedestrian_location","pedestrian_movement","location_easting_osgr","location_northing_osgr","lsoa_of_accident_location","number_of_vehicles","junction_detail","light_conditions","weather_conditions","road_surface_conditions","cas_type"
"11041","2018135751468",2018-07-05,2018,"Jul",5,"18:02",18,2,"Thursday","Slight",1,"Slight","Pedestrian","Pedestrian","Male",5,"Unclassified","Single carriageway",20,NA,"In carriageway, not crossing","Unknown or other",429305,431834,"E01011368",1,"Not at junction or within 20 metres","Daylight","Fine no high winds","Dry","Pedestrian"
"11042","2018135751481",2018-07-05,2018,"Jul",5,"18:10",18,10,"Thursday","Slight",2,"Slight","Car occupant","Driver or rider","Male",37,"A","Dual carriageway",40,NA,"Not a Pedestrian","Not a Pedestrian",431427,432648,"E01011626",2,"Not at junction or within 20 metres","Daylight","Fine no high winds","Dry","Car occupant"
"11043","2018135751481",2018-07-05,2018,"Jul",5,"18:10",18,10,"Thursday","Slight",2,"Slight","Van / Goods vehicle (3.5 tonnes mgw or under) occupant","Driver or rider","Male",28,"A","Dual carriageway",40,NA,"Not a Pedestrian","Not a Pedestrian",431427,432648,"E01011626",2,"Not at junction or within 20 metres","Daylight","Fine no high winds","Dry","Bus and goods vehicle occupant"
"11044","2018135741979",2018-07-05,2018,"Jul",5,"21:33",21,33,"Thursday","Serious",1,"Serious","Pedestrian","Pedestrian","Male",6,"Unclassified","Single carriageway",20,"Unclassified","In carriageway, crossing elsewhere","Crossing from nearside - masked by parked or stationary vehicle",429888,431110,"E01011372",1,"T or staggered junction","Daylight","Fine no high winds","Dry","Pedestrian"
"11045","2018135752001",2018-07-05,2018,"Jul",5,"22:10",22,10,"Thursday","Slight",1,"Slight","Motorcycle 125cc and under rider or passenger","Driver or rider","Female",46,"A","Single carriageway",30,"Unclassified","Not a Pedestrian","Not a Pedestrian",424742,434883,"E01011282",2,"T or staggered junction","Darkness - lights lit","Fine no high winds","Dry","Motorcyclist and pillion"
"11046","2018135760486",2018-07-06,2018,"Jul",6,"08:55",8,55,"Friday","Slight",1,"Slight","Pedestrian","Pedestrian","Female",78,"Unclassified","Single carriageway",30,NA,"On footway or verge","Walking along in carriageway, back to traffic",430006,428095,"E01011494",1,"Not at junction or within 20 metres","Daylight","Fine no high winds","Dry","Pedestrian"
"11047","2018135760933",2018-07-06,2018,"Jul",6,"13:15",13,15,"Friday","Slight",1,"Slight","Car occupant","Passenger","Male",51,"A","Roundabout",40,"Unclassified","Not a Pedestrian","Not a Pedestrian",427979,430315,"E01011317",2,"Roundabout","Daylight","Fine no high winds","Dry","Car occupant"
"11048","2018135761009",2018-07-06,2018,"Jul",6,"13:45",13,45,"Friday","Slight",2,"Slight","Car occupant","Driver or rider","Female",42,"A","Roundabout",30,"A","Not a Pedestrian","Not a Pedestrian",421953,436530,"E01011591",2,"Roundabout","Daylight","Fine no high winds","Dry","Car occupant"
"11049","2018135761009",2018-07-06,2018,"Jul",6,"13:45",13,45,"Friday","Slight",2,"Slight","Car occupant","Passenger","Male",13,"A","Roundabout",30,"A","Not a Pedestrian","Not a Pedestrian",421953,436530,"E01011591",2,"Roundabout","Daylight","Fine no high winds","Dry","Car occupant"
"11050","2018135761164",2018-07-06,2018,"Jul",6,"14:59",14,59,"Friday","Slight",1,"Slight","Motorcycle over 500cc rider or passenger","Driver or rider","Male",33,"A(M)","Dual carriageway",70,NA,"Not a Pedestrian","Not a Pedestrian",441722,444181,"E01011712",1,"Not at junction or within 20 metres","Daylight","Fine no high winds","Dry","Motorcyclist and pillion"
"11051","20181356R1163",2018-07-06,2018,"Jul",6,"15:46",15,46,"Friday","Slight",1,"Slight","Pedestrian","Pedestrian","Female",31,"Unclassified","Single carriageway",30,NA,"In carriageway, crossing elsewhere","Crossing from driver's nearside",431417,434272,"E01033035",1,"Not at junction or within 20 metres","Daylight","Fine no high winds","Dry","Pedestrian"
"11052","2018135762393",2018-07-06,2018,"Jul",6,"23:45",23,45,"Friday","Slight",2,"Slight","Car occupant","Driver or rider","Female",23,"A","Single carriageway",30,"Unclassified","Not a Pedestrian","Not a Pedestrian",427452,431884,"E01011734",2,"T or staggered junction","Daylight","Fine no high winds","Dry","Car occupant"
"11053","2018135762393",2018-07-06,2018,"Jul",6,"23:45",23,45,"Friday","Slight",2,"Slight","Car occupant","Driver or rider","Male",43,"A","Single carriageway",30,"Unclassified","Not a Pedestrian","Not a Pedestrian",427452,431884,"E01011734",2,"T or staggered junction","Daylight","Fine no high winds","Dry","Car occupant"
"11054","2018135762412",2018-07-06,2018,"Jul",6,"23:54",23,54,"Friday","Serious",1,"Serious","Cyclist","Driver or rider","Male",32,"Unclassified","Single carriageway",30,NA,"Not a Pedestrian","Not a Pedestrian",429163,431600,"E01011366",4,"Not at junction or within 20 metres","Darkness - lights lit","Fine no high winds","Dry","Cyclist"
"11055","2018135770746",2018-07-07,2018,"Jul",7,"10:40",10,40,"Saturday","Slight",1,"Slight","Car occupant","Driver or rider","Male",76,"A","Single carriageway",50,NA,"Not a Pedestrian","Not a Pedestrian",421915,446013,"E01011569",2,"Not at junction or within 20 metres","Daylight","Fine no high winds","Dry","Car occupant"
"11056","2018135772001",2018-07-07,2018,"Jul",7,"20:02",20,2,"Saturday","Slight",1,"Slight","Pedestrian","Pedestrian","Female",6,"Unclassified","Single carriageway",30,NA,"In carriageway, crossing elsewhere","Crossing from driver's nearside",432042,435570,"E01011428",1,"Not at junction or within 20 metres","Daylight","Fine no high winds","Dry","Pedestrian"
"11057","2018135781839",2018-07-08,2018,"Jul",8,"19:00",19,0,"Sunday","Serious",3,"Slight","Car occupant","Driver or rider","Male",32,"Unclassified","Single carriageway",30,"Unclassified","Not a Pedestrian","Not a Pedestrian",427061,431802,"E01011736",2,"T or staggered junction","Daylight","Fine no high winds","Dry","Car occupant"
"11058","2018135781839",2018-07-08,2018,"Jul",8,"19:00",19,0,"Sunday","Serious",3,"Slight","Car occupant","Passenger","Female",26,"Unclassified","Single carriageway",30,"Unclassified","Not a Pedestrian","Not a Pedestrian",427061,431802,"E01011736",2,"T or staggered junction","Daylight","Fine no high winds","Dry","Car occupant"
"11059","2018135781839",2018-07-08,2018,"Jul",8,"19:00",19,0,"Sunday","Serious",3,"Serious","Car occupant","Driver or rider","Male",47,"Unclassified","Single carriageway",30,"Unclassified","Not a Pedestrian","Not a Pedestrian",427061,431802,"E01011736",2,"T or staggered junction","Daylight","Fine no high winds","Dry","Car occupant"
"11060","2018135791589",2018-07-09,2018,"Jul",9,"17:25",17,25,"Monday","Slight",1,"Slight","Pedestrian","Pedestrian","Female",17,"Unclassified","Single carriageway",30,NA,"In carriageway, crossing elsewhere","Crossing from driver's offside",430068,435412,"E01011670",1,"Not at junction or within 20 metres","Daylight","Fine no high winds","Dry","Pedestrian"
"11061","2018135792001",2018-07-09,2018,"Jul",9,"20:35",20,35,"Monday","Slight",4,"Slight","Car occupant","Driver or rider","Male",21,"A","Dual carriageway",40,"A","Not a Pedestrian","Not a Pedestrian",430802,433273,"E01033011",2,"Crossroads","Daylight","Fine no high winds","Dry","Car occupant"
"11062","2018135792001",2018-07-09,2018,"Jul",9,"20:35",20,35,"Monday","Slight",4,"Slight","Car occupant","Driver or rider","Male",21,"A","Dual carriageway",40,"A","Not a Pedestrian","Not a Pedestrian",430802,433273,"E01033011",2,"Crossroads","Daylight","Fine no high winds","Dry","Car occupant"
"11063","2018135792001",2018-07-09,2018,"Jul",9,"20:35",20,35,"Monday","Slight",4,"Slight","Car occupant","Passenger","Male",46,"A","Dual carriageway",40,"A","Not a Pedestrian","Not a Pedestrian",430802,433273,"E01033011",2,"Crossroads","Daylight","Fine no high winds","Dry","Car occupant"
"11064","2018135792001",2018-07-09,2018,"Jul",9,"20:35",20,35,"Monday","Slight",4,"Slight","Car occupant","Passenger","Female",43,"A","Dual carriageway",40,"A","Not a Pedestrian","Not a Pedestrian",430802,433273,"E01033011",2,"Crossroads","Daylight","Fine no high winds","Dry","Car occupant"
"11065","2018135792363",2018-07-09,2018,"Jul",9,"23:40",23,40,"Monday","Slight",3,"Slight","Taxi/Private hire car occupant","Driver or rider","Male",38,"A","Single carriageway",30,"B","Not a Pedestrian","Not a Pedestrian",431969,435837,"E01011422",2,"Crossroads","Darkness - lights unlit","Fine no high winds","Dry","Car occupant"
"11066","2018135792363",2018-07-09,2018,"Jul",9,"23:40",23,40,"Monday","Slight",3,"Slight","Taxi/Private hire car occupant","Passenger","Male",53,"A","Single carriageway",30,"B","Not a Pedestrian","Not a Pedestrian",431969,435837,"E01011422",2,"Crossroads","Darkness - lights unlit","Fine no high winds","Dry","Car occupant"
"11067","2018135792363",2018-07-09,2018,"Jul",9,"23:40",23,40,"Monday","Slight",3,"Slight","Car occupant","Driver or rider","Male",22,"A","Single carriageway",30,"B","Not a Pedestrian","Not a Pedestrian",431969,435837,"E01011422",2,"Crossroads","Darkness - lights unlit","Fine no high winds","Dry","Car occupant"
"11068","20181357B0236",2018-07-11,2018,"Jul",11,"04:45",4,45,"Wednesday","Slight",1,"Slight","Cyclist","Driver or rider","Female",27,"Unclassified","Roundabout",30,"Unclassified","Not a Pedestrian","Not a Pedestrian",432444,433799,"E01011348",2,"Roundabout","Daylight","Fine no high winds","Dry","Cyclist"
"11069","20181357B1301",2018-07-11,2018,"Jul",11,"15:00",15,0,"Wednesday","Slight",1,"Slight","Car occupant","Driver or rider","Female",38,"A","Dual carriageway",40,"Unclassified","Not a Pedestrian","Not a Pedestrian",420308,434231,"E01011597",2,"Crossroads","Daylight","Fine no high winds","Dry","Car occupant"
"11070","20181357B1427",2018-07-11,2018,"Jul",11,"16:55",16,55,"Wednesday","Slight",1,"Slight","Pedestrian","Pedestrian","Female",17,"Unclassified","Slip road",30,"Unclassified","On footway or verge","Unknown or other",429847,430831,"E01011312",1,"T or staggered junction","Daylight","Fine no high winds","Dry","Pedestrian"
"11071","20181357B1616",2018-07-11,2018,"Jul",11,"18:15",18,15,"Wednesday","Slight",1,"Slight","Cyclist","Driver or rider","Male",44,"A","One way street",40,NA,"Not a Pedestrian","Not a Pedestrian",423847,443911,"E01032503",2,"Not at junction or within 20 metres","Daylight","Fine no high winds","Dry","Cyclist"
"11072","20181357B2176",2018-07-11,2018,"Jul",11,"22:30",22,30,"Wednesday","Slight",1,"Slight","Pedestrian","Pedestrian","Male",30,"Unclassified","Single carriageway",30,NA,"In carriageway, crossing elsewhere","Crossing from driver's offside",428430,434981,"E01011449",1,"Not at junction or within 20 metres","Darkness - lights lit","Fine no high winds","Dry","Pedestrian"
"11073","20181357C0143",2018-07-12,2018,"Jul",12,"01:21",1,21,"Thursday","Serious",1,"Serious","Car occupant","Driver or rider","Male",32,"Unclassified","Single carriageway",30,"Unclassified","Not a Pedestrian","Not a Pedestrian",425336,432728,"E01011730",3,"T or staggered junction","Darkness - lights lit","Fine no high winds","Dry","Car occupant"
"11074","20181357C1009",2018-07-12,2018,"Jul",12,"14:27",14,27,"Thursday","Slight",1,"Slight","Car occupant","Driver or rider","Female",62,"Unclassified","Single carriageway",30,NA,"Not a Pedestrian","Not a Pedestrian",428550,435467,"E01011443",2,"Not at junction or within 20 metres","Daylight","Fine no high winds","Dry","Car occupant"
"11075","20181357D1562",2018-07-12,2018,"Jul",12,"15:00",15,0,"Thursday","Slight",1,"Slight","Cyclist","Driver or rider","Female",11,"Unclassified","Single carriageway",20,NA,"Not a Pedestrian","Not a Pedestrian",422350,428532,"E01011527",2,"Not at junction or within 20 metres","Daylight","Fine no high winds","Dry","Cyclist"
"11076","20181357C1466",2018-07-12,2018,"Jul",12,"18:05",18,5,"Thursday","Slight",1,"Slight","Car occupant","Driver or rider","Female",39,"Unclassified","Single carriageway",30,"Unclassified","Not a Pedestrian","Not a Pedestrian",422932,435659,"E01011327",2,"T or staggered junction","Daylight","Fine no high winds","Dry","Car occupant"
"11077","20181357D0744",2018-07-13,2018,"Jul",13,"11:25",11,25,"Friday","Slight",2,"Slight","Taxi/Private hire car occupant","Driver or rider","Male",36,"Unclassified","Single carriageway",30,"Unclassified","Not a Pedestrian","Not a Pedestrian",436781,434702,"E01011409",2,"T or staggered junction","Daylight","Fine no high winds","Dry","Car occupant"
"11078","20181357D0744",2018-07-13,2018,"Jul",13,"11:25",11,25,"Friday","Slight",2,"Slight","Taxi/Private hire car occupant","Passenger","Male",38,"Unclassified","Single carriageway",30,"Unclassified","Not a Pedestrian","Not a Pedestrian",436781,434702,"E01011409",2,"T or staggered junction","Daylight","Fine no high winds","Dry","Car occupant"
"11079","20181357D0603",2018-07-13,2018,"Jul",13,"18:30",18,30,"Friday","Slight",1,"Slight","Bus or coach occupant (17 or more pass seats)","Passenger","Female",67,"Unclassified","Single carriageway",30,"Unclassified","Not a Pedestrian","Not a Pedestrian",430996,428274,"E01011490",1,"Roundabout","Daylight","Fine no high winds","Dry","Bus and goods vehicle occupant"
"11080","20181357D1870",2018-07-13,2018,"Jul",13,"20:00",20,0,"Friday","Slight",2,"Slight","Car occupant","Passenger","Female",33,"B","Roundabout",30,"A","Not a Pedestrian","Not a Pedestrian",428514,433060,"E01011363",2,"Roundabout","Daylight","Raining no high winds","Wet or damp","Car occupant"
"11081","20181357D1870",2018-07-13,2018,"Jul",13,"20:00",20,0,"Friday","Slight",2,"Slight","Car occupant","Passenger","Female",34,"B","Roundabout",30,"A","Not a Pedestrian","Not a Pedestrian",428514,433060,"E01011363",2,"Roundabout","Daylight","Raining no high winds","Wet or damp","Car occupant"
"11082","20181357D2007",2018-07-13,2018,"Jul",13,"21:04",21,4,"Friday","Slight",1,"Slight","Car occupant","Driver or rider","Male",20,"Unclassified","Single carriageway",30,"Unclassified","Not a Pedestrian","Not a Pedestrian",432191,438846,"E01011653",2,"T or staggered junction","Daylight","Fine no high winds","Dry","Car occupant"
"11083","20181357E0882",2018-07-14,2018,"Jul",14,"12:10",12,10,"Saturday","Slight",2,"Slight","Car occupant","Driver or rider","Male",87,"Unclassified","Single carriageway",30,"Unclassified","Not a Pedestrian","Not a Pedestrian",428834,434633,"E01033006",2,"Crossroads","Daylight","Fine no high winds","Dry","Car occupant"
"11084","20181357E0882",2018-07-14,2018,"Jul",14,"12:10",12,10,"Saturday","Slight",2,"Slight","Car occupant","Driver or rider","Male",38,"Unclassified","Single carriageway",30,"Unclassified","Not a Pedestrian","Not a Pedestrian",428834,434633,"E01033006",2,"Crossroads","Daylight","Fine no high winds","Dry","Car occupant"
"11085","20181357F0738",2018-07-14,2018,"Jul",14,"19:05",19,5,"Saturday","Slight",1,"Slight","Car occupant","Passenger","Female",24,"Unclassified","Single carriageway",30,NA,"Not a Pedestrian","Not a Pedestrian",421705,435585,"E01011592",2,"Not at junction or within 20 metres","Daylight","Fine no high winds","Dry","Car occupant"
"11086","20181357F1049",2018-07-15,2018,"Jul",15,"12:50",12,50,"Sunday","Serious",2,"Slight","Car occupant","Driver or rider","Female",41,"Unclassified","Single carriageway",30,"Unclassified","Not a Pedestrian","Not a Pedestrian",425400,440556,"E01011377",2,"T or staggered junction","Daylight","Fine no high winds","Dry","Car occupant"
"11087","20181357F1049",2018-07-15,2018,"Jul",15,"12:50",12,50,"Sunday","Serious",2,"Serious","Motorcycle over 500cc rider or passenger","Driver or rider","Male",41,"Unclassified","Single carriageway",30,"Unclassified","Not a Pedestrian","Not a Pedestrian",425400,440556,"E01011377",2,"T or staggered junction","Daylight","Fine no high winds","Dry","Motorcyclist and pillion"
"11088","20181357F2058",2018-07-15,2018,"Jul",15,"21:27",21,27,"Sunday","Slight",2,"Slight","Car occupant","Driver or rider","Male",21,"Unclassified","Dual carriageway",40,"Unclassified","Not a Pedestrian","Not a Pedestrian",431966,431243,"E01011468",2,"Crossroads","Darkness - lights lit","Fine no high winds","Dry","Car occupant"
"11089","20181357F2058",2018-07-15,2018,"Jul",15,"21:27",21,27,"Sunday","Slight",2,"Slight","Car occupant","Passenger","Male",24,"Unclassified","Dual carriageway",40,"Unclassified","Not a Pedestrian","Not a Pedestrian",431966,431243,"E01011468",2,"Crossroads","Darkness - lights lit","Fine no high winds","Dry","Car occupant"
"11090","20181357G1209",2018-07-16,2018,"Jul",16,"15:20",15,20,"Monday","Serious",2,"Serious","Cyclist","Driver or rider","Male",42,"A","Single carriageway",50,NA,"Not a Pedestrian","Not a Pedestrian",426853,441340,"E01011381",2,"Not at junction or within 20 metres","Daylight","Fine no high winds","Dry","Cyclist"
"11091","20181357G1209",2018-07-16,2018,"Jul",16,"15:20",15,20,"Monday","Serious",2,"Slight","Motorcycle over 500cc rider or passenger","Driver or rider","Male",47,"A","Single carriageway",50,NA,"Not a Pedestrian","Not a Pedestrian",426853,441340,"E01011381",2,"Not at junction or within 20 metres","Daylight","Fine no high winds","Dry","Motorcyclist and pillion"
"11092","20181357G1403",2018-07-16,2018,"Jul",16,"16:30",16,30,"Monday","Slight",1,"Slight","Cyclist","Driver or rider","Female",36,"A","Dual carriageway",40,"Unclassified","Not a Pedestrian","Not a Pedestrian",430036,432503,"E01033016",2,"T or staggered junction","Daylight","Fine no high winds","Dry","Cyclist"
"11093","20181357G1439",2018-07-16,2018,"Jul",16,"16:40",16,40,"Monday","Slight",1,"Slight","Motorcycle over 500cc rider or passenger","Driver or rider","Male",53,"Unclassified","Single carriageway",30,"Unclassified","Not a Pedestrian","Not a Pedestrian",424578,435162,"E01011331",2,"Crossroads","Daylight","Fine no high winds","Dry","Motorcyclist and pillion"
"11094","20181357G1531",2018-07-16,2018,"Jul",16,"17:20",17,20,"Monday","Slight",1,"Slight","Pedestrian","Pedestrian","Female",42,"Unclassified","Single carriageway",30,"Unclassified","Unknown or other","Unknown or other",430141,429926,"E01011322",1,"Roundabout","Daylight","Fine no high winds","Dry","Pedestrian"
"11095","20181357G1530",2018-07-16,2018,"Jul",16,"17:22",17,22,"Monday","Serious",2,"Slight","Cyclist","Driver or rider","Male",55,"Unclassified","Single carriageway",20,NA,"Not a Pedestrian","Not a Pedestrian",443381,428630,"E01011299",1,"Not at junction or within 20 metres","Daylight","Fine no high winds","Dry","Cyclist"
"11096","20181357G1530",2018-07-16,2018,"Jul",16,"17:22",17,22,"Monday","Serious",2,"Serious","Pedestrian","Pedestrian","Female",78,"Unclassified","Single carriageway",20,NA,"In carriageway, crossing elsewhere","Crossing from nearside - masked by parked or stationary vehicle",443381,428630,"E01011299",1,"Not at junction or within 20 metres","Daylight","Fine no high winds","Dry","Pedestrian"
"11097","20181357G2090",2018-07-16,2018,"Jul",16,"18:30",18,30,"Monday","Slight",1,"Slight","Cyclist","Driver or rider","Male",17,"Unclassified","Single carriageway",30,"Unclassified","Not a Pedestrian","Not a Pedestrian",430781,438592,"E01011512",2,"Crossroads","Daylight","Fine no high winds","Dry","Cyclist"
"11098","20181357H0311",2018-07-17,2018,"Jul",17,"07:15",7,15,"Tuesday","Slight",1,"Slight","Cyclist","Driver or rider","Male",35,"Unclassified","Single carriageway",30,"Unclassified","Not a Pedestrian","Not a Pedestrian",422880,439314,"E01011455",2,"Crossroads","Daylight","Fine no high winds","Dry","Cyclist"
"11099","20181357H0504",2018-07-17,2018,"Jul",17,"09:20",9,20,"Tuesday","Slight",1,"Slight","Car occupant","Driver or rider","Female",28,"A","Single carriageway",30,NA,"Not a Pedestrian","Not a Pedestrian",425725,442965,"E01032504",2,"Not at junction or within 20 metres","Daylight","Fine no high winds","Dry","Car occupant"
"11100","20181357H0567",2018-07-17,2018,"Jul",17,"10:00",10,0,"Tuesday","Slight",1,"Slight","Car occupant","Driver or rider","Female",30,"Unclassified","Single carriageway",30,NA,"Not a Pedestrian","Not a Pedestrian",428775,425802,"E01011552",3,"Not at junction or within 20 metres","Daylight","Fine no high winds","Dry","Car occupant"
"11101","20181357I0949",2018-07-17,2018,"Jul",17,"17:00",17,0,"Tuesday","Slight",1,"Slight","Cyclist","Driver or rider","Male",65,"A","Single carriageway",30,NA,"Not a Pedestrian","Not a Pedestrian",430757,438842,"E01011512",2,"Not at junction or within 20 metres","Daylight","Fine no high winds","Dry","Cyclist"
"11102","20181357H1464",2018-07-17,2018,"Jul",17,"17:15",17,15,"Tuesday","Slight",1,"Slight","Car occupant","Driver or rider","Female",32,"A","Single carriageway",30,NA,"Not a Pedestrian","Not a Pedestrian",439141,432086,"E01011402",3,"Not at junction or within 20 metres","Daylight","Fine no high winds","Dry","Car occupant"
"11103","20181357H1760",2018-07-17,2018,"Jul",17,"19:26",19,26,"Tuesday","Slight",1,"Slight","Cyclist","Driver or rider","Male",36,"Unclassified","Single carriageway",30,"Unclassified","Not a Pedestrian","Not a Pedestrian",429933,427362,"E01011492",2,"Roundabout","Daylight","Fine no high winds","Dry","Cyclist"
"11104","20181357A0418",2018-07-18,2018,"Jul",18,"08:50",8,50,"Wednesday","Slight",1,"Slight","Pedestrian","Pedestrian","Female",47,"A","Slip road",30,"Unclassified","Crossing on pedestrian crossing facility","Crossing from driver's nearside",432398,433687,"E01011618",1,"Roundabout","Daylight","Fine no high winds","Dry","Pedestrian"
"11105","20181357I1268",2018-07-18,2018,"Jul",18,"15:30",15,30,"Wednesday","Slight",2,"Slight","Car occupant","Passenger","Male",47,"Unclassified","Single carriageway",30,"Unclassified","Not a Pedestrian","Not a Pedestrian",424470,433644,"E01011608",2,"Crossroads","Daylight","Fine no high winds","Dry","Car occupant"
"11106","20181357I1268",2018-07-18,2018,"Jul",18,"15:30",15,30,"Wednesday","Slight",2,"Slight","Car occupant","Passenger","Female",15,"Unclassified","Single carriageway",30,"Unclassified","Not a Pedestrian","Not a Pedestrian",424470,433644,"E01011608",2,"Crossroads","Daylight","Fine no high winds","Dry","Car occupant"
"11107","20181357J0417",2018-07-19,2018,"Jul",19,"07:30",7,30,"Thursday","Serious",1,"Serious","Cyclist","Driver or rider","Male",49,"A","Single carriageway",30,"Unclassified","Not a Pedestrian","Not a Pedestrian",426992,437455,"E01011685",2,"Private drive or entrance","Daylight","Fine no high winds","Dry","Cyclist"
"11108","20181357J0445",2018-07-19,2018,"Jul",19,"08:13",8,13,"Thursday","Slight",1,"Slight","Cyclist","Driver or rider","Male",11,"Unclassified","Single carriageway",30,"Unclassified","Not a Pedestrian","Not a Pedestrian",436005,435768,"E01011661",2,"T or staggered junction","Daylight","Fine no high winds","Dry","Cyclist"
"11109","20181357O1424",2018-07-19,2018,"Jul",19,"18:45",18,45,"Thursday","Slight",1,"Slight","Cyclist","Driver or rider","Male",55,"B","Single carriageway",30,NA,"Not a Pedestrian","Not a Pedestrian",421167,434475,"E01011599",2,"Not at junction or within 20 metres","Daylight","Fine no high winds","Dry","Cyclist"
"11110","20181357K0391",2018-07-20,2018,"Jul",20,"07:52",7,52,"Friday","Slight",1,"Slight","Pedestrian","Pedestrian","Female",10,"Unclassified","Single carriageway",30,NA,"In carriageway, crossing elsewhere","Crossing from driver's nearside",431365,433768,"E01011338",1,"Not at junction or within 20 metres","Daylight","Fine no high winds","Dry","Pedestrian"
"11111","20181357M1543",2018-07-20,2018,"Jul",20,"08:15",8,15,"Friday","Slight",1,"Slight","Cyclist","Driver or rider","Female",42,"A","Single carriageway",60,NA,"Not a Pedestrian","Not a Pedestrian",423085,444586,"E01011570",2,"Not at junction or within 20 metres","Daylight","Fine no high winds","Dry","Cyclist"
"11112","20181357K1628",2018-07-20,2018,"Jul",20,"11:00",11,0,"Friday","Slight",1,"Slight","Car occupant","Driver or rider","Female",31,"Unclassified","Dual carriageway",30,NA,"Not a Pedestrian","Not a Pedestrian",429125,433510,"E01033015",2,"Not at junction or within 20 metres","Daylight","Fine no high winds","Dry","Car occupant"
"11113","20181357K1327",2018-07-20,2018,"Jul",20,"15:55",15,55,"Friday","Slight",1,"Slight","Pedestrian","Pedestrian","Female",12,"Unclassified","Single carriageway",30,NA,"Crossing on pedestrian crossing facility","Unknown or other",420961,439970,"E01011278",1,"Not at junction or within 20 metres","Daylight","Fine no high winds","Dry","Pedestrian"
"11114","20181357K1685",2018-07-20,2018,"Jul",20,"18:35",18,35,"Friday","Slight",1,"Slight","Car occupant","Driver or rider","Female",55,"Unclassified","Single carriageway",30,NA,"Not a Pedestrian","Not a Pedestrian",427740,425074,"E01011535",2,"Not at junction or within 20 metres","Daylight","Fine no high winds","Dry","Car occupant"
"11115","20181357K2129",2018-07-20,2018,"Jul",20,"21:38",21,38,"Friday","Serious",2,"Serious","Other vehicle occupant","Driver or rider","Male",28,"B","Single carriageway",20,"Unclassified","Not a Pedestrian","Not a Pedestrian",421723,435141,"E01011592",2,"T or staggered junction","Darkness - lights lit","Fine no high winds","Dry","Others"
"11116","20181357K2129",2018-07-20,2018,"Jul",20,"21:38",21,38,"Friday","Serious",2,"Slight","Van / Goods vehicle (3.5 tonnes mgw or under) occupant","Driver or rider","Male",33,"B","Single carriageway",20,"Unclassified","Not a Pedestrian","Not a Pedestrian",421723,435141,"E01011592",2,"T or staggered junction","Darkness - lights lit","Fine no high winds","Dry","Bus and goods vehicle occupant"
"11117","20181357M1205",2018-07-22,2018,"Jul",22,"14:40",14,40,"Sunday","Slight",1,"Slight","Car occupant","Driver or rider","Female",51,"Unclassified","Single carriageway",30,"Unclassified","Not a Pedestrian","Not a Pedestrian",436311,435756,"E01011724",2,"T or staggered junction","Daylight","Fine no high winds","Dry","Car occupant"
"11118","20181357M1356",2018-07-22,2018,"Jul",22,"15:30",15,30,"Sunday","Slight",1,"Slight","Car occupant","Driver or rider","Male",45,"A","Single carriageway",50,NA,"Not a Pedestrian","Not a Pedestrian",421192,440443,"E01011276",2,"Not at junction or within 20 metres","Daylight","Fine no high winds","Dry","Car occupant"
"11119","20181357N0424",2018-07-23,2018,"Jul",23,"08:40",8,40,"Monday","Slight",1,"Slight","Cyclist","Driver or rider","Male",29,"Unclassified","Single carriageway",30,NA,"Not a Pedestrian","Not a Pedestrian",426925,433434,"E01011292",2,"Not at junction or within 20 metres","Daylight","Fine no high winds","Dry","Cyclist"
"11120","20181357P0960",2018-07-23,2018,"Jul",23,"15:40",15,40,"Monday","Slight",1,"Slight","Car occupant","Driver or rider","Female",38,"Motorway","Dual carriageway",70,NA,"Not a Pedestrian","Not a Pedestrian",431134,426524,"E01011499",2,"Not at junction or within 20 metres","Daylight","Fine no high winds","Dry","Car occupant"
"11121","20181357O0380",2018-07-24,2018,"Jul",24,"07:10",7,10,"Tuesday","Slight",3,"Slight","Car occupant","Driver or rider","Male",23,"A","Single carriageway",30,NA,"Not a Pedestrian","Not a Pedestrian",419417,441694,"E01011267",2,"Not at junction or within 20 metres","Daylight","Fine no high winds","Dry","Car occupant"
"11122","20181357O0380",2018-07-24,2018,"Jul",24,"07:10",7,10,"Tuesday","Slight",3,"Slight","Car occupant","Driver or rider","Male",66,"A","Single carriageway",30,NA,"Not a Pedestrian","Not a Pedestrian",419417,441694,"E01011267",2,"Not at junction or within 20 metres","Daylight","Fine no high winds","Dry","Car occupant"
"11123","20181357O0380",2018-07-24,2018,"Jul",24,"07:10",7,10,"Tuesday","Slight",3,"Slight","Car occupant","Passenger","Female",68,"A","Single carriageway",30,NA,"Not a Pedestrian","Not a Pedestrian",419417,441694,"E01011267",2,"Not at junction or within 20 metres","Daylight","Fine no high winds","Dry","Car occupant"
"11124","20181357O1099",2018-07-24,2018,"Jul",24,"14:30",14,30,"Tuesday","Slight",1,"Slight","Pedestrian","Pedestrian","Male",45,"Unclassified","One way street",30,"Unclassified","Crossing on pedestrian crossing facility","Unknown or other",429768,433594,"E01033010",1,"T or staggered junction","Daylight","Fine no high winds","Dry","Pedestrian"