"","accident_index","date","year","month","day","time","time_hour","time_minute","day_of_week","accident_severity","number_of_casualties","casualty_severity","casualty_type","casualty_class","sex_of_casualty","age_of_casualty","first_road_class","road_type","speed_limit","second_road_class","pedestrian_location","pedestrian_movement","location_easting_osgr","location_northing_osgr","lsoa_of_accident_location","number_of_vehicles","junction_detail","light_conditions","weather_conditions","road_surface_conditions","cas_type"
"11125","20181357O1304",2018-07-24,2018,"Jul",24,"15:55",15,55,"Tuesday","Slight",1,"Slight","Cyclist","Driver or rider","Male",19,"Unclassified","Single carriageway",30,"Unclassified","Not a Pedestrian","Not a Pedestrian",430070,433831,"E01033010",2,"T or staggered junction","Daylight","Fine no high winds","Dry","Cyclist"
"11126","20181358C1412",2018-07-24,2018,"Jul",24,"17:40",17,40,"Tuesday","Slight",1,"Slight","Cyclist","Driver or rider","Female",33,"Unclassified","Single carriageway",30,NA,"Not a Pedestrian","Not a Pedestrian",429738,432940,"E01033015",2,"Not at junction or within 20 metres","Daylight","Fine no high winds","Dry","Cyclist"
"11127","20181357O1833",2018-07-24,2018,"Jul",24,"18:30",18,30,"Tuesday","Slight",1,"Slight","Cyclist","Driver or rider","Male",18,"A","Single carriageway",30,"Unclassified","Not a Pedestrian","Not a Pedestrian",428141,435847,"E01032946",2,"T or staggered junction","Daylight","Fine no high winds","Dry","Cyclist"
"11128","20181357P0749",2018-07-25,2018,"Jul",25,"10:30",10,30,"Wednesday","Slight",1,"Slight","Motorcycle 125cc and under rider or passenger","Driver or rider","Male",23,"Unclassified","Single carriageway",60,NA,"Not a Pedestrian","Not a Pedestrian",429835,444903,"E01011561",2,"Not at junction or within 20 metres","Daylight","Fine no high winds","Dry","Motorcyclist and pillion"
"11129","20181357P0643",2018-07-25,2018,"Jul",25,"11:10",11,10,"Wednesday","Serious",2,"Serious","Car occupant","Driver or rider","Male",71,"B","Single carriageway",30,"Unclassified","Not a Pedestrian","Not a Pedestrian",440485,449152,"E01011698",2,"Mini-roundabout","Daylight","Fine no high winds","Dry","Car occupant"
"11130","20181357P0643",2018-07-25,2018,"Jul",25,"11:10",11,10,"Wednesday","Serious",2,"Serious","Car occupant","Driver or rider","Male",58,"B","Single carriageway",30,"Unclassified","Not a Pedestrian","Not a Pedestrian",440485,449152,"E01011698",2,"Mini-roundabout","Daylight","Fine no high winds","Dry","Car occupant"
"11131","20181357P1851",2018-07-25,2018,"Jul",25,"19:40",19,40,"Wednesday","Slight",2,"Slight","Car occupant","Driver or rider","Male",19,"Motorway","Dual carriageway",70,NA,"Not a Pedestrian","Not a Pedestrian",425450,428564,"E01011532",2,"Not at junction or within 20 metres","Daylight","Fine no high winds","Dry","Car occupant"
"11132","20181357P1851",2018-07-25,2018,"Jul",25,"19:40",19,40,"Wednesday","Slight",2,"Slight","Car occupant","Passenger","Female",17,"Motorway","Dual carriageway",70,NA,"Not a Pedestrian","Not a Pedestrian",425450,428564,"E01011532",2,"Not at junction or within 20 metres","Daylight","Fine no high winds","Dry","Car occupant"
"11133","20181357Q1077",2018-07-26,2018,"Jul",26,"14:30",14,30,"Thursday","Slight",3,"Slight","Car occupant","Driver or rider","Female",38,"Unclassified","Single carriageway",30,"Unclassified","Not a Pedestrian","Not a Pedestrian",433480,435111,"E01011339",2,"T or staggered junction","Daylight","Fine no high winds","Dry","Car occupant"
"11134","20181357Q1077",2018-07-26,2018,"Jul",26,"14:30",14,30,"Thursday","Slight",3,"Slight","Car occupant","Passenger","Female",12,"Unclassified","Single carriageway",30,"Unclassified","Not a Pedestrian","Not a Pedestrian",433480,435111,"E01011339",2,"T or staggered junction","Daylight","Fine no high winds","Dry","Car occupant"
"11135","20181357Q1077",2018-07-26,2018,"Jul",26,"14:30",14,30,"Thursday","Slight",3,"Slight","Car occupant","Passenger","Female",7,"Unclassified","Single carriageway",30,"Unclassified","Not a Pedestrian","Not a Pedestrian",433480,435111,"E01011339",2,"T or staggered junction","Daylight","Fine no high winds","Dry","Car occupant"
"11136","20181357Q1595",2018-07-26,2018,"Jul",26,"17:58",17,58,"Thursday","Slight",2,"Slight","Car occupant","Driver or rider","Male",43,"Unclassified","Dual carriageway",30,"Unclassified","Not a Pedestrian","Not a Pedestrian",430617,432659,"E01033018",2,"T or staggered junction","Daylight","Fine no high winds","Dry","Car occupant"
"11137","20181357Q1595",2018-07-26,2018,"Jul",26,"17:58",17,58,"Thursday","Slight",2,"Slight","Car occupant","Driver or rider","Male",72,"Unclassified","Dual carriageway",30,"Unclassified","Not a Pedestrian","Not a Pedestrian",430617,432659,"E01033018",2,"T or staggered junction","Daylight","Fine no high winds","Dry","Car occupant"
"11138","20181357Q1904",2018-07-26,2018,"Jul",26,"20:15",20,15,"Thursday","Serious",1,"Serious","Car occupant","Driver or rider","Male",39,"Unclassified","Single carriageway",30,NA,"Not a Pedestrian","Not a Pedestrian",426805,432071,"E01011736",2,"Not at junction or within 20 metres","Daylight","Fine no high winds","Wet or damp","Car occupant"
"11139","20181357R0574",2018-07-27,2018,"Jul",27,"09:50",9,50,"Friday","Slight",1,"Slight","Cyclist","Driver or rider","Male",31,"A","Dual carriageway",30,"Unclassified","Not a Pedestrian","Not a Pedestrian",428393,434072,"E01011681",2,"T or staggered junction","Daylight","Fine no high winds","Dry","Cyclist"
"11140","20181357R0785",2018-07-27,2018,"Jul",27,"11:40",11,40,"Friday","Serious",1,"Serious","Motorcycle 50cc and under rider or passenger","Driver or rider","Male",29,"A","Dual carriageway",60,"Unclassified","Not a Pedestrian","Not a Pedestrian",428444,427381,"E01011540",4,"Other junction","Daylight","Fine no high winds","Dry","Motorcyclist and pillion"
"11141","20181357R1000",2018-07-27,2018,"Jul",27,"13:28",13,28,"Friday","Slight",3,"Slight","Car occupant","Driver or rider","Male",45,"A(M)","Dual carriageway",70,NA,"Not a Pedestrian","Not a Pedestrian",443590,437926,"E01011309",4,"Not at junction or within 20 metres","Daylight","Fine no high winds","Dry","Car occupant"
"11142","20181357R1000",2018-07-27,2018,"Jul",27,"13:28",13,28,"Friday","Slight",3,"Slight","Car occupant","Driver or rider","Male",24,"A(M)","Dual carriageway",70,NA,"Not a Pedestrian","Not a Pedestrian",443590,437926,"E01011309",4,"Not at junction or within 20 metres","Daylight","Fine no high winds","Dry","Car occupant"
"11143","20181357R1000",2018-07-27,2018,"Jul",27,"13:28",13,28,"Friday","Slight",3,"Slight","Car occupant","Passenger","Female",24,"A(M)","Dual carriageway",70,NA,"Not a Pedestrian","Not a Pedestrian",443590,437926,"E01011309",4,"Not at junction or within 20 metres","Daylight","Fine no high winds","Dry","Car occupant"
"11144","20181357R1147",2018-07-27,2018,"Jul",27,"14:42",14,42,"Friday","Slight",1,"Slight","Bus or coach occupant (17 or more pass seats)","Passenger","Female",72,"Unclassified","Single carriageway",30,NA,"Not a Pedestrian","Not a Pedestrian",431203,428830,"E01011466",2,"Not at junction or within 20 metres","Daylight","Fine no high winds","Dry","Bus and goods vehicle occupant"
"11145","20181357S1169",2018-07-28,2018,"Jul",28,"14:24",14,24,"Saturday","Slight",2,"Slight","Pedestrian","Pedestrian","Female",9,"Unclassified","Single carriageway",30,NA,"In carriageway, crossing elsewhere","Crossing from nearside - masked by parked or stationary vehicle",425540,432573,"E01011730",1,"Not at junction or within 20 metres","Daylight","Fine no high winds","Dry","Pedestrian"
"11146","20181357S1169",2018-07-28,2018,"Jul",28,"14:24",14,24,"Saturday","Slight",2,"Slight","Pedestrian","Pedestrian","Female",5,"Unclassified","Single carriageway",30,NA,"In carriageway, crossing elsewhere","Crossing from nearside - masked by parked or stationary vehicle",425540,432573,"E01011730",1,"Not at junction or within 20 metres","Daylight","Fine no high winds","Dry","Pedestrian"
"11147","20181357S1894",2018-07-28,2018,"Jul",28,"20:30",20,30,"Saturday","Slight",1,"Slight","Car occupant","Driver or rider","Female",28,"Unclassified","Single carriageway",30,"Unclassified","Not a Pedestrian","Not a Pedestrian",430185,433924,"E01033010",2,"T or staggered junction","Daylight","Fine no high winds","Dry","Car occupant"
"11148","20181357T1218",2018-07-29,2018,"Jul",29,"14:50",14,50,"Sunday","Slight",1,"Slight","Pedestrian","Pedestrian","Male",43,"Unclassified","Single carriageway",30,NA,"Unknown or other","Unknown or other",422595,432818,"E01011600",1,"Not at junction or within 20 metres","Daylight","Fine no high winds","Dry","Pedestrian"
"11149","20181357T1504",2018-07-29,2018,"Jul",29,"17:40",17,40,"Sunday","Serious",1,"Serious","Cyclist","Driver or rider","Male",22,"Unclassified","Dual carriageway",30,NA,"Not a Pedestrian","Not a Pedestrian",433562,434960,"E01011342",2,"Not at junction or within 20 metres","Daylight","Fine no high winds","Dry","Cyclist"
"11150","20181357T1698",2018-07-29,2018,"Jul",29,"19:23",19,23,"Sunday","Slight",1,"Slight","Pedestrian","Pedestrian","Male",9,"Unclassified","Single carriageway",30,NA,"In carriageway, crossing elsewhere","Crossing from driver's nearside",428012,424363,"E01011536",1,"Not at junction or within 20 metres","Daylight","Fine no high winds","Dry","Pedestrian"
"11151","20181357U0895",2018-07-30,2018,"Jul",30,"13:41",13,41,"Monday","Slight",1,"Slight","Pedestrian","Pedestrian","Female",25,"Unclassified","Dual carriageway",40,"Unclassified","Crossing on pedestrian crossing facility","Crossing from driver's nearside",430863,434189,"E01033003",1,"T or staggered junction","Daylight","Fine no high winds","Dry","Pedestrian"
"11152","20181357U1496",2018-07-30,2018,"Jul",30,"15:40",15,40,"Monday","Slight",1,"Slight","Bus or coach occupant (17 or more pass seats)","Passenger","Female",45,"Unclassified","One way street",30,NA,"Not a Pedestrian","Not a Pedestrian",426269,434031,"E01032499",2,"Not at junction or within 20 metres","Daylight","Fine no high winds","Dry","Bus and goods vehicle occupant"
"11153","20181357U1349",2018-07-30,2018,"Jul",30,"17:01",17,1,"Monday","Slight",1,"Slight","Car occupant","Driver or rider","Female",46,"Motorway","Dual carriageway",70,"Motorway","Not a Pedestrian","Not a Pedestrian",431915,428213,"E01011502",2,"Other junction","Daylight","Fine no high winds","Dry","Car occupant"
"11154","20181357V0747",2018-07-31,2018,"Jul",31,"12:53",12,53,"Tuesday","Slight",1,"Slight","Car occupant","Driver or rider","Male",42,"Unclassified","Single carriageway",30,"Unclassified","Not a Pedestrian","Not a Pedestrian",420337,437129,"E01011589",2,"T or staggered junction","Daylight","Fine no high winds","Dry","Car occupant"
"11155","20181357V1105",2018-07-31,2018,"Jul",31,"15:13",15,13,"Tuesday","Slight",1,"Slight","Car occupant","Passenger","Female",45,"A","Dual carriageway",40,NA,"Not a Pedestrian","Not a Pedestrian",423571,434342,"E01011609",2,"Not at junction or within 20 metres","Daylight","Fine no high winds","Dry","Car occupant"
"11156","20181357V1380",2018-07-31,2018,"Jul",31,"17:00",17,0,"Tuesday","Slight",1,"Slight","Cyclist","Driver or rider","Male",43,"Unclassified","One way street",20,NA,"Not a Pedestrian","Not a Pedestrian",430261,433751,"E01033010",2,"Not at junction or within 20 metres","Daylight","Fine no high winds","Dry","Cyclist"
"11157","20181357V1541",2018-07-31,2018,"Jul",31,"18:11",18,11,"Tuesday","Slight",1,"Slight","Pedestrian","Pedestrian","Male",7,"Unclassified","Single carriageway",30,"Unclassified","In carriageway, crossing elsewhere","Crossing from driver's nearside",429990,431009,"E01011312",1,"T or staggered junction","Daylight","Fine no high winds","Dry","Pedestrian"
"11158","2018135811528",2018-08-01,2018,"Aug",1,"11:30",11,30,"Wednesday","Slight",1,"Slight","Cyclist","Driver or rider","Male",55,"Unclassified","Single carriageway",20,NA,"Not a Pedestrian","Not a Pedestrian",431883,435258,"E01011429",2,"Not at junction or within 20 metres","Daylight","Fine no high winds","Dry","Cyclist"
"11159","2018135810777",2018-08-01,2018,"Aug",1,"12:10",12,10,"Wednesday","Slight",1,"Slight","Car occupant","Driver or rider","Male",67,"Unclassified","Single carriageway",30,"Unclassified","Not a Pedestrian","Not a Pedestrian",417956,442938,"E01011266",2,"Other junction","Daylight","Fine no high winds","Dry","Car occupant"
"11160","2018135810793",2018-08-01,2018,"Aug",1,"12:15",12,15,"Wednesday","Slight",1,"Slight","Pedestrian","Pedestrian","Female",7,"A","Single carriageway",30,NA,"Crossing on pedestrian crossing facility","Crossing from driver's nearside",432519,427209,"E01032496",1,"Not at junction or within 20 metres","Daylight","Fine no high winds","Dry","Pedestrian"
"11161","2018135810794",2018-08-01,2018,"Aug",1,"12:15",12,15,"Wednesday","Slight",1,"Slight","Car occupant","Passenger","Female",37,"Unclassified","Dual carriageway",40,NA,"Not a Pedestrian","Not a Pedestrian",431384,432387,"E01011467",2,"Not at junction or within 20 metres","Daylight","Fine no high winds","Dry","Car occupant"
"11162","2018135822057",2018-08-01,2018,"Aug",1,"15:40",15,40,"Wednesday","Slight",1,"Slight","Pedestrian","Pedestrian","Male",18,"Unclassified","Single carriageway",30,NA,"Crossing in zig-zag exit lines","Unknown or other",430892,436416,"E01011356",1,"Not at junction or within 20 metres","Daylight","Fine no high winds","Dry","Pedestrian"
"11163","2018135811727",2018-08-01,2018,"Aug",1,"19:00",19,0,"Wednesday","Slight",1,"Slight","Cyclist","Driver or rider","Male",45,"Unclassified","Single carriageway",30,"Unclassified","Not a Pedestrian","Not a Pedestrian",432855,435969,"E01011424",2,"T or staggered junction","Daylight","Fine no high winds","Dry","Cyclist"
"11164","2018135811845",2018-08-01,2018,"Aug",1,"19:45",19,45,"Wednesday","Slight",1,"Slight","Motorcycle over 500cc rider or passenger","Driver or rider","Male",26,"Motorway","Single carriageway",50,"A","Not a Pedestrian","Not a Pedestrian",430453,431650,"E01011371",1,"Slip road","Daylight","Fine no high winds","Dry","Motorcyclist and pillion"
"11165","2018135812124",2018-08-01,2018,"Aug",1,"22:10",22,10,"Wednesday","Slight",1,"Slight","Pedestrian","Pedestrian","Male",19,"Unclassified","Single carriageway",30,NA,"On footway or verge","Unknown or other",431879,435362,"E01011428",1,"Not at junction or within 20 metres","Darkness - lights lit","Fine no high winds","Dry","Pedestrian"
"11166","2018135820526",2018-08-02,2018,"Aug",2,"09:43",9,43,"Thursday","Slight",1,"Slight","Car occupant","Driver or rider","Female",51,"A","Single carriageway",30,"Unclassified","Not a Pedestrian","Not a Pedestrian",433151,426329,"E01011500",2,"Crossroads","Daylight","Fine no high winds","Dry","Car occupant"
"11167","2018135821436",2018-08-02,2018,"Aug",2,"16:00",16,0,"Thursday","Slight",1,"Slight","Cyclist","Driver or rider","Male",56,"Unclassified","Single carriageway",30,"Unclassified","Not a Pedestrian","Not a Pedestrian",428400,430476,"E01011317",2,"T or staggered junction","Daylight","Fine no high winds","Dry","Cyclist"
"11168","2018135821942",2018-08-02,2018,"Aug",2,"20:45",20,45,"Thursday","Slight",1,"Slight","Cyclist","Driver or rider","Male",19,"Unclassified","Single carriageway",30,NA,"Not a Pedestrian","Not a Pedestrian",429287,435065,"E01033005",2,"Not at junction or within 20 metres","Daylight","Fine no high winds","Dry","Cyclist"
"11169","2018135830755",2018-08-03,2018,"Aug",3,"11:35",11,35,"Friday","Serious",3,"Slight","Car occupant","Driver or rider","Male",85,"Unclassified","Single carriageway",20,"Unclassified","Not a Pedestrian","Not a Pedestrian",432167,438806,"E01011653",2,"T or staggered junction","Daylight","Fine no high winds","Dry","Car occupant"
"11170","2018135830755",2018-08-03,2018,"Aug",3,"11:35",11,35,"Friday","Serious",3,"Serious","Car occupant","Passenger","Female",77,"Unclassified","Single carriageway",20,"Unclassified","Not a Pedestrian","Not a Pedestrian",432167,438806,"E01011653",2,"T or staggered junction","Daylight","Fine no high winds","Dry","Car occupant"
"11171","2018135830755",2018-08-03,2018,"Aug",3,"11:35",11,35,"Friday","Serious",3,"Slight","Pedestrian","Pedestrian","Male",56,"Unclassified","Single carriageway",20,"Unclassified","In carriageway, crossing elsewhere","Crossing from driver's offside",432167,438806,"E01011653",2,"T or staggered junction","Daylight","Fine no high winds","Dry","Pedestrian"
"11172","2018135830993",2018-08-03,2018,"Aug",3,"12:30",12,30,"Friday","Slight",1,"Slight","Car occupant","Driver or rider","Female",22,"A","Single carriageway",40,NA,"Not a Pedestrian","Not a Pedestrian",434502,437179,"E01011644",1,"Not at junction or within 20 metres","Daylight","Fine no high winds","Dry","Car occupant"
"11173","2018135831173",2018-08-03,2018,"Aug",3,"14:25",14,25,"Friday","Serious",1,"Serious","Cyclist","Driver or rider","Male",16,"Unclassified","Single carriageway",20,"Unclassified","Not a Pedestrian","Not a Pedestrian",436344,436609,"E01011721",2,"T or staggered junction","Daylight","Fine no high winds","Dry","Cyclist"
"11174","2018135831346",2018-08-03,2018,"Aug",3,"15:50",15,50,"Friday","Slight",1,"Slight","Pedestrian","Pedestrian","Male",6,"Unclassified","Single carriageway",30,NA,"In carriageway, crossing elsewhere","Crossing from nearside - masked by parked or stationary vehicle",432321,436216,"E01011647",1,"Not at junction or within 20 metres","Daylight","Fine no high winds","Dry","Pedestrian"
"11175","2018135831990",2018-08-03,2018,"Aug",3,"20:45",20,45,"Friday","Slight",2,"Slight","Car occupant","Passenger","Male",37,"C","Single carriageway",30,NA,"Not a Pedestrian","Not a Pedestrian",433795,437143,"E01011644",2,"Not at junction or within 20 metres","Darkness - lights lit","Fine no high winds","Dry","Car occupant"
"11176","2018135831990",2018-08-03,2018,"Aug",3,"20:45",20,45,"Friday","Slight",2,"Slight","Car occupant","Driver or rider","Male",37,"C","Single carriageway",30,NA,"Not a Pedestrian","Not a Pedestrian",433795,437143,"E01011644",2,"Not at junction or within 20 metres","Darkness - lights lit","Fine no high winds","Dry","Car occupant"
"11177","2018135832124",2018-08-03,2018,"Aug",3,"22:03",22,3,"Friday","Slight",1,"Slight","Car occupant","Passenger","Male",51,"Motorway","Slip road",50,"Unclassified","Not a Pedestrian","Not a Pedestrian",428849,431623,"E01011366",2,"Slip road","Darkness - lights unlit","Fine no high winds","Dry","Car occupant"
"11178","2018135850339",2018-08-04,2018,"Aug",4,"15:00",15,0,"Saturday","Slight",1,"Slight","Cyclist","Driver or rider","Male",72,"Unclassified","One way street",30,"Unclassified","Not a Pedestrian","Not a Pedestrian",418943,441618,"E01011271",2,"T or staggered junction","Daylight","Fine no high winds","Dry","Cyclist"
"11179","2018135841254",2018-08-04,2018,"Aug",4,"15:20",15,20,"Saturday","Slight",1,"Slight","Cyclist","Driver or rider","Male",57,"Unclassified","Roundabout",30,"Unclassified","Not a Pedestrian","Not a Pedestrian",436099,434818,"E01011666",2,"Roundabout","Daylight","Fine no high winds","Dry","Cyclist"
"11180","2018135841303",2018-08-04,2018,"Aug",4,"15:30",15,30,"Saturday","Slight",1,"Slight","Cyclist","Driver or rider","Male",72,"Unclassified","Single carriageway",30,"Unclassified","Not a Pedestrian","Not a Pedestrian",435672,434959,"E01011666",2,"T or staggered junction","Daylight","Fine no high winds","Dry","Cyclist"
"11181","2018135841440",2018-08-04,2018,"Aug",4,"16:00",16,0,"Saturday","Slight",1,"Slight","Car occupant","Driver or rider","Female",58,"Unclassified","Single carriageway",30,"Unclassified","Not a Pedestrian","Not a Pedestrian",428838,436574,"E01011691",2,"Crossroads","Daylight","Fine no high winds","Dry","Car occupant"
"11182","2018135851554",2018-08-05,2018,"Aug",5,"00:30",0,30,"Sunday","Slight",1,"Slight","Cyclist","Driver or rider","Male",23,"A","Single carriageway",30,"Unclassified","Not a Pedestrian","Not a Pedestrian",428907,435508,"E01011443",2,"T or staggered junction","Darkness - lights lit","Fine no high winds","Dry","Cyclist"
"11183","2018135850615",2018-08-05,2018,"Aug",5,"09:20",9,20,"Sunday","Serious",1,"Serious","Cyclist","Driver or rider","Male",30,"A","Single carriageway",30,"Unclassified","Not a Pedestrian","Not a Pedestrian",436172,427678,"E01011635",2,"T or staggered junction","Daylight","Fine no high winds","Dry","Cyclist"
"11184","2018135851272",2018-08-05,2018,"Aug",5,"15:40",15,40,"Sunday","Slight",2,"Slight","Pedestrian","Pedestrian","Female",44,"Unclassified","Single carriageway",30,"Unclassified","On footway or verge","Unknown or other",429913,433798,"E01033010",1,"T or staggered junction","Daylight","Fine no high winds","Dry","Pedestrian"
"11185","2018135851272",2018-08-05,2018,"Aug",5,"15:40",15,40,"Sunday","Slight",2,"Slight","Pedestrian","Pedestrian","Male",7,"Unclassified","Single carriageway",30,"Unclassified","On footway or verge","Unknown or other",429913,433798,"E01033010",1,"T or staggered junction","Daylight","Fine no high winds","Dry","Pedestrian"
"11186","2018135860620",2018-08-06,2018,"Aug",6,"10:05",10,5,"Monday","Slight",1,"Slight","Cyclist","Driver or rider","Male",58,"Unclassified","Single carriageway",30,NA,"Not a Pedestrian","Not a Pedestrian",427559,425418,"E01011548",2,"Not at junction or within 20 metres","Daylight","Fine no high winds","Dry","Cyclist"
"11187","2018135861096",2018-08-06,2018,"Aug",6,"14:00",14,0,"Monday","Serious",1,"Serious","Pedestrian","Pedestrian","Female",49,"Unclassified","Single carriageway",30,"Unclassified","Crossing on pedestrian crossing facility","Crossing from offside - masked by  parked or stationary vehicle",430953,435784,"E01011360",1,"T or staggered junction","Daylight","Fine no high winds","Dry","Pedestrian"
"11188","2018135860974",2018-08-06,2018,"Aug",6,"20:40",20,40,"Monday","Serious",2,"Serious","Car occupant","Driver or rider","Male",44,"Unclassified","Single carriageway",30,NA,"Not a Pedestrian","Not a Pedestrian",429738,432940,"E01033015",4,"Not at junction or within 20 metres","Daylight","Fine no high winds","Dry","Car occupant"
"11189","2018135860974",2018-08-06,2018,"Aug",6,"20:40",20,40,"Monday","Serious",2,"Serious","Car occupant","Passenger","Male",44,"Unclassified","Single carriageway",30,NA,"Not a Pedestrian","Not a Pedestrian",429738,432940,"E01033015",4,"Not at junction or within 20 metres","Daylight","Fine no high winds","Dry","Car occupant"
"11190","2018135870425",2018-08-07,2018,"Aug",7,"08:15",8,15,"Tuesday","Slight",1,"Slight","Cyclist","Driver or rider","Male",31,"Unclassified","Single carriageway",30,"Unclassified","Not a Pedestrian","Not a Pedestrian",429136,433091,"E01033013",2,"T or staggered junction","Daylight","Fine no high winds","Dry","Cyclist"
"11191","2018135871023",2018-08-07,2018,"Aug",7,"13:45",13,45,"Tuesday","Slight",1,"Slight","Cyclist","Driver or rider","Male",20,"Unclassified","Single carriageway",60,NA,"Not a Pedestrian","Not a Pedestrian",438616,429677,"E01011402",2,"Not at junction or within 20 metres","Daylight","Fine no high winds","Dry","Cyclist"
"11192","2018135872058",2018-08-07,2018,"Aug",7,"19:26",19,26,"Tuesday","Slight",1,"Slight","Cyclist","Driver or rider","Male",27,"A","Dual carriageway",30,"Unclassified","Not a Pedestrian","Not a Pedestrian",426301,435528,"E01011488",2,"T or staggered junction","Daylight","Fine no high winds","Dry","Cyclist"
"11193","2018135880378",2018-08-08,2018,"Aug",8,"08:35",8,35,"Wednesday","Slight",1,"Slight","Car occupant","Driver or rider","Female",47,"Motorway","Dual carriageway",50,NA,"Not a Pedestrian","Not a Pedestrian",428800,431635,"E01011366",2,"Not at junction or within 20 metres","Daylight","Fine no high winds","Dry","Car occupant"
"11194","2018135890376",2018-08-09,2018,"Aug",9,"08:35",8,35,"Thursday","Slight",1,"Slight","Cyclist","Driver or rider","Male",62,"A","Single carriageway",30,NA,"Not a Pedestrian","Not a Pedestrian",421388,444901,"E01011569",2,"Not at junction or within 20 metres","Daylight","Fine no high winds","Dry","Cyclist"
"11195","2018135890759",2018-08-09,2018,"Aug",9,"12:50",12,50,"Thursday","Slight",1,"Slight","Car occupant","Driver or rider","Female",35,"Unclassified","Single carriageway",20,NA,"Not a Pedestrian","Not a Pedestrian",429389,428107,"E01011491",2,"Not at junction or within 20 metres","Daylight","Raining no high winds","Wet or damp","Car occupant"
"11196","2018135890925",2018-08-09,2018,"Aug",9,"14:00",14,0,"Thursday","Serious",1,"Serious","Motorcycle over 500cc rider or passenger","Driver or rider","Male",50,"A","Single carriageway",40,NA,"Not a Pedestrian","Not a Pedestrian",434860,437986,"E01011717",2,"Not at junction or within 20 metres","Daylight","Fine no high winds","Dry","Motorcyclist and pillion"
"11197","2018135891133",2018-08-09,2018,"Aug",9,"16:00",16,0,"Thursday","Slight",1,"Slight","Cyclist","Driver or rider","Male",23,"A","Dual carriageway",30,"Unclassified","Not a Pedestrian","Not a Pedestrian",430083,431196,"E01011371",2,"T or staggered junction","Daylight","Fine no high winds","Dry","Cyclist"
"11198","2018135891423",2018-08-09,2018,"Aug",9,"16:00",16,0,"Thursday","Slight",1,"Slight","Taxi/Private hire car occupant","Passenger","Female",11,"A","Dual carriageway",40,"Unclassified","Not a Pedestrian","Not a Pedestrian",425042,433160,"E01011727",2,"Roundabout","Daylight","Fine no high winds","Dry","Car occupant"
"11199","2018135891270",2018-08-09,2018,"Aug",9,"17:00",17,0,"Thursday","Slight",3,"Slight","Car occupant","Driver or rider","Female",18,"B","Single carriageway",30,NA,"Not a Pedestrian","Not a Pedestrian",433021,434136,"E01011340",2,"Not at junction or within 20 metres","Daylight","Fine no high winds","Dry","Car occupant"
"11200","2018135891270",2018-08-09,2018,"Aug",9,"17:00",17,0,"Thursday","Slight",3,"Slight","Car occupant","Driver or rider","Male",54,"B","Single carriageway",30,NA,"Not a Pedestrian","Not a Pedestrian",433021,434136,"E01011340",2,"Not at junction or within 20 metres","Daylight","Fine no high winds","Dry","Car occupant"
"11201","2018135891270",2018-08-09,2018,"Aug",9,"17:00",17,0,"Thursday","Slight",3,"Slight","Car occupant","Passenger","Male",56,"B","Single carriageway",30,NA,"Not a Pedestrian","Not a Pedestrian",433021,434136,"E01011340",2,"Not at junction or within 20 metres","Daylight","Fine no high winds","Dry","Car occupant"
"11202","2018135891432",2018-08-09,2018,"Aug",9,"18:20",18,20,"Thursday","Slight",1,"Slight","Pedestrian","Pedestrian","Male",10,"Unclassified","Single carriageway",30,NA,"In carriageway, crossing elsewhere","Crossing from offside - masked by  parked or stationary vehicle",432309,434658,"E01011344",1,"Not at junction or within 20 metres","Daylight","Fine no high winds","Dry","Pedestrian"
"11203","2018135891451",2018-08-09,2018,"Aug",9,"18:32",18,32,"Thursday","Serious",2,"Serious","Car occupant","Driver or rider","Male",40,"B","Slip road",40,NA,"Not a Pedestrian","Not a Pedestrian",433219,430020,"E01011470",2,"Not at junction or within 20 metres","Daylight","Fine no high winds","Dry","Car occupant"
"11204","2018135891451",2018-08-09,2018,"Aug",9,"18:32",18,32,"Thursday","Serious",2,"Slight","Car occupant","Driver or rider","Male",38,"B","Slip road",40,NA,"Not a Pedestrian","Not a Pedestrian",433219,430020,"E01011470",2,"Not at junction or within 20 metres","Daylight","Fine no high winds","Dry","Car occupant"
"11205","2018135891725",2018-08-09,2018,"Aug",9,"20:43",20,43,"Thursday","Serious",1,"Serious","Cyclist","Driver or rider","Male",7,"Unclassified","Single carriageway",30,"Unclassified","Not a Pedestrian","Not a Pedestrian",429769,430729,"E01011316",2,"T or staggered junction","Daylight","Fine no high winds","Dry","Cyclist"
"11206","2018135891970",2018-08-09,2018,"Aug",9,"22:36",22,36,"Thursday","Serious",1,"Serious","Motorcycle 125cc and under rider or passenger","Driver or rider","Male",50,"Unclassified","Single carriageway",40,"Unclassified","Not a Pedestrian","Not a Pedestrian",424992,432896,"E01011727",2,"Crossroads","Darkness - lights lit","Fine no high winds","Dry","Motorcyclist and pillion"
"11207","20181358A0430",2018-08-10,2018,"Aug",10,"08:20",8,20,"Friday","Slight",1,"Slight","Car occupant","Driver or rider","Male",33,"Unclassified","Single carriageway",30,"Unclassified","Not a Pedestrian","Not a Pedestrian",430800,433273,"E01033011",2,"Crossroads","Daylight","Fine no high winds","Dry","Car occupant"
"11208","20181358A0479",2018-08-10,2018,"Aug",10,"08:20",8,20,"Friday","Slight",1,"Slight","Car occupant","Driver or rider","Female",70,"A","Single carriageway",30,"Unclassified","Not a Pedestrian","Not a Pedestrian",428934,429851,"E01011320",2,"T or staggered junction","Daylight","Fine no high winds","Dry","Car occupant"