"","accident_index","date","year","month","day","time","time_hour","time_minute","day_of_week","accident_severity","number_of_casualties","casualty_severity","casualty_type","casualty_class","sex_of_casualty","age_of_casualty","first_road_class","road_type","speed_limit","second_road_class","pedestrian_location","pedestrian_movement","location_easting_osgr","location_northing_osgr","lsoa_of_accident_location","number_of_vehicles","junction_detail","light_conditions","weather_conditions","road_surface_conditions","cas_type"
"11209","20181358A0751",2018-08-10,2018,"Aug",10,"10:00",10,0,"Friday","Slight",1,"Slight","Bus or coach occupant (17 or more pass seats)","Passenger","Female",4,"Unclassified","Single carriageway",20,NA,"Not a Pedestrian","Not a Pedestrian",430261,433751,"E01033010",1,"Not at junction or within 20 metres","Daylight","Fine no high winds","Dry","Bus and goods vehicle occupant"
"11210","20181358A0781",2018-08-10,2018,"Aug",10,"12:18",12,18,"Friday","Slight",1,"Slight","Car occupant","Driver or rider","Female",23,"A","Single carriageway",30,"Unclassified","Not a Pedestrian","Not a Pedestrian",436168,434462,"E01011345",3,"T or staggered junction","Daylight","Fine no high winds","Dry","Car occupant"
"11211","20181358A1784",2018-08-10,2018,"Aug",10,"20:40",20,40,"Friday","Serious",1,"Serious","Pedestrian","Pedestrian","Male",7,"Unclassified","Single carriageway",30,NA,"Unknown or other","Unknown or other",433105,432725,"E01011621",1,"Not at junction or within 20 metres","Daylight","Fine no high winds","Dry","Pedestrian"
"11212","20181358D0592",2018-08-11,2018,"Aug",11,"10:00",10,0,"Saturday","Serious",1,"Serious","Bus or coach occupant (17 or more pass seats)","Passenger","Male",74,"Unclassified","Single carriageway",30,NA,"Not a Pedestrian","Not a Pedestrian",430078,433890,"E01033010",1,"Not at junction or within 20 metres","Daylight","Fine no high winds","Dry","Bus and goods vehicle occupant"
"11213","20181358B1078",2018-08-11,2018,"Aug",11,"12:30",12,30,"Saturday","Slight",1,"Slight","Cyclist","Driver or rider","Male",19,"A","Single carriageway",30,"A","Not a Pedestrian","Not a Pedestrian",430808,433272,"E01033011",2,"Crossroads","Daylight","Fine no high winds","Dry","Cyclist"
"11214","20181358B0940",2018-08-11,2018,"Aug",11,"13:10",13,10,"Saturday","Slight",2,"Slight","Motorcycle over 500cc rider or passenger","Driver or rider","Male",47,"A","Dual carriageway",40,"B","Not a Pedestrian","Not a Pedestrian",433873,434068,"E01011346",2,"Crossroads","Daylight","Fine no high winds","Dry","Motorcyclist and pillion"
"11215","20181358B0940",2018-08-11,2018,"Aug",11,"13:10",13,10,"Saturday","Slight",2,"Slight","Car occupant","Driver or rider","Female",25,"A","Dual carriageway",40,"B","Not a Pedestrian","Not a Pedestrian",433873,434068,"E01011346",2,"Crossroads","Daylight","Fine no high winds","Dry","Car occupant"
"11216","20181358B9999",2018-08-11,2018,"Aug",11,"22:10",22,10,"Saturday","Slight",1,"Slight","Car occupant","Driver or rider","Female",30,"A","Roundabout",30,"Unclassified","Not a Pedestrian","Not a Pedestrian",428004,426232,"E01011550",2,"Roundabout","Darkness - lights lit","Fine no high winds","Dry","Car occupant"
"11217","20181358C1036",2018-08-12,2018,"Aug",12,"14:24",14,24,"Sunday","Slight",1,"Slight","Car occupant","Passenger","Female",78,"Unclassified","Single carriageway",30,"Unclassified","Not a Pedestrian","Not a Pedestrian",434804,428897,"E01011628",2,"T or staggered junction","Daylight","Fine no high winds","Dry","Car occupant"
"11218","20181358C1229",2018-08-12,2018,"Aug",12,"15:50",15,50,"Sunday","Serious",1,"Serious","Cyclist","Driver or rider","Male",26,"Unclassified","Single carriageway",30,"Unclassified","Not a Pedestrian","Not a Pedestrian",431083,436053,"E01011356",2,"T or staggered junction","Daylight","Fine no high winds","Dry","Cyclist"
"11219","20181358D0398",2018-08-13,2018,"Aug",13,"08:10",8,10,"Monday","Slight",1,"Slight","Car occupant","Driver or rider","Female",23,"Motorway","Dual carriageway",50,NA,"Not a Pedestrian","Not a Pedestrian",430278,431938,"E01011371",2,"Not at junction or within 20 metres","Daylight","Raining no high winds","Wet or damp","Car occupant"
"11220","20181358D0477",2018-08-13,2018,"Aug",13,"09:36",9,36,"Monday","Slight",2,"Slight","Motorcycle over 500cc rider or passenger","Driver or rider","Male",34,"Unclassified","Single carriageway",30,"Unclassified","Not a Pedestrian","Not a Pedestrian",429146,432000,"E01011368",3,"T or staggered junction","Daylight","Fine no high winds","Dry","Motorcyclist and pillion"
"11221","20181358D0477",2018-08-13,2018,"Aug",13,"09:36",9,36,"Monday","Slight",2,"Slight","Car occupant","Driver or rider","Female",46,"Unclassified","Single carriageway",30,"Unclassified","Not a Pedestrian","Not a Pedestrian",429146,432000,"E01011368",3,"T or staggered junction","Daylight","Fine no high winds","Dry","Car occupant"
"11222","20181358E1131",2018-08-14,2018,"Aug",14,"15:20",15,20,"Tuesday","Slight",2,"Slight","Car occupant","Driver or rider","Female",52,"A","Single carriageway",30,"Unclassified","Not a Pedestrian","Not a Pedestrian",422028,436565,"E01011589",4,"Roundabout","Daylight","Fine no high winds","Dry","Car occupant"
"11223","20181358E1131",2018-08-14,2018,"Aug",14,"15:20",15,20,"Tuesday","Slight",2,"Slight","Car occupant","Driver or rider","Male",77,"A","Single carriageway",30,"Unclassified","Not a Pedestrian","Not a Pedestrian",422028,436565,"E01011589",4,"Roundabout","Daylight","Fine no high winds","Dry","Car occupant"
"11224","20181358F0056",2018-08-15,2018,"Aug",15,"00:30",0,30,"Wednesday","Serious",1,"Serious","Motorcycle 125cc and under rider or passenger","Driver or rider","Female",28,"A","Single carriageway",30,NA,"Not a Pedestrian","Not a Pedestrian",426720,426699,"E01011547",1,"Not at junction or within 20 metres","Darkness - lights lit","Fine no high winds","Dry","Motorcyclist and pillion"
"11225","20181358F1534",2018-08-15,2018,"Aug",15,"19:30",19,30,"Wednesday","Serious",1,"Serious","Motorcycle over 500cc rider or passenger","Driver or rider","Male",59,"Unclassified","Single carriageway",30,"Unclassified","Not a Pedestrian","Not a Pedestrian",427340,427812,"E01032492",2,"T or staggered junction","Daylight","Other","Wet or damp","Motorcyclist and pillion"
"11226","20181358G0123",2018-08-15,2018,"Aug",15,"20:20",20,20,"Wednesday","Slight",1,"Slight","Pedestrian","Pedestrian","Male",18,"Unclassified","Single carriageway",30,"A","In carriageway, crossing elsewhere","Crossing from driver's nearside",431320,435044,"E01011361",1,"T or staggered junction","Daylight","Fine no high winds","Dry","Pedestrian"
"11227","20181358G0689",2018-08-16,2018,"Aug",16,"11:20",11,20,"Thursday","Slight",1,"Slight","Pedestrian","Pedestrian","Male",85,"Unclassified","Single carriageway",30,NA,"Crossing on pedestrian crossing facility","Crossing from driver's offside",431622,434439,"E01033035",1,"Not at junction or within 20 metres","Daylight","Fine no high winds","Dry","Pedestrian"
"11228","20181358G1310",2018-08-16,2018,"Aug",16,"16:47",16,47,"Thursday","Slight",1,"Slight","Cyclist","Driver or rider","Female",48,"Unclassified","Single carriageway",30,"Unclassified","Not a Pedestrian","Not a Pedestrian",430400,437873,"E01011515",2,"T or staggered junction","Daylight","Fine no high winds","Dry","Cyclist"
"11229","20181358G1314",2018-08-16,2018,"Aug",16,"19:40",19,40,"Thursday","Slight",1,"Slight","Bus or coach occupant (17 or more pass seats)","Passenger","Female",40,"Unclassified","Single carriageway",30,NA,"Not a Pedestrian","Not a Pedestrian",430301,433388,"E01033010",1,"Not at junction or within 20 metres","Daylight","Fine no high winds","Dry","Bus and goods vehicle occupant"
"11230","20181358G1532",2018-08-16,2018,"Aug",16,"19:42",19,42,"Thursday","Serious",1,"Serious","Cyclist","Driver or rider","Male",44,"A","Dual carriageway",50,NA,"Not a Pedestrian","Not a Pedestrian",425993,429974,"E01011522",2,"Not at junction or within 20 metres","Daylight","Fine no high winds","Dry","Cyclist"
"11231","20181358G1947",2018-08-16,2018,"Aug",16,"22:00",22,0,"Thursday","Serious",1,"Serious","Motorcycle over 125cc and up to 500cc rider or  passenger","Driver or rider","Male",35,"A","Single carriageway",40,"Unclassified","Not a Pedestrian","Not a Pedestrian",428526,429635,"E01011321",2,"T or staggered junction","Darkness - lights lit","Fine no high winds","Dry","Motorcyclist and pillion"
"11232","20181358H0461",2018-08-17,2018,"Aug",17,"08:25",8,25,"Friday","Serious",1,"Serious","Motorcycle 125cc and under rider or passenger","Driver or rider","Male",25,"Unclassified","Dual carriageway",40,"Unclassified","Not a Pedestrian","Not a Pedestrian",431996,432335,"E01011621",1,"Other junction","Daylight","Fine no high winds","Dry","Motorcyclist and pillion"
"11233","20181358M0654",2018-08-17,2018,"Aug",17,"13:31",13,31,"Friday","Slight",1,"Slight","Minibus (8 - 16 passenger seats) occupant","Driver or rider","Male",50,"Unclassified","Single carriageway",30,"Unclassified","Not a Pedestrian","Not a Pedestrian",433260,435138,"E01011339",2,"Crossroads","Daylight","Fine no high winds","Dry","Bus and goods vehicle occupant"
"11234","20181358H1535",2018-08-17,2018,"Aug",17,"17:40",17,40,"Friday","Slight",1,"Slight","Motorcycle over 125cc and up to 500cc rider or  passenger","Driver or rider","Male",25,"A","Single carriageway",40,"Unclassified","Not a Pedestrian","Not a Pedestrian",420075,439061,"E01011457",2,"T or staggered junction","Daylight","Fine no high winds","Dry","Motorcyclist and pillion"
"11235","20181358H1705",2018-08-17,2018,"Aug",17,"18:45",18,45,"Friday","Slight",1,"Slight","Car occupant","Driver or rider","Female",22,"A","Dual carriageway",30,NA,"Not a Pedestrian","Not a Pedestrian",428581,431546,"E01011366",2,"Not at junction or within 20 metres","Daylight","Fine no high winds","Dry","Car occupant"
"11236","20181358I0137",2018-08-18,2018,"Aug",18,"01:10",1,10,"Saturday","Slight",2,"Slight","Car occupant","Passenger","Male",22,"Unclassified","Single carriageway",30,NA,"Not a Pedestrian","Not a Pedestrian",429109,433835,"E01011678",4,"Not at junction or within 20 metres","Darkness - lights lit","Fine no high winds","Dry","Car occupant"
"11237","20181358I0137",2018-08-18,2018,"Aug",18,"01:10",1,10,"Saturday","Slight",2,"Slight","Pedestrian","Pedestrian","Male",30,"Unclassified","Single carriageway",30,NA,"In centre of carriageway - not on refuge, island or central reservation","Unknown or other",429109,433835,"E01011678",4,"Not at junction or within 20 metres","Darkness - lights lit","Fine no high winds","Dry","Pedestrian"
"11238","20181358I0281",2018-08-18,2018,"Aug",18,"02:40",2,40,"Saturday","Slight",1,"Slight","Car occupant","Driver or rider","Male",20,"Unclassified","Single carriageway",20,"A","Not a Pedestrian","Not a Pedestrian",441054,432041,"E01011405",1,"T or staggered junction","Darkness - lights lit","Fine no high winds","Dry","Car occupant"
"11239","20181358I1017",2018-08-18,2018,"Aug",18,"13:00",13,0,"Saturday","Slight",1,"Slight","Cyclist","Driver or rider","Male",9,"Unclassified","Single carriageway",30,NA,"Not a Pedestrian","Not a Pedestrian",436717,436673,"E01011721",2,"Not at junction or within 20 metres","Daylight","Fine no high winds","Dry","Cyclist"
"11240","20181358I1042",2018-08-18,2018,"Aug",18,"13:10",13,10,"Saturday","Slight",1,"Slight","Pedestrian","Pedestrian","Male",27,"A","Dual carriageway",30,"B","Crossing on pedestrian crossing facility","Crossing from driver's nearside",431970,435823,"E01011422",1,"Slip road","Daylight","Fine no high winds","Dry","Pedestrian"
"11241","20181358J0664",2018-08-18,2018,"Aug",18,"16:00",16,0,"Saturday","Slight",1,"Slight","Cyclist","Driver or rider","Male",30,"Unclassified","Single carriageway",30,NA,"Not a Pedestrian","Not a Pedestrian",432460,438848,"E01011653",2,"Not at junction or within 20 metres","Daylight","Fine no high winds","Dry","Cyclist"
"11242","20181358M0706",2018-08-18,2018,"Aug",18,"19:00",19,0,"Saturday","Slight",1,"Slight","Taxi/Private hire car occupant","Passenger","Female",51,"Unclassified","Single carriageway",30,NA,"Not a Pedestrian","Not a Pedestrian",423923,429722,"E01011519",1,"Not at junction or within 20 metres","Daylight","Fine no high winds","Dry","Car occupant"
"11243","20181358J0719",2018-08-19,2018,"Aug",19,"11:30",11,30,"Sunday","Slight",1,"Slight","Pedestrian","Pedestrian","Male",71,"Unclassified","Single carriageway",30,"Unclassified","On footway or verge","In carriageway, stationary - not crossing  (standing or playing)",428395,434074,"E01011681",1,"T or staggered junction","Daylight","Fine no high winds","Dry","Pedestrian"
"11244","20181358J0457",2018-08-19,2018,"Aug",19,"16:03",16,3,"Sunday","Serious",1,"Serious","Bus or coach occupant (17 or more pass seats)","Passenger","Female",95,"A","Single carriageway",30,"Unclassified","Not a Pedestrian","Not a Pedestrian",419786,434051,"E01011597",2,"T or staggered junction","Daylight","Fine no high winds","Dry","Bus and goods vehicle occupant"
"11245","20181358K0771",2018-08-20,2018,"Aug",20,"12:35",12,35,"Monday","Serious",1,"Serious","Car occupant","Driver or rider","Female",26,"Unclassified","Single carriageway",40,NA,"Not a Pedestrian","Not a Pedestrian",421711,442269,"E01032503",2,"Not at junction or within 20 metres","Daylight","Fine no high winds","Dry","Car occupant"
"11246","20181358K1318",2018-08-20,2018,"Aug",20,"16:34",16,34,"Monday","Slight",9,"Slight","Car occupant","Driver or rider","Male",78,"Unclassified","Single carriageway",30,NA,"Not a Pedestrian","Not a Pedestrian",431457,430270,"E01011469",2,"Not at junction or within 20 metres","Daylight","Fine no high winds","Dry","Car occupant"
"11247","20181358K1318",2018-08-20,2018,"Aug",20,"16:34",16,34,"Monday","Slight",9,"Slight","Car occupant","Passenger","Female",48,"Unclassified","Single carriageway",30,NA,"Not a Pedestrian","Not a Pedestrian",431457,430270,"E01011469",2,"Not at junction or within 20 metres","Daylight","Fine no high winds","Dry","Car occupant"
"11248","20181358K1318",2018-08-20,2018,"Aug",20,"16:34",16,34,"Monday","Slight",9,"Slight","Car occupant","Passenger","Male",11,"Unclassified","Single carriageway",30,NA,"Not a Pedestrian","Not a Pedestrian",431457,430270,"E01011469",2,"Not at junction or within 20 metres","Daylight","Fine no high winds","Dry","Car occupant"
"11249","20181358K1318",2018-08-20,2018,"Aug",20,"16:34",16,34,"Monday","Slight",9,"Slight","Car occupant","Passenger","Female",15,"Unclassified","Single carriageway",30,NA,"Not a Pedestrian","Not a Pedestrian",431457,430270,"E01011469",2,"Not at junction or within 20 metres","Daylight","Fine no high winds","Dry","Car occupant"
"11250","20181358K1318",2018-08-20,2018,"Aug",20,"16:34",16,34,"Monday","Slight",9,"Slight","Car occupant","Driver or rider","Male",64,"Unclassified","Single carriageway",30,NA,"Not a Pedestrian","Not a Pedestrian",431457,430270,"E01011469",2,"Not at junction or within 20 metres","Daylight","Fine no high winds","Dry","Car occupant"
"11251","20181358K1318",2018-08-20,2018,"Aug",20,"16:34",16,34,"Monday","Slight",9,"Slight","Car occupant","Passenger","Female",53,"Unclassified","Single carriageway",30,NA,"Not a Pedestrian","Not a Pedestrian",431457,430270,"E01011469",2,"Not at junction or within 20 metres","Daylight","Fine no high winds","Dry","Car occupant"
"11252","20181358K1318",2018-08-20,2018,"Aug",20,"16:34",16,34,"Monday","Slight",9,"Slight","Car occupant","Passenger","Female",38,"Unclassified","Single carriageway",30,NA,"Not a Pedestrian","Not a Pedestrian",431457,430270,"E01011469",2,"Not at junction or within 20 metres","Daylight","Fine no high winds","Dry","Car occupant"
"11253","20181358K1318",2018-08-20,2018,"Aug",20,"16:34",16,34,"Monday","Slight",9,"Slight","Car occupant","Passenger","Female",19,"Unclassified","Single carriageway",30,NA,"Not a Pedestrian","Not a Pedestrian",431457,430270,"E01011469",2,"Not at junction or within 20 metres","Daylight","Fine no high winds","Dry","Car occupant"
"11254","20181358K1318",2018-08-20,2018,"Aug",20,"16:34",16,34,"Monday","Slight",9,"Slight","Car occupant","Passenger","Female",58,"Unclassified","Single carriageway",30,NA,"Not a Pedestrian","Not a Pedestrian",431457,430270,"E01011469",2,"Not at junction or within 20 metres","Daylight","Fine no high winds","Dry","Car occupant"
"11255","20181358G0696",2018-08-21,2018,"Aug",21,"11:30",11,30,"Tuesday","Slight",1,"Slight","Car occupant","Driver or rider","Female",48,"Unclassified","Dual carriageway",40,"A","Not a Pedestrian","Not a Pedestrian",426576,433900,"E01032608",2,"T or staggered junction","Daylight","Fine no high winds","Dry","Car occupant"
"11256","20181358L1429",2018-08-21,2018,"Aug",21,"15:40",15,40,"Tuesday","Slight",2,"Slight","Car occupant","Driver or rider","Female",32,"Unclassified","Dual carriageway",40,NA,"Not a Pedestrian","Not a Pedestrian",434109,433900,"E01011616",2,"Not at junction or within 20 metres","Daylight","Fine no high winds","Dry","Car occupant"
"11257","20181358L1429",2018-08-21,2018,"Aug",21,"15:40",15,40,"Tuesday","Slight",2,"Slight","Car occupant","Passenger","Female",6,"Unclassified","Dual carriageway",40,NA,"Not a Pedestrian","Not a Pedestrian",434109,433900,"E01011616",2,"Not at junction or within 20 metres","Daylight","Fine no high winds","Dry","Car occupant"
"11258","20181358L1538",2018-08-21,2018,"Aug",21,"17:15",17,15,"Tuesday","Slight",6,"Slight","Car occupant","Driver or rider","Male",34,"Motorway","Dual carriageway",70,NA,"Not a Pedestrian","Not a Pedestrian",429201,426408,"E01011538",4,"Not at junction or within 20 metres","Daylight","Fine no high winds","Dry","Car occupant"
"11259","20181358L1538",2018-08-21,2018,"Aug",21,"17:15",17,15,"Tuesday","Slight",6,"Slight","Car occupant","Passenger","Female",32,"Motorway","Dual carriageway",70,NA,"Not a Pedestrian","Not a Pedestrian",429201,426408,"E01011538",4,"Not at junction or within 20 metres","Daylight","Fine no high winds","Dry","Car occupant"
"11260","20181358L1538",2018-08-21,2018,"Aug",21,"17:15",17,15,"Tuesday","Slight",6,"Slight","Car occupant","Passenger","Female",9,"Motorway","Dual carriageway",70,NA,"Not a Pedestrian","Not a Pedestrian",429201,426408,"E01011538",4,"Not at junction or within 20 metres","Daylight","Fine no high winds","Dry","Car occupant"
"11261","20181358L1538",2018-08-21,2018,"Aug",21,"17:15",17,15,"Tuesday","Slight",6,"Slight","Car occupant","Driver or rider","Male",57,"Motorway","Dual carriageway",70,NA,"Not a Pedestrian","Not a Pedestrian",429201,426408,"E01011538",4,"Not at junction or within 20 metres","Daylight","Fine no high winds","Dry","Car occupant"
"11262","20181358L1538",2018-08-21,2018,"Aug",21,"17:15",17,15,"Tuesday","Slight",6,"Slight","Car occupant","Driver or rider","Female",32,"Motorway","Dual carriageway",70,NA,"Not a Pedestrian","Not a Pedestrian",429201,426408,"E01011538",4,"Not at junction or within 20 metres","Daylight","Fine no high winds","Dry","Car occupant"
"11263","20181358L1538",2018-08-21,2018,"Aug",21,"17:15",17,15,"Tuesday","Slight",6,"Slight","Car occupant","Driver or rider","Female",34,"Motorway","Dual carriageway",70,NA,"Not a Pedestrian","Not a Pedestrian",429201,426408,"E01011538",4,"Not at junction or within 20 metres","Daylight","Fine no high winds","Dry","Car occupant"
"11264","20181358L1743",2018-08-21,2018,"Aug",21,"18:42",18,42,"Tuesday","Slight",1,"Slight","Car occupant","Passenger","Female",25,"A","Roundabout",30,"A","Not a Pedestrian","Not a Pedestrian",440441,447671,"E01011704",2,"Roundabout","Daylight","Fine no high winds","Dry","Car occupant"
"11265","20181358M0900",2018-08-22,2018,"Aug",22,"13:15",13,15,"Wednesday","Slight",1,"Slight","Car occupant","Driver or rider","Female",28,"A","Single carriageway",40,"Unclassified","Not a Pedestrian","Not a Pedestrian",423150,437706,"E01011465",2,"Private drive or entrance","Daylight","Fine no high winds","Dry","Car occupant"
"11266","20181358M1371",2018-08-22,2018,"Aug",22,"16:28",16,28,"Wednesday","Serious",1,"Serious","Motorcycle over 500cc rider or passenger","Driver or rider","Male",44,"Unclassified","Single carriageway",30,NA,"Not a Pedestrian","Not a Pedestrian",435690,433910,"E01011416",1,"Not at junction or within 20 metres","Daylight","Fine no high winds","Dry","Motorcyclist and pillion"
"11267","20181358M1951",2018-08-22,2018,"Aug",22,"21:05",21,5,"Wednesday","Slight",3,"Slight","Car occupant","Driver or rider","Male",33,"A","Single carriageway",30,"Unclassified","Not a Pedestrian","Not a Pedestrian",428463,431347,"E01011369",2,"Crossroads","Darkness - lights lit","Raining no high winds","Wet or damp","Car occupant"
"11268","20181358M1951",2018-08-22,2018,"Aug",22,"21:05",21,5,"Wednesday","Slight",3,"Slight","Car occupant","Driver or rider","Male",32,"A","Single carriageway",30,"Unclassified","Not a Pedestrian","Not a Pedestrian",428463,431347,"E01011369",2,"Crossroads","Darkness - lights lit","Raining no high winds","Wet or damp","Car occupant"
"11269","20181358M1951",2018-08-22,2018,"Aug",22,"21:05",21,5,"Wednesday","Slight",3,"Slight","Car occupant","Passenger","Female",57,"A","Single carriageway",30,"Unclassified","Not a Pedestrian","Not a Pedestrian",428463,431347,"E01011369",2,"Crossroads","Darkness - lights lit","Raining no high winds","Wet or damp","Car occupant"
"11270","20181358N0284",2018-08-23,2018,"Aug",23,"06:57",6,57,"Thursday","Slight",1,"Slight","Car occupant","Driver or rider","Female",48,"Unclassified","Single carriageway",20,"Unclassified","Not a Pedestrian","Not a Pedestrian",428389,436282,"E01011451",2,"T or staggered junction","Daylight","Fine no high winds","Dry","Car occupant"
"11271","20181358N0339",2018-08-23,2018,"Aug",23,"07:52",7,52,"Thursday","Slight",1,"Slight","Cyclist","Driver or rider","Male",57,"Unclassified","Dual carriageway",30,"Unclassified","Not a Pedestrian","Not a Pedestrian",430839,433997,"E01033031",2,"T or staggered junction","Daylight","Fine no high winds","Dry","Cyclist"
"11272","20181358N0386",2018-08-23,2018,"Aug",23,"08:32",8,32,"Thursday","Slight",1,"Slight","Car occupant","Driver or rider","Female",49,"Unclassified","Single carriageway",30,NA,"Not a Pedestrian","Not a Pedestrian",433229,427628,"E01011634",2,"Not at junction or within 20 metres","Daylight","Fine no high winds","Dry","Car occupant"
"11273","20181358N0589",2018-08-23,2018,"Aug",23,"11:05",11,5,"Thursday","Slight",1,"Slight","Motorcycle 125cc and under rider or passenger","Driver or rider","Male",27,"A","Single carriageway",30,"Unclassified","Not a Pedestrian","Not a Pedestrian",427485,437003,"E01011690",2,"T or staggered junction","Daylight","Fine no high winds","Dry","Motorcyclist and pillion"
"11274","20181358N1280",2018-08-23,2018,"Aug",23,"16:55",16,55,"Thursday","Slight",2,"Slight","Car occupant","Driver or rider","Female",30,"A","Dual carriageway",40,"Unclassified","Not a Pedestrian","Not a Pedestrian",432642,435860,"E01011424",2,"T or staggered junction","Daylight","Raining no high winds","Wet or damp","Car occupant"
"11275","20181358N1280",2018-08-23,2018,"Aug",23,"16:55",16,55,"Thursday","Slight",2,"Slight","Car occupant","Passenger","Male",11,"A","Dual carriageway",40,"Unclassified","Not a Pedestrian","Not a Pedestrian",432642,435860,"E01011424",2,"T or staggered junction","Daylight","Raining no high winds","Wet or damp","Car occupant"
"11276","20181358O0326",2018-08-24,2018,"Aug",24,"07:00",7,0,"Friday","Slight",1,"Slight","Car occupant","Driver or rider","Female",51,"Motorway","Dual carriageway",70,NA,"Not a Pedestrian","Not a Pedestrian",432158,429927,"E01011470",2,"Not at junction or within 20 metres","Daylight","Fine no high winds","Dry","Car occupant"
"11277","20181358O1202",2018-08-24,2018,"Aug",24,"16:15",16,15,"Friday","Serious",1,"Serious","Pedestrian","Pedestrian","Female",40,"Unclassified","Roundabout",30,"Unclassified","In carriageway, crossing elsewhere","Crossing from driver's nearside",428500,433156,"E01011363",1,"Roundabout","Daylight","Raining no high winds","Wet or damp","Pedestrian"
"11278","20181358O1973",2018-08-24,2018,"Aug",24,"22:14",22,14,"Friday","Serious",1,"Serious","Pedestrian","Pedestrian","Male",56,"A","Dual carriageway",40,"A","Crossing on pedestrian crossing facility","Crossing from nearside - masked by parked or stationary vehicle",427499,431339,"E01011369",1,"Crossroads","Darkness - lights lit","Fine no high winds","Dry","Pedestrian"
"11279","20181358P0450",2018-08-25,2018,"Aug",25,"07:30",7,30,"Saturday","Slight",1,"Slight","Cyclist","Driver or rider","Male",35,"A","Single carriageway",60,NA,"Not a Pedestrian","Not a Pedestrian",429248,426734,"E01011538",2,"Not at junction or within 20 metres","Daylight","Fine no high winds","Dry","Cyclist"
"11280","20181358P0570",2018-08-25,2018,"Aug",25,"09:41",9,41,"Saturday","Serious",1,"Serious","Motorcycle 125cc and under rider or passenger","Driver or rider","Male",54,"Unclassified","Single carriageway",30,"Unclassified","Not a Pedestrian","Not a Pedestrian",423953,435420,"E01011329",2,"T or staggered junction","Daylight","Fine no high winds","Dry","Motorcyclist and pillion"
"11281","20181358P0856",2018-08-25,2018,"Aug",25,"12:35",12,35,"Saturday","Slight",4,"Slight","Taxi/Private hire car occupant","Driver or rider","Male",33,"A","Single carriageway",30,NA,"Not a Pedestrian","Not a Pedestrian",440111,439656,"E01011309",2,"Not at junction or within 20 metres","Daylight","Fine no high winds","Dry","Car occupant"
"11282","20181358P0856",2018-08-25,2018,"Aug",25,"12:35",12,35,"Saturday","Slight",4,"Slight","Taxi/Private hire car occupant","Passenger","Female",25,"A","Single carriageway",30,NA,"Not a Pedestrian","Not a Pedestrian",440111,439656,"E01011309",2,"Not at junction or within 20 metres","Daylight","Fine no high winds","Dry","Car occupant"
"11283","20181358P0856",2018-08-25,2018,"Aug",25,"12:35",12,35,"Saturday","Slight",4,"Slight","Taxi/Private hire car occupant","Passenger","Female",39,"A","Single carriageway",30,NA,"Not a Pedestrian","Not a Pedestrian",440111,439656,"E01011309",2,"Not at junction or within 20 metres","Daylight","Fine no high winds","Dry","Car occupant"
"11284","20181358P0856",2018-08-25,2018,"Aug",25,"12:35",12,35,"Saturday","Slight",4,"Slight","Van / Goods vehicle (3.5 tonnes mgw or under) occupant","Driver or rider","Male",48,"A","Single carriageway",30,NA,"Not a Pedestrian","Not a Pedestrian",440111,439656,"E01011309",2,"Not at junction or within 20 metres","Daylight","Fine no high winds","Dry","Bus and goods vehicle occupant"
"11285","20181358P1294",2018-08-25,2018,"Aug",25,"16:10",16,10,"Saturday","Serious",1,"Serious","Pedestrian","Pedestrian","Male",6,"Unclassified","Single carriageway",30,NA,"In carriageway, crossing elsewhere","Crossing from nearside - masked by parked or stationary vehicle",431766,432874,"E01011626",1,"Not at junction or within 20 metres","Daylight","Fine no high winds","Dry","Pedestrian"
"11286","20181358P1534",2018-08-25,2018,"Aug",25,"18:00",18,0,"Saturday","Serious",1,"Serious","Motorcycle - unknown cc rider or passenger","Driver or rider","Male",29,"Unclassified","Single carriageway",30,"Unclassified","Not a Pedestrian","Not a Pedestrian",430588,430943,"E01011468",2,"T or staggered junction","Daylight","Fine no high winds","Dry","Motorcyclist and pillion"
"11287","20181358Q0081",2018-08-26,2018,"Aug",26,"00:10",0,10,"Sunday","Slight",1,"Slight","Car occupant","Driver or rider","Male",40,"Unclassified","Single carriageway",30,"Unclassified","Not a Pedestrian","Not a Pedestrian",429102,432195,"E01033013",2,"T or staggered junction","Darkness - lights lit","Fine no high winds","Dry","Car occupant"
"11288","20181358Q0261",2018-08-26,2018,"Aug",26,"02:31",2,31,"Sunday","Slight",1,"Slight","Car occupant","Driver or rider","Female",23,"Motorway","Dual carriageway",70,NA,"Not a Pedestrian","Not a Pedestrian",432124,428919,"E01011496",1,"Not at junction or within 20 metres","Darkness - lights lit","Fine no high winds","Dry","Car occupant"
"11289","20181358Q0818",2018-08-26,2018,"Aug",26,"12:00",12,0,"Sunday","Serious",1,"Serious","Motorcycle over 500cc rider or passenger","Driver or rider","Male",32,"A","Dual carriageway",30,NA,"Not a Pedestrian","Not a Pedestrian",430810,433889,"E01033031",1,"Not at junction or within 20 metres","Daylight","Raining no high winds","Wet or damp","Motorcyclist and pillion"