"","accident_index","date","year","month","day","time","time_hour","time_minute","day_of_week","accident_severity","number_of_casualties","casualty_severity","casualty_type","casualty_class","sex_of_casualty","age_of_casualty","first_road_class","road_type","speed_limit","second_road_class","pedestrian_location","pedestrian_movement","location_easting_osgr","location_northing_osgr","lsoa_of_accident_location","number_of_vehicles","junction_detail","light_conditions","weather_conditions","road_surface_conditions","cas_type"
"11290","20181358Q1030",2018-08-26,2018,"Aug",26,"14:23",14,23,"Sunday","Slight",2,"Slight","Car occupant","Driver or rider","Female",26,"Unclassified","Single carriageway",30,"Unclassified","Not a Pedestrian","Not a Pedestrian",422428,441625,"E01032503",2,"T or staggered junction","Daylight","Raining no high winds","Wet or damp","Car occupant"
"11291","20181358Q1030",2018-08-26,2018,"Aug",26,"14:23",14,23,"Sunday","Slight",2,"Slight","Car occupant","Passenger","Male",5,"Unclassified","Single carriageway",30,"Unclassified","Not a Pedestrian","Not a Pedestrian",422428,441625,"E01032503",2,"T or staggered junction","Daylight","Raining no high winds","Wet or damp","Car occupant"
"11292","20181358Q1723",2018-08-26,2018,"Aug",26,"20:25",20,25,"Sunday","Slight",1,"Slight","Car occupant","Passenger","Male",18,"Motorway","Dual carriageway",70,NA,"Not a Pedestrian","Not a Pedestrian",434069,429931,"E01011639",1,"Not at junction or within 20 metres","Darkness - lights lit","Raining no high winds","Wet or damp","Car occupant"
"11293","20181358Q1867",2018-08-26,2018,"Aug",26,"21:54",21,54,"Sunday","Serious",1,"Serious","Car occupant","Driver or rider","Male",38,"Unclassified","Single carriageway",30,"Unclassified","Not a Pedestrian","Not a Pedestrian",429940,427145,"E01011492",1,"T or staggered junction","Darkness - lights lit","Raining no high winds","Wet or damp","Car occupant"
"11294","20181358R0046",2018-08-27,2018,"Aug",27,"00:45",0,45,"Monday","Serious",1,"Serious","Car occupant","Driver or rider","Male",21,"Unclassified","Roundabout",30,"Unclassified","Not a Pedestrian","Not a Pedestrian",434354,435346,"E01011662",1,"Roundabout","Darkness - lights lit","Raining no high winds","Wet or damp","Car occupant"
"11295","20181358R0264",2018-08-27,2018,"Aug",27,"03:45",3,45,"Monday","Slight",1,"Slight","Car occupant","Driver or rider","Male",65,"Unclassified","Single carriageway",60,NA,"Not a Pedestrian","Not a Pedestrian",423562,442239,"E01032503",1,"Not at junction or within 20 metres","Darkness - no lighting","Fine no high winds","Dry","Car occupant"
"11296","20181358R1084",2018-08-27,2018,"Aug",27,"15:00",15,0,"Monday","Slight",1,"Slight","Motorcycle over 125cc and up to 500cc rider or  passenger","Driver or rider","Male",31,"A","Dual carriageway",30,NA,"Not a Pedestrian","Not a Pedestrian",423998,428000,"E01011529",2,"Not at junction or within 20 metres","Daylight","Fine no high winds","Dry","Motorcyclist and pillion"
"11297","20181358R1478",2018-08-27,2018,"Aug",27,"17:54",17,54,"Monday","Slight",2,"Slight","Car occupant","Driver or rider","Female",45,"Unclassified","Single carriageway",30,"Motorway","Not a Pedestrian","Not a Pedestrian",431010,430543,"E01011471",2,"T or staggered junction","Daylight","Fine no high winds","Dry","Car occupant"
"11298","20181358R1478",2018-08-27,2018,"Aug",27,"17:54",17,54,"Monday","Slight",2,"Slight","Car occupant","Passenger","Female",19,"Unclassified","Single carriageway",30,"Motorway","Not a Pedestrian","Not a Pedestrian",431010,430543,"E01011471",2,"T or staggered junction","Daylight","Fine no high winds","Dry","Car occupant"
"11299","20181358R1906",2018-08-27,2018,"Aug",27,"20:45",20,45,"Monday","Slight",3,"Slight","Van / Goods vehicle (3.5 tonnes mgw or under) occupant","Passenger","Female",57,"A","Single carriageway",60,"Unclassified","Not a Pedestrian","Not a Pedestrian",438013,438405,"E01011715",2,"Private drive or entrance","Darkness - no lighting","Fine no high winds","Dry","Bus and goods vehicle occupant"
"11300","20181358R1906",2018-08-27,2018,"Aug",27,"20:45",20,45,"Monday","Slight",3,"Slight","Van / Goods vehicle (3.5 tonnes mgw or under) occupant","Passenger","Female",18,"A","Single carriageway",60,"Unclassified","Not a Pedestrian","Not a Pedestrian",438013,438405,"E01011715",2,"Private drive or entrance","Darkness - no lighting","Fine no high winds","Dry","Bus and goods vehicle occupant"
"11301","20181358R1906",2018-08-27,2018,"Aug",27,"20:45",20,45,"Monday","Slight",3,"Slight","Car occupant","Driver or rider","Female",31,"A","Single carriageway",60,"Unclassified","Not a Pedestrian","Not a Pedestrian",438013,438405,"E01011715",2,"Private drive or entrance","Darkness - no lighting","Fine no high winds","Dry","Car occupant"
"11302","20181358S0489",2018-08-28,2018,"Aug",28,"09:50",9,50,"Tuesday","Slight",3,"Slight","Car occupant","Driver or rider","Male",33,"A","Single carriageway",40,"A","Not a Pedestrian","Not a Pedestrian",428108,426286,"E01011550",2,"Roundabout","Daylight","Fine no high winds","Dry","Car occupant"
"11303","20181358S0489",2018-08-28,2018,"Aug",28,"09:50",9,50,"Tuesday","Slight",3,"Slight","Car occupant","Passenger","Male",6,"A","Single carriageway",40,"A","Not a Pedestrian","Not a Pedestrian",428108,426286,"E01011550",2,"Roundabout","Daylight","Fine no high winds","Dry","Car occupant"
"11304","20181358S0489",2018-08-28,2018,"Aug",28,"09:50",9,50,"Tuesday","Slight",3,"Slight","Car occupant","Driver or rider","Female",66,"A","Single carriageway",40,"A","Not a Pedestrian","Not a Pedestrian",428108,426286,"E01011550",2,"Roundabout","Daylight","Fine no high winds","Dry","Car occupant"
"11305","20181358S0994",2018-08-28,2018,"Aug",28,"14:15",14,15,"Tuesday","Slight",1,"Slight","Motorcycle over 500cc rider or passenger","Driver or rider","Male",68,"A","Single carriageway",40,"Unclassified","Not a Pedestrian","Not a Pedestrian",421853,441244,"E01011578",2,"T or staggered junction","Daylight","Fine no high winds","Dry","Motorcyclist and pillion"
"11306","20181358S1018",2018-08-28,2018,"Aug",28,"14:31",14,31,"Tuesday","Slight",1,"Slight","Car occupant","Passenger","Female",64,"Unclassified","Single carriageway",30,"Unclassified","Not a Pedestrian","Not a Pedestrian",431400,438788,"E01011511",2,"T or staggered junction","Daylight","Fine no high winds","Dry","Car occupant"
"11307","20181358T0400",2018-08-28,2018,"Aug",28,"15:50",15,50,"Tuesday","Slight",1,"Slight","Cyclist","Driver or rider","Female",26,"Unclassified","Dual carriageway",40,"A","Not a Pedestrian","Not a Pedestrian",427071,433707,"E01011284",2,"T or staggered junction","Daylight","Fine no high winds","Dry","Cyclist"
"11308","20181358T0767",2018-08-29,2018,"Aug",29,"12:38",12,38,"Wednesday","Serious",1,"Serious","Pedestrian","Pedestrian","Male",49,"Unclassified","Single carriageway",30,NA,"In carriageway, crossing elsewhere","Crossing from driver's nearside",429968,433226,"E01033016",1,"Not at junction or within 20 metres","Daylight","Fine no high winds","Dry","Pedestrian"
"11309","20181358T0856",2018-08-29,2018,"Aug",29,"13:25",13,25,"Wednesday","Serious",1,"Serious","Car occupant","Driver or rider","Female",58,"Unclassified","Single carriageway",30,NA,"Not a Pedestrian","Not a Pedestrian",421107,433294,"E01011613",1,"Not at junction or within 20 metres","Daylight","Fine no high winds","Dry","Car occupant"
"11310","20181358T0974",2018-08-29,2018,"Aug",29,"14:27",14,27,"Wednesday","Slight",1,"Slight","Cyclist","Driver or rider","Male",26,"A","Dual carriageway",30,NA,"Not a Pedestrian","Not a Pedestrian",431165,433640,"E01033021",2,"Not at junction or within 20 metres","Daylight","Fine no high winds","Dry","Cyclist"
"11311","20181358T1070",2018-08-29,2018,"Aug",29,"15:20",15,20,"Wednesday","Slight",1,"Slight","Pedestrian","Pedestrian","Male",36,"Unclassified","Single carriageway",30,NA,"In carriageway, crossing elsewhere","Crossing from driver's nearside",429148,431765,"E01011368",1,"Not at junction or within 20 metres","Daylight","Fine no high winds","Dry","Pedestrian"
"11312","20181358T1142",2018-08-29,2018,"Aug",29,"15:50",15,50,"Wednesday","Slight",2,"Slight","Car occupant","Driver or rider","Male",44,"A","Roundabout",30,"A","Not a Pedestrian","Not a Pedestrian",423062,437684,"E01011465",3,"Roundabout","Daylight","Fine no high winds","Dry","Car occupant"
"11313","20181358T1142",2018-08-29,2018,"Aug",29,"15:50",15,50,"Wednesday","Slight",2,"Slight","Car occupant","Driver or rider","Female",29,"A","Roundabout",30,"A","Not a Pedestrian","Not a Pedestrian",423062,437684,"E01011465",3,"Roundabout","Daylight","Fine no high winds","Dry","Car occupant"
"11314","20181358T1230",2018-08-29,2018,"Aug",29,"16:24",16,24,"Wednesday","Slight",1,"Slight","Pedestrian","Pedestrian","Male",19,"A","Single carriageway",30,NA,"In carriageway, crossing elsewhere","Crossing from nearside - masked by parked or stationary vehicle",433654,427664,"E01011634",1,"Not at junction or within 20 metres","Daylight","Fine no high winds","Dry","Pedestrian"
"11315","20181358U1588",2018-08-30,2018,"Aug",30,"18:21",18,21,"Thursday","Slight",1,"Slight","Cyclist","Driver or rider","Male",29,"Unclassified","Single carriageway",30,NA,"Not a Pedestrian","Not a Pedestrian",424447,438618,"E01011460",3,"Not at junction or within 20 metres","Daylight","Fine no high winds","Dry","Cyclist"
"11316","20181358U1823",2018-08-30,2018,"Aug",30,"20:16",20,16,"Thursday","Serious",2,"Slight","Motorcycle 125cc and under rider or passenger","Driver or rider","Male",19,"Unclassified","Single carriageway",30,NA,"Not a Pedestrian","Not a Pedestrian",425040,432198,"E01011738",1,"Not at junction or within 20 metres","Darkness - no lighting","Fine no high winds","Dry","Motorcyclist and pillion"
"11317","20181358U1823",2018-08-30,2018,"Aug",30,"20:16",20,16,"Thursday","Serious",2,"Serious","Motorcycle 125cc and under rider or passenger","Passenger","Male",15,"Unclassified","Single carriageway",30,NA,"Not a Pedestrian","Not a Pedestrian",425040,432198,"E01011738",1,"Not at junction or within 20 metres","Darkness - no lighting","Fine no high winds","Dry","Motorcyclist and pillion"
"11318","2018135910852",2018-09-01,2018,"Sep",1,"10:40",10,40,"Saturday","Slight",1,"Slight","Car occupant","Passenger","Female",15,"A","Roundabout",30,"Motorway","Not a Pedestrian","Not a Pedestrian",428588,431554,"E01011366",2,"Roundabout","Daylight","Fine no high winds","Dry","Car occupant"
"11319","2018135911462",2018-09-01,2018,"Sep",1,"17:30",17,30,"Saturday","Slight",1,"Slight","Car occupant","Driver or rider","Male",23,"A","Dual carriageway",30,NA,"Not a Pedestrian","Not a Pedestrian",427122,425011,"E01011548",2,"Not at junction or within 20 metres","Daylight","Fine no high winds","Dry","Car occupant"
"11320","2018135911546",2018-09-01,2018,"Sep",1,"18:20",18,20,"Saturday","Slight",1,"Slight","Cyclist","Driver or rider","Male",36,"Unclassified","Single carriageway",30,"Unclassified","Not a Pedestrian","Not a Pedestrian",419655,446209,"E01011581",2,"T or staggered junction","Daylight","Fine no high winds","Dry","Cyclist"
"11321","2018135911541",2018-09-01,2018,"Sep",1,"18:21",18,21,"Saturday","Slight",1,"Slight","Car occupant","Driver or rider","Male",72,"Unclassified","Single carriageway",30,NA,"Not a Pedestrian","Not a Pedestrian",439254,430998,"E01011390",2,"Not at junction or within 20 metres","Daylight","Fine no high winds","Dry","Car occupant"
"11322","2018135911607",2018-09-01,2018,"Sep",1,"18:50",18,50,"Saturday","Slight",2,"Slight","Car occupant","Driver or rider","Female",48,"A","Single carriageway",30,"Unclassified","Not a Pedestrian","Not a Pedestrian",431675,435361,"E01011429",2,"T or staggered junction","Daylight","Fine no high winds","Dry","Car occupant"
"11323","2018135911607",2018-09-01,2018,"Sep",1,"18:50",18,50,"Saturday","Slight",2,"Slight","Car occupant","Passenger","Female",22,"A","Single carriageway",30,"Unclassified","Not a Pedestrian","Not a Pedestrian",431675,435361,"E01011429",2,"T or staggered junction","Daylight","Fine no high winds","Dry","Car occupant"
"11324","2018135911677",2018-09-01,2018,"Sep",1,"19:25",19,25,"Saturday","Slight",1,"Slight","Pedestrian","Pedestrian","Male",18,"A","Single carriageway",30,"Unclassified","In carriageway, crossing elsewhere","Crossing from driver's nearside",431509,435136,"E01011673",1,"T or staggered junction","Daylight","Fine no high winds","Dry","Pedestrian"
"11325","2018135930452",2018-09-03,2018,"Sep",3,"09:00",9,0,"Monday","Slight",2,"Slight","Car occupant","Driver or rider","Male",57,"Unclassified","Single carriageway",60,"Unclassified","Not a Pedestrian","Not a Pedestrian",435267,439745,"E01011649",2,"Crossroads","Daylight","Fine no high winds","Dry","Car occupant"
"11326","2018135930452",2018-09-03,2018,"Sep",3,"09:00",9,0,"Monday","Slight",2,"Slight","Car occupant","Driver or rider","Female",22,"Unclassified","Single carriageway",60,"Unclassified","Not a Pedestrian","Not a Pedestrian",435267,439745,"E01011649",2,"Crossroads","Daylight","Fine no high winds","Dry","Car occupant"
"11327","2018135931624",2018-09-03,2018,"Sep",3,"16:50",16,50,"Monday","Slight",1,"Slight","Pedestrian","Pedestrian","Male",46,"Unclassified","One way street",30,NA,"In carriageway, not crossing","In carriageway, stationary - not crossing  (standing or playing)",440487,433192,"E01011396",1,"Not at junction or within 20 metres","Daylight","Fine no high winds","Dry","Pedestrian"
"11328","2018135931499",2018-09-03,2018,"Sep",3,"17:10",17,10,"Monday","Serious",1,"Serious","Motorcycle over 500cc rider or passenger","Driver or rider","Male",24,"A","Roundabout",40,"Unclassified","Not a Pedestrian","Not a Pedestrian",428278,429576,"E01011531",3,"Roundabout","Daylight","Fine no high winds","Dry","Motorcyclist and pillion"
"11329","2018135940374",2018-09-04,2018,"Sep",4,"08:05",8,5,"Tuesday","Slight",1,"Slight","Car occupant","Driver or rider","Female",26,"A","Single carriageway",40,"Unclassified","Not a Pedestrian","Not a Pedestrian",424968,427566,"E01011530",2,"Other junction","Daylight","Fine no high winds","Dry","Car occupant"
"11330","2018135940805",2018-09-04,2018,"Sep",4,"13:25",13,25,"Tuesday","Slight",1,"Slight","Pedestrian","Pedestrian","Male",40,"Unclassified","Single carriageway",30,NA,"In carriageway, crossing elsewhere","Crossing from driver's nearside",430085,433375,"E01033010",1,"Not at junction or within 20 metres","Daylight","Fine no high winds","Dry","Pedestrian"
"11331","2018135911152",2018-09-04,2018,"Sep",4,"15:04",15,4,"Tuesday","Serious",1,"Serious","Car occupant","Driver or rider","Male",75,"Unclassified","Single carriageway",30,NA,"Not a Pedestrian","Not a Pedestrian",431707,439185,"E01011508",2,"Not at junction or within 20 metres","Daylight","Fine no high winds","Dry","Car occupant"
"11332","2018135941215",2018-09-04,2018,"Sep",4,"19:20",19,20,"Tuesday","Slight",1,"Slight","Car occupant","Driver or rider","Female",57,"Unclassified","Single carriageway",30,NA,"Not a Pedestrian","Not a Pedestrian",431627,435288,"E01011429",2,"Not at junction or within 20 metres","Daylight","Fine no high winds","Dry","Car occupant"
"11333","2018135931935",2018-09-04,2018,"Sep",4,"21:15",21,15,"Tuesday","Serious",1,"Serious","Car occupant","Passenger","Female",23,"Unclassified","Single carriageway",60,NA,"Not a Pedestrian","Not a Pedestrian",428393,440975,"E01011554",1,"Not at junction or within 20 metres","Darkness - no lighting","Raining no high winds","Wet or damp","Car occupant"
"11334","2018135981387",2018-09-05,2018,"Sep",5,"07:30",7,30,"Wednesday","Slight",1,"Slight","Taxi/Private hire car occupant","Passenger","Female",21,"A","Single carriageway",30,NA,"Not a Pedestrian","Not a Pedestrian",426686,435053,"E01011477",1,"Not at junction or within 20 metres","Daylight","Fine no high winds","Dry","Car occupant"
"11335","2018135950415",2018-09-05,2018,"Sep",5,"08:50",8,50,"Wednesday","Slight",1,"Slight","Car occupant","Driver or rider","Female",44,"Unclassified","Single carriageway",30,"Unclassified","Not a Pedestrian","Not a Pedestrian",430902,430369,"E01011472",3,"T or staggered junction","Daylight","Fine no high winds","Dry","Car occupant"
"11336","2018135951304",2018-09-05,2018,"Sep",5,"17:10",17,10,"Wednesday","Slight",2,"Slight","Car occupant","Driver or rider","Male",20,"Motorway","Dual carriageway",70,NA,"Not a Pedestrian","Not a Pedestrian",431950,428204,"E01011502",4,"Not at junction or within 20 metres","Daylight","Fine no high winds","Dry","Car occupant"
"11337","2018135951304",2018-09-05,2018,"Sep",5,"17:10",17,10,"Wednesday","Slight",2,"Slight","Car occupant","Driver or rider","Male",27,"Motorway","Dual carriageway",70,NA,"Not a Pedestrian","Not a Pedestrian",431950,428204,"E01011502",4,"Not at junction or within 20 metres","Daylight","Fine no high winds","Dry","Car occupant"
"11338","2018135951581",2018-09-05,2018,"Sep",5,"19:19",19,19,"Wednesday","Slight",1,"Slight","Car occupant","Driver or rider","Male",31,"Unclassified","Single carriageway",50,NA,"Not a Pedestrian","Not a Pedestrian",440551,431707,"E01011302",1,"Not at junction or within 20 metres","Daylight","Fine no high winds","Dry","Car occupant"
"11339","2018135960358",2018-09-06,2018,"Sep",6,"08:30",8,30,"Thursday","Slight",1,"Slight","Pedestrian","Pedestrian","Male",14,"Unclassified","Single carriageway",30,NA,"Unknown or other","Crossing from driver's nearside",425559,434144,"E01032499",1,"Not at junction or within 20 metres","Daylight","Fine no high winds","Dry","Pedestrian"
"11340","2018135960391",2018-09-06,2018,"Sep",6,"08:50",8,50,"Thursday","Slight",1,"Slight","Pedestrian","Pedestrian","Male",7,"Unclassified","Single carriageway",30,NA,"In carriageway, not crossing","Unknown or other",427365,430359,"E01011318",1,"Not at junction or within 20 metres","Daylight","Fine no high winds","Dry","Pedestrian"
"11341","2018135970290",2018-09-07,2018,"Sep",7,"07:31",7,31,"Friday","Slight",1,"Slight","Motorcycle over 500cc rider or passenger","Driver or rider","Male",58,"Unclassified","Single carriageway",30,"Unclassified","Not a Pedestrian","Not a Pedestrian",422418,445882,"E01011569",2,"Roundabout","Daylight","Fine no high winds","Dry","Motorcyclist and pillion"
"11342","2018135970615",2018-09-07,2018,"Sep",7,"10:45",10,45,"Friday","Slight",1,"Slight","Motorcycle 125cc and under rider or passenger","Driver or rider","Male",28,"Unclassified","Single carriageway",30,NA,"Not a Pedestrian","Not a Pedestrian",425975,436959,"E01011484",2,"Not at junction or within 20 metres","Daylight","Fine no high winds","Dry","Motorcyclist and pillion"
"11343","2018135971157",2018-09-07,2018,"Sep",7,"14:59",14,59,"Friday","Slight",1,"Slight","Car occupant","Driver or rider","Female",38,"A","Single carriageway",40,NA,"Not a Pedestrian","Not a Pedestrian",435491,437254,"E01011657",3,"Not at junction or within 20 metres","Daylight","Fine + high winds","Dry","Car occupant"
"11344","2018135971218",2018-09-07,2018,"Sep",7,"15:24",15,24,"Friday","Slight",1,"Slight","Cyclist","Driver or rider","Male",24,"A","Single carriageway",30,"Unclassified","Not a Pedestrian","Not a Pedestrian",427870,436243,"E01011451",2,"T or staggered junction","Daylight","Fine no high winds","Dry","Cyclist"
"11345","2018135971248",2018-09-07,2018,"Sep",7,"15:35",15,35,"Friday","Slight",1,"Slight","Car occupant","Driver or rider","Male",44,"Unclassified","Single carriageway",30,NA,"Not a Pedestrian","Not a Pedestrian",424027,438357,"E01011460",2,"Not at junction or within 20 metres","Daylight","Fine no high winds","Dry","Car occupant"
"11346","2018135971435",2018-09-07,2018,"Sep",7,"17:00",17,0,"Friday","Slight",1,"Slight","Cyclist","Driver or rider","Male",36,"A","Dual carriageway",30,NA,"Not a Pedestrian","Not a Pedestrian",420753,434401,"E01011595",2,"Not at junction or within 20 metres","Daylight","Fine no high winds","Dry","Cyclist"
"11347","2018135981573",2018-09-08,2018,"Sep",8,"12:20",12,20,"Saturday","Slight",2,"Slight","Car occupant","Driver or rider","Female",20,"A","Dual carriageway",70,NA,"Not a Pedestrian","Not a Pedestrian",428477,427504,"E01011540",2,"Not at junction or within 20 metres","Daylight","Fine no high winds","Dry","Car occupant"
"11348","2018135981573",2018-09-08,2018,"Sep",8,"12:20",12,20,"Saturday","Slight",2,"Slight","Car occupant","Passenger","Female",20,"A","Dual carriageway",70,NA,"Not a Pedestrian","Not a Pedestrian",428477,427504,"E01011540",2,"Not at junction or within 20 metres","Daylight","Fine no high winds","Dry","Car occupant"
"11349","2018135981071",2018-09-08,2018,"Sep",8,"14:40",14,40,"Saturday","Serious",1,"Serious","Car occupant","Passenger","Female",29,"A","Dual carriageway",30,"Unclassified","Not a Pedestrian","Not a Pedestrian",432576,429813,"E01011470",2,"Other junction","Daylight","Raining no high winds","Wet or damp","Car occupant"
"11350","2018135981111",2018-09-08,2018,"Sep",8,"15:00",15,0,"Saturday","Slight",1,"Slight","Car occupant","Driver or rider","Female",57,"Unclassified","Single carriageway",30,"Unclassified","Not a Pedestrian","Not a Pedestrian",428809,432611,"E01033013",2,"T or staggered junction","Daylight","Raining + high winds","Wet or damp","Car occupant"
"11351","2018135981680",2018-09-08,2018,"Sep",8,"20:08",20,8,"Saturday","Serious",1,"Serious","Pedestrian","Pedestrian","Female",29,"A","Dual carriageway",30,"Unclassified","Crossing on pedestrian crossing facility","Crossing from driver's offside",429570,434796,"E01033006",1,"T or staggered junction","Daylight","Fine no high winds","Dry","Pedestrian"
"11352","2018135981774",2018-09-08,2018,"Sep",8,"20:59",20,59,"Saturday","Slight",1,"Slight","Car occupant","Driver or rider","Male",49,"Unclassified","Single carriageway",40,NA,"Not a Pedestrian","Not a Pedestrian",425676,435401,"E01011324",2,"Not at junction or within 20 metres","Daylight","Fine no high winds","Dry","Car occupant"
"11353","2018135990850",2018-09-09,2018,"Sep",9,"12:23",12,23,"Sunday","Slight",1,"Slight","Motorcycle over 500cc rider or passenger","Driver or rider","Male",27,"Unclassified","Single carriageway",30,"Unclassified","Not a Pedestrian","Not a Pedestrian",444733,436442,"E01011297",2,"T or staggered junction","Daylight","Fine no high winds","Dry","Motorcyclist and pillion"
"11354","20181359A0556",2018-09-10,2018,"Sep",10,"10:55",10,55,"Monday","Fatal",1,"Fatal","Pedestrian","Pedestrian","Female",85,"B","Single carriageway",30,NA,"Crossing on pedestrian crossing facility","Crossing from driver's nearside",420201,445700,"E01011569",1,"Not at junction or within 20 metres","Daylight","Fine no high winds","Dry","Pedestrian"
"11355","20181359A0687",2018-09-10,2018,"Sep",10,"12:00",12,0,"Monday","Slight",1,"Slight","Bus or coach occupant (17 or more pass seats)","Passenger","Female",91,"A","Single carriageway",30,NA,"Not a Pedestrian","Not a Pedestrian",419047,441963,"E01011265",1,"Not at junction or within 20 metres","Daylight","Fine no high winds","Dry","Bus and goods vehicle occupant"
"11356","20181359A0976",2018-09-10,2018,"Sep",10,"14:18",14,18,"Monday","Slight",2,"Slight","Car occupant","Driver or rider","Male",59,"A","Single carriageway",30,NA,"Not a Pedestrian","Not a Pedestrian",427565,436881,"E01011694",1,"Not at junction or within 20 metres","Daylight","Fine no high winds","Dry","Car occupant"
"11357","20181359A0976",2018-09-10,2018,"Sep",10,"14:18",14,18,"Monday","Slight",2,"Slight","Car occupant","Passenger","Female",81,"A","Single carriageway",30,NA,"Not a Pedestrian","Not a Pedestrian",427565,436881,"E01011694",1,"Not at junction or within 20 metres","Daylight","Fine no high winds","Dry","Car occupant"
"11358","20181359A1274",2018-09-10,2018,"Sep",10,"17:20",17,20,"Monday","Slight",1,"Slight","Pedestrian","Pedestrian","Female",14,"Unclassified","Single carriageway",30,"Unclassified","Crossing on pedestrian crossing facility","Crossing from driver's offside",430075,433369,"E01033010",1,"Crossroads","Daylight","Fine no high winds","Dry","Pedestrian"
"11359","20181359B0209",2018-09-11,2018,"Sep",11,"06:30",6,30,"Tuesday","Slight",1,"Slight","Car occupant","Driver or rider","Female",47,"Motorway","Roundabout",70,"Motorway","Not a Pedestrian","Not a Pedestrian",432176,426123,"E01011499",2,"Roundabout","Daylight","Raining no high winds","Wet or damp","Car occupant"
"11360","20181359B1023",2018-09-11,2018,"Sep",11,"15:25",15,25,"Tuesday","Slight",2,"Slight","Car occupant","Driver or rider","Male",40,"A","Dual carriageway",30,"Motorway","Not a Pedestrian","Not a Pedestrian",424092,428107,"E01011529",2,"Crossroads","Daylight","Fine no high winds","Dry","Car occupant"
"11361","20181359B1023",2018-09-11,2018,"Sep",11,"15:25",15,25,"Tuesday","Slight",2,"Slight","Car occupant","Passenger","Male",41,"A","Dual carriageway",30,"Motorway","Not a Pedestrian","Not a Pedestrian",424092,428107,"E01011529",2,"Crossroads","Daylight","Fine no high winds","Dry","Car occupant"
"11362","20181359B1865",2018-09-11,2018,"Sep",11,"18:30",18,30,"Tuesday","Slight",2,"Slight","Car occupant","Passenger","Male",17,"Unclassified","Single carriageway",30,"Unclassified","Not a Pedestrian","Not a Pedestrian",427524,428078,"E01011540",2,"T or staggered junction","Daylight","Fine no high winds","Dry","Car occupant"
"11363","20181359B1865",2018-09-11,2018,"Sep",11,"18:30",18,30,"Tuesday","Slight",2,"Slight","Car occupant","Passenger","Female",17,"Unclassified","Single carriageway",30,"Unclassified","Not a Pedestrian","Not a Pedestrian",427524,428078,"E01011540",2,"T or staggered junction","Daylight","Fine no high winds","Dry","Car occupant"
"11364","20181359B1732",2018-09-11,2018,"Sep",11,"20:30",20,30,"Tuesday","Fatal",1,"Fatal","Motorcycle over 500cc rider or passenger","Driver or rider","Male",42,"Unclassified","Single carriageway",30,"Unclassified","Not a Pedestrian","Not a Pedestrian",426347,433090,"E01011729",2,"T or staggered junction","Darkness - lights lit","Fine no high winds","Dry","Motorcyclist and pillion"
"11365","20181359C0465",2018-09-12,2018,"Sep",12,"07:30",7,30,"Wednesday","Slight",1,"Slight","Cyclist","Driver or rider","Female",41,"Unclassified","Single carriageway",30,"Unclassified","Not a Pedestrian","Not a Pedestrian",427552,431986,"E01011733",2,"T or staggered junction","Daylight","Fine no high winds","Dry","Cyclist"
"11366","20181359C1006",2018-09-12,2018,"Sep",12,"08:50",8,50,"Wednesday","Slight",1,"Slight","Cyclist","Driver or rider","Male",36,"Unclassified","Single carriageway",30,"Unclassified","Not a Pedestrian","Not a Pedestrian",426897,439315,"E01011383",2,"Crossroads","Daylight","Fine no high winds","Dry","Cyclist"
"11367","20181359C1241",2018-09-12,2018,"Sep",12,"12:50",12,50,"Wednesday","Slight",1,"Slight","Van / Goods vehicle (3.5 tonnes mgw or under) occupant","Passenger","Female",52,"Unclassified","Single carriageway",30,NA,"Not a Pedestrian","Not a Pedestrian",426179,427665,"E01011541",2,"Not at junction or within 20 metres","Daylight","Fine no high winds","Dry","Bus and goods vehicle occupant"
"11368","20181359C0786",2018-09-12,2018,"Sep",12,"13:00",13,0,"Wednesday","Slight",1,"Slight","Car occupant","Passenger","Female",59,"Unclassified","Single carriageway",30,NA,"Not a Pedestrian","Not a Pedestrian",432504,427064,"E01032496",2,"Not at junction or within 20 metres","Daylight","Fine no high winds","Dry","Car occupant"
"11369","20181359C0943",2018-09-12,2018,"Sep",12,"14:25",14,25,"Wednesday","Slight",1,"Slight","Car occupant","Driver or rider","Male",21,"Unclassified","Single carriageway",30,NA,"Not a Pedestrian","Not a Pedestrian",433471,441811,"E01011561",1,"Not at junction or within 20 metres","Daylight","Fine no high winds","Dry","Car occupant"
"11370","20181359C1891",2018-09-12,2018,"Sep",12,"20:55",20,55,"Wednesday","Slight",1,"Slight","Car occupant","Passenger","Male",19,"A","Dual carriageway",40,NA,"Not a Pedestrian","Not a Pedestrian",431465,432699,"E01011626",2,"Not at junction or within 20 metres","Darkness - lights lit","Fine no high winds","Dry","Car occupant"
"11371","20181359D0345",2018-09-13,2018,"Sep",13,"08:59",8,59,"Thursday","Fatal",1,"Fatal","Motorcycle 125cc and under rider or passenger","Driver or rider","Male",40,"Unclassified","Single carriageway",60,NA,"Not a Pedestrian","Not a Pedestrian",421712,443901,"E01011569",2,"Not at junction or within 20 metres","Daylight","Fine no high winds","Dry","Motorcyclist and pillion"
"11372","20181359D0828",2018-09-13,2018,"Sep",13,"13:35",13,35,"Thursday","Slight",1,"Slight","Pedestrian","Pedestrian","Female",3,"Unclassified","Single carriageway",30,"A","In carriageway, not crossing","Unknown or other",431757,435448,"E01011429",1,"T or staggered junction","Daylight","Fine no high winds","Dry","Pedestrian"