"","accident_index","date","year","month","day","time","time_hour","time_minute","day_of_week","accident_severity","number_of_casualties","casualty_severity","casualty_type","casualty_class","sex_of_casualty","age_of_casualty","first_road_class","road_type","speed_limit","second_road_class","pedestrian_location","pedestrian_movement","location_easting_osgr","location_northing_osgr","lsoa_of_accident_location","number_of_vehicles","junction_detail","light_conditions","weather_conditions","road_surface_conditions","cas_type"
"11373","20181359D0832",2018-09-13,2018,"Sep",13,"13:50",13,50,"Thursday","Slight",1,"Slight","Car occupant","Driver or rider","Male",54,"A","Single carriageway",30,NA,"Not a Pedestrian","Not a Pedestrian",434525,438222,"E01011650",2,"Not at junction or within 20 metres","Daylight","Fine no high winds","Dry","Car occupant"
"11374","20181359D0889",2018-09-13,2018,"Sep",13,"14:30",14,30,"Thursday","Serious",2,"Serious","Car occupant","Driver or rider","Male",80,"A","Single carriageway",40,"Unclassified","Not a Pedestrian","Not a Pedestrian",425342,443246,"E01011576",2,"T or staggered junction","Daylight","Fine no high winds","Dry","Car occupant"
"11375","20181359D0889",2018-09-13,2018,"Sep",13,"14:30",14,30,"Thursday","Serious",2,"Slight","Car occupant","Driver or rider","Female",28,"A","Single carriageway",40,"Unclassified","Not a Pedestrian","Not a Pedestrian",425342,443246,"E01011576",2,"T or staggered junction","Daylight","Fine no high winds","Dry","Car occupant"
"11376","20181359D0907",2018-09-13,2018,"Sep",13,"14:30",14,30,"Thursday","Slight",1,"Slight","Car occupant","Driver or rider","Male",46,"Unclassified","Single carriageway",30,NA,"Not a Pedestrian","Not a Pedestrian",433113,435004,"E01011340",2,"Not at junction or within 20 metres","Daylight","Fine no high winds","Dry","Car occupant"
"11377","20181359D1624",2018-09-13,2018,"Sep",13,"20:07",20,7,"Thursday","Serious",1,"Serious","Motorcycle over 125cc and up to 500cc rider or  passenger","Driver or rider","Male",20,"A","Single carriageway",60,"Unclassified","Not a Pedestrian","Not a Pedestrian",422281,436821,"E01011589",2,"T or staggered junction","Darkness - lights lit","Fine no high winds","Dry","Motorcyclist and pillion"
"11378","20181359E1108",2018-09-14,2018,"Sep",14,"07:00",7,0,"Friday","Serious",1,"Serious","Cyclist","Driver or rider","Male",58,"Unclassified","Roundabout",40,"A","Not a Pedestrian","Not a Pedestrian",428289,429572,"E01011531",2,"Roundabout","Daylight","Fine no high winds","Dry","Cyclist"
"11379","20181359E0535",2018-09-14,2018,"Sep",14,"10:22",10,22,"Friday","Slight",1,"Slight","Cyclist","Driver or rider","Male",61,"A","Dual carriageway",40,"Unclassified","Not a Pedestrian","Not a Pedestrian",433128,436118,"E01011421",2,"T or staggered junction","Daylight","Fine no high winds","Dry","Cyclist"
"11380","20181359E0619",2018-09-14,2018,"Sep",14,"11:12",11,12,"Friday","Slight",1,"Slight","Pedestrian","Pedestrian","Female",66,"Unclassified","Single carriageway",30,NA,"Crossing elsewhere within 50m. of pedestrian crossing","Unknown or other",418973,442061,"E01011265",1,"Not at junction or within 20 metres","Daylight","Raining no high winds","Wet or damp","Pedestrian"
"11381","20181359E0694",2018-09-14,2018,"Sep",14,"11:58",11,58,"Friday","Slight",1,"Slight","Motorcycle 125cc and under rider or passenger","Driver or rider","Male",28,"Unclassified","Single carriageway",30,NA,"Not a Pedestrian","Not a Pedestrian",421371,441020,"E01011578",3,"Not at junction or within 20 metres","Daylight","Raining no high winds","Wet or damp","Motorcyclist and pillion"
"11382","20181359E0891",2018-09-14,2018,"Sep",14,"13:45",13,45,"Friday","Slight",1,"Slight","Car occupant","Driver or rider","Female",61,"Unclassified","Dual carriageway",30,"Unclassified","Not a Pedestrian","Not a Pedestrian",429962,430873,"E01011312",2,"T or staggered junction","Daylight","Fine no high winds","Dry","Car occupant"
"11383","20181359E1281",2018-09-14,2018,"Sep",14,"16:50",16,50,"Friday","Serious",1,"Serious","Motorcycle over 500cc rider or passenger","Driver or rider","Male",47,"A","Single carriageway",60,NA,"Not a Pedestrian","Not a Pedestrian",421684,436146,"E01011588",2,"Not at junction or within 20 metres","Daylight","Fine no high winds","Wet or damp","Motorcyclist and pillion"
"11384","20181359E1586",2018-09-14,2018,"Sep",14,"19:00",19,0,"Friday","Slight",1,"Slight","Car occupant","Passenger","Female",76,"Motorway","Dual carriageway",70,NA,"Not a Pedestrian","Not a Pedestrian",429753,423575,"E01011536",3,"Not at junction or within 20 metres","Daylight","Fine no high winds","Dry","Car occupant"
"11385","20181359E2085",2018-09-14,2018,"Sep",14,"22:48",22,48,"Friday","Slight",2,"Slight","Car occupant","Driver or rider","Male",23,"A","Dual carriageway",70,"Unclassified","Not a Pedestrian","Not a Pedestrian",427531,438609,"E01011385",2,"Crossroads","Darkness - lights lit","Fine no high winds","Wet or damp","Car occupant"
"11386","20181359E2085",2018-09-14,2018,"Sep",14,"22:48",22,48,"Friday","Slight",2,"Slight","Car occupant","Driver or rider","Male",24,"A","Dual carriageway",70,"Unclassified","Not a Pedestrian","Not a Pedestrian",427531,438609,"E01011385",2,"Crossroads","Darkness - lights lit","Fine no high winds","Wet or damp","Car occupant"
"11387","20181359G1726",2018-09-16,2018,"Sep",16,"10:43",10,43,"Sunday","Slight",1,"Slight","Car occupant","Driver or rider","Male",48,"Unclassified","Single carriageway",30,NA,"Not a Pedestrian","Not a Pedestrian",433790,434702,"E01011346",2,"Not at junction or within 20 metres","Daylight","Fine no high winds","Dry","Car occupant"
"11388","20181359G0971",2018-09-16,2018,"Sep",16,"13:45",13,45,"Sunday","Slight",1,"Slight","Cyclist","Driver or rider","Male",58,"Unclassified","Single carriageway",30,NA,"Not a Pedestrian","Not a Pedestrian",427340,429633,"E01011518",2,"Not at junction or within 20 metres","Daylight","Fine no high winds","Dry","Cyclist"
"11389","20181359G1509",2018-09-16,2018,"Sep",16,"18:00",18,0,"Sunday","Slight",1,"Slight","Car occupant","Driver or rider","Female",37,"A(M)","Dual carriageway",70,NA,"Not a Pedestrian","Not a Pedestrian",443475,438421,"E01011309",1,"Not at junction or within 20 metres","Daylight","Fine no high winds","Dry","Car occupant"
"11390","20181359H0458",2018-09-17,2018,"Sep",17,"09:05",9,5,"Monday","Slight",1,"Slight","Cyclist","Driver or rider","Male",40,"A","Single carriageway",30,NA,"Not a Pedestrian","Not a Pedestrian",427742,433704,"E01011284",2,"Not at junction or within 20 metres","Daylight","Fine no high winds","Dry","Cyclist"
"11391","20181359H0870",2018-09-17,2018,"Sep",17,"14:35",14,35,"Monday","Slight",1,"Slight","Pedestrian","Pedestrian","Male",48,"A","Single carriageway",40,NA,"Crossing on pedestrian crossing facility","Crossing from driver's nearside",430816,439623,"E01011557",1,"Not at junction or within 20 metres","Daylight","Fine no high winds","Dry","Pedestrian"
"11392","20181359H1629",2018-09-17,2018,"Sep",17,"17:54",17,54,"Monday","Slight",1,"Slight","Pedestrian","Pedestrian","Male",7,"Unclassified","Single carriageway",20,NA,"In carriageway, crossing elsewhere","Crossing from nearside - masked by parked or stationary vehicle",440761,433434,"E01011400",1,"Not at junction or within 20 metres","Daylight","Fine no high winds","Dry","Pedestrian"
"11393","20181359I1115",2018-09-17,2018,"Sep",17,"18:00",18,0,"Monday","Slight",1,"Slight","Horse rider","Driver or rider","Female",58,"Unclassified","Single carriageway",30,"Unclassified","Not a Pedestrian","Not a Pedestrian",420714,445599,"E01011569",2,"T or staggered junction","Daylight","Fine no high winds","Dry","Others"
"11394","20181359I0614",2018-09-18,2018,"Sep",18,"09:53",9,53,"Tuesday","Slight",1,"Slight","Bus or coach occupant (17 or more pass seats)","Driver or rider","Female",38,"Unclassified","Single carriageway",30,NA,"Not a Pedestrian","Not a Pedestrian",429873,433796,"E01033010",2,"Not at junction or within 20 metres","Daylight","Fine no high winds","Dry","Bus and goods vehicle occupant"
"11395","20181359I0903",2018-09-18,2018,"Sep",18,"14:04",14,4,"Tuesday","Serious",2,"Serious","Van / Goods vehicle (3.5 tonnes mgw or under) occupant","Driver or rider","Male",40,"A","Single carriageway",60,NA,"Not a Pedestrian","Not a Pedestrian",443647,431684,"E01011299",4,"Not at junction or within 20 metres","Daylight","Fine no high winds","Dry","Bus and goods vehicle occupant"
"11396","20181359I0903",2018-09-18,2018,"Sep",18,"14:04",14,4,"Tuesday","Serious",2,"Slight","Car occupant","Driver or rider","Male",90,"A","Single carriageway",60,NA,"Not a Pedestrian","Not a Pedestrian",443647,431684,"E01011299",4,"Not at junction or within 20 metres","Daylight","Fine no high winds","Dry","Car occupant"
"11397","20181359I1049",2018-09-18,2018,"Sep",18,"17:00",17,0,"Tuesday","Slight",1,"Slight","Cyclist","Driver or rider","Male",27,"B","Dual carriageway",40,"Unclassified","Not a Pedestrian","Not a Pedestrian",430884,436566,"E01011356",2,"Crossroads","Daylight","Fine no high winds","Dry","Cyclist"
"11398","20181359I1342",2018-09-18,2018,"Sep",18,"17:07",17,7,"Tuesday","Slight",1,"Slight","Bus or coach occupant (17 or more pass seats)","Passenger","Male",33,"A","Dual carriageway",30,"Unclassified","Not a Pedestrian","Not a Pedestrian",426821,434977,"E01011482",2,"T or staggered junction","Daylight","Fine no high winds","Dry","Bus and goods vehicle occupant"
"11399","20181359I1593",2018-09-18,2018,"Sep",18,"18:30",18,30,"Tuesday","Slight",1,"Slight","Car occupant","Passenger","Female",8,"A","Single carriageway",50,NA,"Not a Pedestrian","Not a Pedestrian",439765,447152,"E01011704",2,"Not at junction or within 20 metres","Daylight","Fine no high winds","Dry","Car occupant"
"11400","20181359J1002",2018-09-19,2018,"Sep",19,"10:25",10,25,"Wednesday","Slight",1,"Slight","Bus or coach occupant (17 or more pass seats)","Passenger","Female",63,"A","Dual carriageway",40,NA,"Not a Pedestrian","Not a Pedestrian",433228,436192,"E01011648",1,"Not at junction or within 20 metres","Daylight","Fine no high winds","Dry","Bus and goods vehicle occupant"
"11401","20181359J0895",2018-09-19,2018,"Sep",19,"11:05",11,5,"Wednesday","Slight",1,"Slight","Bus or coach occupant (17 or more pass seats)","Passenger","Female",84,"A","Dual carriageway",40,NA,"Not a Pedestrian","Not a Pedestrian",432612,433827,"E01011348",1,"Not at junction or within 20 metres","Daylight","Fine no high winds","Dry","Bus and goods vehicle occupant"
"11402","20181359J0854",2018-09-19,2018,"Sep",19,"13:15",13,15,"Wednesday","Slight",1,"Slight","Car occupant","Driver or rider","Male",27,"Unclassified","Single carriageway",30,NA,"Not a Pedestrian","Not a Pedestrian",426287,442356,"E01032504",1,"Not at junction or within 20 metres","Daylight","Fine no high winds","Dry","Car occupant"
"11403","20181359J0942",2018-09-19,2018,"Sep",19,"13:58",13,58,"Wednesday","Fatal",1,"Fatal","Pedestrian","Pedestrian","Male",13,"B","Single carriageway",30,"Unclassified","In carriageway, crossing elsewhere","Crossing from nearside - masked by parked or stationary vehicle",428118,427784,"E01011540",2,"T or staggered junction","Daylight","Fine + high winds","Wet or damp","Pedestrian"
"11404","20181359J1554",2018-09-19,2018,"Sep",19,"17:40",17,40,"Wednesday","Slight",1,"Slight","Cyclist","Driver or rider","Male",28,"A","Dual carriageway",40,"Unclassified","Not a Pedestrian","Not a Pedestrian",426233,431660,"E01011734",2,"Crossroads","Daylight","Fine no high winds","Dry","Cyclist"
"11405","20181359J1513",2018-09-19,2018,"Sep",19,"18:04",18,4,"Wednesday","Slight",1,"Slight","Bus or coach occupant (17 or more pass seats)","Passenger","Female",74,"A","Dual carriageway",40,"Unclassified","Not a Pedestrian","Not a Pedestrian",430466,435420,"E01011357",1,"T or staggered junction","Daylight","Fine + high winds","Dry","Bus and goods vehicle occupant"
"11406","20181359K0509",2018-09-20,2018,"Sep",20,"09:39",9,39,"Thursday","Slight",1,"Slight","Pedestrian","Pedestrian","Male",78,"Unclassified","Single carriageway",30,NA,"Crossing elsewhere within 50m. of pedestrian crossing","Crossing from driver's nearside",420303,445364,"E01011569",1,"Not at junction or within 20 metres","Daylight","Fine no high winds","Dry","Pedestrian"
"11407","20181359I0842",2018-09-20,2018,"Sep",20,"13:35",13,35,"Thursday","Slight",1,"Slight","Car occupant","Driver or rider","Male",33,"Unclassified","Single carriageway",30,NA,"Not a Pedestrian","Not a Pedestrian",428071,434988,"E01011447",2,"Not at junction or within 20 metres","Daylight","Fine no high winds","Dry","Car occupant"
"11408","20181359K0897",2018-09-20,2018,"Sep",20,"13:47",13,47,"Thursday","Slight",1,"Slight","Car occupant","Driver or rider","Female",39,"A","Dual carriageway",50,"Motorway","Not a Pedestrian","Not a Pedestrian",431961,430318,"E01011469",2,"Slip road","Daylight","Raining no high winds","Wet or damp","Car occupant"
"11409","20181359J1112",2018-09-20,2018,"Sep",20,"15:14",15,14,"Thursday","Slight",1,"Slight","Car occupant","Driver or rider","Female",27,"A","Dual carriageway",40,NA,"Not a Pedestrian","Not a Pedestrian",431539,433622,"E01033021",2,"Not at junction or within 20 metres","Daylight","Fine no high winds","Dry","Car occupant"
"11410","20181359L1213",2018-09-20,2018,"Sep",20,"18:15",18,15,"Thursday","Slight",1,"Slight","Car occupant","Driver or rider","Female",28,"Unclassified","Dual carriageway",30,"Unclassified","Not a Pedestrian","Not a Pedestrian",430871,434370,"E01033003",2,"Roundabout","Darkness - lights lit","Raining + high winds","Wet or damp","Car occupant"
"11411","20181359L1282",2018-09-21,2018,"Sep",21,"09:00",9,0,"Friday","Slight",1,"Slight","Cyclist","Driver or rider","Male",28,"A","Single carriageway",30,"Unclassified","Not a Pedestrian","Not a Pedestrian",430885,434249,"E01033031",2,"Crossroads","Daylight","Fine no high winds","Wet or damp","Cyclist"
"11412","20181359L0612",2018-09-21,2018,"Sep",21,"10:45",10,45,"Friday","Slight",1,"Slight","Car occupant","Driver or rider","Male",58,"Unclassified","Single carriageway",20,"Unclassified","Not a Pedestrian","Not a Pedestrian",415910,442016,"E01011270",2,"Crossroads","Daylight","Raining + high winds","Wet or damp","Car occupant"
"11413","20181359L0730",2018-09-21,2018,"Sep",21,"12:00",12,0,"Friday","Slight",1,"Slight","Car occupant","Driver or rider","Female",54,"Unclassified","Single carriageway",30,NA,"Not a Pedestrian","Not a Pedestrian",421272,441433,"E01011269",1,"Not at junction or within 20 metres","Daylight","Raining + high winds","Wet or damp","Car occupant"
"11414","20181359L0871",2018-09-21,2018,"Sep",21,"13:34",13,34,"Friday","Slight",3,"Slight","Taxi/Private hire car occupant","Driver or rider","Male",51,"A","Single carriageway",50,NA,"Not a Pedestrian","Not a Pedestrian",422287,436823,"E01011589",2,"Not at junction or within 20 metres","Daylight","Raining no high winds","Wet or damp","Car occupant"
"11415","20181359L0871",2018-09-21,2018,"Sep",21,"13:34",13,34,"Friday","Slight",3,"Slight","Car occupant","Driver or rider","Female",59,"A","Single carriageway",50,NA,"Not a Pedestrian","Not a Pedestrian",422287,436823,"E01011589",2,"Not at junction or within 20 metres","Daylight","Raining no high winds","Wet or damp","Car occupant"
"11416","20181359L0871",2018-09-21,2018,"Sep",21,"13:34",13,34,"Friday","Slight",3,"Slight","Car occupant","Passenger","Female",42,"A","Single carriageway",50,NA,"Not a Pedestrian","Not a Pedestrian",422287,436823,"E01011589",2,"Not at junction or within 20 metres","Daylight","Raining no high winds","Wet or damp","Car occupant"
"11417","20181359M0704",2018-09-22,2018,"Sep",22,"11:07",11,7,"Saturday","Serious",1,"Serious","Pedestrian","Pedestrian","Male",82,"B","Single carriageway",30,NA,"In carriageway, crossing elsewhere","Crossing from driver's offside",440392,433265,"E01011396",1,"Not at junction or within 20 metres","Daylight","Fine no high winds","Dry","Pedestrian"
"11418","20181359M0785",2018-09-22,2018,"Sep",22,"11:42",11,42,"Saturday","Serious",1,"Serious","Pedestrian","Pedestrian","Male",6,"Unclassified","Single carriageway",30,NA,"In carriageway, crossing elsewhere","Crossing from driver's offside",431841,435129,"E01011673",1,"Not at junction or within 20 metres","Daylight","Fine no high winds","Dry","Pedestrian"
"11419","20181359M0863",2018-09-22,2018,"Sep",22,"12:25",12,25,"Saturday","Slight",2,"Slight","Car occupant","Driver or rider","Male",54,"Motorway","Dual carriageway",70,"Motorway","Not a Pedestrian","Not a Pedestrian",431915,428139,"E01011502",3,"Other junction","Daylight","Fine no high winds","Dry","Car occupant"
"11420","20181359M0863",2018-09-22,2018,"Sep",22,"12:25",12,25,"Saturday","Slight",2,"Slight","Car occupant","Passenger","Female",52,"Motorway","Dual carriageway",70,"Motorway","Not a Pedestrian","Not a Pedestrian",431915,428139,"E01011502",3,"Other junction","Daylight","Fine no high winds","Dry","Car occupant"
"11421","20181359M1114",2018-09-22,2018,"Sep",22,"14:25",14,25,"Saturday","Slight",1,"Slight","Pedestrian","Pedestrian","Female",23,"Unclassified","Single carriageway",30,"Unclassified","Crossing elsewhere within 50m. of pedestrian crossing","Unknown or other",430550,433444,"E01033011",1,"T or staggered junction","Daylight","Fine no high winds","Dry","Pedestrian"
"11422","20181359M1738",2018-09-22,2018,"Sep",22,"19:15",19,15,"Saturday","Slight",1,"Slight","Car occupant","Driver or rider","Female",26,"Unclassified","Single carriageway",20,NA,"Not a Pedestrian","Not a Pedestrian",432085,435597,"E01011428",1,"Not at junction or within 20 metres","Darkness - lights lit","Fine no high winds","Dry","Car occupant"
"11423","20181359O0534",2018-09-23,2018,"Sep",23,"15:15",15,15,"Sunday","Slight",1,"Slight","Car occupant","Passenger","Female",49,"A(M)","Dual carriageway",70,NA,"Not a Pedestrian","Not a Pedestrian",443618,435559,"E01011297",2,"Not at junction or within 20 metres","Daylight","Fine no high winds","Dry","Car occupant"
"11424","20181359N1573",2018-09-23,2018,"Sep",23,"18:40",18,40,"Sunday","Slight",1,"Slight","Pedestrian","Pedestrian","Male",3,"Unclassified","Single carriageway",20,NA,"In carriageway, crossing elsewhere","Crossing from nearside - masked by parked or stationary vehicle",428957,431002,"E01011313",1,"Not at junction or within 20 metres","Daylight","Fine no high winds","Dry","Pedestrian"
"11425","20181359O0251",2018-09-24,2018,"Sep",24,"07:55",7,55,"Monday","Serious",1,"Serious","Motorcycle over 500cc rider or passenger","Driver or rider","Male",24,"A(M)","Dual carriageway",70,NA,"Not a Pedestrian","Not a Pedestrian",443648,437389,"E01011297",2,"Not at junction or within 20 metres","Daylight","Fine no high winds","Dry","Motorcyclist and pillion"
"11426","20181359O1254",2018-09-24,2018,"Sep",24,"16:38",16,38,"Monday","Slight",2,"Slight","Van / Goods vehicle (3.5 tonnes mgw or under) occupant","Driver or rider","Male",35,"Motorway","Dual carriageway",70,NA,"Not a Pedestrian","Not a Pedestrian",436262,425939,"E01011636",3,"Not at junction or within 20 metres","Daylight","Fine no high winds","Dry","Bus and goods vehicle occupant"
"11427","20181359O1254",2018-09-24,2018,"Sep",24,"16:38",16,38,"Monday","Slight",2,"Slight","Van / Goods vehicle (3.5 tonnes mgw or under) occupant","Driver or rider","Male",50,"Motorway","Dual carriageway",70,NA,"Not a Pedestrian","Not a Pedestrian",436262,425939,"E01011636",3,"Not at junction or within 20 metres","Daylight","Fine no high winds","Dry","Bus and goods vehicle occupant"
"11428","20181359O1281",2018-09-24,2018,"Sep",24,"16:54",16,54,"Monday","Serious",1,"Serious","Car occupant","Driver or rider","Male",71,"Unclassified","Single carriageway",30,NA,"Not a Pedestrian","Not a Pedestrian",429149,425879,"E01011538",3,"Not at junction or within 20 metres","Daylight","Fine no high winds","Dry","Car occupant"
"11429","20181359P0688",2018-09-25,2018,"Sep",25,"11:57",11,57,"Tuesday","Slight",1,"Slight","Cyclist","Driver or rider","Male",25,"Unclassified","Single carriageway",30,"Unclassified","Not a Pedestrian","Not a Pedestrian",426350,435931,"E01011488",2,"T or staggered junction","Daylight","Fine no high winds","Dry","Cyclist"
"11430","20181359P1181",2018-09-25,2018,"Sep",25,"16:00",16,0,"Tuesday","Slight",2,"Slight","Car occupant","Driver or rider","Female",55,"Unclassified","Single carriageway",30,NA,"Not a Pedestrian","Not a Pedestrian",430481,433824,"E01033010",2,"Not at junction or within 20 metres","Daylight","Fine no high winds","Dry","Car occupant"
"11431","20181359P1181",2018-09-25,2018,"Sep",25,"16:00",16,0,"Tuesday","Slight",2,"Slight","Car occupant","Driver or rider","Female",18,"Unclassified","Single carriageway",30,NA,"Not a Pedestrian","Not a Pedestrian",430481,433824,"E01033010",2,"Not at junction or within 20 metres","Daylight","Fine no high winds","Dry","Car occupant"
"11432","20181359Q0296",2018-09-26,2018,"Sep",26,"07:50",7,50,"Wednesday","Slight",1,"Slight","Cyclist","Driver or rider","Male",34,"B","Single carriageway",60,"Unclassified","Not a Pedestrian","Not a Pedestrian",437461,425649,"E01011636",2,"T or staggered junction","Daylight","Fine no high winds","Dry","Cyclist"
"11433","20181359R0643",2018-09-26,2018,"Sep",26,"08:20",8,20,"Wednesday","Slight",1,"Slight","Pedestrian","Pedestrian","Male",15,"Unclassified","Single carriageway",30,NA,"In carriageway, crossing elsewhere","Crossing from driver's nearside",423001,432561,"E01011601",1,"Not at junction or within 20 metres","Daylight","Fine no high winds","Dry","Pedestrian"
"11434","20181359Q0312",2018-09-26,2018,"Sep",26,"09:06",9,6,"Wednesday","Slight",2,"Slight","Car occupant","Driver or rider","Male",33,"Motorway","Dual carriageway",70,NA,"Not a Pedestrian","Not a Pedestrian",424799,427790,"E01011530",1,"Not at junction or within 20 metres","Daylight","Fine no high winds","Dry","Car occupant"
"11435","20181359Q0312",2018-09-26,2018,"Sep",26,"09:06",9,6,"Wednesday","Slight",2,"Slight","Car occupant","Passenger","Female",31,"Motorway","Dual carriageway",70,NA,"Not a Pedestrian","Not a Pedestrian",424799,427790,"E01011530",1,"Not at junction or within 20 metres","Daylight","Fine no high winds","Dry","Car occupant"
"11436","20181359Q0912",2018-09-26,2018,"Sep",26,"13:55",13,55,"Wednesday","Slight",1,"Slight","Car occupant","Driver or rider","Female",69,"A","Single carriageway",30,"Unclassified","Not a Pedestrian","Not a Pedestrian",431604,435249,"E01011429",2,"T or staggered junction","Daylight","Fine no high winds","Dry","Car occupant"
"11437","20181359Q1075",2018-09-26,2018,"Sep",26,"15:00",15,0,"Wednesday","Slight",1,"Slight","Pedestrian","Pedestrian","Male",22,"Unclassified","Dual carriageway",40,"Unclassified","Crossing on pedestrian crossing facility","Crossing from driver's nearside",436104,434837,"E01011666",1,"T or staggered junction","Daylight","Fine no high winds","Dry","Pedestrian"
"11438","20181359Q1308",2018-09-26,2018,"Sep",26,"16:46",16,46,"Wednesday","Slight",1,"Slight","Cyclist","Driver or rider","Female",22,"A","Single carriageway",30,"Unclassified","Not a Pedestrian","Not a Pedestrian",427393,434637,"E01011482",2,"T or staggered junction","Daylight","Fine no high winds","Dry","Cyclist"
"11439","20181359Q2019",2018-09-26,2018,"Sep",26,"22:23",22,23,"Wednesday","Serious",2,"Slight","Car occupant","Passenger","Male",21,"Unclassified","Single carriageway",30,"Unclassified","Not a Pedestrian","Not a Pedestrian",428256,434464,"E01011481",3,"T or staggered junction","Darkness - lights lit","Fine no high winds","Dry","Car occupant"
"11440","20181359Q2019",2018-09-26,2018,"Sep",26,"22:23",22,23,"Wednesday","Serious",2,"Serious","Car occupant","Driver or rider","Male",55,"Unclassified","Single carriageway",30,"Unclassified","Not a Pedestrian","Not a Pedestrian",428256,434464,"E01011481",3,"T or staggered junction","Darkness - lights lit","Fine no high winds","Dry","Car occupant"
"11441","20181359R0443",2018-09-27,2018,"Sep",27,"01:30",1,30,"Thursday","Serious",1,"Serious","Car occupant","Driver or rider","Male",36,"A","Single carriageway",30,NA,"Not a Pedestrian","Not a Pedestrian",424183,435436,"E01011323",2,"Not at junction or within 20 metres","Darkness - lights lit","Fine no high winds","Dry","Car occupant"
"11442","20181359R0125",2018-09-27,2018,"Sep",27,"02:00",2,0,"Thursday","Serious",2,"Serious","Car occupant","Driver or rider","Male",20,"Unclassified","Single carriageway",30,NA,"Not a Pedestrian","Not a Pedestrian",431293,434872,"E01011673",5,"Not at junction or within 20 metres","Darkness - lights lit","Fine no high winds","Dry","Car occupant"
"11443","20181359R0125",2018-09-27,2018,"Sep",27,"02:00",2,0,"Thursday","Serious",2,"Serious","Car occupant","Driver or rider","Female",41,"Unclassified","Single carriageway",30,NA,"Not a Pedestrian","Not a Pedestrian",431293,434872,"E01011673",5,"Not at junction or within 20 metres","Darkness - lights lit","Fine no high winds","Dry","Car occupant"
"11444","20181359R0351",2018-09-27,2018,"Sep",27,"07:59",7,59,"Thursday","Slight",1,"Slight","Pedestrian","Pedestrian","Female",29,"B","Single carriageway",30,"Unclassified","Crossing elsewhere within 50m. of pedestrian crossing","Crossing from offside - masked by  parked or stationary vehicle",427888,432914,"E01011294",1,"T or staggered junction","Daylight","Fine no high winds","Dry","Pedestrian"
"11445","20181359R1892",2018-09-27,2018,"Sep",27,"13:45",13,45,"Thursday","Slight",1,"Slight","Pedestrian","Pedestrian","Female",31,"Unclassified","Single carriageway",30,NA,"On footway or verge","Unknown or other",429818,433406,"E01033016",1,"Not at junction or within 20 metres","Daylight","Fine no high winds","Dry","Pedestrian"
"11446","2018135A31571",2018-09-27,2018,"Sep",27,"15:00",15,0,"Thursday","Slight",1,"Slight","Car occupant","Driver or rider","Female",38,"Unclassified","Single carriageway",30,"Unclassified","Not a Pedestrian","Not a Pedestrian",425798,440023,"E01011379",2,"Private drive or entrance","Daylight","Fine no high winds","Dry","Car occupant"
"11447","20181359R1540",2018-09-27,2018,"Sep",27,"17:00",17,0,"Thursday","Slight",1,"Slight","Pedestrian","Pedestrian","Male",14,"Unclassified","Single carriageway",30,NA,"On footway or verge","Unknown or other",435034,434984,"E01011667",1,"Not at junction or within 20 metres","Daylight","Fine no high winds","Dry","Pedestrian"
"11448","20181359S1424",2018-09-28,2018,"Sep",28,"18:00",18,0,"Friday","Slight",5,"Slight","Taxi/Private hire car occupant","Driver or rider","Male",37,"A","Roundabout",40,"Unclassified","Not a Pedestrian","Not a Pedestrian",428089,426542,"E01011538",2,"Roundabout","Daylight","Fine no high winds","Dry","Car occupant"
"11449","20181359S1424",2018-09-28,2018,"Sep",28,"18:00",18,0,"Friday","Slight",5,"Slight","Taxi/Private hire car occupant","Passenger","Female",25,"A","Roundabout",40,"Unclassified","Not a Pedestrian","Not a Pedestrian",428089,426542,"E01011538",2,"Roundabout","Daylight","Fine no high winds","Dry","Car occupant"
"11450","20181359S1424",2018-09-28,2018,"Sep",28,"18:00",18,0,"Friday","Slight",5,"Slight","Taxi/Private hire car occupant","Passenger","Female",27,"A","Roundabout",40,"Unclassified","Not a Pedestrian","Not a Pedestrian",428089,426542,"E01011538",2,"Roundabout","Daylight","Fine no high winds","Dry","Car occupant"
"11451","20181359S1424",2018-09-28,2018,"Sep",28,"18:00",18,0,"Friday","Slight",5,"Slight","Car occupant","Driver or rider","Female",44,"A","Roundabout",40,"Unclassified","Not a Pedestrian","Not a Pedestrian",428089,426542,"E01011538",2,"Roundabout","Daylight","Fine no high winds","Dry","Car occupant"
"11452","20181359S1424",2018-09-28,2018,"Sep",28,"18:00",18,0,"Friday","Slight",5,"Slight","Car occupant","Passenger","Female",15,"A","Roundabout",40,"Unclassified","Not a Pedestrian","Not a Pedestrian",428089,426542,"E01011538",2,"Roundabout","Daylight","Fine no high winds","Dry","Car occupant"
"11453","20181359S1821",2018-09-28,2018,"Sep",28,"21:00",21,0,"Friday","Slight",1,"Slight","Car occupant","Passenger","Female",39,"A","Dual carriageway",40,NA,"Not a Pedestrian","Not a Pedestrian",420846,434432,"E01011595",2,"Not at junction or within 20 metres","Darkness - lights lit","Fine no high winds","Dry","Car occupant"
"11454","2018135AI0980",2018-09-29,2018,"Sep",29,"01:27",1,27,"Saturday","Slight",1,"Slight","Car occupant","Passenger","Male",46,"Unclassified","Single carriageway",30,"A","Not a Pedestrian","Not a Pedestrian",429962,430873,"E01011312",2,"T or staggered junction","Darkness - lights lit","Fine no high winds","Dry","Car occupant"