"","accident_index","date","year","month","day","time","time_hour","time_minute","day_of_week","accident_severity","number_of_casualties","casualty_severity","casualty_type","casualty_class","sex_of_casualty","age_of_casualty","first_road_class","road_type","speed_limit","second_road_class","pedestrian_location","pedestrian_movement","location_easting_osgr","location_northing_osgr","lsoa_of_accident_location","number_of_vehicles","junction_detail","light_conditions","weather_conditions","road_surface_conditions","cas_type"
"11455","20181359T0610",2018-09-29,2018,"Sep",29,"09:30",9,30,"Saturday","Slight",1,"Slight","Van / Goods vehicle (3.5 tonnes mgw or under) occupant","Driver or rider","Female",51,"Unclassified","Single carriageway",30,NA,"Not a Pedestrian","Not a Pedestrian",430792,428398,"E01032497",2,"Not at junction or within 20 metres","Daylight","Fine no high winds","Dry","Bus and goods vehicle occupant"
"11456","20181359T0631",2018-09-29,2018,"Sep",29,"09:43",9,43,"Saturday","Slight",2,"Slight","Car occupant","Driver or rider","Female",29,"Unclassified","Single carriageway",30,"Unclassified","Not a Pedestrian","Not a Pedestrian",428072,433545,"E01011294",1,"T or staggered junction","Daylight","Fine no high winds","Dry","Car occupant"
"11457","20181359T0631",2018-09-29,2018,"Sep",29,"09:43",9,43,"Saturday","Slight",2,"Slight","Pedestrian","Pedestrian","Male",69,"Unclassified","Single carriageway",30,"Unclassified","Unknown or other","Unknown or other",428072,433545,"E01011294",1,"T or staggered junction","Daylight","Fine no high winds","Dry","Pedestrian"
"11458","20181359U0868",2018-09-30,2018,"Sep",30,"13:00",13,0,"Sunday","Slight",1,"Slight","Car occupant","Driver or rider","Male",47,"A","Roundabout",30,"A","Not a Pedestrian","Not a Pedestrian",423051,437658,"E01011452",2,"Roundabout","Daylight","Fine no high winds","Dry","Car occupant"
"11459","20181359U1690",2018-09-30,2018,"Sep",30,"19:45",19,45,"Sunday","Slight",1,"Slight","Car occupant","Passenger","Female",7,"Unclassified","Single carriageway",30,"A","Not a Pedestrian","Not a Pedestrian",438495,430408,"E01011390",2,"T or staggered junction","Darkness - lights lit","Fine no high winds","Dry","Car occupant"
"11460","20181359U1761",2018-09-30,2018,"Sep",30,"20:25",20,25,"Sunday","Slight",1,"Slight","Car occupant","Passenger","Female",41,"Unclassified","Single carriageway",30,"Unclassified","Not a Pedestrian","Not a Pedestrian",431268,433827,"E01033031",2,"T or staggered junction","Darkness - lights lit","Fine no high winds","Dry","Car occupant"
"11461","2018135A10569",2018-10-01,2018,"Oct",1,"11:00",11,0,"Monday","Serious",1,"Serious","Pedestrian","Pedestrian","Male",16,"A","Single carriageway",30,"Unclassified","Crossing on pedestrian crossing facility","Crossing from driver's nearside",431970,435823,"E01011422",1,"Other junction","Daylight","Fine no high winds","Dry","Pedestrian"
"11462","2018135AV0797",2018-10-01,2018,"Oct",1,"13:15",13,15,"Monday","Slight",3,"Slight","Car occupant","Driver or rider","Female",49,"A","Single carriageway",30,"Unclassified","Not a Pedestrian","Not a Pedestrian",423948,427943,"E01011523",2,"Other junction","Daylight","Fine no high winds","Dry","Car occupant"
"11463","2018135AV0797",2018-10-01,2018,"Oct",1,"13:15",13,15,"Monday","Slight",3,"Slight","Car occupant","Passenger","Female",18,"A","Single carriageway",30,"Unclassified","Not a Pedestrian","Not a Pedestrian",423948,427943,"E01011523",2,"Other junction","Daylight","Fine no high winds","Dry","Car occupant"
"11464","2018135AV0797",2018-10-01,2018,"Oct",1,"13:15",13,15,"Monday","Slight",3,"Slight","Car occupant","Driver or rider","Female",34,"A","Single carriageway",30,"Unclassified","Not a Pedestrian","Not a Pedestrian",423948,427943,"E01011523",2,"Other junction","Daylight","Fine no high winds","Dry","Car occupant"
"11465","2018135A11255",2018-10-01,2018,"Oct",1,"15:45",15,45,"Monday","Slight",1,"Slight","Motorcycle 125cc and under rider or passenger","Driver or rider","Male",31,"Unclassified","Single carriageway",30,"Unclassified","Not a Pedestrian","Not a Pedestrian",431199,431472,"E01011467",2,"T or staggered junction","Daylight","Fine no high winds","Dry","Motorcyclist and pillion"
"11466","2018135A21133",2018-10-01,2018,"Oct",1,"16:30",16,30,"Monday","Serious",1,"Serious","Cyclist","Driver or rider","Male",42,"Unclassified","Single carriageway",30,"Unclassified","Not a Pedestrian","Not a Pedestrian",428529,430752,"E01011369",2,"T or staggered junction","Daylight","Fine no high winds","Dry","Cyclist"
"11467","2018135A11545",2018-10-01,2018,"Oct",1,"18:45",18,45,"Monday","Slight",1,"Slight","Car occupant","Driver or rider","Male",45,"Unclassified","Single carriageway",30,"Unclassified","Not a Pedestrian","Not a Pedestrian",431511,435122,"E01011673",2,"T or staggered junction","Daylight","Fine no high winds","Dry","Car occupant"
"11468","2018135A11724",2018-10-01,2018,"Oct",1,"20:11",20,11,"Monday","Slight",1,"Slight","Motorcycle over 125cc and up to 500cc rider or  passenger","Driver or rider","Male",32,"A","Dual carriageway",30,"Unclassified","Not a Pedestrian","Not a Pedestrian",430875,434253,"E01033003",2,"Crossroads","Darkness - lights lit","Raining no high winds","Wet or damp","Motorcyclist and pillion"
"11469","2018135A20328",2018-10-02,2018,"Oct",2,"08:40",8,40,"Tuesday","Slight",1,"Slight","Car occupant","Passenger","Female",5,"Unclassified","Single carriageway",30,"Unclassified","Not a Pedestrian","Not a Pedestrian",432330,440173,"E01011566",2,"T or staggered junction","Daylight","Fine no high winds","Dry","Car occupant"
"11470","2018135A20351",2018-10-02,2018,"Oct",2,"08:55",8,55,"Tuesday","Serious",2,"Slight","Cyclist","Driver or rider","Male",21,"A","Dual carriageway",30,"Unclassified","Not a Pedestrian","Not a Pedestrian",429137,435243,"E01033005",3,"T or staggered junction","Daylight","Fine no high winds","Dry","Cyclist"
"11471","2018135A20351",2018-10-02,2018,"Oct",2,"08:55",8,55,"Tuesday","Serious",2,"Serious","Cyclist","Driver or rider","Male",19,"A","Dual carriageway",30,"Unclassified","Not a Pedestrian","Not a Pedestrian",429137,435243,"E01033005",3,"T or staggered junction","Daylight","Fine no high winds","Dry","Cyclist"
"11472","2018135A20523",2018-10-02,2018,"Oct",2,"10:50",10,50,"Tuesday","Slight",1,"Slight","Cyclist","Driver or rider","Male",56,"A","Dual carriageway",40,"Unclassified","Not a Pedestrian","Not a Pedestrian",425633,432686,"E01011730",2,"T or staggered junction","Daylight","Fine no high winds","Dry","Cyclist"
"11473","2018135A20633",2018-10-02,2018,"Oct",2,"11:50",11,50,"Tuesday","Slight",1,"Slight","Car occupant","Driver or rider","Female",27,"Motorway","Roundabout",70,"Motorway","Not a Pedestrian","Not a Pedestrian",432368,426056,"E01011499",2,"Roundabout","Daylight","Fine no high winds","Dry","Car occupant"
"11474","2018135A21559",2018-10-02,2018,"Oct",2,"19:44",19,44,"Tuesday","Slight",1,"Slight","Car occupant","Passenger","Female",7,"Unclassified","Single carriageway",30,"Unclassified","Not a Pedestrian","Not a Pedestrian",426066,427716,"E01011541",2,"Roundabout","Darkness - lights lit","Fine no high winds","Dry","Car occupant"
"11475","2018135A30363",2018-10-03,2018,"Oct",3,"08:40",8,40,"Wednesday","Serious",1,"Serious","Cyclist","Driver or rider","Female",59,"Unclassified","Single carriageway",30,"Unclassified","Not a Pedestrian","Not a Pedestrian",430906,436556,"E01011356",2,"T or staggered junction","Daylight","Fine no high winds","Dry","Cyclist"
"11476","2018135A30576",2018-10-03,2018,"Oct",3,"11:00",11,0,"Wednesday","Slight",1,"Slight","Car occupant","Passenger","Female",60,"A","Roundabout",40,"A","Not a Pedestrian","Not a Pedestrian",421992,436559,"E01011589",2,"Roundabout","Daylight","Fine no high winds","Dry","Car occupant"
"11477","2018135A31273",2018-10-03,2018,"Oct",3,"17:06",17,6,"Wednesday","Serious",1,"Serious","Pedestrian","Pedestrian","Male",12,"Unclassified","Single carriageway",30,NA,"In carriageway, crossing elsewhere","Crossing from offside - masked by  parked or stationary vehicle",432583,433910,"E01011348",1,"Not at junction or within 20 metres","Daylight","Fine no high winds","Dry","Pedestrian"
"11478","2018135A31385",2018-10-03,2018,"Oct",3,"17:45",17,45,"Wednesday","Slight",2,"Slight","Car occupant","Driver or rider","Female",44,"Unclassified","Single carriageway",30,"Unclassified","Not a Pedestrian","Not a Pedestrian",428045,432830,"E01011362",2,"T or staggered junction","Daylight","Fine no high winds","Dry","Car occupant"
"11479","2018135A31385",2018-10-03,2018,"Oct",3,"17:45",17,45,"Wednesday","Slight",2,"Slight","Car occupant","Passenger","Male",10,"Unclassified","Single carriageway",30,"Unclassified","Not a Pedestrian","Not a Pedestrian",428045,432830,"E01011362",2,"T or staggered junction","Daylight","Fine no high winds","Dry","Car occupant"
"11480","2018135A51285",2018-10-05,2018,"Oct",5,"15:40",15,40,"Friday","Serious",1,"Serious","Pedestrian","Pedestrian","Male",3,"Unclassified","Single carriageway",30,NA,"Unknown or other","Unknown or other",423689,433833,"E01011611",1,"Not at junction or within 20 metres","Daylight","Fine no high winds","Dry","Pedestrian"
"11481","2018135A60746",2018-10-06,2018,"Oct",6,"12:09",12,9,"Saturday","Slight",3,"Slight","Car occupant","Driver or rider","Female",44,"Unclassified","Single carriageway",30,NA,"Not a Pedestrian","Not a Pedestrian",418200,441336,"E01011270",3,"Not at junction or within 20 metres","Daylight","Fine no high winds","Dry","Car occupant"
"11482","2018135A60746",2018-10-06,2018,"Oct",6,"12:09",12,9,"Saturday","Slight",3,"Slight","Car occupant","Passenger","Female",10,"Unclassified","Single carriageway",30,NA,"Not a Pedestrian","Not a Pedestrian",418200,441336,"E01011270",3,"Not at junction or within 20 metres","Daylight","Fine no high winds","Dry","Car occupant"
"11483","2018135A60746",2018-10-06,2018,"Oct",6,"12:09",12,9,"Saturday","Slight",3,"Slight","Car occupant","Passenger","Female",8,"Unclassified","Single carriageway",30,NA,"Not a Pedestrian","Not a Pedestrian",418200,441336,"E01011270",3,"Not at junction or within 20 metres","Daylight","Fine no high winds","Dry","Car occupant"
"11484","2018135A61119",2018-10-06,2018,"Oct",6,"15:28",15,28,"Saturday","Slight",2,"Slight","Car occupant","Driver or rider","Female",41,"A","Single carriageway",30,"A","Not a Pedestrian","Not a Pedestrian",430664,434302,"E01033003",3,"T or staggered junction","Daylight","Fine no high winds","Dry","Car occupant"
"11485","2018135A61119",2018-10-06,2018,"Oct",6,"15:28",15,28,"Saturday","Slight",2,"Slight","Car occupant","Passenger","Male",7,"A","Single carriageway",30,"A","Not a Pedestrian","Not a Pedestrian",430664,434302,"E01033003",3,"T or staggered junction","Daylight","Fine no high winds","Dry","Car occupant"
"11486","2018135A61577",2018-10-06,2018,"Oct",6,"19:38",19,38,"Saturday","Serious",1,"Serious","Pedestrian","Pedestrian","Male",10,"Unclassified","Single carriageway",30,NA,"In carriageway, crossing elsewhere","Crossing from nearside - masked by parked or stationary vehicle",431147,434329,"E01033031",1,"Not at junction or within 20 metres","Darkness - lights lit","Fine no high winds","Dry","Pedestrian"
"11487","2018135A62042",2018-10-06,2018,"Oct",6,"23:47",23,47,"Saturday","Slight",1,"Slight","Taxi/Private hire car occupant","Passenger","Male",21,"A","Single carriageway",30,NA,"Not a Pedestrian","Not a Pedestrian",429922,434335,"E01033010",2,"Not at junction or within 20 metres","Darkness - lights lit","Fine no high winds","Dry","Car occupant"
"11488","2018135A70354",2018-10-07,2018,"Oct",7,"04:30",4,30,"Sunday","Serious",1,"Serious","Pedestrian","Pedestrian","Male",22,"Unclassified","Single carriageway",30,"Unclassified","In centre of carriageway - not on refuge, island or central reservation","Unknown or other",428097,434515,"E01011481",1,"Crossroads","Darkness - lights lit","Fine no high winds","Dry","Pedestrian"
"11489","2018135A70985",2018-10-07,2018,"Oct",7,"13:35",13,35,"Sunday","Slight",1,"Slight","Goods vehicle (over 3.5t. and under 7.5t.) occupant","Driver or rider","Female",41,"Unclassified","Single carriageway",40,NA,"Not a Pedestrian","Not a Pedestrian",420130,435201,"E01011590",2,"Not at junction or within 20 metres","Daylight","Fine no high winds","Dry","Bus and goods vehicle occupant"
"11490","2018135A81259",2018-10-08,2018,"Oct",8,"16:42",16,42,"Monday","Slight",1,"Slight","Pedestrian","Pedestrian","Male",34,"Unclassified","Single carriageway",40,"Unclassified","In carriageway, crossing elsewhere","Crossing from offside - masked by  parked or stationary vehicle",435676,434796,"E01011345",2,"T or staggered junction","Daylight","Fine no high winds","Dry","Pedestrian"
"11491","2018135A82117",2018-10-08,2018,"Oct",8,"18:00",18,0,"Monday","Slight",1,"Slight","Taxi/Private hire car occupant","Passenger","Male",7,"Unclassified","Single carriageway",30,NA,"Not a Pedestrian","Not a Pedestrian",426097,437015,"E01011485",1,"Not at junction or within 20 metres","Darkness - lighting unknown","Fine no high winds","Dry","Car occupant"
"11492","2018135A81545",2018-10-08,2018,"Oct",8,"18:45",18,45,"Monday","Slight",2,"Slight","Car occupant","Driver or rider","Male",65,"A","Dual carriageway",40,"Unclassified","Not a Pedestrian","Not a Pedestrian",426576,433899,"E01032608",2,"Other junction","Darkness - lights lit","Fine no high winds","Dry","Car occupant"
"11493","2018135A81545",2018-10-08,2018,"Oct",8,"18:45",18,45,"Monday","Slight",2,"Slight","Car occupant","Passenger","Female",63,"A","Dual carriageway",40,"Unclassified","Not a Pedestrian","Not a Pedestrian",426576,433899,"E01032608",2,"Other junction","Darkness - lights lit","Fine no high winds","Dry","Car occupant"
"11494","2018135A91255",2018-10-09,2018,"Oct",9,"11:00",11,0,"Tuesday","Slight",1,"Slight","Pedestrian","Pedestrian","Male",50,"Unclassified","Single carriageway",30,NA,"In carriageway, not crossing","In carriageway, stationary - not crossing  (standing or playing)",433051,427801,"E01011634",1,"Not at junction or within 20 metres","Daylight","Fine no high winds","Dry","Pedestrian"
"11495","2018135A91113",2018-10-09,2018,"Oct",9,"15:01",15,1,"Tuesday","Slight",1,"Slight","Cyclist","Driver or rider","Male",12,"Unclassified","One way street",30,NA,"Not a Pedestrian","Not a Pedestrian",431769,434243,"E01011349",2,"Not at junction or within 20 metres","Daylight","Fine no high winds","Dry","Cyclist"
"11496","2018135AA0617",2018-10-09,2018,"Oct",9,"15:10",15,10,"Tuesday","Slight",1,"Slight","Taxi/Private hire car occupant","Passenger","Female",45,"Unclassified","Single carriageway",30,NA,"Not a Pedestrian","Not a Pedestrian",434001,433885,"E01011617",1,"Not at junction or within 20 metres","Daylight","Fine no high winds","Dry","Car occupant"
"11497","2018135AA0955",2018-10-10,2018,"Oct",10,"14:00",14,0,"Wednesday","Slight",1,"Slight","Car occupant","Driver or rider","Female",45,"Unclassified","Single carriageway",50,"Unclassified","Not a Pedestrian","Not a Pedestrian",442620,428001,"E01011307",2,"Crossroads","Daylight","Fine no high winds","Dry","Car occupant"
"11498","2018135AA1702",2018-10-10,2018,"Oct",10,"15:54",15,54,"Wednesday","Slight",1,"Slight","Bus or coach occupant (17 or more pass seats)","Passenger","Female",8,"Unclassified","Single carriageway",30,NA,"Not a Pedestrian","Not a Pedestrian",429062,432243,"E01033013",2,"Not at junction or within 20 metres","Daylight","Fine no high winds","Dry","Bus and goods vehicle occupant"
"11499","2018135AA1280",2018-10-10,2018,"Oct",10,"16:23",16,23,"Wednesday","Slight",1,"Slight","Car occupant","Driver or rider","Female",36,"Unclassified","Single carriageway",30,NA,"Not a Pedestrian","Not a Pedestrian",432886,435728,"E01011424",2,"Not at junction or within 20 metres","Daylight","Fine no high winds","Dry","Car occupant"
"11500","2018135AA1326",2018-10-10,2018,"Oct",10,"16:34",16,34,"Wednesday","Slight",1,"Slight","Cyclist","Driver or rider","Male",14,"Unclassified","Single carriageway",30,NA,"Not a Pedestrian","Not a Pedestrian",432322,433117,"E01011625",2,"Not at junction or within 20 metres","Daylight","Fine no high winds","Dry","Cyclist"
"11501","2018135AA1331",2018-10-10,2018,"Oct",10,"16:48",16,48,"Wednesday","Slight",1,"Slight","Cyclist","Driver or rider","Male",56,"Unclassified","Single carriageway",60,"Unclassified","Not a Pedestrian","Not a Pedestrian",427915,441535,"E01011554",2,"Crossroads","Daylight","Fine no high winds","Dry","Cyclist"
"11502","2018135A91468",2018-10-10,2018,"Oct",10,"17:30",17,30,"Wednesday","Serious",1,"Serious","Cyclist","Driver or rider","Male",34,"A","Single carriageway",50,NA,"Not a Pedestrian","Not a Pedestrian",423414,428088,"E01011529",2,"Not at junction or within 20 metres","Daylight","Fine no high winds","Dry","Cyclist"
"11503","2018135AA1775",2018-10-10,2018,"Oct",10,"20:33",20,33,"Wednesday","Slight",1,"Slight","Car occupant","Driver or rider","Male",38,"A","Dual carriageway",40,NA,"Not a Pedestrian","Not a Pedestrian",432358,433693,"E01011348",2,"Not at junction or within 20 metres","Daylight","Fine no high winds","Dry","Car occupant"
"11504","2018135AB0728",2018-10-11,2018,"Oct",11,"12:11",12,11,"Thursday","Slight",1,"Slight","Car occupant","Driver or rider","Female",29,"Motorway","Dual carriageway",50,"A","Not a Pedestrian","Not a Pedestrian",427825,431259,"E01011369",2,"Slip road","Daylight","Fine no high winds","Dry","Car occupant"
"11505","2018135AB1553",2018-10-11,2018,"Oct",11,"17:26",17,26,"Thursday","Slight",2,"Slight","Bus or coach occupant (17 or more pass seats)","Passenger","Male",68,"Unclassified","Single carriageway",30,NA,"Not a Pedestrian","Not a Pedestrian",431738,434584,"E01011677",2,"Not at junction or within 20 metres","Daylight","Fine no high winds","Dry","Bus and goods vehicle occupant"
"11506","2018135AB1553",2018-10-11,2018,"Oct",11,"17:26",17,26,"Thursday","Slight",2,"Slight","Bus or coach occupant (17 or more pass seats)","Passenger","Female",50,"Unclassified","Single carriageway",30,NA,"Not a Pedestrian","Not a Pedestrian",431738,434584,"E01011677",2,"Not at junction or within 20 metres","Daylight","Fine no high winds","Dry","Bus and goods vehicle occupant"
"11507","2018135AB1640",2018-10-11,2018,"Oct",11,"19:32",19,32,"Thursday","Slight",1,"Slight","Cyclist","Driver or rider","Male",61,"B","Single carriageway",30,NA,"Not a Pedestrian","Not a Pedestrian",422049,434381,"E01011587",2,"Not at junction or within 20 metres","Daylight","Fine no high winds","Dry","Cyclist"
"11508","2018135AC0971",2018-10-12,2018,"Oct",12,"14:20",14,20,"Friday","Slight",1,"Slight","Car occupant","Driver or rider","Female",55,"Unclassified","Dual carriageway",30,NA,"Not a Pedestrian","Not a Pedestrian",436190,434397,"E01011408",2,"Not at junction or within 20 metres","Daylight","Fine + high winds","Wet or damp","Car occupant"
"11509","2018135AC1941",2018-10-12,2018,"Oct",12,"21:41",21,41,"Friday","Fatal",1,"Fatal","Pedestrian","Pedestrian","Male",33,"Unclassified","Dual carriageway",40,"Unclassified","Crossing elsewhere within 50m. of pedestrian crossing","Crossing from driver's offside",430698,433015,"E01033019",1,"T or staggered junction","Darkness - lights lit","Fine no high winds","Dry","Pedestrian"
"11510","2018135AD0025",2018-10-13,2018,"Oct",13,"00:10",0,10,"Saturday","Slight",1,"Slight","Pedestrian","Pedestrian","Male",20,"Unclassified","One way street",30,"Unclassified","In carriageway, crossing elsewhere","Crossing from driver's offside",427518,435873,"E01032945",1,"T or staggered junction","Darkness - lights lit","Raining no high winds","Wet or damp","Pedestrian"
"11511","2018135AD0086",2018-10-13,2018,"Oct",13,"00:30",0,30,"Saturday","Slight",1,"Slight","Pedestrian","Pedestrian","Male",22,"Unclassified","Single carriageway",30,NA,"In carriageway, crossing elsewhere","Crossing from nearside - masked by parked or stationary vehicle",432447,438783,"E01011653",1,"Not at junction or within 20 metres","Darkness - lights lit","Raining + high winds","Wet or damp","Pedestrian"
"11512","2018135A90960",2018-10-13,2018,"Oct",13,"13:45",13,45,"Saturday","Slight",1,"Slight","Cyclist","Driver or rider","Male",56,"Unclassified","Single carriageway",30,"Unclassified","Not a Pedestrian","Not a Pedestrian",431586,439580,"E01011568",2,"T or staggered junction","Daylight","Fine no high winds","Dry","Cyclist"
"11513","2018135AE0924",2018-10-13,2018,"Oct",13,"15:00",15,0,"Saturday","Slight",2,"Slight","Car occupant","Driver or rider","Female",24,"A","Single carriageway",30,"A","Not a Pedestrian","Not a Pedestrian",424238,428281,"E01011523",2,"Roundabout","Daylight","Fine no high winds","Wet or damp","Car occupant"
"11514","2018135AE0924",2018-10-13,2018,"Oct",13,"15:00",15,0,"Saturday","Slight",2,"Slight","Car occupant","Passenger","Male",24,"A","Single carriageway",30,"A","Not a Pedestrian","Not a Pedestrian",424238,428281,"E01011523",2,"Roundabout","Daylight","Fine no high winds","Wet or damp","Car occupant"
"11515","2018135AE0112",2018-10-14,2018,"Oct",14,"00:48",0,48,"Sunday","Slight",2,"Slight","Car occupant","Passenger","Male",32,"Unclassified","Single carriageway",30,"Unclassified","Not a Pedestrian","Not a Pedestrian",427241,433281,"E01011292",2,"T or staggered junction","Darkness - lights lit","Fine no high winds","Dry","Car occupant"
"11516","2018135AE0112",2018-10-14,2018,"Oct",14,"00:48",0,48,"Sunday","Slight",2,"Slight","Car occupant","Driver or rider","Male",47,"Unclassified","Single carriageway",30,"Unclassified","Not a Pedestrian","Not a Pedestrian",427241,433281,"E01011292",2,"T or staggered junction","Darkness - lights lit","Fine no high winds","Dry","Car occupant"
"11517","2018135AE0647",2018-10-14,2018,"Oct",14,"10:20",10,20,"Sunday","Slight",2,"Slight","Car occupant","Driver or rider","Female",42,"Motorway","Dual carriageway",50,"Motorway","Not a Pedestrian","Not a Pedestrian",427798,431233,"E01011369",3,"Slip road","Daylight","Raining no high winds","Wet or damp","Car occupant"
"11518","2018135AE0647",2018-10-14,2018,"Oct",14,"10:20",10,20,"Sunday","Slight",2,"Slight","Van / Goods vehicle (3.5 tonnes mgw or under) occupant","Passenger","Female",56,"Motorway","Dual carriageway",50,"Motorway","Not a Pedestrian","Not a Pedestrian",427798,431233,"E01011369",3,"Slip road","Daylight","Raining no high winds","Wet or damp","Bus and goods vehicle occupant"
"11519","2018135AE0908",2018-10-14,2018,"Oct",14,"11:00",11,0,"Sunday","Slight",1,"Slight","Car occupant","Driver or rider","Male",34,"Motorway","Slip road",40,"A","Not a Pedestrian","Not a Pedestrian",430855,424427,"E01011537",2,"Slip road","Daylight","Fine no high winds","Dry","Car occupant"
"11520","2018135AE0941",2018-10-14,2018,"Oct",14,"13:00",13,0,"Sunday","Serious",1,"Serious","Car occupant","Driver or rider","Male",37,"Unclassified","Single carriageway",30,"Unclassified","Not a Pedestrian","Not a Pedestrian",425622,432956,"E01011730",1,"T or staggered junction","Daylight","Raining no high winds","Wet or damp","Car occupant"
"11521","2018135AF0162",2018-10-15,2018,"Oct",15,"04:06",4,6,"Monday","Serious",2,"Slight","Van / Goods vehicle (3.5 tonnes mgw or under) occupant","Driver or rider","Male",25,"Unclassified","Single carriageway",60,NA,"Not a Pedestrian","Not a Pedestrian",415641,441634,"E01011270",1,"Not at junction or within 20 metres","Darkness - no lighting","Raining no high winds","Wet or damp","Bus and goods vehicle occupant"
"11522","2018135AF0162",2018-10-15,2018,"Oct",15,"04:06",4,6,"Monday","Serious",2,"Serious","Van / Goods vehicle (3.5 tonnes mgw or under) occupant","Passenger","Female",20,"Unclassified","Single carriageway",60,NA,"Not a Pedestrian","Not a Pedestrian",415641,441634,"E01011270",1,"Not at junction or within 20 metres","Darkness - no lighting","Raining no high winds","Wet or damp","Bus and goods vehicle occupant"
"11523","2018135AF1211",2018-10-15,2018,"Oct",15,"06:40",6,40,"Monday","Slight",1,"Slight","Cyclist","Driver or rider","Female",47,"Unclassified","Single carriageway",30,NA,"Not a Pedestrian","Not a Pedestrian",427568,436873,"E01011694",2,"Not at junction or within 20 metres","Daylight","Fine no high winds","Dry","Cyclist"
"11524","2018135AF0277",2018-10-15,2018,"Oct",15,"07:47",7,47,"Monday","Serious",2,"Serious","Pedestrian","Pedestrian","Female",15,"A","Single carriageway",40,NA,"Crossing on pedestrian crossing facility","Crossing from driver's nearside",428788,429716,"E01011322",2,"Not at junction or within 20 metres","Daylight","Raining no high winds","Wet or damp","Pedestrian"
"11525","2018135AF0277",2018-10-15,2018,"Oct",15,"07:47",7,47,"Monday","Serious",2,"Slight","Car occupant","Driver or rider","Female",27,"A","Single carriageway",40,NA,"Not a Pedestrian","Not a Pedestrian",428788,429716,"E01011322",2,"Not at junction or within 20 metres","Daylight","Raining no high winds","Wet or damp","Car occupant"
"11526","2018135AF0405",2018-10-15,2018,"Oct",15,"09:25",9,25,"Monday","Slight",1,"Slight","Car occupant","Driver or rider","Female",36,"Motorway","Dual carriageway",70,NA,"Not a Pedestrian","Not a Pedestrian",427745,431177,"E01011369",3,"Not at junction or within 20 metres","Daylight","Fine no high winds","Dry","Car occupant"
"11527","2018135AF0759",2018-10-15,2018,"Oct",15,"12:42",12,42,"Monday","Slight",1,"Slight","Car occupant","Driver or rider","Male",47,"A","Dual carriageway",30,NA,"Not a Pedestrian","Not a Pedestrian",421795,433954,"E01011585",2,"Not at junction or within 20 metres","Daylight","Fine no high winds","Dry","Car occupant"
"11528","2018135AF0879",2018-10-15,2018,"Oct",15,"13:33",13,33,"Monday","Serious",1,"Serious","Pedestrian","Pedestrian","Male",90,"Unclassified","Roundabout",20,"Unclassified","In carriageway, crossing elsewhere","Crossing from driver's nearside",425231,432304,"E01011738",1,"Roundabout","Daylight","Fine no high winds","Wet or damp","Pedestrian"
"11529","2018135AF1145",2018-10-15,2018,"Oct",15,"15:20",15,20,"Monday","Slight",1,"Slight","Car occupant","Passenger","Male",70,"Unclassified","Single carriageway",30,NA,"Not a Pedestrian","Not a Pedestrian",424873,443594,"E01011576",2,"Not at junction or within 20 metres","Daylight","Fine no high winds","Dry","Car occupant"
"11530","2018135AF1232",2018-10-15,2018,"Oct",15,"16:12",16,12,"Monday","Slight",1,"Slight","Car occupant","Passenger","Female",55,"A","Slip road",30,"Unclassified","Not a Pedestrian","Not a Pedestrian",428799,432656,"E01033013",2,"T or staggered junction","Daylight","Fine no high winds","Dry","Car occupant"
"11531","2018135AF1337",2018-10-15,2018,"Oct",15,"17:00",17,0,"Monday","Slight",1,"Slight","Car occupant","Driver or rider","Male",18,"Unclassified","Single carriageway",40,NA,"Not a Pedestrian","Not a Pedestrian",443528,442842,"E01011712",1,"Not at junction or within 20 metres","Darkness - no lighting","Fine no high winds","Dry","Car occupant"
"11532","2018135AF1376",2018-10-15,2018,"Oct",15,"18:12",18,12,"Monday","Fatal",1,"Fatal","Pedestrian","Pedestrian","Male",35,"Unclassified","Single carriageway",30,NA,"In carriageway, crossing elsewhere","Crossing from driver's nearside",432868,435934,"E01011424",1,"Not at junction or within 20 metres","Daylight","Fine no high winds","Dry","Pedestrian"
"11533","2018135AG0765",2018-10-16,2018,"Oct",16,"12:40",12,40,"Tuesday","Serious",1,"Serious","Pedestrian","Pedestrian","Male",44,"Unclassified","Single carriageway",20,NA,"In carriageway, crossing elsewhere","Crossing from driver's nearside",436349,434228,"E01011408",2,"Not at junction or within 20 metres","Daylight","Fine no high winds","Dry","Pedestrian"
"11534","2018135AG1238",2018-10-16,2018,"Oct",16,"17:00",17,0,"Tuesday","Slight",1,"Slight","Car occupant","Driver or rider","Female",50,"A(M)","Dual carriageway",70,NA,"Not a Pedestrian","Not a Pedestrian",442204,443235,"E01011712",2,"Not at junction or within 20 metres","Daylight","Fine no high winds","Dry","Car occupant"
"11535","2018135AG1352",2018-10-16,2018,"Oct",16,"17:20",17,20,"Tuesday","Slight",1,"Slight","Cyclist","Driver or rider","Male",22,"Unclassified","Dual carriageway",30,"Motorway","Not a Pedestrian","Not a Pedestrian",431001,430600,"E01011471",2,"T or staggered junction","Daylight","Fine no high winds","Dry","Cyclist"
"11536","2018135AH0421",2018-10-17,2018,"Oct",17,"08:35",8,35,"Wednesday","Slight",1,"Slight","Bus or coach occupant (17 or more pass seats)","Passenger","Female",50,"Unclassified","Single carriageway",30,NA,"Not a Pedestrian","Not a Pedestrian",426294,436972,"E01011485",1,"Not at junction or within 20 metres","Daylight","Fine no high winds","Dry","Bus and goods vehicle occupant"