"","accident_index","date","year","month","day","time","time_hour","time_minute","day_of_week","accident_severity","number_of_casualties","casualty_severity","casualty_type","casualty_class","sex_of_casualty","age_of_casualty","first_road_class","road_type","speed_limit","second_road_class","pedestrian_location","pedestrian_movement","location_easting_osgr","location_northing_osgr","lsoa_of_accident_location","number_of_vehicles","junction_detail","light_conditions","weather_conditions","road_surface_conditions","cas_type"
"11537","2018135AH0978",2018-10-17,2018,"Oct",17,"14:05",14,5,"Wednesday","Slight",1,"Slight","Cyclist","Driver or rider","Male",40,"A","Slip road",40,"Unclassified","Not a Pedestrian","Not a Pedestrian",432526,433756,"E01011615",2,"T or staggered junction","Daylight","Fine no high winds","Dry","Cyclist"
"11538","2018135AI0028",2018-10-18,2018,"Oct",18,"00:15",0,15,"Thursday","Slight",1,"Slight","Pedestrian","Pedestrian","Male",54,"Unclassified","Single carriageway",30,NA,"Unknown or other","Unknown or other",429342,433478,"E01033015",1,"Not at junction or within 20 metres","Darkness - lights lit","Fine no high winds","Dry","Pedestrian"
"11539","2018135AI0822",2018-10-18,2018,"Oct",18,"13:42",13,42,"Thursday","Slight",1,"Slight","Car occupant","Driver or rider","Male",30,"Unclassified","Single carriageway",30,"Unclassified","Not a Pedestrian","Not a Pedestrian",431373,434229,"E01033035",3,"T or staggered junction","Daylight","Fine no high winds","Dry","Car occupant"
"11540","2018135AI1448",2018-10-18,2018,"Oct",18,"18:28",18,28,"Thursday","Serious",1,"Serious","Cyclist","Driver or rider","Male",57,"A","Single carriageway",60,"Unclassified","Not a Pedestrian","Not a Pedestrian",435333,439426,"E01011311",2,"T or staggered junction","Darkness - no lighting","Fine no high winds","Dry","Cyclist"
"11541","2018135AJ0462",2018-10-19,2018,"Oct",19,"07:50",7,50,"Friday","Slight",1,"Slight","Bus or coach occupant (17 or more pass seats)","Passenger","Female",30,"Unclassified","Single carriageway",30,NA,"Not a Pedestrian","Not a Pedestrian",419472,445241,"E01011571",1,"Not at junction or within 20 metres","Daylight","Fine no high winds","Dry","Bus and goods vehicle occupant"
"11542","2018135AJ0311",2018-10-19,2018,"Oct",19,"08:03",8,3,"Friday","Slight",1,"Slight","Pedestrian","Pedestrian","Male",13,"Unclassified","Single carriageway",30,"Unclassified","In carriageway, crossing elsewhere","Crossing from driver's offside",438934,436645,"E01011719",2,"T or staggered junction","Daylight","Fine no high winds","Dry","Pedestrian"
"11543","2018135AJ1098",2018-10-19,2018,"Oct",19,"15:35",15,35,"Friday","Serious",1,"Serious","Pedestrian","Pedestrian","Male",4,"Unclassified","Single carriageway",30,"Unclassified","In carriageway, crossing elsewhere","Crossing from driver's nearside",431630,434983,"E01011673",1,"Crossroads","Daylight","Fine no high winds","Dry","Pedestrian"
"11544","2018135AK1289",2018-10-20,2018,"Oct",20,"14:50",14,50,"Saturday","Serious",1,"Serious","Car occupant","Driver or rider","Female",38,"A","Single carriageway",30,"Unclassified","Not a Pedestrian","Not a Pedestrian",422956,437695,"E01011452",2,"T or staggered junction","Daylight","Fine no high winds","Dry","Car occupant"
"11545","2018135AK1341",2018-10-20,2018,"Oct",20,"15:10",15,10,"Saturday","Slight",1,"Slight","Motorcycle over 125cc and up to 500cc rider or  passenger","Driver or rider","Male",61,"A","Roundabout",40,"Unclassified","Not a Pedestrian","Not a Pedestrian",425151,437879,"E01011463",2,"Roundabout","Daylight","Fine no high winds","Dry","Motorcyclist and pillion"
"11546","2018135AI1224",2018-10-20,2018,"Oct",20,"16:55",16,55,"Saturday","Slight",2,"Slight","Car occupant","Passenger","Female",74,"Motorway","Dual carriageway",50,NA,"Not a Pedestrian","Not a Pedestrian",428567,431620,"E01011366",2,"Not at junction or within 20 metres","Daylight","Fine no high winds","Dry","Car occupant"
"11547","2018135AI1224",2018-10-20,2018,"Oct",20,"16:55",16,55,"Saturday","Slight",2,"Slight","Car occupant","Passenger","Female",28,"Motorway","Dual carriageway",50,NA,"Not a Pedestrian","Not a Pedestrian",428567,431620,"E01011366",2,"Not at junction or within 20 metres","Daylight","Fine no high winds","Dry","Car occupant"
"11548","2018135AK1810",2018-10-20,2018,"Oct",20,"19:09",19,9,"Saturday","Serious",1,"Serious","Pedestrian","Pedestrian","Male",41,"A","Dual carriageway",40,"Unclassified","Crossing on pedestrian crossing facility","Crossing from driver's nearside",425625,434226,"E01011286",1,"T or staggered junction","Darkness - lights lit","Fine no high winds","Dry","Pedestrian"
"11549","2018135AK1838",2018-10-20,2018,"Oct",20,"19:15",19,15,"Saturday","Serious",1,"Serious","Cyclist","Driver or rider","Male",15,"Unclassified","Single carriageway",30,"Unclassified","Not a Pedestrian","Not a Pedestrian",425205,432538,"E01011735",2,"T or staggered junction","Darkness - lights lit","Fine no high winds","Dry","Cyclist"
"11550","2018135AK2252",2018-10-20,2018,"Oct",20,"23:10",23,10,"Saturday","Slight",1,"Slight","Car occupant","Driver or rider","Female",45,"Unclassified","Single carriageway",20,NA,"Not a Pedestrian","Not a Pedestrian",434848,435776,"E01011660",2,"Not at junction or within 20 metres","Darkness - lights lit","Fine no high winds","Dry","Car occupant"
"11551","2018135AL0394",2018-10-21,2018,"Oct",21,"04:30",4,30,"Sunday","Slight",1,"Slight","Car occupant","Driver or rider","Female",26,"Unclassified","Single carriageway",30,NA,"Not a Pedestrian","Not a Pedestrian",431143,436269,"E01011356",2,"Not at junction or within 20 metres","Darkness - lights lit","Fine no high winds","Dry","Car occupant"
"11552","2018135AL1210",2018-10-21,2018,"Oct",21,"15:00",15,0,"Sunday","Serious",1,"Serious","Motorcycle over 125cc and up to 500cc rider or  passenger","Driver or rider","Male",22,"Unclassified","Single carriageway",30,"Unclassified","Not a Pedestrian","Not a Pedestrian",425948,434690,"E01011281",2,"Other junction","Daylight","Fine no high winds","Dry","Motorcyclist and pillion"
"11553","2018135AL1306",2018-10-21,2018,"Oct",21,"15:45",15,45,"Sunday","Slight",1,"Slight","Cyclist","Driver or rider","Male",33,"Unclassified","Single carriageway",30,NA,"Not a Pedestrian","Not a Pedestrian",428743,434077,"E01011681",2,"Not at junction or within 20 metres","Daylight","Fine no high winds","Dry","Cyclist"
"11554","2018135AL1485",2018-10-21,2018,"Oct",21,"17:10",17,10,"Sunday","Slight",3,"Slight","Car occupant","Passenger","Female",23,"Motorway","Dual carriageway",70,NA,"Not a Pedestrian","Not a Pedestrian",434500,425884,"E01011636",3,"Not at junction or within 20 metres","Daylight","Fine no high winds","Dry","Car occupant"
"11555","2018135AL1485",2018-10-21,2018,"Oct",21,"17:10",17,10,"Sunday","Slight",3,"Slight","Car occupant","Passenger","Female",79,"Motorway","Dual carriageway",70,NA,"Not a Pedestrian","Not a Pedestrian",434500,425884,"E01011636",3,"Not at junction or within 20 metres","Daylight","Fine no high winds","Dry","Car occupant"
"11556","2018135AL1485",2018-10-21,2018,"Oct",21,"17:10",17,10,"Sunday","Slight",3,"Slight","Car occupant","Passenger","Female",23,"Motorway","Dual carriageway",70,NA,"Not a Pedestrian","Not a Pedestrian",434500,425884,"E01011636",3,"Not at junction or within 20 metres","Daylight","Fine no high winds","Dry","Car occupant"
"11557","2018135AL1615",2018-10-21,2018,"Oct",21,"18:15",18,15,"Sunday","Slight",1,"Slight","Motorcycle 125cc and under rider or passenger","Driver or rider","Male",22,"A","Single carriageway",40,NA,"Not a Pedestrian","Not a Pedestrian",429609,425744,"E01011538",2,"Not at junction or within 20 metres","Darkness - lights lit","Fine no high winds","Dry","Motorcyclist and pillion"
"11558","2018135AM0319",2018-10-22,2018,"Oct",22,"06:45",6,45,"Monday","Slight",1,"Slight","Cyclist","Driver or rider","Female",27,"Unclassified","Single carriageway",30,"A","Not a Pedestrian","Not a Pedestrian",430007,434147,"E01033010",2,"T or staggered junction","Daylight","Fine no high winds","Dry","Cyclist"
"11559","2018135AM0344",2018-10-22,2018,"Oct",22,"08:55",8,55,"Monday","Slight",1,"Slight","Car occupant","Driver or rider","Female",59,"Unclassified","Single carriageway",30,NA,"Not a Pedestrian","Not a Pedestrian",422808,436098,"E01011591",2,"Not at junction or within 20 metres","Daylight","Fine no high winds","Wet or damp","Car occupant"
"11560","2018135AM0734",2018-10-22,2018,"Oct",22,"12:45",12,45,"Monday","Slight",2,"Slight","Car occupant","Driver or rider","Female",36,"Motorway","Dual carriageway",40,NA,"Not a Pedestrian","Not a Pedestrian",431187,426500,"E01011499",2,"Not at junction or within 20 metres","Daylight","Fine no high winds","Dry","Car occupant"
"11561","2018135AM0734",2018-10-22,2018,"Oct",22,"12:45",12,45,"Monday","Slight",2,"Slight","Car occupant","Passenger","Female",6,"Motorway","Dual carriageway",40,NA,"Not a Pedestrian","Not a Pedestrian",431187,426500,"E01011499",2,"Not at junction or within 20 metres","Daylight","Fine no high winds","Dry","Car occupant"
"11562","2018135AM0970",2018-10-22,2018,"Oct",22,"14:30",14,30,"Monday","Slight",1,"Slight","Car occupant","Driver or rider","Male",23,"A(M)","Dual carriageway",40,NA,"Not a Pedestrian","Not a Pedestrian",429429,433957,"E01033008",2,"Not at junction or within 20 metres","Daylight","Fine no high winds","Dry","Car occupant"
"11563","2018135AM1636",2018-10-22,2018,"Oct",22,"19:20",19,20,"Monday","Fatal",3,"Slight","Cyclist","Driver or rider","Male",15,"Unclassified","Single carriageway",60,NA,"Not a Pedestrian","Not a Pedestrian",437584,432327,"E01011411",5,"Not at junction or within 20 metres","Darkness - no lighting","Fine no high winds","Dry","Cyclist"
"11564","2018135AM1636",2018-10-22,2018,"Oct",22,"19:20",19,20,"Monday","Fatal",3,"Serious","Cyclist","Driver or rider","Male",15,"Unclassified","Single carriageway",60,NA,"Not a Pedestrian","Not a Pedestrian",437584,432327,"E01011411",5,"Not at junction or within 20 metres","Darkness - no lighting","Fine no high winds","Dry","Cyclist"
"11565","2018135AM1636",2018-10-22,2018,"Oct",22,"19:20",19,20,"Monday","Fatal",3,"Fatal","Cyclist","Driver or rider","Male",14,"Unclassified","Single carriageway",60,NA,"Not a Pedestrian","Not a Pedestrian",437584,432327,"E01011411",5,"Not at junction or within 20 metres","Darkness - no lighting","Fine no high winds","Dry","Cyclist"
"11566","2018135AN0877",2018-10-23,2018,"Oct",23,"07:15",7,15,"Tuesday","Slight",1,"Slight","Car occupant","Driver or rider","Female",26,"Motorway","Dual carriageway",50,"A","Not a Pedestrian","Not a Pedestrian",431626,430525,"E01011470",2,"Slip road","Daylight","Fine + high winds","Dry","Car occupant"
"11567","2018135AN0290",2018-10-23,2018,"Oct",23,"07:58",7,58,"Tuesday","Serious",1,"Serious","Cyclist","Driver or rider","Male",50,"Unclassified","Single carriageway",30,"Unclassified","Not a Pedestrian","Not a Pedestrian",423799,437360,"E01011454",3,"T or staggered junction","Daylight","Fine no high winds","Dry","Cyclist"
"11568","2018135AN0856",2018-10-23,2018,"Oct",23,"08:45",8,45,"Tuesday","Slight",1,"Slight","Car occupant","Driver or rider","Female",48,"Unclassified","Single carriageway",30,NA,"Not a Pedestrian","Not a Pedestrian",438656,430082,"E01011390",2,"Not at junction or within 20 metres","Daylight","Fine no high winds","Dry","Car occupant"
"11569","2018135AN2038",2018-10-24,2018,"Oct",24,"00:04",0,4,"Wednesday","Slight",1,"Slight","Car occupant","Passenger","Male",35,"Motorway","Roundabout",70,"A","Not a Pedestrian","Not a Pedestrian",423932,427819,"E01011523",2,"Roundabout","Darkness - lights lit","Fine + high winds","Dry","Car occupant"
"11570","2018135AO0770",2018-10-24,2018,"Oct",24,"07:30",7,30,"Wednesday","Slight",1,"Slight","Cyclist","Driver or rider","Male",42,"A","Single carriageway",40,NA,"Not a Pedestrian","Not a Pedestrian",428001,426144,"E01011550",2,"Not at junction or within 20 metres","Daylight","Fine no high winds","Dry","Cyclist"
"11571","2018135AO0335",2018-10-24,2018,"Oct",24,"08:33",8,33,"Wednesday","Slight",1,"Slight","Cyclist","Driver or rider","Male",46,"A","Single carriageway",30,"Unclassified","Not a Pedestrian","Not a Pedestrian",428717,435614,"E01032946",2,"T or staggered junction","Daylight","Fine no high winds","Dry","Cyclist"
"11572","2018135AM0314",2018-10-24,2018,"Oct",24,"08:36",8,36,"Wednesday","Slight",1,"Slight","Car occupant","Driver or rider","Female",21,"Unclassified","Single carriageway",30,"A","Not a Pedestrian","Not a Pedestrian",421634,440843,"E01011578",1,"Crossroads","Daylight","Fine no high winds","Dry","Car occupant"
"11573","2018135AN0439",2018-10-24,2018,"Oct",24,"09:50",9,50,"Wednesday","Slight",2,"Slight","Car occupant","Driver or rider","Male",37,"Unclassified","Single carriageway",30,"Unclassified","Not a Pedestrian","Not a Pedestrian",431481,435011,"E01011673",2,"Crossroads","Daylight","Fine no high winds","Dry","Car occupant"
"11574","2018135AN0439",2018-10-24,2018,"Oct",24,"09:50",9,50,"Wednesday","Slight",2,"Slight","Van / Goods vehicle (3.5 tonnes mgw or under) occupant","Driver or rider","Male",56,"Unclassified","Single carriageway",30,"Unclassified","Not a Pedestrian","Not a Pedestrian",431481,435011,"E01011673",2,"Crossroads","Daylight","Fine no high winds","Dry","Bus and goods vehicle occupant"
"11575","2018135B21649",2018-10-24,2018,"Oct",24,"18:00",18,0,"Wednesday","Slight",1,"Slight","Cyclist","Driver or rider","Male",56,"Unclassified","Single carriageway",30,"Unclassified","Not a Pedestrian","Not a Pedestrian",432836,434992,"E01011431",2,"Crossroads","Daylight","Fine no high winds","Dry","Cyclist"
"11576","2018135AP0905",2018-10-25,2018,"Oct",25,"09:05",9,5,"Thursday","Slight",1,"Slight","Cyclist","Driver or rider","Male",38,"Unclassified","Single carriageway",30,"Unclassified","Not a Pedestrian","Not a Pedestrian",429670,432928,"E01033015",2,"Other junction","Daylight","Fine no high winds","Dry","Cyclist"
"11577","2018135AP0528",2018-10-25,2018,"Oct",25,"10:33",10,33,"Thursday","Serious",2,"Slight","Cyclist","Driver or rider","Female",59,"Unclassified","Single carriageway",30,"Unclassified","Not a Pedestrian","Not a Pedestrian",420493,445130,"E01011572",3,"T or staggered junction","Daylight","Fine no high winds","Dry","Cyclist"
"11578","2018135AP0528",2018-10-25,2018,"Oct",25,"10:33",10,33,"Thursday","Serious",2,"Serious","Cyclist","Driver or rider","Female",44,"Unclassified","Single carriageway",30,"Unclassified","Not a Pedestrian","Not a Pedestrian",420493,445130,"E01011572",3,"T or staggered junction","Daylight","Fine no high winds","Dry","Cyclist"
"11579","2018135AK0639",2018-10-25,2018,"Oct",25,"11:33",11,33,"Thursday","Serious",1,"Serious","Cyclist","Driver or rider","Male",52,"A","Roundabout",40,"A","Not a Pedestrian","Not a Pedestrian",426811,438012,"E01011687",2,"Roundabout","Daylight","Fine no high winds","Dry","Cyclist"
"11580","2018135AP0840",2018-10-25,2018,"Oct",25,"13:09",13,9,"Thursday","Serious",1,"Serious","Car occupant","Driver or rider","Female",77,"Unclassified","Single carriageway",30,NA,"Not a Pedestrian","Not a Pedestrian",430495,438549,"E01011514",2,"Not at junction or within 20 metres","Daylight","Fine no high winds","Dry","Car occupant"
"11581","2018135AP0979",2018-10-25,2018,"Oct",25,"14:12",14,12,"Thursday","Slight",1,"Slight","Car occupant","Driver or rider","Female",31,"Unclassified","Single carriageway",20,"Unclassified","Not a Pedestrian","Not a Pedestrian",429487,435412,"E01011669",2,"T or staggered junction","Daylight","Fine no high winds","Dry","Car occupant"
"11582","2018135AQ0933",2018-10-26,2018,"Oct",26,"13:23",13,23,"Friday","Serious",1,"Serious","Motorcycle over 500cc rider or passenger","Driver or rider","Male",53,"Motorway","Slip road",50,NA,"Not a Pedestrian","Not a Pedestrian",427551,430943,"E01011318",2,"Not at junction or within 20 metres","Daylight","Fine no high winds","Dry","Motorcyclist and pillion"
"11583","2018135AQ1609",2018-10-26,2018,"Oct",26,"18:05",18,5,"Friday","Slight",1,"Slight","Pedestrian","Pedestrian","Male",12,"Unclassified","Single carriageway",30,"A","Crossing elsewhere within 50m. of pedestrian crossing","Crossing from driver's nearside",434401,434399,"E01011346",1,"T or staggered junction","Darkness - lights lit","Fine no high winds","Dry","Pedestrian"
"11584","2018135A70194",2018-10-27,2018,"Oct",27,"01:46",1,46,"Saturday","Slight",1,"Slight","Pedestrian","Pedestrian","Male",37,"Unclassified","Dual carriageway",40,"Unclassified","In carriageway, crossing elsewhere","Crossing from driver's nearside",429787,430628,"E01011316",1,"T or staggered junction","Darkness - lights lit","Fine no high winds","Dry","Pedestrian"
"11585","2018135AR0500",2018-10-27,2018,"Oct",27,"09:51",9,51,"Saturday","Slight",1,"Slight","Car occupant","Driver or rider","Male",40,"Unclassified","Roundabout",30,"Unclassified","Not a Pedestrian","Not a Pedestrian",440428,448058,"E01011704",2,"Roundabout","Daylight","Fine + high winds","Dry","Car occupant"
"11586","2018135AR0961",2018-10-27,2018,"Oct",27,"14:20",14,20,"Saturday","Slight",2,"Slight","Car occupant","Driver or rider","Female",23,"B","Single carriageway",30,"Unclassified","Not a Pedestrian","Not a Pedestrian",435190,433540,"E01011417",2,"T or staggered junction","Daylight","Fine no high winds","Dry","Car occupant"
"11587","2018135AR0961",2018-10-27,2018,"Oct",27,"14:20",14,20,"Saturday","Slight",2,"Slight","Car occupant","Passenger","Female",53,"B","Single carriageway",30,"Unclassified","Not a Pedestrian","Not a Pedestrian",435190,433540,"E01011417",2,"T or staggered junction","Daylight","Fine no high winds","Dry","Car occupant"
"11588","2018135AR1342",2018-10-27,2018,"Oct",27,"17:47",17,47,"Saturday","Serious",1,"Serious","Cyclist","Driver or rider","Male",58,"B","Single carriageway",30,NA,"Not a Pedestrian","Not a Pedestrian",429353,436616,"E01011354",2,"Not at junction or within 20 metres","Daylight","Fine no high winds","Dry","Cyclist"
"11589","2018135AS0075",2018-10-28,2018,"Oct",28,"00:50",0,50,"Sunday","Slight",1,"Slight","Car occupant","Driver or rider","Male",62,"A","Roundabout",30,"Unclassified","Not a Pedestrian","Not a Pedestrian",420945,434451,"E01011595",1,"Roundabout","Darkness - lights lit","Fine no high winds","Wet or damp","Car occupant"
"11590","2018135AS0576",2018-10-28,2018,"Oct",28,"09:21",9,21,"Sunday","Slight",1,"Slight","Cyclist","Driver or rider","Male",17,"Unclassified","Single carriageway",30,"Unclassified","Not a Pedestrian","Not a Pedestrian",428777,440371,"E01011564",2,"T or staggered junction","Daylight","Fine no high winds","Dry","Cyclist"
"11591","2018135AS0587",2018-10-28,2018,"Oct",28,"09:33",9,33,"Sunday","Slight",1,"Slight","Van / Goods vehicle (3.5 tonnes mgw or under) occupant","Driver or rider","Female",46,"Unclassified","Single carriageway",30,"Unclassified","Not a Pedestrian","Not a Pedestrian",428787,430098,"E01011320",2,"T or staggered junction","Daylight","Fine no high winds","Dry","Bus and goods vehicle occupant"
"11592","2018135AS1526",2018-10-28,2018,"Oct",28,"18:10",18,10,"Sunday","Serious",1,"Serious","Pedestrian","Pedestrian","Female",10,"Unclassified","Single carriageway",30,"Unclassified","In carriageway, crossing elsewhere","Crossing from driver's nearside",432047,434901,"E01011434",1,"T or staggered junction","Daylight","Fine no high winds","Dry","Pedestrian"
"11593","2018135AS1580",2018-10-28,2018,"Oct",28,"18:45",18,45,"Sunday","Slight",3,"Slight","Car occupant","Driver or rider","Male",43,"A","Single carriageway",30,"Unclassified","Not a Pedestrian","Not a Pedestrian",423801,437387,"E01011454",2,"T or staggered junction","Daylight","Fine no high winds","Dry","Car occupant"
"11594","2018135AS1580",2018-10-28,2018,"Oct",28,"18:45",18,45,"Sunday","Slight",3,"Slight","Car occupant","Driver or rider","Male",22,"A","Single carriageway",30,"Unclassified","Not a Pedestrian","Not a Pedestrian",423801,437387,"E01011454",2,"T or staggered junction","Daylight","Fine no high winds","Dry","Car occupant"
"11595","2018135AS1580",2018-10-28,2018,"Oct",28,"18:45",18,45,"Sunday","Slight",3,"Slight","Car occupant","Passenger","Female",19,"A","Single carriageway",30,"Unclassified","Not a Pedestrian","Not a Pedestrian",423801,437387,"E01011454",2,"T or staggered junction","Daylight","Fine no high winds","Dry","Car occupant"
"11596","2018135AS1870",2018-10-28,2018,"Oct",28,"21:05",21,5,"Sunday","Slight",1,"Slight","Car occupant","Passenger","Male",41,"A","Single carriageway",30,NA,"Not a Pedestrian","Not a Pedestrian",432551,427340,"E01032496",2,"Not at junction or within 20 metres","Darkness - lights lit","Fine no high winds","Dry","Car occupant"
"11597","2018135AT0079",2018-10-29,2018,"Oct",29,"01:50",1,50,"Monday","Slight",1,"Slight","Car occupant","Driver or rider","Female",23,"Unclassified","Single carriageway",40,NA,"Not a Pedestrian","Not a Pedestrian",437015,429229,"E01011637",1,"Not at junction or within 20 metres","Darkness - lights lit","Fine no high winds","Wet or damp","Car occupant"
"11598","2018135AT0208",2018-10-29,2018,"Oct",29,"07:29",7,29,"Monday","Serious",2,"Serious","Car occupant","Driver or rider","Female",22,"A","Single carriageway",30,NA,"Not a Pedestrian","Not a Pedestrian",441644,445732,"E01011707",2,"Not at junction or within 20 metres","Daylight","Fine no high winds","Frost or ice","Car occupant"
"11599","2018135AT0208",2018-10-29,2018,"Oct",29,"07:29",7,29,"Monday","Serious",2,"Slight","Car occupant","Driver or rider","Female",41,"A","Single carriageway",30,NA,"Not a Pedestrian","Not a Pedestrian",441644,445732,"E01011707",2,"Not at junction or within 20 metres","Daylight","Fine no high winds","Frost or ice","Car occupant"
"11600","2018135AT1573",2018-10-29,2018,"Oct",29,"18:25",18,25,"Monday","Slight",3,"Slight","Car occupant","Driver or rider","Male",17,"A","Single carriageway",40,"Unclassified","Not a Pedestrian","Not a Pedestrian",442620,428001,"E01011307",2,"Crossroads","Darkness - lights lit","Fine no high winds","Dry","Car occupant"
"11601","2018135AT1573",2018-10-29,2018,"Oct",29,"18:25",18,25,"Monday","Slight",3,"Slight","Car occupant","Driver or rider","Male",21,"A","Single carriageway",40,"Unclassified","Not a Pedestrian","Not a Pedestrian",442620,428001,"E01011307",2,"Crossroads","Darkness - lights lit","Fine no high winds","Dry","Car occupant"
"11602","2018135AT1573",2018-10-29,2018,"Oct",29,"18:25",18,25,"Monday","Slight",3,"Slight","Car occupant","Passenger","Female",1,"A","Single carriageway",40,"Unclassified","Not a Pedestrian","Not a Pedestrian",442620,428001,"E01011307",2,"Crossroads","Darkness - lights lit","Fine no high winds","Dry","Car occupant"
"11603","2018135AU0892",2018-10-30,2018,"Oct",30,"13:00",13,0,"Tuesday","Slight",1,"Slight","Bus or coach occupant (17 or more pass seats)","Passenger","Female",63,"A","Dual carriageway",40,NA,"Not a Pedestrian","Not a Pedestrian",431078,433024,"E01033034",1,"Not at junction or within 20 metres","Daylight","Fine no high winds","Dry","Bus and goods vehicle occupant"
"11604","2018135AU1006",2018-10-30,2018,"Oct",30,"15:06",15,6,"Tuesday","Slight",1,"Slight","Pedestrian","Pedestrian","Female",55,"A","Dual carriageway",30,NA,"In carriageway, crossing elsewhere","Unknown or other",428445,434006,"E01011678",1,"Not at junction or within 20 metres","Daylight","Fine no high winds","Dry","Pedestrian"
"11605","2018135AU1917",2018-10-30,2018,"Oct",30,"21:55",21,55,"Tuesday","Slight",1,"Slight","Car occupant","Driver or rider","Male",39,"A","Single carriageway",30,NA,"Not a Pedestrian","Not a Pedestrian",432372,436365,"E01011647",2,"Not at junction or within 20 metres","Darkness - lights lit","Fine no high winds","Dry","Car occupant"
"11606","2018135AV1142",2018-10-31,2018,"Oct",31,"08:00",8,0,"Wednesday","Slight",1,"Slight","Car occupant","Driver or rider","Female",50,"Unclassified","Single carriageway",30,NA,"Not a Pedestrian","Not a Pedestrian",422791,438258,"E01011461",2,"Not at junction or within 20 metres","Daylight","Fine no high winds","Dry","Car occupant"
"11607","2018135AV0917",2018-10-31,2018,"Oct",31,"14:10",14,10,"Wednesday","Slight",2,"Slight","Van / Goods vehicle (3.5 tonnes mgw or under) occupant","Driver or rider","Male",23,"A","Dual carriageway",30,"Unclassified","Not a Pedestrian","Not a Pedestrian",428527,429636,"E01011321",2,"T or staggered junction","Daylight","Fine no high winds","Dry","Bus and goods vehicle occupant"
"11608","2018135AV0917",2018-10-31,2018,"Oct",31,"14:10",14,10,"Wednesday","Slight",2,"Slight","Van / Goods vehicle (3.5 tonnes mgw or under) occupant","Passenger","Female",23,"A","Dual carriageway",30,"Unclassified","Not a Pedestrian","Not a Pedestrian",428527,429636,"E01011321",2,"T or staggered junction","Daylight","Fine no high winds","Dry","Bus and goods vehicle occupant"
"11609","2018135AV1095",2018-10-31,2018,"Oct",31,"15:20",15,20,"Wednesday","Slight",1,"Slight","Car occupant","Driver or rider","Female",29,"Unclassified","Single carriageway",30,"Unclassified","Not a Pedestrian","Not a Pedestrian",431020,431473,"E01011467",2,"T or staggered junction","Daylight","Fine no high winds","Dry","Car occupant"
"11610","2018135AV1552",2018-10-31,2018,"Oct",31,"18:20",18,20,"Wednesday","Slight",4,"Slight","Car occupant","Driver or rider","Male",58,"A","Single carriageway",30,"Unclassified","Not a Pedestrian","Not a Pedestrian",428812,429756,"E01011320",2,"T or staggered junction","Darkness - lights lit","Fine no high winds","Dry","Car occupant"
"11611","2018135AV1552",2018-10-31,2018,"Oct",31,"18:20",18,20,"Wednesday","Slight",4,"Slight","Car occupant","Driver or rider","Male",46,"A","Single carriageway",30,"Unclassified","Not a Pedestrian","Not a Pedestrian",428812,429756,"E01011320",2,"T or staggered junction","Darkness - lights lit","Fine no high winds","Dry","Car occupant"
"11612","2018135AV1552",2018-10-31,2018,"Oct",31,"18:20",18,20,"Wednesday","Slight",4,"Slight","Car occupant","Passenger","Male",43,"A","Single carriageway",30,"Unclassified","Not a Pedestrian","Not a Pedestrian",428812,429756,"E01011320",2,"T or staggered junction","Darkness - lights lit","Fine no high winds","Dry","Car occupant"
"11613","2018135AV1552",2018-10-31,2018,"Oct",31,"18:20",18,20,"Wednesday","Slight",4,"Slight","Car occupant","Passenger","Male",11,"A","Single carriageway",30,"Unclassified","Not a Pedestrian","Not a Pedestrian",428812,429756,"E01011320",2,"T or staggered junction","Darkness - lights lit","Fine no high winds","Dry","Car occupant"
"11614","2018135AV1798",2018-10-31,2018,"Oct",31,"19:30",19,30,"Wednesday","Slight",1,"Slight","Car occupant","Driver or rider","Female",20,"Motorway","Dual carriageway",70,NA,"Not a Pedestrian","Not a Pedestrian",425940,426215,"E01011550",2,"Not at junction or within 20 metres","Darkness - lights lit","Fine no high winds","Wet or damp","Car occupant"
"11615","2018135AV2036",2018-10-31,2018,"Oct",31,"20:29",20,29,"Wednesday","Serious",1,"Serious","Motorcycle 125cc and under rider or passenger","Driver or rider","Male",20,"Unclassified","Single carriageway",30,"Unclassified","Not a Pedestrian","Not a Pedestrian",433291,433953,"E01011617",3,"T or staggered junction","Darkness - lights lit","Fine no high winds","Dry","Motorcyclist and pillion"
"11616","2018135AV2308",2018-10-31,2018,"Oct",31,"22:10",22,10,"Wednesday","Slight",1,"Slight","Car occupant","Passenger","Male",40,"A","Roundabout",40,"A","Not a Pedestrian","Not a Pedestrian",428116,426279,"E01011550",2,"Roundabout","Darkness - lights lit","Fine no high winds","Dry","Car occupant"
"11617","2018135AV2460",2018-10-31,2018,"Oct",31,"23:29",23,29,"Wednesday","Slight",2,"Slight","Taxi/Private hire car occupant","Driver or rider","Male",47,"A","Single carriageway",30,NA,"Not a Pedestrian","Not a Pedestrian",430767,433198,"E01033034",2,"Not at junction or within 20 metres","Darkness - lights lit","Fine no high winds","Dry","Car occupant"
"11618","2018135AV2460",2018-10-31,2018,"Oct",31,"23:29",23,29,"Wednesday","Slight",2,"Slight","Taxi/Private hire car occupant","Passenger","Male",28,"A","Single carriageway",30,NA,"Not a Pedestrian","Not a Pedestrian",430767,433198,"E01033034",2,"Not at junction or within 20 metres","Darkness - lights lit","Fine no high winds","Dry","Car occupant"
"11619","2018135AV0392",2018-11-01,2018,"Nov",1,"09:39",9,39,"Thursday","Slight",1,"Slight","Car occupant","Driver or rider","Male",79,"A","Single carriageway",30,"Unclassified","Not a Pedestrian","Not a Pedestrian",425777,431458,"E01011734",2,"Other junction","Daylight","Fine no high winds","Dry","Car occupant"