"","accident_index","date","year","month","day","time","time_hour","time_minute","day_of_week","accident_severity","number_of_casualties","casualty_severity","casualty_type","casualty_class","sex_of_casualty","age_of_casualty","first_road_class","road_type","speed_limit","second_road_class","pedestrian_location","pedestrian_movement","location_easting_osgr","location_northing_osgr","lsoa_of_accident_location","number_of_vehicles","junction_detail","light_conditions","weather_conditions","road_surface_conditions","cas_type"
"11620","2018135B11049",2018-11-01,2018,"Nov",1,"13:50",13,50,"Thursday","Slight",2,"Slight","Car occupant","Driver or rider","Male",48,"A","Dual carriageway",30,"Unclassified","Not a Pedestrian","Not a Pedestrian",429849,432291,"E01011364",2,"Crossroads","Daylight","Fine no high winds","Dry","Car occupant"
"11621","2018135B11049",2018-11-01,2018,"Nov",1,"13:50",13,50,"Thursday","Slight",2,"Slight","Car occupant","Driver or rider","Male",45,"A","Dual carriageway",30,"Unclassified","Not a Pedestrian","Not a Pedestrian",429849,432291,"E01011364",2,"Crossroads","Daylight","Fine no high winds","Dry","Car occupant"
"11622","2018135B11264",2018-11-01,2018,"Nov",1,"15:00",15,0,"Thursday","Slight",1,"Slight","Car occupant","Passenger","Male",55,"A","Dual carriageway",40,NA,"Not a Pedestrian","Not a Pedestrian",424112,428128,"E01011529",2,"Not at junction or within 20 metres","Daylight","Fine no high winds","Dry","Car occupant"
"11623","2018135B11375",2018-11-01,2018,"Nov",1,"16:10",16,10,"Thursday","Serious",1,"Serious","Car occupant","Driver or rider","Male",58,"A(M)","Dual carriageway",70,NA,"Not a Pedestrian","Not a Pedestrian",443633,436144,"E01011297",4,"Not at junction or within 20 metres","Daylight","Fine no high winds","Dry","Car occupant"
"11624","2018135B11852",2018-11-01,2018,"Nov",1,"19:25",19,25,"Thursday","Slight",1,"Slight","Pedestrian","Pedestrian","Male",52,"Unclassified","Single carriageway",30,"Unclassified","In carriageway, crossing elsewhere","Crossing from driver's nearside",430500,437059,"E01011352",1,"T or staggered junction","Darkness - lights lit","Fine no high winds","Dry","Pedestrian"
"11625","2018135B20288",2018-11-02,2018,"Nov",2,"08:15",8,15,"Friday","Slight",1,"Slight","Pedestrian","Pedestrian","Female",68,"A","Dual carriageway",40,NA,"In carriageway, crossing elsewhere","Crossing from driver's nearside",429044,435359,"E01033005",1,"Not at junction or within 20 metres","Daylight","Fine no high winds","Dry","Pedestrian"
"11626","2018135B20355",2018-11-02,2018,"Nov",2,"09:00",9,0,"Friday","Slight",1,"Slight","Cyclist","Driver or rider","Male",19,"Unclassified","Single carriageway",30,"Unclassified","Not a Pedestrian","Not a Pedestrian",430353,433047,"E01033016",2,"T or staggered junction","Daylight","Fine no high winds","Dry","Cyclist"
"11627","2018135AT1154",2018-11-02,2018,"Nov",2,"10:15",10,15,"Friday","Slight",1,"Slight","Bus or coach occupant (17 or more pass seats)","Passenger","Female",70,"Unclassified","Unknown",30,NA,"Not a Pedestrian","Not a Pedestrian",430163,435271,"E01011671",1,"Not at junction or within 20 metres","Daylight","Fine no high winds","Dry","Bus and goods vehicle occupant"
"11628","2018135B71266",2018-11-02,2018,"Nov",2,"12:30",12,30,"Friday","Slight",1,"Slight","Car occupant","Driver or rider","Female",58,"Unclassified","Single carriageway",30,"Unclassified","Not a Pedestrian","Not a Pedestrian",424883,435550,"E01011323",2,"T or staggered junction","Daylight","Fine no high winds","Dry","Car occupant"
"11629","2018135B20569",2018-11-02,2018,"Nov",2,"15:45",15,45,"Friday","Slight",1,"Slight","Cyclist","Driver or rider","Male",51,"Unclassified","Single carriageway",30,NA,"Not a Pedestrian","Not a Pedestrian",432378,433811,"E01011348",2,"Not at junction or within 20 metres","Daylight","Fine no high winds","Dry","Cyclist"
"11630","2018135B11374",2018-11-02,2018,"Nov",2,"16:50",16,50,"Friday","Slight",2,"Slight","Car occupant","Driver or rider","Female",45,"A(M)","Dual carriageway",70,NA,"Not a Pedestrian","Not a Pedestrian",442439,442592,"E01011712",3,"Not at junction or within 20 metres","Darkness - no lighting","Fine no high winds","Dry","Car occupant"
"11631","2018135B11374",2018-11-02,2018,"Nov",2,"16:50",16,50,"Friday","Slight",2,"Slight","Car occupant","Passenger","Female",65,"A(M)","Dual carriageway",70,NA,"Not a Pedestrian","Not a Pedestrian",442439,442592,"E01011712",3,"Not at junction or within 20 metres","Darkness - no lighting","Fine no high winds","Dry","Car occupant"
"11632","2018135B21618",2018-11-02,2018,"Nov",2,"18:20",18,20,"Friday","Serious",2,"Serious","Motorcycle 125cc and under rider or passenger","Driver or rider","Male",19,"Unclassified","Single carriageway",30,NA,"Not a Pedestrian","Not a Pedestrian",425281,435051,"E01011295",2,"Not at junction or within 20 metres","Darkness - lights lit","Fine no high winds","Dry","Motorcyclist and pillion"
"11633","2018135B21618",2018-11-02,2018,"Nov",2,"18:20",18,20,"Friday","Serious",2,"Serious","Motorcycle 125cc and under rider or passenger","Passenger","Male",25,"Unclassified","Single carriageway",30,NA,"Not a Pedestrian","Not a Pedestrian",425281,435051,"E01011295",2,"Not at junction or within 20 metres","Darkness - lights lit","Fine no high winds","Dry","Motorcyclist and pillion"
"11634","2018135B21798",2018-11-02,2018,"Nov",2,"19:31",19,31,"Friday","Slight",1,"Slight","Pedestrian","Pedestrian","Male",36,"A","Single carriageway",30,NA,"In carriageway, crossing elsewhere","Crossing from driver's nearside",428233,429700,"E01011321",1,"Not at junction or within 20 metres","Darkness - lights lit","Fine no high winds","Dry","Pedestrian"
"11635","2018135B30956",2018-11-03,2018,"Nov",3,"13:21",13,21,"Saturday","Slight",1,"Slight","Pedestrian","Pedestrian","Female",4,"Unclassified","Single carriageway",30,"Unclassified","In carriageway, crossing elsewhere","Crossing from driver's offside",432314,438505,"E01011653",1,"T or staggered junction","Daylight","Fine no high winds","Dry","Pedestrian"
"11636","2018135B31005",2018-11-03,2018,"Nov",3,"13:40",13,40,"Saturday","Serious",2,"Slight","Car occupant","Driver or rider","Male",46,"Motorway","Dual carriageway",70,NA,"Not a Pedestrian","Not a Pedestrian",437995,433257,"E01011402",1,"Not at junction or within 20 metres","Daylight","Fine no high winds","Dry","Car occupant"
"11637","2018135B31005",2018-11-03,2018,"Nov",3,"13:40",13,40,"Saturday","Serious",2,"Serious","Car occupant","Passenger","Female",44,"Motorway","Dual carriageway",70,NA,"Not a Pedestrian","Not a Pedestrian",437995,433257,"E01011402",1,"Not at junction or within 20 metres","Daylight","Fine no high winds","Dry","Car occupant"
"11638","2018135B31538",2018-11-03,2018,"Nov",3,"17:36",17,36,"Saturday","Slight",1,"Slight","Car occupant","Driver or rider","Male",48,"A","Dual carriageway",40,"Unclassified","Not a Pedestrian","Not a Pedestrian",430609,431482,"E01011467",2,"Other junction","Darkness - lights lit","Fine no high winds","Dry","Car occupant"
"11639","2018135B31730",2018-11-03,2018,"Nov",3,"19:02",19,2,"Saturday","Slight",1,"Slight","Car occupant","Driver or rider","Male",35,"Unclassified","Single carriageway",30,NA,"Not a Pedestrian","Not a Pedestrian",429428,435330,"E01011670",4,"Not at junction or within 20 metres","Darkness - lights lit","Fine no high winds","Dry","Car occupant"
"11640","2018135B31950",2018-11-03,2018,"Nov",3,"20:31",20,31,"Saturday","Serious",1,"Serious","Motorcycle over 125cc and up to 500cc rider or  passenger","Driver or rider","Male",26,"A","Single carriageway",40,NA,"Not a Pedestrian","Not a Pedestrian",424442,430611,"E01011728",2,"Not at junction or within 20 metres","Darkness - lights lit","Fine no high winds","Dry","Motorcyclist and pillion"
"11641","2018135B40518",2018-11-04,2018,"Nov",4,"08:30",8,30,"Sunday","Serious",1,"Serious","Motorcycle over 125cc and up to 500cc rider or  passenger","Driver or rider","Male",40,"A","Dual carriageway",40,NA,"Not a Pedestrian","Not a Pedestrian",424662,433553,"E01011727",1,"Not at junction or within 20 metres","Daylight","Fine no high winds","Wet or damp","Motorcyclist and pillion"
"11642","2018135B41162",2018-11-04,2018,"Nov",4,"12:30",12,30,"Sunday","Slight",1,"Slight","Pedestrian","Pedestrian","Female",52,"Unclassified","Single carriageway",30,NA,"Unknown or other","In carriageway, stationary - not crossing  (standing or playing) - masked by parked or stationary vehicle",440391,433558,"E01011396",1,"Not at junction or within 20 metres","Daylight","Fine no high winds","Dry","Pedestrian"
"11643","2018135B41010",2018-11-04,2018,"Nov",4,"13:45",13,45,"Sunday","Slight",4,"Slight","Car occupant","Driver or rider","Male",40,"A","Dual carriageway",30,"Motorway","Not a Pedestrian","Not a Pedestrian",424098,428107,"E01011523",2,"Crossroads","Daylight","Fine no high winds","Dry","Car occupant"
"11644","2018135B41010",2018-11-04,2018,"Nov",4,"13:45",13,45,"Sunday","Slight",4,"Slight","Car occupant","Passenger","Male",32,"A","Dual carriageway",30,"Motorway","Not a Pedestrian","Not a Pedestrian",424098,428107,"E01011523",2,"Crossroads","Daylight","Fine no high winds","Dry","Car occupant"
"11645","2018135B41010",2018-11-04,2018,"Nov",4,"13:45",13,45,"Sunday","Slight",4,"Slight","Car occupant","Driver or rider","Male",59,"A","Dual carriageway",30,"Motorway","Not a Pedestrian","Not a Pedestrian",424098,428107,"E01011523",2,"Crossroads","Daylight","Fine no high winds","Dry","Car occupant"
"11646","2018135B41010",2018-11-04,2018,"Nov",4,"13:45",13,45,"Sunday","Slight",4,"Slight","Car occupant","Passenger","Female",14,"A","Dual carriageway",30,"Motorway","Not a Pedestrian","Not a Pedestrian",424098,428107,"E01011523",2,"Crossroads","Daylight","Fine no high winds","Dry","Car occupant"
"11647","2018135B41717",2018-11-04,2018,"Nov",4,"18:23",18,23,"Sunday","Slight",1,"Slight","Motorcycle 125cc and under rider or passenger","Driver or rider","Male",23,"Unclassified","Single carriageway",30,NA,"Not a Pedestrian","Not a Pedestrian",434766,431061,"E01011624",2,"Not at junction or within 20 metres","Darkness - lights lit","Fine no high winds","Dry","Motorcyclist and pillion"
"11648","2018135B50179",2018-11-05,2018,"Nov",5,"04:35",4,35,"Monday","Serious",2,"Serious","Car occupant","Driver or rider","Male",24,"A(M)","Dual carriageway",40,NA,"Not a Pedestrian","Not a Pedestrian",429343,433705,"E01033008",1,"Not at junction or within 20 metres","Darkness - lights lit","Fine no high winds","Dry","Car occupant"
"11649","2018135B50179",2018-11-05,2018,"Nov",5,"04:35",4,35,"Monday","Serious",2,"Serious","Car occupant","Passenger","Female",26,"A(M)","Dual carriageway",40,NA,"Not a Pedestrian","Not a Pedestrian",429343,433705,"E01033008",1,"Not at junction or within 20 metres","Darkness - lights lit","Fine no high winds","Dry","Car occupant"
"11650","2018135B51903",2018-11-05,2018,"Nov",5,"07:50",7,50,"Monday","Slight",1,"Slight","Cyclist","Driver or rider","Male",32,"Unclassified","Single carriageway",30,"Unclassified","Not a Pedestrian","Not a Pedestrian",430840,434003,"E01033031",2,"T or staggered junction","Daylight","Fine no high winds","Dry","Cyclist"
"11651","2018135B50628",2018-11-05,2018,"Nov",5,"11:30",11,30,"Monday","Slight",1,"Slight","Van / Goods vehicle (3.5 tonnes mgw or under) occupant","Driver or rider","Male",56,"Unclassified","Dual carriageway",30,NA,"Not a Pedestrian","Not a Pedestrian",430783,435401,"E01011360",3,"Not at junction or within 20 metres","Daylight","Fine no high winds","Dry","Bus and goods vehicle occupant"
"11652","2018135B51115",2018-11-05,2018,"Nov",5,"15:15",15,15,"Monday","Slight",1,"Slight","Pedestrian","Pedestrian","Female",16,"Unclassified","Single carriageway",60,NA,"In carriageway, not crossing","In carriageway, stationary - not crossing  (standing or playing)",423532,441002,"E01032503",1,"Not at junction or within 20 metres","Daylight","Fine no high winds","Dry","Pedestrian"
"11653","2018135B51161",2018-11-05,2018,"Nov",5,"15:42",15,42,"Monday","Slight",1,"Slight","Pedestrian","Pedestrian","Female",11,"B","Single carriageway",30,"Unclassified","Unknown or other","Crossing from driver's offside",429135,436759,"E01011354",1,"T or staggered junction","Daylight","Fine no high winds","Dry","Pedestrian"
"11654","2018135B60567",2018-11-06,2018,"Nov",6,"09:30",9,30,"Tuesday","Slight",1,"Slight","Motorcycle 125cc and under rider or passenger","Driver or rider","Female",24,"Unclassified","Single carriageway",30,NA,"Not a Pedestrian","Not a Pedestrian",427415,429716,"E01011518",2,"Not at junction or within 20 metres","Daylight","Fine no high winds","Dry","Motorcyclist and pillion"
"11655","2018135B60094",2018-11-06,2018,"Nov",6,"13:19",13,19,"Tuesday","Slight",1,"Slight","Car occupant","Driver or rider","Male",67,"Motorway","Slip road",30,"Unclassified","Not a Pedestrian","Not a Pedestrian",429165,431795,"E01011368",2,"T or staggered junction","Daylight","Fine no high winds","Dry","Car occupant"
"11656","2018135B61216",2018-11-06,2018,"Nov",6,"15:20",15,20,"Tuesday","Slight",4,"Slight","Bus or coach occupant (17 or more pass seats)","Passenger","Female",12,"Unclassified","Single carriageway",30,NA,"Not a Pedestrian","Not a Pedestrian",435270,433695,"E01011417",2,"Not at junction or within 20 metres","Daylight","Fine no high winds","Wet or damp","Bus and goods vehicle occupant"
"11657","2018135B61216",2018-11-06,2018,"Nov",6,"15:20",15,20,"Tuesday","Slight",4,"Slight","Bus or coach occupant (17 or more pass seats)","Passenger","Female",11,"Unclassified","Single carriageway",30,NA,"Not a Pedestrian","Not a Pedestrian",435270,433695,"E01011417",2,"Not at junction or within 20 metres","Daylight","Fine no high winds","Wet or damp","Bus and goods vehicle occupant"
"11658","2018135B61216",2018-11-06,2018,"Nov",6,"15:20",15,20,"Tuesday","Slight",4,"Slight","Car occupant","Passenger","Female",53,"Unclassified","Single carriageway",30,NA,"Not a Pedestrian","Not a Pedestrian",435270,433695,"E01011417",2,"Not at junction or within 20 metres","Daylight","Fine no high winds","Wet or damp","Car occupant"
"11659","2018135B61216",2018-11-06,2018,"Nov",6,"15:20",15,20,"Tuesday","Slight",4,"Slight","Car occupant","Driver or rider","Male",52,"Unclassified","Single carriageway",30,NA,"Not a Pedestrian","Not a Pedestrian",435270,433695,"E01011417",2,"Not at junction or within 20 metres","Daylight","Fine no high winds","Wet or damp","Car occupant"
"11660","2018135B62057",2018-11-06,2018,"Nov",6,"21:11",21,11,"Tuesday","Serious",1,"Serious","Car occupant","Driver or rider","Male",20,"Unclassified","Single carriageway",30,"Unclassified","Not a Pedestrian","Not a Pedestrian",428651,430791,"E01011369",2,"T or staggered junction","Darkness - lights lit","Fine no high winds","Dry","Car occupant"
"11661","2018135B71117",2018-11-07,2018,"Nov",7,"16:10",16,10,"Wednesday","Slight",3,"Slight","Car occupant","Driver or rider","Male",20,"Unclassified","Single carriageway",60,"Unclassified","Not a Pedestrian","Not a Pedestrian",421467,442071,"E01011269",2,"T or staggered junction","Darkness - lights lit","Raining no high winds","Wet or damp","Car occupant"
"11662","2018135B71117",2018-11-07,2018,"Nov",7,"16:10",16,10,"Wednesday","Slight",3,"Slight","Car occupant","Driver or rider","Male",71,"Unclassified","Single carriageway",60,"Unclassified","Not a Pedestrian","Not a Pedestrian",421467,442071,"E01011269",2,"T or staggered junction","Darkness - lights lit","Raining no high winds","Wet or damp","Car occupant"
"11663","2018135B71117",2018-11-07,2018,"Nov",7,"16:10",16,10,"Wednesday","Slight",3,"Slight","Car occupant","Passenger","Female",70,"Unclassified","Single carriageway",60,"Unclassified","Not a Pedestrian","Not a Pedestrian",421467,442071,"E01011269",2,"T or staggered junction","Darkness - lights lit","Raining no high winds","Wet or damp","Car occupant"
"11664","2018135B81107",2018-11-08,2018,"Nov",8,"15:23",15,23,"Thursday","Slight",1,"Slight","Car occupant","Passenger","Male",54,"Unclassified","Single carriageway",20,"Unclassified","Not a Pedestrian","Not a Pedestrian",435521,435728,"E01011663",3,"T or staggered junction","Daylight","Fine no high winds","Dry","Car occupant"
"11665","2018135B81391",2018-11-08,2018,"Nov",8,"17:20",17,20,"Thursday","Serious",1,"Serious","Motorcycle 125cc and under rider or passenger","Driver or rider","Male",18,"A","Slip road",40,"A","Not a Pedestrian","Not a Pedestrian",428950,433432,"E01033015",3,"Slip road","Darkness - lights lit","Fine no high winds","Dry","Motorcyclist and pillion"
"11666","2018135B81526",2018-11-08,2018,"Nov",8,"18:20",18,20,"Thursday","Slight",1,"Slight","Motorcycle 50cc and under rider or passenger","Driver or rider","Male",16,"Unclassified","Single carriageway",30,NA,"Not a Pedestrian","Not a Pedestrian",431309,429134,"E01011475",2,"Not at junction or within 20 metres","Darkness - lighting unknown","Fine no high winds","Dry","Motorcyclist and pillion"
"11667","2018135B90553",2018-11-09,2018,"Nov",9,"08:15",8,15,"Friday","Slight",1,"Slight","Pedestrian","Pedestrian","Male",13,"Unclassified","Single carriageway",30,NA,"In carriageway, crossing elsewhere","Crossing from driver's offside",437045,435628,"E01011407",1,"Not at junction or within 20 metres","Daylight","Fine no high winds","Dry","Pedestrian"
"11668","2018135B90450",2018-11-09,2018,"Nov",9,"09:15",9,15,"Friday","Slight",1,"Slight","Cyclist","Driver or rider","Female",34,"Unclassified","Single carriageway",30,"Motorway","Not a Pedestrian","Not a Pedestrian",431006,430557,"E01011471",2,"Slip road","Daylight","Fine no high winds","Dry","Cyclist"
"11669","2018135B80713",2018-11-09,2018,"Nov",9,"12:14",12,14,"Friday","Slight",1,"Slight","Car occupant","Driver or rider","Male",29,"Motorway","Slip road",70,"A","Not a Pedestrian","Not a Pedestrian",435932,425873,"E01011636",2,"Slip road","Daylight","Fine no high winds","Dry","Car occupant"
"11670","2018135B91223",2018-11-09,2018,"Nov",9,"14:00",14,0,"Friday","Serious",1,"Serious","Motorcycle 125cc and under rider or passenger","Driver or rider","Male",18,"Unclassified","Single carriageway",40,"A","Not a Pedestrian","Not a Pedestrian",436472,434068,"E01011408",2,"T or staggered junction","Daylight","Fine no high winds","Dry","Motorcyclist and pillion"
"11671","2018135B91199",2018-11-09,2018,"Nov",9,"16:21",16,21,"Friday","Serious",1,"Serious","Car occupant","Driver or rider","Male",19,"Unclassified","Single carriageway",30,NA,"Not a Pedestrian","Not a Pedestrian",431837,431355,"E01011468",2,"Not at junction or within 20 metres","Daylight","Fine no high winds","Dry","Car occupant"
"11672","2018135B92095",2018-11-09,2018,"Nov",9,"23:40",23,40,"Friday","Slight",1,"Slight","Cyclist","Driver or rider","Male",24,"Unclassified","Single carriageway",30,NA,"Not a Pedestrian","Not a Pedestrian",430089,433372,"E01033010",2,"Not at junction or within 20 metres","Darkness - lights lit","Raining no high winds","Wet or damp","Cyclist"
"11673","2018135BA0553",2018-11-10,2018,"Nov",10,"09:10",9,10,"Saturday","Slight",2,"Slight","Car occupant","Driver or rider","Male",34,"Unclassified","Single carriageway",30,"Unclassified","Not a Pedestrian","Not a Pedestrian",428854,430130,"E01011320",2,"T or staggered junction","Daylight","Fine no high winds","Wet or damp","Car occupant"
"11674","2018135BA0553",2018-11-10,2018,"Nov",10,"09:10",9,10,"Saturday","Slight",2,"Slight","Car occupant","Passenger","Male",16,"Unclassified","Single carriageway",30,"Unclassified","Not a Pedestrian","Not a Pedestrian",428854,430130,"E01011320",2,"T or staggered junction","Daylight","Fine no high winds","Wet or damp","Car occupant"
"11675","2018135BA0546",2018-11-10,2018,"Nov",10,"09:20",9,20,"Saturday","Slight",1,"Slight","Car occupant","Driver or rider","Male",30,"Unclassified","Single carriageway",30,"Unclassified","Not a Pedestrian","Not a Pedestrian",434174,435982,"E01011425",2,"T or staggered junction","Daylight","Fine no high winds","Dry","Car occupant"
"11676","2018135BA0578",2018-11-10,2018,"Nov",10,"09:42",9,42,"Saturday","Serious",1,"Serious","Car occupant","Driver or rider","Female",32,"B","Single carriageway",30,"Unclassified","Not a Pedestrian","Not a Pedestrian",422232,433556,"E01011612",2,"Crossroads","Daylight","Fine no high winds","Dry","Car occupant"
"11677","2018135BA0683",2018-11-10,2018,"Nov",10,"11:05",11,5,"Saturday","Slight",2,"Slight","Car occupant","Driver or rider","Female",37,"Unclassified","Dual carriageway",40,NA,"Not a Pedestrian","Not a Pedestrian",428100,433531,"E01011363",3,"Not at junction or within 20 metres","Daylight","Raining no high winds","Wet or damp","Car occupant"
"11678","2018135BA0683",2018-11-10,2018,"Nov",10,"11:05",11,5,"Saturday","Slight",2,"Slight","Car occupant","Passenger","Female",61,"Unclassified","Dual carriageway",40,NA,"Not a Pedestrian","Not a Pedestrian",428100,433531,"E01011363",3,"Not at junction or within 20 metres","Daylight","Raining no high winds","Wet or damp","Car occupant"
"11679","2018135BA0957",2018-11-10,2018,"Nov",10,"13:30",13,30,"Saturday","Serious",1,"Serious","Motorcycle 125cc and under rider or passenger","Driver or rider","Male",25,"Unclassified","Single carriageway",30,"Unclassified","Not a Pedestrian","Not a Pedestrian",432459,433872,"E01011348",2,"T or staggered junction","Daylight","Fine no high winds","Dry","Motorcyclist and pillion"
"11680","2018135BA1847",2018-11-10,2018,"Nov",10,"21:43",21,43,"Saturday","Slight",2,"Slight","Car occupant","Passenger","Female",30,"Unclassified","Single carriageway",40,"Unclassified","Not a Pedestrian","Not a Pedestrian",435675,434791,"E01011345",2,"T or staggered junction","Darkness - lights lit","Fine no high winds","Wet or damp","Car occupant"
"11681","2018135BA1847",2018-11-10,2018,"Nov",10,"21:43",21,43,"Saturday","Slight",2,"Slight","Car occupant","Driver or rider","Male",30,"Unclassified","Single carriageway",40,"Unclassified","Not a Pedestrian","Not a Pedestrian",435675,434791,"E01011345",2,"T or staggered junction","Darkness - lights lit","Fine no high winds","Wet or damp","Car occupant"
"11682","2018135BB1074",2018-11-11,2018,"Nov",11,"15:00",15,0,"Sunday","Serious",1,"Serious","Cyclist","Driver or rider","Male",41,"Unclassified","Single carriageway",50,NA,"Not a Pedestrian","Not a Pedestrian",425218,429044,"E01011522",3,"Not at junction or within 20 metres","Daylight","Fine no high winds","Dry","Cyclist"
"11683","2018135BB1133",2018-11-11,2018,"Nov",11,"15:30",15,30,"Sunday","Slight",1,"Slight","Pedestrian","Pedestrian","Male",49,"A(M)","Dual carriageway",40,NA,"In carriageway, not crossing","In carriageway, stationary - not crossing  (standing or playing)",429349,433697,"E01033008",1,"Not at junction or within 20 metres","Daylight","Fine no high winds","Wet or damp","Pedestrian"
"11684","2018135BB1652",2018-11-11,2018,"Nov",11,"16:52",16,52,"Sunday","Serious",1,"Serious","Motorcycle over 125cc and up to 500cc rider or  passenger","Passenger","Male",28,"Unclassified","Single carriageway",20,NA,"Not a Pedestrian","Not a Pedestrian",433806,433801,"E01011617",2,"Not at junction or within 20 metres","Darkness - lights lit","Fine no high winds","Wet or damp","Motorcyclist and pillion"
"11685","2018135BB1772",2018-11-11,2018,"Nov",11,"21:05",21,5,"Sunday","Slight",1,"Slight","Pedestrian","Pedestrian","Male",80,"Unclassified","Single carriageway",30,"Unclassified","In carriageway, crossing elsewhere","Crossing from driver's offside",426352,428159,"E01011533",1,"Crossroads","Darkness - lights lit","Fine no high winds","Dry","Pedestrian"
"11686","2018135BB1848",2018-11-11,2018,"Nov",11,"21:45",21,45,"Sunday","Slight",2,"Slight","Car occupant","Driver or rider","Female",34,"Unclassified","Roundabout",40,"A","Not a Pedestrian","Not a Pedestrian",430168,438223,"E01011506",2,"Roundabout","Darkness - lights lit","Fine no high winds","Dry","Car occupant"
"11687","2018135BB1848",2018-11-11,2018,"Nov",11,"21:45",21,45,"Sunday","Slight",2,"Slight","Car occupant","Passenger","Female",38,"Unclassified","Roundabout",40,"A","Not a Pedestrian","Not a Pedestrian",430168,438223,"E01011506",2,"Roundabout","Darkness - lights lit","Fine no high winds","Dry","Car occupant"
"11688","2018135BC1238",2018-11-12,2018,"Nov",12,"16:00",16,0,"Monday","Serious",1,"Serious","Car occupant","Driver or rider","Female",44,"Unclassified","Single carriageway",20,NA,"Not a Pedestrian","Not a Pedestrian",423297,435400,"E01011333",2,"Not at junction or within 20 metres","Daylight","Fine no high winds","Dry","Car occupant"
"11689","2018135BC1971",2018-11-12,2018,"Nov",12,"22:56",22,56,"Monday","Slight",1,"Slight","Car occupant","Driver or rider","Male",44,"Unclassified","Single carriageway",30,NA,"Not a Pedestrian","Not a Pedestrian",428948,440786,"E01011554",3,"Not at junction or within 20 metres","Daylight","Fine no high winds","Wet or damp","Car occupant"
"11690","2018135BD1467",2018-11-13,2018,"Nov",13,"06:45",6,45,"Tuesday","Slight",1,"Slight","Cyclist","Driver or rider","Male",39,"A","Roundabout",30,"A","Not a Pedestrian","Not a Pedestrian",420545,440253,"E01011278",2,"Roundabout","Daylight","Fine no high winds","Wet or damp","Cyclist"
"11691","2018135BD0460",2018-11-13,2018,"Nov",13,"09:30",9,30,"Tuesday","Slight",1,"Slight","Cyclist","Driver or rider","Female",44,"Unclassified","Single carriageway",30,"Unclassified","Not a Pedestrian","Not a Pedestrian",431886,435548,"E01011428",2,"T or staggered junction","Daylight","Fine no high winds","Dry","Cyclist"
"11692","2018135BD0422",2018-11-13,2018,"Nov",13,"09:35",9,35,"Tuesday","Slight",2,"Slight","Car occupant","Driver or rider","Female",40,"A","Dual carriageway",40,"Unclassified","Not a Pedestrian","Not a Pedestrian",429575,430335,"E01011316",2,"T or staggered junction","Daylight","Fine no high winds","Dry","Car occupant"
"11693","2018135BD0422",2018-11-13,2018,"Nov",13,"09:35",9,35,"Tuesday","Slight",2,"Slight","Car occupant","Driver or rider","Female",58,"A","Dual carriageway",40,"Unclassified","Not a Pedestrian","Not a Pedestrian",429575,430335,"E01011316",2,"T or staggered junction","Daylight","Fine no high winds","Dry","Car occupant"
"11694","2018135B70667",2018-11-13,2018,"Nov",13,"12:25",12,25,"Tuesday","Slight",2,"Slight","Car occupant","Driver or rider","Male",52,"Unclassified","Single carriageway",30,"Unclassified","Not a Pedestrian","Not a Pedestrian",430623,434205,"E01033002",2,"Other junction","Daylight","Fine no high winds","Dry","Car occupant"
"11695","2018135B70667",2018-11-13,2018,"Nov",13,"12:25",12,25,"Tuesday","Slight",2,"Slight","Pedestrian","Pedestrian","Female",30,"Unclassified","Single carriageway",30,"Unclassified","In carriageway, crossing elsewhere","Crossing from driver's nearside",430623,434205,"E01033002",2,"Other junction","Daylight","Fine no high winds","Dry","Pedestrian"
"11696","2018135BE0615",2018-11-13,2018,"Nov",13,"18:10",18,10,"Tuesday","Slight",1,"Slight","Bus or coach occupant (17 or more pass seats)","Passenger","Male",4,"Unclassified","Single carriageway",30,"Unclassified","Not a Pedestrian","Not a Pedestrian",426506,433759,"E01032500",2,"T or staggered junction","Darkness - lights lit","Raining no high winds","Wet or damp","Bus and goods vehicle occupant"
"11697","2018135BD2000",2018-11-13,2018,"Nov",13,"22:15",22,15,"Tuesday","Slight",1,"Slight","Motorcycle over 500cc rider or passenger","Driver or rider","Male",27,"Unclassified","Single carriageway",30,"Unclassified","Not a Pedestrian","Not a Pedestrian",429600,432562,"E01033032",2,"Crossroads","Darkness - lights lit","Raining no high winds","Wet or damp","Motorcyclist and pillion"
"11698","2018135BE0188",2018-11-14,2018,"Nov",14,"05:45",5,45,"Wednesday","Serious",1,"Serious","Motorcycle 125cc and under rider or passenger","Driver or rider","Male",26,"Unclassified","Single carriageway",30,"Unclassified","Not a Pedestrian","Not a Pedestrian",432340,438940,"E01011651",2,"T or staggered junction","Darkness - lights lit","Raining no high winds","Wet or damp","Motorcyclist and pillion"
"11699","2018135BE1872",2018-11-14,2018,"Nov",14,"15:30",15,30,"Wednesday","Slight",1,"Slight","Cyclist","Driver or rider","Male",45,"A","Single carriageway",40,"Unclassified","Not a Pedestrian","Not a Pedestrian",430172,438251,"E01011506",2,"Roundabout","Daylight","Fine no high winds","Dry","Cyclist"
"11700","2018135BE1334",2018-11-14,2018,"Nov",14,"16:55",16,55,"Wednesday","Slight",2,"Slight","Car occupant","Driver or rider","Male",54,"Motorway","Dual carriageway",70,NA,"Not a Pedestrian","Not a Pedestrian",431854,426305,"E01011499",3,"Not at junction or within 20 metres","Darkness - lights lit","Fine no high winds","Dry","Car occupant"