"","accident_index","date","year","month","day","time","time_hour","time_minute","day_of_week","accident_severity","number_of_casualties","casualty_severity","casualty_type","casualty_class","sex_of_casualty","age_of_casualty","first_road_class","road_type","speed_limit","second_road_class","pedestrian_location","pedestrian_movement","location_easting_osgr","location_northing_osgr","lsoa_of_accident_location","number_of_vehicles","junction_detail","light_conditions","weather_conditions","road_surface_conditions","cas_type"
"11701","2018135BE1334",2018-11-14,2018,"Nov",14,"16:55",16,55,"Wednesday","Slight",2,"Slight","Car occupant","Driver or rider","Male",38,"Motorway","Dual carriageway",70,NA,"Not a Pedestrian","Not a Pedestrian",431854,426305,"E01011499",3,"Not at junction or within 20 metres","Darkness - lights lit","Fine no high winds","Dry","Car occupant"
"11702","2018135BE1730",2018-11-14,2018,"Nov",14,"19:00",19,0,"Wednesday","Slight",1,"Slight","Cyclist","Driver or rider","Male",12,"Unclassified","Single carriageway",30,"Unclassified","Not a Pedestrian","Not a Pedestrian",431255,429673,"E01011474",2,"Crossroads","Darkness - lights lit","Fine no high winds","Dry","Cyclist"
"11703","2018135BF0540",2018-11-15,2018,"Nov",15,"10:25",10,25,"Thursday","Slight",1,"Slight","Motorcycle 50cc and under rider or passenger","Driver or rider","Male",17,"Unclassified","Single carriageway",30,NA,"Not a Pedestrian","Not a Pedestrian",429277,433447,"E01033015",1,"Not at junction or within 20 metres","Daylight","Fine no high winds","Dry","Motorcyclist and pillion"
"11704","2018135BF1369",2018-11-15,2018,"Nov",15,"17:00",17,0,"Thursday","Serious",1,"Serious","Motorcycle over 125cc and up to 500cc rider or  passenger","Driver or rider","Female",50,"Unclassified","Single carriageway",30,"Unclassified","Not a Pedestrian","Not a Pedestrian",423475,434036,"E01011608",2,"Crossroads","Darkness - lights lit","Fine no high winds","Wet or damp","Motorcyclist and pillion"
"11705","2018135BF1394",2018-11-15,2018,"Nov",15,"17:09",17,9,"Thursday","Serious",1,"Serious","Car occupant","Driver or rider","Female",27,"Motorway","Dual carriageway",50,NA,"Not a Pedestrian","Not a Pedestrian",427802,431236,"E01011369",2,"Not at junction or within 20 metres","Daylight","Fine no high winds","Dry","Car occupant"
"11706","2018135BF1725",2018-11-15,2018,"Nov",15,"17:09",17,9,"Thursday","Serious",1,"Serious","Motorcycle over 125cc and up to 500cc rider or  passenger","Driver or rider","Male",25,"Unclassified","Single carriageway",30,NA,"Not a Pedestrian","Not a Pedestrian",423404,435057,"E01011333",2,"Not at junction or within 20 metres","Darkness - lights lit","Fine no high winds","Dry","Motorcyclist and pillion"
"11707","2018135BF1464",2018-11-15,2018,"Nov",15,"17:36",17,36,"Thursday","Slight",1,"Slight","Car occupant","Driver or rider","Female",23,"Unclassified","Single carriageway",30,"Unclassified","Not a Pedestrian","Not a Pedestrian",422182,428748,"E01011521",2,"Crossroads","Darkness - lights lit","Fine no high winds","Dry","Car occupant"
"11708","2018135BF1998",2018-11-15,2018,"Nov",15,"21:50",21,50,"Thursday","Slight",1,"Slight","Pedestrian","Pedestrian","Male",34,"Unclassified","Unknown",20,NA,"Unknown or other","Unknown or other",430723,438788,"E01011512",1,"Not at junction or within 20 metres","Darkness - lights lit","Fine no high winds","Wet or damp","Pedestrian"
"11709","2018135BG0827",2018-11-16,2018,"Nov",16,"13:16",13,16,"Friday","Serious",1,"Serious","Motorcycle over 125cc and up to 500cc rider or  passenger","Driver or rider","Male",55,"A","Single carriageway",30,"Unclassified","Not a Pedestrian","Not a Pedestrian",421060,439382,"E01011580",3,"T or staggered junction","Daylight","Fine no high winds","Dry","Motorcyclist and pillion"
"11710","2018135BG1160",2018-11-16,2018,"Nov",16,"15:30",15,30,"Friday","Slight",1,"Slight","Pedestrian","Pedestrian","Female",15,"B","Single carriageway",40,NA,"In carriageway, crossing elsewhere","Crossing from nearside - masked by parked or stationary vehicle",423720,434573,"E01011334",1,"Not at junction or within 20 metres","Daylight","Fine no high winds","Dry","Pedestrian"
"11711","2018135BG1349",2018-11-16,2018,"Nov",16,"16:59",16,59,"Friday","Slight",1,"Slight","Car occupant","Driver or rider","Female",23,"A(M)","Dual carriageway",70,NA,"Not a Pedestrian","Not a Pedestrian",443642,436942,"E01011297",2,"Not at junction or within 20 metres","Daylight","Fine no high winds","Dry","Car occupant"
"11712","2018135BG1379",2018-11-16,2018,"Nov",16,"17:10",17,10,"Friday","Slight",1,"Slight","Cyclist","Driver or rider","Male",39,"A","Single carriageway",40,NA,"Not a Pedestrian","Not a Pedestrian",426712,435038,"E01011477",2,"Not at junction or within 20 metres","Darkness - lights lit","Fine no high winds","Wet or damp","Cyclist"
"11713","2018135BG1584",2018-11-16,2018,"Nov",16,"17:20",17,20,"Friday","Slight",1,"Slight","Pedestrian","Pedestrian","Male",23,"Unclassified","Single carriageway",30,NA,"In carriageway, crossing elsewhere","Crossing from driver's nearside",428564,434248,"E01011681",1,"Not at junction or within 20 metres","Daylight","Fine no high winds","Dry","Pedestrian"
"11714","2018135BG1558",2018-11-16,2018,"Nov",16,"18:15",18,15,"Friday","Slight",1,"Slight","Car occupant","Driver or rider","Male",26,"Motorway","Dual carriageway",70,NA,"Not a Pedestrian","Not a Pedestrian",440976,447851,"E01011704",4,"Not at junction or within 20 metres","Darkness - no lighting","Fine no high winds","Wet or damp","Car occupant"
"11715","2018135BG2172",2018-11-16,2018,"Nov",16,"23:20",23,20,"Friday","Serious",3,"Serious","Car occupant","Driver or rider","Male",20,"Unclassified","Single carriageway",30,NA,"Not a Pedestrian","Not a Pedestrian",421156,441155,"E01011269",4,"Not at junction or within 20 metres","Darkness - lights lit","Other","Wet or damp","Car occupant"
"11716","2018135BG2172",2018-11-16,2018,"Nov",16,"23:20",23,20,"Friday","Serious",3,"Serious","Car occupant","Passenger","Female",17,"Unclassified","Single carriageway",30,NA,"Not a Pedestrian","Not a Pedestrian",421156,441155,"E01011269",4,"Not at junction or within 20 metres","Darkness - lights lit","Other","Wet or damp","Car occupant"
"11717","2018135BG2172",2018-11-16,2018,"Nov",16,"23:20",23,20,"Friday","Serious",3,"Serious","Car occupant","Passenger","Female",16,"Unclassified","Single carriageway",30,NA,"Not a Pedestrian","Not a Pedestrian",421156,441155,"E01011269",4,"Not at junction or within 20 metres","Darkness - lights lit","Other","Wet or damp","Car occupant"
"11718","2018135BG2218",2018-11-16,2018,"Nov",16,"23:45",23,45,"Friday","Slight",2,"Slight","Car occupant","Driver or rider","Male",18,"Unclassified","Single carriageway",30,NA,"Not a Pedestrian","Not a Pedestrian",432033,437763,"E01011654",1,"Not at junction or within 20 metres","Darkness - lights lit","Raining no high winds","Wet or damp","Car occupant"
"11719","2018135BG2218",2018-11-16,2018,"Nov",16,"23:45",23,45,"Friday","Slight",2,"Slight","Car occupant","Passenger","Female",17,"Unclassified","Single carriageway",30,NA,"Not a Pedestrian","Not a Pedestrian",432033,437763,"E01011654",1,"Not at junction or within 20 metres","Darkness - lights lit","Raining no high winds","Wet or damp","Car occupant"
"11720","2018135BH0023",2018-11-17,2018,"Nov",17,"00:09",0,9,"Saturday","Slight",1,"Slight","Pedestrian","Pedestrian","Female",19,"A","Single carriageway",30,"Unclassified","Crossing on pedestrian crossing facility","Crossing from driver's nearside",428958,435471,"E01033005",1,"Crossroads","Darkness - lights lit","Fine no high winds","Wet or damp","Pedestrian"
"11721","2018135BH0739",2018-11-17,2018,"Nov",17,"11:28",11,28,"Saturday","Slight",3,"Slight","Car occupant","Driver or rider","Male",35,"Unclassified","Slip road",70,"Motorway","Not a Pedestrian","Not a Pedestrian",431006,430557,"E01011471",2,"Slip road","Daylight","Fine no high winds","Wet or damp","Car occupant"
"11722","2018135BH0739",2018-11-17,2018,"Nov",17,"11:28",11,28,"Saturday","Slight",3,"Slight","Car occupant","Passenger","Male",21,"Unclassified","Slip road",70,"Motorway","Not a Pedestrian","Not a Pedestrian",431006,430557,"E01011471",2,"Slip road","Daylight","Fine no high winds","Wet or damp","Car occupant"
"11723","2018135BH0739",2018-11-17,2018,"Nov",17,"11:28",11,28,"Saturday","Slight",3,"Slight","Car occupant","Passenger","Female",21,"Unclassified","Slip road",70,"Motorway","Not a Pedestrian","Not a Pedestrian",431006,430557,"E01011471",2,"Slip road","Daylight","Fine no high winds","Wet or damp","Car occupant"
"11724","2018135BI0516",2018-11-18,2018,"Nov",18,"08:32",8,32,"Sunday","Slight",1,"Slight","Car occupant","Driver or rider","Male",34,"A","Single carriageway",30,"Unclassified","Not a Pedestrian","Not a Pedestrian",431494,431547,"E01011468",2,"T or staggered junction","Daylight","Fine no high winds","Dry","Car occupant"
"11725","2018135BI1736",2018-11-18,2018,"Nov",18,"21:44",21,44,"Sunday","Slight",1,"Slight","Cyclist","Driver or rider","Male",37,"A","Single carriageway",30,NA,"Not a Pedestrian","Not a Pedestrian",430156,434271,"E01033010",2,"Not at junction or within 20 metres","Darkness - lights lit","Fine no high winds","Dry","Cyclist"
"11726","2018135BJ0648",2018-11-19,2018,"Nov",19,"12:00",12,0,"Monday","Slight",1,"Slight","Cyclist","Driver or rider","Male",18,"A","Single carriageway",30,"Unclassified","Not a Pedestrian","Not a Pedestrian",428792,435576,"E01032946",2,"T or staggered junction","Daylight","Fine no high winds","Dry","Cyclist"
"11727","2018135BJ1117",2018-11-19,2018,"Nov",19,"16:21",16,21,"Monday","Slight",1,"Slight","Bus or coach occupant (17 or more pass seats)","Passenger","Female",55,"Unclassified","Single carriageway",30,NA,"Not a Pedestrian","Not a Pedestrian",435327,436536,"E01011659",1,"Not at junction or within 20 metres","Darkness - lights lit","Fine no high winds","Wet or damp","Bus and goods vehicle occupant"
"11728","2018135BJ1148",2018-11-19,2018,"Nov",19,"16:35",16,35,"Monday","Slight",1,"Slight","Car occupant","Driver or rider","Female",33,"Unclassified","Single carriageway",30,"B","Not a Pedestrian","Not a Pedestrian",429010,436838,"E01011688",2,"Crossroads","Darkness - lights lit","Raining no high winds","Wet or damp","Car occupant"
"11729","2018135BJ1281",2018-11-19,2018,"Nov",19,"17:36",17,36,"Monday","Slight",1,"Slight","Motorcycle 50cc and under rider or passenger","Driver or rider","Male",20,"Unclassified","Single carriageway",20,"Unclassified","Not a Pedestrian","Not a Pedestrian",435965,437141,"E01011718",3,"T or staggered junction","Darkness - lights lit","Fine no high winds","Dry","Motorcyclist and pillion"
"11730","2018135BJ1378",2018-11-19,2018,"Nov",19,"18:15",18,15,"Monday","Slight",1,"Slight","Car occupant","Passenger","Female",41,"A(M)","Dual carriageway",70,NA,"Not a Pedestrian","Not a Pedestrian",443519,438293,"E01011309",3,"Not at junction or within 20 metres","Darkness - lights lit","Raining no high winds","Wet or damp","Car occupant"
"11731","2018135BK0285",2018-11-20,2018,"Nov",20,"07:40",7,40,"Tuesday","Serious",1,"Serious","Cyclist","Driver or rider","Male",33,"Unclassified","Single carriageway",30,"Unclassified","Not a Pedestrian","Not a Pedestrian",429666,435844,"E01011669",2,"T or staggered junction","Darkness - lighting unknown","Raining no high winds","Wet or damp","Cyclist"
"11732","2018135BK0748",2018-11-20,2018,"Nov",20,"13:15",13,15,"Tuesday","Slight",1,"Slight","Cyclist","Driver or rider","Male",45,"Unclassified","Single carriageway",30,"Unclassified","Not a Pedestrian","Not a Pedestrian",430070,433831,"E01033010",2,"T or staggered junction","Daylight","Raining no high winds","Wet or damp","Cyclist"
"11733","2018135BK0499",2018-11-20,2018,"Nov",20,"13:16",13,16,"Tuesday","Slight",1,"Slight","Car occupant","Driver or rider","Male",33,"Unclassified","Single carriageway",30,NA,"Not a Pedestrian","Not a Pedestrian",429940,433031,"E01033016",3,"Not at junction or within 20 metres","Daylight","Raining no high winds","Wet or damp","Car occupant"
"11734","2018135BL0225",2018-11-21,2018,"Nov",21,"06:55",6,55,"Wednesday","Slight",1,"Slight","Cyclist","Driver or rider","Male",19,"A","Single carriageway",30,"Unclassified","Not a Pedestrian","Not a Pedestrian",428902,435507,"E01011443",2,"T or staggered junction","Darkness - lights lit","Raining no high winds","Wet or damp","Cyclist"
"11735","2018135BL0229",2018-11-21,2018,"Nov",21,"07:10",7,10,"Wednesday","Slight",1,"Slight","Pedestrian","Pedestrian","Female",32,"A","Single carriageway",30,"B","Crossing on pedestrian crossing facility","Crossing from driver's offside",426280,435596,"E01011488",1,"Crossroads","Darkness - lights unlit","Raining no high winds","Wet or damp","Pedestrian"
"11736","2018135BL0333",2018-11-21,2018,"Nov",21,"08:25",8,25,"Wednesday","Slight",1,"Slight","Cyclist","Driver or rider","Male",30,"Unclassified","Single carriageway",30,"Unclassified","Not a Pedestrian","Not a Pedestrian",431420,434084,"E01033031",2,"Crossroads","Daylight","Raining no high winds","Wet or damp","Cyclist"
"11737","2018135BL0713",2018-11-21,2018,"Nov",21,"08:30",8,30,"Wednesday","Slight",1,"Slight","Cyclist","Driver or rider","Male",37,"Unclassified","Single carriageway",30,NA,"Not a Pedestrian","Not a Pedestrian",429598,433440,"E01033008",2,"Not at junction or within 20 metres","Daylight","Fine no high winds","Dry","Cyclist"
"11738","2018135BK0335",2018-11-21,2018,"Nov",21,"08:32",8,32,"Wednesday","Slight",1,"Slight","Pedestrian","Pedestrian","Male",5,"Unclassified","Single carriageway",30,NA,"In carriageway, crossing elsewhere","Crossing from driver's offside",427659,428116,"E01011540",1,"Not at junction or within 20 metres","Daylight","Fine no high winds","Dry","Pedestrian"
"11739","2018135BG1429",2018-11-21,2018,"Nov",21,"17:27",17,27,"Wednesday","Slight",2,"Slight","Car occupant","Driver or rider","Female",34,"A(M)","Slip road",70,NA,"Not a Pedestrian","Not a Pedestrian",443106,440620,"E01011712",3,"Not at junction or within 20 metres","Darkness - no lighting","Fine no high winds","Wet or damp","Car occupant"
"11740","2018135BG1429",2018-11-21,2018,"Nov",21,"17:27",17,27,"Wednesday","Slight",2,"Slight","Car occupant","Driver or rider","Male",43,"A(M)","Slip road",70,NA,"Not a Pedestrian","Not a Pedestrian",443106,440620,"E01011712",3,"Not at junction or within 20 metres","Darkness - no lighting","Fine no high winds","Wet or damp","Car occupant"
"11741","2018135BL1639",2018-11-21,2018,"Nov",21,"20:10",20,10,"Wednesday","Serious",1,"Serious","Cyclist","Driver or rider","Male",44,"Unclassified","Single carriageway",30,NA,"Not a Pedestrian","Not a Pedestrian",430076,438408,"E01011514",2,"Not at junction or within 20 metres","Darkness - lights lit","Fine no high winds","Wet or damp","Cyclist"
"11742","2018135BM0300",2018-11-22,2018,"Nov",22,"08:22",8,22,"Thursday","Slight",1,"Slight","Car occupant","Passenger","Male",21,"Unclassified","Single carriageway",30,"A","Not a Pedestrian","Not a Pedestrian",428962,435478,"E01011443",2,"Crossroads","Daylight","Fine no high winds","Wet or damp","Car occupant"
"11743","2018135BM1024",2018-11-22,2018,"Nov",22,"15:15",15,15,"Thursday","Slight",1,"Slight","Pedestrian","Pedestrian","Female",30,"A","Single carriageway",30,NA,"In carriageway, crossing elsewhere","Crossing from driver's nearside",430091,431309,"E01011371",1,"Not at junction or within 20 metres","Daylight","Fog or mist","Wet or damp","Pedestrian"
"11744","2018135BM1324",2018-11-22,2018,"Nov",22,"18:00",18,0,"Thursday","Slight",1,"Slight","Cyclist","Driver or rider","Male",54,"Unclassified","Single carriageway",50,NA,"Not a Pedestrian","Not a Pedestrian",424657,432799,"E01011726",2,"Not at junction or within 20 metres","Darkness - lights lit","Raining no high winds","Wet or damp","Cyclist"
"11745","2018135BM1361",2018-11-22,2018,"Nov",22,"18:55",18,55,"Thursday","Slight",1,"Slight","Car occupant","Driver or rider","Male",35,"Motorway","Dual carriageway",70,NA,"Not a Pedestrian","Not a Pedestrian",429881,426405,"E01011538",2,"Not at junction or within 20 metres","Darkness - lights lit","Fine no high winds","Wet or damp","Car occupant"
"11746","2018135BM1504",2018-11-22,2018,"Nov",22,"20:29",20,29,"Thursday","Slight",1,"Slight","Pedestrian","Pedestrian","Female",33,"Unclassified","Single carriageway",30,NA,"Unknown or other","Crossing from driver's nearside",432474,434863,"E01011433",1,"Not at junction or within 20 metres","Darkness - lights lit","Fine no high winds","Dry","Pedestrian"
"11747","2018135BM1579",2018-11-22,2018,"Nov",22,"21:18",21,18,"Thursday","Slight",1,"Slight","Pedestrian","Pedestrian","Female",42,"Unclassified","Single carriageway",30,NA,"In carriageway, crossing elsewhere","Crossing from driver's nearside",430337,433736,"E01033010",1,"Not at junction or within 20 metres","Darkness - lights lit","Raining no high winds","Wet or damp","Pedestrian"
"11748","2018135BM1636",2018-11-22,2018,"Nov",22,"21:55",21,55,"Thursday","Slight",1,"Slight","Car occupant","Driver or rider","Female",21,"Unclassified","Roundabout",30,"Unclassified","Not a Pedestrian","Not a Pedestrian",430089,435422,"E01011670",2,"Roundabout","Darkness - lights lit","Fine no high winds","Wet or damp","Car occupant"
"11749","2018135BN0954",2018-11-23,2018,"Nov",23,"14:39",14,39,"Friday","Serious",1,"Serious","Pedestrian","Pedestrian","Male",32,"A","Single carriageway",40,"Unclassified","Crossing on pedestrian crossing facility","Crossing from offside - masked by  parked or stationary vehicle",435724,436928,"E01011661",1,"T or staggered junction","Daylight","Fine no high winds","Dry","Pedestrian"
"11750","2018135CI0933",2018-11-23,2018,"Nov",23,"15:40",15,40,"Friday","Slight",2,"Slight","Car occupant","Driver or rider","Male",50,"Motorway","Dual carriageway",70,NA,"Not a Pedestrian","Not a Pedestrian",436741,425946,"E01011636",2,"Not at junction or within 20 metres","Daylight","Fine no high winds","Dry","Car occupant"
"11751","2018135CI0933",2018-11-23,2018,"Nov",23,"15:40",15,40,"Friday","Slight",2,"Slight","Car occupant","Driver or rider","Male",48,"Motorway","Dual carriageway",70,NA,"Not a Pedestrian","Not a Pedestrian",436741,425946,"E01011636",2,"Not at junction or within 20 metres","Daylight","Fine no high winds","Dry","Car occupant"
"11752","2018135BN1231",2018-11-23,2018,"Nov",23,"16:38",16,38,"Friday","Slight",1,"Slight","Car occupant","Passenger","Male",26,"Unclassified","Single carriageway",30,"Unclassified","Not a Pedestrian","Not a Pedestrian",431336,431590,"E01011467",2,"T or staggered junction","Darkness - lights lit","Fine no high winds","Dry","Car occupant"
"11753","2018135BN1687",2018-11-23,2018,"Nov",23,"19:58",19,58,"Friday","Slight",1,"Slight","Car occupant","Passenger","Female",26,"Unclassified","Single carriageway",30,"Unclassified","Not a Pedestrian","Not a Pedestrian",428935,430409,"E01011320",2,"Crossroads","Darkness - lights lit","Fine no high winds","Dry","Car occupant"
"11754","2018135BO1212",2018-11-24,2018,"Nov",24,"15:40",15,40,"Saturday","Serious",2,"Serious","Motorcycle 50cc and under rider or passenger","Driver or rider","Male",21,"Unclassified","Single carriageway",30,NA,"Not a Pedestrian","Not a Pedestrian",424878,436945,"E01032494",1,"Not at junction or within 20 metres","Daylight","Fine no high winds","Wet or damp","Motorcyclist and pillion"
"11755","2018135BO1212",2018-11-24,2018,"Nov",24,"15:40",15,40,"Saturday","Serious",2,"Serious","Motorcycle 50cc and under rider or passenger","Passenger","Male",14,"Unclassified","Single carriageway",30,NA,"Not a Pedestrian","Not a Pedestrian",424878,436945,"E01032494",1,"Not at junction or within 20 metres","Daylight","Fine no high winds","Wet or damp","Motorcyclist and pillion"
"11756","2018135BO1421",2018-11-24,2018,"Nov",24,"17:40",17,40,"Saturday","Serious",1,"Serious","Cyclist","Driver or rider","Male",39,"A","Single carriageway",30,"Unclassified","Not a Pedestrian","Not a Pedestrian",431066,432003,"E01011467",2,"Crossroads","Darkness - lights lit","Raining no high winds","Wet or damp","Cyclist"
"11757","2018135BO1581",2018-11-24,2018,"Nov",24,"18:58",18,58,"Saturday","Fatal",1,"Fatal","Car occupant","Driver or rider","Male",46,"A","Dual carriageway",70,NA,"Not a Pedestrian","Not a Pedestrian",422014,433943,"E01011587",2,"Not at junction or within 20 metres","Darkness - lights lit","Fine no high winds","Wet or damp","Car occupant"
"11758","2018135BP0570",2018-11-25,2018,"Nov",25,"09:40",9,40,"Sunday","Slight",1,"Slight","Car occupant","Driver or rider","Female",30,"A(M)","Dual carriageway",40,NA,"Not a Pedestrian","Not a Pedestrian",429430,434017,"E01011678",2,"Not at junction or within 20 metres","Daylight","Fine no high winds","Wet or damp","Car occupant"
"11759","2018135BP1490",2018-11-25,2018,"Nov",25,"18:30",18,30,"Sunday","Slight",1,"Slight","Motorcycle 50cc and under rider or passenger","Driver or rider","Male",34,"Unclassified","Dual carriageway",30,"Unclassified","Not a Pedestrian","Not a Pedestrian",429242,433910,"E01011678",2,"T or staggered junction","Darkness - lights lit","Raining no high winds","Wet or damp","Motorcyclist and pillion"
"11760","2018135BQ0779",2018-11-26,2018,"Nov",26,"13:05",13,5,"Monday","Slight",1,"Slight","Car occupant","Driver or rider","Female",49,"Unclassified","Single carriageway",30,"Unclassified","Not a Pedestrian","Not a Pedestrian",426443,427125,"E01011541",2,"T or staggered junction","Daylight","Fine no high winds","Dry","Car occupant"
"11761","2018135BQ1028",2018-11-26,2018,"Nov",26,"15:10",15,10,"Monday","Slight",1,"Slight","Car occupant","Driver or rider","Male",32,"A","Dual carriageway",30,"Motorway","Not a Pedestrian","Not a Pedestrian",430489,431744,"E01011467",2,"T or staggered junction","Daylight","Fine no high winds","Dry","Car occupant"
"11762","2018135BQ1437",2018-11-26,2018,"Nov",26,"18:06",18,6,"Monday","Slight",2,"Slight","Car occupant","Driver or rider","Female",22,"Unclassified","Single carriageway",30,"Unclassified","Not a Pedestrian","Not a Pedestrian",425564,434138,"E01032499",2,"T or staggered junction","Darkness - lights lit","Fine no high winds","Dry","Car occupant"
"11763","2018135BQ1437",2018-11-26,2018,"Nov",26,"18:06",18,6,"Monday","Slight",2,"Slight","Car occupant","Passenger","Female",22,"Unclassified","Single carriageway",30,"Unclassified","Not a Pedestrian","Not a Pedestrian",425564,434138,"E01032499",2,"T or staggered junction","Darkness - lights lit","Fine no high winds","Dry","Car occupant"
"11764","2018135BR0246",2018-11-27,2018,"Nov",27,"07:08",7,8,"Tuesday","Slight",1,"Slight","Car occupant","Driver or rider","Female",45,"A","Single carriageway",60,NA,"Not a Pedestrian","Not a Pedestrian",422811,437418,"E01011452",3,"Not at junction or within 20 metres","Daylight","Fine no high winds","Wet or damp","Car occupant"
"11765","2018135BR0461",2018-11-27,2018,"Nov",27,"10:22",10,22,"Tuesday","Slight",1,"Slight","Car occupant","Driver or rider","Male",29,"A","Dual carriageway",40,"Unclassified","Not a Pedestrian","Not a Pedestrian",426223,431886,"E01011737",2,"Crossroads","Daylight","Fine no high winds","Wet or damp","Car occupant"
"11766","2018135BR1117",2018-11-27,2018,"Nov",27,"16:30",16,30,"Tuesday","Slight",1,"Slight","Pedestrian","Pedestrian","Male",14,"A","Dual carriageway",40,NA,"Crossing on pedestrian crossing facility","Crossing from driver's nearside",433915,434119,"E01011346",1,"Not at junction or within 20 metres","Darkness - lights lit","Raining no high winds","Wet or damp","Pedestrian"
"11767","2018135BR1184",2018-11-27,2018,"Nov",27,"17:01",17,1,"Tuesday","Serious",1,"Serious","Pedestrian","Pedestrian","Male",40,"Unclassified","Single carriageway",30,NA,"In carriageway, crossing elsewhere","Crossing from driver's nearside",434924,435027,"E01011667",1,"Not at junction or within 20 metres","Darkness - lights lit","Raining no high winds","Wet or damp","Pedestrian"
"11768","2018135BR1373",2018-11-27,2018,"Nov",27,"18:30",18,30,"Tuesday","Slight",1,"Slight","Car occupant","Driver or rider","Female",44,"A","Single carriageway",40,NA,"Not a Pedestrian","Not a Pedestrian",438907,426838,"E01011393",1,"Not at junction or within 20 metres","Darkness - lights lit","Raining no high winds","Wet or damp","Car occupant"
"11769","2018135BR1533",2018-11-27,2018,"Nov",27,"19:15",19,15,"Tuesday","Slight",1,"Slight","Cyclist","Driver or rider","Male",40,"A","Dual carriageway",40,"Unclassified","Not a Pedestrian","Not a Pedestrian",428390,434070,"E01011681",2,"T or staggered junction","Darkness - lights lit","Raining no high winds","Wet or damp","Cyclist"
"11770","2018135BR1639",2018-11-27,2018,"Nov",27,"21:05",21,5,"Tuesday","Slight",2,"Slight","Car occupant","Driver or rider","Female",20,"A","Dual carriageway",60,NA,"Not a Pedestrian","Not a Pedestrian",428466,428561,"E01011493",3,"Not at junction or within 20 metres","Darkness - no lighting","Raining no high winds","Wet or damp","Car occupant"
"11771","2018135BR1639",2018-11-27,2018,"Nov",27,"21:05",21,5,"Tuesday","Slight",2,"Slight","Car occupant","Passenger","Male",20,"A","Dual carriageway",60,NA,"Not a Pedestrian","Not a Pedestrian",428466,428561,"E01011493",3,"Not at junction or within 20 metres","Darkness - no lighting","Raining no high winds","Wet or damp","Car occupant"
"11772","2018135BS0968",2018-11-28,2018,"Nov",28,"14:43",14,43,"Wednesday","Slight",1,"Slight","Pedestrian","Pedestrian","Male",73,"Unclassified","Single carriageway",30,NA,"Unknown or other","Crossing from driver's offside",430297,434092,"E01033010",1,"Not at junction or within 20 metres","Daylight","Fine no high winds","Dry","Pedestrian"
"11773","2018135BT1195",2018-11-29,2018,"Nov",29,"11:40",11,40,"Thursday","Slight",1,"Slight","Pedestrian","Pedestrian","Male",21,"A","Single carriageway",30,NA,"Crossing on pedestrian crossing facility","Crossing from driver's nearside",429911,434502,"E01033005",1,"Not at junction or within 20 metres","Daylight","Fine no high winds","Dry","Pedestrian"
"11774","2018135BT1088",2018-11-29,2018,"Nov",29,"14:33",14,33,"Thursday","Slight",1,"Slight","Car occupant","Driver or rider","Female",20,"Unclassified","Single carriageway",60,"Unclassified","Not a Pedestrian","Not a Pedestrian",415910,442016,"E01011270",2,"Crossroads","Daylight","Fine no high winds","Dry","Car occupant"
"11775","2018135BT1366",2018-11-29,2018,"Nov",29,"17:26",17,26,"Thursday","Slight",1,"Slight","Car occupant","Driver or rider","Female",39,"A","Dual carriageway",40,NA,"Not a Pedestrian","Not a Pedestrian",432187,433612,"E01011349",2,"Not at junction or within 20 metres","Darkness - lights lit","Fine no high winds","Dry","Car occupant"
"11776","2018135BT1553",2018-11-29,2018,"Nov",29,"19:02",19,2,"Thursday","Slight",1,"Slight","Pedestrian","Pedestrian","Male",49,"Unclassified","Dual carriageway",30,"Unclassified","Crossing on pedestrian crossing facility","Crossing from driver's offside",427501,425511,"E01011548",1,"T or staggered junction","Darkness - lights lit","Fine no high winds","Dry","Pedestrian"
"11777","2018135BT2005",2018-11-29,2018,"Nov",29,"22:00",22,0,"Thursday","Slight",1,"Slight","Cyclist","Driver or rider","Male",42,"A","Single carriageway",30,"Unclassified","Not a Pedestrian","Not a Pedestrian",431350,435060,"E01011429",2,"T or staggered junction","Darkness - lights lit","Fine no high winds","Dry","Cyclist"
"11778","2018135BT1920",2018-11-29,2018,"Nov",29,"22:14",22,14,"Thursday","Slight",1,"Slight","Car occupant","Driver or rider","Female",30,"A","Dual carriageway",40,"A","Not a Pedestrian","Not a Pedestrian",424145,428170,"E01011523",2,"Roundabout","Darkness - lights lit","Fine no high winds","Dry","Car occupant"
"11779","2018135BU2059",2018-11-29,2018,"Nov",29,"23:57",23,57,"Thursday","Slight",3,"Slight","Car occupant","Driver or rider","Male",52,"Unclassified","Single carriageway",30,"Unclassified","Not a Pedestrian","Not a Pedestrian",431752,434601,"E01011677",2,"T or staggered junction","Darkness - lights lit","Raining no high winds","Wet or damp","Car occupant"
"11780","2018135BU2059",2018-11-29,2018,"Nov",29,"23:57",23,57,"Thursday","Slight",3,"Slight","Car occupant","Passenger","Female",15,"Unclassified","Single carriageway",30,"Unclassified","Not a Pedestrian","Not a Pedestrian",431752,434601,"E01011677",2,"T or staggered junction","Darkness - lights lit","Raining no high winds","Wet or damp","Car occupant"
"11781","2018135BU2059",2018-11-29,2018,"Nov",29,"23:57",23,57,"Thursday","Slight",3,"Slight","Taxi/Private hire car occupant","Driver or rider","Male",30,"Unclassified","Single carriageway",30,"Unclassified","Not a Pedestrian","Not a Pedestrian",431752,434601,"E01011677",2,"T or staggered junction","Darkness - lights lit","Raining no high winds","Wet or damp","Car occupant"