"","accident_index","date","year","month","day","time","time_hour","time_minute","day_of_week","accident_severity","number_of_casualties","casualty_severity","casualty_type","casualty_class","sex_of_casualty","age_of_casualty","first_road_class","road_type","speed_limit","second_road_class","pedestrian_location","pedestrian_movement","location_easting_osgr","location_northing_osgr","lsoa_of_accident_location","number_of_vehicles","junction_detail","light_conditions","weather_conditions","road_surface_conditions","cas_type"
"11782","2018135BU0298",2018-11-30,2018,"Nov",30,"07:00",7,0,"Friday","Slight",1,"Slight","Cyclist","Driver or rider","Male",34,"Unclassified","Single carriageway",30,"Unclassified","Not a Pedestrian","Not a Pedestrian",427467,433030,"E01011292",2,"Private drive or entrance","Darkness - lights lit","Fine no high winds","Wet or damp","Cyclist"
"11783","2018135BU0304",2018-11-30,2018,"Nov",30,"10:51",10,51,"Friday","Slight",1,"Slight","Bus or coach occupant (17 or more pass seats)","Passenger","Female",41,"A","Single carriageway",30,NA,"Not a Pedestrian","Not a Pedestrian",429956,434217,"E01033010",1,"Not at junction or within 20 metres","Daylight","Fine no high winds","Wet or damp","Bus and goods vehicle occupant"
"11784","2018135BU0748",2018-11-30,2018,"Nov",30,"12:25",12,25,"Friday","Fatal",1,"Fatal","Pedestrian","Pedestrian","Female",84,"Unclassified","Single carriageway",30,"Unclassified","In carriageway, crossing elsewhere","Crossing from driver's nearside",431435,429404,"E01011475",1,"T or staggered junction","Daylight","Fine + high winds","Dry","Pedestrian"
"11785","2018135BU0835",2018-11-30,2018,"Nov",30,"13:07",13,7,"Friday","Slight",1,"Slight","Pedestrian","Pedestrian","Male",37,"A","Single carriageway",30,"Unclassified","Unknown or other","In carriageway, stationary - not crossing  (standing or playing)",428041,434292,"E01011483",1,"Crossroads","Daylight","Fine no high winds","Dry","Pedestrian"
"11786","2018135C10567",2018-11-30,2018,"Nov",30,"13:19",13,19,"Friday","Slight",2,"Slight","Bus or coach occupant (17 or more pass seats)","Passenger","Female",88,"Unclassified","Single carriageway",30,NA,"Not a Pedestrian","Not a Pedestrian",428444,435062,"E01011445",2,"Not at junction or within 20 metres","Daylight","Fine no high winds","Dry","Bus and goods vehicle occupant"
"11787","2018135C10567",2018-11-30,2018,"Nov",30,"13:19",13,19,"Friday","Slight",2,"Slight","Bus or coach occupant (17 or more pass seats)","Passenger","Female",58,"Unclassified","Single carriageway",30,NA,"Not a Pedestrian","Not a Pedestrian",428444,435062,"E01011445",2,"Not at junction or within 20 metres","Daylight","Fine no high winds","Dry","Bus and goods vehicle occupant"
"11788","2018135BU1289",2018-11-30,2018,"Nov",30,"16:55",16,55,"Friday","Serious",2,"Serious","Car occupant","Driver or rider","Female",40,"Unclassified","Single carriageway",50,"Unclassified","Not a Pedestrian","Not a Pedestrian",424362,432740,"E01011728",1,"Other junction","Darkness - lights lit","Other","Wet or damp","Car occupant"
"11789","2018135BU1289",2018-11-30,2018,"Nov",30,"16:55",16,55,"Friday","Serious",2,"Serious","Car occupant","Passenger","Male",5,"Unclassified","Single carriageway",50,"Unclassified","Not a Pedestrian","Not a Pedestrian",424362,432740,"E01011728",1,"Other junction","Darkness - lights lit","Other","Wet or damp","Car occupant"
"11790","2018135C11587",2018-12-01,2018,"Dec",1,"19:20",19,20,"Saturday","Slight",1,"Slight","Car occupant","Driver or rider","Male",55,"Unclassified","Single carriageway",30,"Unclassified","Not a Pedestrian","Not a Pedestrian",429930,432975,"E01033016",2,"T or staggered junction","Darkness - lights lit","Raining no high winds","Wet or damp","Car occupant"
"11791","2018135C21152",2018-12-02,2018,"Dec",2,"15:04",15,4,"Sunday","Slight",4,"Slight","Car occupant","Driver or rider","Male",63,"A(M)","Dual carriageway",70,NA,"Not a Pedestrian","Not a Pedestrian",443629,436542,"E01011297",2,"Not at junction or within 20 metres","Daylight","Fine no high winds","Wet or damp","Car occupant"
"11792","2018135C21152",2018-12-02,2018,"Dec",2,"15:04",15,4,"Sunday","Slight",4,"Slight","Car occupant","Passenger","Female",63,"A(M)","Dual carriageway",70,NA,"Not a Pedestrian","Not a Pedestrian",443629,436542,"E01011297",2,"Not at junction or within 20 metres","Daylight","Fine no high winds","Wet or damp","Car occupant"
"11793","2018135C21152",2018-12-02,2018,"Dec",2,"15:04",15,4,"Sunday","Slight",4,"Slight","Car occupant","Passenger","Male",42,"A(M)","Dual carriageway",70,NA,"Not a Pedestrian","Not a Pedestrian",443629,436542,"E01011297",2,"Not at junction or within 20 metres","Daylight","Fine no high winds","Wet or damp","Car occupant"
"11794","2018135C21152",2018-12-02,2018,"Dec",2,"15:04",15,4,"Sunday","Slight",4,"Slight","Car occupant","Driver or rider","Female",52,"A(M)","Dual carriageway",70,NA,"Not a Pedestrian","Not a Pedestrian",443629,436542,"E01011297",2,"Not at junction or within 20 metres","Daylight","Fine no high winds","Wet or damp","Car occupant"
"11795","2018135C30266",2018-12-03,2018,"Dec",3,"07:15",7,15,"Monday","Slight",1,"Slight","Cyclist","Driver or rider","Male",38,"A","Roundabout",40,"A","Not a Pedestrian","Not a Pedestrian",427963,430297,"E01011317",2,"Roundabout","Darkness - lights lit","Raining no high winds","Wet or damp","Cyclist"
"11796","2018135C30611",2018-12-03,2018,"Dec",3,"11:08",11,8,"Monday","Slight",2,"Slight","Car occupant","Driver or rider","Male",25,"Unclassified","Single carriageway",30,"Unclassified","Not a Pedestrian","Not a Pedestrian",427816,435148,"E01011479",3,"T or staggered junction","Daylight","Fine no high winds","Wet or damp","Car occupant"
"11797","2018135C30611",2018-12-03,2018,"Dec",3,"11:08",11,8,"Monday","Slight",2,"Slight","Car occupant","Passenger","Male",40,"Unclassified","Single carriageway",30,"Unclassified","Not a Pedestrian","Not a Pedestrian",427816,435148,"E01011479",3,"T or staggered junction","Daylight","Fine no high winds","Wet or damp","Car occupant"
"11798","2018135C31371",2018-12-03,2018,"Dec",3,"16:50",16,50,"Monday","Slight",1,"Slight","Cyclist","Driver or rider","Male",31,"A","Single carriageway",30,"Unclassified","Not a Pedestrian","Not a Pedestrian",431082,432307,"E01011467",2,"T or staggered junction","Darkness - lights lit","Raining no high winds","Wet or damp","Cyclist"
"11799","2018135C40292",2018-12-04,2018,"Dec",4,"07:30",7,30,"Tuesday","Slight",1,"Slight","Car occupant","Driver or rider","Female",23,"B","Single carriageway",30,"Unclassified","Not a Pedestrian","Not a Pedestrian",424469,433647,"E01011608",3,"Crossroads","Daylight","Fine no high winds","Frost or ice","Car occupant"
"11800","2018135C40875",2018-12-04,2018,"Dec",4,"13:08",13,8,"Tuesday","Slight",1,"Slight","Pedestrian","Pedestrian","Male",28,"A","Single carriageway",30,NA,"In centre of carriageway - not on refuge, island or central reservation","Crossing from nearside - masked by parked or stationary vehicle",430838,433997,"E01033031",1,"Not at junction or within 20 metres","Daylight","Fine no high winds","Dry","Pedestrian"
"11801","2018135C50307",2018-12-05,2018,"Dec",5,"07:50",7,50,"Wednesday","Slight",1,"Slight","Car occupant","Driver or rider","Female",36,"Unclassified","Unknown",30,"A","Not a Pedestrian","Not a Pedestrian",426301,435567,"E01011488",2,"Crossroads","Daylight","Fine no high winds","Dry","Car occupant"
"11802","2018135C50306",2018-12-05,2018,"Dec",5,"07:59",7,59,"Wednesday","Slight",1,"Slight","Motorcycle 125cc and under rider or passenger","Driver or rider","Male",18,"Unclassified","Single carriageway",20,NA,"Not a Pedestrian","Not a Pedestrian",425652,439977,"E01011379",2,"Not at junction or within 20 metres","Daylight","Raining no high winds","Wet or damp","Motorcyclist and pillion"
"11803","2018135C50329",2018-12-05,2018,"Dec",5,"08:10",8,10,"Wednesday","Slight",2,"Slight","Car occupant","Driver or rider","Female",28,"Unclassified","Single carriageway",20,"Unclassified","Not a Pedestrian","Not a Pedestrian",423240,434748,"E01011335",2,"Crossroads","Daylight","Raining no high winds","Wet or damp","Car occupant"
"11804","2018135C50329",2018-12-05,2018,"Dec",5,"08:10",8,10,"Wednesday","Slight",2,"Slight","Car occupant","Passenger","Female",11,"Unclassified","Single carriageway",20,"Unclassified","Not a Pedestrian","Not a Pedestrian",423240,434748,"E01011335",2,"Crossroads","Daylight","Raining no high winds","Wet or damp","Car occupant"
"11805","2018135C50617",2018-12-05,2018,"Dec",5,"11:17",11,17,"Wednesday","Slight",1,"Slight","Cyclist","Driver or rider","Male",27,"Unclassified","Single carriageway",30,"Unclassified","Not a Pedestrian","Not a Pedestrian",432436,434836,"E01011344",2,"Crossroads","Daylight","Raining no high winds","Wet or damp","Cyclist"
"11806","2018135C50589",2018-12-05,2018,"Dec",5,"11:27",11,27,"Wednesday","Slight",1,"Slight","Bus or coach occupant (17 or more pass seats)","Passenger","Female",70,"Unclassified","Single carriageway",30,NA,"Not a Pedestrian","Not a Pedestrian",426067,427716,"E01011541",1,"Not at junction or within 20 metres","Daylight","Raining no high winds","Wet or damp","Bus and goods vehicle occupant"
"11807","2018135C51083",2018-12-05,2018,"Dec",5,"15:42",15,42,"Wednesday","Slight",2,"Slight","Pedestrian","Pedestrian","Female",6,"B","Single carriageway",30,NA,"Crossing on pedestrian crossing facility","Crossing from driver's offside",429910,436615,"E01011355",1,"Not at junction or within 20 metres","Darkness - lights lit","Raining no high winds","Wet or damp","Pedestrian"
"11808","2018135C51083",2018-12-05,2018,"Dec",5,"15:42",15,42,"Wednesday","Slight",2,"Slight","Pedestrian","Pedestrian","Female",32,"B","Single carriageway",30,NA,"Crossing on pedestrian crossing facility","Crossing from driver's offside",429910,436615,"E01011355",1,"Not at junction or within 20 metres","Darkness - lights lit","Raining no high winds","Wet or damp","Pedestrian"
"11809","2018135C60885",2018-12-06,2018,"Dec",6,"04:45",4,45,"Thursday","Slight",1,"Slight","Pedestrian","Pedestrian","Female",28,"A","Slip road",40,"A","In centre of carriageway - not on refuge, island or central reservation","Crossing from driver's nearside",428728,429690,"E01011322",1,"Slip road","Darkness - lights lit","Raining no high winds","Wet or damp","Pedestrian"
"11810","2018135C60332",2018-12-06,2018,"Dec",6,"08:05",8,5,"Thursday","Serious",1,"Serious","Car occupant","Driver or rider","Female",26,"Unclassified","Single carriageway",60,NA,"Not a Pedestrian","Not a Pedestrian",437781,448278,"E01011706",2,"Not at junction or within 20 metres","Daylight","Fine no high winds","Dry","Car occupant"
"11811","2018135C60491",2018-12-06,2018,"Dec",6,"10:14",10,14,"Thursday","Slight",1,"Slight","Bus or coach occupant (17 or more pass seats)","Passenger","Female",36,"Unclassified","Single carriageway",30,NA,"Not a Pedestrian","Not a Pedestrian",432036,435711,"E01011427",2,"Not at junction or within 20 metres","Daylight","Fine no high winds","Dry","Bus and goods vehicle occupant"
"11812","2018135C60827",2018-12-06,2018,"Dec",6,"13:00",13,0,"Thursday","Serious",1,"Serious","Pedestrian","Pedestrian","Male",26,"A","Dual carriageway",30,NA,"In carriageway, crossing elsewhere","Crossing from driver's nearside",428615,433969,"E01011678",1,"Not at junction or within 20 metres","Daylight","Fine no high winds","Dry","Pedestrian"
"11813","2018135C61456",2018-12-06,2018,"Dec",6,"15:55",15,55,"Thursday","Slight",1,"Slight","Pedestrian","Pedestrian","Female",39,"Unclassified","Single carriageway",30,NA,"Crossing on pedestrian crossing facility","Crossing from driver's offside",431290,431553,"E01011467",1,"Not at junction or within 20 metres","Daylight","Fine no high winds","Dry","Pedestrian"
"11814","2018135C61363",2018-12-06,2018,"Dec",6,"16:00",16,0,"Thursday","Slight",1,"Slight","Pedestrian","Pedestrian","Female",13,"A","Dual carriageway",40,NA,"Crossing on pedestrian crossing facility","Crossing from driver's nearside",432687,435875,"E01011424",1,"Not at junction or within 20 metres","Darkness - lighting unknown","Fine no high winds","Dry","Pedestrian"
"11815","2018135C61765",2018-12-06,2018,"Dec",6,"20:30",20,30,"Thursday","Slight",3,"Slight","Car occupant","Driver or rider","Female",27,"Unclassified","Single carriageway",30,"A","Not a Pedestrian","Not a Pedestrian",432524,427557,"E01011496",3,"Crossroads","Darkness - lights lit","Raining no high winds","Wet or damp","Car occupant"
"11816","2018135C61765",2018-12-06,2018,"Dec",6,"20:30",20,30,"Thursday","Slight",3,"Slight","Car occupant","Passenger","Female",30,"Unclassified","Single carriageway",30,"A","Not a Pedestrian","Not a Pedestrian",432524,427557,"E01011496",3,"Crossroads","Darkness - lights lit","Raining no high winds","Wet or damp","Car occupant"
"11817","2018135C61765",2018-12-06,2018,"Dec",6,"20:30",20,30,"Thursday","Slight",3,"Slight","Car occupant","Driver or rider","Male",33,"Unclassified","Single carriageway",30,"A","Not a Pedestrian","Not a Pedestrian",432524,427557,"E01011496",3,"Crossroads","Darkness - lights lit","Raining no high winds","Wet or damp","Car occupant"
"11818","2018135C61932",2018-12-06,2018,"Dec",6,"22:00",22,0,"Thursday","Serious",1,"Serious","Cyclist","Driver or rider","Female",22,"Unclassified","Single carriageway",30,"Unclassified","Not a Pedestrian","Not a Pedestrian",428631,434605,"E01011681",2,"T or staggered junction","Darkness - lights lit","Fine no high winds","Dry","Cyclist"
"11819","2018135C61940",2018-12-06,2018,"Dec",6,"22:10",22,10,"Thursday","Slight",1,"Slight","Pedestrian","Pedestrian","Male",16,"Unclassified","Single carriageway",30,NA,"In carriageway, crossing elsewhere","Crossing from driver's offside",430717,430914,"E01011471",1,"Not at junction or within 20 metres","Darkness - lights lit","Fine no high winds","Dry","Pedestrian"
"11820","2018135C70431",2018-12-07,2018,"Dec",7,"09:00",9,0,"Friday","Slight",1,"Slight","Taxi/Private hire car occupant","Driver or rider","Female",75,"A","Single carriageway",30,NA,"Not a Pedestrian","Not a Pedestrian",426287,444697,"E01011576",3,"Not at junction or within 20 metres","Daylight","Fine no high winds","Wet or damp","Car occupant"
"11821","2018135C70525",2018-12-07,2018,"Dec",7,"10:10",10,10,"Friday","Slight",1,"Slight","Pedestrian","Pedestrian","Male",26,"Unclassified","Single carriageway",30,"Unclassified","Crossing elsewhere within 50m. of pedestrian crossing","Crossing from driver's nearside",430415,433747,"E01033010",1,"Crossroads","Daylight","Fine no high winds","Wet or damp","Pedestrian"
"11822","2018135C70788",2018-12-07,2018,"Dec",7,"12:50",12,50,"Friday","Slight",1,"Slight","Cyclist","Driver or rider","Male",46,"Unclassified","Single carriageway",30,"Unclassified","Not a Pedestrian","Not a Pedestrian",427053,439815,"E01011380",2,"T or staggered junction","Daylight","Fine + high winds","Wet or damp","Cyclist"
"11823","2018135C70960",2018-12-07,2018,"Dec",7,"14:15",14,15,"Friday","Slight",1,"Slight","Pedestrian","Pedestrian","Female",12,"A","Dual carriageway",40,"Unclassified","Crossing elsewhere within 50m. of pedestrian crossing","Crossing from driver's offside",427797,425850,"E01011550",1,"T or staggered junction","Daylight","Fine no high winds","Wet or damp","Pedestrian"
"11824","2018135C71136",2018-12-07,2018,"Dec",7,"15:41",15,41,"Friday","Slight",2,"Slight","Car occupant","Driver or rider","Female",87,"A","Single carriageway",60,"Unclassified","Not a Pedestrian","Not a Pedestrian",440140,426162,"E01011394",2,"T or staggered junction","Darkness - lights lit","Raining no high winds","Wet or damp","Car occupant"
"11825","2018135C71136",2018-12-07,2018,"Dec",7,"15:41",15,41,"Friday","Slight",2,"Slight","Car occupant","Passenger","Male",91,"A","Single carriageway",60,"Unclassified","Not a Pedestrian","Not a Pedestrian",440140,426162,"E01011394",2,"T or staggered junction","Darkness - lights lit","Raining no high winds","Wet or damp","Car occupant"
"11826","2018135C71161",2018-12-07,2018,"Dec",7,"15:50",15,50,"Friday","Slight",1,"Slight","Pedestrian","Pedestrian","Male",11,"A","Single carriageway",40,NA,"Crossing elsewhere within 50m. of pedestrian crossing","Crossing from driver's offside",434339,434341,"E01011346",1,"Not at junction or within 20 metres","Darkness - lights lit","Raining no high winds","Wet or damp","Pedestrian"
"11827","2018135C71237",2018-12-07,2018,"Dec",7,"16:30",16,30,"Friday","Slight",1,"Slight","Pedestrian","Pedestrian","Male",50,"A","Single carriageway",20,NA,"Crossing on pedestrian crossing facility","Crossing from driver's offside",424444,445235,"E01011570",1,"Not at junction or within 20 metres","Darkness - lights lit","Raining no high winds","Wet or damp","Pedestrian"
"11828","2018135C70602",2018-12-07,2018,"Dec",7,"19:20",19,20,"Friday","Slight",1,"Slight","Cyclist","Driver or rider","Male",24,"Unclassified","Single carriageway",30,"Unclassified","Not a Pedestrian","Not a Pedestrian",428838,436574,"E01011691",2,"Crossroads","Darkness - lights lit","Fine no high winds","Dry","Cyclist"
"11829","2018135C80075",2018-12-08,2018,"Dec",8,"00:40",0,40,"Saturday","Fatal",1,"Fatal","Pedestrian","Pedestrian","Male",66,"Unclassified","Single carriageway",30,NA,"In carriageway, not crossing","Unknown or other",429664,435398,"E01011670",1,"Not at junction or within 20 metres","Darkness - lights lit","Raining + high winds","Wet or damp","Pedestrian"
"11830","2018135C80709",2018-12-08,2018,"Dec",8,"11:04",11,4,"Saturday","Slight",1,"Slight","Car occupant","Driver or rider","Male",73,"A","Single carriageway",30,"Motorway","Not a Pedestrian","Not a Pedestrian",428528,431535,"E01011366",2,"Roundabout","Daylight","Fine no high winds","Wet or damp","Car occupant"
"11831","2018135C81045",2018-12-08,2018,"Dec",8,"14:46",14,46,"Saturday","Slight",1,"Slight","Cyclist","Driver or rider","Male",52,"A","Roundabout",40,"A","Not a Pedestrian","Not a Pedestrian",439312,432368,"E01011402",2,"Roundabout","Daylight","Raining no high winds","Wet or damp","Cyclist"
"11832","2018135C81352",2018-12-08,2018,"Dec",8,"17:10",17,10,"Saturday","Slight",1,"Slight","Car occupant","Passenger","Male",31,"A","Dual carriageway",40,"Unclassified","Not a Pedestrian","Not a Pedestrian",428698,433087,"E01011363",2,"Roundabout","Darkness - lights lit","Fine no high winds","Dry","Car occupant"
"11833","2018135C90568",2018-12-09,2018,"Dec",9,"10:10",10,10,"Sunday","Slight",1,"Slight","Pedestrian","Pedestrian","Female",4,"Unclassified","Single carriageway",30,NA,"Unknown or other","Unknown or other",427622,432470,"E01011362",1,"Not at junction or within 20 metres","Daylight","Fine no high winds","Dry","Pedestrian"
"11834","2018135C90576",2018-12-09,2018,"Dec",9,"10:47",10,47,"Sunday","Slight",2,"Slight","Car occupant","Passenger","Male",52,"Unclassified","Single carriageway",30,"Unclassified","Not a Pedestrian","Not a Pedestrian",428937,429842,"E01011320",2,"Crossroads","Daylight","Fine no high winds","Dry","Car occupant"
"11835","2018135C90576",2018-12-09,2018,"Dec",9,"10:47",10,47,"Sunday","Slight",2,"Slight","Car occupant","Passenger","Male",52,"Unclassified","Single carriageway",30,"Unclassified","Not a Pedestrian","Not a Pedestrian",428937,429842,"E01011320",2,"Crossroads","Daylight","Fine no high winds","Dry","Car occupant"
"11836","2018135C91592",2018-12-09,2018,"Dec",9,"12:10",12,10,"Sunday","Slight",1,"Slight","Car occupant","Driver or rider","Female",38,"Unclassified","Single carriageway",30,NA,"Not a Pedestrian","Not a Pedestrian",433225,426248,"E01011500",2,"Not at junction or within 20 metres","Daylight","Fine no high winds","Dry","Car occupant"
"11837","2018135C90697",2018-12-09,2018,"Dec",9,"12:14",12,14,"Sunday","Slight",4,"Slight","Car occupant","Driver or rider","Female",19,"A(M)","Dual carriageway",70,NA,"Not a Pedestrian","Not a Pedestrian",443460,438470,"E01011309",2,"Not at junction or within 20 metres","Daylight","Fine no high winds","Dry","Car occupant"
"11838","2018135C90697",2018-12-09,2018,"Dec",9,"12:14",12,14,"Sunday","Slight",4,"Slight","Car occupant","Driver or rider","Female",49,"A(M)","Dual carriageway",70,NA,"Not a Pedestrian","Not a Pedestrian",443460,438470,"E01011309",2,"Not at junction or within 20 metres","Daylight","Fine no high winds","Dry","Car occupant"
"11839","2018135C90697",2018-12-09,2018,"Dec",9,"12:14",12,14,"Sunday","Slight",4,"Slight","Car occupant","Passenger","Female",74,"A(M)","Dual carriageway",70,NA,"Not a Pedestrian","Not a Pedestrian",443460,438470,"E01011309",2,"Not at junction or within 20 metres","Daylight","Fine no high winds","Dry","Car occupant"
"11840","2018135C90697",2018-12-09,2018,"Dec",9,"12:14",12,14,"Sunday","Slight",4,"Slight","Car occupant","Passenger","Female",51,"A(M)","Dual carriageway",70,NA,"Not a Pedestrian","Not a Pedestrian",443460,438470,"E01011309",2,"Not at junction or within 20 metres","Daylight","Fine no high winds","Dry","Car occupant"
"11841","2018135C90757",2018-12-09,2018,"Dec",9,"12:53",12,53,"Sunday","Serious",1,"Serious","Car occupant","Driver or rider","Male",78,"Unclassified","Single carriageway",30,"Unclassified","Not a Pedestrian","Not a Pedestrian",415909,442022,"E01011270",3,"Crossroads","Daylight","Fine no high winds","Wet or damp","Car occupant"
"11842","2018135C90864",2018-12-09,2018,"Dec",9,"14:00",14,0,"Sunday","Slight",1,"Slight","Motorcycle 125cc and under rider or passenger","Driver or rider","Male",27,"A","Single carriageway",30,"A","Not a Pedestrian","Not a Pedestrian",424929,427640,"E01011530",2,"Crossroads","Daylight","Fine no high winds","Wet or damp","Motorcyclist and pillion"
"11843","2018135C91441",2018-12-09,2018,"Dec",9,"18:30",18,30,"Sunday","Serious",1,"Serious","Cyclist","Driver or rider","Male",43,"Unclassified","Single carriageway",60,NA,"Not a Pedestrian","Not a Pedestrian",419954,446142,"E01011583",2,"Not at junction or within 20 metres","Darkness - no lighting","Fine no high winds","Dry","Cyclist"
"11844","2018135CA1058",2018-12-10,2018,"Dec",10,"12:35",12,35,"Monday","Slight",1,"Slight","Cyclist","Driver or rider","Female",33,"Unclassified","Single carriageway",30,"Unclassified","Not a Pedestrian","Not a Pedestrian",424581,434665,"E01011336",3,"T or staggered junction","Daylight","Fine no high winds","Wet or damp","Cyclist"
"11845","2018135CA1324",2018-12-10,2018,"Dec",10,"16:20",16,20,"Monday","Slight",2,"Slight","Car occupant","Driver or rider","Male",74,"Motorway","Dual carriageway",70,NA,"Not a Pedestrian","Not a Pedestrian",431842,426340,"E01011499",2,"Not at junction or within 20 metres","Darkness - lights lit","Fine no high winds","Dry","Car occupant"
"11846","2018135CA1324",2018-12-10,2018,"Dec",10,"16:20",16,20,"Monday","Slight",2,"Slight","Car occupant","Driver or rider","Male",22,"Motorway","Dual carriageway",70,NA,"Not a Pedestrian","Not a Pedestrian",431842,426340,"E01011499",2,"Not at junction or within 20 metres","Darkness - lights lit","Fine no high winds","Dry","Car occupant"
"11847","2018135CA1436",2018-12-10,2018,"Dec",10,"17:12",17,12,"Monday","Slight",1,"Slight","Pedestrian","Pedestrian","Male",7,"Unclassified","Unknown",30,NA,"In carriageway, crossing elsewhere","Crossing from offside - masked by  parked or stationary vehicle",431128,434877,"E01033031",1,"Not at junction or within 20 metres","Darkness - lights lit","Fine no high winds","Wet or damp","Pedestrian"
"11848","2018135CA1491",2018-12-10,2018,"Dec",10,"17:35",17,35,"Monday","Slight",3,"Slight","Car occupant","Driver or rider","Female",39,"Unclassified","Roundabout",30,"Unclassified","Not a Pedestrian","Not a Pedestrian",431593,434016,"E01033031",2,"Mini-roundabout","Darkness - lights lit","Fine no high winds","Dry","Car occupant"
"11849","2018135CA1491",2018-12-10,2018,"Dec",10,"17:35",17,35,"Monday","Slight",3,"Slight","Car occupant","Driver or rider","Female",30,"Unclassified","Roundabout",30,"Unclassified","Not a Pedestrian","Not a Pedestrian",431593,434016,"E01033031",2,"Mini-roundabout","Darkness - lights lit","Fine no high winds","Dry","Car occupant"
"11850","2018135CA1491",2018-12-10,2018,"Dec",10,"17:35",17,35,"Monday","Slight",3,"Slight","Car occupant","Passenger","Female",5,"Unclassified","Roundabout",30,"Unclassified","Not a Pedestrian","Not a Pedestrian",431593,434016,"E01033031",2,"Mini-roundabout","Darkness - lights lit","Fine no high winds","Dry","Car occupant"
"11851","2018135CB0204",2018-12-11,2018,"Dec",11,"05:48",5,48,"Tuesday","Slight",1,"Slight","Pedestrian","Pedestrian","Female",20,"Unclassified","Single carriageway",30,"Unclassified","Crossing on pedestrian crossing facility","Crossing from driver's offside",428035,435100,"E01011446",1,"T or staggered junction","Darkness - lights lit","Fine no high winds","Dry","Pedestrian"
"11852","2018135CB0226",2018-12-11,2018,"Dec",11,"06:35",6,35,"Tuesday","Slight",1,"Slight","Car occupant","Driver or rider","Male",45,"Motorway","Dual carriageway",70,NA,"Not a Pedestrian","Not a Pedestrian",432944,425953,"E01011500",4,"Not at junction or within 20 metres","Darkness - no lighting","Fine no high winds","Wet or damp","Car occupant"
"11853","2018135CB0273",2018-12-11,2018,"Dec",11,"07:35",7,35,"Tuesday","Slight",1,"Slight","Car occupant","Driver or rider","Male",38,"Motorway","Dual carriageway",70,NA,"Not a Pedestrian","Not a Pedestrian",424997,426936,"E01011534",3,"Not at junction or within 20 metres","Daylight","Fine no high winds","Dry","Car occupant"
"11854","2018135CB0323",2018-12-11,2018,"Dec",11,"08:15",8,15,"Tuesday","Slight",1,"Slight","Cyclist","Driver or rider","Male",34,"B","Single carriageway",30,NA,"Not a Pedestrian","Not a Pedestrian",425044,436070,"E01011326",4,"Not at junction or within 20 metres","Daylight","Fine no high winds","Dry","Cyclist"
"11855","2018135CB0325",2018-12-11,2018,"Dec",11,"08:15",8,15,"Tuesday","Slight",1,"Slight","Pedestrian","Pedestrian","Male",12,"Unclassified","Single carriageway",30,NA,"Crossing on pedestrian crossing facility","Crossing from driver's nearside",431727,432860,"E01011626",1,"Not at junction or within 20 metres","Daylight","Fine no high winds","Dry","Pedestrian"
"11856","2018135CB0345",2018-12-11,2018,"Dec",11,"08:30",8,30,"Tuesday","Slight",1,"Slight","Car occupant","Passenger","Male",49,"A","Single carriageway",30,NA,"Not a Pedestrian","Not a Pedestrian",428688,429646,"E01011321",2,"Not at junction or within 20 metres","Daylight","Fine no high winds","Wet or damp","Car occupant"
"11857","20181359T0399",2018-12-11,2018,"Dec",11,"08:51",8,51,"Tuesday","Slight",2,"Slight","Car occupant","Passenger","Female",8,"A","Single carriageway",30,"Unclassified","Not a Pedestrian","Not a Pedestrian",434713,428186,"E01011636",2,"Other junction","Daylight","Fine no high winds","Dry","Car occupant"
"11858","20181359T0399",2018-12-11,2018,"Dec",11,"08:51",8,51,"Tuesday","Slight",2,"Slight","Car occupant","Passenger","Female",4,"A","Single carriageway",30,"Unclassified","Not a Pedestrian","Not a Pedestrian",434713,428186,"E01011636",2,"Other junction","Daylight","Fine no high winds","Dry","Car occupant"
"11859","2018135CB0505",2018-12-11,2018,"Dec",11,"09:15",9,15,"Tuesday","Slight",2,"Slight","Taxi/Private hire car occupant","Driver or rider","Male",56,"Unclassified","Dual carriageway",30,"Unclassified","Not a Pedestrian","Not a Pedestrian",428452,429061,"E01011493",2,"T or staggered junction","Daylight","Fine no high winds","Wet or damp","Car occupant"
"11860","2018135CB0505",2018-12-11,2018,"Dec",11,"09:15",9,15,"Tuesday","Slight",2,"Slight","Taxi/Private hire car occupant","Passenger","Male",54,"Unclassified","Dual carriageway",30,"Unclassified","Not a Pedestrian","Not a Pedestrian",428452,429061,"E01011493",2,"T or staggered junction","Daylight","Fine no high winds","Wet or damp","Car occupant"
"11861","2018135CC0699",2018-12-11,2018,"Dec",11,"16:52",16,52,"Tuesday","Slight",1,"Slight","Cyclist","Driver or rider","Female",75,"Unclassified","Single carriageway",30,"Unclassified","Not a Pedestrian","Not a Pedestrian",430781,438590,"E01011512",2,"Crossroads","Darkness - lights lit","Raining no high winds","Wet or damp","Cyclist"
"11862","2018135CB1497",2018-12-11,2018,"Dec",11,"17:00",17,0,"Tuesday","Slight",1,"Slight","Car occupant","Driver or rider","Female",31,"A","Single carriageway",40,"Unclassified","Not a Pedestrian","Not a Pedestrian",435177,437621,"E01011657",2,"T or staggered junction","Darkness - lights lit","Fine no high winds","Dry","Car occupant"